;Electricity_2045;CO2_2045;Oil_2045;Gas_2045;Biomass_2045;Hydrogen_2045;Synthetic_fuel_2045;Hard_coal_2045;Brown_coal_2045
0;107,4101;0,1515;26,262;12,4355;35,6;100;190;10000000;10000000
1;106,084;0,1515;26,262;12,4355;35,6;100;190;10000000;10000000
2;107,4101;0,1515;26,2619;12,4355;35,6;100;190;10000000;10000000
3;108,1345;0,1515;26,2619;12,4355;35,6;100;190;10000000;10000000
4;130,5069;0,1515;26,2619;12,4355;35,6;100;190;10000000;10000000
5;118,7664;0,1515;26,2619;12,4355;35,6;100;190;10000000;10000000
6;130,5069;0,1515;26,2619;12,4355;35,6;100;190;10000000;10000000
7;106,084;0,1515;26,2619;12,4355;35,6;100;190;10000000;10000000
8;130,5069;0,1515;26,2618;12,4355;35,6;100;190;10000000;10000000
9;130,5069;0,1515;26,2618;12,4355;35,6;100;190;10000000;10000000
10;130,6247;0,1515;26,2618;12,4355;35,6;100;190;10000000;10000000
11;130,6247;0,1515;26,2618;12,4355;35,6;100;190;10000000;10000000
12;130,6247;0,1515;26,2618;12,4355;35,6;100;190;10000000;10000000
13;130,6247;0,1515;26,2618;12,4355;35,6;100;190;10000000;10000000
14;133,5451;0,1515;26,2617;12,4355;35,6;100;190;10000000;10000000
15;133,5451;0,1515;26,2617;12,4355;35,6;100;190;10000000;10000000
16;136,1812;0,1515;26,2617;12,4355;35,6;100;190;10000000;10000000
17;139,0021;0,1515;26,2617;12,4355;35,6;100;190;10000000;10000000
18;139,0145;0,1515;26,2617;12,4355;35,6;100;190;10000000;10000000
19;142,3712;0,1515;26,2617;12,4355;35,6;100;190;10000000;10000000
20;142,3712;0,1515;26,2616;12,4355;35,6;100;190;10000000;10000000
21;136,1812;0,1515;26,2616;12,4356;35,6;100;190;10000000;10000000
22;136,1812;0,1515;26,2616;12,4356;35,6;100;190;10000000;10000000
23;137,519;0,1515;26,2616;12,4356;35,6;100;190;10000000;10000000
24;137,544;0,1515;26,2616;12,4356;35,6;100;190;10000000;10000000
25;139,0193;0,1515;26,2616;12,4356;35,6;100;190;10000000;10000000
26;139,0193;0,1515;26,2615;12,4356;35,6;100;190;10000000;10000000
27;140,4152;0,1515;26,2615;12,4356;35,6;100;190;10000000;10000000
28;130,6292;0,1515;26,2615;12,4356;35,6;100;190;10000000;10000000
29;142,3761;0,1515;26,2615;12,4356;35,6;100;190;10000000;10000000
30;142,8133;0,1515;26,2615;12,4356;35,6;100;190;10000000;10000000
31;142,8151;0,1515;26,2615;12,4356;35,6;100;190;10000000;10000000
32;142,3761;0,1515;26,2615;12,4356;35,6;100;190;10000000;10000000
33;142,3761;0,1515;26,2614;12,4356;35,6;100;190;10000000;10000000
34;142,2454;0,1515;26,2614;12,4356;35,6;100;190;10000000;10000000
35;142,3761;0,1515;26,2614;12,4356;35,6;100;190;10000000;10000000
36;142,3761;0,1515;26,2614;12,4356;35,6;100;190;10000000;10000000
37;142,3761;0,1515;26,2614;12,4356;35,6;100;190;10000000;10000000
38;141,8746;0,1515;26,2614;12,4356;35,6;100;190;10000000;10000000
39;142,8133;0,1515;26,2613;12,4356;35,6;100;190;10000000;10000000
40;142,8151;0,1515;26,2613;12,4356;35,6;100;190;10000000;10000000
41;146,0773;0,1515;26,2613;12,4356;35,6;100;190;10000000;10000000
42;142,8133;0,1515;26,2613;12,4357;35,6;100;190;10000000;10000000
43;139,0069;0,1515;26,2613;12,4357;35,6;100;190;10000000;10000000
44;142,3761;0,1515;26,2613;12,4357;35,6;100;190;10000000;10000000
45;142,3761;0,1515;26,2612;12,4357;35,6;100;190;10000000;10000000
46;131,2708;0,1515;26,2612;12,4357;35,6;100;190;10000000;10000000
47;130,5114;0,1515;26,2612;12,4357;35,6;100;190;10000000;10000000
48;111,3654;0,1515;26,2612;12,4357;35,6;100;190;10000000;10000000
49;111,3485;0,1515;26,2612;12,4357;35,6;100;190;10000000;10000000
50;100,5473;0,1515;26,2612;12,4357;35,6;100;190;10000000;10000000
51;98,8997;0,1515;26,2611;12,4357;35,6;100;190;10000000;10000000
52;100,0731;0,1515;26,2611;12,4357;35,6;100;190;10000000;10000000
53;109,3556;0,1515;26,2611;12,4357;35,6;100;190;10000000;10000000
54;130,5159;0,1515;26,2611;12,4357;35,6;100;190;10000000;10000000
55;134,7769;0,1515;26,2611;12,4357;35,6;100;190;10000000;10000000
56;100,0731;0,1515;26,2611;12,4357;35,6;100;190;10000000;10000000
57;86,405;0,1515;26,261;12,4357;35,6;100;190;10000000;10000000
58;86,0389;0,1515;26,261;12,4357;35,6;100;190;10000000;10000000
59;86,8899;0,1515;26,261;12,4357;35,6;100;190;10000000;10000000
60;86,7709;0,1515;26,261;12,4357;35,6;100;190;10000000;10000000
61;87,0473;0,1515;26,261;12,4357;35,6;100;190;10000000;10000000
62;88,1994;0,1515;26,261;12,4357;35,6;100;190;10000000;10000000
63;112,2589;0,1515;26,2609;12,4357;35,6;100;190;10000000;10000000
64;125,0951;0,1515;26,2609;12,4358;35,6;100;190;10000000;10000000
65;127,6399;0,1515;26,2609;12,4358;35,6;100;190;10000000;10000000
66;127,6399;0,1515;26,2609;12,4358;35,6;100;190;10000000;10000000
67;125,0951;0,1515;26,2609;12,4358;35,6;100;190;10000000;10000000
68;117,5835;0,1515;26,2609;12,4358;35,6;100;190;10000000;10000000
69;116,7231;0,1515;26,2608;12,4358;35,6;100;190;10000000;10000000
70;96,1891;0,1515;26,2608;12,4358;35,6;100;190;10000000;10000000
71;96,0721;0,1515;26,2608;12,4358;35,6;100;190;10000000;10000000
72;96,1924;0,1515;26,2608;12,4358;35,6;100;190;10000000;10000000
73;98,3577;0,1515;26,2608;12,4358;35,6;100;190;10000000;10000000
74;96,0754;0,1515;26,2608;12,4358;35,6;100;190;10000000;10000000
75;94,3023;0,1515;26,2607;12,4358;35,6;100;190;10000000;10000000
76;96,0754;0,1515;26,2607;12,4358;35,6;100;190;10000000;10000000
77;108,1491;0,1515;26,2607;12,4358;35,6;100;190;10000000;10000000
78;130,6382;0,1515;26,2607;12,4358;35,6;100;190;10000000;10000000
79;131,2798;0,1515;26,2607;12,4358;35,6;100;190;10000000;10000000
80;121,0557;0,1515;26,2607;12,4358;35,6;100;190;10000000;10000000
81;114,4777;0,1515;26,2606;12,4358;35,6;100;190;10000000;10000000
82;108,1491;0,1515;26,2606;12,4358;35,6;100;190;10000000;10000000
83;112,074;0,1515;26,2606;12,4358;35,6;100;190;10000000;10000000
84;117,782;0,1515;26,2606;12,4358;35,6;100;190;10000000;10000000
85;126,7302;0,1515;26,2606;12,4359;35,6;100;190;10000000;10000000
86;130,5204;0,1515;26,2606;12,4359;35,6;100;190;10000000;10000000
87;138,7759;0,1515;26,2605;12,4359;35,6;100;190;10000000;10000000
88;144,2438;0,1515;26,2605;12,4359;35,6;100;190;10000000;10000000
89;142,3859;0,1515;26,2605;12,4359;35,6;100;190;10000000;10000000
90;134,7816;0,1515;26,2605;12,4359;35,6;100;190;10000000;10000000
91;131,5269;0,1515;26,2605;12,4359;35,6;100;190;10000000;10000000
92;130,5204;0,1515;26,2605;12,4359;35,6;100;190;10000000;10000000
93;130,5204;0,1515;26,2604;12,4359;35,6;100;190;10000000;10000000
94;127,6448;0,1515;26,2604;12,4359;35,6;100;190;10000000;10000000
95;108,1491;0,1515;26,2604;12,4359;35,6;100;190;10000000;10000000
96;109,2604;0,1515;26,2604;12,4359;35,6;100;190;10000000;10000000
97;108,1539;0,1515;26,2604;12,4359;35,6;100;190;10000000;10000000
98;103,5296;0,1515;26,2604;12,4359;35,6;100;190;10000000;10000000
99;107,7278;0,1515;26,2603;12,4359;35,6;100;190;10000000;10000000
100;116,6227;0,1515;26,2603;12,4359;35,6;100;190;10000000;10000000
101;130,6427;0,1515;26,2603;12,4359;35,6;100;190;10000000;10000000
102;134,7862;0,1515;26,2603;12,4359;35,6;100;190;10000000;10000000
103;137,6237;0,1515;26,2603;12,4359;35,6;100;190;10000000;10000000
104;138,2764;0,1515;26,2603;12,4359;35,6;100;190;10000000;10000000
105;131,0062;0,1515;26,2602;12,4359;35,6;100;190;10000000;10000000
106;119,7429;0,1515;26,2602;12,4359;35,6;100;190;10000000;10000000
107;130,5249;0,1515;26,2602;12,436;35,6;100;190;10000000;10000000
108;132,4011;0,1515;26,2602;12,436;35,6;100;190;10000000;10000000
109;130,5249;0,1515;26,2602;12,436;35,6;100;190;10000000;10000000
110;130,776;0,1515;26,2602;12,436;35,6;100;190;10000000;10000000
111;142,2289;0,1515;26,2601;12,436;35,6;100;190;10000000;10000000
112;146,1877;0,1515;26,2601;12,436;35,6;100;190;10000000;10000000
113;146,4862;0,1515;26,2601;12,436;35,6;100;190;10000000;10000000
114;145,3031;0,1515;26,2601;12,436;35,6;100;190;10000000;10000000
115;142,2289;0,1515;26,2601;12,436;35,6;100;190;10000000;10000000
116;137,6237;0,1515;26,2601;12,436;35,6;100;190;10000000;10000000
117;138,2764;0,1515;26,26;12,436;35,6;100;190;10000000;10000000
118;130,5249;0,1515;26,26;12,436;35,6;100;190;10000000;10000000
119;110,6927;0,1515;26,26;12,436;35,6;100;190;10000000;10000000
120;105,1784;0,1515;26,26;12,436;35,6;100;190;10000000;10000000
121;106,1023;0,1515;26,26;12,436;35,6;100;190;10000000;10000000
122;99,1366;0,1515;26,26;12,436;35,6;100;190;10000000;10000000
123;96,082;0,1515;26,2599;12,436;35,6;100;190;10000000;10000000
124;100,2772;0,1515;26,2599;12,436;35,6;100;190;10000000;10000000
125;108,1345;0,1515;26,2599;12,436;35,6;100;190;10000000;10000000
126;130,5294;0,1515;26,2599;12,436;35,6;100;190;10000000;10000000
127;135,6523;0,1515;26,2599;12,436;35,6;100;190;10000000;10000000
128;124,7;0,1515;26,2599;12,4361;35,6;100;190;10000000;10000000
129;101,8066;0,1515;26,2598;12,4361;35,6;100;190;10000000;10000000
130;90,1845;0,1515;26,2598;12,4361;35,6;100;190;10000000;10000000
131;89,0862;0,1515;26,2598;12,4361;35,6;100;190;10000000;10000000
132;90,1845;0,1515;26,2598;12,4361;35,6;100;190;10000000;10000000
133;92,9246;0,1515;26,2598;12,4361;35,6;100;190;10000000;10000000
134;99,1366;0,1515;26,2598;12,4361;35,6;100;190;10000000;10000000
135;111,3052;0,1515;26,2597;12,4361;35,6;100;190;10000000;10000000
136;132,7257;0,1515;26,2597;12,4361;35,6;100;190;10000000;10000000
137;134,2804;0,1515;26,2597;12,4361;35,6;100;190;10000000;10000000
138;130,5294;0,1515;26,2597;12,4361;35,6;100;190;10000000;10000000
139;117,7247;0,1515;26,2597;12,4361;35,6;100;190;10000000;10000000
140;90,1845;0,1515;26,2597;12,4361;35,6;100;190;10000000;10000000
141;86,9187;0,1515;26,2596;12,4361;35,6;100;190;10000000;10000000
142;85,4375;0,1515;26,2596;12,4361;35,6;100;190;10000000;10000000
143;85,4375;0,1515;26,2596;12,4361;35,6;100;190;10000000;10000000
144;85,6541;0,1515;26,2596;12,4361;35,6;100;190;10000000;10000000
145;86,4169;0,1515;26,2596;12,4361;35,6;100;190;10000000;10000000
146;86,0508;0,1515;26,2596;12,4361;35,6;100;190;10000000;10000000
147;86,9657;0,1515;26,2595;12,4361;35,6;100;190;10000000;10000000
148;89,8397;0,1515;26,2595;12,4361;35,6;100;190;10000000;10000000
149;89,8397;0,1515;26,2595;12,4361;35,6;100;190;10000000;10000000
150;96,0853;0,1515;26,2595;12,4362;35,6;100;190;10000000;10000000
151;91,2362;0,1515;26,2595;12,4362;35,6;100;190;10000000;10000000
152;96,0853;0,1515;26,2595;12,4362;35,6;100;190;10000000;10000000
153;90,1876;0,1515;26,2594;12,4362;35,6;100;190;10000000;10000000
154;94,9344;0,1515;26,2594;12,4362;35,6;100;190;10000000;10000000
155;90,1876;0,1515;26,2594;12,4362;35,6;100;190;10000000;10000000
156;90,1876;0,1515;26,2594;12,4362;35,6;100;190;10000000;10000000
157;90,1876;0,1515;26,2594;12,4362;35,6;100;190;10000000;10000000
158;99,2021;0,1515;26,2594;12,4362;35,6;100;190;10000000;10000000
159;106,106;0,1515;26,2593;12,4362;35,6;100;190;10000000;10000000
160;124,7467;0,1515;26,2593;12,4362;35,6;100;190;10000000;10000000
161;130,8973;0,1515;26,2593;12,4362;35,6;100;190;10000000;10000000
162;130,5339;0,1515;26,2593;12,4362;35,6;100;190;10000000;10000000
163;130,5339;0,1515;26,2593;12,4362;35,6;100;190;10000000;10000000
164;130,5091;0,1515;26,2593;12,4362;35,6;100;190;10000000;10000000
165;130,5339;0,1515;26,2592;12,4362;35,6;100;190;10000000;10000000
166;126,5472;0,1515;26,2592;12,4362;35,6;100;190;10000000;10000000
167;111,3639;0,1515;26,2592;12,4362;35,6;100;190;10000000;10000000
168;111,3677;0,1515;26,2592;12,4362;35,6;100;190;10000000;10000000
169;106,1096;0,1515;26,2592;12,4362;35,6;100;190;10000000;10000000
170;106,1096;0,1515;26,2592;12,4362;35,6;100;190;10000000;10000000
171;96,0886;0,1515;26,2591;12,4363;35,6;100;190;10000000;10000000
172;88,9008;0,1515;26,2591;12,4363;35,6;100;190;10000000;10000000
173;86,4199;0,1515;26,2591;12,4363;35,6;100;190;10000000;10000000
174;86,6789;0,1515;26,2591;12,4363;35,6;100;190;10000000;10000000
175;86,9247;0,1515;26,2591;12,4363;35,6;100;190;10000000;10000000
176;86,6789;0,1515;26,2591;12,4363;35,6;100;190;10000000;10000000
177;85,4433;0,1515;26,259;12,4363;35,6;100;190;10000000;10000000
178;85,4433;0,1515;26,259;12,4363;35,6;100;190;10000000;10000000
179;85,6571;0,1515;26,259;12,4363;35,6;100;190;10000000;10000000
180;85,4433;0,1515;26,259;12,4363;35,6;100;190;10000000;10000000
181;85,4433;0,1515;26,259;12,4363;35,6;100;190;10000000;10000000
182;85,6571;0,1515;26,259;12,4363;35,6;100;190;10000000;10000000
183;87,1565;0,1515;26,2589;12,4363;35,6;100;190;10000000;10000000
184;129,1542;0,1515;26,2589;12,4363;35,6;100;190;10000000;10000000
185;130,5384;0,1515;26,2589;12,4363;35,6;100;190;10000000;10000000
186;129,1542;0,1515;26,2589;12,4363;35,6;100;190;10000000;10000000
187;130,5384;0,1515;26,2589;12,4363;35,6;100;190;10000000;10000000
188;115,2871;0,1515;26,2589;12,4363;35,6;100;190;10000000;10000000
189;123,9162;0,1515;26,2588;12,4363;35,6;100;190;10000000;10000000
190;118,3677;0,1515;26,2588;12,4363;35,6;100;190;10000000;10000000
191;108,1684;0,1515;26,2588;12,4363;35,6;100;190;10000000;10000000
192;109,3783;0,1515;26,2588;12,4364;35,6;100;190;10000000;10000000
193;117,9627;0,1515;26,2588;12,4364;35,6;100;190;10000000;10000000
194;125,0944;0,1515;26,2588;12,4364;35,6;100;190;10000000;10000000
195;125,0944;0,1515;26,2588;12,4364;35,6;100;190;10000000;10000000
196;130,5429;0,1515;26,2587;12,4364;35,6;100;190;10000000;10000000
197;134,8048;0,1515;26,2587;12,4364;35,6;100;190;10000000;10000000
198;142,4105;0,1515;26,2587;12,4364;35,6;100;190;10000000;10000000
199;142,4105;0,1515;26,2587;12,4364;35,6;100;190;10000000;10000000
200;141,7305;0,1515;26,2587;12,4364;35,6;100;190;10000000;10000000
201;139,8333;0,1515;26,2587;12,4364;35,6;100;190;10000000;10000000
202;134,8048;0,1515;26,2586;12,4364;35,6;100;190;10000000;10000000
203;136,1842;0,1515;26,2586;12,4364;35,6;100;190;10000000;10000000
204;136,7233;0,1515;26,2586;12,4364;35,6;100;190;10000000;10000000
205;137,6427;0,1515;26,2586;12,4364;35,6;100;190;10000000;10000000
206;140,3337;0,1515;26,2586;12,4364;35,6;100;190;10000000;10000000
207;148,684;0,1515;26,2586;12,4364;35,6;100;190;10000000;10000000
208;176,0844;0,1515;26,2585;12,4364;35,6;100;190;10000000;10000000
209;176,0844;0,1515;26,2585;12,4364;35,6;100;190;10000000;10000000
210;176,0844;0,1515;26,2585;12,4364;35,6;100;190;10000000;10000000
211;150,7102;0,1515;26,2585;12,4364;35,6;100;190;10000000;10000000
212;146,5064;0,1515;26,2585;12,4364;35,6;100;190;10000000;10000000
213;145,8166;0,1515;26,2585;12,4364;35,6;100;190;10000000;10000000
214;142,5967;0,1515;26,2584;12,4365;35,6;100;190;10000000;10000000
215;136,2187;0,1515;26,2584;12,4365;35,6;100;190;10000000;10000000
216;136,6137;0,1515;26,2584;12,4365;35,6;100;190;10000000;10000000
217;136,2234;0,1515;26,2584;12,4365;35,6;100;190;10000000;10000000
218;134,1818;0,1515;26,2584;12,4365;35,6;100;190;10000000;10000000
219;134,8094;0,1515;26,2584;12,4365;35,6;100;190;10000000;10000000
220;137,6475;0,1515;26,2583;12,4365;35,6;100;190;10000000;10000000
221;146,2129;0,1515;26,2583;12,4365;35,6;100;190;10000000;10000000
222;176,0883;0,1515;26,2583;12,4365;35,6;100;190;10000000;10000000
223;152,8735;0,1515;26,2583;12,4365;35,6;100;190;10000000;10000000
224;142,4154;0,1516;26,2583;12,4365;35,6;100;190;10000000;10000000
225;135,671;0,1516;26,2583;12,4365;35,6;100;190;10000000;10000000
226;124,8162;0,1516;26,2582;12,4365;35,6;100;190;10000000;10000000
227;123,1167;0,1516;26,2582;12,4365;35,6;100;190;10000000;10000000
228;117,8064;0,1516;26,2582;12,4365;35,6;100;190;10000000;10000000
229;117,393;0,1516;26,2582;12,4365;35,6;100;190;10000000;10000000
230;129,1631;0,1516;26,2582;12,4365;35,6;100;190;10000000;10000000
231;142,3941;0,1516;26,2582;12,4365;35,6;100;190;10000000;10000000
232;144,2737;0,1516;26,2581;12,4365;35,6;100;190;10000000;10000000
233;142,4154;0,1516;26,2581;12,4365;35,6;100;190;10000000;10000000
234;142,2534;0,1516;26,2581;12,4365;35,6;100;190;10000000;10000000
235;131,307;0,1516;26,2581;12,4366;35,6;100;190;10000000;10000000
236;129,1631;0,1516;26,2581;12,4366;35,6;100;190;10000000;10000000
237;108,1781;0,1516;26,2581;12,4366;35,6;100;190;10000000;10000000
238;86,4258;0,1516;26,258;12,4366;35,6;100;190;10000000;10000000
239;85,0728;0,1516;26,258;12,4366;35,6;100;190;10000000;10000000
240;82,2327;0,1516;26,258;12,4366;35,6;100;190;10000000;10000000
241;81,2585;0,1516;26,258;12,4366;35,6;100;190;10000000;10000000
242;81,2585;0,1516;26,258;12,4366;35,6;100;190;10000000;10000000
243;81,2585;0,1516;26,258;12,4366;35,6;100;190;10000000;10000000
244;81,1259;0,1516;26,2579;12,4366;35,6;100;190;10000000;10000000
245;81,8323;0,1516;26,2579;12,4366;35,6;100;190;10000000;10000000
246;82,2327;0,1516;26,2579;12,4366;35,6;100;190;10000000;10000000
247;82,2327;0,1516;26,2579;12,4366;35,6;100;190;10000000;10000000
248;78,3312;0,1516;26,2579;12,4366;35,6;100;190;10000000;10000000
249;61,0373;0,1516;26,2579;12,4366;35,6;100;190;10000000;10000000
250;61,0373;0,1516;26,2578;12,4366;35,6;100;190;10000000;10000000
251;61,0373;0,1516;26,2578;12,4366;35,6;100;190;10000000;10000000
252;61,0373;0,1516;26,2578;12,4366;35,6;100;190;10000000;10000000
253;61,0373;0,1516;26,2578;12,4366;35,6;100;190;10000000;10000000
254;61,0373;0,1516;26,2578;12,4366;35,6;100;190;10000000;10000000
255;61,0373;0,1516;26,2578;12,4366;35,6;100;190;10000000;10000000
256;61,0373;0,1516;26,2577;12,4366;35,6;100;190;10000000;10000000
257;62,2713;0,1516;26,2577;12,4367;35,6;100;190;10000000;10000000
258;61,3488;0,1516;26,2577;12,4367;35,6;100;190;10000000;10000000
259;61,0373;0,1516;26,2577;12,4367;35,6;100;190;10000000;10000000
260;61,0373;0,1516;26,2577;12,4367;35,6;100;190;10000000;10000000
261;61,0373;0,1516;26,2577;12,4367;35,6;100;190;10000000;10000000
262;61,0373;0,1516;26,2576;12,4367;35,6;100;190;10000000;10000000
263;61,0373;0,1516;26,2576;12,4367;35,6;100;190;10000000;10000000
264;61,0394;0,1516;26,2576;12,4367;35,6;100;190;10000000;10000000
265;61,0394;0,1516;26,2576;12,4367;35,6;100;190;10000000;10000000
266;61,0394;0,1516;26,2576;12,4367;35,6;100;190;10000000;10000000
267;61,0394;0,1516;26,2576;12,4367;35,6;100;190;10000000;10000000
268;61,0394;0,1516;26,2575;12,4367;35,6;100;190;10000000;10000000
269;61,0394;0,1516;26,2575;12,4367;35,6;100;190;10000000;10000000
270;61,0394;0,1516;26,2575;12,4367;35,6;100;190;10000000;10000000
271;47,8939;0,1516;26,2575;12,4367;35,6;100;190;10000000;10000000
272;44,4387;0,1516;26,2575;12,4367;35,6;100;190;10000000;10000000
273;57,1637;0,1516;26,2575;12,4367;35,6;100;190;10000000;10000000
274;61,0394;0,1516;26,2574;12,4367;35,6;100;190;10000000;10000000
275;61,0394;0,1516;26,2574;12,4367;35,6;100;190;10000000;10000000
276;61,0394;0,1516;26,2574;12,4367;35,6;100;190;10000000;10000000
277;61,0394;0,1516;26,2574;12,4367;35,6;100;190;10000000;10000000
278;61,0394;0,1516;26,2574;12,4368;35,6;100;190;10000000;10000000
279;61,0394;0,1516;26,2574;12,4368;35,6;100;190;10000000;10000000
280;61,7986;0,1516;26,2573;12,4368;35,6;100;190;10000000;10000000
281;61,7986;0,1516;26,2573;12,4368;35,6;100;190;10000000;10000000
282;61,7986;0,1516;26,2573;12,4368;35,6;100;190;10000000;10000000
283;78,3339;0,1516;26,2573;12,4368;35,6;100;190;10000000;10000000
284;62,2881;0,1516;26,2573;12,4368;35,6;100;190;10000000;10000000
285;78,3339;0,1516;26,2573;12,4368;35,6;100;190;10000000;10000000
286;78,3339;0,1516;26,2572;12,4368;35,6;100;190;10000000;10000000
287;78,3339;0,1516;26,2572;12,4368;35,6;100;190;10000000;10000000
288;78,3366;0,1516;26,2572;12,4368;35,6;100;190;10000000;10000000
289;78,7302;0,1516;26,2572;12,4368;35,6;100;190;10000000;10000000
290;78,5831;0,1516;26,2572;12,4368;35,6;100;190;10000000;10000000
291;80,6087;0,1516;26,2572;12,4368;35,6;100;190;10000000;10000000
292;81,7114;0,1516;26,2571;12,4368;35,6;100;190;10000000;10000000
293;82,3151;0,1516;26,2571;12,4368;35,6;100;190;10000000;10000000
294;83,9154;0,1516;26,2571;12,4368;35,6;100;190;10000000;10000000
295;85,4581;0,1516;26,2571;12,4368;35,6;100;190;10000000;10000000
296;86,2437;0,1516;26,2571;12,4368;35,6;100;190;10000000;10000000
297;86,8008;0,1516;26,2571;12,4368;35,6;100;190;10000000;10000000
298;88,9387;0,1516;26,257;12,4368;35,6;100;190;10000000;10000000
299;96,1052;0,1516;26,257;12,4369;35,6;100;190;10000000;10000000
300;93,6253;0,1516;26,257;12,4369;35,6;100;190;10000000;10000000
301;98,1745;0,1516;26,257;12,4369;35,6;100;190;10000000;10000000
302;108,1345;0,1516;26,257;12,4369;35,6;100;190;10000000;10000000
303;129,1765;0,1516;26,257;12,4369;35,6;100;190;10000000;10000000
304;137,6617;0,1516;26,2569;12,4369;35,6;100;190;10000000;10000000
305;134,3128;0,1516;26,2569;12,4369;35,6;100;190;10000000;10000000
306;138,4957;0,1516;26,2569;12,4369;35,6;100;190;10000000;10000000
307;134,8234;0,1516;26,2569;12,4369;35,6;100;190;10000000;10000000
308;130,9244;0,1516;26,2569;12,4369;35,6;100;190;10000000;10000000
309;130,5609;0,1516;26,2569;12,4369;35,6;100;190;10000000;10000000
310;130,5609;0,1516;26,2568;12,4369;35,6;100;190;10000000;10000000
311;130,5609;0,1516;26,2568;12,4369;35,6;100;190;10000000;10000000
312;130,5654;0,1516;26,2568;12,4369;35,6;100;190;10000000;10000000
313;130,0167;0,1516;26,2568;12,4369;35,6;100;190;10000000;10000000
314;130,5654;0,1516;26,2568;12,4369;35,6;100;190;10000000;10000000
315;130,6832;0,1516;26,2568;12,4369;35,6;100;190;10000000;10000000
316;130,6832;0,1516;26,2567;12,4369;35,6;100;190;10000000;10000000
317;130,5654;0,1516;26,2567;12,4369;35,6;100;190;10000000;10000000
318;130,6832;0,1516;26,2567;12,4369;35,6;100;190;10000000;10000000
319;130,6832;0,1516;26,2567;12,4369;35,6;100;190;10000000;10000000
320;130,6832;0,1516;26,2567;12,4369;35,6;100;190;10000000;10000000
321;133,605;0,1516;26,2567;12,437;35,6;100;190;10000000;10000000
322;133,605;0,1516;26,2566;12,437;35,6;100;190;10000000;10000000
323;130,5654;0,1516;26,2566;12,437;35,6;100;190;10000000;10000000
324;130,5654;0,1516;26,2566;12,437;35,6;100;190;10000000;10000000
325;130,5654;0,1516;26,2566;12,437;35,6;100;190;10000000;10000000
326;130,5654;0,1516;26,2566;12,437;35,6;100;190;10000000;10000000
327;130,5654;0,1516;26,2566;12,437;35,6;100;190;10000000;10000000
328;142,435;0,1516;26,2565;12,437;35,6;100;190;10000000;10000000
329;142,8742;0,1516;26,2565;12,437;35,6;100;190;10000000;10000000
330;142,435;0,1516;26,2565;12,437;35,6;100;190;10000000;10000000
331;142,435;0,1516;26,2565;12,437;35,6;100;190;10000000;10000000
332;132,9577;0,1516;26,2565;12,437;35,6;100;190;10000000;10000000
333;130,5654;0,1516;26,2565;12,437;35,6;100;190;10000000;10000000
334;119,0484;0,1516;26,2564;12,437;35,6;100;190;10000000;10000000
335;130,5654;0,1516;26,2564;12,437;35,6;100;190;10000000;10000000
336;106,1353;0,1516;26,2564;12,437;35,6;100;190;10000000;10000000
337;109,934;0,1516;26,2564;12,437;35,6;100;190;10000000;10000000
338;104,7809;0,1516;26,2564;12,437;35,6;100;190;10000000;10000000
339;109,934;0,1516;26,2564;12,437;35,6;100;190;10000000;10000000
340;101,8382;0,1516;26,2563;12,437;35,6;100;190;10000000;10000000
341;103,5653;0,1516;26,2563;12,437;35,6;100;190;10000000;10000000
342;94,9606;0,1516;26,2563;12,4371;35,6;100;190;10000000;10000000
343;109,934;0,1516;26,2563;12,4371;35,6;100;190;10000000;10000000
344;120,2403;0,1516;26,2563;12,4371;35,6;100;190;10000000;10000000
345;109,934;0,1516;26,2563;12,4371;35,6;100;190;10000000;10000000
346;104,7809;0,1516;26,2562;12,4371;35,6;100;190;10000000;10000000
347;104,7809;0,1516;26,2562;12,4371;35,6;100;190;10000000;10000000
348;104,7809;0,1516;26,2562;12,4371;35,6;100;190;10000000;10000000
349;104,7809;0,1516;26,2562;12,4371;35,6;100;190;10000000;10000000
350;106,3624;0,1516;26,2562;12,4371;35,6;100;190;10000000;10000000
351;119,1021;0,1516;26,2562;12,4371;35,6;100;190;10000000;10000000
352;130,5699;0,1516;26,2561;12,4371;35,6;100;190;10000000;10000000
353;130,5699;0,1516;26,2561;12,4371;35,6;100;190;10000000;10000000
354;130,5699;0,1516;26,2561;12,4371;35,6;100;190;10000000;10000000
355;130,5699;0,1516;26,2561;12,4371;35,6;100;190;10000000;10000000
356;129,1854;0,1516;26,2561;12,4371;35,6;100;190;10000000;10000000
357;109,4009;0,1516;26,2561;12,4371;35,6;100;190;10000000;10000000
358;109,2981;0,1516;26,256;12,4371;35,6;100;190;10000000;10000000
359;93,9714;0,1516;26,256;12,4371;35,6;100;190;10000000;10000000
360;90,2156;0,1516;26,256;12,4371;35,6;100;190;10000000;10000000
361;89,117;0,1516;26,256;12,4371;35,6;100;190;10000000;10000000
362;90,2156;0,1516;26,256;12,4371;35,6;100;190;10000000;10000000
363;89,117;0,1516;26,256;12,4371;35,6;100;190;10000000;10000000
364;88,9479;0,1516;26,256;12,4372;35,6;100;190;10000000;10000000
365;101,8234;0,1516;26,2559;12,4372;35,6;100;190;10000000;10000000
366;129,1899;0,1516;26,2559;12,4372;35,6;100;190;10000000;10000000
367;129,1899;0,1516;26,2559;12,4372;35,6;100;190;10000000;10000000
368;95,0524;0,1516;26,2559;12,4372;35,6;100;190;10000000;10000000
369;90,1799;0,1516;26,2559;12,4372;35,6;100;190;10000000;10000000
370;88,8183;0,1516;26,2559;12,4372;35,6;100;190;10000000;10000000
371;86,0167;0,1516;26,2558;12,4372;35,6;100;190;10000000;10000000
372;85,8837;0,1516;26,2558;12,4372;35,6;100;190;10000000;10000000
373;85,6807;0,1516;26,2558;12,4372;35,6;100;190;10000000;10000000
374;86,8079;0,1516;26,2558;12,4372;35,6;100;190;10000000;10000000
375;103,0428;0,1516;26,2558;12,4372;35,6;100;190;10000000;10000000
376;129,1899;0,1516;26,2558;12,4372;35,6;100;190;10000000;10000000
377;130,5744;0,1516;26,2557;12,4372;35,6;100;190;10000000;10000000
378;127,7043;0,1516;26,2557;12,4372;35,6;100;190;10000000;10000000
379;114,525;0,1516;26,2557;12,4372;35,6;100;190;10000000;10000000
380;96,2322;0,1516;26,2557;12,4372;35,6;100;190;10000000;10000000
381;88,2389;0,1516;26,2557;12,4372;35,6;100;190;10000000;10000000
382;86,9487;0,1516;26,2557;12,4372;35,6;100;190;10000000;10000000
383;84,4641;0,1516;26,2556;12,4372;35,6;100;190;10000000;10000000
384;85,4699;0,1516;26,2556;12,4372;35,6;100;190;10000000;10000000
385;85,4699;0,1516;26,2556;12,4373;35,6;100;190;10000000;10000000
386;85,4699;0,1516;26,2556;12,4373;35,6;100;190;10000000;10000000
387;85,4699;0,1516;26,2556;12,4373;35,6;100;190;10000000;10000000
388;85,4699;0,1516;26,2556;12,4373;35,6;100;190;10000000;10000000
389;86,8128;0,1516;26,2555;12,4373;35,6;100;190;10000000;10000000
390;88,951;0,1516;26,2555;12,4373;35,6;100;190;10000000;10000000
391;87,1836;0,1516;26,2555;12,4373;35,6;100;190;10000000;10000000
392;85,0805;0,1516;26,2555;12,4373;35,6;100;190;10000000;10000000
393;83,927;0,1516;26,2555;12,4373;35,6;100;190;10000000;10000000
394;80,521;0,1516;26,2555;12,4373;35,6;100;190;10000000;10000000
395;81,1427;0,1516;26,2554;12,4373;35,6;100;190;10000000;10000000
396;81,2066;0,1516;26,2554;12,4373;35,6;100;190;10000000;10000000
397;81,8493;0,1516;26,2554;12,4373;35,6;100;190;10000000;10000000
398;79,7449;0,1516;26,2554;12,4373;35,6;100;190;10000000;10000000
399;83,7408;0,1516;26,2554;12,4373;35,6;100;190;10000000;10000000
400;84,4427;0,1516;26,2554;12,4373;35,6;100;190;10000000;10000000
401;84,1565;0,1516;26,2553;12,4373;35,6;100;190;10000000;10000000
402;84,467;0,1516;26,2553;12,4373;35,6;100;190;10000000;10000000
403;82,9382;0,1516;26,2553;12,4373;35,6;100;190;10000000;10000000
404;82,3077;0,1516;26,2553;12,4373;35,6;100;190;10000000;10000000
405;79,7838;0,1516;26,2553;12,4373;35,6;100;190;10000000;10000000
406;78,3474;0,1516;26,2553;12,4373;35,6;100;190;10000000;10000000
407;62,5613;0,1516;26,2552;12,4374;35,6;100;190;10000000;10000000
408;61,052;0,1516;26,2552;12,4374;35,6;100;190;10000000;10000000
409;61,052;0,1516;26,2552;12,4374;35,6;100;190;10000000;10000000
410;61,052;0,1516;26,2552;12,4374;35,6;100;190;10000000;10000000
411;61,052;0,1516;26,2552;12,4374;35,6;100;190;10000000;10000000
412;61,052;0,1516;26,2552;12,4374;35,6;100;190;10000000;10000000
413;61,052;0,1516;26,2551;12,4374;35,6;100;190;10000000;10000000
414;61,052;0,1516;26,2551;12,4374;35,6;100;190;10000000;10000000
415;65,7553;0,1516;26,2551;12,4374;35,6;100;190;10000000;10000000
416;64,7162;0,1516;26,2551;12,4374;35,6;100;190;10000000;10000000
417;72,7176;0,1516;26,2551;12,4374;35,6;100;190;10000000;10000000
418;63,7256;0,1516;26,2551;12,4374;35,6;100;190;10000000;10000000
419;61,052;0,1516;26,255;12,4374;35,6;100;190;10000000;10000000
420;61,1137;0,1516;26,255;12,4374;35,6;100;190;10000000;10000000
421;61,052;0,1516;26,255;12,4374;35,6;100;190;10000000;10000000
422;61,052;0,1516;26,255;12,4374;35,6;100;190;10000000;10000000
423;75,5546;0,1516;26,255;12,4374;35,6;100;190;10000000;10000000
424;78,3501;0,1516;26,255;12,4374;35,6;100;190;10000000;10000000
425;78,3501;0,1516;26,2549;12,4374;35,6;100;190;10000000;10000000
426;78,3501;0,1516;26,2549;12,4374;35,6;100;190;10000000;10000000
427;78,3078;0,1516;26,2549;12,4374;35,6;100;190;10000000;10000000
428;77,8312;0,1516;26,2549;12,4375;35,6;100;190;10000000;10000000
429;74,6217;0,1516;26,2549;12,4375;35,6;100;190;10000000;10000000
430;64,7162;0,1516;26,2549;12,4375;35,6;100;190;10000000;10000000
431;61,052;0,1516;26,2548;12,4375;35,6;100;190;10000000;10000000
432;61,0541;0,1516;26,2548;12,4375;35,6;100;190;10000000;10000000
433;61,0541;0,1516;26,2548;12,4375;35,6;100;190;10000000;10000000
434;61,0541;0,1516;26,2548;12,4375;35,6;100;190;10000000;10000000
435;61,0541;0,1516;26,2548;12,4375;35,6;100;190;10000000;10000000
436;61,0541;0,1516;26,2548;12,4375;35,6;100;190;10000000;10000000
437;61,0541;0,1516;26,2547;12,4375;35,6;100;190;10000000;10000000
438;61,0541;0,1516;26,2547;12,4375;35,6;100;190;10000000;10000000
439;61,0541;0,1516;26,2547;12,4375;35,6;100;190;10000000;10000000
440;61,0541;0,1516;26,2547;12,4375;35,6;100;190;10000000;10000000
441;61,0541;0,1516;26,2547;12,4375;35,6;100;190;10000000;10000000
442;61,0541;0,1516;26,2547;12,4375;35,6;100;190;10000000;10000000
443;61,0541;0,1516;26,2546;12,4375;35,6;100;190;10000000;10000000
444;61,0541;0,1516;26,2546;12,4375;35,6;100;190;10000000;10000000
445;61,3589;0,1516;26,2546;12,4375;35,6;100;190;10000000;10000000
446;65,4831;0,1516;26,2546;12,4375;35,6;100;190;10000000;10000000
447;67,7943;0,1516;26,2546;12,4375;35,6;100;190;10000000;10000000
448;78,3528;0,1516;26,2546;12,4375;35,6;100;190;10000000;10000000
449;78,3528;0,1516;26,2545;12,4376;35,6;100;190;10000000;10000000
450;78,308;0,1516;26,2545;12,4376;35,6;100;190;10000000;10000000
451;78,308;0,1516;26,2545;12,4376;35,6;100;190;10000000;10000000
452;70,5231;0,1516;26,2545;12,4376;35,6;100;190;10000000;10000000
453;70,5231;0,1516;26,2545;12,4376;35,6;100;190;10000000;10000000
454;61,0541;0,1516;26,2545;12,4376;35,6;100;190;10000000;10000000
455;61,0541;0,1516;26,2544;12,4376;35,6;100;190;10000000;10000000
456;61,0562;0,1516;26,2544;12,4376;35,6;100;190;10000000;10000000
457;61,0562;0,1516;26,2544;12,4376;35,6;100;190;10000000;10000000
458;76,1066;0,1516;26,2544;12,4376;35,6;100;190;10000000;10000000
459;78,3083;0,1516;26,2544;12,4376;35,6;100;190;10000000;10000000
460;78,3555;0,1516;26,2544;12,4376;35,6;100;190;10000000;10000000
461;79,792;0,1516;26,2543;12,4376;35,6;100;190;10000000;10000000
462;82,2583;0,1516;26,2543;12,4376;35,6;100;190;10000000;10000000
463;82,5041;0,1516;26,2543;12,4376;35,6;100;190;10000000;10000000
464;83,5344;0,1516;26,2543;12,4376;35,6;100;190;10000000;10000000
465;82,5703;0,1516;26,2543;12,4376;35,6;100;190;10000000;10000000
466;81,8577;0,1516;26,2543;12,4376;35,6;100;190;10000000;10000000
467;81,3371;0,1516;26,2542;12,4376;35,6;100;190;10000000;10000000
468;82,791;0,1516;26,2542;12,4376;35,6;100;190;10000000;10000000
469;82,5041;0,1516;26,2542;12,4376;35,6;100;190;10000000;10000000
470;84,1652;0,1516;26,2542;12,4376;35,6;100;190;10000000;10000000
471;86,4556;0,1516;26,2542;12,4377;35,6;100;190;10000000;10000000
472;98,5309;0,1516;26,2542;12,4377;35,6;100;190;10000000;10000000
473;96,1284;0,1516;26,2541;12,4377;35,6;100;190;10000000;10000000
474;98,5309;0,1516;26,2541;12,4377;35,6;100;190;10000000;10000000
475;98,5309;0,1516;26,2541;12,4377;35,6;100;190;10000000;10000000
476;96,1284;0,1516;26,2541;12,4377;35,6;100;190;10000000;10000000
477;90,4447;0,1516;26,2541;12,4377;35,6;100;190;10000000;10000000
478;87,0047;0,1516;26,2541;12,4377;35,6;100;190;10000000;10000000
479;86,7148;0,1516;26,254;12,4377;35,6;100;190;10000000;10000000
480;85,8016;0,1516;26,254;12,4377;35,6;100;190;10000000;10000000
481;85,6955;0,1516;26,254;12,4377;35,6;100;190;10000000;10000000
482;85,4816;0,1516;26,254;12,4377;35,6;100;190;10000000;10000000
483;85,4816;0,1516;26,254;12,4377;35,6;100;190;10000000;10000000
484;85,4816;0,1516;26,254;12,4377;35,6;100;190;10000000;10000000
485;85,4816;0,1516;26,2539;12,4377;35,6;100;190;10000000;10000000
486;85,6955;0,1516;26,2539;12,4377;35,6;100;190;10000000;10000000
487;90,2312;0,1516;26,2539;12,4377;35,6;100;190;10000000;10000000
488;87,1956;0,1516;26,2539;12,4377;35,6;100;190;10000000;10000000
489;85,4816;0,1516;26,2539;12,4377;35,6;100;190;10000000;10000000
490;85,4816;0,1516;26,2539;12,4377;35,6;100;190;10000000;10000000
491;85,4816;0,1516;26,2538;12,4377;35,6;100;190;10000000;10000000
492;85,4816;0,1516;26,2538;12,4378;35,6;100;190;10000000;10000000
493;85,4816;0,1516;26,2538;12,4378;35,6;100;190;10000000;10000000
494;86,4586;0,1516;26,2538;12,4378;35,6;100;190;10000000;10000000
495;109,3207;0,1516;26,2538;12,4378;35,6;100;190;10000000;10000000
496;130,597;0,1516;26,2538;12,4378;35,6;100;190;10000000;10000000
497;108,2314;0,1516;26,2537;12,4378;35,6;100;190;10000000;10000000
498;101,8592;0,1516;26,2537;12,4378;35,6;100;190;10000000;10000000
499;90,2312;0,1516;26,2537;12,4378;35,6;100;190;10000000;10000000
500;85,6955;0,1516;26,2537;12,4378;35,6;100;190;10000000;10000000
501;85,4816;0,1516;26,2537;12,4378;35,6;100;190;10000000;10000000
502;85,4816;0,1516;26,2537;12,4378;35,6;100;190;10000000;10000000
503;85,4816;0,1516;26,2536;12,4378;35,6;100;190;10000000;10000000
504;85,4846;0,1516;26,2536;12,4378;35,6;100;190;10000000;10000000
505;85,4846;0,1516;26,2536;12,4378;35,6;100;190;10000000;10000000
506;81,1567;0,1516;26,2536;12,4378;35,6;100;190;10000000;10000000
507;78,7546;0,1516;26,2536;12,4378;35,6;100;190;10000000;10000000
508;78,3609;0,1516;26,2536;12,4378;35,6;100;190;10000000;10000000
509;61,0604;0,1516;26,2535;12,4378;35,6;100;190;10000000;10000000
510;61,0604;0,1516;26,2535;12,4378;35,6;100;190;10000000;10000000
511;43,8647;0,1516;26,2535;12,4378;35,6;100;190;10000000;10000000
512;7,5758;0,1516;26,2535;12,4378;35,6;100;190;10000000;10000000
513;0;0,1516;26,2535;12,4378;35,6;100;190;10000000;10000000
514;0;0,1516;26,2535;12,4379;35,6;100;190;10000000;10000000
515;0;0,1516;26,2534;12,4379;35,6;100;190;10000000;10000000
516;7,5758;0,1516;26,2534;12,4379;35,6;100;190;10000000;10000000
517;7,5758;0,1516;26,2534;12,4379;35,6;100;190;10000000;10000000
518;0;0,1516;26,2534;12,4379;35,6;100;190;10000000;10000000
519;14,5441;0,1516;26,2534;12,4379;35,6;100;190;10000000;10000000
520;38,3436;0,1516;26,2534;12,4379;35,6;100;190;10000000;10000000
521;61,0604;0,1516;26,2533;12,4379;35,6;100;190;10000000;10000000
522;61,0604;0,1516;26,2533;12,4379;35,6;100;190;10000000;10000000
523;61,0604;0,1516;26,2533;12,4379;35,6;100;190;10000000;10000000
524;61,0604;0,1516;26,2533;12,4379;35,6;100;190;10000000;10000000
525;61,0604;0,1516;26,2533;12,4379;35,6;100;190;10000000;10000000
526;61,0604;0,1516;26,2533;12,4379;35,6;100;190;10000000;10000000
527;57,8868;0,1516;26,2532;12,4379;35,6;100;190;10000000;10000000
528;13,0159;0,1516;26,2532;12,4379;35,6;100;190;10000000;10000000
529;7,5758;0,1516;26,2532;12,4379;35,6;100;190;10000000;10000000
530;7,5758;0,1516;26,2532;12,4379;35,6;100;190;10000000;10000000
531;7,5758;0,1516;26,2532;12,4379;35,6;100;190;10000000;10000000
532;7,5758;0,1516;26,2532;12,4379;35,6;100;190;10000000;10000000
533;28,3561;0,1516;26,2532;12,4379;35,6;100;190;10000000;10000000
534;61,0625;0,1516;26,2531;12,4379;35,6;100;190;10000000;10000000
535;61,0625;0,1516;26,2531;12,438;35,6;100;190;10000000;10000000
536;61,0603;0,1516;26,2531;12,438;35,6;100;190;10000000;10000000
537;61,0625;0,1516;26,2531;12,438;35,6;100;190;10000000;10000000
538;61,0625;0,1516;26,2531;12,438;35,6;100;190;10000000;10000000
539;61,0625;0,1516;26,2531;12,438;35,6;100;190;10000000;10000000
540;61,0625;0,1516;26,253;12,438;35,6;100;190;10000000;10000000
541;61,0625;0,1516;26,253;12,438;35,6;100;190;10000000;10000000
542;61,0625;0,1516;26,253;12,438;35,6;100;190;10000000;10000000
543;61,0625;0,1516;26,253;12,438;35,6;100;190;10000000;10000000
544;61,0625;0,1516;26,253;12,438;35,6;100;190;10000000;10000000
545;61,0625;0,1516;26,253;12,438;35,6;100;190;10000000;10000000
546;75,3365;0,1516;26,2529;12,438;35,6;100;190;10000000;10000000
547;77,0789;0,1516;26,2529;12,438;35,6;100;190;10000000;10000000
548;77,8446;0,1516;26,2529;12,438;35,6;100;190;10000000;10000000
549;78,3089;0,1516;26,2529;12,438;35,6;100;190;10000000;10000000
550;78,3089;0,1516;26,2529;12,438;35,6;100;190;10000000;10000000
551;78,3089;0,1516;26,2529;12,438;35,6;100;190;10000000;10000000
552;78,3091;0,1516;26,2528;12,438;35,6;100;190;10000000;10000000
553;78,3663;0,1516;26,2528;12,438;35,6;100;190;10000000;10000000
554;78,3663;0,1516;26,2528;12,438;35,6;100;190;10000000;10000000
555;78,3663;0,1516;26,2528;12,438;35,6;100;190;10000000;10000000
556;78,7601;0,1516;26,2528;12,438;35,6;100;190;10000000;10000000
557;80,5404;0,1516;26,2528;12,4381;35,6;100;190;10000000;10000000
558;82,386;0,1516;26,2527;12,4381;35,6;100;190;10000000;10000000
559;82,5154;0,1516;26,2527;12,4381;35,6;100;190;10000000;10000000
560;82,4908;0,1516;26,2527;12,4381;35,6;100;190;10000000;10000000
561;82,4964;0,1516;26,2527;12,4381;35,6;100;190;10000000;10000000
562;83,0357;0,1516;26,2527;12,4381;35,6;100;190;10000000;10000000
563;82,5154;0,1516;26,2527;12,4381;35,6;100;190;10000000;10000000
564;82,3464;0,1516;26,2526;12,4381;35,6;100;190;10000000;10000000
565;82,386;0,1516;26,2526;12,4381;35,6;100;190;10000000;10000000
566;84,1768;0,1516;26,2526;12,4381;35,6;100;190;10000000;10000000
567;85,4905;0,1516;26,2526;12,4381;35,6;100;190;10000000;10000000
568;87,2046;0,1516;26,2526;12,4381;35,6;100;190;10000000;10000000
569;96,4829;0,1516;26,2526;12,4381;35,6;100;190;10000000;10000000
570;87,2046;0,1516;26,2525;12,4381;35,6;100;190;10000000;10000000
571;85,4905;0,1516;26,2525;12,4381;35,6;100;190;10000000;10000000
572;85,4905;0,1516;26,2525;12,4381;35,6;100;190;10000000;10000000
573;85,4905;0,1516;26,2525;12,4381;35,6;100;190;10000000;10000000
574;85,4905;0,1516;26,2525;12,4381;35,6;100;190;10000000;10000000
575;85,4905;0,1516;26,2525;12,4381;35,6;100;190;10000000;10000000
576;85,4934;0,1516;26,2524;12,4381;35,6;100;190;10000000;10000000
577;85,4339;0,1516;26,2524;12,4381;35,6;100;190;10000000;10000000
578;85,4934;0,1516;26,2524;12,4382;35,6;100;190;10000000;10000000
579;85,4934;0,1516;26,2524;12,4382;35,6;100;190;10000000;10000000
580;85,4934;0,1516;26,2524;12,4382;35,6;100;190;10000000;10000000
581;86,7297;0,1516;26,2524;12,4382;35,6;100;190;10000000;10000000
582;106,3927;0,1516;26,2523;12,4382;35,6;100;190;10000000;10000000
583;97,4363;0,1516;26,2523;12,4382;35,6;100;190;10000000;10000000
584;88,8458;0,1516;26,2523;12,4382;35,6;100;190;10000000;10000000
585;99,1972;0,1516;26,2523;12,4382;35,6;100;190;10000000;10000000
586;88,8458;0,1516;26,2523;12,4382;35,6;100;190;10000000;10000000
587;90,3928;0,1516;26,2523;12,4382;35,6;100;190;10000000;10000000
588;86,8367;0,1516;26,2522;12,4382;35,6;100;190;10000000;10000000
589;86,8367;0,1516;26,2522;12,4382;35,6;100;190;10000000;10000000
590;88,9755;0,1516;26,2522;12,4382;35,6;100;190;10000000;10000000
591;100,9222;0,1516;26,2522;12,4382;35,6;100;190;10000000;10000000
592;109,4386;0,1516;26,2522;12,4382;35,6;100;190;10000000;10000000
593;116,022;0,1516;26,2522;12,4382;35,6;100;190;10000000;10000000
594;113,3646;0,1516;26,2521;12,4382;35,6;100;190;10000000;10000000
595;111,5235;0,1516;26,2521;12,4382;35,6;100;190;10000000;10000000
596;108,0017;0,1517;26,2521;12,4382;35,6;100;190;10000000;10000000
597;105,0696;0,1517;26,2521;12,4382;35,6;100;190;10000000;10000000
598;105,0696;0,1517;26,2521;12,4382;35,6;100;190;10000000;10000000
599;100,9581;0,1517;26,2521;12,4383;35,6;100;190;10000000;10000000
600;103,1914;0,1517;26,252;12,4383;35,6;100;190;10000000;10000000
601;103,1914;0,1517;26,252;12,4383;35,6;100;190;10000000;10000000
602;95,0447;0,1517;26,252;12,4383;35,6;100;190;10000000;10000000
603;108,2556;0,1517;26,252;12,4383;35,6;100;190;10000000;10000000
604;130,6194;0,1517;26,252;12,4383;35,6;100;190;10000000;10000000
605;130,6194;0,1517;26,252;12,4383;35,6;100;190;10000000;10000000
606;142,494;0,1517;26,2519;12,4383;35,6;100;190;10000000;10000000
607;142,494;0,1517;26,2519;12,4383;35,6;100;190;10000000;10000000
608;142,494;0,1517;26,2519;12,4383;35,6;100;190;10000000;10000000
609;142,494;0,1517;26,2519;12,4383;35,6;100;190;10000000;10000000
610;142,494;0,1517;26,2519;12,4383;35,6;100;190;10000000;10000000
611;142,494;0,1517;26,2519;12,4383;35,6;100;190;10000000;10000000
612;139,6413;0,1517;26,2518;12,4383;35,6;100;190;10000000;10000000
613;142,494;0,1517;26,2518;12,4383;35,6;100;190;10000000;10000000
614;142,494;0,1517;26,2518;12,4383;35,6;100;190;10000000;10000000
615;142,494;0,1517;26,2518;12,4383;35,6;100;190;10000000;10000000
616;143,3985;0,1517;26,2518;12,4383;35,6;100;190;10000000;10000000
617;145,277;0,1517;26,2518;12,4383;35,6;100;190;10000000;10000000
618;142,494;0,1517;26,2517;12,4383;35,6;100;190;10000000;10000000
619;146,1983;0,1517;26,2517;12,4383;35,6;100;190;10000000;10000000
620;146,1983;0,1517;26,2517;12,4383;35,6;100;190;10000000;10000000
621;142,494;0,1517;26,2517;12,4384;35,6;100;190;10000000;10000000
622;142,494;0,1517;26,2517;12,4384;35,6;100;190;10000000;10000000
623;142,494;0,1517;26,2517;12,4384;35,6;100;190;10000000;10000000
624;142,4989;0,1517;26,2516;12,4384;35,6;100;190;10000000;10000000
625;136,3033;0,1517;26,2516;12,4384;35,6;100;190;10000000;10000000
626;142,4989;0,1517;26,2516;12,4384;35,6;100;190;10000000;10000000
627;142,4989;0,1517;26,2516;12,4384;35,6;100;190;10000000;10000000
628;142,4989;0,1517;26,2516;12,4384;35,6;100;190;10000000;10000000
629;142,4989;0,1517;26,2516;12,4384;35,6;100;190;10000000;10000000
630;152,9744;0,1517;26,2515;12,4384;35,6;100;190;10000000;10000000
631;150,0924;0,1517;26,2515;12,4384;35,6;100;190;10000000;10000000
632;146,2033;0,1517;26,2515;12,4384;35,6;100;190;10000000;10000000
633;145,7628;0,1517;26,2515;12,4384;35,6;100;190;10000000;10000000
634;143,5981;0,1517;26,2515;12,4384;35,6;100;190;10000000;10000000
635;142,4989;0,1517;26,2515;12,4384;35,6;100;190;10000000;10000000
636;142,4989;0,1517;26,2514;12,4384;35,6;100;190;10000000;10000000
637;142,9364;0,1517;26,2514;12,4384;35,6;100;190;10000000;10000000
638;142,4989;0,1517;26,2514;12,4384;35,6;100;190;10000000;10000000
639;146,7542;0,1517;26,2514;12,4384;35,6;100;190;10000000;10000000
640;153,6334;0,1517;26,2514;12,4384;35,6;100;190;10000000;10000000
641;154,012;0,1517;26,2514;12,4384;35,6;100;190;10000000;10000000
642;152,9744;0,1517;26,2513;12,4385;35,6;100;190;10000000;10000000
643;142,4989;0,1517;26,2513;12,4385;35,6;100;190;10000000;10000000
644;142,4989;0,1517;26,2513;12,4385;35,6;100;190;10000000;10000000
645;142,4989;0,1517;26,2513;12,4385;35,6;100;190;10000000;10000000
646;134,2806;0,1517;26,2513;12,4385;35,6;100;190;10000000;10000000
647;142,4989;0,1517;26,2513;12,4385;35,6;100;190;10000000;10000000
648;137,7329;0,1517;26,2512;12,4385;35,6;100;190;10000000;10000000
649;133,0219;0,1517;26,2512;12,4385;35,6;100;190;10000000;10000000
650;131,3885;0,1517;26,2512;12,4385;35,6;100;190;10000000;10000000
651;136,0777;0,1517;26,2512;12,4385;35,6;100;190;10000000;10000000
652;134,2852;0,1517;26,2512;12,4385;35,6;100;190;10000000;10000000
653;130,6285;0,1517;26,2512;12,4385;35,6;100;190;10000000;10000000
654;131,3885;0,1517;26,2511;12,4385;35,6;100;190;10000000;10000000
655;130,6285;0,1517;26,2511;12,4385;35,6;100;190;10000000;10000000
656;130,6285;0,1517;26,2511;12,4385;35,6;100;190;10000000;10000000
657;130,0795;0,1517;26,2511;12,4385;35,6;100;190;10000000;10000000
658;116,034;0,1517;26,2511;12,4385;35,6;100;190;10000000;10000000
659;125,5012;0,1517;26,2511;12,4385;35,6;100;190;10000000;10000000
660;127,0613;0,1517;26,251;12,4385;35,6;100;190;10000000;10000000
661;122,2055;0,1517;26,251;12,4385;35,6;100;190;10000000;10000000
662;114,9217;0,1517;26,251;12,4385;35,6;100;190;10000000;10000000
663;130,0795;0,1517;26,251;12,4385;35,6;100;190;10000000;10000000
664;130,6285;0,1517;26,251;12,4386;35,6;100;190;10000000;10000000
665;134,6994;0,1517;26,251;12,4386;35,6;100;190;10000000;10000000
666;134,3451;0,1517;26,2509;12,4386;35,6;100;190;10000000;10000000
667;130,6285;0,1517;26,2509;12,4386;35,6;100;190;10000000;10000000
668;129,6386;0,1517;26,2509;12,4386;35,6;100;190;10000000;10000000
669;119,7775;0,1517;26,2509;12,4386;35,6;100;190;10000000;10000000
670;106,1828;0,1517;26,2509;12,4386;35,6;100;190;10000000;10000000
671;106,1828;0,1517;26,2509;12,4386;35,6;100;190;10000000;10000000
672;98,7407;0,1517;26,2508;12,4386;35,6;100;190;10000000;10000000
673;98,7407;0,1517;26,2508;12,4386;35,6;100;190;10000000;10000000
674;98,7407;0,1517;26,2508;12,4386;35,6;100;190;10000000;10000000
675;98,7407;0,1517;26,2508;12,4386;35,6;100;190;10000000;10000000
676;96,1648;0,1517;26,2508;12,4386;35,6;100;190;10000000;10000000
677;91,5854;0,1517;26,2508;12,4386;35,6;100;190;10000000;10000000
678;88,8581;0,1517;26,2507;12,4386;35,6;100;190;10000000;10000000
679;86,4043;0,1517;26,2507;12,4386;35,6;100;190;10000000;10000000
680;85,5052;0,1517;26,2507;12,4386;35,6;100;190;10000000;10000000
681;83,9617;0,1517;26,2507;12,4386;35,6;100;190;10000000;10000000
682;84,1913;0,1517;26,2507;12,4386;35,6;100;190;10000000;10000000
683;84,4777;0,1517;26,2507;12,4386;35,6;100;190;10000000;10000000
684;83,9617;0,1517;26,2506;12,4386;35,6;100;190;10000000;10000000
685;85,5052;0,1517;26,2506;12,4387;35,6;100;190;10000000;10000000
686;83,4796;0,1517;26,2506;12,4387;35,6;100;190;10000000;10000000
687;85,5052;0,1517;26,2506;12,4387;35,6;100;190;10000000;10000000
688;86,8487;0,1517;26,2506;12,4387;35,6;100;190;10000000;10000000
689;90,2203;0,1517;26,2506;12,4387;35,6;100;190;10000000;10000000
690;90,2203;0,1517;26,2505;12,4387;35,6;100;190;10000000;10000000
691;87,2197;0,1517;26,2505;12,4387;35,6;100;190;10000000;10000000
692;86,4825;0,1517;26,2505;12,4387;35,6;100;190;10000000;10000000
693;86,4825;0,1517;26,2505;12,4387;35,6;100;190;10000000;10000000
694;85,5052;0,1517;26,2505;12,4387;35,6;100;190;10000000;10000000
695;85,5052;0,1517;26,2505;12,4387;35,6;100;190;10000000;10000000
696;85,5082;0,1517;26,2505;12,4387;35,6;100;190;10000000;10000000
697;85,5082;0,1517;26,2504;12,4387;35,6;100;190;10000000;10000000
698;85,5082;0,1517;26,2504;12,4387;35,6;100;190;10000000;10000000
699;85,5082;0,1517;26,2504;12,4387;35,6;100;190;10000000;10000000
700;85,4486;0,1517;26,2504;12,4387;35,6;100;190;10000000;10000000
701;87,2227;0,1517;26,2504;12,4387;35,6;100;190;10000000;10000000
702;108,2749;0,1517;26,2504;12,4387;35,6;100;190;10000000;10000000
703;106,1901;0,1517;26,2503;12,4387;35,6;100;190;10000000;10000000
704;85,8868;0,1517;26,2503;12,4387;35,6;100;190;10000000;10000000
705;85,6059;0,1517;26,2503;12,4387;35,6;100;190;10000000;10000000
706;85,6059;0,1517;26,2503;12,4388;35,6;100;190;10000000;10000000
707;85,6059;0,1517;26,2503;12,4388;35,6;100;190;10000000;10000000
708;85,8868;0,1517;26,2503;12,4388;35,6;100;190;10000000;10000000
709;85,7221;0,1517;26,2502;12,4388;35,6;100;190;10000000;10000000
710;85,8868;0,1517;26,2502;12,4388;35,6;100;190;10000000;10000000
711;96,1615;0,1517;26,2502;12,4388;35,6;100;190;10000000;10000000
712;103,6189;0,1517;26,2502;12,4388;35,6;100;190;10000000;10000000
713;114,5803;0,1517;26,2502;12,4388;35,6;100;190;10000000;10000000
714;103,6189;0,1517;26,2502;12,4388;35,6;100;190;10000000;10000000
715;96,1615;0,1517;26,2501;12,4388;35,6;100;190;10000000;10000000
716;91,4071;0,1517;26,2501;12,4388;35,6;100;190;10000000;10000000
717;86,4854;0,1517;26,2501;12,4388;35,6;100;190;10000000;10000000
718;85,5113;0,1517;26,2501;12,4388;35,6;100;190;10000000;10000000
719;85,8868;0,1517;26,2501;12,4388;35,6;100;190;10000000;10000000
720;85,5111;0,1517;26,2501;12,4388;35,6;100;190;10000000;10000000
721;85,5111;0,1517;26,25;12,4388;35,6;100;190;10000000;10000000
722;85,5111;0,1517;26,25;12,4388;35,6;100;190;10000000;10000000
723;85,5111;0,1517;26,25;12,4388;35,6;100;190;10000000;10000000
724;85,5111;0,1517;26,25;12,4388;35,6;100;190;10000000;10000000
725;87,2257;0,1517;26,25;12,4388;35,6;100;190;10000000;10000000
726;96,6051;0,1517;26,25;12,4388;35,6;100;190;10000000;10000000
727;94,0232;0,1517;26,2499;12,4388;35,6;100;190;10000000;10000000
728;85,5111;0,1517;26,2499;12,4389;35,6;100;190;10000000;10000000
729;82,9685;0,1517;26,2499;12,4389;35,6;100;190;10000000;10000000
730;80,5598;0,1517;26,2499;12,4389;35,6;100;190;10000000;10000000
731;80,5598;0,1517;26,2499;12,4389;35,6;100;190;10000000;10000000
732;80,5598;0,1517;26,2499;12,4389;35,6;100;190;10000000;10000000
733;81,0885;0,1517;26,2498;12,4389;35,6;100;190;10000000;10000000
734;81,3145;0,1517;26,2498;12,4389;35,6;100;190;10000000;10000000
735;84,1971;0,1517;26,2498;12,4389;35,6;100;190;10000000;10000000
736;85,5111;0,1517;26,2498;12,4389;35,6;100;190;10000000;10000000
737;85,725;0,1517;26,2498;12,4389;35,6;100;190;10000000;10000000
738;85,5111;0,1517;26,2498;12,4389;35,6;100;190;10000000;10000000
739;83,9675;0,1517;26,2497;12,4389;35,6;100;190;10000000;10000000
740;82,2894;0,1517;26,2497;12,4389;35,6;100;190;10000000;10000000
741;81,0727;0,1517;26,2497;12,4389;35,6;100;190;10000000;10000000
742;78,5339;0,1517;26,2497;12,4389;35,6;100;190;10000000;10000000
743;78,494;0,1517;26,2497;12,4389;35,6;100;190;10000000;10000000
744;78,3879;0,1517;26,2497;12,4389;35,6;100;190;10000000;10000000
745;78,3879;0,1517;26,2496;12,4389;35,6;100;190;10000000;10000000
746;77,8688;0,1517;26,2496;12,4389;35,6;100;190;10000000;10000000
747;78,3879;0,1517;26,2496;12,4389;35,6;100;190;10000000;10000000
748;78,3879;0,1517;26,2496;12,4389;35,6;100;190;10000000;10000000
749;78,7818;0,1517;26,2496;12,439;35,6;100;190;10000000;10000000
750;78,9978;0,1517;26,2495;12,439;35,6;100;190;10000000;10000000
751;78,7818;0,1517;26,2495;12,439;35,6;100;190;10000000;10000000
752;77,8688;0,1517;26,2495;12,439;35,6;100;190;10000000;10000000
753;61,0815;0,1517;26,2495;12,439;35,6;100;190;10000000;10000000
754;61,0815;0,1517;26,2495;12,439;35,6;100;190;10000000;10000000
755;61,0815;0,1517;26,2495;12,439;35,6;100;190;10000000;10000000
756;61,0815;0,1517;26,2494;12,439;35,6;100;190;10000000;10000000
757;61,0815;0,1517;26,2494;12,439;35,6;100;190;10000000;10000000
758;61,0815;0,1517;26,2494;12,439;35,6;100;190;10000000;10000000
759;0;0,1517;26,2494;12,439;35,6;100;190;10000000;10000000
760;0;0,1517;26,2494;12,439;35,6;100;190;10000000;10000000
761;0;0,1517;26,2493;12,439;35,6;100;190;10000000;10000000
762;0;0,1517;26,2493;12,439;35,6;100;190;10000000;10000000
763;0;0,1517;26,2493;12,439;35,6;100;190;10000000;10000000
764;0;0,1517;26,2493;12,439;35,6;100;190;10000000;10000000
765;0;0,1517;26,2493;12,439;35,6;100;190;10000000;10000000
766;0;0,1517;26,2493;12,439;35,6;100;190;10000000;10000000
767;0;0,1517;26,2492;12,439;35,6;100;190;10000000;10000000
768;0;0,1517;26,2492;12,4391;35,6;100;190;10000000;10000000
769;0;0,1517;26,2492;12,4391;35,6;100;190;10000000;10000000
770;0;0,1517;26,2492;12,4391;35,6;100;190;10000000;10000000
771;0;0,1517;26,2492;12,4391;35,6;100;190;10000000;10000000
772;0;0,1517;26,2491;12,4391;35,6;100;190;10000000;10000000
773;0;0,1517;26,2491;12,4391;35,6;100;190;10000000;10000000
774;61,0836;0,1517;26,2491;12,4391;35,6;100;190;10000000;10000000
775;61,0836;0,1517;26,2491;12,4391;35,6;100;190;10000000;10000000
776;61,0836;0,1517;26,2491;12,4391;35,6;100;190;10000000;10000000
777;44,117;0,1517;26,249;12,4391;35,6;100;190;10000000;10000000
778;61,0836;0,1517;26,249;12,4391;35,6;100;190;10000000;10000000
779;61,0836;0,1517;26,249;12,4391;35,6;100;190;10000000;10000000
780;61,0836;0,1517;26,249;12,4391;35,6;100;190;10000000;10000000
781;61,0836;0,1517;26,249;12,4391;35,6;100;190;10000000;10000000
782;61,0836;0,1517;26,249;12,4391;35,6;100;190;10000000;10000000
783;78,3906;0,1517;26,2489;12,4391;35,6;100;190;10000000;10000000
784;78,3906;0,1517;26,2489;12,4391;35,6;100;190;10000000;10000000
785;80,2192;0,1517;26,2489;12,4391;35,6;100;190;10000000;10000000
786;78,6373;0,1517;26,2489;12,4391;35,6;100;190;10000000;10000000
787;78,6373;0,1517;26,2489;12,4391;35,6;100;190;10000000;10000000
788;78,5234;0,1517;26,2488;12,4392;35,6;100;190;10000000;10000000
789;79,1823;0,1517;26,2488;12,4392;35,6;100;190;10000000;10000000
790;78,9347;0,1517;26,2488;12,4392;35,6;100;190;10000000;10000000
791;79,1823;0,1517;26,2488;12,4392;35,6;100;190;10000000;10000000
792;79,8709;0,1517;26,2488;12,4392;35,6;100;190;10000000;10000000
793;80,6134;0,1517;26,2488;12,4392;35,6;100;190;10000000;10000000
794;81,0811;0,1517;26,2487;12,4392;35,6;100;190;10000000;10000000
795;81,7161;0,1517;26,2487;12,4392;35,6;100;190;10000000;10000000
796;82,6274;0,1517;26,2487;12,4392;35,6;100;190;10000000;10000000
797;84,819;0,1517;26,2487;12,4392;35,6;100;190;10000000;10000000
798;86,4974;0,1517;26,2487;12,4392;35,6;100;190;10000000;10000000
799;90,2716;0,1517;26,2486;12,4392;35,6;100;190;10000000;10000000
800;93,6931;0,1517;26,2486;12,4392;35,6;100;190;10000000;10000000
801;96,1748;0,1517;26,2486;12,4392;35,6;100;190;10000000;10000000
802;87,2347;0,1517;26,2486;12,4392;35,6;100;190;10000000;10000000
803;86,8618;0,1517;26,2486;12,4392;35,6;100;190;10000000;10000000
804;87,2347;0,1517;26,2486;12,4392;35,6;100;190;10000000;10000000
805;88,8734;0,1517;26,2485;12,4392;35,6;100;190;10000000;10000000
806;98,924;0,1517;26,2485;12,4392;35,6;100;190;10000000;10000000
807;110,3312;0,1517;26,2485;12,4393;35,6;100;190;10000000;10000000
808;130,6555;0,1517;26,2485;12,4393;35,6;100;190;10000000;10000000
809;137,7614;0,1517;26,2485;12,4393;35,6;100;190;10000000;10000000
810;136,0961;0,1517;26,2484;12,4393;35,6;100;190;10000000;10000000
811;131,9715;0,1517;26,2484;12,4393;35,6;100;190;10000000;10000000
812;130,7733;0,1517;26,2484;12,4393;35,6;100;190;10000000;10000000
813;130,7733;0,1517;26,2484;12,4393;35,6;100;190;10000000;10000000
814;133,6971;0,1517;26,2484;12,4393;35,6;100;190;10000000;10000000
815;130,7733;0,1517;26,2484;12,4393;35,6;100;190;10000000;10000000
816;130,66;0,1517;26,2483;12,4393;35,6;100;190;10000000;10000000
817;125,2065;0,1517;26,2483;12,4393;35,6;100;190;10000000;10000000
818;109,3734;0,1517;26,2483;12,4393;35,6;100;190;10000000;10000000
819;109,3734;0,1517;26,2483;12,4393;35,6;100;190;10000000;10000000
820;130,0813;0,1517;26,2483;12,4393;35,6;100;190;10000000;10000000
821;130,66;0,1517;26,2482;12,4393;35,6;100;190;10000000;10000000
822;130,0813;0,1517;26,2482;12,4393;35,6;100;190;10000000;10000000
823;126,1789;0,1517;26,2482;12,4393;35,6;100;190;10000000;10000000
824;126,1789;0,1517;26,2482;12,4393;35,6;100;190;10000000;10000000
825;120,4314;0,1517;26,2482;12,4393;35,6;100;190;10000000;10000000
826;122,9758;0,1517;26,2482;12,4394;35,6;100;190;10000000;10000000
827;122,9758;0,1517;26,2481;12,4394;35,6;100;190;10000000;10000000
828;120,4314;0,1517;26,2481;12,4394;35,6;100;190;10000000;10000000
829;130,66;0,1517;26,2481;12,4394;35,6;100;190;10000000;10000000
830;130,66;0,1517;26,2481;12,4394;35,6;100;190;10000000;10000000
831;130,66;0,1517;26,2481;12,4394;35,6;100;190;10000000;10000000
832;142,5381;0,1517;26,248;12,4394;35,6;100;190;10000000;10000000
833;142,9759;0,1517;26,248;12,4394;35,6;100;190;10000000;10000000
834;136,3409;0,1517;26,248;12,4394;35,6;100;190;10000000;10000000
835;130,66;0,1517;26,248;12,4394;35,6;100;190;10000000;10000000
836;130,1109;0,1517;26,248;12,4394;35,6;100;190;10000000;10000000
837;123,6205;0,1517;26,2479;12,4394;35,6;100;190;10000000;10000000
838;123,6203;0,1517;26,2479;12,4394;35,6;100;190;10000000;10000000
839;110,5691;0,1517;26,2479;12,4394;35,6;100;190;10000000;10000000
840;104,4215;0,1517;26,2479;12,4394;35,6;100;190;10000000;10000000
841;104,4215;0,1517;26,2479;12,4394;35,6;100;190;10000000;10000000
842;104,4215;0,1517;26,2479;12,4394;35,6;100;190;10000000;10000000
843;92,5253;0,1517;26,2478;12,4394;35,6;100;190;10000000;10000000
844;89,4265;0,1517;26,2478;12,4394;35,6;100;190;10000000;10000000
845;100,4561;0,1517;26,2478;12,4394;35,6;100;190;10000000;10000000
846;88,8795;0,1517;26,2478;12,4395;35,6;100;190;10000000;10000000
847;85,943;0,1517;26,2478;12,4395;35,6;100;190;10000000;10000000
848;85,5258;0,1517;26,2477;12,4395;35,6;100;190;10000000;10000000
849;81,382;0,1517;26,2477;12,4395;35,6;100;190;10000000;10000000
850;82,5496;0,1517;26,2477;12,4395;35,6;100;190;10000000;10000000
851;83,982;0,1517;26,2477;12,4395;35,6;100;190;10000000;10000000
852;85,5258;0,1517;26,2477;12,4395;35,6;100;190;10000000;10000000
853;85,5258;0,1517;26,2477;12,4395;35,6;100;190;10000000;10000000
854;85,5258;0,1517;26,2476;12,4395;35,6;100;190;10000000;10000000
855;85,5258;0,1517;26,2476;12,4395;35,6;100;190;10000000;10000000
856;87,2407;0,1517;26,2476;12,4395;35,6;100;190;10000000;10000000
857;96,2986;0,1517;26,2476;12,4395;35,6;100;190;10000000;10000000
858;100,187;0,1517;26,2476;12,4395;35,6;100;190;10000000;10000000
859;97,2791;0,1517;26,2475;12,4395;35,6;100;190;10000000;10000000
860;90,2421;0,1517;26,2475;12,4395;35,6;100;190;10000000;10000000
861;88,56;0,1517;26,2475;12,4395;35,6;100;190;10000000;10000000
862;92,3222;0,1517;26,2475;12,4395;35,6;100;190;10000000;10000000
863;86,5033;0,1517;26,2475;12,4395;35,6;100;190;10000000;10000000
864;88,8825;0,1517;26,2475;12,4395;35,6;100;190;10000000;10000000
865;100,118;0,1517;26,2474;12,4396;35,6;100;190;10000000;10000000
866;88,8201;0,1517;26,2474;12,4396;35,6;100;190;10000000;10000000
867;91,407;0,1517;26,2474;12,4396;35,6;100;190;10000000;10000000
868;108,013;0,1517;26,2474;12,4396;35,6;100;190;10000000;10000000
869;112,103;0,1517;26,2474;12,4396;35,6;100;190;10000000;10000000
870;130,669;0,1517;26,2473;12,4396;35,6;100;190;10000000;10000000
871;130,7868;0,1517;26,2473;12,4396;35,6;100;190;10000000;10000000
872;130,669;0,1517;26,2473;12,4396;35,6;100;190;10000000;10000000
873;130,669;0,1517;26,2473;12,4396;35,6;100;190;10000000;10000000
874;120,753;0,1517;26,2473;12,4396;35,6;100;190;10000000;10000000
875;118,8901;0,1517;26,2473;12,4396;35,6;100;190;10000000;10000000
876;129,2834;0,1517;26,2472;12,4396;35,6;100;190;10000000;10000000
877;130,669;0,1517;26,2472;12,4396;35,6;100;190;10000000;10000000
878;134,935;0,1517;26,2472;12,4396;35,6;100;190;10000000;10000000
879;136,3503;0,1517;26,2472;12,4396;35,6;100;190;10000000;10000000
880;142,548;0,1517;26,2472;12,4396;35,6;100;190;10000000;10000000
881;143,1469;0,1517;26,2471;12,4396;35,6;100;190;10000000;10000000
882;146,2537;0,1517;26,2471;12,4396;35,6;100;190;10000000;10000000
883;142,548;0,1517;26,2471;12,4396;35,6;100;190;10000000;10000000
884;142,548;0,1517;26,2471;12,4397;35,6;100;190;10000000;10000000
885;132,5472;0,1517;26,2471;12,4397;35,6;100;190;10000000;10000000
886;130,7868;0,1517;26,2471;12,4397;35,6;100;190;10000000;10000000
887;133,7109;0,1517;26,247;12,4397;35,6;100;190;10000000;10000000
888;130,6735;0,1517;26,247;12,4397;35,6;100;190;10000000;10000000
889;133,7155;0,1517;26,247;12,4397;35,6;100;190;10000000;10000000
890;130,7914;0,1517;26,247;12,4397;35,6;100;190;10000000;10000000
891;129,2878;0,1517;26,247;12,4397;35,6;100;190;10000000;10000000
892;133,7155;0,1517;26,2469;12,4397;35,6;100;190;10000000;10000000
893;133,7155;0,1517;26,2469;12,4397;35,6;100;190;10000000;10000000
894;142,5529;0,1517;26,2469;12,4397;35,6;100;190;10000000;10000000
895;142,9906;0,1517;26,2469;12,4397;35,6;100;190;10000000;10000000
896;142,5529;0,1517;26,2469;12,4397;35,6;100;190;10000000;10000000
897;134,5684;0,1517;26,2468;12,4397;35,6;100;190;10000000;10000000
898;134,5684;0,1517;26,2468;12,4397;35,6;100;190;10000000;10000000
899;133,7155;0,1517;26,2468;12,4397;35,6;100;190;10000000;10000000
900;134,5684;0,1517;26,2468;12,4397;35,6;100;190;10000000;10000000
901;134,5684;0,1517;26,2468;12,4397;35,6;100;190;10000000;10000000
902;133,0677;0,1517;26,2468;12,4397;35,6;100;190;10000000;10000000
903;136,3549;0,1517;26,2467;12,4397;35,6;100;190;10000000;10000000
904;142,5529;0,1517;26,2467;12,4398;35,6;100;190;10000000;10000000
905;142,5529;0,1517;26,2467;12,4398;35,6;100;190;10000000;10000000
906;142,5529;0,1517;26,2467;12,4398;35,6;100;190;10000000;10000000
907;142,5529;0,1517;26,2467;12,4398;35,6;100;190;10000000;10000000
908;131,4338;0,1517;26,2466;12,4398;35,6;100;190;10000000;10000000
909;130,6735;0,1517;26,2466;12,4398;35,6;100;190;10000000;10000000
910;130,1243;0,1517;26,2466;12,4398;35,6;100;190;10000000;10000000
911;108,4438;0,1517;26,2466;12,4398;35,6;100;190;10000000;10000000
912;108,1345;0,1517;26,2466;12,4398;35,6;100;190;10000000;10000000
913;106,2231;0,1517;26,2466;12,4398;35,6;100;190;10000000;10000000
914;95,5404;0,1517;26,2465;12,4398;35,6;100;190;10000000;10000000
915;94,789;0,1517;26,2465;12,4398;35,6;100;190;10000000;10000000
916;98,9411;0,1517;26,2465;12,4398;35,6;100;190;10000000;10000000
917;106,2231;0,1517;26,2465;12,4398;35,6;100;190;10000000;10000000
918;129,2923;0,1517;26,2465;12,4398;35,6;100;190;10000000;10000000
919;130,678;0,1517;26,2464;12,4398;35,6;100;190;10000000;10000000
920;114,6158;0,1517;26,2464;12,4398;35,6;100;190;10000000;10000000
921;101,4561;0,1517;26,2464;12,4398;35,6;100;190;10000000;10000000
922;88,4117;0,1517;26,2464;12,4398;35,6;100;190;10000000;10000000
923;86,8768;0,1517;26,2464;12,4399;35,6;100;190;10000000;10000000
924;86,5122;0,1517;26,2464;12,4399;35,6;100;190;10000000;10000000
925;86,5122;0,1517;26,2463;12,4399;35,6;100;190;10000000;10000000
926;87,0176;0,1517;26,2463;12,4399;35,6;100;190;10000000;10000000
927;93,7092;0,1517;26,2463;12,4399;35,6;100;190;10000000;10000000
928;103,651;0,1517;26,2463;12,4399;35,6;100;190;10000000;10000000
929;123,1967;0,1517;26,2463;12,4399;35,6;100;190;10000000;10000000
930;114,6158;0,1517;26,2462;12,4399;35,6;100;190;10000000;10000000
931;102,7341;0,1517;26,2462;12,4399;35,6;100;190;10000000;10000000
932;97,108;0,1517;26,2462;12,4399;35,6;100;190;10000000;10000000
933;89,1876;0,1517;26,2462;12,4399;35,6;100;190;10000000;10000000
934;86,8786;0,1517;26,2462;12,4399;35,6;100;190;10000000;10000000
935;86,5122;0,1517;26,2462;12,4399;35,6;100;190;10000000;10000000
936;85,5376;0,1517;26,2461;12,4399;35,6;100;190;10000000;10000000
937;85,5376;0,1517;26,2461;12,4399;35,6;100;190;10000000;10000000
938;85,5376;0,1517;26,2461;12,4399;35,6;100;190;10000000;10000000
939;85,5376;0,1517;26,2461;12,4399;35,6;100;190;10000000;10000000
940;85,5376;0,1517;26,2461;12,4399;35,6;100;190;10000000;10000000
941;91,8131;0,1517;26,246;12,4399;35,6;100;190;10000000;10000000
942;111,4906;0,1517;26,246;12,44;35,6;100;190;10000000;10000000
943;103,6545;0,1517;26,246;12,44;35,6;100;190;10000000;10000000
944;98,5341;0,1517;26,246;12,44;35,6;100;190;10000000;10000000
945;89,1907;0,1517;26,246;12,44;35,6;100;190;10000000;10000000
946;87,2527;0,1518;26,246;12,44;35,6;100;190;10000000;10000000
947;85,478;0,1518;26,2459;12,44;35,6;100;190;10000000;10000000
948;87,1583;0,1518;26,2459;12,44;35,6;100;190;10000000;10000000
949;86,324;0,1518;26,2459;12,44;35,6;100;190;10000000;10000000
950;89,2037;0,1518;26,2459;12,44;35,6;100;190;10000000;10000000
951;90,2545;0,1518;26,2459;12,44;35,6;100;190;10000000;10000000
952;101,7744;0,1518;26,2458;12,44;35,6;100;190;10000000;10000000
953;129,2967;0,1518;26,2458;12,44;35,6;100;190;10000000;10000000
954;123,6418;0,1518;26,2458;12,44;35,6;100;190;10000000;10000000
955;103,6545;0,1518;26,2458;12,44;35,6;100;190;10000000;10000000
956;92,6528;0,1518;26,2458;12,44;35,6;100;190;10000000;10000000
957;85,7516;0,1518;26,2457;12,44;35,6;100;190;10000000;10000000
958;85,5376;0,1518;26,2457;12,44;35,6;100;190;10000000;10000000
959;81,0979;0,1518;26,2457;12,44;35,6;100;190;10000000;10000000
960;78,4122;0,1518;26,2457;12,44;35,6;100;190;10000000;10000000
961;61,1004;0,1518;26,2457;12,44;35,6;100;190;10000000;10000000
962;44,2623;0,1518;26,2457;12,4401;35,6;100;190;10000000;10000000
963;0;0,1518;26,2456;12,4401;35,6;100;190;10000000;10000000
964;25,2928;0,1518;26,2456;12,4401;35,6;100;190;10000000;10000000
965;58,5054;0,1518;26,2456;12,4401;35,6;100;190;10000000;10000000
966;61,1004;0,1518;26,2456;12,4401;35,6;100;190;10000000;10000000
967;61,1004;0,1518;26,2456;12,4401;35,6;100;190;10000000;10000000
968;54,1175;0,1518;26,2455;12,4401;35,6;100;190;10000000;10000000
969;61,1004;0,1518;26,2455;12,4401;35,6;100;190;10000000;10000000
970;21,9991;0,1518;26,2455;12,4401;35,6;100;190;10000000;10000000
971;10,2138;0,1518;26,2455;12,4401;35,6;100;190;10000000;10000000
972;0;0,1518;26,2455;12,4401;35,6;100;190;10000000;10000000
973;7,5758;0,1518;26,2455;12,4401;35,6;100;190;10000000;10000000
974;14,9279;0,1518;26,2454;12,4401;35,6;100;190;10000000;10000000
975;0;0,1518;26,2454;12,4401;35,6;100;190;10000000;10000000
976;61,1004;0,1518;26,2454;12,4401;35,6;100;190;10000000;10000000
977;61,1004;0,1518;26,2454;12,4401;35,6;100;190;10000000;10000000
978;61,1004;0,1518;26,2454;12,4401;35,6;100;190;10000000;10000000
979;78,4122;0,1518;26,2453;12,4401;35,6;100;190;10000000;10000000
980;61,1004;0,1518;26,2453;12,4401;35,6;100;190;10000000;10000000
981;61,1004;0,1518;26,2453;12,4402;35,6;100;190;10000000;10000000
982;61,1004;0,1518;26,2453;12,4402;35,6;100;190;10000000;10000000
983;61,1004;0,1518;26,2453;12,4402;35,6;100;190;10000000;10000000
984;61,1025;0,1518;26,2453;12,4402;35,6;100;190;10000000;10000000
985;61,1025;0,1518;26,2452;12,4402;35,6;100;190;10000000;10000000
986;63,2031;0,1518;26,2452;12,4402;35,6;100;190;10000000;10000000
987;74,9607;0,1518;26,2452;12,4402;35,6;100;190;10000000;10000000
988;78,4149;0,1518;26,2452;12,4402;35,6;100;190;10000000;10000000
989;78,4149;0,1518;26,2452;12,4402;35,6;100;190;10000000;10000000
990;78,6617;0,1518;26,2451;12,4402;35,6;100;190;10000000;10000000
991;79,2854;0,1518;26,2451;12,4402;35,6;100;190;10000000;10000000
992;78,4149;0,1518;26,2451;12,4402;35,6;100;190;10000000;10000000
993;78,4149;0,1518;26,2451;12,4402;35,6;100;190;10000000;10000000
994;77,8956;0,1518;26,2451;12,4402;35,6;100;190;10000000;10000000
995;77,1294;0,1518;26,2451;12,4402;35,6;100;190;10000000;10000000
996;66,0399;0,1518;26,245;12,4402;35,6;100;190;10000000;10000000
997;62,7698;0,1518;26,245;12,4402;35,6;100;190;10000000;10000000
998;74,1264;0,1518;26,245;12,4402;35,6;100;190;10000000;10000000
999;78,1696;0,1518;26,245;12,4402;35,6;100;190;10000000;10000000
1000;80,3218;0,1518;26,245;12,4403;35,6;100;190;10000000;10000000
1001;83,0097;0,1518;26,2449;12,4403;35,6;100;190;10000000;10000000
1002;83,0097;0,1518;26,2449;12,4403;35,6;100;190;10000000;10000000
1003;82,5666;0,1518;26,2449;12,4403;35,6;100;190;10000000;10000000
1004;82,4343;0,1518;26,2449;12,4403;35,6;100;190;10000000;10000000
1005;81,7179;0,1518;26,2449;12,4403;35,6;100;190;10000000;10000000
1006;81,0138;0,1518;26,2449;12,4403;35,6;100;190;10000000;10000000
1007;78,8089;0,1518;26,2448;12,4403;35,6;100;190;10000000;10000000
1008;78,4176;0,1518;26,2448;12,4403;35,6;100;190;10000000;10000000
1009;78,4176;0,1518;26,2448;12,4403;35,6;100;190;10000000;10000000
1010;78,4176;0,1518;26,2448;12,4403;35,6;100;190;10000000;10000000
1011;78,4176;0,1518;26,2448;12,4403;35,6;100;190;10000000;10000000
1012;78,702;0,1518;26,2447;12,4403;35,6;100;190;10000000;10000000
1013;79,6352;0,1518;26,2447;12,4403;35,6;100;190;10000000;10000000
1014;79,8729;0,1518;26,2447;12,4403;35,6;100;190;10000000;10000000
1015;79,8553;0,1518;26,2447;12,4403;35,6;100;190;10000000;10000000
1016;79,2093;0,1518;26,2447;12,4403;35,6;100;190;10000000;10000000
1017;79,4478;0,1518;26,2446;12,4403;35,6;100;190;10000000;10000000
1018;81,049;0,1518;26,2446;12,4403;35,6;100;190;10000000;10000000
1019;80,8372;0,1518;26,2446;12,4403;35,6;100;190;10000000;10000000
1020;80,5931;0,1518;26,2446;12,4404;35,6;100;190;10000000;10000000
1021;81,3236;0,1518;26,2446;12,4404;35,6;100;190;10000000;10000000
1022;82,3815;0,1518;26,2446;12,4404;35,6;100;190;10000000;10000000
1023;83,3412;0,1518;26,2445;12,4404;35,6;100;190;10000000;10000000
1024;84,5184;0,1518;26,2445;12,4404;35,6;100;190;10000000;10000000
1025;89,0307;0,1518;26,2445;12,4404;35,6;100;190;10000000;10000000
1026;95,0523;0,1518;26,2445;12,4404;35,6;100;190;10000000;10000000
1027;94,0621;0,1518;26,2445;12,4404;35,6;100;190;10000000;10000000
1028;91,8312;0,1518;26,2444;12,4404;35,6;100;190;10000000;10000000
1029;95,0523;0,1518;26,2444;12,4404;35,6;100;190;10000000;10000000
1030;94,02;0,1518;26,2444;12,4404;35,6;100;190;10000000;10000000
1031;89,1999;0,1518;26,2444;12,4404;35,6;100;190;10000000;10000000
1032;89,0058;0,1518;26,2444;12,4404;35,6;100;190;10000000;10000000
1033;87,8548;0,1518;26,2444;12,4404;35,6;100;190;10000000;10000000
1034;87,4066;0,1518;26,2443;12,4404;35,6;100;190;10000000;10000000
1035;89,203;0,1518;26,2443;12,4404;35,6;100;190;10000000;10000000
1036;94,0654;0,1518;26,2443;12,4404;35,6;100;190;10000000;10000000
1037;103,6688;0,1518;26,2443;12,4404;35,6;100;190;10000000;10000000
1038;115,4773;0,1518;26,2443;12,4404;35,6;100;190;10000000;10000000
1039;126,9867;0,1518;26,2442;12,4405;35,6;100;190;10000000;10000000
1040;125,272;0,1518;26,2442;12,4405;35,6;100;190;10000000;10000000
1041;118,8032;0,1518;26,2442;12,4405;35,6;100;190;10000000;10000000
1042;130,7005;0,1518;26,2442;12,4405;35,6;100;190;10000000;10000000
1043;127,8431;0,1518;26,2442;12,4405;35,6;100;190;10000000;10000000
1044;106,2414;0,1518;26,2442;12,4405;35,6;100;190;10000000;10000000
1045;106,2414;0,1518;26,2441;12,4405;35,6;100;190;10000000;10000000
1046;111,506;0,1518;26,2441;12,4405;35,6;100;190;10000000;10000000
1047;108,1345;0,1518;26,2441;12,4405;35,6;100;190;10000000;10000000
1048;119,0789;0,1518;26,2441;12,4405;35,6;100;190;10000000;10000000
1049;131,5482;0,1518;26,2441;12,4405;35,6;100;190;10000000;10000000
1050;131,4609;0,1518;26,244;12,4405;35,6;100;190;10000000;10000000
1051;129,3146;0,1518;26,244;12,4405;35,6;100;190;10000000;10000000
1052;113,1754;0,1518;26,244;12,4405;35,6;100;190;10000000;10000000
1053;108,1345;0,1518;26,244;12,4405;35,6;100;190;10000000;10000000
1054;106,2414;0,1518;26,244;12,4405;35,6;100;190;10000000;10000000
1055;108,1345;0,1518;26,244;12,4405;35,6;100;190;10000000;10000000
1056;106,6453;0,1518;26,2439;12,4405;35,6;100;190;10000000;10000000
1057;106,245;0,1518;26,2439;12,4405;35,6;100;190;10000000;10000000
1058;109,4111;0,1518;26,2439;12,4406;35,6;100;190;10000000;10000000
1059;108,3475;0,1518;26,2439;12,4406;35,6;100;190;10000000;10000000
1060;109,1159;0,1518;26,2439;12,4406;35,6;100;190;10000000;10000000
1061;130,705;0,1518;26,2438;12,4406;35,6;100;190;10000000;10000000
1062;134,9722;0,1518;26,2438;12,4406;35,6;100;190;10000000;10000000
1063;132,9191;0,1518;26,2438;12,4406;35,6;100;190;10000000;10000000
1064;127,4133;0,1518;26,2438;12,4406;35,6;100;190;10000000;10000000
1065;125,2763;0,1518;26,2438;12,4406;35,6;100;190;10000000;10000000
1066;119,4482;0,1518;26,2437;12,4406;35,6;100;190;10000000;10000000
1067;115,2922;0,1518;26,2437;12,4406;35,6;100;190;10000000;10000000
1068;119,4482;0,1518;26,2437;12,4406;35,6;100;190;10000000;10000000
1069;116,1044;0,1518;26,2437;12,4406;35,6;100;190;10000000;10000000
1070;125,2497;0,1518;26,2437;12,4406;35,6;100;190;10000000;10000000
1071;130,5228;0,1518;26,2437;12,4406;35,6;100;190;10000000;10000000
1072;137,8136;0,1518;26,2436;12,4406;35,6;100;190;10000000;10000000
1073;143,6906;0,1518;26,2436;12,4406;35,6;100;190;10000000;10000000
1074;142,085;0,1518;26,2436;12,4406;35,6;100;190;10000000;10000000
1075;137,8136;0,1518;26,2436;12,4406;35,6;100;190;10000000;10000000
1076;130,8229;0,1518;26,2436;12,4406;35,6;100;190;10000000;10000000
1077;130,705;0,1518;26,2435;12,4406;35,6;100;190;10000000;10000000
1078;118,3662;0,1518;26,2435;12,4407;35,6;100;190;10000000;10000000
1079;108,1345;0,1518;26,2435;12,4407;35,6;100;190;10000000;10000000
1080;106,2487;0,1518;26,2435;12,4407;35,6;100;190;10000000;10000000
1081;106,2487;0,1518;26,2435;12,4407;35,6;100;190;10000000;10000000
1082;106,2487;0,1518;26,2435;12,4407;35,6;100;190;10000000;10000000
1083;106,2487;0,1518;26,2434;12,4407;35,6;100;190;10000000;10000000
1084;106,2487;0,1518;26,2434;12,4407;35,6;100;190;10000000;10000000
1085;130,1602;0,1518;26,2434;12,4407;35,6;100;190;10000000;10000000
1086;130,7095;0,1518;26,2434;12,4407;35,6;100;190;10000000;10000000
1087;130,5231;0,1518;26,2434;12,4407;35,6;100;190;10000000;10000000
1088;103,0283;0,1518;26,2433;12,4407;35,6;100;190;10000000;10000000
1089;100,2215;0,1518;26,2433;12,4407;35,6;100;190;10000000;10000000
1090;97,9195;0,1518;26,2433;12,4407;35,6;100;190;10000000;10000000
1091;106,2487;0,1518;26,2433;12,4407;35,6;100;190;10000000;10000000
1092;100,2215;0,1518;26,2433;12,4407;35,6;100;190;10000000;10000000
1093;106,2487;0,1518;26,2433;12,4407;35,6;100;190;10000000;10000000
1094;108,1345;0,1518;26,2432;12,4407;35,6;100;190;10000000;10000000
1095;111,5136;0,1518;26,2432;12,4407;35,6;100;190;10000000;10000000
1096;133,1044;0,1518;26,2432;12,4407;35,6;100;190;10000000;10000000
1097;142,5921;0,1518;26,2432;12,4408;35,6;100;190;10000000;10000000
1098;142,4299;0,1518;26,2432;12,4408;35,6;100;190;10000000;10000000
1099;142,5921;0,1518;26,2431;12,4408;35,6;100;190;10000000;10000000
1100;134,3685;0,1518;26,2431;12,4408;35,6;100;190;10000000;10000000
1101;130,7095;0,1518;26,2431;12,4408;35,6;100;190;10000000;10000000
1102;130,7095;0,1518;26,2431;12,4408;35,6;100;190;10000000;10000000
1103;130,7095;0,1518;26,2431;12,4408;35,6;100;190;10000000;10000000
1104;130,714;0,1518;26,2431;12,4408;35,6;100;190;10000000;10000000
1105;130,714;0,1518;26,243;12,4408;35,6;100;190;10000000;10000000
1106;130,714;0,1518;26,243;12,4408;35,6;100;190;10000000;10000000
1107;130,714;0,1518;26,243;12,4408;35,6;100;190;10000000;10000000
1108;131,451;0,1518;26,243;12,4408;35,6;100;190;10000000;10000000
1109;137,8231;0,1518;26,243;12,4408;35,6;100;190;10000000;10000000
1110;143,0368;0,1518;26,2429;12,4408;35,6;100;190;10000000;10000000
1111;141,2381;0,1518;26,2429;12,4408;35,6;100;190;10000000;10000000
1112;134,3732;0,1518;26,2429;12,4408;35,6;100;190;10000000;10000000
1113;136,3972;0,1518;26,2429;12,4408;35,6;100;190;10000000;10000000
1114;130,8371;0,1518;26,2429;12,4408;35,6;100;190;10000000;10000000
1115;130,714;0,1518;26,2429;12,4408;35,6;100;190;10000000;10000000
1116;134,6154;0,1518;26,2428;12,4409;35,6;100;190;10000000;10000000
1117;130,714;0,1518;26,2428;12,4409;35,6;100;190;10000000;10000000
1118;130,714;0,1518;26,2428;12,4409;35,6;100;190;10000000;10000000
1119;136,3972;0,1518;26,2428;12,4409;35,6;100;190;10000000;10000000
1120;140,1671;0,1518;26,2428;12,4409;35,6;100;190;10000000;10000000
1121;149,3903;0,1518;26,2427;12,4409;35,6;100;190;10000000;10000000
1122;144,4577;0,1518;26,2427;12,4409;35,6;100;190;10000000;10000000
1123;139,6594;0,1518;26,2427;12,4409;35,6;100;190;10000000;10000000
1124;134,9814;0,1518;26,2427;12,4409;35,6;100;190;10000000;10000000
1125;131,4745;0,1518;26,2427;12,4409;35,6;100;190;10000000;10000000
1126;123,6716;0,1518;26,2426;12,4409;35,6;100;190;10000000;10000000
1127;108,3572;0,1518;26,2426;12,4409;35,6;100;190;10000000;10000000
1128;101,5346;0,1518;26,2426;12,4409;35,6;100;190;10000000;10000000
1129;100,2284;0,1518;26,2426;12,4409;35,6;100;190;10000000;10000000
1130;100,2284;0,1518;26,2426;12,4409;35,6;100;190;10000000;10000000
1131;100,2284;0,1518;26,2426;12,4409;35,6;100;190;10000000;10000000
1132;106,256;0,1518;26,2425;12,4409;35,6;100;190;10000000;10000000
1133;117,6663;0,1518;26,2425;12,4409;35,6;100;190;10000000;10000000
1134;130,7185;0,1518;26,2425;12,4409;35,6;100;190;10000000;10000000
1135;130,7185;0,1518;26,2425;12,4409;35,6;100;190;10000000;10000000
1136;127,8629;0,1518;26,2425;12,441;35,6;100;190;10000000;10000000
1137;113,9451;0,1518;26,2424;12,441;35,6;100;190;10000000;10000000
1138;112,1352;0,1518;26,2424;12,441;35,6;100;190;10000000;10000000
1139;105,2075;0,1518;26,2424;12,441;35,6;100;190;10000000;10000000
1140;113,6237;0,1518;26,2424;12,441;35,6;100;190;10000000;10000000
1141;112,1352;0,1518;26,2424;12,441;35,6;100;190;10000000;10000000
1142;105,2075;0,1518;26,2424;12,441;35,6;100;190;10000000;10000000
1143;115,1122;0,1518;26,2423;12,441;35,6;100;190;10000000;10000000
1144;130,7185;0,1518;26,2423;12,441;35,6;100;190;10000000;10000000
1145;134,9861;0,1518;26,2423;12,441;35,6;100;190;10000000;10000000
1146;134,3577;0,1518;26,2423;12,441;35,6;100;190;10000000;10000000
1147;130,8364;0,1518;26,2423;12,441;35,6;100;190;10000000;10000000
1148;130,7185;0,1518;26,2422;12,441;35,6;100;190;10000000;10000000
1149;130,7185;0,1518;26,2422;12,441;35,6;100;190;10000000;10000000
1150;121,8192;0,1518;26,2422;12,441;35,6;100;190;10000000;10000000
1151;121,8192;0,1518;26,2422;12,441;35,6;100;190;10000000;10000000
1152;115,5875;0,1518;26,2422;12,441;35,6;100;190;10000000;10000000
1153;114,8742;0,1518;26,2422;12,441;35,6;100;190;10000000;10000000
1154;118,8652;0,1518;26,2421;12,441;35,6;100;190;10000000;10000000
1155;111,5252;0,1518;26,2421;12,4411;35,6;100;190;10000000;10000000
1156;121,6594;0,1518;26,2421;12,4411;35,6;100;190;10000000;10000000
1157;130,723;0,1518;26,2421;12,4411;35,6;100;190;10000000;10000000
1158;119,0769;0,1518;26,2421;12,4411;35,6;100;190;10000000;10000000
1159;119,0769;0,1518;26,242;12,4411;35,6;100;190;10000000;10000000
1160;119,0769;0,1518;26,242;12,4411;35,6;100;190;10000000;10000000
1161;123,1587;0,1518;26,242;12,4411;35,6;100;190;10000000;10000000
1162;114,0732;0,1518;26,242;12,4411;35,6;100;190;10000000;10000000
1163;114,0732;0,1518;26,242;12,4411;35,6;100;190;10000000;10000000
1164;112,559;0,1518;26,242;12,4411;35,6;100;190;10000000;10000000
1165;112,559;0,1518;26,2419;12,4411;35,6;100;190;10000000;10000000
1166;109,4262;0,1518;26,2419;12,4411;35,6;100;190;10000000;10000000
1167;123,0366;0,1518;26,2419;12,4411;35,6;100;190;10000000;10000000
1168;136,4066;0,1518;26,2419;12,4411;35,6;100;190;10000000;10000000
1169;144,3581;0,1518;26,2419;12,4411;35,6;100;190;10000000;10000000
1170;146,3141;0,1518;26,2418;12,4411;35,6;100;190;10000000;10000000
1171;141,4956;0,1518;26,2418;12,4411;35,6;100;190;10000000;10000000
1172;136,7869;0,1518;26,2418;12,4411;35,6;100;190;10000000;10000000
1173;134,3623;0,1518;26,2418;12,4411;35,6;100;190;10000000;10000000
1174;131,0869;0,1518;26,2418;12,4412;35,6;100;190;10000000;10000000
1175;130,5242;0,1518;26,2418;12,4412;35,6;100;190;10000000;10000000
1176;125,2979;0,1518;26,2417;12,4412;35,6;100;190;10000000;10000000
1177;120,584;0,1518;26,2417;12,4412;35,6;100;190;10000000;10000000
1178;111,529;0,1518;26,2417;12,4412;35,6;100;190;10000000;10000000
1179;111,529;0,1518;26,2417;12,4412;35,6;100;190;10000000;10000000
1180;108,1345;0,1518;26,2417;12,4412;35,6;100;190;10000000;10000000
1181;107,1837;0,1518;26,2416;12,4412;35,6;100;190;10000000;10000000
1182;98,9786;0,1518;26,2416;12,4412;35,6;100;190;10000000;10000000
1183;86,3537;0,1518;26,2416;12,4412;35,6;100;190;10000000;10000000
1184;85,5671;0,1518;26,2416;12,4412;35,6;100;190;10000000;10000000
1185;85,1901;0,1518;26,2416;12,4412;35,6;100;190;10000000;10000000
1186;85,5671;0,1518;26,2415;12,4412;35,6;100;190;10000000;10000000
1187;85,5671;0,1518;26,2415;12,4412;35,6;100;190;10000000;10000000
1188;85,5702;0,1518;26,2415;12,4412;35,6;100;190;10000000;10000000
1189;86,1784;0,1518;26,2415;12,4412;35,6;100;190;10000000;10000000
1190;85,5702;0,1518;26,2415;12,4412;35,6;100;190;10000000;10000000
1191;87,4081;0,1518;26,2415;12,4412;35,6;100;190;10000000;10000000
1192;108,1345;0,1518;26,2414;12,4412;35,6;100;190;10000000;10000000
1193;130,7275;0,1518;26,2414;12,4412;35,6;100;190;10000000;10000000
1194;131,0914;0,1518;26,2414;12,4413;35,6;100;190;10000000;10000000
1195;130,7275;0,1518;26,2414;12,4413;35,6;100;190;10000000;10000000
1196;126,4398;0,1518;26,2414;12,4413;35,6;100;190;10000000;10000000
1197;123,6844;0,1518;26,2413;12,4413;35,6;100;190;10000000;10000000
1198;123,0409;0,1518;26,2413;12,4413;35,6;100;190;10000000;10000000
1199;126,0665;0,1518;26,2413;12,4413;35,6;100;190;10000000;10000000
1200;123,0451;0,1518;26,2413;12,4413;35,6;100;190;10000000;10000000
1201;130,732;0,1518;26,2413;12,4413;35,6;100;190;10000000;10000000
1202;130,732;0,1518;26,2413;12,4413;35,6;100;190;10000000;10000000
1203;130,732;0,1518;26,2412;12,4413;35,6;100;190;10000000;10000000
1204;130,732;0,1518;26,2412;12,4413;35,6;100;190;10000000;10000000
1205;136,8069;0,1518;26,2412;12,4413;35,6;100;190;10000000;10000000
1206;141,5054;0,1518;26,2412;12,4413;35,6;100;190;10000000;10000000
1207;143,0547;0,1518;26,2412;12,4413;35,6;100;190;10000000;10000000
1208;142,6167;0,1518;26,2411;12,4413;35,6;100;190;10000000;10000000
1209;142,6167;0,1518;26,2411;12,4413;35,6;100;190;10000000;10000000
1210;142,6167;0,1518;26,2411;12,4413;35,6;100;190;10000000;10000000
1211;142,6167;0,1518;26,2411;12,4413;35,6;100;190;10000000;10000000
1212;142,6167;0,1518;26,2411;12,4413;35,6;100;190;10000000;10000000
1213;142,6167;0,1518;26,2411;12,4414;35,6;100;190;10000000;10000000
1214;142,6167;0,1518;26,241;12,4414;35,6;100;190;10000000;10000000
1215;142,6167;0,1518;26,241;12,4414;35,6;100;190;10000000;10000000
1216;145,1247;0,1518;26,241;12,4414;35,6;100;190;10000000;10000000
1217;156,409;0,1518;26,241;12,4414;35,6;100;190;10000000;10000000
1218;151,5555;0,1518;26,241;12,4414;35,6;100;190;10000000;10000000
1219;146,0278;0,1518;26,2409;12,4414;35,6;100;190;10000000;10000000
1220;146,0278;0,1518;26,2409;12,4414;35,6;100;190;10000000;10000000
1221;142,6167;0,1518;26,2409;12,4414;35,6;100;190;10000000;10000000
1222;142,6167;0,1518;26,2409;12,4414;35,6;100;190;10000000;10000000
1223;142,6167;0,1518;26,2409;12,4414;35,6;100;190;10000000;10000000
1224;142,6216;0,1518;26,2409;12,4414;35,6;100;190;10000000;10000000
1225;139,3362;0,1518;26,2408;12,4414;35,6;100;190;10000000;10000000
1226;142,6216;0,1518;26,2408;12,4414;35,6;100;190;10000000;10000000
1227;142,6216;0,1518;26,2408;12,4414;35,6;100;190;10000000;10000000
1228;142,6216;0,1518;26,2408;12,4414;35,6;100;190;10000000;10000000
1229;144,4826;0,1518;26,2408;12,4414;35,6;100;190;10000000;10000000
1230;175,6835;0,1518;26,2407;12,4414;35,6;100;190;10000000;10000000
1231;153,1228;0,1518;26,2407;12,4414;35,6;100;190;10000000;10000000
1232;142,1193;0,1518;26,2407;12,4414;35,6;100;190;10000000;10000000
1233;142,6216;0,1518;26,2407;12,4415;35,6;100;190;10000000;10000000
1234;135,9652;0,1518;26,2407;12,4415;35,6;100;190;10000000;10000000
1235;137,2022;0,1518;26,2407;12,4415;35,6;100;190;10000000;10000000
1236;131,4971;0,1518;26,2406;12,4415;35,6;100;190;10000000;10000000
1237;133,1319;0,1518;26,2406;12,4415;35,6;100;190;10000000;10000000
1238;136,4207;0,1518;26,2406;12,4415;35,6;100;190;10000000;10000000
1239;142,6216;0,1518;26,2406;12,4415;35,6;100;190;10000000;10000000
1240;141,581;0,1518;26,2406;12,4415;35,6;100;190;10000000;10000000
1241;144,4826;0,1518;26,2405;12,4415;35,6;100;190;10000000;10000000
1242;142,6216;0,1518;26,2405;12,4415;35,6;100;190;10000000;10000000
1243;133,1319;0,1518;26,2405;12,4415;35,6;100;190;10000000;10000000
1244;103,4399;0,1518;26,2405;12,4415;35,6;100;190;10000000;10000000
1245;85,573;0,1518;26,2405;12,4415;35,6;100;190;10000000;10000000
1246;83,8368;0,1518;26,2404;12,4415;35,6;100;190;10000000;10000000
1247;81,3734;0,1518;26,2404;12,4415;35,6;100;190;10000000;10000000
1248;81,1342;0,1518;26,2404;12,4415;35,6;100;190;10000000;10000000
1249;81,1342;0,1518;26,2404;12,4415;35,6;100;190;10000000;10000000
1250;80,6209;0,1518;26,2404;12,4415;35,6;100;190;10000000;10000000
1251;79,8828;0,1518;26,2404;12,4415;35,6;100;190;10000000;10000000
1252;80,9789;0,1518;26,2403;12,4416;35,6;100;190;10000000;10000000
1253;81,2434;0,1518;26,2403;12,4416;35,6;100;190;10000000;10000000
1254;82,4286;0,1518;26,2403;12,4416;35,6;100;190;10000000;10000000
1255;82,4286;0,1518;26,2403;12,4416;35,6;100;190;10000000;10000000
1256;80,9789;0,1518;26,2403;12,4416;35,6;100;190;10000000;10000000
1257;79,8828;0,1518;26,2402;12,4416;35,6;100;190;10000000;10000000
1258;78,5934;0,1518;26,2402;12,4416;35,6;100;190;10000000;10000000
1259;78,4446;0,1518;26,2402;12,4416;35,6;100;190;10000000;10000000
1260;78,3471;0,1518;26,2402;12,4416;35,6;100;190;10000000;10000000
1261;78,4446;0,1518;26,2402;12,4416;35,6;100;190;10000000;10000000
1262;78,4446;0,1518;26,2402;12,4416;35,6;100;190;10000000;10000000
1263;78,4446;0,1518;26,2401;12,4416;35,6;100;190;10000000;10000000
1264;78,4446;0,1518;26,2401;12,4416;35,6;100;190;10000000;10000000
1265;78,4446;0,1518;26,2401;12,4416;35,6;100;190;10000000;10000000
1266;78,4446;0,1518;26,2401;12,4416;35,6;100;190;10000000;10000000
1267;78,6915;0,1518;26,2401;12,4416;35,6;100;190;10000000;10000000
1268;78,4446;0,1518;26,24;12,4416;35,6;100;190;10000000;10000000
1269;78,4446;0,1518;26,24;12,4416;35,6;100;190;10000000;10000000
1270;78,4446;0,1518;26,24;12,4416;35,6;100;190;10000000;10000000
1271;78,4446;0,1518;26,24;12,4417;35,6;100;190;10000000;10000000
1272;78,4473;0,1518;26,24;12,4417;35,6;100;190;10000000;10000000
1273;79,7182;0,1518;26,24;12,4417;35,6;100;190;10000000;10000000
1274;80,6237;0,1518;26,2399;12,4417;35,6;100;190;10000000;10000000
1275;81,2462;0,1518;26,2399;12,4417;35,6;100;190;10000000;10000000
1276;81,379;0,1518;26,2399;12,4417;35,6;100;190;10000000;10000000
1277;82,888;0,1518;26,2399;12,4417;35,6;100;190;10000000;10000000
1278;84,1647;0,1518;26,2399;12,4417;35,6;100;190;10000000;10000000
1279;85,6908;0,1518;26,2398;12,4417;35,6;100;190;10000000;10000000
1280;83,6323;0,1518;26,2398;12,4417;35,6;100;190;10000000;10000000
1281;83,8426;0,1518;26,2398;12,4417;35,6;100;190;10000000;10000000
1282;83,8426;0,1518;26,2398;12,4417;35,6;100;190;10000000;10000000
1283;84,2638;0,1519;26,2398;12,4417;35,6;100;190;10000000;10000000
1284;85,5193;0,1519;26,2398;12,4417;35,6;100;190;10000000;10000000
1285;86,1903;0,1519;26,2397;12,4417;35,6;100;190;10000000;10000000
1286;86,8164;0,1519;26,2397;12,4417;35,6;100;190;10000000;10000000
1287;90,3338;0,1519;26,2397;12,4417;35,6;100;190;10000000;10000000
1288;101,404;0,1519;26,2397;12,4417;35,6;100;190;10000000;10000000
1289;125,2885;0,1519;26,2397;12,4417;35,6;100;190;10000000;10000000
1290;130,7455;0,1519;26,2396;12,4417;35,6;100;190;10000000;10000000
1291;130,196;0,1519;26,2396;12,4418;35,6;100;190;10000000;10000000
1292;114,6751;0,1519;26,2396;12,4418;35,6;100;190;10000000;10000000
1293;108,9036;0,1519;26,2396;12,4418;35,6;100;190;10000000;10000000
1294;108,3911;0,1519;26,2396;12,4418;35,6;100;190;10000000;10000000
1295;108,1345;0,1519;26,2396;12,4418;35,6;100;190;10000000;10000000
1296;108,1345;0,1519;26,2395;12,4418;35,6;100;190;10000000;10000000
1297;108,1345;0,1519;26,2395;12,4418;35,6;100;190;10000000;10000000
1298;107,87;0,1519;26,2395;12,4418;35,6;100;190;10000000;10000000
1299;106,2816;0,1519;26,2395;12,4418;35,6;100;190;10000000;10000000
1300;108,396;0,1519;26,2395;12,4418;35,6;100;190;10000000;10000000
1301;130,75;0,1519;26,2394;12,4418;35,6;100;190;10000000;10000000
1302;142,2684;0,1519;26,2394;12,4418;35,6;100;190;10000000;10000000
1303;142,615;0,1519;26,2394;12,4418;35,6;100;190;10000000;10000000
1304;129,3635;0,1519;26,2394;12,4418;35,6;100;190;10000000;10000000
1305;116,2031;0,1519;26,2394;12,4418;35,6;100;190;10000000;10000000
1306;112,7;0,1519;26,2393;12,4418;35,6;100;190;10000000;10000000
1307;111,5482;0,1519;26,2393;12,4418;35,6;100;190;10000000;10000000
1308;111,5482;0,1519;26,2393;12,4418;35,6;100;190;10000000;10000000
1309;106,738;0,1519;26,2393;12,4418;35,6;100;190;10000000;10000000
1310;108,1345;0,1519;26,2393;12,4419;35,6;100;190;10000000;10000000
1311;133,7938;0,1519;26,2393;12,4419;35,6;100;190;10000000;10000000
1312;143,4649;0,1519;26,2392;12,4419;35,6;100;190;10000000;10000000
1313;146,9531;0,1519;26,2392;12,4419;35,6;100;190;10000000;10000000
1314;145,2796;0,1519;26,2392;12,4419;35,6;100;190;10000000;10000000
1315;142,6364;0,1519;26,2392;12,4419;35,6;100;190;10000000;10000000
1316;130,75;0,1519;26,2392;12,4419;35,6;100;190;10000000;10000000
1317;114,679;0,1519;26,2391;12,4419;35,6;100;190;10000000;10000000
1318;100,7276;0,1519;26,2391;12,4419;35,6;100;190;10000000;10000000
1319;89,2368;0,1519;26,2391;12,4419;35,6;100;190;10000000;10000000
1320;85,5848;0,1519;26,2391;12,4419;35,6;100;190;10000000;10000000
1321;84,2696;0,1519;26,2391;12,4419;35,6;100;190;10000000;10000000
1322;84,0398;0,1519;26,2391;12,4419;35,6;100;190;10000000;10000000
1323;83,6381;0,1519;26,239;12,4419;35,6;100;190;10000000;10000000
1324;82,8937;0,1519;26,239;12,4419;35,6;100;190;10000000;10000000
1325;82,8937;0,1519;26,239;12,4419;35,6;100;190;10000000;10000000
1326;81,36;0,1519;26,239;12,4419;35,6;100;190;10000000;10000000
1327;78,4527;0,1519;26,239;12,4419;35,6;100;190;10000000;10000000
1328;61,132;0,1519;26,2389;12,4419;35,6;100;190;10000000;10000000
1329;60,3754;0,1519;26,2389;12,442;35,6;100;190;10000000;10000000
1330;55,4801;0,1519;26,2389;12,442;35,6;100;190;10000000;10000000
1331;55,4801;0,1519;26,2389;12,442;35,6;100;190;10000000;10000000
1332;44,8385;0,1519;26,2389;12,442;35,6;100;190;10000000;10000000
1333;50,5848;0,1519;26,2389;12,442;35,6;100;190;10000000;10000000
1334;25,622;0,1519;26,2388;12,442;35,6;100;190;10000000;10000000
1335;61,132;0,1519;26,2388;12,442;35,6;100;190;10000000;10000000
1336;71,6379;0,1519;26,2388;12,442;35,6;100;190;10000000;10000000
1337;61,132;0,1519;26,2388;12,442;35,6;100;190;10000000;10000000
1338;61,132;0,1519;26,2388;12,442;35,6;100;190;10000000;10000000
1339;61,132;0,1519;26,2387;12,442;35,6;100;190;10000000;10000000
1340;61,132;0,1519;26,2387;12,442;35,6;100;190;10000000;10000000
1341;61,132;0,1519;26,2387;12,442;35,6;100;190;10000000;10000000
1342;61,132;0,1519;26,2387;12,442;35,6;100;190;10000000;10000000
1343;44,8385;0,1519;26,2387;12,442;35,6;100;190;10000000;10000000
1344;25,0452;0,1519;26,2387;12,442;35,6;100;190;10000000;10000000
1345;44,859;0,1519;26,2386;12,442;35,6;100;190;10000000;10000000
1346;44,859;0,1519;26,2386;12,442;35,6;100;190;10000000;10000000
1347;0;0,1519;26,2386;12,442;35,6;100;190;10000000;10000000
1348;0;0,1519;26,2386;12,442;35,6;100;190;10000000;10000000
1349;0;0,1519;26,2386;12,4421;35,6;100;190;10000000;10000000
1350;0;0,1519;26,2385;12,4421;35,6;100;190;10000000;10000000
1351;0;0,1519;26,2385;12,4421;35,6;100;190;10000000;10000000
1352;0;0,1519;26,2385;12,4421;35,6;100;190;10000000;10000000
1353;0;0,1519;26,2385;12,4421;35,6;100;190;10000000;10000000
1354;0;0,1519;26,2385;12,4421;35,6;100;190;10000000;10000000
1355;0;0,1519;26,2384;12,4421;35,6;100;190;10000000;10000000
1356;0;0,1519;26,2384;12,4421;35,6;100;190;10000000;10000000
1357;0;0,1519;26,2384;12,4421;35,6;100;190;10000000;10000000
1358;0;0,1519;26,2384;12,4421;35,6;100;190;10000000;10000000
1359;0;0,1519;26,2384;12,4421;35,6;100;190;10000000;10000000
1360;0;0,1519;26,2384;12,4421;35,6;100;190;10000000;10000000
1361;0;0,1519;26,2383;12,4421;35,6;100;190;10000000;10000000
1362;61,1341;0,1519;26,2383;12,4421;35,6;100;190;10000000;10000000
1363;61,1341;0,1519;26,2383;12,4421;35,6;100;190;10000000;10000000
1364;61,1341;0,1519;26,2383;12,4421;35,6;100;190;10000000;10000000
1365;61,1341;0,1519;26,2383;12,4421;35,6;100;190;10000000;10000000
1366;64,0843;0,1519;26,2382;12,4421;35,6;100;190;10000000;10000000
1367;77,9358;0,1519;26,2382;12,4421;35,6;100;190;10000000;10000000
1368;78,4581;0,1519;26,2382;12,4422;35,6;100;190;10000000;10000000
1369;78,4581;0,1519;26,2382;12,4422;35,6;100;190;10000000;10000000
1370;78,4581;0,1519;26,2382;12,4422;35,6;100;190;10000000;10000000
1371;78,4581;0,1519;26,2382;12,4422;35,6;100;190;10000000;10000000
1372;80,3253;0,1519;26,2381;12,4422;35,6;100;190;10000000;10000000
1373;81,991;0,1519;26,2381;12,4422;35,6;100;190;10000000;10000000
1374;84,0456;0,1519;26,2381;12,4422;35,6;100;190;10000000;10000000
1375;85,2136;0,1519;26,2381;12,4422;35,6;100;190;10000000;10000000
1376;83,1691;0,1519;26,2381;12,4422;35,6;100;190;10000000;10000000
1377;81,0909;0,1519;26,238;12,4422;35,6;100;190;10000000;10000000
1378;81,3214;0,1519;26,238;12,4422;35,6;100;190;10000000;10000000
1379;82,4428;0,1519;26,238;12,4422;35,6;100;190;10000000;10000000
1380;83,1329;0,1519;26,238;12,4422;35,6;100;190;10000000;10000000
1381;83,3228;0,1519;26,238;12,4422;35,6;100;190;10000000;10000000
1382;84,0456;0,1519;26,238;12,4422;35,6;100;190;10000000;10000000
1383;86,8284;0,1519;26,2379;12,4422;35,6;100;190;10000000;10000000
1384;102,2666;0,1519;26,2379;12,4422;35,6;100;190;10000000;10000000
1385;129,3769;0,1519;26,2379;12,4422;35,6;100;190;10000000;10000000
1386;130,5274;0,1519;26,2379;12,4422;35,6;100;190;10000000;10000000
1387;123,7184;0,1519;26,2379;12,4423;35,6;100;190;10000000;10000000
1388;108,4105;0,1519;26,2378;12,4423;35,6;100;190;10000000;10000000
1389;108,1345;0,1519;26,2378;12,4423;35,6;100;190;10000000;10000000
1390;106,2926;0,1519;26,2378;12,4423;35,6;100;190;10000000;10000000
1391;106,2926;0,1519;26,2378;12,4423;35,6;100;190;10000000;10000000
1392;106,2962;0,1519;26,2378;12,4423;35,6;100;190;10000000;10000000
1393;108,1345;0,1519;26,2378;12,4423;35,6;100;190;10000000;10000000
1394;111,5636;0,1519;26,2377;12,4423;35,6;100;190;10000000;10000000
1395;113,0963;0,1519;26,2377;12,4423;35,6;100;190;10000000;10000000
1396;108,1345;0,1519;26,2377;12,4423;35,6;100;190;10000000;10000000
1397;122,1844;0,1519;26,2377;12,4423;35,6;100;190;10000000;10000000
1398;131,2725;0,1519;26,2377;12,4423;35,6;100;190;10000000;10000000
1399;130,9931;0,1519;26,2376;12,4423;35,6;100;190;10000000;10000000
1400;133,8122;0,1519;26,2376;12,4423;35,6;100;190;10000000;10000000
1401;130,2184;0,1519;26,2376;12,4423;35,6;100;190;10000000;10000000
1402;130,768;0,1519;26,2376;12,4423;35,6;100;190;10000000;10000000
1403;130,1295;0,1519;26,2376;12,4423;35,6;100;190;10000000;10000000
1404;130,1295;0,1519;26,2376;12,4423;35,6;100;190;10000000;10000000
1405;130,768;0,1519;26,2375;12,4423;35,6;100;190;10000000;10000000
1406;130,768;0,1519;26,2375;12,4423;35,6;100;190;10000000;10000000
1407;130,768;0,1519;26,2375;12,4424;35,6;100;190;10000000;10000000
1408;143,39;0,1519;26,2375;12,4424;35,6;100;190;10000000;10000000
1409;153,1644;0,1519;26,2375;12,4424;35,6;100;190;10000000;10000000
1410;153,1644;0,1519;26,2374;12,4424;35,6;100;190;10000000;10000000
1411;146,9759;0,1519;26,2374;12,4424;35,6;100;190;10000000;10000000
1412;140,3606;0,1519;26,2374;12,4424;35,6;100;190;10000000;10000000
1413;142,656;0,1519;26,2374;12,4424;35,6;100;190;10000000;10000000
1414;139,2926;0,1519;26,2374;12,4424;35,6;100;190;10000000;10000000
1415;130,768;0,1519;26,2373;12,4424;35,6;100;190;10000000;10000000
1416;130,7725;0,1519;26,2373;12,4424;35,6;100;190;10000000;10000000
1417;130,7725;0,1519;26,2373;12,4424;35,6;100;190;10000000;10000000
1418;130,7725;0,1519;26,2373;12,4424;35,6;100;190;10000000;10000000
1419;130,7725;0,1519;26,2373;12,4424;35,6;100;190;10000000;10000000
1420;130,7725;0,1519;26,2373;12,4424;35,6;100;190;10000000;10000000
1421;142,6609;0,1519;26,2372;12,4424;35,6;100;190;10000000;10000000
1422;140,3606;0,1519;26,2372;12,4424;35,6;100;190;10000000;10000000
1423;137,3313;0,1519;26,2372;12,4424;35,6;100;190;10000000;10000000
1424;130,7725;0,1519;26,2372;12,4424;35,6;100;190;10000000;10000000
1425;126,8076;0,1519;26,2372;12,4424;35,6;100;190;10000000;10000000
1426;126,8076;0,1519;26,2372;12,4424;35,6;100;190;10000000;10000000
1427;123,0832;0,1519;26,2371;12,4425;35,6;100;190;10000000;10000000
1428;126,8076;0,1519;26,2371;12,4425;35,6;100;190;10000000;10000000
1429;108,1345;0,1519;26,2371;12,4425;35,6;100;190;10000000;10000000
1430;126,8076;0,1519;26,2371;12,4425;35,6;100;190;10000000;10000000
1431;130,7725;0,1519;26,2371;12,4425;35,6;100;190;10000000;10000000
1432;131,5333;0,1519;26,2371;12,4425;35,6;100;190;10000000;10000000
1433;137,8848;0,1519;26,237;12,4425;35,6;100;190;10000000;10000000
1434;139,0439;0,1519;26,237;12,4425;35,6;100;190;10000000;10000000
1435;135,9049;0,1519;26,237;12,4425;35,6;100;190;10000000;10000000
1436;130,7725;0,1519;26,237;12,4425;35,6;100;190;10000000;10000000
1437;119,7432;0,1519;26,237;12,4425;35,6;100;190;10000000;10000000
1438;130,2229;0,1519;26,237;12,4425;35,6;100;190;10000000;10000000
1439;130,2229;0,1519;26,2369;12,4425;35,6;100;190;10000000;10000000
1440;130,777;0,1519;26,2369;12,4425;35,6;100;190;10000000;10000000
1441;108,1345;0,1519;26,2369;12,4425;35,6;100;190;10000000;10000000
1442;130,2274;0,1519;26,2369;12,4425;35,6;100;190;10000000;10000000
1443;130,2274;0,1519;26,2369;12,4425;35,6;100;190;10000000;10000000
1444;130,2274;0,1519;26,2369;12,4425;35,6;100;190;10000000;10000000
1445;130,777;0,1519;26,2368;12,4425;35,6;100;190;10000000;10000000
1446;137,8895;0,1519;26,2368;12,4425;35,6;100;190;10000000;10000000
1447;136,463;0,1519;26,2368;12,4426;35,6;100;190;10000000;10000000
1448;130,777;0,1519;26,2368;12,4426;35,6;100;190;10000000;10000000
1449;130,777;0,1519;26,2368;12,4426;35,6;100;190;10000000;10000000
1450;130,777;0,1519;26,2367;12,4426;35,6;100;190;10000000;10000000
1451;130,777;0,1519;26,2367;12,4426;35,6;100;190;10000000;10000000
1452;130,2274;0,1519;26,2367;12,4426;35,6;100;190;10000000;10000000
1453;127,9274;0,1519;26,2367;12,4426;35,6;100;190;10000000;10000000
1454;130,777;0,1519;26,2367;12,4426;35,6;100;190;10000000;10000000
1455;130,777;0,1519;26,2367;12,4426;35,6;100;190;10000000;10000000
1456;133,1731;0,1519;26,2366;12,4426;35,6;100;190;10000000;10000000
1457;141,5332;0,1519;26,2366;12,4426;35,6;100;190;10000000;10000000
1458;141,5541;0,1519;26,2366;12,4426;35,6;100;190;10000000;10000000
1459;138,9283;0,1519;26,2366;12,4426;35,6;100;190;10000000;10000000
1460;133,1731;0,1519;26,2366;12,4426;35,6;100;190;10000000;10000000
1461;130,777;0,1519;26,2366;12,4426;35,6;100;190;10000000;10000000
1462;114,7027;0,1519;26,2365;12,4426;35,6;100;190;10000000;10000000
1463;102,5283;0,1519;26,2365;12,4426;35,6;100;190;10000000;10000000
1464;100,17;0,1519;26,2365;12,4426;35,6;100;190;10000000;10000000
1465;98,4817;0,1519;26,2365;12,4426;35,6;100;190;10000000;10000000
1466;98,4817;0,1519;26,2365;12,4426;35,6;100;190;10000000;10000000
1467;100,17;0,1519;26,2365;12,4426;35,6;100;190;10000000;10000000
1468;100,17;0,1519;26,2364;12,4427;35,6;100;190;10000000;10000000
1469;121,9878;0,1519;26,2364;12,4427;35,6;100;190;10000000;10000000
1470;129,3947;0,1519;26,2364;12,4427;35,6;100;190;10000000;10000000
1471;109,4752;0,1519;26,2364;12,4427;35,6;100;190;10000000;10000000
1472;90,3587;0,1519;26,2364;12,4427;35,6;100;190;10000000;10000000
1473;82,6235;0,1519;26,2364;12,4427;35,6;100;190;10000000;10000000
1474;79,9076;0,1519;26,2363;12,4427;35,6;100;190;10000000;10000000
1475;79,4023;0,1519;26,2363;12,4427;35,6;100;190;10000000;10000000
1476;78,8632;0,1519;26,2363;12,4427;35,6;100;190;10000000;10000000
1477;78,4689;0,1519;26,2363;12,4427;35,6;100;190;10000000;10000000
1478;79,4023;0,1519;26,2363;12,4427;35,6;100;190;10000000;10000000
1479;83,0668;0,1519;26,2363;12,4427;35,6;100;190;10000000;10000000
1480;85,6024;0,1519;26,2362;12,4427;35,6;100;190;10000000;10000000
1481;84,5456;0,1519;26,2362;12,4427;35,6;100;190;10000000;10000000
1482;81,3326;0,1519;26,2362;12,4427;35,6;100;190;10000000;10000000
1483;78,6178;0,1519;26,2362;12,4427;35,6;100;190;10000000;10000000
1484;78,4689;0,1519;26,2362;12,4427;35,6;100;190;10000000;10000000
1485;78,3173;0,1519;26,2361;12,4427;35,6;100;190;10000000;10000000
1486;72,4311;0,1519;26,2361;12,4427;35,6;100;190;10000000;10000000
1487;61,1446;0,1519;26,2361;12,4427;35,6;100;190;10000000;10000000
1488;61,1467;0,1519;26,2361;12,4427;35,6;100;190;10000000;10000000
1489;61,1467;0,1519;26,2361;12,4428;35,6;100;190;10000000;10000000
1490;61,1467;0,1519;26,2361;12,4428;35,6;100;190;10000000;10000000
1491;61,1467;0,1519;26,236;12,4428;35,6;100;190;10000000;10000000
1492;61,1467;0,1519;26,236;12,4428;35,6;100;190;10000000;10000000
1493;61,1467;0,1519;26,236;12,4428;35,6;100;190;10000000;10000000
1494;61,1467;0,1519;26,236;12,4428;35,6;100;190;10000000;10000000
1495;44,9532;0,1519;26,236;12,4428;35,6;100;190;10000000;10000000
1496;44,9532;0,1519;26,236;12,4428;35,6;100;190;10000000;10000000
1497;30,3244;0,1519;26,2359;12,4428;35,6;100;190;10000000;10000000
1498;44,9532;0,1519;26,2359;12,4428;35,6;100;190;10000000;10000000
1499;54,2648;0,1519;26,2359;12,4428;35,6;100;190;10000000;10000000
1500;61,1467;0,1519;26,2359;12,4428;35,6;100;190;10000000;10000000
1501;61,1467;0,1519;26,2359;12,4428;35,6;100;190;10000000;10000000
1502;61,1467;0,1519;26,2359;12,4428;35,6;100;190;10000000;10000000
1503;61,1467;0,1519;26,2358;12,4428;35,6;100;190;10000000;10000000
1504;78,4716;0,1519;26,2358;12,4428;35,6;100;190;10000000;10000000
1505;78,4716;0,1519;26,2358;12,4428;35,6;100;190;10000000;10000000
1506;78,4716;0,1519;26,2358;12,4428;35,6;100;190;10000000;10000000
1507;78,4716;0,1519;26,2358;12,4428;35,6;100;190;10000000;10000000
1508;78,4716;0,1519;26,2358;12,4428;35,6;100;190;10000000;10000000
1509;78,4716;0,1519;26,2357;12,4428;35,6;100;190;10000000;10000000
1510;78,7186;0,1519;26,2357;12,4429;35,6;100;190;10000000;10000000
1511;78,4716;0,1519;26,2357;12,4429;35,6;100;190;10000000;10000000
1512;78,4743;0,1519;26,2357;12,4429;35,6;100;190;10000000;10000000
1513;78,4743;0,1519;26,2357;12,4429;35,6;100;190;10000000;10000000
1514;78,4743;0,1519;26,2357;12,4429;35,6;100;190;10000000;10000000
1515;78,4743;0,1519;26,2356;12,4429;35,6;100;190;10000000;10000000
1516;78,4743;0,1519;26,2356;12,4429;35,6;100;190;10000000;10000000
1517;78,5832;0,1519;26,2356;12,4429;35,6;100;190;10000000;10000000
1518;78,5832;0,1519;26,2356;12,4429;35,6;100;190;10000000;10000000
1519;80,6514;0,1519;26,2356;12,4429;35,6;100;190;10000000;10000000
1520;80,3267;0,1519;26,2355;12,4429;35,6;100;190;10000000;10000000
1521;78,5832;0,1519;26,2355;12,4429;35,6;100;190;10000000;10000000
1522;78,5301;0,1519;26,2355;12,4429;35,6;100;190;10000000;10000000
1523;78,4743;0,1519;26,2355;12,4429;35,6;100;190;10000000;10000000
1524;78,4743;0,1519;26,2355;12,4429;35,6;100;190;10000000;10000000
1525;78,4743;0,1519;26,2355;12,4429;35,6;100;190;10000000;10000000
1526;78,4743;0,1519;26,2354;12,4429;35,6;100;190;10000000;10000000
1527;79,5052;0,1519;26,2354;12,4429;35,6;100;190;10000000;10000000
1528;79,7465;0,1519;26,2354;12,4429;35,6;100;190;10000000;10000000
1529;81,3381;0,1519;26,2354;12,4429;35,6;100;190;10000000;10000000
1530;82,383;0,1519;26,2354;12,443;35,6;100;190;10000000;10000000
1531;82,4996;0,1519;26,2354;12,443;35,6;100;190;10000000;10000000
1532;81,407;0,1519;26,2353;12,443;35,6;100;190;10000000;10000000
1533;81,4605;0,1519;26,2353;12,443;35,6;100;190;10000000;10000000
1534;81,583;0,1519;26,2353;12,443;35,6;100;190;10000000;10000000
1535;81,583;0,1519;26,2353;12,443;35,6;100;190;10000000;10000000
1536;81,9847;0,1519;26,2353;12,443;35,6;100;190;10000000;10000000
1537;85,6113;0,1519;26,2353;12,443;35,6;100;190;10000000;10000000
1538;85,6113;0,1519;26,2352;12,443;35,6;100;190;10000000;10000000
1539;85,6113;0,1519;26,2352;12,443;35,6;100;190;10000000;10000000
1540;83,5973;0,1519;26,2352;12,443;35,6;100;190;10000000;10000000
1541;85,8254;0,1519;26,2352;12,443;35,6;100;190;10000000;10000000
1542;86,3983;0,1519;26,2352;12,443;35,6;100;190;10000000;10000000
1543;87,2334;0,1519;26,2352;12,443;35,6;100;190;10000000;10000000
1544;86,7601;0,1519;26,2351;12,443;35,6;100;190;10000000;10000000
1545;86,1178;0,1519;26,2351;12,443;35,6;100;190;10000000;10000000
1546;87,0956;0,1519;26,2351;12,443;35,6;100;190;10000000;10000000
1547;88,9683;0,1519;26,2351;12,443;35,6;100;190;10000000;10000000
1548;89,0861;0,1519;26,2351;12,443;35,6;100;190;10000000;10000000
1549;88,9683;0,1519;26,2351;12,443;35,6;100;190;10000000;10000000
1550;90,368;0,1519;26,235;12,443;35,6;100;190;10000000;10000000
1551;89,0861;0,1519;26,235;12,4431;35,6;100;190;10000000;10000000
1552;102,725;0,1519;26,235;12,4431;35,6;100;190;10000000;10000000
1553;121,3921;0,1519;26,235;12,4431;35,6;100;190;10000000;10000000
1554;130,795;0,1519;26,235;12,4431;35,6;100;190;10000000;10000000
1555;130,795;0,1519;26,235;12,4431;35,6;100;190;10000000;10000000
1556;112,5813;0,1519;26,2349;12,4431;35,6;100;190;10000000;10000000
1557;109,6444;0,1519;26,2349;12,4431;35,6;100;190;10000000;10000000
1558;106,3182;0,1519;26,2349;12,4431;35,6;100;190;10000000;10000000
1559;89,8986;0,1519;26,2349;12,4431;35,6;100;190;10000000;10000000
1560;86,8523;0,1519;26,2349;12,4431;35,6;100;190;10000000;10000000
1561;88,9713;0,1519;26,2348;12,4431;35,6;100;190;10000000;10000000
1562;88,4655;0,1519;26,2348;12,4431;35,6;100;190;10000000;10000000
1563;88,9713;0,1519;26,2348;12,4431;35,6;100;190;10000000;10000000
1564;88,823;0,1519;26,2348;12,4431;35,6;100;190;10000000;10000000
1565;108,1345;0,1519;26,2348;12,4431;35,6;100;190;10000000;10000000
1566;130,7995;0,1519;26,2348;12,4431;35,6;100;190;10000000;10000000
1567;111,5905;0,1519;26,2347;12,4431;35,6;100;190;10000000;10000000
1568;96,2808;0,1519;26,2347;12,4431;35,6;100;190;10000000;10000000
1569;85,5546;0,1519;26,2347;12,4431;35,6;100;190;10000000;10000000
1570;84,0687;0,1519;26,2347;12,4431;35,6;100;190;10000000;10000000
1571;83,1558;0,1519;26,2347;12,4431;35,6;100;190;10000000;10000000
1572;83,2871;0,1519;26,2347;12,4432;35,6;100;190;10000000;10000000
1573;82,9457;0,1519;26,2346;12,4432;35,6;100;190;10000000;10000000
1574;82,9457;0,1519;26,2346;12,4432;35,6;100;190;10000000;10000000
1575;84,5103;0,1519;26,2346;12,4432;35,6;100;190;10000000;10000000
1576;98,3392;0,1519;26,2346;12,4432;35,6;100;190;10000000;10000000
1577;123,9618;0,1519;26,2346;12,4432;35,6;100;190;10000000;10000000
1578;107,5585;0,1519;26,2346;12,4432;35,6;100;190;10000000;10000000
1579;90,945;0,1519;26,2345;12,4432;35,6;100;190;10000000;10000000
1580;85,5546;0,1519;26,2345;12,4432;35,6;100;190;10000000;10000000
1581;83,1588;0,1519;26,2345;12,4432;35,6;100;190;10000000;10000000
1582;78,4797;0,1519;26,2345;12,4432;35,6;100;190;10000000;10000000
1583;61,153;0,1519;26,2345;12,4432;35,6;100;190;10000000;10000000
1584;61,1551;0,1519;26,2345;12,4432;35,6;100;190;10000000;10000000
1585;44,9686;0,1519;26,2344;12,4432;35,6;100;190;10000000;10000000
1586;25,6963;0,1519;26,2344;12,4432;35,6;100;190;10000000;10000000
1587;44,9686;0,1519;26,2344;12,4432;35,6;100;190;10000000;10000000
1588;61,1551;0,1519;26,2344;12,4432;35,6;100;190;10000000;10000000
1589;61,1551;0,1519;26,2344;12,4432;35,6;100;190;10000000;10000000
1590;61,1551;0,1519;26,2344;12,4432;35,6;100;190;10000000;10000000
1591;61,1551;0,1519;26,2343;12,4432;35,6;100;190;10000000;10000000
1592;61,1551;0,1519;26,2343;12,4433;35,6;100;190;10000000;10000000
1593;33,818;0,1519;26,2343;12,4433;35,6;100;190;10000000;10000000
1594;37,8106;0,1519;26,2343;12,4433;35,6;100;190;10000000;10000000
1595;44,9686;0,1519;26,2343;12,4433;35,6;100;190;10000000;10000000
1596;25,6963;0,1519;26,2342;12,4433;35,6;100;190;10000000;10000000
1597;37,8106;0,1519;26,2342;12,4433;35,6;100;190;10000000;10000000
1598;7,5758;0,1519;26,2342;12,4433;35,6;100;190;10000000;10000000
1599;44,9686;0,1519;26,2342;12,4433;35,6;100;190;10000000;10000000
1600;61,8835;0,1519;26,2342;12,4433;35,6;100;190;10000000;10000000
1601;78,8768;0,1519;26,2342;12,4433;35,6;100;190;10000000;10000000
1602;79,9876;0,1519;26,2341;12,4433;35,6;100;190;10000000;10000000
1603;75,6822;0,1519;26,2341;12,4433;35,6;100;190;10000000;10000000
1604;61,1551;0,1519;26,2341;12,4433;35,6;100;190;10000000;10000000
1605;61,1551;0,1519;26,2341;12,4433;35,6;100;190;10000000;10000000
1606;61,1551;0,1519;26,2341;12,4433;35,6;100;190;10000000;10000000
1607;61,1551;0,1519;26,2341;12,4433;35,6;100;190;10000000;10000000
1608;49,6166;0,1519;26,234;12,4433;35,6;100;190;10000000;10000000
1609;49,6166;0,1519;26,234;12,4433;35,6;100;190;10000000;10000000
1610;45,3638;0,1519;26,234;12,4433;35,6;100;190;10000000;10000000
1611;55,9959;0,1519;26,234;12,4433;35,6;100;190;10000000;10000000
1612;61,1572;0,1519;26,234;12,4433;35,6;100;190;10000000;10000000
1613;71,0309;0,1519;26,234;12,4434;35,6;100;190;10000000;10000000
1614;78,4851;0,1519;26,2339;12,4434;35,6;100;190;10000000;10000000
1615;61,1572;0,1519;26,2339;12,4434;35,6;100;190;10000000;10000000
1616;61,1572;0,1519;26,2339;12,4434;35,6;100;190;10000000;10000000
1617;44,9468;0,1519;26,2339;12,4434;35,6;100;190;10000000;10000000
1618;25,6839;0,1519;26,2339;12,4434;35,6;100;190;10000000;10000000
1619;25,6839;0,1519;26,2339;12,4434;35,6;100;190;10000000;10000000
1620;44,9468;0,1519;26,2338;12,4434;35,6;100;190;10000000;10000000
1621;47,4985;0,1519;26,2338;12,4434;35,6;100;190;10000000;10000000
1622;10,475;0,1519;26,2338;12,4434;35,6;100;190;10000000;10000000
1623;50,4563;0,1519;26,2338;12,4434;35,6;100;190;10000000;10000000
1624;61,1572;0,1519;26,2338;12,4434;35,6;100;190;10000000;10000000
1625;78,531;0,1519;26,2338;12,4434;35,6;100;190;10000000;10000000
1626;81,4182;0,1519;26,2337;12,4434;35,6;100;190;10000000;10000000
1627;81,513;0,1519;26,2337;12,4434;35,6;100;190;10000000;10000000
1628;81,4182;0,1519;26,2337;12,4434;35,6;100;190;10000000;10000000
1629;79,924;0,1519;26,2337;12,4434;35,6;100;190;10000000;10000000
1630;80,6625;0,1519;26,2337;12,4434;35,6;100;190;10000000;10000000
1631;79,924;0,1519;26,2336;12,4434;35,6;100;190;10000000;10000000
1632;79,9268;0,1519;26,2336;12,4434;35,6;100;190;10000000;10000000
1633;81,1947;0,152;26,2336;12,4434;35,6;100;190;10000000;10000000
1634;79,9268;0,152;26,2336;12,4435;35,6;100;190;10000000;10000000
1635;79,9268;0,152;26,2336;12,4435;35,6;100;190;10000000;10000000
1636;81,421;0,152;26,2336;12,4435;35,6;100;190;10000000;10000000
1637;82,7097;0,152;26,2335;12,4435;35,6;100;190;10000000;10000000
1638;83,3543;0,152;26,2335;12,4435;35,6;100;190;10000000;10000000
1639;82,0305;0,152;26,2335;12,4435;35,6;100;190;10000000;10000000
1640;79,5189;0,152;26,2335;12,4435;35,6;100;190;10000000;10000000
1641;79,5189;0,152;26,2335;12,4435;35,6;100;190;10000000;10000000
1642;79,5189;0,152;26,2335;12,4435;35,6;100;190;10000000;10000000
1643;79,5189;0,152;26,2334;12,4435;35,6;100;190;10000000;10000000
1644;81,1216;0,152;26,2334;12,4435;35,6;100;190;10000000;10000000
1645;81,1216;0,152;26,2334;12,4435;35,6;100;190;10000000;10000000
1646;85,6231;0,152;26,2334;12,4435;35,6;100;190;10000000;10000000
1647;86,2913;0,152;26,2334;12,4435;35,6;100;190;10000000;10000000
1648;96,2907;0,152;26,2334;12,4435;35,6;100;190;10000000;10000000
1649;108,0463;0,152;26,2333;12,4435;35,6;100;190;10000000;10000000
1650;113,8192;0,152;26,2333;12,4435;35,6;100;190;10000000;10000000
1651;95,1465;0,152;26,2333;12,4435;35,6;100;190;10000000;10000000
1652;88,9805;0,152;26,2333;12,4435;35,6;100;190;10000000;10000000
1653;87,3399;0,152;26,2333;12,4435;35,6;100;190;10000000;10000000
1654;85,8373;0,152;26,2333;12,4435;35,6;100;190;10000000;10000000
1655;83,1674;0,152;26,2332;12,4436;35,6;100;190;10000000;10000000
1656;83,0897;0,152;26,2332;12,4436;35,6;100;190;10000000;10000000
1657;82,6462;0,152;26,2332;12,4436;35,6;100;190;10000000;10000000
1658;81,4238;0,152;26,2332;12,4436;35,6;100;190;10000000;10000000
1659;81,4238;0,152;26,2332;12,4436;35,6;100;190;10000000;10000000
1660;82,7126;0,152;26,2332;12,4436;35,6;100;190;10000000;10000000
1661;82,9337;0,152;26,2331;12,4436;35,6;100;190;10000000;10000000
1662;82,5167;0,152;26,2331;12,4436;35,6;100;190;10000000;10000000
1663;81,1244;0,152;26,2331;12,4436;35,6;100;190;10000000;10000000
1664;79,5216;0,152;26,2331;12,4436;35,6;100;190;10000000;10000000
1665;78,4905;0,152;26,2331;12,4436;35,6;100;190;10000000;10000000
1666;78,4905;0,152;26,233;12,4436;35,6;100;190;10000000;10000000
1667;78,319;0,152;26,233;12,4436;35,6;100;190;10000000;10000000
1668;78,319;0,152;26,233;12,4436;35,6;100;190;10000000;10000000
1669;78,4905;0,152;26,233;12,4436;35,6;100;190;10000000;10000000
1670;78,4905;0,152;26,233;12,4436;35,6;100;190;10000000;10000000
1671;78,4905;0,152;26,233;12,4436;35,6;100;190;10000000;10000000
1672;80,6155;0,152;26,2329;12,4436;35,6;100;190;10000000;10000000
1673;83,8336;0,152;26,2329;12,4436;35,6;100;190;10000000;10000000
1674;85,8402;0,152;26,2329;12,4436;35,6;100;190;10000000;10000000
1675;84,1547;0,152;26,2329;12,4437;35,6;100;190;10000000;10000000
1676;83,0897;0,152;26,2329;12,4437;35,6;100;190;10000000;10000000
1677;82,9337;0,152;26,2329;12,4437;35,6;100;190;10000000;10000000
1678;82,9337;0,152;26,2328;12,4437;35,6;100;190;10000000;10000000
1679;81,2266;0,152;26,2328;12,4437;35,6;100;190;10000000;10000000
1680;78,6422;0,152;26,2328;12,4437;35,6;100;190;10000000;10000000
1681;78,4932;0,152;26,2328;12,4437;35,6;100;190;10000000;10000000
1682;78,4932;0,152;26,2328;12,4437;35,6;100;190;10000000;10000000
1683;78,3193;0,152;26,2328;12,4437;35,6;100;190;10000000;10000000
1684;74,5898;0,152;26,2327;12,4437;35,6;100;190;10000000;10000000
1685;75,6926;0,152;26,2327;12,4437;35,6;100;190;10000000;10000000
1686;66,2217;0,152;26,2327;12,4437;35,6;100;190;10000000;10000000
1687;61,1635;0,152;26,2327;12,4437;35,6;100;190;10000000;10000000
1688;51,6339;0,152;26,2327;12,4437;35,6;100;190;10000000;10000000
1689;61,1635;0,152;26,2327;12,4437;35,6;100;190;10000000;10000000
1690;61,1635;0,152;26,2326;12,4437;35,6;100;190;10000000;10000000
1691;61,1635;0,152;26,2326;12,4437;35,6;100;190;10000000;10000000
1692;61,1635;0,152;26,2326;12,4437;35,6;100;190;10000000;10000000
1693;61,1635;0,152;26,2326;12,4437;35,6;100;190;10000000;10000000
1694;61,1635;0,152;26,2326;12,4437;35,6;100;190;10000000;10000000
1695;61,1635;0,152;26,2326;12,4437;35,6;100;190;10000000;10000000
1696;74,5898;0,152;26,2325;12,4438;35,6;100;190;10000000;10000000
1697;78,4932;0,152;26,2325;12,4438;35,6;100;190;10000000;10000000
1698;82,4029;0,152;26,2325;12,4438;35,6;100;190;10000000;10000000
1699;81,4266;0,152;26,2325;12,4438;35,6;100;190;10000000;10000000
1700;81,3577;0,152;26,2325;12,4438;35,6;100;190;10000000;10000000
1701;81,9391;0,152;26,2324;12,4438;35,6;100;190;10000000;10000000
1702;81,9391;0,152;26,2324;12,4438;35,6;100;190;10000000;10000000
1703;81,9391;0,152;26,2324;12,4438;35,6;100;190;10000000;10000000
1704;81,9082;0,152;26,2324;12,4438;35,6;100;190;10000000;10000000
1705;81,9082;0,152;26,2324;12,4438;35,6;100;190;10000000;10000000
1706;81,4517;0,152;26,2324;12,4438;35,6;100;190;10000000;10000000
1707;81,9082;0,152;26,2323;12,4438;35,6;100;190;10000000;10000000
1708;83,0954;0,152;26,2323;12,4438;35,6;100;190;10000000;10000000
1709;85,7439;0,152;26,2323;12,4438;35,6;100;190;10000000;10000000
1710;93,8157;0,152;26,2323;12,4438;35,6;100;190;10000000;10000000
1711;89,7615;0,152;26,2323;12,4438;35,6;100;190;10000000;10000000
1712;85,635;0,152;26,2323;12,4438;35,6;100;190;10000000;10000000
1713;85,5723;0,152;26,2322;12,4438;35,6;100;190;10000000;10000000
1714;84,5498;0,152;26,2322;12,4438;35,6;100;190;10000000;10000000
1715;83,5693;0,152;26,2322;12,4438;35,6;100;190;10000000;10000000
1716;84,0861;0,152;26,2322;12,4438;35,6;100;190;10000000;10000000
1717;84,0861;0,152;26,2322;12,4439;35,6;100;190;10000000;10000000
1718;83,6842;0,152;26,2322;12,4439;35,6;100;190;10000000;10000000
1719;85,6319;0,152;26,2321;12,4439;35,6;100;190;10000000;10000000
1720;108,4782;0,152;26,2321;12,4439;35,6;100;190;10000000;10000000
1721;130,8265;0,152;26,2321;12,4439;35,6;100;190;10000000;10000000
1722;142,7198;0,152;26,2321;12,4439;35,6;100;190;10000000;10000000
1723;142,7198;0,152;26,2321;12,4439;35,6;100;190;10000000;10000000
1724;130,8265;0,152;26,2321;12,4439;35,6;100;190;10000000;10000000
1725;130,8265;0,152;26,232;12,4439;35,6;100;190;10000000;10000000
1726;106,3438;0,152;26,232;12,4439;35,6;100;190;10000000;10000000
1727;88,9897;0,152;26,232;12,4439;35,6;100;190;10000000;10000000
1728;86,699;0,152;26,232;12,4439;35,6;100;190;10000000;10000000
1729;85,6348;0,152;26,232;12,4439;35,6;100;190;10000000;10000000
1730;85,6348;0,152;26,232;12,4439;35,6;100;190;10000000;10000000
1731;85,6348;0,152;26,2319;12,4439;35,6;100;190;10000000;10000000
1732;85,6348;0,152;26,2319;12,4439;35,6;100;190;10000000;10000000
1733;102,4833;0,152;26,2319;12,4439;35,6;100;190;10000000;10000000
1734;123,073;0,152;26,2319;12,4439;35,6;100;190;10000000;10000000
1735;92,692;0,152;26,2319;12,4439;35,6;100;190;10000000;10000000
1736;85,6348;0,152;26,2319;12,4439;35,6;100;190;10000000;10000000
1737;84,9147;0,152;26,2318;12,444;35,6;100;190;10000000;10000000
1738;82,6548;0,152;26,2318;12,444;35,6;100;190;10000000;10000000
1739;83,0983;0,152;26,2318;12,444;35,6;100;190;10000000;10000000
1740;81,2994;0,152;26,2318;12,444;35,6;100;190;10000000;10000000
1741;82,9422;0,152;26,2318;12,444;35,6;100;190;10000000;10000000
1742;83,4475;0,152;26,2317;12,444;35,6;100;190;10000000;10000000
1743;85,2576;0,152;26,2317;12,444;35,6;100;190;10000000;10000000
1744;89,1227;0,152;26,2317;12,444;35,6;100;190;10000000;10000000
1745;90,6099;0,152;26,2317;12,444;35,6;100;190;10000000;10000000
1746;96,304;0,152;26,2317;12,444;35,6;100;190;10000000;10000000
1747;87,1195;0,152;26,2317;12,444;35,6;100;190;10000000;10000000
1748;83,9024;0,152;26,2316;12,444;35,6;100;190;10000000;10000000
1749;82,5252;0,152;26,2316;12,444;35,6;100;190;10000000;10000000
1750;80,6764;0,152;26,2316;12,444;35,6;100;190;10000000;10000000
1751;78,6263;0,152;26,2316;12,444;35,6;100;190;10000000;10000000
1752;78,6503;0,152;26,2316;12,444;35,6;100;190;10000000;10000000
1753;78,5013;0,152;26,2316;12,444;35,6;100;190;10000000;10000000
1754;79,2787;0,152;26,2315;12,444;35,6;100;190;10000000;10000000
1755;79,9016;0,152;26,2315;12,444;35,6;100;190;10000000;10000000
1756;81,4885;0,152;26,2315;12,444;35,6;100;190;10000000;10000000
1757;84,0919;0,152;26,2315;12,444;35,6;100;190;10000000;10000000
1758;85,5782;0,152;26,2315;12,4441;35,6;100;190;10000000;10000000
1759;85,0303;0,152;26,2315;12,4441;35,6;100;190;10000000;10000000
1760;84,633;0,152;26,2314;12,4441;35,6;100;190;10000000;10000000
1761;83,1011;0,152;26,2314;12,4441;35,6;100;190;10000000;10000000
1762;84,9343;0,152;26,2314;12,4441;35,6;100;190;10000000;10000000
1763;85,6378;0,152;26,2314;12,4441;35,6;100;190;10000000;10000000
1764;85,6378;0,152;26,2314;12,4441;35,6;100;190;10000000;10000000
1765;85,6378;0,152;26,2314;12,4441;35,6;100;190;10000000;10000000
1766;85,6378;0,152;26,2313;12,4441;35,6;100;190;10000000;10000000
1767;85,6378;0,152;26,2313;12,4441;35,6;100;190;10000000;10000000
1768;103,776;0,152;26,2313;12,4441;35,6;100;190;10000000;10000000
1769;130,8355;0,152;26,2313;12,4441;35,6;100;190;10000000;10000000
1770;135,1069;0,152;26,2313;12,4441;35,6;100;190;10000000;10000000
1771;130,8355;0,152;26,2313;12,4441;35,6;100;190;10000000;10000000
1772;130,2857;0,152;26,2312;12,4441;35,6;100;190;10000000;10000000
1773;115,6863;0,152;26,2312;12,4441;35,6;100;190;10000000;10000000
1774;111,6212;0,152;26,2312;12,4441;35,6;100;190;10000000;10000000
1775;106,3511;0,152;26,2312;12,4441;35,6;100;190;10000000;10000000
1776;106,3548;0,152;26,2312;12,4441;35,6;100;190;10000000;10000000
1777;106,3548;0,152;26,2311;12,4441;35,6;100;190;10000000;10000000
1778;106,3548;0,152;26,2311;12,4441;35,6;100;190;10000000;10000000
1779;106,3548;0,152;26,2311;12,4442;35,6;100;190;10000000;10000000
1780;113,3722;0,152;26,2311;12,4442;35,6;100;190;10000000;10000000
1781;140,7688;0,152;26,2311;12,4442;35,6;100;190;10000000;10000000
1782;137,1556;0,152;26,2311;12,4442;35,6;100;190;10000000;10000000
1783;130,84;0,152;26,231;12,4442;35,6;100;190;10000000;10000000
1784;102,8206;0,152;26,231;12,4442;35,6;100;190;10000000;10000000
1785;106,3548;0,152;26,231;12,4442;35,6;100;190;10000000;10000000
1786;86,0584;0,152;26,231;12,4442;35,6;100;190;10000000;10000000
1787;86,79;0,152;26,231;12,4442;35,6;100;190;10000000;10000000
1788;85,6407;0,152;26,231;12,4442;35,6;100;190;10000000;10000000
1789;85,6407;0,152;26,2309;12,4442;35,6;100;190;10000000;10000000
1790;86,79;0,152;26,2309;12,4442;35,6;100;190;10000000;10000000
1791;86,6195;0,152;26,2309;12,4442;35,6;100;190;10000000;10000000
1792;108,1345;0,152;26,2309;12,4442;35,6;100;190;10000000;10000000
1793;137,3805;0,152;26,2309;12,4442;35,6;100;190;10000000;10000000
1794;142,7346;0,152;26,2309;12,4442;35,6;100;190;10000000;10000000
1795;130,84;0,152;26,2308;12,4442;35,6;100;190;10000000;10000000
1796;127,9968;0,152;26,2308;12,4442;35,6;100;190;10000000;10000000
1797;99,1752;0,152;26,2308;12,4442;35,6;100;190;10000000;10000000
1798;86,9863;0,152;26,2308;12,4442;35,6;100;190;10000000;10000000
1799;83,7183;0,152;26,2308;12,4442;35,6;100;190;10000000;10000000
1800;83,1069;0,152;26,2308;12,4443;35,6;100;190;10000000;10000000
1801;82,6633;0,152;26,2307;12,4443;35,6;100;190;10000000;10000000
1802;81,7256;0,152;26,2307;12,4443;35,6;100;190;10000000;10000000
1803;81,7256;0,152;26,2307;12,4443;35,6;100;190;10000000;10000000
1804;83,1069;0,152;26,2307;12,4443;35,6;100;190;10000000;10000000
1805;85,2053;0,152;26,2307;12,4443;35,6;100;190;10000000;10000000
1806;84,0977;0,152;26,2307;12,4443;35,6;100;190;10000000;10000000
1807;81,4406;0,152;26,2306;12,4443;35,6;100;190;10000000;10000000
1808;77,9868;0,152;26,2306;12,4443;35,6;100;190;10000000;10000000
1809;61,1741;0,152;26,2306;12,4443;35,6;100;190;10000000;10000000
1810;61,1741;0,152;26,2306;12,4443;35,6;100;190;10000000;10000000
1811;61,1741;0,152;26,2306;12,4443;35,6;100;190;10000000;10000000
1812;61,1741;0,152;26,2305;12,4443;35,6;100;190;10000000;10000000
1813;61,1741;0,152;26,2305;12,4443;35,6;100;190;10000000;10000000
1814;61,1741;0,152;26,2305;12,4443;35,6;100;190;10000000;10000000
1815;61,1741;0,152;26,2305;12,4443;35,6;100;190;10000000;10000000
1816;64,2464;0,152;26,2305;12,4443;35,6;100;190;10000000;10000000
1817;72,3025;0,152;26,2305;12,4443;35,6;100;190;10000000;10000000
1818;78,5067;0,152;26,2304;12,4443;35,6;100;190;10000000;10000000
1819;68,3898;0,152;26,2304;12,4443;35,6;100;190;10000000;10000000
1820;77,9868;0,152;26,2304;12,4444;35,6;100;190;10000000;10000000
1821;78,5067;0,152;26,2304;12,4444;35,6;100;190;10000000;10000000
1822;77,9868;0,152;26,2304;12,4444;35,6;100;190;10000000;10000000
1823;77,9868;0,152;26,2304;12,4444;35,6;100;190;10000000;10000000
1824;77,9895;0,152;26,2303;12,4444;35,6;100;190;10000000;10000000
1825;78,5094;0,152;26,2303;12,4444;35,6;100;190;10000000;10000000
1826;78,5094;0,152;26,2303;12,4444;35,6;100;190;10000000;10000000
1827;78,5094;0,152;26,2303;12,4444;35,6;100;190;10000000;10000000
1828;79,302;0,152;26,2303;12,4444;35,6;100;190;10000000;10000000
1829;79,9098;0,152;26,2303;12,4444;35,6;100;190;10000000;10000000
1830;78,5094;0,152;26,2302;12,4444;35,6;100;190;10000000;10000000
1831;78,5094;0,152;26,2302;12,4444;35,6;100;190;10000000;10000000
1832;77,9895;0,152;26,2302;12,4444;35,6;100;190;10000000;10000000
1833;77,9895;0,152;26,2302;12,4444;35,6;100;190;10000000;10000000
1834;77,9895;0,152;26,2302;12,4444;35,6;100;190;10000000;10000000
1835;77,9895;0,152;26,2302;12,4444;35,6;100;190;10000000;10000000
1836;77,9895;0,152;26,2301;12,4444;35,6;100;190;10000000;10000000
1837;77,9895;0,152;26,2301;12,4444;35,6;100;190;10000000;10000000
1838;78,5094;0,152;26,2301;12,4444;35,6;100;190;10000000;10000000
1839;78,5094;0,152;26,2301;12,4444;35,6;100;190;10000000;10000000
1840;80,6875;0,152;26,2301;12,4444;35,6;100;190;10000000;10000000
1841;84,2313;0,152;26,2301;12,4445;35,6;100;190;10000000;10000000
1842;87,3639;0,152;26,23;12,4445;35,6;100;190;10000000;10000000
1843;86,2585;0,152;26,23;12,4445;35,6;100;190;10000000;10000000
1844;84,6417;0,152;26,23;12,4445;35,6;100;190;10000000;10000000
1845;84,1006;0,152;26,23;12,4445;35,6;100;190;10000000;10000000
1846;83,5837;0,152;26,23;12,4445;35,6;100;190;10000000;10000000
1847;83,5802;0,152;26,2299;12,4445;35,6;100;190;10000000;10000000
1848;83,583;0,152;26,2299;12,4445;35,6;100;190;10000000;10000000
1849;83,1931;0,152;26,2299;12,4445;35,6;100;190;10000000;10000000
1850;83,1902;0,152;26,2299;12,4445;35,6;100;190;10000000;10000000
1851;82,8312;0,152;26,2299;12,4445;35,6;100;190;10000000;10000000
1852;83,1126;0,152;26,2299;12,4445;35,6;100;190;10000000;10000000
1853;82,4996;0,152;26,2298;12,4445;35,6;100;190;10000000;10000000
1854;78,5121;0,152;26,2298;12,4445;35,6;100;190;10000000;10000000
1855;78,3208;0,152;26,2298;12,4445;35,6;100;190;10000000;10000000
1856;78,3208;0,152;26,2298;12,4445;35,6;100;190;10000000;10000000
1857;78,3208;0,152;26,2298;12,4445;35,6;100;190;10000000;10000000
1858;78,5121;0,152;26,2298;12,4445;35,6;100;190;10000000;10000000
1859;78,5121;0,152;26,2297;12,4445;35,6;100;190;10000000;10000000
1860;78,3208;0,152;26,2297;12,4445;35,6;100;190;10000000;10000000
1861;78,3208;0,152;26,2297;12,4445;35,6;100;190;10000000;10000000
1862;78,3208;0,152;26,2297;12,4446;35,6;100;190;10000000;10000000
1863;78,5121;0,152;26,2297;12,4446;35,6;100;190;10000000;10000000
1864;81,0462;0,152;26,2297;12,4446;35,6;100;190;10000000;10000000
1865;81,4462;0,152;26,2296;12,4446;35,6;100;190;10000000;10000000
1866;83,5866;0,152;26,2296;12,4446;35,6;100;190;10000000;10000000
1867;84,1035;0,152;26,2296;12,4446;35,6;100;190;10000000;10000000
1868;82,9565;0,152;26,2296;12,4446;35,6;100;190;10000000;10000000
1869;83,1126;0,152;26,2296;12,4446;35,6;100;190;10000000;10000000
1870;84,9128;0,152;26,2296;12,4446;35,6;100;190;10000000;10000000
1871;84,6203;0,152;26,2295;12,4446;35,6;100;190;10000000;10000000
1872;84,3337;0,152;26,2295;12,4446;35,6;100;190;10000000;10000000
1873;85,5679;0,152;26,2295;12,4446;35,6;100;190;10000000;10000000
1874;85,6525;0,152;26,2295;12,4446;35,6;100;190;10000000;10000000
1875;85,6525;0,152;26,2295;12,4446;35,6;100;190;10000000;10000000
1876;87,4151;0,152;26,2295;12,4446;35,6;100;190;10000000;10000000
1877;128,4967;0,152;26,2294;12,4446;35,6;100;190;10000000;10000000
1878;108,5121;0,152;26,2294;12,4446;35,6;100;190;10000000;10000000
1879;106,3694;0,152;26,2294;12,4446;35,6;100;190;10000000;10000000
1880;86,7685;0,152;26,2294;12,4446;35,6;100;190;10000000;10000000
1881;86,7685;0,152;26,2294;12,4446;35,6;100;190;10000000;10000000
1882;86,8019;0,152;26,2293;12,4447;35,6;100;190;10000000;10000000
1883;86,0703;0,152;26,2293;12,4447;35,6;100;190;10000000;10000000
1884;86,7685;0,152;26,2293;12,4447;35,6;100;190;10000000;10000000
1885;86,8019;0,152;26,2293;12,4447;35,6;100;190;10000000;10000000
1886;86,8019;0,152;26,2293;12,4447;35,6;100;190;10000000;10000000
1887;89,1184;0,152;26,2293;12,4447;35,6;100;190;10000000;10000000
1888;130,858;0,152;26,2292;12,4447;35,6;100;190;10000000;10000000
1889;145,6738;0,152;26,2292;12,4447;35,6;100;190;10000000;10000000
1890;147,7108;0,152;26,2292;12,4447;35,6;100;190;10000000;10000000
1891;140,8306;0,152;26,2292;12,4447;35,6;100;190;10000000;10000000
1892;142,7542;0,152;26,2292;12,4447;35,6;100;190;10000000;10000000
1893;130,9761;0,152;26,2292;12,4447;35,6;100;190;10000000;10000000
1894;130,3081;0,152;26,2291;12,4447;35,6;100;190;10000000;10000000
1895;106,3694;0,152;26,2291;12,4447;35,6;100;190;10000000;10000000
1896;106,3731;0,152;26,2291;12,4447;35,6;100;190;10000000;10000000
1897;89,0799;0,152;26,2291;12,4447;35,6;100;190;10000000;10000000
1898;90,6317;0,152;26,2291;12,4447;35,6;100;190;10000000;10000000
1899;95,9726;0,152;26,2291;12,4447;35,6;100;190;10000000;10000000
1900;105,3771;0,152;26,229;12,4447;35,6;100;190;10000000;10000000
1901;126,9059;0,152;26,229;12,4447;35,6;100;190;10000000;10000000
1902;120,9318;0,152;26,229;12,4447;35,6;100;190;10000000;10000000
1903;103,0118;0,152;26,229;12,4448;35,6;100;190;10000000;10000000
1904;83,5923;0,152;26,229;12,4448;35,6;100;190;10000000;10000000
1905;81,4518;0,152;26,229;12,4448;35,6;100;190;10000000;10000000
1906;80,6958;0,152;26,2289;12,4448;35,6;100;190;10000000;10000000
1907;80,6958;0,152;26,2289;12,4448;35,6;100;190;10000000;10000000
1908;80,6958;0,152;26,2289;12,4448;35,6;100;190;10000000;10000000
1909;80,6958;0,152;26,2289;12,4448;35,6;100;190;10000000;10000000
1910;80,6958;0,152;26,2289;12,4448;35,6;100;190;10000000;10000000
1911;81,7265;0,152;26,2289;12,4448;35,6;100;190;10000000;10000000
1912;85,8697;0,152;26,2288;12,4448;35,6;100;190;10000000;10000000
1913;106,3731;0,152;26,2288;12,4448;35,6;100;190;10000000;10000000
1914;112,7046;0,152;26,2288;12,4448;35,6;100;190;10000000;10000000
1915;95,3453;0,152;26,2288;12,4448;35,6;100;190;10000000;10000000
1916;86,4429;0,152;26,2288;12,4448;35,6;100;190;10000000;10000000
1917;83,6366;0,152;26,2288;12,4448;35,6;100;190;10000000;10000000
1918;82,5053;0,152;26,2287;12,4448;35,6;100;190;10000000;10000000
1919;80,3491;0,152;26,2287;12,4448;35,6;100;190;10000000;10000000
1920;78,5202;0,152;26,2287;12,4448;35,6;100;190;10000000;10000000
1921;78,5202;0,152;26,2287;12,4448;35,6;100;190;10000000;10000000
1922;78,0002;0,152;26,2287;12,4448;35,6;100;190;10000000;10000000
1923;78,0002;0,152;26,2286;12,4448;35,6;100;190;10000000;10000000
1924;78,5202;0,152;26,2286;12,4449;35,6;100;190;10000000;10000000
1925;78,5202;0,152;26,2286;12,4449;35,6;100;190;10000000;10000000
1926;78,5202;0,152;26,2286;12,4449;35,6;100;190;10000000;10000000
1927;0;0,152;26,2286;12,4449;35,6;100;190;10000000;10000000
1928;-1;0,152;26,2286;12,4449;35,6;100;190;10000000;10000000
1929;0;0,152;26,2285;12,4449;35,6;100;190;10000000;10000000
1930;0;0,152;26,2285;12,4449;35,6;100;190;10000000;10000000
1931;0;0,152;26,2285;12,4449;35,6;100;190;10000000;10000000
1932;0;0,152;26,2285;12,4449;35,6;100;190;10000000;10000000
1933;0;0,152;26,2285;12,4449;35,6;100;190;10000000;10000000
1934;-1;0,152;26,2285;12,4449;35,6;100;190;10000000;10000000
1935;-1;0,152;26,2284;12,4449;35,6;100;190;10000000;10000000
1936;-65;0,152;26,2284;12,4449;35,6;100;190;10000000;10000000
1937;-65;0,152;26,2284;12,4449;35,6;100;190;10000000;10000000
1938;-65;0,152;26,2284;12,4449;35,6;100;190;10000000;10000000
1939;-65;0,152;26,2284;12,4449;35,6;100;190;10000000;10000000
1940;-1;0,152;26,2284;12,4449;35,6;100;190;10000000;10000000
1941;-65;0,152;26,2283;12,4449;35,6;100;190;10000000;10000000
1942;-65;0,152;26,2283;12,4449;35,6;100;190;10000000;10000000
1943;-1;0,152;26,2283;12,4449;35,6;100;190;10000000;10000000
1944;-65;0,152;26,2283;12,4449;35,6;100;190;10000000;10000000
1945;-65;0,152;26,2283;12,445;35,6;100;190;10000000;10000000
1946;-65;0,152;26,2283;12,445;35,6;100;190;10000000;10000000
1947;-65;0,152;26,2282;12,445;35,6;100;190;10000000;10000000
1948;-65;0,152;26,2282;12,445;35,6;100;190;10000000;10000000
1949;-1;0,152;26,2282;12,445;35,6;100;190;10000000;10000000
1950;-1;0,152;26,2282;12,445;35,6;100;190;10000000;10000000
1951;-1;0,152;26,2282;12,445;35,6;100;190;10000000;10000000
1952;0;0,152;26,2282;12,445;35,6;100;190;10000000;10000000
1953;0;0,152;26,2281;12,445;35,6;100;190;10000000;10000000
1954;0;0,152;26,2281;12,445;35,6;100;190;10000000;10000000
1955;0;0,152;26,2281;12,445;35,6;100;190;10000000;10000000
1956;0;0,152;26,2281;12,445;35,6;100;190;10000000;10000000
1957;0;0,152;26,2281;12,445;35,6;100;190;10000000;10000000
1958;0;0,152;26,228;12,445;35,6;100;190;10000000;10000000
1959;0;0,152;26,228;12,445;35,6;100;190;10000000;10000000
1960;0;0,152;26,228;12,445;35,6;100;190;10000000;10000000
1961;0;0,152;26,228;12,445;35,6;100;190;10000000;10000000
1962;0;0,152;26,228;12,445;35,6;100;190;10000000;10000000
1963;0;0,152;26,228;12,445;35,6;100;190;10000000;10000000
1964;0;0,152;26,2279;12,445;35,6;100;190;10000000;10000000
1965;0;0,152;26,2279;12,4451;35,6;100;190;10000000;10000000
1966;0;0,152;26,2279;12,4451;35,6;100;190;10000000;10000000
1967;0;0,152;26,2279;12,4451;35,6;100;190;10000000;10000000
1968;0;0,152;26,2279;12,4451;35,6;100;190;10000000;10000000
1969;0;0,152;26,2279;12,4451;35,6;100;190;10000000;10000000
1970;0;0,152;26,2278;12,4451;35,6;100;190;10000000;10000000
1971;0;0,152;26,2278;12,4451;35,6;100;190;10000000;10000000
1972;0;0,152;26,2278;12,4451;35,6;100;190;10000000;10000000
1973;61,1888;0,152;26,2278;12,4451;35,6;100;190;10000000;10000000
1974;61,1888;0,152;26,2278;12,4451;35,6;100;190;10000000;10000000
1975;44,9189;0,152;26,2278;12,4451;35,6;100;190;10000000;10000000
1976;44,9189;0,152;26,2277;12,4451;35,6;100;190;10000000;10000000
1977;20,492;0,152;26,2277;12,4451;35,6;100;190;10000000;10000000
1978;25,668;0,152;26,2277;12,4451;35,6;100;190;10000000;10000000
1979;25,668;0,152;26,2277;12,4451;35,6;100;190;10000000;10000000
1980;25,668;0,152;26,2277;12,4451;35,6;100;190;10000000;10000000
1981;32,3906;0,152;26,2277;12,4451;35,6;100;190;10000000;10000000
1982;7,5758;0,152;26,2276;12,4451;35,6;100;190;10000000;10000000
1983;44,9189;0,152;26,2276;12,4451;35,6;100;190;10000000;10000000
1984;61,1888;0,152;26,2276;12,4451;35,6;100;190;10000000;10000000
1985;83,2074;0,152;26,2276;12,4451;35,6;100;190;10000000;10000000
1986;87,2874;0,152;26,2276;12,4452;35,6;100;190;10000000;10000000
1987;87,0103;0,152;26,2276;12,4452;35,6;100;190;10000000;10000000
1988;85,844;0,152;26,2275;12,4452;35,6;100;190;10000000;10000000
1989;85,6643;0,152;26,2275;12,4452;35,6;100;190;10000000;10000000
1990;83,456;0,152;26,2275;12,4452;35,6;100;190;10000000;10000000
1991;81,3273;0,152;26,2275;12,4452;35,6;100;190;10000000;10000000
1992;63,6292;0,152;26,2275;12,4452;35,6;100;190;10000000;10000000
1993;61,1909;0,1521;26,2274;12,4452;35,6;100;190;10000000;10000000
1994;66,7585;0,1521;26,2274;12,4452;35,6;100;190;10000000;10000000
1995;73,1104;0,1521;26,2274;12,4452;35,6;100;190;10000000;10000000
1996;71,9913;0,1521;26,2274;12,4452;35,6;100;190;10000000;10000000
1997;68,7232;0,1521;26,2274;12,4452;35,6;100;190;10000000;10000000
1998;72,9308;0,1521;26,2274;12,4452;35,6;100;190;10000000;10000000
1999;63,6292;0,1521;26,2273;12,4452;35,6;100;190;10000000;10000000
2000;71,9913;0,1521;26,2273;12,4452;35,6;100;190;10000000;10000000
2001;77,241;0,1521;26,2273;12,4452;35,6;100;190;10000000;10000000
2002;63,6292;0,1521;26,2273;12,4452;35,6;100;190;10000000;10000000
2003;61,1909;0,1521;26,2273;12,4452;35,6;100;190;10000000;10000000
2004;63,6292;0,1521;26,2273;12,4452;35,6;100;190;10000000;10000000
2005;63,6292;0,1521;26,2272;12,4452;35,6;100;190;10000000;10000000
2006;66,7585;0,1521;26,2272;12,4452;35,6;100;190;10000000;10000000
2007;78,5283;0,1521;26,2272;12,4453;35,6;100;190;10000000;10000000
2008;79,9681;0,1521;26,2272;12,4453;35,6;100;190;10000000;10000000
2009;82,6861;0,1521;26,2272;12,4453;35,6;100;190;10000000;10000000
2010;82,4397;0,1521;26,2272;12,4453;35,6;100;190;10000000;10000000
2011;82,4397;0,1521;26,2271;12,4453;35,6;100;190;10000000;10000000
2012;80,707;0,1521;26,2271;12,4453;35,6;100;190;10000000;10000000
2013;81,0629;0,1521;26,2271;12,4453;35,6;100;190;10000000;10000000
2014;80,707;0,1521;26,2271;12,4453;35,6;100;190;10000000;10000000
2015;78,9229;0,1521;26,2271;12,4453;35,6;100;190;10000000;10000000
2016;78,531;0,1521;26,2271;12,4453;35,6;100;190;10000000;10000000
2017;78,531;0,1521;26,227;12,4453;35,6;100;190;10000000;10000000
2018;80,2979;0,1521;26,227;12,4453;35,6;100;190;10000000;10000000
2019;78,7782;0,1521;26,227;12,4453;35,6;100;190;10000000;10000000
2020;80,2979;0,1521;26,227;12,4453;35,6;100;190;10000000;10000000
2021;80,2979;0,1521;26,227;12,4453;35,6;100;190;10000000;10000000
2022;78,531;0,1521;26,227;12,4453;35,6;100;190;10000000;10000000
2023;68,1007;0,1521;26,2269;12,4453;35,6;100;190;10000000;10000000
2024;61,193;0,1521;26,2269;12,4453;35,6;100;190;10000000;10000000
2025;1,9748;0,1521;26,2269;12,4453;35,6;100;190;10000000;10000000
2026;0;0,1521;26,2269;12,4453;35,6;100;190;10000000;10000000
2027;0;0,1521;26,2269;12,4454;35,6;100;190;10000000;10000000
2028;0;0,1521;26,2268;12,4454;35,6;100;190;10000000;10000000
2029;0;0,1521;26,2268;12,4454;35,6;100;190;10000000;10000000
2030;0;0,1521;26,2268;12,4454;35,6;100;190;10000000;10000000
2031;0;0,1521;26,2268;12,4454;35,6;100;190;10000000;10000000
2032;0;0,1521;26,2268;12,4454;35,6;100;190;10000000;10000000
2033;0;0,1521;26,2268;12,4454;35,6;100;190;10000000;10000000
2034;0;0,1521;26,2267;12,4454;35,6;100;190;10000000;10000000
2035;0;0,1521;26,2267;12,4454;35,6;100;190;10000000;10000000
2036;28,6339;0,1521;26,2267;12,4454;35,6;100;190;10000000;10000000
2037;25,6407;0,1521;26,2267;12,4454;35,6;100;190;10000000;10000000
2038;0;0,1521;26,2267;12,4454;35,6;100;190;10000000;10000000
2039;0;0,1521;26,2267;12,4454;35,6;100;190;10000000;10000000
2040;25,6172;0,1521;26,2266;12,4454;35,6;100;190;10000000;10000000
2041;0;0,1521;26,2266;12,4454;35,6;100;190;10000000;10000000
2042;25,6172;0,1521;26,2266;12,4454;35,6;100;190;10000000;10000000
2043;44,8301;0,1521;26,2266;12,4454;35,6;100;190;10000000;10000000
2044;61,1951;0,1521;26,2266;12,4454;35,6;100;190;10000000;10000000
2045;61,1951;0,1521;26,2266;12,4454;35,6;100;190;10000000;10000000
2046;61,1951;0,1521;26,2265;12,4454;35,6;100;190;10000000;10000000
2047;61,1951;0,1521;26,2265;12,4454;35,6;100;190;10000000;10000000
2048;61,1951;0,1521;26,2265;12,4455;35,6;100;190;10000000;10000000
2049;61,1951;0,1521;26,2265;12,4455;35,6;100;190;10000000;10000000
2050;61,1951;0,1521;26,2265;12,4455;35,6;100;190;10000000;10000000
2051;61,1951;0,1521;26,2265;12,4455;35,6;100;190;10000000;10000000
2052;61,1951;0,1521;26,2264;12,4455;35,6;100;190;10000000;10000000
2053;61,1951;0,1521;26,2264;12,4455;35,6;100;190;10000000;10000000
2054;25,6172;0,1521;26,2264;12,4455;35,6;100;190;10000000;10000000
2055;61,1951;0,1521;26,2264;12,4455;35,6;100;190;10000000;10000000
2056;78,5337;0,1521;26,2264;12,4455;35,6;100;190;10000000;10000000
2057;81,2264;0,1521;26,2264;12,4455;35,6;100;190;10000000;10000000
2058;78,6427;0,1521;26,2263;12,4455;35,6;100;190;10000000;10000000
2059;81,2264;0,1521;26,2263;12,4455;35,6;100;190;10000000;10000000
2060;78,6427;0,1521;26,2263;12,4455;35,6;100;190;10000000;10000000
2061;78,5337;0,1521;26,2263;12,4455;35,6;100;190;10000000;10000000
2062;78,5337;0,1521;26,2263;12,4455;35,6;100;190;10000000;10000000
2063;78,5337;0,1521;26,2262;12,4455;35,6;100;190;10000000;10000000
2064;78,5364;0,1521;26,2262;12,4455;35,6;100;190;10000000;10000000
2065;78,5364;0,1521;26,2262;12,4455;35,6;100;190;10000000;10000000
2066;78,5364;0,1521;26,2262;12,4455;35,6;100;190;10000000;10000000
2067;79,3293;0,1521;26,2262;12,4455;35,6;100;190;10000000;10000000
2068;82,5649;0,1521;26,2262;12,4455;35,6;100;190;10000000;10000000
2069;85,6761;0,1521;26,2261;12,4456;35,6;100;190;10000000;10000000
2070;85,6761;0,1521;26,2261;12,4456;35,6;100;190;10000000;10000000
2071;84,3596;0,1521;26,2261;12,4456;35,6;100;190;10000000;10000000
2072;81,525;0,1521;26,2261;12,4456;35,6;100;190;10000000;10000000
2073;80,7153;0,1521;26,2261;12,4456;35,6;100;190;10000000;10000000
2074;79,5682;0,1521;26,2261;12,4456;35,6;100;190;10000000;10000000
2075;78,7836;0,1521;26,226;12,4456;35,6;100;190;10000000;10000000
2076;78,7836;0,1521;26,226;12,4456;35,6;100;190;10000000;10000000
2077;79,2725;0,1521;26,226;12,4456;35,6;100;190;10000000;10000000
2078;80,5494;0,1521;26,226;12,4456;35,6;100;190;10000000;10000000
2079;82,4482;0,1521;26,226;12,4456;35,6;100;190;10000000;10000000
2080;82,5649;0,1521;26,226;12,4456;35,6;100;190;10000000;10000000
2081;85,6164;0,1521;26,2259;12,4456;35,6;100;190;10000000;10000000
2082;85,6761;0,1521;26,2259;12,4456;35,6;100;190;10000000;10000000
2083;83,8845;0,1521;26,2259;12,4456;35,6;100;190;10000000;10000000
2084;85,6761;0,1521;26,2259;12,4456;35,6;100;190;10000000;10000000
2085;85,6761;0,1521;26,2259;12,4456;35,6;100;190;10000000;10000000
2086;85,6761;0,1521;26,2259;12,4456;35,6;100;190;10000000;10000000
2087;85,6761;0,1521;26,2258;12,4456;35,6;100;190;10000000;10000000
2088;86,0969;0,1521;26,2258;12,4456;35,6;100;190;10000000;10000000
2089;86,0969;0,1521;26,2258;12,4456;35,6;100;190;10000000;10000000
2090;89,0387;0,1521;26,2258;12,4457;35,6;100;190;10000000;10000000
2091;100,3665;0,1521;26,2258;12,4457;35,6;100;190;10000000;10000000
2092;106,4024;0,1521;26,2258;12,4457;35,6;100;190;10000000;10000000
2093;112,733;0,1521;26,2257;12,4457;35,6;100;190;10000000;10000000
2094;116,7119;0,1521;26,2257;12,4457;35,6;100;190;10000000;10000000
2095;130,8985;0,1521;26,2257;12,4457;35,6;100;190;10000000;10000000
2096;112,733;0,1521;26,2257;12,4457;35,6;100;190;10000000;10000000
2097;112,733;0,1521;26,2257;12,4457;35,6;100;190;10000000;10000000
2098;100,7966;0,1521;26,2257;12,4457;35,6;100;190;10000000;10000000
2099;96,8178;0,1521;26,2256;12,4457;35,6;100;190;10000000;10000000
2100;96,8178;0,1521;26,2256;12,4457;35,6;100;190;10000000;10000000
2101;100,7966;0,1521;26,2256;12,4457;35,6;100;190;10000000;10000000
2102;102,0945;0,1521;26,2256;12,4457;35,6;100;190;10000000;10000000
2103;112,733;0,1521;26,2256;12,4457;35,6;100;190;10000000;10000000
2104;134,3218;0,1521;26,2255;12,4457;35,6;100;190;10000000;10000000
2105;144,5635;0,1521;26,2255;12,4457;35,6;100;190;10000000;10000000
2106;142,7984;0,1521;26,2255;12,4457;35,6;100;190;10000000;10000000
2107;130,8985;0,1521;26,2255;12,4457;35,6;100;190;10000000;10000000
2108;130,8985;0,1521;26,2255;12,4457;35,6;100;190;10000000;10000000
2109;106,4024;0,1521;26,2255;12,4457;35,6;100;190;10000000;10000000
2110;106,4024;0,1521;26,2254;12,4458;35,6;100;190;10000000;10000000
2111;106,4024;0,1521;26,2254;12,4458;35,6;100;190;10000000;10000000
2112;106,406;0,1521;26,2254;12,4458;35,6;100;190;10000000;10000000
2113;106,406;0,1521;26,2254;12,4458;35,6;100;190;10000000;10000000
2114;106,406;0,1521;26,2254;12,4458;35,6;100;190;10000000;10000000
2115;104,2466;0,1521;26,2254;12,4458;35,6;100;190;10000000;10000000
2116;130,903;0,1521;26,2253;12,4458;35,6;100;190;10000000;10000000
2117;142,8033;0,1521;26,2253;12,4458;35,6;100;190;10000000;10000000
2118;130,903;0,1521;26,2253;12,4458;35,6;100;190;10000000;10000000
2119;108,1345;0,1521;26,2253;12,4458;35,6;100;190;10000000;10000000
2120;83,4117;0,1521;26,2253;12,4458;35,6;100;190;10000000;10000000
2121;82,5706;0,1521;26,2253;12,4458;35,6;100;190;10000000;10000000
2122;81,4524;0,1521;26,2252;12,4458;35,6;100;190;10000000;10000000
2123;81,3441;0,1521;26,2252;12,4458;35,6;100;190;10000000;10000000
2124;81,3441;0,1521;26,2252;12,4458;35,6;100;190;10000000;10000000
2125;81,477;0,1521;26,2252;12,4458;35,6;100;190;10000000;10000000
2126;81,477;0,1521;26,2252;12,4458;35,6;100;190;10000000;10000000
2127;82,4539;0,1521;26,2252;12,4458;35,6;100;190;10000000;10000000
2128;87,2117;0,1521;26,2251;12,4458;35,6;100;190;10000000;10000000
2129;128,0662;0,1521;26,2251;12,4458;35,6;100;190;10000000;10000000
2130;125,4395;0,1521;26,2251;12,4458;35,6;100;190;10000000;10000000
2131;102,2988;0,1521;26,2251;12,4459;35,6;100;190;10000000;10000000
2132;96,357;0,1521;26,2251;12,4459;35,6;100;190;10000000;10000000
2133;85,8963;0,1521;26,2251;12,4459;35,6;100;190;10000000;10000000
2134;83,2246;0,1521;26,225;12,4459;35,6;100;190;10000000;10000000
2135;83,6182;0,1521;26,225;12,4459;35,6;100;190;10000000;10000000
2136;83,1972;0,1521;26,225;12,4459;35,6;100;190;10000000;10000000
2137;83,6175;0,1521;26,225;12,4459;35,6;100;190;10000000;10000000
2138;83,1469;0,1521;26,225;12,4459;35,6;100;190;10000000;10000000
2139;84,3683;0,1521;26,2249;12,4459;35,6;100;190;10000000;10000000
2140;87,403;0,1521;26,2249;12,4459;35,6;100;190;10000000;10000000
2141;98,1443;0,1521;26,2249;12,4459;35,6;100;190;10000000;10000000
2142;90,4457;0,1521;26,2249;12,4459;35,6;100;190;10000000;10000000
2143;85,6849;0,1521;26,2249;12,4459;35,6;100;190;10000000;10000000
2144;83,1469;0,1521;26,2249;12,4459;35,6;100;190;10000000;10000000
2145;81,3469;0,1521;26,2248;12,4459;35,6;100;190;10000000;10000000
2146;81,2298;0,1521;26,2248;12,4459;35,6;100;190;10000000;10000000
2147;81,2376;0,1521;26,2248;12,4459;35,6;100;190;10000000;10000000
2148;81,2376;0,1521;26,2248;12,4459;35,6;100;190;10000000;10000000
2149;81,4798;0,1521;26,2248;12,4459;35,6;100;190;10000000;10000000
2150;81,2376;0,1521;26,2248;12,4459;35,6;100;190;10000000;10000000
2151;82,0552;0,1521;26,2247;12,4459;35,6;100;190;10000000;10000000
2152;90,4457;0,1521;26,2247;12,446;35,6;100;190;10000000;10000000
2153;134,2264;0,1521;26,2247;12,446;35,6;100;190;10000000;10000000
2154;130,9075;0,1521;26,2247;12,446;35,6;100;190;10000000;10000000
2155;126,9551;0,1521;26,2247;12,446;35,6;100;190;10000000;10000000
2156;106,4097;0,1521;26,2247;12,446;35,6;100;190;10000000;10000000
2157;87,403;0,1521;26,2246;12,446;35,6;100;190;10000000;10000000
2158;85,6849;0,1521;26,2246;12,446;35,6;100;190;10000000;10000000
2159;85,6762;0,1521;26,2246;12,446;35,6;100;190;10000000;10000000
2160;84,5544;0,1521;26,2246;12,446;35,6;100;190;10000000;10000000
2161;84,6581;0,1521;26,2246;12,446;35,6;100;190;10000000;10000000
2162;84,9779;0,1521;26,2246;12,446;35,6;100;190;10000000;10000000
2163;85,6762;0,1521;26,2245;12,446;35,6;100;190;10000000;10000000
2164;85,6762;0,1521;26,2245;12,446;35,6;100;190;10000000;10000000
2165;85,6879;0,1521;26,2245;12,446;35,6;100;190;10000000;10000000
2166;84,5079;0,1521;26,2245;12,446;35,6;100;190;10000000;10000000
2167;82,5763;0,1521;26,2245;12,446;35,6;100;190;10000000;10000000
2168;78,5472;0,1521;26,2244;12,446;35,6;100;190;10000000;10000000
2169;78,5472;0,1521;26,2244;12,446;35,6;100;190;10000000;10000000
2170;78,5472;0,1521;26,2244;12,446;35,6;100;190;10000000;10000000
2171;78,3236;0,1521;26,2244;12,446;35,6;100;190;10000000;10000000
2172;78,3236;0,1521;26,2244;12,4461;35,6;100;190;10000000;10000000
2173;78,3236;0,1521;26,2244;12,4461;35,6;100;190;10000000;10000000
2174;78,3236;0,1521;26,2243;12,4461;35,6;100;190;10000000;10000000
2175;78,3236;0,1521;26,2243;12,4461;35,6;100;190;10000000;10000000
2176;81,0953;0,1521;26,2243;12,4461;35,6;100;190;10000000;10000000
2177;84,1411;0,1521;26,2243;12,4461;35,6;100;190;10000000;10000000
2178;84,3711;0,1521;26,2243;12,4461;35,6;100;190;10000000;10000000
2179;82,1713;0,1521;26,2243;12,4461;35,6;100;190;10000000;10000000
2180;81,2298;0,1521;26,2242;12,4461;35,6;100;190;10000000;10000000
2181;80,7264;0,1521;26,2242;12,4461;35,6;100;190;10000000;10000000
2182;78,5472;0,1521;26,2242;12,4461;35,6;100;190;10000000;10000000
2183;78,5472;0,1521;26,2242;12,4461;35,6;100;190;10000000;10000000
2184;78,5499;0,1521;26,2242;12,4461;35,6;100;190;10000000;10000000
2185;78,5499;0,1521;26,2241;12,4461;35,6;100;190;10000000;10000000
2186;78,5499;0,1521;26,2241;12,4461;35,6;100;190;10000000;10000000
2187;78,5499;0,1521;26,2241;12,4461;35,6;100;190;10000000;10000000
2188;78,9447;0,1521;26,2241;12,4461;35,6;100;190;10000000;10000000
2189;78,9476;0,1521;26,2241;12,4461;35,6;100;190;10000000;10000000
2190;78,7972;0,1521;26,2241;12,4461;35,6;100;190;10000000;10000000
2191;78,0297;0,1521;26,224;12,4461;35,6;100;190;10000000;10000000
2192;61,2077;0,1521;26,224;12,4462;35,6;100;190;10000000;10000000
2193;62,1921;0,1521;26,224;12,4462;35,6;100;190;10000000;10000000
2194;62,1921;0,1521;26,224;12,4462;35,6;100;190;10000000;10000000
2195;62,2028;0,1521;26,224;12,4462;35,6;100;190;10000000;10000000
2196;62,1921;0,1521;26,224;12,4462;35,6;100;190;10000000;10000000
2197;61,2077;0,1521;26,2239;12,4462;35,6;100;190;10000000;10000000
2198;62,2028;0,1521;26,2239;12,4462;35,6;100;190;10000000;10000000
2199;62,2028;0,1521;26,2239;12,4462;35,6;100;190;10000000;10000000
2200;78,5499;0,1521;26,2239;12,4462;35,6;100;190;10000000;10000000
2201;80,7292;0,1521;26,2239;12,4462;35,6;100;190;10000000;10000000
2202;82,5791;0,1521;26,2238;12,4462;35,6;100;190;10000000;10000000
2203;82,4624;0,1521;26,2238;12,4462;35,6;100;190;10000000;10000000
2204;82,5393;0,1521;26,2238;12,4462;35,6;100;190;10000000;10000000
2205;81,4562;0,1521;26,2238;12,4462;35,6;100;190;10000000;10000000
2206;81,4854;0,1521;26,2238;12,4462;35,6;100;190;10000000;10000000
2207;82,5791;0,1521;26,2238;12,4462;35,6;100;190;10000000;10000000
2208;83,136;0,1521;26,2237;12,4462;35,6;100;190;10000000;10000000
2209;82,9993;0,1521;26,2237;12,4462;35,6;100;190;10000000;10000000
2210;83,4689;0,1521;26,2237;12,4462;35,6;100;190;10000000;10000000
2211;85,9081;0,1521;26,2237;12,4462;35,6;100;190;10000000;10000000
2212;97,05;0,1521;26,2237;12,4463;35,6;100;190;10000000;10000000
2213;120,4801;0,1521;26,2237;12,4463;35,6;100;190;10000000;10000000
2214;129,5328;0,1521;26,2236;12,4463;35,6;100;190;10000000;10000000
2215;91,9736;0,1521;26,2236;12,4463;35,6;100;190;10000000;10000000
2216;87,0402;0,1521;26,2236;12,4463;35,6;100;190;10000000;10000000
2217;85,6341;0,1521;26,2236;12,4463;35,6;100;190;10000000;10000000
2218;84,377;0,1521;26,2236;12,4463;35,6;100;190;10000000;10000000
2219;83,7627;0,1521;26,2235;12,4463;35,6;100;190;10000000;10000000
2220;83,4847;0,1521;26,2235;12,4463;35,6;100;190;10000000;10000000
2221;83,6262;0,1521;26,2235;12,4463;35,6;100;190;10000000;10000000
2222;83,6297;0,1521;26,2235;12,4463;35,6;100;190;10000000;10000000
2223;85,6938;0,1521;26,2235;12,4463;35,6;100;190;10000000;10000000
2224;111,6941;0,1521;26,2235;12,4463;35,6;100;190;10000000;10000000
2225;139,4432;0,1521;26,2234;12,4463;35,6;100;190;10000000;10000000
2226;136,0593;0,1521;26,2234;12,4463;35,6;100;190;10000000;10000000
2227;130,921;0,1521;26,2234;12,4463;35,6;100;190;10000000;10000000
2228;105,7846;0,1521;26,2234;12,4463;35,6;100;190;10000000;10000000
2229;96,3703;0,1521;26,2234;12,4463;35,6;100;190;10000000;10000000
2230;87,412;0,1521;26,2233;12,4463;35,6;100;190;10000000;10000000
2231;85,9081;0,1521;26,2233;12,4463;35,6;100;190;10000000;10000000
2232;87,415;0,1521;26,2233;12,4464;35,6;100;190;10000000;10000000
2233;87,3418;0,1521;26,2233;12,4464;35,6;100;190;10000000;10000000
2234;87,6811;0,1521;26,2233;12,4464;35,6;100;190;10000000;10000000
2235;96,3736;0,1521;26,2233;12,4464;35,6;100;190;10000000;10000000
2236;130,9255;0,1521;26,2232;12,4464;35,6;100;190;10000000;10000000
2237;134,5907;0,1521;26,2232;12,4464;35,6;100;190;10000000;10000000
2238;128,7026;0,1521;26,2232;12,4464;35,6;100;190;10000000;10000000
2239;89,1871;0,1521;26,2232;12,4464;35,6;100;190;10000000;10000000
2240;84,6699;0,1521;26,2232;12,4464;35,6;100;190;10000000;10000000
2241;83,6398;0,1521;26,2232;12,4464;35,6;100;190;10000000;10000000
2242;83,7475;0,1521;26,2231;12,4464;35,6;100;190;10000000;10000000
2243;83,6398;0,1521;26,2231;12,4464;35,6;100;190;10000000;10000000
2244;84,1498;0,1521;26,2231;12,4464;35,6;100;190;10000000;10000000
2245;83,6398;0,1521;26,2231;12,4464;35,6;100;190;10000000;10000000
2246;84,1498;0,1521;26,2231;12,4464;35,6;100;190;10000000;10000000
2247;84,692;0,1521;26,223;12,4464;35,6;100;190;10000000;10000000
2248;95,1007;0,1521;26,223;12,4464;35,6;100;190;10000000;10000000
2249;111,698;0,1521;26,223;12,4464;35,6;100;190;10000000;10000000
2250;123,8718;0,1521;26,223;12,4464;35,6;100;190;10000000;10000000
2251;103,8474;0,1521;26,223;12,4464;35,6;100;190;10000000;10000000
2252;96,3736;0,1521;26,223;12,4465;35,6;100;190;10000000;10000000
2253;90,4582;0,1521;26,2229;12,4465;35,6;100;190;10000000;10000000
2254;89,0571;0,1521;26,2229;12,4465;35,6;100;190;10000000;10000000
2255;87,415;0,1521;26,2229;12,4465;35,6;100;190;10000000;10000000
2256;87,3235;0,1521;26,2229;12,4465;35,6;100;190;10000000;10000000
2257;88,4792;0,1521;26,2229;12,4465;35,6;100;190;10000000;10000000
2258;89,0601;0,1521;26,2229;12,4465;35,6;100;190;10000000;10000000
2259;94,2306;0,1521;26,2228;12,4465;35,6;100;190;10000000;10000000
2260;126,9797;0,1521;26,2228;12,4465;35,6;100;190;10000000;10000000
2261;134,5751;0,1521;26,2228;12,4465;35,6;100;190;10000000;10000000
2262;135,2046;0,1521;26,2228;12,4465;35,6;100;190;10000000;10000000
2263;114,6211;0,1521;26,2228;12,4465;35,6;100;190;10000000;10000000
2264;91,9957;0,1521;26,2227;12,4465;35,6;100;190;10000000;10000000
2265;86,1176;0,1521;26,2227;12,4465;35,6;100;190;10000000;10000000
2266;85,6997;0,1521;26,2227;12,4465;35,6;100;190;10000000;10000000
2267;85,6997;0,1521;26,2227;12,4465;35,6;100;190;10000000;10000000
2268;85,6997;0,1521;26,2227;12,4465;35,6;100;190;10000000;10000000
2269;85,6997;0,1521;26,2227;12,4465;35,6;100;190;10000000;10000000
2270;86,1444;0,1521;26,2226;12,4465;35,6;100;190;10000000;10000000
2271;88,4792;0,1521;26,2226;12,4465;35,6;100;190;10000000;10000000
2272;130,9301;0,1521;26,2226;12,4466;35,6;100;190;10000000;10000000
2273;146,5459;0,1521;26,2226;12,4466;35,6;100;190;10000000;10000000
2274;140,8656;0,1521;26,2226;12,4466;35,6;100;190;10000000;10000000
2275;139,2115;0,1521;26,2226;12,4466;35,6;100;190;10000000;10000000
2276;130,93;0,1521;26,2225;12,4466;35,6;100;190;10000000;10000000
2277;108,1345;0,1521;26,2225;12,4466;35,6;100;190;10000000;10000000
2278;91,9957;0,1521;26,2225;12,4466;35,6;100;190;10000000;10000000
2279;89,6068;0,1521;26,2225;12,4466;35,6;100;190;10000000;10000000
2280;87,421;0,1521;26,2225;12,4466;35,6;100;190;10000000;10000000
2281;86,3149;0,1521;26,2224;12,4466;35,6;100;190;10000000;10000000
2282;87,4192;0,1521;26,2224;12,4466;35,6;100;190;10000000;10000000
2283;89,1705;0,1521;26,2224;12,4466;35,6;100;190;10000000;10000000
2284;112,7765;0,1521;26,2224;12,4466;35,6;100;190;10000000;10000000
2285;130,9345;0,1521;26,2224;12,4466;35,6;100;190;10000000;10000000
2286;129,9796;0,1521;26,2224;12,4466;35,6;100;190;10000000;10000000
2287;89,1705;0,1521;26,2223;12,4466;35,6;100;190;10000000;10000000
2288;81,3637;0,1521;26,2223;12,4466;35,6;100;190;10000000;10000000
2289;78,5607;0,1521;26,2223;12,4466;35,6;100;190;10000000;10000000
2290;78,5607;0,1521;26,2223;12,4466;35,6;100;190;10000000;10000000
2291;78,5607;0,1521;26,2223;12,4466;35,6;100;190;10000000;10000000
2292;78,5607;0,1521;26,2223;12,4467;35,6;100;190;10000000;10000000
2293;78,5607;0,1521;26,2222;12,4467;35,6;100;190;10000000;10000000
2294;78,5607;0,1521;26,2222;12,4467;35,6;100;190;10000000;10000000
2295;82,5905;0,1521;26,2222;12,4467;35,6;100;190;10000000;10000000
2296;89,0204;0,1521;26,2222;12,4467;35,6;100;190;10000000;10000000
2297;101,3077;0,1521;26,2222;12,4467;35,6;100;190;10000000;10000000
2298;90,3421;0,1521;26,2221;12,4467;35,6;100;190;10000000;10000000
2299;86,9419;0,1521;26,2221;12,4467;35,6;100;190;10000000;10000000
2300;84,3759;0,1521;26,2221;12,4467;35,6;100;190;10000000;10000000
2301;81,5502;0,1521;26,2221;12,4467;35,6;100;190;10000000;10000000
2302;78,9484;0,1521;26,2221;12,4467;35,6;100;190;10000000;10000000
2303;79,3538;0,1521;26,2221;12,4467;35,6;100;190;10000000;10000000
2304;78,9582;0,1521;26,222;12,4467;35,6;100;190;10000000;10000000
2305;78,9582;0,1521;26,222;12,4467;35,6;100;190;10000000;10000000
2306;78,5634;0,1521;26,222;12,4467;35,6;100;190;10000000;10000000
2307;78,8107;0,1521;26,222;12,4467;35,6;100;190;10000000;10000000
2308;80,743;0,1521;26,222;12,4467;35,6;100;190;10000000;10000000
2309;80,743;0,1521;26,222;12,4467;35,6;100;190;10000000;10000000
2310;80,6274;0,1521;26,2219;12,4467;35,6;100;190;10000000;10000000
2311;78,3249;0,1521;26,2219;12,4467;35,6;100;190;10000000;10000000
2312;61,7498;0,1521;26,2219;12,4468;35,6;100;190;10000000;10000000
2313;61,2183;0,1521;26,2219;12,4468;35,6;100;190;10000000;10000000
2314;61,2183;0,1521;26,2219;12,4468;35,6;100;190;10000000;10000000
2315;61,2183;0,1521;26,2218;12,4468;35,6;100;190;10000000;10000000
2316;61,2183;0,1521;26,2218;12,4468;35,6;100;190;10000000;10000000
2317;61,2183;0,1521;26,2218;12,4468;35,6;100;190;10000000;10000000
2318;61,2183;0,1521;26,2218;12,4468;35,6;100;190;10000000;10000000
2319;61,2183;0,1521;26,2218;12,4468;35,6;100;190;10000000;10000000
2320;78,9582;0,1521;26,2218;12,4468;35,6;100;190;10000000;10000000
2321;85,2668;0,1521;26,2217;12,4468;35,6;100;190;10000000;10000000
2322;84,7;0,1521;26,2217;12,4468;35,6;100;190;10000000;10000000
2323;83,1669;0,1521;26,2217;12,4468;35,6;100;190;10000000;10000000
2324;82,4766;0,1521;26,2217;12,4468;35,6;100;190;10000000;10000000
2325;80,743;0,1521;26,2217;12,4468;35,6;100;190;10000000;10000000
2326;78,5634;0,1521;26,2217;12,4468;35,6;100;190;10000000;10000000
2327;76,7988;0,1521;26,2216;12,4468;35,6;100;190;10000000;10000000
2328;61,2204;0,1521;26,2216;12,4468;35,6;100;190;10000000;10000000
2329;61,2204;0,1521;26,2216;12,4468;35,6;100;190;10000000;10000000
2330;31,8665;0,1521;26,2216;12,4468;35,6;100;190;10000000;10000000
2331;61,2204;0,1521;26,2216;12,4468;35,6;100;190;10000000;10000000
2332;61,2204;0,1521;26,2215;12,4469;35,6;100;190;10000000;10000000
2333;44,8223;0,1521;26,2215;12,4469;35,6;100;190;10000000;10000000
2334;25,6127;0,1521;26,2215;12,4469;35,6;100;190;10000000;10000000
2335;0;0,1521;26,2215;12,4469;35,6;100;190;10000000;10000000
2336;0;0,1521;26,2215;12,4469;35,6;100;190;10000000;10000000
2337;3,1866;0,1521;26,2215;12,4469;35,6;100;190;10000000;10000000
2338;0;0,1521;26,2214;12,4469;35,6;100;190;10000000;10000000
2339;0;0,1521;26,2214;12,4469;35,6;100;190;10000000;10000000
2340;3,1866;0,1521;26,2214;12,4469;35,6;100;190;10000000;10000000
2341;0;0,1521;26,2214;12,4469;35,6;100;190;10000000;10000000
2342;0;0,1521;26,2214;12,4469;35,6;100;190;10000000;10000000
2343;0;0,1521;26,2213;12,4469;35,6;100;190;10000000;10000000
2344;25,6127;0,1521;26,2213;12,4469;35,6;100;190;10000000;10000000
2345;61,2204;0,1521;26,2213;12,4469;35,6;100;190;10000000;10000000
2346;78,5661;0,1521;26,2213;12,4469;35,6;100;190;10000000;10000000
2347;78,5661;0,1522;26,2213;12,4469;35,6;100;190;10000000;10000000
2348;78,5661;0,1522;26,2213;12,4469;35,6;100;190;10000000;10000000
2349;78,4237;0,1522;26,2212;12,4469;35,6;100;190;10000000;10000000
2350;75,7629;0,1522;26,2212;12,4469;35,6;100;190;10000000;10000000
2351;78,3251;0,1522;26,2212;12,4469;35,6;100;190;10000000;10000000
2352;77,7086;0,1522;26,2212;12,447;35,6;100;190;10000000;10000000
2353;71,1225;0,1522;26,2212;12,447;35,6;100;190;10000000;10000000
2354;71,8109;0,1522;26,2212;12,447;35,6;100;190;10000000;10000000
2355;78,4772;0,1522;26,2211;12,447;35,6;100;190;10000000;10000000
2356;78,5688;0,1522;26,2211;12,447;35,6;100;190;10000000;10000000
2357;78,5688;0,1522;26,2211;12,447;35,6;100;190;10000000;10000000
2358;66,7975;0,1522;26,2211;12,447;35,6;100;190;10000000;10000000
2359;26,5218;0,1522;26,2211;12,447;35,6;100;190;10000000;10000000
2360;34,4784;0,1522;26,221;12,447;35,6;100;190;10000000;10000000
2361;25,5942;0,1522;26,221;12,447;35,6;100;190;10000000;10000000
2362;25,5942;0,1522;26,221;12,447;35,6;100;190;10000000;10000000
2363;18,7524;0,1522;26,221;12,447;35,6;100;190;10000000;10000000
2364;7,5758;0,1522;26,221;12,447;35,6;100;190;10000000;10000000
2365;10,3259;0,1522;26,221;12,447;35,6;100;190;10000000;10000000
2366;23,4485;0,1522;26,2209;12,447;35,6;100;190;10000000;10000000
2367;16,5215;0,1522;26,2209;12,447;35,6;100;190;10000000;10000000
2368;78,5688;0,1522;26,2209;12,447;35,6;100;190;10000000;10000000
2369;83,6469;0,1522;26,2209;12,447;35,6;100;190;10000000;10000000
2370;84,1642;0,1522;26,2209;12,447;35,6;100;190;10000000;10000000
2371;80,4016;0,1522;26,2209;12,447;35,6;100;190;10000000;10000000
2372;63,9855;0,1522;26,2208;12,447;35,6;100;190;10000000;10000000
2373;61,2225;0,1522;26,2208;12,4471;35,6;100;190;10000000;10000000
2374;61,2225;0,1522;26,2208;12,4471;35,6;100;190;10000000;10000000
2375;61,2225;0,1522;26,2208;12,4471;35,6;100;190;10000000;10000000
2376;61,2246;0,1522;26,2208;12,4471;35,6;100;190;10000000;10000000
2377;61,2246;0,1522;26,2207;12,4471;35,6;100;190;10000000;10000000
2378;61,2246;0,1522;26,2207;12,4471;35,6;100;190;10000000;10000000
2379;61,2246;0,1522;26,2207;12,4471;35,6;100;190;10000000;10000000
2380;61,2246;0,1522;26,2207;12,4471;35,6;100;190;10000000;10000000
2381;61,2246;0,1522;26,2207;12,4471;35,6;100;190;10000000;10000000
2382;44,7602;0,1522;26,2207;12,4471;35,6;100;190;10000000;10000000
2383;0;0,1522;26,2206;12,4471;35,6;100;190;10000000;10000000
2384;0;0,1522;26,2206;12,4471;35,6;100;190;10000000;10000000
2385;0;0,1522;26,2206;12,4471;35,6;100;190;10000000;10000000
2386;0;0,1522;26,2206;12,4471;35,6;100;190;10000000;10000000
2387;0;0,1522;26,2206;12,4471;35,6;100;190;10000000;10000000
2388;0;0,1522;26,2206;12,4471;35,6;100;190;10000000;10000000
2389;0;0,1522;26,2205;12,4471;35,6;100;190;10000000;10000000
2390;0;0,1522;26,2205;12,4471;35,6;100;190;10000000;10000000
2391;0;0,1522;26,2205;12,4471;35,6;100;190;10000000;10000000
2392;0;0,1522;26,2205;12,4471;35,6;100;190;10000000;10000000
2393;0;0,1522;26,2205;12,4472;35,6;100;190;10000000;10000000
2394;61,2246;0,1522;26,2204;12,4472;35,6;100;190;10000000;10000000
2395;25,5773;0,1522;26,2204;12,4472;35,6;100;190;10000000;10000000
2396;61,2246;0,1522;26,2204;12,4472;35,6;100;190;10000000;10000000
2397;61,2246;0,1522;26,2204;12,4472;35,6;100;190;10000000;10000000
2398;61,2246;0,1522;26,2204;12,4472;35,6;100;190;10000000;10000000
2399;61,2246;0,1522;26,2204;12,4472;35,6;100;190;10000000;10000000
2400;63,8842;0,1522;26,2203;12,4472;35,6;100;190;10000000;10000000
2401;61,2267;0,1522;26,2203;12,4472;35,6;100;190;10000000;10000000
2402;61,6943;0,1522;26,2203;12,4472;35,6;100;190;10000000;10000000
2403;78,5742;0,1522;26,2203;12,4472;35,6;100;190;10000000;10000000
2404;81,5106;0,1522;26,2203;12,4472;35,6;100;190;10000000;10000000
2405;83,9782;0,1522;26,2203;12,4472;35,6;100;190;10000000;10000000
2406;82,0863;0,1522;26,2202;12,4472;35,6;100;190;10000000;10000000
2407;78,5742;0,1522;26,2202;12,4472;35,6;100;190;10000000;10000000
2408;78,0539;0,1522;26,2202;12,4472;35,6;100;190;10000000;10000000
2409;78,5381;0,1522;26,2202;12,4472;35,6;100;190;10000000;10000000
2410;78,5381;0,1522;26,2202;12,4472;35,6;100;190;10000000;10000000
2411;73,4253;0,1522;26,2201;12,4472;35,6;100;190;10000000;10000000
2412;64,3014;0,1522;26,2201;12,4472;35,6;100;190;10000000;10000000
2413;65,6049;0,1522;26,2201;12,4473;35,6;100;190;10000000;10000000
2414;70,4819;0,1522;26,2201;12,4473;35,6;100;190;10000000;10000000
2415;78,5742;0,1522;26,2201;12,4473;35,6;100;190;10000000;10000000
2416;82,4879;0,1522;26,2201;12,4473;35,6;100;190;10000000;10000000
2417;82,7344;0,1522;26,22;12,4473;35,6;100;190;10000000;10000000
2418;83,0221;0,1522;26,22;12,4473;35,6;100;190;10000000;10000000
2419;81,3777;0,1522;26,22;12,4473;35,6;100;190;10000000;10000000
2420;81,5106;0,1522;26,22;12,4473;35,6;100;190;10000000;10000000
2421;80,3348;0,1522;26,22;12,4473;35,6;100;190;10000000;10000000
2422;79,3675;0,1522;26,22;12,4473;35,6;100;190;10000000;10000000
2423;79,3675;0,1522;26,2199;12,4473;35,6;100;190;10000000;10000000
2424;81,2869;0,1522;26,2199;12,4473;35,6;100;190;10000000;10000000
2425;81,5134;0,1522;26,2199;12,4473;35,6;100;190;10000000;10000000
2426;83,1812;0,1522;26,2199;12,4473;35,6;100;190;10000000;10000000
2427;83,7886;0,1522;26,2199;12,4473;35,6;100;190;10000000;10000000
2428;88,2176;0,1522;26,2198;12,4473;35,6;100;190;10000000;10000000
2429;96,5175;0,1522;26,2198;12,4473;35,6;100;190;10000000;10000000
2430;87,439;0,1522;26,2198;12,4473;35,6;100;190;10000000;10000000
2431;83,6556;0,1522;26,2198;12,4473;35,6;100;190;10000000;10000000
2432;81,4584;0,1522;26,2198;12,4473;35,6;100;190;10000000;10000000
2433;81,2137;0,1522;26,2198;12,4474;35,6;100;190;10000000;10000000
2434;80,3351;0,1522;26,2197;12,4474;35,6;100;190;10000000;10000000
2435;80,9151;0,1522;26,2197;12,4474;35,6;100;190;10000000;10000000
2436;80,3351;0,1522;26,2197;12,4474;35,6;100;190;10000000;10000000
2437;80,3351;0,1522;26,2197;12,4474;35,6;100;190;10000000;10000000
2438;81,2137;0,1522;26,2197;12,4474;35,6;100;190;10000000;10000000
2439;81,2137;0,1522;26,2197;12,4474;35,6;100;190;10000000;10000000
2440;83,7705;0,1522;26,2196;12,4474;35,6;100;190;10000000;10000000
2441;85,9347;0,1522;26,2196;12,4474;35,6;100;190;10000000;10000000
2442;87,4206;0,1522;26,2196;12,4474;35,6;100;190;10000000;10000000
2443;86,5083;0,1522;26,2196;12,4474;35,6;100;190;10000000;10000000
2444;84,6902;0,1522;26,2196;12,4474;35,6;100;190;10000000;10000000
2445;83,652;0,1522;26,2195;12,4474;35,6;100;190;10000000;10000000
2446;83,2618;0,1522;26,2195;12,4474;35,6;100;190;10000000;10000000
2447;83,4948;0,1522;26,2195;12,4474;35,6;100;190;10000000;10000000
2448;83,8313;0,1522;26,2195;12,4474;35,6;100;190;10000000;10000000
2449;84,6402;0,1522;26,2195;12,4474;35,6;100;190;10000000;10000000
2450;86,1238;0,1522;26,2195;12,4474;35,6;100;190;10000000;10000000
2451;106,4573;0,1522;26,2194;12,4474;35,6;100;190;10000000;10000000
2452;130,9661;0,1522;26,2194;12,4474;35,6;100;190;10000000;10000000
2453;130,9661;0,1522;26,2194;12,4475;35,6;100;190;10000000;10000000
2454;110,9078;0,1522;26,2194;12,4475;35,6;100;190;10000000;10000000
2455;87,0701;0,1522;26,2194;12,4475;35,6;100;190;10000000;10000000
2456;84,6402;0,1522;26,2193;12,4475;35,6;100;190;10000000;10000000
2457;84,6402;0,1522;26,2193;12,4475;35,6;100;190;10000000;10000000
2458;83,7915;0,1522;26,2193;12,4475;35,6;100;190;10000000;10000000
2459;83,7734;0,1522;26,2193;12,4475;35,6;100;190;10000000;10000000
2460;83,4041;0,1522;26,2193;12,4475;35,6;100;190;10000000;10000000
2461;83,7734;0,1522;26,2193;12,4475;35,6;100;190;10000000;10000000
2462;83,4518;0,1522;26,2192;12,4475;35,6;100;190;10000000;10000000
2463;84,6402;0,1522;26,2192;12,4475;35,6;100;190;10000000;10000000
2464;87,0701;0,1522;26,2192;12,4475;35,6;100;190;10000000;10000000
2465;108,1345;0,1522;26,2192;12,4475;35,6;100;190;10000000;10000000
2466;111,7326;0,1522;26,2192;12,4475;35,6;100;190;10000000;10000000
2467;97,3092;0,1522;26,2192;12,4475;35,6;100;190;10000000;10000000
2468;90,4862;0,1522;26,2191;12,4475;35,6;100;190;10000000;10000000
2469;87,0701;0,1522;26,2191;12,4475;35,6;100;190;10000000;10000000
2470;84,6402;0,1522;26,2191;12,4475;35,6;100;190;10000000;10000000
2471;85,5428;0,1522;26,2191;12,4475;35,6;100;190;10000000;10000000
2472;86,0189;0,1522;26,2191;12,4475;35,6;100;190;10000000;10000000
2473;86,5708;0,1522;26,219;12,4476;35,6;100;190;10000000;10000000
2474;89,0877;0,1522;26,219;12,4476;35,6;100;190;10000000;10000000
2475;108,1345;0,1522;26,219;12,4476;35,6;100;190;10000000;10000000
2476;130,9706;0,1522;26,219;12,4476;35,6;100;190;10000000;10000000
2477;131,7326;0,1522;26,219;12,4476;35,6;100;190;10000000;10000000
2478;116,3379;0,1522;26,219;12,4476;35,6;100;190;10000000;10000000
2479;90,4535;0,1522;26,2189;12,4476;35,6;100;190;10000000;10000000
2480;83,7944;0,1522;26,2189;12,4476;35,6;100;190;10000000;10000000
2481;82,8093;0,1522;26,2189;12,4476;35,6;100;190;10000000;10000000
2482;82,4964;0,1522;26,2189;12,4476;35,6;100;190;10000000;10000000
2483;81,2193;0,1522;26,2189;12,4476;35,6;100;190;10000000;10000000
2484;81,2193;0,1522;26,2189;12,4476;35,6;100;190;10000000;10000000
2485;81,2193;0,1522;26,2188;12,4476;35,6;100;190;10000000;10000000
2486;81,3459;0,1522;26,2188;12,4476;35,6;100;190;10000000;10000000
2487;83,2646;0,1522;26,2188;12,4476;35,6;100;190;10000000;10000000
2488;89,0877;0,1522;26,2188;12,4476;35,6;100;190;10000000;10000000
2489;108,6331;0,1522;26,2188;12,4476;35,6;100;190;10000000;10000000
2490;106,4609;0,1522;26,2187;12,4476;35,6;100;190;10000000;10000000
2491;90,7066;0,1522;26,2187;12,4476;35,6;100;190;10000000;10000000
2492;85,7262;0,1522;26,2187;12,4476;35,6;100;190;10000000;10000000
2493;83,7763;0,1522;26,2187;12,4477;35,6;100;190;10000000;10000000
2494;83,0071;0,1522;26,2187;12,4477;35,6;100;190;10000000;10000000
2495;81,4501;0,1522;26,2187;12,4477;35,6;100;190;10000000;10000000
2496;81,2952;0,1522;26,2186;12,4477;35,6;100;190;10000000;10000000
2497;81,1214;0,1522;26,2186;12,4477;35,6;100;190;10000000;10000000
2498;81,1214;0,1522;26,2186;12,4477;35,6;100;190;10000000;10000000
2499;80,7652;0,1522;26,2186;12,4477;35,6;100;190;10000000;10000000
2500;80,4182;0,1522;26,2186;12,4477;35,6;100;190;10000000;10000000
2501;79,6174;0,1522;26,2186;12,4477;35,6;100;190;10000000;10000000
2502;78,585;0,1522;26,2185;12,4477;35,6;100;190;10000000;10000000
2503;61,2351;0,1522;26,2185;12,4477;35,6;100;190;10000000;10000000
2504;0;0,1522;26,2185;12,4477;35,6;100;190;10000000;10000000
2505;0;0,1522;26,2185;12,4477;35,6;100;190;10000000;10000000
2506;0;0,1522;26,2185;12,4477;35,6;100;190;10000000;10000000
2507;0;0,1522;26,2184;12,4477;35,6;100;190;10000000;10000000
2508;0;0,1522;26,2184;12,4477;35,6;100;190;10000000;10000000
2509;0;0,1522;26,2184;12,4477;35,6;100;190;10000000;10000000
2510;0;0,1522;26,2184;12,4477;35,6;100;190;10000000;10000000
2511;0;0,1522;26,2184;12,4477;35,6;100;190;10000000;10000000
2512;0;0,1522;26,2184;12,4477;35,6;100;190;10000000;10000000
2513;0;0,1522;26,2183;12,4478;35,6;100;190;10000000;10000000
2514;0;0,1522;26,2183;12,4478;35,6;100;190;10000000;10000000
2515;0;0,1522;26,2183;12,4478;35,6;100;190;10000000;10000000
2516;0;0,1522;26,2183;12,4478;35,6;100;190;10000000;10000000
2517;0;0,1522;26,2183;12,4478;35,6;100;190;10000000;10000000
2518;0;0,1522;26,2183;12,4478;35,6;100;190;10000000;10000000
2519;0;0,1522;26,2182;12,4478;35,6;100;190;10000000;10000000
2520;0;0,1522;26,2182;12,4478;35,6;100;190;10000000;10000000
2521;0;0,1522;26,2182;12,4478;35,6;100;190;10000000;10000000
2522;0;0,1522;26,2182;12,4478;35,6;100;190;10000000;10000000
2523;0;0,1522;26,2182;12,4478;35,6;100;190;10000000;10000000
2524;0;0,1522;26,2181;12,4478;35,6;100;190;10000000;10000000
2525;0;0,1522;26,2181;12,4478;35,6;100;190;10000000;10000000
2526;0;0,1522;26,2181;12,4478;35,6;100;190;10000000;10000000
2527;0;0,1522;26,2181;12,4478;35,6;100;190;10000000;10000000
2528;0;0,1522;26,2181;12,4478;35,6;100;190;10000000;10000000
2529;0;0,1522;26,2181;12,4478;35,6;100;190;10000000;10000000
2530;0;0,1522;26,218;12,4478;35,6;100;190;10000000;10000000
2531;0;0,1522;26,218;12,4478;35,6;100;190;10000000;10000000
2532;0;0,1522;26,218;12,4478;35,6;100;190;10000000;10000000
2533;0;0,1522;26,218;12,4479;35,6;100;190;10000000;10000000
2534;0;0,1522;26,218;12,4479;35,6;100;190;10000000;10000000
2535;0;0,1522;26,218;12,4479;35,6;100;190;10000000;10000000
2536;0;0,1522;26,2179;12,4479;35,6;100;190;10000000;10000000
2537;0;0,1522;26,2179;12,4479;35,6;100;190;10000000;10000000
2538;0;0,1522;26,2179;12,4479;35,6;100;190;10000000;10000000
2539;0;0,1522;26,2179;12,4479;35,6;100;190;10000000;10000000
2540;0;0,1522;26,2179;12,4479;35,6;100;190;10000000;10000000
2541;0;0,1522;26,2178;12,4479;35,6;100;190;10000000;10000000
2542;40,7579;0,1522;26,2178;12,4479;35,6;100;190;10000000;10000000
2543;61,2372;0,1522;26,2178;12,4479;35,6;100;190;10000000;10000000
2544;44,5888;0,1522;26,2178;12,4479;35,6;100;190;10000000;10000000
2545;61,2393;0,1522;26,2178;12,4479;35,6;100;190;10000000;10000000
2546;61,2393;0,1522;26,2178;12,4479;35,6;100;190;10000000;10000000
2547;61,2393;0,1522;26,2177;12,4479;35,6;100;190;10000000;10000000
2548;78,5904;0,1522;26,2177;12,4479;35,6;100;190;10000000;10000000
2549;78,8378;0,1522;26,2177;12,4479;35,6;100;190;10000000;10000000
2550;78,5904;0,1522;26,2177;12,4479;35,6;100;190;10000000;10000000
2551;77,3021;0,1522;26,2177;12,4479;35,6;100;190;10000000;10000000
2552;63,6983;0,1522;26,2177;12,4479;35,6;100;190;10000000;10000000
2553;69,3385;0,1522;26,2176;12,448;35,6;100;190;10000000;10000000
2554;69,3385;0,1522;26,2176;12,448;35,6;100;190;10000000;10000000
2555;69,3385;0,1522;26,2176;12,448;35,6;100;190;10000000;10000000
2556;63,6983;0,1522;26,2176;12,448;35,6;100;190;10000000;10000000
2557;61,2393;0,1522;26,2176;12,448;35,6;100;190;10000000;10000000
2558;63,6983;0,1522;26,2175;12,448;35,6;100;190;10000000;10000000
2559;61,2393;0,1522;26,2175;12,448;35,6;100;190;10000000;10000000
2560;78,5904;0,1522;26,2175;12,448;35,6;100;190;10000000;10000000
2561;81,3945;0,1522;26,2175;12,448;35,6;100;190;10000000;10000000
2562;82,3394;0,1522;26,2175;12,448;35,6;100;190;10000000;10000000
2563;82,4491;0,1522;26,2175;12,448;35,6;100;190;10000000;10000000
2564;81,5275;0,1522;26,2174;12,448;35,6;100;190;10000000;10000000
2565;81,3008;0,1522;26,2174;12,448;35,6;100;190;10000000;10000000
2566;81,2276;0,1522;26,2174;12,448;35,6;100;190;10000000;10000000
2567;81,3008;0,1522;26,2174;12,448;35,6;100;190;10000000;10000000
2568;81,2304;0,1522;26,2174;12,448;35,6;100;190;10000000;10000000
2569;81,2311;0,1522;26,2173;12,448;35,6;100;190;10000000;10000000
2570;81,5303;0,1522;26,2173;12,448;35,6;100;190;10000000;10000000
2571;82,7296;0,1522;26,2173;12,448;35,6;100;190;10000000;10000000
2572;85,738;0,1522;26,2173;12,448;35,6;100;190;10000000;10000000
2573;87,4571;0,1522;26,2173;12,4481;35,6;100;190;10000000;10000000
2574;86,3615;0,1522;26,2173;12,4481;35,6;100;190;10000000;10000000
2575;82,5078;0,1522;26,2172;12,4481;35,6;100;190;10000000;10000000
2576;81,1298;0,1522;26,2172;12,4481;35,6;100;190;10000000;10000000
2577;78,7022;0,1522;26,2172;12,4481;35,6;100;190;10000000;10000000
2578;78,7423;0,1522;26,2172;12,4481;35,6;100;190;10000000;10000000
2579;78,7423;0,1522;26,2172;12,4481;35,6;100;190;10000000;10000000
2580;78,7423;0,1522;26,2172;12,4481;35,6;100;190;10000000;10000000
2581;78,7423;0,1522;26,2171;12,4481;35,6;100;190;10000000;10000000
2582;78,7423;0,1522;26,2171;12,4481;35,6;100;190;10000000;10000000
2583;80,7736;0,1522;26,2171;12,4481;35,6;100;190;10000000;10000000
2584;83,1983;0,1522;26,2171;12,4481;35,6;100;190;10000000;10000000
2585;87,2686;0,1522;26,2171;12,4481;35,6;100;190;10000000;10000000
2586;89,0999;0,1522;26,217;12,4481;35,6;100;190;10000000;10000000
2587;87,0851;0,1522;26,217;12,4481;35,6;100;190;10000000;10000000
2588;85,738;0,1522;26,217;12,4481;35,6;100;190;10000000;10000000
2589;83,6693;0,1522;26,217;12,4481;35,6;100;190;10000000;10000000
2590;83,0421;0,1522;26,217;12,4481;35,6;100;190;10000000;10000000
2591;82,7352;0,1522;26,217;12,4481;35,6;100;190;10000000;10000000
2592;82,7571;0,1522;26,2169;12,4481;35,6;100;190;10000000;10000000
2593;82,7571;0,1522;26,2169;12,4482;35,6;100;190;10000000;10000000
2594;82,5876;0,1522;26,2169;12,4482;35,6;100;190;10000000;10000000
2595;83,1808;0,1522;26,2169;12,4482;35,6;100;190;10000000;10000000
2596;86,8915;0,1522;26,2169;12,4482;35,6;100;190;10000000;10000000
2597;90,5048;0,1522;26,2169;12,4482;35,6;100;190;10000000;10000000
2598;85,7409;0,1522;26,2168;12,4482;35,6;100;190;10000000;10000000
2599;83,2012;0,1522;26,2168;12,4482;35,6;100;190;10000000;10000000
2600;81,2332;0,1522;26,2168;12,4482;35,6;100;190;10000000;10000000
2601;81,4001;0,1522;26,2168;12,4482;35,6;100;190;10000000;10000000
2602;81,4001;0,1522;26,2168;12,4482;35,6;100;190;10000000;10000000
2603;81,4001;0,1522;26,2167;12,4482;35,6;100;190;10000000;10000000
2604;81,2906;0,1522;26,2167;12,4482;35,6;100;190;10000000;10000000
2605;81,5085;0,1522;26,2167;12,4482;35,6;100;190;10000000;10000000
2606;81,2906;0,1522;26,2167;12,4482;35,6;100;190;10000000;10000000
2607;81,5331;0,1522;26,2167;12,4482;35,6;100;190;10000000;10000000
2608;85,0381;0,1522;26,2167;12,4482;35,6;100;190;10000000;10000000
2609;107,2334;0,1522;26,2166;12,4482;35,6;100;190;10000000;10000000
2610;114,6311;0,1522;26,2166;12,4482;35,6;100;190;10000000;10000000
2611;100,6354;0,1522;26,2166;12,4482;35,6;100;190;10000000;10000000
2612;92,0242;0,1522;26,2166;12,4482;35,6;100;190;10000000;10000000
2613;86,7209;0,1522;26,2166;12,4483;35,6;100;190;10000000;10000000
2614;85,9554;0,1522;26,2166;12,4483;35,6;100;190;10000000;10000000
2615;85,9554;0,1522;26,2165;12,4483;35,6;100;190;10000000;10000000
2616;87,0892;0,1522;26,2165;12,4483;35,6;100;190;10000000;10000000
2617;87,4631;0,1522;26,2165;12,4483;35,6;100;190;10000000;10000000
2618;94,0403;0,1522;26,2165;12,4483;35,6;100;190;10000000;10000000
2619;106,4829;0,1522;26,2165;12,4483;35,6;100;190;10000000;10000000
2620;130,9976;0,1522;26,2164;12,4483;35,6;100;190;10000000;10000000
2621;130,9976;0,1522;26,2164;12,4483;35,6;100;190;10000000;10000000
2622;109,7311;0,1522;26,2164;12,4483;35,6;100;190;10000000;10000000
2623;90,5774;0,1522;26,2164;12,4483;35,6;100;190;10000000;10000000
2624;85,3661;0,1522;26,2164;12,4483;35,6;100;190;10000000;10000000
2625;84,7165;0,1522;26,2164;12,4483;35,6;100;190;10000000;10000000
2626;84,1961;0,1522;26,2163;12,4483;35,6;100;190;10000000;10000000
2627;84,1961;0,1522;26,2163;12,4483;35,6;100;190;10000000;10000000
2628;84,1815;0,1522;26,2163;12,4483;35,6;100;190;10000000;10000000
2629;84,1815;0,1522;26,2163;12,4483;35,6;100;190;10000000;10000000
2630;84,1815;0,1522;26,2163;12,4483;35,6;100;190;10000000;10000000
2631;85,6841;0,1522;26,2163;12,4483;35,6;100;190;10000000;10000000
2632;86,9838;0,1522;26,2162;12,4483;35,6;100;190;10000000;10000000
2633;106,928;0,1522;26,2162;12,4484;35,6;100;190;10000000;10000000
2634;107,5319;0,1522;26,2162;12,4484;35,6;100;190;10000000;10000000
2635;94,7678;0,1522;26,2162;12,4484;35,6;100;190;10000000;10000000
2636;88,1691;0,1522;26,2162;12,4484;35,6;100;190;10000000;10000000
2637;84,7165;0,1522;26,2161;12,4484;35,6;100;190;10000000;10000000
2638;83,6786;0,1522;26,2161;12,4484;35,6;100;190;10000000;10000000
2639;83,7283;0,1522;26,2161;12,4484;35,6;100;190;10000000;10000000
2640;83,7965;0,1522;26,2161;12,4484;35,6;100;190;10000000;10000000
2641;84,4211;0,1522;26,2161;12,4484;35,6;100;190;10000000;10000000
2642;85,7468;0,1522;26,2161;12,4484;35,6;100;190;10000000;10000000
2643;89,9268;0,1522;26,216;12,4484;35,6;100;190;10000000;10000000
2644;115,3995;0,1522;26,216;12,4484;35,6;100;190;10000000;10000000
2645;131,0021;0,1522;26,216;12,4484;35,6;100;190;10000000;10000000
2646;98,3273;0,1522;26,216;12,4484;35,6;100;190;10000000;10000000
2647;84,1989;0,1522;26,216;12,4484;35,6;100;190;10000000;10000000
2648;82,6331;0,1522;26,216;12,4484;35,6;100;190;10000000;10000000
2649;81,6682;0,1522;26,2159;12,4484;35,6;100;190;10000000;10000000
2650;81,6682;0,1522;26,2159;12,4484;35,6;100;190;10000000;10000000
2651;81,2388;0,1522;26,2159;12,4484;35,6;100;190;10000000;10000000
2652;81,2388;0,1522;26,2159;12,4484;35,6;100;190;10000000;10000000
2653;81,2388;0,1522;26,2159;12,4485;35,6;100;190;10000000;10000000
2654;81,2388;0,1522;26,2158;12,4485;35,6;100;190;10000000;10000000
2655;81,4057;0,1522;26,2158;12,4485;35,6;100;190;10000000;10000000
2656;85,7468;0,1522;26,2158;12,4485;35,6;100;190;10000000;10000000
2657;116,6189;0,1522;26,2158;12,4485;35,6;100;190;10000000;10000000
2658;104,4701;0,1522;26,2158;12,4485;35,6;100;190;10000000;10000000
2659;102,2502;0,1522;26,2158;12,4485;35,6;100;190;10000000;10000000
2660;89,9268;0,1522;26,2157;12,4485;35,6;100;190;10000000;10000000
2661;85,7975;0,1522;26,2157;12,4485;35,6;100;190;10000000;10000000
2662;84,4292;0,1522;26,2157;12,4485;35,6;100;190;10000000;10000000
2663;83,4748;0,1522;26,2157;12,4485;35,6;100;190;10000000;10000000
2664;83,4776;0,1522;26,2157;12,4485;35,6;100;190;10000000;10000000
2665;83,0858;0,1522;26,2157;12,4485;35,6;100;190;10000000;10000000
2666;83,2875;0,1522;26,2156;12,4485;35,6;100;190;10000000;10000000
2667;83,2904;0,1522;26,2156;12,4485;35,6;100;190;10000000;10000000
2668;83,2904;0,1522;26,2156;12,4485;35,6;100;190;10000000;10000000
2669;83,2904;0,1522;26,2156;12,4485;35,6;100;190;10000000;10000000
2670;78,604;0,1522;26,2156;12,4485;35,6;100;190;10000000;10000000
2671;61,2498;0,1522;26,2155;12,4485;35,6;100;190;10000000;10000000
2672;61,2498;0,1522;26,2155;12,4485;35,6;100;190;10000000;10000000
2673;61,2498;0,1522;26,2155;12,4486;35,6;100;190;10000000;10000000
2674;61,2498;0,1522;26,2155;12,4486;35,6;100;190;10000000;10000000
2675;61,2498;0,1522;26,2155;12,4486;35,6;100;190;10000000;10000000
2676;61,2498;0,1522;26,2155;12,4486;35,6;100;190;10000000;10000000
2677;44,5245;0,1522;26,2154;12,4486;35,6;100;190;10000000;10000000
2678;25,4426;0,1522;26,2154;12,4486;35,6;100;190;10000000;10000000
2679;61,2498;0,1522;26,2154;12,4486;35,6;100;190;10000000;10000000
2680;65,6679;0,1522;26,2154;12,4486;35,6;100;190;10000000;10000000
2681;80,2539;0,1522;26,2154;12,4486;35,6;100;190;10000000;10000000
2682;83,2875;0,1522;26,2153;12,4486;35,6;100;190;10000000;10000000
2683;83,2098;0,1522;26,2153;12,4486;35,6;100;190;10000000;10000000
2684;83,2904;0,1522;26,2153;12,4486;35,6;100;190;10000000;10000000
2685;82,6359;0,1522;26,2153;12,4486;35,6;100;190;10000000;10000000
2686;80,0451;0,1522;26,2153;12,4486;35,6;100;190;10000000;10000000
2687;81,2416;0,1522;26,2153;12,4486;35,6;100;190;10000000;10000000
2688;81,3336;0,1522;26,2152;12,4486;35,6;100;190;10000000;10000000
2689;81,4753;0,1522;26,2152;12,4486;35,6;100;190;10000000;10000000
2690;82,1201;0,1522;26,2152;12,4486;35,6;100;190;10000000;10000000
2691;83,0386;0,1522;26,2152;12,4486;35,6;100;190;10000000;10000000
2692;83,2903;0,1522;26,2152;12,4486;35,6;100;190;10000000;10000000
2693;82,0693;0,1522;26,2152;12,4487;35,6;100;190;10000000;10000000
2694;82,0693;0,1522;26,2151;12,4487;35,6;100;190;10000000;10000000
2695;81,5053;0,1523;26,2151;12,4487;35,6;100;190;10000000;10000000
2696;80,1081;0,1523;26,2151;12,4487;35,6;100;190;10000000;10000000
2697;79,6393;0,1523;26,2151;12,4487;35,6;100;190;10000000;10000000
2698;80,1081;0,1523;26,2151;12,4487;35,6;100;190;10000000;10000000
2699;80,4507;0,1523;26,215;12,4487;35,6;100;190;10000000;10000000
2700;78,6067;0,1523;26,215;12,4487;35,6;100;190;10000000;10000000
2701;80,1081;0,1523;26,215;12,4487;35,6;100;190;10000000;10000000
2702;78,6067;0,1523;26,215;12,4487;35,6;100;190;10000000;10000000
2703;78,6067;0,1523;26,215;12,4487;35,6;100;190;10000000;10000000
2704;81,5053;0,1523;26,215;12,4487;35,6;100;190;10000000;10000000
2705;89,1152;0,1523;26,2149;12,4487;35,6;100;190;10000000;10000000
2706;102,8421;0,1523;26,2149;12,4487;35,6;100;190;10000000;10000000
2707;98,0917;0,1523;26,2149;12,4487;35,6;100;190;10000000;10000000
2708;87,0943;0,1523;26,2149;12,4487;35,6;100;190;10000000;10000000
2709;85,7527;0,1523;26,2149;12,4487;35,6;100;190;10000000;10000000
2710;82,1201;0,1523;26,2149;12,4487;35,6;100;190;10000000;10000000
2711;81,5053;0,1523;26,2148;12,4487;35,6;100;190;10000000;10000000
2712;81,1465;0,1523;26,2148;12,4487;35,6;100;190;10000000;10000000
2713;81,1465;0,1523;26,2148;12,4488;35,6;100;190;10000000;10000000
2714;81,4141;0,1523;26,2148;12,4488;35,6;100;190;10000000;10000000
2715;84,4379;0,1523;26,2148;12,4488;35,6;100;190;10000000;10000000
2716;99,4729;0,1523;26,2147;12,4488;35,6;100;190;10000000;10000000
2717;90,1473;0,1523;26,2147;12,4488;35,6;100;190;10000000;10000000
2718;84,7495;0,1523;26,2147;12,4488;35,6;100;190;10000000;10000000
2719;78,9523;0,1523;26,2147;12,4488;35,6;100;190;10000000;10000000
2720;61,254;0,1523;26,2147;12,4488;35,6;100;190;10000000;10000000
2721;61,254;0,1523;26,2147;12,4488;35,6;100;190;10000000;10000000
2722;61,254;0,1523;26,2146;12,4488;35,6;100;190;10000000;10000000
2723;61,254;0,1523;26,2146;12,4488;35,6;100;190;10000000;10000000
2724;61,254;0,1523;26,2146;12,4488;35,6;100;190;10000000;10000000
2725;59,5573;0,1523;26,2146;12,4488;35,6;100;190;10000000;10000000
2726;44,4846;0,1523;26,2146;12,4488;35,6;100;190;10000000;10000000
2727;53,526;0,1523;26,2146;12,4488;35,6;100;190;10000000;10000000
2728;61,254;0,1523;26,2145;12,4488;35,6;100;190;10000000;10000000
2729;78,6093;0,1523;26,2145;12,4488;35,6;100;190;10000000;10000000
2730;78,6093;0,1523;26,2145;12,4488;35,6;100;190;10000000;10000000
2731;78,3285;0,1523;26,2145;12,4488;35,6;100;190;10000000;10000000
2732;78,3285;0,1523;26,2145;12,4488;35,6;100;190;10000000;10000000
2733;63,5494;0,1523;26,2144;12,4489;35,6;100;190;10000000;10000000
2734;61,254;0,1523;26,2144;12,4489;35,6;100;190;10000000;10000000
2735;63,5494;0,1523;26,2144;12,4489;35,6;100;190;10000000;10000000
2736;61,2561;0,1523;26,2144;12,4489;35,6;100;190;10000000;10000000
2737;63,5097;0,1523;26,2144;12,4489;35,6;100;190;10000000;10000000
2738;63,5097;0,1523;26,2144;12,4489;35,6;100;190;10000000;10000000
2739;61,2561;0,1523;26,2143;12,4489;35,6;100;190;10000000;10000000
2740;78,3288;0,1523;26,2143;12,4489;35,6;100;190;10000000;10000000
2741;78,612;0,1523;26,2143;12,4489;35,6;100;190;10000000;10000000
2742;61,2561;0,1523;26,2143;12,4489;35,6;100;190;10000000;10000000
2743;61,2561;0,1523;26,2143;12,4489;35,6;100;190;10000000;10000000
2744;34,3534;0,1523;26,2143;12,4489;35,6;100;190;10000000;10000000
2745;47,4947;0,1523;26,2142;12,4489;35,6;100;190;10000000;10000000
2746;47,4947;0,1523;26,2142;12,4489;35,6;100;190;10000000;10000000
2747;51,0659;0,1523;26,2142;12,4489;35,6;100;190;10000000;10000000
2748;57,5771;0,1523;26,2142;12,4489;35,6;100;190;10000000;10000000
2749;44,4568;0,1523;26,2142;12,4489;35,6;100;190;10000000;10000000
2750;44,4568;0,1523;26,2141;12,4489;35,6;100;190;10000000;10000000
2751;58,1278;0,1523;26,2141;12,4489;35,6;100;190;10000000;10000000
2752;78,0914;0,1523;26,2141;12,4489;35,6;100;190;10000000;10000000
2753;81,4614;0,1523;26,2141;12,449;35,6;100;190;10000000;10000000
2754;82,6444;0,1523;26,2141;12,449;35,6;100;190;10000000;10000000
2755;81,5499;0,1523;26,2141;12,449;35,6;100;190;10000000;10000000
2756;81,2533;0,1523;26,214;12,449;35,6;100;190;10000000;10000000
2757;81,2533;0,1523;26,214;12,449;35,6;100;190;10000000;10000000
2758;80,793;0,1523;26,214;12,449;35,6;100;190;10000000;10000000
2759;80,793;0,1523;26,214;12,449;35,6;100;190;10000000;10000000
2760;81,2528;0,1523;26,214;12,449;35,6;100;190;10000000;10000000
2761;82,5304;0,1523;26,214;12,449;35,6;100;190;10000000;10000000
2762;82,6473;0,1523;26,2139;12,449;35,6;100;190;10000000;10000000
2763;83,6449;0,1523;26,2139;12,449;35,6;100;190;10000000;10000000
2764;87,4811;0,1523;26,2139;12,449;35,6;100;190;10000000;10000000
2765;100,6281;0,1523;26,2139;12,449;35,6;100;190;10000000;10000000
2766;87,4811;0,1523;26,2139;12,449;35,6;100;190;10000000;10000000
2767;83,2212;0,1523;26,2138;12,449;35,6;100;190;10000000;10000000
2768;81,4196;0,1523;26,2138;12,449;35,6;100;190;10000000;10000000
2769;79,4084;0,1523;26,2138;12,449;35,6;100;190;10000000;10000000
2770;79,4084;0,1523;26,2138;12,449;35,6;100;190;10000000;10000000
2771;78,6147;0,1523;26,2138;12,449;35,6;100;190;10000000;10000000
2772;78,6147;0,1523;26,2138;12,449;35,6;100;190;10000000;10000000
2773;78,6147;0,1523;26,2137;12,4491;35,6;100;190;10000000;10000000
2774;79,0098;0,1523;26,2137;12,4491;35,6;100;190;10000000;10000000
2775;80,0561;0,1523;26,2137;12,4491;35,6;100;190;10000000;10000000
2776;81,3102;0,1523;26,2137;12,4491;35,6;100;190;10000000;10000000
2777;83,4891;0,1523;26,2137;12,4491;35,6;100;190;10000000;10000000
2778;84,4437;0,1523;26,2137;12,4491;35,6;100;190;10000000;10000000
2779;84,3443;0,1523;26,2136;12,4491;35,6;100;190;10000000;10000000
2780;83,3019;0,1523;26,2136;12,4491;35,6;100;190;10000000;10000000
2781;81,4196;0,1523;26,2136;12,4491;35,6;100;190;10000000;10000000
2782;80,0561;0,1523;26,2136;12,4491;35,6;100;190;10000000;10000000
2783;80,6619;0,1523;26,2136;12,4491;35,6;100;190;10000000;10000000
2784;81,0306;0,1523;26,2135;12,4491;35,6;100;190;10000000;10000000
2785;81,1549;0,1523;26,2135;12,4491;35,6;100;190;10000000;10000000
2786;81,0306;0,1523;26,2135;12,4491;35,6;100;190;10000000;10000000
2787;82,7799;0,1523;26,2135;12,4491;35,6;100;190;10000000;10000000
2788;83,3047;0,1523;26,2135;12,4491;35,6;100;190;10000000;10000000
2789;84,3472;0,1523;26,2135;12,4491;35,6;100;190;10000000;10000000
2790;83,0678;0,1523;26,2134;12,4491;35,6;100;190;10000000;10000000
2791;78,3292;0,1523;26,2134;12,4491;35,6;100;190;10000000;10000000
2792;61,2604;0,1523;26,2134;12,4491;35,6;100;190;10000000;10000000
2793;61,2604;0,1523;26,2134;12,4492;35,6;100;190;10000000;10000000
2794;61,2604;0,1523;26,2134;12,4492;35,6;100;190;10000000;10000000
2795;61,2604;0,1523;26,2133;12,4492;35,6;100;190;10000000;10000000
2796;61,2604;0,1523;26,2133;12,4492;35,6;100;190;10000000;10000000
2797;61,2604;0,1523;26,2133;12,4492;35,6;100;190;10000000;10000000
2798;61,2604;0,1523;26,2133;12,4492;35,6;100;190;10000000;10000000
2799;62,644;0,1523;26,2133;12,4492;35,6;100;190;10000000;10000000
2800;81,3723;0,1523;26,2133;12,4492;35,6;100;190;10000000;10000000
2801;86,1828;0,1523;26,2132;12,4492;35,6;100;190;10000000;10000000
2802;89,4646;0,1523;26,2132;12,4492;35,6;100;190;10000000;10000000
2803;86,1828;0,1523;26,2132;12,4492;35,6;100;190;10000000;10000000
2804;85,7645;0,1523;26,2132;12,4492;35,6;100;190;10000000;10000000
2805;82,4677;0,1523;26,2132;12,4492;35,6;100;190;10000000;10000000
2806;78,6175;0,1523;26,2132;12,4492;35,6;100;190;10000000;10000000
2807;78,6175;0,1523;26,2131;12,4492;35,6;100;190;10000000;10000000
2808;78,6201;0,1523;26,2131;12,4492;35,6;100;190;10000000;10000000
2809;78,6201;0,1523;26,2131;12,4492;35,6;100;190;10000000;10000000
2810;79,0152;0,1523;26,2131;12,4492;35,6;100;190;10000000;10000000
2811;81,3158;0,1523;26,2131;12,4492;35,6;100;190;10000000;10000000
2812;83,2269;0,1523;26,213;12,4492;35,6;100;190;10000000;10000000
2813;87,115;0,1523;26,213;12,4492;35,6;100;190;10000000;10000000
2814;85,7674;0,1523;26,213;12,4493;35,6;100;190;10000000;10000000
2815;83,2269;0,1523;26,213;12,4493;35,6;100;190;10000000;10000000
2816;82,4516;0,1523;26,213;12,4493;35,6;100;190;10000000;10000000
2817;81,5337;0,1523;26,213;12,4493;35,6;100;190;10000000;10000000
2818;80,3386;0,1523;26,2129;12,4493;35,6;100;190;10000000;10000000
2819;80,3386;0,1523;26,2129;12,4493;35,6;100;190;10000000;10000000
2820;79,653;0,1523;26,2129;12,4493;35,6;100;190;10000000;10000000
2821;79,653;0,1523;26,2129;12,4493;35,6;100;190;10000000;10000000
2822;79,2179;0,1523;26,2129;12,4493;35,6;100;190;10000000;10000000
2823;80,0616;0,1523;26,2129;12,4493;35,6;100;190;10000000;10000000
2824;81,4252;0,1523;26,2128;12,4493;35,6;100;190;10000000;10000000
2825;83,5564;0,1523;26,2128;12,4493;35,6;100;190;10000000;10000000
2826;85,8796;0,1523;26,2128;12,4493;35,6;100;190;10000000;10000000
2827;85,8796;0,1523;26,2128;12,4493;35,6;100;190;10000000;10000000
2828;85,3896;0,1523;26,2128;12,4493;35,6;100;190;10000000;10000000
2829;84,1145;0,1523;26,2127;12,4493;35,6;100;190;10000000;10000000
2830;83,698;0,1523;26,2127;12,4493;35,6;100;190;10000000;10000000
2831;84,2171;0,1523;26,2127;12,4493;35,6;100;190;10000000;10000000
2832;84,4542;0,1523;26,2127;12,4493;35,6;100;190;10000000;10000000
2833;84,1077;0,1523;26,2127;12,4493;35,6;100;190;10000000;10000000
2834;84,718;0,1523;26,2127;12,4494;35,6;100;190;10000000;10000000
2835;85,7704;0,1523;26,2126;12,4494;35,6;100;190;10000000;10000000
2836;86,1887;0,1523;26,2126;12,4494;35,6;100;190;10000000;10000000
2837;86,0771;0,1523;26,2126;12,4494;35,6;100;190;10000000;10000000
2838;84,718;0,1523;26,2126;12,4494;35,6;100;190;10000000;10000000
2839;83,3589;0,1523;26,2126;12,4494;35,6;100;190;10000000;10000000
2840;81,6147;0,1523;26,2126;12,4494;35,6;100;190;10000000;10000000
2841;81,6147;0,1523;26,2125;12,4494;35,6;100;190;10000000;10000000
2842;81,6147;0,1523;26,2125;12,4494;35,6;100;190;10000000;10000000
2843;81,6147;0,1523;26,2125;12,4494;35,6;100;190;10000000;10000000
2844;81,6147;0,1523;26,2125;12,4494;35,6;100;190;10000000;10000000
2845;81,2611;0,1523;26,2125;12,4494;35,6;100;190;10000000;10000000
2846;81,9998;0,1523;26,2124;12,4494;35,6;100;190;10000000;10000000
2847;83,4977;0,1523;26,2124;12,4494;35,6;100;190;10000000;10000000
2848;85,7704;0,1523;26,2124;12,4494;35,6;100;190;10000000;10000000
2849;89,4292;0,1523;26,2124;12,4494;35,6;100;190;10000000;10000000
2850;106,5158;0,1523;26,2124;12,4494;35,6;100;190;10000000;10000000
2851;106,5158;0,1523;26,2124;12,4494;35,6;100;190;10000000;10000000
2852;87,3955;0,1523;26,2123;12,4494;35,6;100;190;10000000;10000000
2853;84,718;0,1523;26,2123;12,4494;35,6;100;190;10000000;10000000
2854;84,4542;0,1523;26,2123;12,4495;35,6;100;190;10000000;10000000
2855;83,5593;0,1523;26,2123;12,4495;35,6;100;190;10000000;10000000
2856;82,8549;0,1523;26,2123;12,4495;35,6;100;190;10000000;10000000
2857;83,5622;0,1523;26,2123;12,4495;35,6;100;190;10000000;10000000
2858;82,8549;0,1523;26,2122;12,4495;35,6;100;190;10000000;10000000
2859;83,3104;0,1523;26,2122;12,4495;35,6;100;190;10000000;10000000
2860;83,3104;0,1523;26,2122;12,4495;35,6;100;190;10000000;10000000
2861;81,2639;0,1523;26,2122;12,4495;35,6;100;190;10000000;10000000
2862;79,9073;0,1523;26,2122;12,4495;35,6;100;190;10000000;10000000
2863;78,1049;0,1523;26,2121;12,4495;35,6;100;190;10000000;10000000
2864;77,1677;0,1523;26,2121;12,4495;35,6;100;190;10000000;10000000
2865;65,7415;0,1523;26,2121;12,4495;35,6;100;190;10000000;10000000
2866;77,3366;0,1523;26,2121;12,4495;35,6;100;190;10000000;10000000
2867;63,5277;0,1523;26,2121;12,4495;35,6;100;190;10000000;10000000
2868;78,1049;0,1523;26,2121;12,4495;35,6;100;190;10000000;10000000
2869;77,3366;0,1523;26,212;12,4495;35,6;100;190;10000000;10000000
2870;63,5277;0,1523;26,212;12,4495;35,6;100;190;10000000;10000000
2871;78,3298;0,1523;26,212;12,4495;35,6;100;190;10000000;10000000
2872;78,3298;0,1523;26,212;12,4495;35,6;100;190;10000000;10000000
2873;81,1633;0,1523;26,212;12,4495;35,6;100;190;10000000;10000000
2874;83,2327;0,1523;26,212;12,4496;35,6;100;190;10000000;10000000
2875;83,2327;0,1523;26,2119;12,4496;35,6;100;190;10000000;10000000
2876;83,2327;0,1523;26,2119;12,4496;35,6;100;190;10000000;10000000
2877;80,8069;0,1523;26,2119;12,4496;35,6;100;190;10000000;10000000
2878;78,6255;0,1523;26,2119;12,4496;35,6;100;190;10000000;10000000
2879;78,6255;0,1523;26,2119;12,4496;35,6;100;190;10000000;10000000
2880;78,6283;0,1523;26,2118;12,4496;35,6;100;190;10000000;10000000
2881;78,6283;0,1523;26,2118;12,4496;35,6;100;190;10000000;10000000
2882;78,6283;0,1523;26,2118;12,4496;35,6;100;190;10000000;10000000
2883;78,6283;0,1523;26,2118;12,4496;35,6;100;190;10000000;10000000
2884;78,8757;0,1523;26,2118;12,4496;35,6;100;190;10000000;10000000
2885;78,6283;0,1523;26,2118;12,4496;35,6;100;190;10000000;10000000
2886;78,6283;0,1523;26,2117;12,4496;35,6;100;190;10000000;10000000
2887;63,3596;0,1523;26,2117;12,4496;35,6;100;190;10000000;10000000
2888;61,2688;0,1523;26,2117;12,4496;35,6;100;190;10000000;10000000
2889;61,2688;0,1523;26,2117;12,4496;35,6;100;190;10000000;10000000
2890;71,6883;0,1523;26,2117;12,4496;35,6;100;190;10000000;10000000
2891;66,2089;0,1523;26,2117;12,4496;35,6;100;190;10000000;10000000
2892;63,3596;0,1523;26,2116;12,4496;35,6;100;190;10000000;10000000
2893;61,2688;0,1523;26,2116;12,4496;35,6;100;190;10000000;10000000
2894;61,2688;0,1523;26,2116;12,4497;35,6;100;190;10000000;10000000
2895;61,2688;0,1523;26,2116;12,4497;35,6;100;190;10000000;10000000
2896;78,3301;0,1523;26,2116;12,4497;35,6;100;190;10000000;10000000
2897;81,4336;0,1523;26,2116;12,4497;35,6;100;190;10000000;10000000
2898;82,647;0,1523;26,2115;12,4497;35,6;100;190;10000000;10000000
2899;82,647;0,1523;26,2115;12,4497;35,6;100;190;10000000;10000000
2900;82,0918;0,1523;26,2115;12,4497;35,6;100;190;10000000;10000000
2901;81,34;0,1523;26,2115;12,4497;35,6;100;190;10000000;10000000
2902;81,2667;0,1523;26,2115;12,4497;35,6;100;190;10000000;10000000
2903;81,2667;0,1523;26,2115;12,4497;35,6;100;190;10000000;10000000
2904;84,0436;0,1523;26,2114;12,4497;35,6;100;190;10000000;10000000
2905;84,2308;0,1523;26,2114;12,4497;35,6;100;190;10000000;10000000
2906;85,7792;0,1523;26,2114;12,4497;35,6;100;190;10000000;10000000
2907;86,1976;0,1523;26,2114;12,4497;35,6;100;190;10000000;10000000
2908;106,5268;0,1523;26,2114;12,4497;35,6;100;190;10000000;10000000
2909;111,8055;0,1523;26,2113;12,4497;35,6;100;190;10000000;10000000
2910;87,4992;0,1523;26,2113;12,4497;35,6;100;190;10000000;10000000
2911;84,0388;0,1523;26,2113;12,4497;35,6;100;190;10000000;10000000
2912;83,5679;0,1523;26,2113;12,4497;35,6;100;190;10000000;10000000
2913;82,6733;0,1523;26,2113;12,4497;35,6;100;190;10000000;10000000
2914;83,3161;0,1523;26,2113;12,4497;35,6;100;190;10000000;10000000
2915;82,7694;0,1523;26,2112;12,4498;35,6;100;190;10000000;10000000
2916;83,3161;0,1523;26,2112;12,4498;35,6;100;190;10000000;10000000
2917;82,8606;0,1523;26,2112;12,4498;35,6;100;190;10000000;10000000
2918;83,3161;0,1523;26,2112;12,4498;35,6;100;190;10000000;10000000
2919;83,5679;0,1523;26,2112;12,4498;35,6;100;190;10000000;10000000
2920;89,1249;0,1523;26,2112;12,4498;35,6;100;190;10000000;10000000
2921;115,2641;0,1523;26,2111;12,4498;35,6;100;190;10000000;10000000
2922;136,7495;0,1523;26,2111;12,4498;35,6;100;190;10000000;10000000
2923;135,0069;0,1523;26,2111;12,4498;35,6;100;190;10000000;10000000
2924;131,0516;0,1523;26,2111;12,4498;35,6;100;190;10000000;10000000
2925;106,5268;0,1523;26,2111;12,4498;35,6;100;190;10000000;10000000
2926;90,6147;0,1523;26,2111;12,4498;35,6;100;190;10000000;10000000
2927;88,1544;0,1523;26,211;12,4498;35,6;100;190;10000000;10000000
2928;88,3274;0,1523;26,211;12,4498;35,6;100;190;10000000;10000000
2929;88,5834;0,1523;26,211;12,4498;35,6;100;190;10000000;10000000
2930;89,7444;0,1523;26,211;12,4498;35,6;100;190;10000000;10000000
2931;106,5304;0,1523;26,211;12,4498;35,6;100;190;10000000;10000000
2932;131,0561;0,1523;26,211;12,4498;35,6;100;190;10000000;10000000
2933;131,0561;0,1523;26,2109;12,4498;35,6;100;190;10000000;10000000
2934;91,7789;0,1523;26,2109;12,4498;35,6;100;190;10000000;10000000
2935;83,319;0,1523;26,2109;12,4498;35,6;100;190;10000000;10000000
2936;81,1716;0,1523;26,2109;12,4499;35,6;100;190;10000000;10000000
2937;78,3305;0,1523;26,2109;12,4499;35,6;100;190;10000000;10000000
2938;78,6336;0,1523;26,2109;12,4499;35,6;100;190;10000000;10000000
2939;78,4083;0,1523;26,2108;12,4499;35,6;100;190;10000000;10000000
2940;78,3305;0,1523;26,2108;12,4499;35,6;100;190;10000000;10000000
2941;78,6336;0,1523;26,2108;12,4499;35,6;100;190;10000000;10000000
2942;78,3305;0,1523;26,2108;12,4499;35,6;100;190;10000000;10000000
2943;78,6337;0,1523;26,2108;12,4499;35,6;100;190;10000000;10000000
2944;79,8253;0,1523;26,2107;12,4499;35,6;100;190;10000000;10000000
2945;81,6259;0,1523;26,2107;12,4499;35,6;100;190;10000000;10000000
2946;84,0763;0,1523;26,2107;12,4499;35,6;100;190;10000000;10000000
2947;84,3646;0,1523;26,2107;12,4499;35,6;100;190;10000000;10000000
2948;83,5092;0,1523;26,2107;12,4499;35,6;100;190;10000000;10000000
2949;79,6667;0,1523;26,2107;12,4499;35,6;100;190;10000000;10000000
2950;78,3622;0,1523;26,2106;12,4499;35,6;100;190;10000000;10000000
2951;78,1129;0,1523;26,2106;12,4499;35,6;100;190;10000000;10000000
2952;78,3307;0,1523;26,2106;12,4499;35,6;100;190;10000000;10000000
2953;78,3307;0,1523;26,2106;12,4499;35,6;100;190;10000000;10000000
2954;78,1156;0,1523;26,2106;12,4499;35,6;100;190;10000000;10000000
2955;78,6364;0,1523;26,2106;12,4499;35,6;100;190;10000000;10000000
2956;81,3325;0,1523;26,2105;12,45;35,6;100;190;10000000;10000000
2957;81,7364;0,1523;26,2105;12,45;35,6;100;190;10000000;10000000
2958;79,9103;0,1523;26,2105;12,45;35,6;100;190;10000000;10000000
2959;78,1156;0,1523;26,2105;12,45;35,6;100;190;10000000;10000000
2960;61,7498;0,1523;26,2105;12,45;35,6;100;190;10000000;10000000
2961;61,2751;0,1523;26,2105;12,45;35,6;100;190;10000000;10000000
2962;61,2751;0,1523;26,2104;12,45;35,6;100;190;10000000;10000000
2963;61,2751;0,1523;26,2104;12,45;35,6;100;190;10000000;10000000
2964;61,2751;0,1523;26,2104;12,45;35,6;100;190;10000000;10000000
2965;61,2751;0,1523;26,2104;12,45;35,6;100;190;10000000;10000000
2966;61,2751;0,1523;26,2104;12,45;35,6;100;190;10000000;10000000
2967;61,2751;0,1523;26,2104;12,45;35,6;100;190;10000000;10000000
2968;77,3472;0,1523;26,2103;12,45;35,6;100;190;10000000;10000000
2969;79,5382;0,1523;26,2103;12,45;35,6;100;190;10000000;10000000
2970;83,0878;0,1523;26,2103;12,45;35,6;100;190;10000000;10000000
2971;82,5531;0,1523;26,2103;12,45;35,6;100;190;10000000;10000000
2972;78,6364;0,1523;26,2103;12,45;35,6;100;190;10000000;10000000
2973;61,2751;0,1523;26,2103;12,45;35,6;100;190;10000000;10000000
2974;61,2751;0,1523;26,2102;12,45;35,6;100;190;10000000;10000000
2975;61,2751;0,1523;26,2102;12,45;35,6;100;190;10000000;10000000
2976;61,2772;0,1523;26,2102;12,45;35,6;100;190;10000000;10000000
2977;61,2772;0,1523;26,2102;12,4501;35,6;100;190;10000000;10000000
2978;61,2772;0,1523;26,2102;12,4501;35,6;100;190;10000000;10000000
2979;61,2772;0,1523;26,2101;12,4501;35,6;100;190;10000000;10000000
2980;63,3077;0,1523;26,2101;12,4501;35,6;100;190;10000000;10000000
2981;78,6391;0,1523;26,2101;12,4501;35,6;100;190;10000000;10000000
2982;61,2772;0,1523;26,2101;12,4501;35,6;100;190;10000000;10000000
2983;61,2772;0,1523;26,2101;12,4501;35,6;100;190;10000000;10000000
2984;40,4246;0,1523;26,2101;12,4501;35,6;100;190;10000000;10000000
2985;25,3231;0,1523;26,21;12,4501;35,6;100;190;10000000;10000000
2986;25,3231;0,1523;26,21;12,4501;35,6;100;190;10000000;10000000
2987;32,5154;0,1523;26,21;12,4501;35,6;100;190;10000000;10000000
2988;0;0,1523;26,21;12,4501;35,6;100;190;10000000;10000000
2989;16,6968;0,1523;26,21;12,4501;35,6;100;190;10000000;10000000
2990;14,0607;0,1523;26,21;12,4501;35,6;100;190;10000000;10000000
2991;7,5758;0,1523;26,2099;12,4501;35,6;100;190;10000000;10000000
2992;26,7149;0,1523;26,2099;12,4501;35,6;100;190;10000000;10000000
2993;72,6557;0,1523;26,2099;12,4501;35,6;100;190;10000000;10000000
2994;78,6391;0,1523;26,2099;12,4501;35,6;100;190;10000000;10000000
2995;63,3077;0,1523;26,2099;12,4501;35,6;100;190;10000000;10000000
2996;61,2772;0,1523;26,2099;12,4501;35,6;100;190;10000000;10000000
2997;25,3231;0,1523;26,2098;12,4501;35,6;100;190;10000000;10000000
2998;44,3154;0,1523;26,2098;12,4502;35,6;100;190;10000000;10000000
2999;0;0,1523;26,2098;12,4502;35,6;100;190;10000000;10000000
3000;0;0,1523;26,2098;12,4502;35,6;100;190;10000000;10000000
3001;0;0,1523;26,2098;12,4502;35,6;100;190;10000000;10000000
3002;-1;0,1523;26,2098;12,4502;35,6;100;190;10000000;10000000
3003;-1;0,1523;26,2097;12,4502;35,6;100;190;10000000;10000000
3004;-1;0,1523;26,2097;12,4502;35,6;100;190;10000000;10000000
3005;-65;0,1523;26,2097;12,4502;35,6;100;190;10000000;10000000
3006;-1;0,1523;26,2097;12,4502;35,6;100;190;10000000;10000000
3007;-1;0,1523;26,2097;12,4502;35,6;100;190;10000000;10000000
3008;0;0,1523;26,2097;12,4502;35,6;100;190;10000000;10000000
3009;-1;0,1523;26,2096;12,4502;35,6;100;190;10000000;10000000
3010;0;0,1523;26,2096;12,4502;35,6;100;190;10000000;10000000
3011;0;0,1523;26,2096;12,4502;35,6;100;190;10000000;10000000
3012;0;0,1523;26,2096;12,4502;35,6;100;190;10000000;10000000
3013;-1;0,1523;26,2096;12,4502;35,6;100;190;10000000;10000000
3014;-1;0,1523;26,2096;12,4502;35,6;100;190;10000000;10000000
3015;-1;0,1523;26,2095;12,4502;35,6;100;190;10000000;10000000
3016;-1;0,1523;26,2095;12,4502;35,6;100;190;10000000;10000000
3017;30,8854;0,1523;26,2095;12,4502;35,6;100;190;10000000;10000000
3018;61,2793;0,1523;26,2095;12,4503;35,6;100;190;10000000;10000000
3019;61,2793;0,1523;26,2095;12,4503;35,6;100;190;10000000;10000000
3020;61,2793;0,1523;26,2094;12,4503;35,6;100;190;10000000;10000000
3021;61,2793;0,1523;26,2094;12,4503;35,6;100;190;10000000;10000000
3022;0;0,1523;26,2094;12,4503;35,6;100;190;10000000;10000000
3023;0;0,1523;26,2094;12,4503;35,6;100;190;10000000;10000000
3024;0;0,1523;26,2094;12,4503;35,6;100;190;10000000;10000000
3025;0;0,1523;26,2094;12,4503;35,6;100;190;10000000;10000000
3026;0;0,1523;26,2093;12,4503;35,6;100;190;10000000;10000000
3027;0;0,1523;26,2093;12,4503;35,6;100;190;10000000;10000000
3028;0;0,1523;26,2093;12,4503;35,6;100;190;10000000;10000000
3029;0;0,1523;26,2093;12,4503;35,6;100;190;10000000;10000000
3030;0;0,1523;26,2093;12,4503;35,6;100;190;10000000;10000000
3031;0;0,1523;26,2093;12,4503;35,6;100;190;10000000;10000000
3032;0;0,1523;26,2092;12,4503;35,6;100;190;10000000;10000000
3033;0;0,1523;26,2092;12,4503;35,6;100;190;10000000;10000000
3034;0;0,1523;26,2092;12,4503;35,6;100;190;10000000;10000000
3035;0;0,1523;26,2092;12,4503;35,6;100;190;10000000;10000000
3036;0;0,1523;26,2092;12,4503;35,6;100;190;10000000;10000000
3037;0;0,1523;26,2092;12,4503;35,6;100;190;10000000;10000000
3038;0;0,1523;26,2091;12,4503;35,6;100;190;10000000;10000000
3039;0;0,1523;26,2091;12,4504;35,6;100;190;10000000;10000000
3040;7,5758;0,1523;26,2091;12,4504;35,6;100;190;10000000;10000000
3041;78,6445;0,1523;26,2091;12,4504;35,6;100;190;10000000;10000000
3042;83,2379;0,1523;26,2091;12,4504;35,6;100;190;10000000;10000000
3043;83,2379;0,1523;26,2091;12,4504;35,6;100;190;10000000;10000000
3044;82,7836;0,1523;26,209;12,4504;35,6;100;190;10000000;10000000
3045;78,6445;0,1523;26,209;12,4504;35,6;100;190;10000000;10000000
3046;61,2814;0,1523;26,209;12,4504;35,6;100;190;10000000;10000000
3047;59,222;0,1523;26,209;12,4504;35,6;100;190;10000000;10000000
3048;30,7034;0,1523;26,209;12,4504;35,6;100;190;10000000;10000000
3049;11,0722;0,1524;26,209;12,4504;35,6;100;190;10000000;10000000
3050;37,7888;0,1524;26,2089;12,4504;35,6;100;190;10000000;10000000
3051;39,8132;0,1524;26,2089;12,4504;35,6;100;190;10000000;10000000
3052;33,74;0,1524;26,2089;12,4504;35,6;100;190;10000000;10000000
3053;56,4115;0,1524;26,2089;12,4504;35,6;100;190;10000000;10000000
3054;38,801;0,1524;26,2089;12,4504;35,6;100;190;10000000;10000000
3055;42,8498;0,1524;26,2088;12,4504;35,6;100;190;10000000;10000000
3056;25,2332;0,1524;26,2088;12,4504;35,6;100;190;10000000;10000000
3057;14,5082;0,1524;26,2088;12,4504;35,6;100;190;10000000;10000000
3058;0;0,1524;26,2088;12,4504;35,6;100;190;10000000;10000000
3059;0;0,1524;26,2088;12,4504;35,6;100;190;10000000;10000000
3060;0;0,1524;26,2088;12,4505;35,6;100;190;10000000;10000000
3061;0;0,1524;26,2087;12,4505;35,6;100;190;10000000;10000000
3062;0;0,1524;26,2087;12,4505;35,6;100;190;10000000;10000000
3063;10,4594;0,1524;26,2087;12,4505;35,6;100;190;10000000;10000000
3064;39,8132;0,1524;26,2087;12,4505;35,6;100;190;10000000;10000000
3065;61,2835;0,1524;26,2087;12,4505;35,6;100;190;10000000;10000000
3066;61,2835;0,1524;26,2087;12,4505;35,6;100;190;10000000;10000000
3067;61,2835;0,1524;26,2086;12,4505;35,6;100;190;10000000;10000000
3068;61,2835;0,1524;26,2086;12,4505;35,6;100;190;10000000;10000000
3069;61,2835;0,1524;26,2086;12,4505;35,6;100;190;10000000;10000000
3070;63,083;0,1524;26,2086;12,4505;35,6;100;190;10000000;10000000
3071;63,083;0,1524;26,2086;12,4505;35,6;100;190;10000000;10000000
3072;62,9944;0,1524;26,2086;12,4505;35,6;100;190;10000000;10000000
3073;78,129;0,1524;26,2085;12,4505;35,6;100;190;10000000;10000000
3074;78,129;0,1524;26,2085;12,4505;35,6;100;190;10000000;10000000
3075;78,3318;0,1524;26,2085;12,4505;35,6;100;190;10000000;10000000
3076;79,924;0,1524;26,2085;12,4505;35,6;100;190;10000000;10000000
3077;81,5891;0,1524;26,2085;12,4505;35,6;100;190;10000000;10000000
3078;79,4439;0,1524;26,2085;12,4505;35,6;100;190;10000000;10000000
3079;78,6499;0,1524;26,2084;12,4505;35,6;100;190;10000000;10000000
3080;77,3605;0,1524;26,2084;12,4505;35,6;100;190;10000000;10000000
3081;70,7408;0,1524;26,2084;12,4506;35,6;100;190;10000000;10000000
3082;74,6017;0,1524;26,2084;12,4506;35,6;100;190;10000000;10000000
3083;74,6017;0,1524;26,2084;12,4506;35,6;100;190;10000000;10000000
3084;75,4094;0,1524;26,2084;12,4506;35,6;100;190;10000000;10000000
3085;76,3095;0,1524;26,2083;12,4506;35,6;100;190;10000000;10000000
3086;78,129;0,1524;26,2083;12,4506;35,6;100;190;10000000;10000000
3087;82,7893;0,1524;26,2083;12,4506;35,6;100;190;10000000;10000000
3088;85,7998;0,1524;26,2083;12,4506;35,6;100;190;10000000;10000000
3089;109,541;0,1524;26,2083;12,4506;35,6;100;190;10000000;10000000
3090;111,8324;0,1524;26,2082;12,4506;35,6;100;190;10000000;10000000
3091;106,5524;0,1524;26,2082;12,4506;35,6;100;190;10000000;10000000
3092;92,0874;0,1524;26,2082;12,4506;35,6;100;190;10000000;10000000
3093;85,7998;0,1524;26,2082;12,4506;35,6;100;190;10000000;10000000
3094;83,8483;0,1524;26,2082;12,4506;35,6;100;190;10000000;10000000
3095;82,6842;0,1524;26,2082;12,4506;35,6;100;190;10000000;10000000
3096;83,1049;0,1524;26,2081;12,4506;35,6;100;190;10000000;10000000
3097;82,8169;0,1524;26,2081;12,4506;35,6;100;190;10000000;10000000
3098;83,1049;0,1524;26,2081;12,4506;35,6;100;190;10000000;10000000
3099;83,7326;0,1524;26,2081;12,4506;35,6;100;190;10000000;10000000
3100;87,0232;0,1524;26,2081;12,4506;35,6;100;190;10000000;10000000
3101;87,5232;0,1524;26,2081;12,4507;35,6;100;190;10000000;10000000
3102;86,2419;0,1524;26,208;12,4507;35,6;100;190;10000000;10000000
3103;83,1856;0,1524;26,208;12,4507;35,6;100;190;10000000;10000000
3104;81,0335;0,1524;26,208;12,4507;35,6;100;190;10000000;10000000
3105;81,2918;0,1524;26,208;12,4507;35,6;100;190;10000000;10000000
3106;81,2918;0,1524;26,208;12,4507;35,6;100;190;10000000;10000000
3107;80,7371;0,1524;26,208;12,4507;35,6;100;190;10000000;10000000
3108;80,7371;0,1524;26,2079;12,4507;35,6;100;190;10000000;10000000
3109;79,6858;0,1524;26,2079;12,4507;35,6;100;190;10000000;10000000
3110;80,7371;0,1524;26,2079;12,4507;35,6;100;190;10000000;10000000
3111;81,3493;0,1524;26,2079;12,4507;35,6;100;190;10000000;10000000
3112;85,8028;0,1524;26,2079;12,4507;35,6;100;190;10000000;10000000
3113;105,4498;0,1524;26,2079;12,4507;35,6;100;190;10000000;10000000
3114;114,9751;0,1524;26,2078;12,4507;35,6;100;190;10000000;10000000
3115;101,1329;0,1524;26,2078;12,4507;35,6;100;190;10000000;10000000
3116;86,7834;0,1524;26,2078;12,4507;35,6;100;190;10000000;10000000
3117;85,3636;0,1524;26,2078;12,4507;35,6;100;190;10000000;10000000
3118;82,1681;0,1524;26,2078;12,4507;35,6;100;190;10000000;10000000
3119;80,7551;0,1524;26,2078;12,4507;35,6;100;190;10000000;10000000
3120;79,1439;0,1524;26,2077;12,4507;35,6;100;190;10000000;10000000
3121;81,5947;0,1524;26,2077;12,4507;35,6;100;190;10000000;10000000
3122;82,6898;0,1524;26,2077;12,4508;35,6;100;190;10000000;10000000
3123;84,2568;0,1524;26,2077;12,4508;35,6;100;190;10000000;10000000
3124;85,8057;0,1524;26,2077;12,4508;35,6;100;190;10000000;10000000
3125;86,2242;0,1524;26,2076;12,4508;35,6;100;190;10000000;10000000
3126;85,8057;0,1524;26,2076;12,4508;35,6;100;190;10000000;10000000
3127;78,6553;0,1524;26,2076;12,4508;35,6;100;190;10000000;10000000
3128;70,6008;0,1524;26,2076;12,4508;35,6;100;190;10000000;10000000
3129;63,6183;0,1524;26,2076;12,4508;35,6;100;190;10000000;10000000
3130;65,9458;0,1524;26,2076;12,4508;35,6;100;190;10000000;10000000
3131;64,7222;0,1524;26,2075;12,4508;35,6;100;190;10000000;10000000
3132;65,9458;0,1524;26,2075;12,4508;35,6;100;190;10000000;10000000
3133;63,5525;0,1524;26,2075;12,4508;35,6;100;190;10000000;10000000
3134;61,2898;0,1524;26,2075;12,4508;35,6;100;190;10000000;10000000
3135;67,0615;0,1524;26,2075;12,4508;35,6;100;190;10000000;10000000
3136;78,6553;0,1524;26,2075;12,4508;35,6;100;190;10000000;10000000
3137;83,1077;0,1524;26,2074;12,4508;35,6;100;190;10000000;10000000
3138;85,746;0,1524;26,2074;12,4508;35,6;100;190;10000000;10000000
3139;82,8197;0,1524;26,2074;12,4508;35,6;100;190;10000000;10000000
3140;80,0973;0,1524;26,2074;12,4508;35,6;100;190;10000000;10000000
3141;78,9028;0,1524;26,2074;12,4508;35,6;100;190;10000000;10000000
3142;78,6553;0,1524;26,2074;12,4508;35,6;100;190;10000000;10000000
3143;78,6553;0,1524;26,2073;12,4509;35,6;100;190;10000000;10000000
3144;78,1371;0,1524;26,2073;12,4509;35,6;100;190;10000000;10000000
3145;78,658;0,1524;26,2073;12,4509;35,6;100;190;10000000;10000000
3146;78,1371;0,1524;26,2073;12,4509;35,6;100;190;10000000;10000000
3147;78,658;0,1524;26,2073;12,4509;35,6;100;190;10000000;10000000
3148;78,7672;0,1524;26,2073;12,4509;35,6;100;190;10000000;10000000
3149;78,7672;0,1524;26,2072;12,4509;35,6;100;190;10000000;10000000
3150;78,3324;0,1524;26,2072;12,4509;35,6;100;190;10000000;10000000
3151;61,2919;0,1524;26,2072;12,4509;35,6;100;190;10000000;10000000
3152;61,2919;0,1524;26,2072;12,4509;35,6;100;190;10000000;10000000
3153;61,2919;0,1524;26,2072;12,4509;35,6;100;190;10000000;10000000
3154;61,2919;0,1524;26,2072;12,4509;35,6;100;190;10000000;10000000
3155;61,2919;0,1524;26,2071;12,4509;35,6;100;190;10000000;10000000
3156;61,2919;0,1524;26,2071;12,4509;35,6;100;190;10000000;10000000
3157;61,2919;0,1524;26,2071;12,4509;35,6;100;190;10000000;10000000
3158;25,1497;0,1524;26,2071;12,4509;35,6;100;190;10000000;10000000
3159;44,3727;0,1524;26,2071;12,4509;35,6;100;190;10000000;10000000
3160;61,2919;0,1524;26,207;12,4509;35,6;100;190;10000000;10000000
3161;78,658;0,1524;26,207;12,4509;35,6;100;190;10000000;10000000
3162;78,7672;0,1524;26,207;12,4509;35,6;100;190;10000000;10000000
3163;78,658;0,1524;26,207;12,4509;35,6;100;190;10000000;10000000
3164;78,658;0,1524;26,207;12,451;35,6;100;190;10000000;10000000
3165;76,4717;0,1524;26,207;12,451;35,6;100;190;10000000;10000000
3166;61,2919;0,1524;26,2069;12,451;35,6;100;190;10000000;10000000
3167;77,0049;0,1524;26,2069;12,451;35,6;100;190;10000000;10000000
3168;64,8826;0,1524;26,2069;12,451;35,6;100;190;10000000;10000000
3169;74,6025;0,1524;26,2069;12,451;35,6;100;190;10000000;10000000
3170;77,3711;0,1524;26,2069;12,451;35,6;100;190;10000000;10000000
3171;78,6607;0,1524;26,2069;12,451;35,6;100;190;10000000;10000000
3172;78,6607;0,1524;26,2068;12,451;35,6;100;190;10000000;10000000
3173;78,6607;0,1524;26,2068;12,451;35,6;100;190;10000000;10000000
3174;61,294;0,1524;26,2068;12,451;35,6;100;190;10000000;10000000
3175;61,294;0,1524;26,2068;12,451;35,6;100;190;10000000;10000000
3176;43,9699;0,1524;26,2068;12,451;35,6;100;190;10000000;10000000
3177;57,6403;0,1524;26,2068;12,451;35,6;100;190;10000000;10000000
3178;55,6753;0,1524;26,2067;12,451;35,6;100;190;10000000;10000000
3179;55,6753;0,1524;26,2067;12,451;35,6;100;190;10000000;10000000
3180;43,9699;0,1524;26,2067;12,451;35,6;100;190;10000000;10000000
3181;26,706;0,1524;26,2067;12,451;35,6;100;190;10000000;10000000
3182;25,1257;0,1524;26,2067;12,451;35,6;100;190;10000000;10000000
3183;25,1257;0,1524;26,2067;12,451;35,6;100;190;10000000;10000000
3184;61,294;0,1524;26,2066;12,4511;35,6;100;190;10000000;10000000
3185;61,294;0,1524;26,2066;12,4511;35,6;100;190;10000000;10000000
3186;61,294;0,1524;26,2066;12,4511;35,6;100;190;10000000;10000000
3187;78,0057;0,1524;26,2066;12,4511;35,6;100;190;10000000;10000000
3188;68,4539;0,1524;26,2066;12,4511;35,6;100;190;10000000;10000000
3189;61,294;0,1524;26,2066;12,4511;35,6;100;190;10000000;10000000
3190;61,294;0,1524;26,2065;12,4511;35,6;100;190;10000000;10000000
3191;61,294;0,1524;26,2065;12,4511;35,6;100;190;10000000;10000000
3192;61,2961;0,1524;26,2065;12,4511;35,6;100;190;10000000;10000000
3193;61,2961;0,1524;26,2065;12,4511;35,6;100;190;10000000;10000000
3194;61,2961;0,1524;26,2065;12,4511;35,6;100;190;10000000;10000000
3195;61,2961;0,1524;26,2065;12,4511;35,6;100;190;10000000;10000000
3196;61,2961;0,1524;26,2064;12,4511;35,6;100;190;10000000;10000000
3197;62,68;0,1524;26,2064;12,4511;35,6;100;190;10000000;10000000
3198;60,7414;0,1524;26,2064;12,4511;35,6;100;190;10000000;10000000
3199;39,4173;0,1524;26,2064;12,4511;35,6;100;190;10000000;10000000
3200;0;0,1524;26,2064;12,4511;35,6;100;190;10000000;10000000
3201;25,8474;0,1524;26,2063;12,4511;35,6;100;190;10000000;10000000
3202;24,3504;0,1524;26,2063;12,4511;35,6;100;190;10000000;10000000
3203;25,0959;0,1524;26,2063;12,4511;35,6;100;190;10000000;10000000
3204;0;0,1524;26,2063;12,4511;35,6;100;190;10000000;10000000
3205;0;0,1524;26,2063;12,4512;35,6;100;190;10000000;10000000
3206;0;0,1524;26,2063;12,4512;35,6;100;190;10000000;10000000
3207;0;0,1524;26,2062;12,4512;35,6;100;190;10000000;10000000
3208;0;0,1524;26,2062;12,4512;35,6;100;190;10000000;10000000
3209;27,786;0,1524;26,2062;12,4512;35,6;100;190;10000000;10000000
3210;43,9179;0,1524;26,2062;12,4512;35,6;100;190;10000000;10000000
3211;61,2961;0,1524;26,2062;12,4512;35,6;100;190;10000000;10000000
3212;61,2961;0,1524;26,2062;12,4512;35,6;100;190;10000000;10000000
3213;61,2961;0,1524;26,2061;12,4512;35,6;100;190;10000000;10000000
3214;43,9179;0,1524;26,2061;12,4512;35,6;100;190;10000000;10000000
3215;61,2961;0,1524;26,2061;12,4512;35,6;100;190;10000000;10000000
3216;61,2982;0,1524;26,2061;12,4512;35,6;100;190;10000000;10000000
3217;61,2982;0,1524;26,2061;12,4512;35,6;100;190;10000000;10000000
3218;61,2982;0,1524;26,2061;12,4512;35,6;100;190;10000000;10000000
3219;61,2982;0,1524;26,206;12,4512;35,6;100;190;10000000;10000000
3220;61,2982;0,1524;26,206;12,4512;35,6;100;190;10000000;10000000
3221;78,1451;0,1524;26,206;12,4512;35,6;100;190;10000000;10000000
3222;62,6415;0,1524;26,206;12,4512;35,6;100;190;10000000;10000000
3223;61,2982;0,1524;26,206;12,4512;35,6;100;190;10000000;10000000
3224;61,2982;0,1524;26,206;12,4512;35,6;100;190;10000000;10000000
3225;61,2982;0,1524;26,2059;12,4512;35,6;100;190;10000000;10000000
3226;61,2982;0,1524;26,2059;12,4513;35,6;100;190;10000000;10000000
3227;61,2982;0,1524;26,2059;12,4513;35,6;100;190;10000000;10000000
3228;61,2982;0,1524;26,2059;12,4513;35,6;100;190;10000000;10000000
3229;61,2982;0,1524;26,2059;12,4513;35,6;100;190;10000000;10000000
3230;61,2982;0,1524;26,2059;12,4513;35,6;100;190;10000000;10000000
3231;61,2982;0,1524;26,2058;12,4513;35,6;100;190;10000000;10000000
3232;61,2982;0,1524;26,2058;12,4513;35,6;100;190;10000000;10000000
3233;69,4406;0,1524;26,2058;12,4513;35,6;100;190;10000000;10000000
3234;78,3331;0,1524;26,2058;12,4513;35,6;100;190;10000000;10000000
3235;78,5961;0,1524;26,2058;12,4513;35,6;100;190;10000000;10000000
3236;78,3331;0,1524;26,2057;12,4513;35,6;100;190;10000000;10000000
3237;78,1451;0,1524;26,2057;12,4513;35,6;100;190;10000000;10000000
3238;61,2982;0,1524;26,2057;12,4513;35,6;100;190;10000000;10000000
3239;61,2982;0,1524;26,2057;12,4513;35,6;100;190;10000000;10000000
3240;62,6976;0,1524;26,2057;12,4513;35,6;100;190;10000000;10000000
3241;61,3003;0,1524;26,2057;12,4513;35,6;100;190;10000000;10000000
3242;62,6976;0,1524;26,2056;12,4513;35,6;100;190;10000000;10000000
3243;78,1478;0,1524;26,2056;12,4513;35,6;100;190;10000000;10000000
3244;78,6688;0,1524;26,2056;12,4513;35,6;100;190;10000000;10000000
3245;78,6688;0,1524;26,2056;12,4513;35,6;100;190;10000000;10000000
3246;78,6688;0,1524;26,2056;12,4514;35,6;100;190;10000000;10000000
3247;70,3269;0,1524;26,2056;12,4514;35,6;100;190;10000000;10000000
3248;70,3269;0,1524;26,2055;12,4514;35,6;100;190;10000000;10000000
3249;77,4969;0,1524;26,2055;12,4514;35,6;100;190;10000000;10000000
3250;76,8521;0,1524;26,2055;12,4514;35,6;100;190;10000000;10000000
3251;73,4884;0,1524;26,2055;12,4514;35,6;100;190;10000000;10000000
3252;78,1478;0,1524;26,2055;12,4514;35,6;100;190;10000000;10000000
3253;73,0831;0,1524;26,2055;12,4514;35,6;100;190;10000000;10000000
3254;62,1304;0,1524;26,2054;12,4514;35,6;100;190;10000000;10000000
3255;69,3689;0,1524;26,2054;12,4514;35,6;100;190;10000000;10000000
3256;80,2266;0,1524;26,2054;12,4514;35,6;100;190;10000000;10000000
3257;86,9721;0,1524;26,2054;12,4514;35,6;100;190;10000000;10000000
3258;101,5477;0,1524;26,2054;12,4514;35,6;100;190;10000000;10000000
3259;100,1325;0,1524;26,2054;12,4514;35,6;100;190;10000000;10000000
3260;85,8205;0,1524;26,2053;12,4514;35,6;100;190;10000000;10000000
3261;81,6623;0,1524;26,2053;12,4514;35,6;100;190;10000000;10000000
3262;81,2079;0,1524;26,2053;12,4514;35,6;100;190;10000000;10000000
3263;78,778;0,1524;26,2053;12,4514;35,6;100;190;10000000;10000000
3264;78,6715;0,1524;26,2053;12,4514;35,6;100;190;10000000;10000000
3265;78,6715;0,1524;26,2053;12,4514;35,6;100;190;10000000;10000000
3266;79,0668;0,1524;26,2052;12,4514;35,6;100;190;10000000;10000000
3267;80,8541;0,1524;26,2052;12,4515;35,6;100;190;10000000;10000000
3268;84,2742;0,1524;26,2052;12,4515;35,6;100;190;10000000;10000000
3269;84,2742;0,1524;26,2052;12,4515;35,6;100;190;10000000;10000000
3270;81,3688;0,1524;26,2052;12,4515;35,6;100;190;10000000;10000000
3271;73,6682;0,1524;26,2051;12,4515;35,6;100;190;10000000;10000000
3272;61,3024;0,1524;26,2051;12,4515;35,6;100;190;10000000;10000000
3273;71,8723;0,1524;26,2051;12,4515;35,6;100;190;10000000;10000000
3274;65,916;0,1524;26,2051;12,4515;35,6;100;190;10000000;10000000
3275;61,3024;0,1524;26,2051;12,4515;35,6;100;190;10000000;10000000
3276;61,3024;0,1524;26,2051;12,4515;35,6;100;190;10000000;10000000
3277;61,3024;0,1524;26,205;12,4515;35,6;100;190;10000000;10000000
3278;58,3145;0,1524;26,205;12,4515;35,6;100;190;10000000;10000000
3279;61,3024;0,1524;26,205;12,4515;35,6;100;190;10000000;10000000
3280;61,3024;0,1524;26,205;12,4515;35,6;100;190;10000000;10000000
3281;81,4784;0,1524;26,205;12,4515;35,6;100;190;10000000;10000000
3282;80,8541;0,1524;26,205;12,4515;35,6;100;190;10000000;10000000
3283;79,0668;0,1524;26,2049;12,4515;35,6;100;190;10000000;10000000
3284;78,6715;0,1524;26,2049;12,4515;35,6;100;190;10000000;10000000
3285;78,5433;0,1524;26,2049;12,4515;35,6;100;190;10000000;10000000
3286;78,6715;0,1524;26,2049;12,4515;35,6;100;190;10000000;10000000
3287;78,3335;0,1524;26,2049;12,4515;35,6;100;190;10000000;10000000
3288;62,427;0,1524;26,2049;12,4516;35,6;100;190;10000000;10000000
3289;61,3045;0,1524;26,2048;12,4516;35,6;100;190;10000000;10000000
3290;61,3045;0,1524;26,2048;12,4516;35,6;100;190;10000000;10000000
3291;62,427;0,1524;26,2048;12,4516;35,6;100;190;10000000;10000000
3292;70,962;0,1524;26,2048;12,4516;35,6;100;190;10000000;10000000
3293;72,2835;0,1524;26,2048;12,4516;35,6;100;190;10000000;10000000
3294;61,3045;0,1524;26,2048;12,4516;35,6;100;190;10000000;10000000
3295;59,7939;0,1524;26,2047;12,4516;35,6;100;190;10000000;10000000
3296;60,3766;0,1524;26,2047;12,4516;35,6;100;190;10000000;10000000
3297;49,9635;0,1524;26,2047;12,4516;35,6;100;190;10000000;10000000
3298;59,4503;0,1524;26,2047;12,4516;35,6;100;190;10000000;10000000
3299;46,1688;0,1524;26,2047;12,4516;35,6;100;190;10000000;10000000
3300;46,1688;0,1524;26,2047;12,4516;35,6;100;190;10000000;10000000
3301;7,5758;0,1524;26,2046;12,4516;35,6;100;190;10000000;10000000
3302;7,5758;0,1524;26,2046;12,4516;35,6;100;190;10000000;10000000
3303;53,7582;0,1524;26,2046;12,4516;35,6;100;190;10000000;10000000
3304;61,3045;0,1524;26,2046;12,4516;35,6;100;190;10000000;10000000
3305;81,1551;0,1524;26,2046;12,4516;35,6;100;190;10000000;10000000
3306;85,4483;0,1524;26,2045;12,4516;35,6;100;190;10000000;10000000
3307;85,8264;0,1524;26,2045;12,4516;35,6;100;190;10000000;10000000
3308;85,8264;0,1524;26,2045;12,4516;35,6;100;190;10000000;10000000
3309;84,1158;0,1524;26,2045;12,4517;35,6;100;190;10000000;10000000
3310;81,4812;0,1524;26,2045;12,4517;35,6;100;190;10000000;10000000
3311;81,5453;0,1524;26,2045;12,4517;35,6;100;190;10000000;10000000
3312;81,6171;0,1524;26,2044;12,4517;35,6;100;190;10000000;10000000
3313;81,3744;0,1524;26,2044;12,4517;35,6;100;190;10000000;10000000
3314;81,484;0,1524;26,2044;12,4517;35,6;100;190;10000000;10000000
3315;83,287;0,1524;26,2044;12,4517;35,6;100;190;10000000;10000000
3316;85,8293;0,1524;26,2044;12,4517;35,6;100;190;10000000;10000000
3317;84,8222;0,1524;26,2044;12,4517;35,6;100;190;10000000;10000000
3318;83,8117;0,1524;26,2043;12,4517;35,6;100;190;10000000;10000000
3319;80,9459;0,1524;26,2043;12,4517;35,6;100;190;10000000;10000000
3320;78,6769;0,1524;26,2043;12,4517;35,6;100;190;10000000;10000000
3321;78,6769;0,1524;26,2043;12,4517;35,6;100;190;10000000;10000000
3322;78,6769;0,1524;26,2043;12,4517;35,6;100;190;10000000;10000000
3323;78,6769;0,1524;26,2043;12,4517;35,6;100;190;10000000;10000000
3324;78,6769;0,1524;26,2042;12,4517;35,6;100;190;10000000;10000000
3325;78,6769;0,1524;26,2042;12,4517;35,6;100;190;10000000;10000000
3326;78,6769;0,1524;26,2042;12,4517;35,6;100;190;10000000;10000000
3327;78,8288;0,1524;26,2042;12,4517;35,6;100;190;10000000;10000000
3328;82,8425;0,1524;26,2042;12,4517;35,6;100;190;10000000;10000000
3329;89,0651;0,1524;26,2042;12,4518;35,6;100;190;10000000;10000000
3330;102,0897;0,1524;26,2041;12,4518;35,6;100;190;10000000;10000000
3331;108,8026;0,1524;26,2041;12,4518;35,6;100;190;10000000;10000000
3332;89,4879;0,1524;26,2041;12,4518;35,6;100;190;10000000;10000000
3333;86,981;0,1524;26,2041;12,4518;35,6;100;190;10000000;10000000
3334;84,6068;0,1524;26,2041;12,4518;35,6;100;190;10000000;10000000
3335;83,2602;0,1524;26,2041;12,4518;35,6;100;190;10000000;10000000
3336;82,4566;0,1524;26,204;12,4518;35,6;100;190;10000000;10000000
3337;81,8724;0,1524;26,204;12,4518;35,6;100;190;10000000;10000000
3338;81,4868;0,1524;26,204;12,4518;35,6;100;190;10000000;10000000
3339;81,5509;0,1524;26,204;12,4518;35,6;100;190;10000000;10000000
3340;81,6199;0,1524;26,204;12,4518;35,6;100;190;10000000;10000000
3341;80,3435;0,1524;26,2039;12,4518;35,6;100;190;10000000;10000000
3342;78,6796;0,1524;26,2039;12,4518;35,6;100;190;10000000;10000000
3343;78,3342;0,1524;26,2039;12,4518;35,6;100;190;10000000;10000000
3344;78,3342;0,1524;26,2039;12,4518;35,6;100;190;10000000;10000000
3345;78,3342;0,1524;26,2039;12,4518;35,6;100;190;10000000;10000000
3346;78,3342;0,1524;26,2039;12,4518;35,6;100;190;10000000;10000000
3347;78,3342;0,1524;26,2038;12,4518;35,6;100;190;10000000;10000000
3348;78,3342;0,1524;26,2038;12,4518;35,6;100;190;10000000;10000000
3349;78,3342;0,1524;26,2038;12,4518;35,6;100;190;10000000;10000000
3350;78,3342;0,1524;26,2038;12,4519;35,6;100;190;10000000;10000000
3351;78,6796;0,1524;26,2038;12,4519;35,6;100;190;10000000;10000000
3352;81,3198;0,1524;26,2038;12,4519;35,6;100;190;10000000;10000000
3353;86,1213;0,1524;26,2037;12,4519;35,6;100;190;10000000;10000000
3354;93,8336;0,1524;26,2037;12,4519;35,6;100;190;10000000;10000000
3355;102,8587;0,1524;26,2037;12,4519;35,6;100;190;10000000;10000000
3356;89,0712;0,1524;26,2037;12,4519;35,6;100;190;10000000;10000000
3357;85,8323;0,1524;26,2037;12,4519;35,6;100;190;10000000;10000000
3358;83,88;0,1524;26,2037;12,4519;35,6;100;190;10000000;10000000
3359;83,3706;0,1524;26,2036;12,4519;35,6;100;190;10000000;10000000
3360;83,3705;0,1524;26,2036;12,4519;35,6;100;190;10000000;10000000
3361;81,4896;0,1524;26,2036;12,4519;35,6;100;190;10000000;10000000
3362;81,6764;0,1524;26,2036;12,4519;35,6;100;190;10000000;10000000
3363;82,2669;0,1524;26,2036;12,4519;35,6;100;190;10000000;10000000
3364;80,9471;0,1524;26,2036;12,4519;35,6;100;190;10000000;10000000
3365;78,9582;0,1524;26,2035;12,4519;35,6;100;190;10000000;10000000
3366;78,6823;0,1524;26,2035;12,4519;35,6;100;190;10000000;10000000
3367;78,6823;0,1524;26,2035;12,4519;35,6;100;190;10000000;10000000
3368;78,6823;0,1524;26,2035;12,4519;35,6;100;190;10000000;10000000
3369;78,6823;0,1524;26,2035;12,4519;35,6;100;190;10000000;10000000
3370;78,6823;0,1524;26,2035;12,4519;35,6;100;190;10000000;10000000
3371;78,6823;0,1524;26,2034;12,452;35,6;100;190;10000000;10000000
3372;78,6823;0,1524;26,2034;12,452;35,6;100;190;10000000;10000000
3373;78,6823;0,1524;26,2034;12,452;35,6;100;190;10000000;10000000
3374;78,6823;0,1524;26,2034;12,452;35,6;100;190;10000000;10000000
3375;78,6823;0,1524;26,2034;12,452;35,6;100;190;10000000;10000000
3376;78,6823;0,1524;26,2034;12,452;35,6;100;190;10000000;10000000
3377;79,6273;0,1524;26,2033;12,452;35,6;100;190;10000000;10000000
3378;82,8635;0,1524;26,2033;12,452;35,6;100;190;10000000;10000000
3379;83,2927;0,1524;26,2033;12,452;35,6;100;190;10000000;10000000
3380;83,2927;0,1524;26,2033;12,452;35,6;100;190;10000000;10000000
3381;82,6013;0,1524;26,2033;12,452;35,6;100;190;10000000;10000000
3382;81,0356;0,1524;26,2032;12,452;35,6;100;190;10000000;10000000
3383;80,8652;0,1524;26,2032;12,452;35,6;100;190;10000000;10000000
3384;80,8679;0,1524;26,2032;12,452;35,6;100;190;10000000;10000000
3385;80,8679;0,1524;26,2032;12,452;35,6;100;190;10000000;10000000
3386;81,4924;0,1524;26,2032;12,452;35,6;100;190;10000000;10000000
3387;82,851;0,1524;26,2032;12,452;35,6;100;190;10000000;10000000
3388;85,5805;0,1524;26,2031;12,452;35,6;100;190;10000000;10000000
3389;87,1868;0,1524;26,2031;12,452;35,6;100;190;10000000;10000000
3390;84,4238;0,1524;26,2031;12,452;35,6;100;190;10000000;10000000
3391;80,1276;0,1524;26,2031;12,4521;35,6;100;190;10000000;10000000
3392;78,3346;0,1524;26,2031;12,4521;35,6;100;190;10000000;10000000
3393;70,9081;0,1524;26,2031;12,4521;35,6;100;190;10000000;10000000
3394;78,3346;0,1524;26,203;12,4521;35,6;100;190;10000000;10000000
3395;78,3346;0,1524;26,203;12,4521;35,6;100;190;10000000;10000000
3396;78,3346;0,1524;26,203;12,4521;35,6;100;190;10000000;10000000
3397;78,3346;0,1524;26,203;12,4521;35,6;100;190;10000000;10000000
3398;78,3346;0,1524;26,203;12,4521;35,6;100;190;10000000;10000000
3399;78,547;0,1524;26,203;12,4521;35,6;100;190;10000000;10000000
3400;80,1276;0,1524;26,2029;12,4521;35,6;100;190;10000000;10000000
3401;83,1391;0,1524;26,2029;12,4521;35,6;100;190;10000000;10000000
3402;87,486;0,1524;26,2029;12,4521;35,6;100;190;10000000;10000000
3403;86,6273;0,1524;26,2029;12,4521;35,6;100;190;10000000;10000000
3404;83,7706;0,1524;26,2029;12,4521;35,6;100;190;10000000;10000000
3405;81,3828;0,1524;26,2029;12,4521;35,6;100;190;10000000;10000000
3406;80,8679;0,1524;26,2028;12,4521;35,6;100;190;10000000;10000000
3407;80,8679;0,1524;26,2028;12,4521;35,6;100;190;10000000;10000000
3408;81,3856;0,1524;26,2028;12,4521;35,6;100;190;10000000;10000000
3409;81,3856;0,1525;26,2028;12,4521;35,6;100;190;10000000;10000000
3410;81,3856;0,1525;26,2028;12,4521;35,6;100;190;10000000;10000000
3411;82,2048;0,1525;26,2028;12,4521;35,6;100;190;10000000;10000000
3412;83,3564;0,1525;26,2027;12,4522;35,6;100;190;10000000;10000000
3413;82,8538;0,1525;26,2027;12,4522;35,6;100;190;10000000;10000000
3414;81,3856;0,1525;26,2027;12,4522;35,6;100;190;10000000;10000000
3415;78,6877;0,1525;26,2027;12,4522;35,6;100;190;10000000;10000000
3416;78,1666;0,1525;26,2027;12,4522;35,6;100;190;10000000;10000000
3417;78,3348;0,1525;26,2026;12,4522;35,6;100;190;10000000;10000000
3418;78,5472;0,1525;26,2026;12,4522;35,6;100;190;10000000;10000000
3419;78,3665;0,1525;26,2026;12,4522;35,6;100;190;10000000;10000000
3420;78,1666;0,1525;26,2026;12,4522;35,6;100;190;10000000;10000000
3421;78,5472;0,1525;26,2026;12,4522;35,6;100;190;10000000;10000000
3422;78,5472;0,1525;26,2026;12,4522;35,6;100;190;10000000;10000000
3423;79,2233;0,1525;26,2025;12,4522;35,6;100;190;10000000;10000000
3424;84,397;0,1525;26,2025;12,4522;35,6;100;190;10000000;10000000
3425;108,1345;0,1525;26,2025;12,4522;35,6;100;190;10000000;10000000
3426;131,1461;0,1525;26,2025;12,4522;35,6;100;190;10000000;10000000
3427;115,7844;0,1525;26,2025;12,4522;35,6;100;190;10000000;10000000
3428;100,1082;0,1525;26,2025;12,4522;35,6;100;190;10000000;10000000
3429;87,3736;0,1525;26,2024;12,4522;35,6;100;190;10000000;10000000
3430;85,8442;0,1525;26,2024;12,4522;35,6;100;190;10000000;10000000
3431;84,4243;0,1525;26,2024;12,4522;35,6;100;190;10000000;10000000
3432;84,5151;0,1525;26,2024;12,4522;35,6;100;190;10000000;10000000
3433;84,4255;0,1525;26,2024;12,4523;35,6;100;190;10000000;10000000
3434;84,5249;0,1525;26,2024;12,4523;35,6;100;190;10000000;10000000
3435;86,0588;0,1525;26,2023;12,4523;35,6;100;190;10000000;10000000
3436;91,2009;0,1525;26,2023;12,4523;35,6;100;190;10000000;10000000
3437;99,2608;0,1525;26,2023;12,4523;35,6;100;190;10000000;10000000
3438;88,6036;0,1525;26,2023;12,4523;35,6;100;190;10000000;10000000
3439;83,1448;0,1525;26,2023;12,4523;35,6;100;190;10000000;10000000
3440;81,3309;0,1525;26,2023;12,4523;35,6;100;190;10000000;10000000
3441;79,7241;0,1525;26,2022;12,4523;35,6;100;190;10000000;10000000
3442;79,7241;0,1525;26,2022;12,4523;35,6;100;190;10000000;10000000
3443;79,7241;0,1525;26,2022;12,4523;35,6;100;190;10000000;10000000
3444;79,7241;0,1525;26,2022;12,4523;35,6;100;190;10000000;10000000
3445;79,7241;0,1525;26,2022;12,4523;35,6;100;190;10000000;10000000
3446;79,7241;0,1525;26,2022;12,4523;35,6;100;190;10000000;10000000
3447;79,8951;0,1525;26,2021;12,4523;35,6;100;190;10000000;10000000
3448;83,8261;0,1525;26,2021;12,4523;35,6;100;190;10000000;10000000
3449;97,8015;0,1525;26,2021;12,4523;35,6;100;190;10000000;10000000
3450;115,0304;0,1525;26,2021;12,4523;35,6;100;190;10000000;10000000
3451;106,6073;0,1525;26,2021;12,4523;35,6;100;190;10000000;10000000
3452;99,2608;0,1525;26,202;12,4523;35,6;100;190;10000000;10000000
3453;86,2627;0,1525;26,202;12,4523;35,6;100;190;10000000;10000000
3454;84,1024;0,1525;26,202;12,4524;35,6;100;190;10000000;10000000
3455;83,7763;0,1525;26,202;12,4524;35,6;100;190;10000000;10000000
3456;84,2973;0,1525;26,202;12,4524;35,6;100;190;10000000;10000000
3457;84,4284;0,1525;26,202;12,4524;35,6;100;190;10000000;10000000
3458;85,847;0,1525;26,2019;12,4524;35,6;100;190;10000000;10000000
3459;86,4603;0,1525;26,2019;12,4524;35,6;100;190;10000000;10000000
3460;91,2577;0,1525;26,2019;12,4524;35,6;100;190;10000000;10000000
3461;96,5683;0,1525;26,2019;12,4524;35,6;100;190;10000000;10000000
3462;87,0884;0,1525;26,2019;12,4524;35,6;100;190;10000000;10000000
3463;82,4578;0,1525;26,2019;12,4524;35,6;100;190;10000000;10000000
3464;78,6931;0,1525;26,2018;12,4524;35,6;100;190;10000000;10000000
3465;78,6931;0,1525;26,2018;12,4524;35,6;100;190;10000000;10000000
3466;78,6931;0,1525;26,2018;12,4524;35,6;100;190;10000000;10000000
3467;78,6931;0,1525;26,2018;12,4524;35,6;100;190;10000000;10000000
3468;78,1719;0,1525;26,2018;12,4524;35,6;100;190;10000000;10000000
3469;72,9469;0,1525;26,2018;12,4524;35,6;100;190;10000000;10000000
3470;78,6931;0,1525;26,2017;12,4524;35,6;100;190;10000000;10000000
3471;79,7151;0,1525;26,2017;12,4524;35,6;100;190;10000000;10000000
3472;85,847;0,1525;26,2017;12,4524;35,6;100;190;10000000;10000000
3473;108,1345;0,1525;26,2017;12,4524;35,6;100;190;10000000;10000000
3474;108,1345;0,1525;26,2017;12,4525;35,6;100;190;10000000;10000000
3475;99,178;0,1525;26,2017;12,4525;35,6;100;190;10000000;10000000
3476;87,3796;0,1525;26,2016;12,4525;35,6;100;190;10000000;10000000
3477;84,5278;0,1525;26,2016;12,4525;35,6;100;190;10000000;10000000
3478;81,6339;0,1525;26,2016;12,4525;35,6;100;190;10000000;10000000
3479;81,6339;0,1525;26,2016;12,4525;35,6;100;190;10000000;10000000
3480;81,4683;0,1525;26,2016;12,4525;35,6;100;190;10000000;10000000
3481;79,4902;0,1525;26,2016;12,4525;35,6;100;190;10000000;10000000
3482;78,805;0,1525;26,2015;12,4525;35,6;100;190;10000000;10000000
3483;79,0912;0,1525;26,2015;12,4525;35,6;100;190;10000000;10000000
3484;80,8791;0,1525;26,2015;12,4525;35,6;100;190;10000000;10000000
3485;82,1888;0,1525;26,2015;12,4525;35,6;100;190;10000000;10000000
3486;78,6958;0,1525;26,2015;12,4525;35,6;100;190;10000000;10000000
3487;52,9996;0,1525;26,2014;12,4525;35,6;100;190;10000000;10000000
3488;0;0,1525;26,2014;12,4525;35,6;100;190;10000000;10000000
3489;0;0,1525;26,2014;12,4525;35,6;100;190;10000000;10000000
3490;0;0,1525;26,2014;12,4525;35,6;100;190;10000000;10000000
3491;0;0,1525;26,2014;12,4525;35,6;100;190;10000000;10000000
3492;0;0,1525;26,2014;12,4525;35,6;100;190;10000000;10000000
3493;0;0,1525;26,2013;12,4525;35,6;100;190;10000000;10000000
3494;0;0,1525;26,2013;12,4525;35,6;100;190;10000000;10000000
3495;0;0,1525;26,2013;12,4526;35,6;100;190;10000000;10000000
3496;-1;0,1525;26,2013;12,4526;35,6;100;190;10000000;10000000
3497;0;0,1525;26,2013;12,4526;35,6;100;190;10000000;10000000
3498;0;0,1525;26,2013;12,4526;35,6;100;190;10000000;10000000
3499;0;0,1525;26,2012;12,4526;35,6;100;190;10000000;10000000
3500;-1;0,1525;26,2012;12,4526;35,6;100;190;10000000;10000000
3501;-1;0,1525;26,2012;12,4526;35,6;100;190;10000000;10000000
3502;0;0,1525;26,2012;12,4526;35,6;100;190;10000000;10000000
3503;-1;0,1525;26,2012;12,4526;35,6;100;190;10000000;10000000
3504;-1;0,1525;26,2012;12,4526;35,6;100;190;10000000;10000000
3505;-1;0,1525;26,2011;12,4526;35,6;100;190;10000000;10000000
3506;-1;0,1525;26,2011;12,4526;35,6;100;190;10000000;10000000
3507;-1;0,1525;26,2011;12,4526;35,6;100;190;10000000;10000000
3508;0;0,1525;26,2011;12,4526;35,6;100;190;10000000;10000000
3509;-1;0,1525;26,2011;12,4526;35,6;100;190;10000000;10000000
3510;0;0,1525;26,2011;12,4526;35,6;100;190;10000000;10000000
3511;0;0,1525;26,201;12,4526;35,6;100;190;10000000;10000000
3512;0;0,1525;26,201;12,4526;35,6;100;190;10000000;10000000
3513;0;0,1525;26,201;12,4526;35,6;100;190;10000000;10000000
3514;0;0,1525;26,201;12,4526;35,6;100;190;10000000;10000000
3515;0;0,1525;26,201;12,4526;35,6;100;190;10000000;10000000
3516;0;0,1525;26,201;12,4527;35,6;100;190;10000000;10000000
3517;0;0,1525;26,2009;12,4527;35,6;100;190;10000000;10000000
3518;0;0,1525;26,2009;12,4527;35,6;100;190;10000000;10000000
3519;0;0,1525;26,2009;12,4527;35,6;100;190;10000000;10000000
3520;-1;0,1525;26,2009;12,4527;35,6;100;190;10000000;10000000
3521;0;0,1525;26,2009;12,4527;35,6;100;190;10000000;10000000
3522;0;0,1525;26,2008;12,4527;35,6;100;190;10000000;10000000
3523;0;0,1525;26,2008;12,4527;35,6;100;190;10000000;10000000
3524;0;0,1525;26,2008;12,4527;35,6;100;190;10000000;10000000
3525;-65;0,1525;26,2008;12,4527;35,6;100;190;10000000;10000000
3526;-1;0,1525;26,2008;12,4527;35,6;100;190;10000000;10000000
3527;-1;0,1525;26,2008;12,4527;35,6;100;190;10000000;10000000
3528;-65;0,1525;26,2007;12,4527;35,6;100;190;10000000;10000000
3529;-65;0,1525;26,2007;12,4527;35,6;100;190;10000000;10000000
3530;-65;0,1525;26,2007;12,4527;35,6;100;190;10000000;10000000
3531;-1;0,1525;26,2007;12,4527;35,6;100;190;10000000;10000000
3532;-1;0,1525;26,2007;12,4527;35,6;100;190;10000000;10000000
3533;-1;0,1525;26,2007;12,4527;35,6;100;190;10000000;10000000
3534;0;0,1525;26,2006;12,4527;35,6;100;190;10000000;10000000
3535;-1;0,1525;26,2006;12,4527;35,6;100;190;10000000;10000000
3536;-1;0,1525;26,2006;12,4527;35,6;100;190;10000000;10000000
3537;0;0,1525;26,2006;12,4528;35,6;100;190;10000000;10000000
3538;0;0,1525;26,2006;12,4528;35,6;100;190;10000000;10000000
3539;0;0,1525;26,2006;12,4528;35,6;100;190;10000000;10000000
3540;0;0,1525;26,2005;12,4528;35,6;100;190;10000000;10000000
3541;-1;0,1525;26,2005;12,4528;35,6;100;190;10000000;10000000
3542;-1;0,1525;26,2005;12,4528;35,6;100;190;10000000;10000000
3543;-1;0,1525;26,2005;12,4528;35,6;100;190;10000000;10000000
3544;-65;0,1525;26,2005;12,4528;35,6;100;190;10000000;10000000
3545;-65;0,1525;26,2005;12,4528;35,6;100;190;10000000;10000000
3546;-1;0,1525;26,2004;12,4528;35,6;100;190;10000000;10000000
3547;0;0,1525;26,2004;12,4528;35,6;100;190;10000000;10000000
3548;0;0,1525;26,2004;12,4528;35,6;100;190;10000000;10000000
3549;0;0,1525;26,2004;12,4528;35,6;100;190;10000000;10000000
3550;0;0,1525;26,2004;12,4528;35,6;100;190;10000000;10000000
3551;20,7793;0,1525;26,2004;12,4528;35,6;100;190;10000000;10000000
3552;24,6063;0,1525;26,2003;12,4528;35,6;100;190;10000000;10000000
3553;24,6063;0,1525;26,2003;12,4528;35,6;100;190;10000000;10000000
3554;24,6063;0,1525;26,2003;12,4528;35,6;100;190;10000000;10000000
3555;32,0962;0,1525;26,2003;12,4528;35,6;100;190;10000000;10000000
3556;43,061;0,1525;26,2003;12,4528;35,6;100;190;10000000;10000000
3557;0;0,1525;26,2003;12,4529;35,6;100;190;10000000;10000000
3558;0;0,1525;26,2002;12,4529;35,6;100;190;10000000;10000000
3559;0;0,1525;26,2002;12,4529;35,6;100;190;10000000;10000000
3560;0;0,1525;26,2002;12,4529;35,6;100;190;10000000;10000000
3561;0;0,1525;26,2002;12,4529;35,6;100;190;10000000;10000000
3562;0;0,1525;26,2002;12,4529;35,6;100;190;10000000;10000000
3563;0;0,1525;26,2001;12,4529;35,6;100;190;10000000;10000000
3564;0;0,1525;26,2001;12,4529;35,6;100;190;10000000;10000000
3565;0;0,1525;26,2001;12,4529;35,6;100;190;10000000;10000000
3566;0;0,1525;26,2001;12,4529;35,6;100;190;10000000;10000000
3567;0;0,1525;26,2001;12,4529;35,6;100;190;10000000;10000000
3568;0;0,1525;26,2001;12,4529;35,6;100;190;10000000;10000000
3569;36,5274;0,1525;26,2;12,4529;35,6;100;190;10000000;10000000
3570;61,3277;0,1525;26,2;12,4529;35,6;100;190;10000000;10000000
3571;61,3277;0,1525;26,2;12,4529;35,6;100;190;10000000;10000000
3572;61,3277;0,1525;26,2;12,4529;35,6;100;190;10000000;10000000
3573;61,3277;0,1525;26,2;12,4529;35,6;100;190;10000000;10000000
3574;59,222;0,1525;26,2;12,4529;35,6;100;190;10000000;10000000
3575;60,5188;0,1525;26,1999;12,4529;35,6;100;190;10000000;10000000
3576;61,3298;0,1525;26,1999;12,4529;35,6;100;190;10000000;10000000
3577;61,3298;0,1525;26,1999;12,4529;35,6;100;190;10000000;10000000
3578;61,3298;0,1525;26,1999;12,453;35,6;100;190;10000000;10000000
3579;78,1853;0,1525;26,1999;12,453;35,6;100;190;10000000;10000000
3580;79,5012;0,1525;26,1999;12,453;35,6;100;190;10000000;10000000
3581;79,7715;0,1525;26,1998;12,453;35,6;100;190;10000000;10000000
3582;77,71;0,1525;26,1998;12,453;35,6;100;190;10000000;10000000
3583;61,3298;0,1525;26,1998;12,453;35,6;100;190;10000000;10000000
3584;61,3298;0,1525;26,1998;12,453;35,6;100;190;10000000;10000000
3585;61,3298;0,1525;26,1998;12,453;35,6;100;190;10000000;10000000
3586;61,3298;0,1525;26,1998;12,453;35,6;100;190;10000000;10000000
3587;61,3298;0,1525;26,1997;12,453;35,6;100;190;10000000;10000000
3588;61,3298;0,1525;26,1997;12,453;35,6;100;190;10000000;10000000
3589;61,3298;0,1525;26,1997;12,453;35,6;100;190;10000000;10000000
3590;60,8155;0,1525;26,1997;12,453;35,6;100;190;10000000;10000000
3591;61,3298;0,1525;26,1997;12,453;35,6;100;190;10000000;10000000
3592;61,3683;0,1525;26,1997;12,453;35,6;100;190;10000000;10000000
3593;61,3683;0,1525;26,1996;12,453;35,6;100;190;10000000;10000000
3594;67,0702;0,1525;26,1996;12,453;35,6;100;190;10000000;10000000
3595;62,3754;0,1525;26,1996;12,453;35,6;100;190;10000000;10000000
3596;66,3277;0,1525;26,1996;12,453;35,6;100;190;10000000;10000000
3597;62,8063;0,1525;26,1996;12,453;35,6;100;190;10000000;10000000
3598;61,3683;0,1525;26,1995;12,453;35,6;100;190;10000000;10000000
3599;61,3298;0,1525;26,1995;12,4531;35,6;100;190;10000000;10000000
3600;61,3319;0,1525;26,1995;12,4531;35,6;100;190;10000000;10000000
3601;61,3319;0,1525;26,1995;12,4531;35,6;100;190;10000000;10000000
3602;64,977;0,1525;26,1995;12,4531;35,6;100;190;10000000;10000000
3603;78,7093;0,1525;26,1995;12,4531;35,6;100;190;10000000;10000000
3604;82,7466;0,1525;26,1994;12,4531;35,6;100;190;10000000;10000000
3605;83,9116;0,1525;26,1994;12,4531;35,6;100;190;10000000;10000000
3606;81,6507;0,1525;26,1994;12,4531;35,6;100;190;10000000;10000000
3607;78,7093;0,1525;26,1994;12,4531;35,6;100;190;10000000;10000000
3608;78,3365;0,1525;26,1994;12,4531;35,6;100;190;10000000;10000000
3609;74,6062;0,1525;26,1994;12,4531;35,6;100;190;10000000;10000000
3610;68,7086;0,1525;26,1993;12,4531;35,6;100;190;10000000;10000000
3611;74,6062;0,1525;26,1993;12,4531;35,6;100;190;10000000;10000000
3612;74,6062;0,1525;26,1993;12,4531;35,6;100;190;10000000;10000000
3613;74,6062;0,1525;26,1993;12,4531;35,6;100;190;10000000;10000000
3614;74,6062;0,1525;26,1993;12,4531;35,6;100;190;10000000;10000000
3615;70,9346;0,1525;26,1993;12,4531;35,6;100;190;10000000;10000000
3616;78,7093;0,1525;26,1992;12,4531;35,6;100;190;10000000;10000000
3617;79,1048;0,1525;26,1992;12,4531;35,6;100;190;10000000;10000000
3618;82,8766;0,1525;26,1992;12,4531;35,6;100;190;10000000;10000000
3619;80,1523;0,1525;26,1992;12,4532;35,6;100;190;10000000;10000000
3620;78,7093;0,1525;26,1992;12,4532;35,6;100;190;10000000;10000000
3621;78,7093;0,1525;26,1992;12,4532;35,6;100;190;10000000;10000000
3622;78,7093;0,1525;26,1991;12,4532;35,6;100;190;10000000;10000000
3623;78,7093;0,1525;26,1991;12,4532;35,6;100;190;10000000;10000000
3624;78,712;0,1525;26,1991;12,4532;35,6;100;190;10000000;10000000
3625;78,712;0,1525;26,1991;12,4532;35,6;100;190;10000000;10000000
3626;79,2253;0,1525;26,1991;12,4532;35,6;100;190;10000000;10000000
3627;81,6535;0,1525;26,199;12,4532;35,6;100;190;10000000;10000000
3628;85,8676;0,1525;26,199;12,4532;35,6;100;190;10000000;10000000
3629;86,3679;0,1525;26,199;12,4532;35,6;100;190;10000000;10000000
3630;83,2953;0,1525;26,199;12,4532;35,6;100;190;10000000;10000000
3631;78,712;0,1525;26,199;12,4532;35,6;100;190;10000000;10000000
3632;65,86;0,1525;26,199;12,4532;35,6;100;190;10000000;10000000
3633;66,3268;0,1525;26,1989;12,4532;35,6;100;190;10000000;10000000
3634;63,4637;0,1525;26,1989;12,4532;35,6;100;190;10000000;10000000
3635;63,0851;0,1525;26,1989;12,4532;35,6;100;190;10000000;10000000
3636;64,8952;0,1525;26,1989;12,4532;35,6;100;190;10000000;10000000
3637;69,017;0,1525;26,1989;12,4532;35,6;100;190;10000000;10000000
3638;62,621;0,1525;26,1989;12,4532;35,6;100;190;10000000;10000000
3639;78,107;0,1525;26,1988;12,4532;35,6;100;190;10000000;10000000
3640;78,3368;0,1525;26,1988;12,4533;35,6;100;190;10000000;10000000
3641;81,6535;0,1525;26,1988;12,4533;35,6;100;190;10000000;10000000
3642;85,4281;0,1525;26,1988;12,4533;35,6;100;190;10000000;10000000
3643;85,1638;0,1525;26,1988;12,4533;35,6;100;190;10000000;10000000
3644;82,7495;0,1525;26,1987;12,4533;35,6;100;190;10000000;10000000
3645;81,4107;0,1525;26,1987;12,4533;35,6;100;190;10000000;10000000
3646;78,712;0,1525;26,1987;12,4533;35,6;100;190;10000000;10000000
3647;78,712;0,1525;26,1987;12,4533;35,6;100;190;10000000;10000000
3648;78,7147;0,1525;26,1987;12,4533;35,6;100;190;10000000;10000000
3649;78,7147;0,1525;26,1987;12,4533;35,6;100;190;10000000;10000000
3650;78,7147;0,1525;26,1986;12,4533;35,6;100;190;10000000;10000000
3651;78,7147;0,1525;26,1986;12,4533;35,6;100;190;10000000;10000000
3652;81,4699;0,1525;26,1986;12,4533;35,6;100;190;10000000;10000000
3653;81,4136;0,1525;26,1986;12,4533;35,6;100;190;10000000;10000000
3654;78,7147;0,1525;26,1986;12,4533;35,6;100;190;10000000;10000000
3655;61,3361;0,1525;26,1986;12,4533;35,6;100;190;10000000;10000000
3656;0;0,1525;26,1985;12,4533;35,6;100;190;10000000;10000000
3657;0;0,1525;26,1985;12,4533;35,6;100;190;10000000;10000000
3658;0;0,1525;26,1985;12,4533;35,6;100;190;10000000;10000000
3659;0;0,1525;26,1985;12,4533;35,6;100;190;10000000;10000000
3660;0;0,1525;26,1985;12,4534;35,6;100;190;10000000;10000000
3661;0;0,1525;26,1984;12,4534;35,6;100;190;10000000;10000000
3662;0;0,1525;26,1984;12,4534;35,6;100;190;10000000;10000000
3663;-1;0,1525;26,1984;12,4534;35,6;100;190;10000000;10000000
3664;-1;0,1525;26,1984;12,4534;35,6;100;190;10000000;10000000
3665;-1;0,1525;26,1984;12,4534;35,6;100;190;10000000;10000000
3666;-65;0,1525;26,1984;12,4534;35,6;100;190;10000000;10000000
3667;-1;0,1525;26,1983;12,4534;35,6;100;190;10000000;10000000
3668;-1;0,1525;26,1983;12,4534;35,6;100;190;10000000;10000000
3669;-65;0,1525;26,1983;12,4534;35,6;100;190;10000000;10000000
3670;-65;0,1525;26,1983;12,4534;35,6;100;190;10000000;10000000
3671;-65;0,1525;26,1983;12,4534;35,6;100;190;10000000;10000000
3672;-65;0,1525;26,1983;12,4534;35,6;100;190;10000000;10000000
3673;-65;0,1525;26,1982;12,4534;35,6;100;190;10000000;10000000
3674;-65;0,1525;26,1982;12,4534;35,6;100;190;10000000;10000000
3675;-65;0,1525;26,1982;12,4534;35,6;100;190;10000000;10000000
3676;-65;0,1525;26,1982;12,4534;35,6;100;190;10000000;10000000
3677;-65;0,1525;26,1982;12,4534;35,6;100;190;10000000;10000000
3678;-65;0,1525;26,1981;12,4534;35,6;100;190;10000000;10000000
3679;-65;0,1525;26,1981;12,4534;35,6;100;190;10000000;10000000
3680;-1;0,1525;26,1981;12,4535;35,6;100;190;10000000;10000000
3681;-1;0,1525;26,1981;12,4535;35,6;100;190;10000000;10000000
3682;-1;0,1525;26,1981;12,4535;35,6;100;190;10000000;10000000
3683;-1;0,1525;26,1981;12,4535;35,6;100;190;10000000;10000000
3684;-1;0,1525;26,198;12,4535;35,6;100;190;10000000;10000000
3685;-1;0,1525;26,198;12,4535;35,6;100;190;10000000;10000000
3686;-65;0,1525;26,198;12,4535;35,6;100;190;10000000;10000000
3687;-65;0,1525;26,198;12,4535;35,6;100;190;10000000;10000000
3688;-65;0,1525;26,198;12,4535;35,6;100;190;10000000;10000000
3689;-1;0,1525;26,198;12,4535;35,6;100;190;10000000;10000000
3690;0;0,1525;26,1979;12,4535;35,6;100;190;10000000;10000000
3691;0;0,1525;26,1979;12,4535;35,6;100;190;10000000;10000000
3692;10,7541;0,1525;26,1979;12,4535;35,6;100;190;10000000;10000000
3693;7,5758;0,1525;26,1979;12,4535;35,6;100;190;10000000;10000000
3694;0;0,1525;26,1979;12,4535;35,6;100;190;10000000;10000000
3695;0;0,1525;26,1978;12,4535;35,6;100;190;10000000;10000000
3696;0;0,1525;26,1978;12,4535;35,6;100;190;10000000;10000000
3697;0;0,1525;26,1978;12,4535;35,6;100;190;10000000;10000000
3698;0;0,1525;26,1978;12,4535;35,6;100;190;10000000;10000000
3699;0;0,1525;26,1978;12,4535;35,6;100;190;10000000;10000000
3700;7,5758;0,1525;26,1978;12,4536;35,6;100;190;10000000;10000000
3701;0;0,1525;26,1977;12,4536;35,6;100;190;10000000;10000000
3702;0;0,1525;26,1977;12,4536;35,6;100;190;10000000;10000000
3703;0;0,1525;26,1977;12,4536;35,6;100;190;10000000;10000000
3704;0;0,1525;26,1977;12,4536;35,6;100;190;10000000;10000000
3705;0;0,1525;26,1977;12,4536;35,6;100;190;10000000;10000000
3706;0;0,1525;26,1977;12,4536;35,6;100;190;10000000;10000000
3707;0;0,1525;26,1976;12,4536;35,6;100;190;10000000;10000000
3708;0;0,1525;26,1976;12,4536;35,6;100;190;10000000;10000000
3709;0;0,1525;26,1976;12,4536;35,6;100;190;10000000;10000000
3710;0;0,1525;26,1976;12,4536;35,6;100;190;10000000;10000000
3711;4,0085;0,1525;26,1976;12,4536;35,6;100;190;10000000;10000000
3712;44,2878;0,1525;26,1975;12,4536;35,6;100;190;10000000;10000000
3713;61,3403;0,1525;26,1975;12,4536;35,6;100;190;10000000;10000000
3714;61,3403;0,1525;26,1975;12,4536;35,6;100;190;10000000;10000000
3715;61,3403;0,1525;26,1975;12,4536;35,6;100;190;10000000;10000000
3716;61,5054;0,1525;26,1975;12,4536;35,6;100;190;10000000;10000000
3717;61,3403;0,1525;26,1975;12,4536;35,6;100;190;10000000;10000000
3718;61,3403;0,1525;26,1974;12,4536;35,6;100;190;10000000;10000000
3719;76,2849;0,1525;26,1974;12,4536;35,6;100;190;10000000;10000000
3720;68,2707;0,1525;26,1974;12,4537;35,6;100;190;10000000;10000000
3721;78,2014;0,1525;26,1974;12,4537;35,6;100;190;10000000;10000000
3722;78,2014;0,1525;26,1974;12,4537;35,6;100;190;10000000;10000000
3723;78,7228;0,1525;26,1974;12,4537;35,6;100;190;10000000;10000000
3724;78,9706;0,1525;26,1973;12,4537;35,6;100;190;10000000;10000000
3725;79,1184;0,1525;26,1973;12,4537;35,6;100;190;10000000;10000000
3726;80,1115;0,1525;26,1973;12,4537;35,6;100;190;10000000;10000000
3727;78,7228;0,1525;26,1973;12,4537;35,6;100;190;10000000;10000000
3728;76,2194;0,1525;26,1973;12,4537;35,6;100;190;10000000;10000000
3729;78,55;0,1525;26,1972;12,4537;35,6;100;190;10000000;10000000
3730;78,1655;0,1525;26,1972;12,4537;35,6;100;190;10000000;10000000
3731;78,55;0,1525;26,1972;12,4537;35,6;100;190;10000000;10000000
3732;78,7228;0,1525;26,1972;12,4537;35,6;100;190;10000000;10000000
3733;78,2014;0,1525;26,1972;12,4537;35,6;100;190;10000000;10000000
3734;78,2014;0,1525;26,1972;12,4537;35,6;100;190;10000000;10000000
3735;78,7228;0,1525;26,1971;12,4537;35,6;100;190;10000000;10000000
3736;82,9574;0,1525;26,1971;12,4537;35,6;100;190;10000000;10000000
3737;86,4929;0,1525;26,1971;12,4537;35,6;100;190;10000000;10000000
3738;98,9316;0,1525;26,1971;12,4537;35,6;100;190;10000000;10000000
3739;100,6012;0,1525;26,1971;12,4537;35,6;100;190;10000000;10000000
3740;86,2982;0,1525;26,197;12,4538;35,6;100;190;10000000;10000000
3741;86,2982;0,1525;26,197;12,4538;35,6;100;190;10000000;10000000
3742;85,8794;0,1525;26,197;12,4538;35,6;100;190;10000000;10000000
3743;84,5241;0,1525;26,197;12,4538;35,6;100;190;10000000;10000000
3744;85,8823;0,1525;26,197;12,4538;35,6;100;190;10000000;10000000
3745;82,8937;0,1525;26,197;12,4538;35,6;100;190;10000000;10000000
3746;83,4761;0,1525;26,1969;12,4538;35,6;100;190;10000000;10000000
3747;85,8823;0,1525;26,1969;12,4538;35,6;100;190;10000000;10000000
3748;85,8823;0,1525;26,1969;12,4538;35,6;100;190;10000000;10000000
3749;85,8823;0,1525;26,1969;12,4538;35,6;100;190;10000000;10000000
3750;81,5343;0,1525;26,1969;12,4538;35,6;100;190;10000000;10000000
3751;78,7255;0,1525;26,1969;12,4538;35,6;100;190;10000000;10000000
3752;78,7255;0,1525;26,1968;12,4538;35,6;100;190;10000000;10000000
3753;78,7255;0,1525;26,1968;12,4538;35,6;100;190;10000000;10000000
3754;78,7255;0,1525;26,1968;12,4538;35,6;100;190;10000000;10000000
3755;78,7255;0,1525;26,1968;12,4538;35,6;100;190;10000000;10000000
3756;78,7255;0,1525;26,1968;12,4538;35,6;100;190;10000000;10000000
3757;78,7255;0,1525;26,1967;12,4538;35,6;100;190;10000000;10000000
3758;78,7255;0,1525;26,1967;12,4538;35,6;100;190;10000000;10000000
3759;78,7255;0,1525;26,1967;12,4538;35,6;100;190;10000000;10000000
3760;78,7255;0,1525;26,1967;12,4539;35,6;100;190;10000000;10000000
3761;80,83;0,1525;26,1967;12,4539;35,6;100;190;10000000;10000000
3762;81,6675;0,1525;26,1967;12,4539;35,6;100;190;10000000;10000000
3763;83,2121;0,1525;26,1966;12,4539;35,6;100;190;10000000;10000000
3764;83,1819;0,1526;26,1966;12,4539;35,6;100;190;10000000;10000000
3765;81,5985;0,1526;26,1966;12,4539;35,6;100;190;10000000;10000000
3766;81,5343;0,1526;26,1966;12,4539;35,6;100;190;10000000;10000000
3767;82,1934;0,1526;26,1966;12,4539;35,6;100;190;10000000;10000000
3768;82,2016;0,1526;26,1966;12,4539;35,6;100;190;10000000;10000000
3769;82,5904;0,1526;26,1965;12,4539;35,6;100;190;10000000;10000000
3770;82,5904;0,1526;26,1965;12,4539;35,6;100;190;10000000;10000000
3771;83,4221;0,1526;26,1965;12,4539;35,6;100;190;10000000;10000000
3772;85,8853;0,1526;26,1965;12,4539;35,6;100;190;10000000;10000000
3773;84,5728;0,1526;26,1965;12,4539;35,6;100;190;10000000;10000000
3774;82,2016;0,1526;26,1964;12,4539;35,6;100;190;10000000;10000000
3775;79,7624;0,1526;26,1964;12,4539;35,6;100;190;10000000;10000000
3776;78,7282;0,1526;26,1964;12,4539;35,6;100;190;10000000;10000000
3777;78,7282;0,1526;26,1964;12,4539;35,6;100;190;10000000;10000000
3778;78,7282;0,1526;26,1964;12,4539;35,6;100;190;10000000;10000000
3779;78,7282;0,1526;26,1964;12,4539;35,6;100;190;10000000;10000000
3780;79,7624;0,1526;26,1963;12,454;35,6;100;190;10000000;10000000
3781;78,7282;0,1526;26,1963;12,454;35,6;100;190;10000000;10000000
3782;78,7282;0,1526;26,1963;12,454;35,6;100;190;10000000;10000000
3783;79,8304;0,1526;26,1963;12,454;35,6;100;190;10000000;10000000
3784;83,6712;0,1526;26,1963;12,454;35,6;100;190;10000000;10000000
3785;87,0378;0,1526;26,1963;12,454;35,6;100;190;10000000;10000000
3786;95,4264;0,1526;26,1962;12,454;35,6;100;190;10000000;10000000
3787;90,2622;0,1526;26,1962;12,454;35,6;100;190;10000000;10000000
3788;86,1001;0,1526;26,1962;12,454;35,6;100;190;10000000;10000000
3789;83,3413;0,1526;26,1962;12,454;35,6;100;190;10000000;10000000
3790;82,1962;0,1526;26,1962;12,454;35,6;100;190;10000000;10000000
3791;81,6703;0,1526;26,1961;12,454;35,6;100;190;10000000;10000000
3792;82,199;0,1526;26,1961;12,454;35,6;100;190;10000000;10000000
3793;81,5399;0,1526;26,1961;12,454;35,6;100;190;10000000;10000000
3794;81,4303;0,1526;26,1961;12,454;35,6;100;190;10000000;10000000
3795;81,5399;0,1526;26,1961;12,454;35,6;100;190;10000000;10000000
3796;81,7443;0,1526;26,1961;12,454;35,6;100;190;10000000;10000000
3797;83,1877;0,1526;26,196;12,454;35,6;100;190;10000000;10000000
3798;79,1265;0,1526;26,196;12,454;35,6;100;190;10000000;10000000
3799;78,5507;0,1526;26,196;12,454;35,6;100;190;10000000;10000000
3800;78,5507;0,1526;26,196;12,4541;35,6;100;190;10000000;10000000
3801;78,3383;0,1526;26,196;12,4541;35,6;100;190;10000000;10000000
3802;78,3383;0,1526;26,196;12,4541;35,6;100;190;10000000;10000000
3803;75,9448;0,1526;26,1959;12,4541;35,6;100;190;10000000;10000000
3804;66,4109;0,1526;26,1959;12,4541;35,6;100;190;10000000;10000000
3805;70,1768;0,1526;26,1959;12,4541;35,6;100;190;10000000;10000000
3806;67,7212;0,1526;26,1959;12,4541;35,6;100;190;10000000;10000000
3807;78,7309;0,1526;26,1959;12,4541;35,6;100;190;10000000;10000000
3808;85,8882;0,1526;26,1958;12,4541;35,6;100;190;10000000;10000000
3809;99,0166;0,1526;26,1958;12,4541;35,6;100;190;10000000;10000000
3810;106,6621;0,1526;26,1958;12,4541;35,6;100;190;10000000;10000000
3811;99,5207;0,1526;26,1958;12,4541;35,6;100;190;10000000;10000000
3812;87,0408;0,1526;26,1958;12,4541;35,6;100;190;10000000;10000000
3813;82,9659;0,1526;26,1958;12,4541;35,6;100;190;10000000;10000000
3814;79,7652;0,1526;26,1957;12,4541;35,6;100;190;10000000;10000000
3815;78,7309;0,1526;26,1957;12,4541;35,6;100;190;10000000;10000000
3816;79,1292;0,1526;26,1957;12,4541;35,6;100;190;10000000;10000000
3817;78,8429;0,1526;26,1957;12,4541;35,6;100;190;10000000;10000000
3818;80,6414;0,1526;26,1957;12,4541;35,6;100;190;10000000;10000000
3819;80,1771;0,1526;26,1957;12,4541;35,6;100;190;10000000;10000000
3820;81,7445;0,1526;26,1956;12,4542;35,6;100;190;10000000;10000000
3821;83,655;0,1526;26,1956;12,4542;35,6;100;190;10000000;10000000
3822;80,1771;0,1526;26,1956;12,4542;35,6;100;190;10000000;10000000
3823;69,8132;0,1526;26,1956;12,4542;35,6;100;190;10000000;10000000
3824;69,8132;0,1526;26,1956;12,4542;35,6;100;190;10000000;10000000
3825;61,3508;0,1526;26,1955;12,4542;35,6;100;190;10000000;10000000
3826;78,2122;0,1526;26,1955;12,4542;35,6;100;190;10000000;10000000
3827;67,8918;0,1526;26,1955;12,4542;35,6;100;190;10000000;10000000
3828;61,9008;0,1526;26,1955;12,4542;35,6;100;190;10000000;10000000
3829;62,1274;0,1526;26,1955;12,4542;35,6;100;190;10000000;10000000
3830;62,1274;0,1526;26,1955;12,4542;35,6;100;190;10000000;10000000
3831;64,0488;0,1526;26,1954;12,4542;35,6;100;190;10000000;10000000
3832;78,7336;0,1526;26,1954;12,4542;35,6;100;190;10000000;10000000
3833;82,883;0,1526;26,1954;12,4542;35,6;100;190;10000000;10000000
3834;83,4249;0,1526;26,1954;12,4542;35,6;100;190;10000000;10000000
3835;83,1905;0,1526;26,1954;12,4542;35,6;100;190;10000000;10000000
3836;81,7445;0,1526;26,1954;12,4542;35,6;100;190;10000000;10000000
3837;81,3756;0,1526;26,1953;12,4542;35,6;100;190;10000000;10000000
3838;78,7336;0,1526;26,1953;12,4542;35,6;100;190;10000000;10000000
3839;80,9179;0,1526;26,1953;12,4542;35,6;100;190;10000000;10000000
3840;78,9841;0,1526;26,1953;12,4543;35,6;100;190;10000000;10000000
3841;78,9626;0,1526;26,1953;12,4543;35,6;100;190;10000000;10000000
3842;78,8456;0,1526;26,1952;12,4543;35,6;100;190;10000000;10000000
3843;78,8456;0,1526;26,1952;12,4543;35,6;100;190;10000000;10000000
3844;78,9626;0,1526;26,1952;12,4543;35,6;100;190;10000000;10000000
3845;78,7363;0,1526;26,1952;12,4543;35,6;100;190;10000000;10000000
3846;61,353;0,1526;26,1952;12,4543;35,6;100;190;10000000;10000000
3847;41,9855;0,1526;26,1952;12,4543;35,6;100;190;10000000;10000000
3848;14,4325;0,1526;26,1951;12,4543;35,6;100;190;10000000;10000000
3849;7,5758;0,1526;26,1951;12,4543;35,6;100;190;10000000;10000000
3850;7,5758;0,1526;26,1951;12,4543;35,6;100;190;10000000;10000000
3851;7,5758;0,1526;26,1951;12,4543;35,6;100;190;10000000;10000000
3852;7,5758;0,1526;26,1951;12,4543;35,6;100;190;10000000;10000000
3853;0;0,1526;26,195;12,4543;35,6;100;190;10000000;10000000
3854;0;0,1526;26,195;12,4543;35,6;100;190;10000000;10000000
3855;0;0,1526;26,195;12,4543;35,6;100;190;10000000;10000000
3856;42,6076;0,1526;26,195;12,4543;35,6;100;190;10000000;10000000
3857;81,3784;0,1526;26,195;12,4543;35,6;100;190;10000000;10000000
3858;83,3499;0,1526;26,195;12,4543;35,6;100;190;10000000;10000000
3859;83,1934;0,1526;26,1949;12,4543;35,6;100;190;10000000;10000000
3860;82,8938;0,1526;26,1949;12,4544;35,6;100;190;10000000;10000000
3861;79,7706;0,1526;26,1949;12,4544;35,6;100;190;10000000;10000000
3862;78,7363;0,1526;26,1949;12,4544;35,6;100;190;10000000;10000000
3863;78,3387;0,1526;26,1949;12,4544;35,6;100;190;10000000;10000000
3864;78,3389;0,1526;26,1949;12,4544;35,6;100;190;10000000;10000000
3865;68,571;0,1526;26,1948;12,4544;35,6;100;190;10000000;10000000
3866;61,3551;0,1526;26,1948;12,4544;35,6;100;190;10000000;10000000
3867;61,3551;0,1526;26,1948;12,4544;35,6;100;190;10000000;10000000
3868;61,3551;0,1526;26,1948;12,4544;35,6;100;190;10000000;10000000
3869;0;0,1526;26,1948;12,4544;35,6;100;190;10000000;10000000
3870;0;0,1526;26,1947;12,4544;35,6;100;190;10000000;10000000
3871;-1;0,1526;26,1947;12,4544;35,6;100;190;10000000;10000000
3872;-1;0,1526;26,1947;12,4544;35,6;100;190;10000000;10000000
3873;0;0,1526;26,1947;12,4544;35,6;100;190;10000000;10000000
3874;0;0,1526;26,1947;12,4544;35,6;100;190;10000000;10000000
3875;0;0,1526;26,1947;12,4544;35,6;100;190;10000000;10000000
3876;0;0,1526;26,1946;12,4544;35,6;100;190;10000000;10000000
3877;-1;0,1526;26,1946;12,4544;35,6;100;190;10000000;10000000
3878;-1;0,1526;26,1946;12,4544;35,6;100;190;10000000;10000000
3879;-65;0,1526;26,1946;12,4544;35,6;100;190;10000000;10000000
3880;-65;0,1526;26,1946;12,4545;35,6;100;190;10000000;10000000
3881;-65;0,1526;26,1946;12,4545;35,6;100;190;10000000;10000000
3882;-65;0,1526;26,1945;12,4545;35,6;100;190;10000000;10000000
3883;-65;0,1526;26,1945;12,4545;35,6;100;190;10000000;10000000
3884;-65;0,1526;26,1945;12,4545;35,6;100;190;10000000;10000000
3885;-65;0,1526;26,1945;12,4545;35,6;100;190;10000000;10000000
3886;-65;0,1526;26,1945;12,4545;35,6;100;190;10000000;10000000
3887;-65;0,1526;26,1944;12,4545;35,6;100;190;10000000;10000000
3888;-65;0,1526;26,1944;12,4545;35,6;100;190;10000000;10000000
3889;-1;0,1526;26,1944;12,4545;35,6;100;190;10000000;10000000
3890;0;0,1526;26,1944;12,4545;35,6;100;190;10000000;10000000
3891;11,1933;0,1526;26,1944;12,4545;35,6;100;190;10000000;10000000
3892;61,3572;0,1526;26,1944;12,4545;35,6;100;190;10000000;10000000
3893;0;0,1526;26,1943;12,4545;35,6;100;190;10000000;10000000
3894;-1;0,1526;26,1943;12,4545;35,6;100;190;10000000;10000000
3895;-1;0,1526;26,1943;12,4545;35,6;100;190;10000000;10000000
3896;0;0,1526;26,1943;12,4545;35,6;100;190;10000000;10000000
3897;0;0,1526;26,1943;12,4545;35,6;100;190;10000000;10000000
3898;0;0,1526;26,1943;12,4545;35,6;100;190;10000000;10000000
3899;0;0,1526;26,1942;12,4545;35,6;100;190;10000000;10000000
3900;0;0,1526;26,1942;12,4546;35,6;100;190;10000000;10000000
3901;-1;0,1526;26,1942;12,4546;35,6;100;190;10000000;10000000
3902;-1;0,1526;26,1942;12,4546;35,6;100;190;10000000;10000000
3903;-65;0,1526;26,1942;12,4546;35,6;100;190;10000000;10000000
3904;-1;0,1526;26,1941;12,4546;35,6;100;190;10000000;10000000
3905;-65;0,1526;26,1941;12,4546;35,6;100;190;10000000;10000000
3906;-65;0,1526;26,1941;12,4546;35,6;100;190;10000000;10000000
3907;-65;0,1526;26,1941;12,4546;35,6;100;190;10000000;10000000
3908;-1;0,1526;26,1941;12,4546;35,6;100;190;10000000;10000000
3909;-1;0,1526;26,1941;12,4546;35,6;100;190;10000000;10000000
3910;-1;0,1526;26,194;12,4546;35,6;100;190;10000000;10000000
3911;-1;0,1526;26,194;12,4546;35,6;100;190;10000000;10000000
3912;0;0,1526;26,194;12,4546;35,6;100;190;10000000;10000000
3913;0;0,1526;26,194;12,4546;35,6;100;190;10000000;10000000
3914;0;0,1526;26,194;12,4546;35,6;100;190;10000000;10000000
3915;20,0669;0,1526;26,194;12,4546;35,6;100;190;10000000;10000000
3916;61,3593;0,1526;26,1939;12,4546;35,6;100;190;10000000;10000000
3917;60,7024;0,1526;26,1939;12,4546;35,6;100;190;10000000;10000000
3918;14,0468;0,1526;26,1939;12,4546;35,6;100;190;10000000;10000000
3919;7,5758;0,1526;26,1939;12,4546;35,6;100;190;10000000;10000000
3920;0;0,1526;26,1939;12,4547;35,6;100;190;10000000;10000000
3921;42,6422;0,1526;26,1938;12,4547;35,6;100;190;10000000;10000000
3922;60,5893;0,1526;26,1938;12,4547;35,6;100;190;10000000;10000000
3923;54,6823;0,1526;26,1938;12,4547;35,6;100;190;10000000;10000000
3924;56,1873;0,1526;26,1938;12,4547;35,6;100;190;10000000;10000000
3925;60,5893;0,1526;26,1938;12,4547;35,6;100;190;10000000;10000000
3926;53,1773;0,1526;26,1938;12,4547;35,6;100;190;10000000;10000000
3927;61,3593;0,1526;26,1937;12,4547;35,6;100;190;10000000;10000000
3928;78,7444;0,1526;26,1937;12,4547;35,6;100;190;10000000;10000000
3929;82,7437;0,1526;26,1937;12,4547;35,6;100;190;10000000;10000000
3930;87,2527;0,1526;26,1937;12,4547;35,6;100;190;10000000;10000000
3931;89,4017;0,1526;26,1937;12,4547;35,6;100;190;10000000;10000000
3932;87,4865;0,1526;26,1937;12,4547;35,6;100;190;10000000;10000000
3933;84,8084;0,1526;26,1936;12,4547;35,6;100;190;10000000;10000000
3934;83,9672;0,1526;26,1936;12,4547;35,6;100;190;10000000;10000000
3935;83,8338;0,1526;26,1936;12,4547;35,6;100;190;10000000;10000000
3936;83,7456;0,1526;26,1936;12,4547;35,6;100;190;10000000;10000000
3937;83,8367;0,1526;26,1936;12,4547;35,6;100;190;10000000;10000000
3938;83,8367;0,1526;26,1935;12,4547;35,6;100;190;10000000;10000000
3939;84,0099;0,1526;26,1935;12,4547;35,6;100;190;10000000;10000000
3940;85,9059;0,1526;26,1935;12,4548;35,6;100;190;10000000;10000000
3941;85,0891;0,1526;26,1935;12,4548;35,6;100;190;10000000;10000000
3942;83,8332;0,1526;26,1935;12,4548;35,6;100;190;10000000;10000000
3943;82,9164;0,1526;26,1935;12,4548;35,6;100;190;10000000;10000000
3944;81,69;0,1526;26,1934;12,4548;35,6;100;190;10000000;10000000
3945;80,9318;0,1526;26,1934;12,4548;35,6;100;190;10000000;10000000
3946;78,7471;0,1526;26,1934;12,4548;35,6;100;190;10000000;10000000
3947;79,5421;0,1526;26,1934;12,4548;35,6;100;190;10000000;10000000
3948;79,5421;0,1526;26,1934;12,4548;35,6;100;190;10000000;10000000
3949;78,9949;0,1526;26,1934;12,4548;35,6;100;190;10000000;10000000
3950;78,7471;0,1526;26,1933;12,4548;35,6;100;190;10000000;10000000
3951;81,2887;0,1526;26,1933;12,4548;35,6;100;190;10000000;10000000
3952;84,0099;0,1526;26,1933;12,4548;35,6;100;190;10000000;10000000
3953;94,4574;0,1526;26,1933;12,4548;35,6;100;190;10000000;10000000
3954;104,1009;0,1526;26,1933;12,4548;35,6;100;190;10000000;10000000
3955;109,8633;0,1526;26,1932;12,4548;35,6;100;190;10000000;10000000
3956;104,1009;0,1526;26,1932;12,4548;35,6;100;190;10000000;10000000
3957;94,1159;0,1526;26,1932;12,4548;35,6;100;190;10000000;10000000
3958;86,5197;0,1526;26,1932;12,4548;35,6;100;190;10000000;10000000
3959;86,5197;0,1526;26,1932;12,4548;35,6;100;190;10000000;10000000
3960;85,9089;0,1526;26,1932;12,4549;35,6;100;190;10000000;10000000
3961;86,5226;0,1526;26,1931;12,4549;35,6;100;190;10000000;10000000
3962;86,1238;0,1526;26,1931;12,4549;35,6;100;190;10000000;10000000
3963;86,1238;0,1526;26,1931;12,4549;35,6;100;190;10000000;10000000
3964;87,6314;0,1526;26,1931;12,4549;35,6;100;190;10000000;10000000
3965;89,5778;0,1526;26,1931;12,4549;35,6;100;190;10000000;10000000
3966;86,6418;0,1526;26,193;12,4549;35,6;100;190;10000000;10000000
3967;85,9089;0,1526;26,193;12,4549;35,6;100;190;10000000;10000000
3968;83,6564;0,1526;26,193;12,4549;35,6;100;190;10000000;10000000
3969;83,9729;0,1526;26,193;12,4549;35,6;100;190;10000000;10000000
3970;83,6784;0,1526;26,193;12,4549;35,6;100;190;10000000;10000000
3971;83,8361;0,1526;26,193;12,4549;35,6;100;190;10000000;10000000
3972;83,9548;0,1526;26,1929;12,4549;35,6;100;190;10000000;10000000
3973;83,8361;0,1526;26,1929;12,4549;35,6;100;190;10000000;10000000
3974;83,442;0,1526;26,1929;12,4549;35,6;100;190;10000000;10000000
3975;84,1659;0,1526;26,1929;12,4549;35,6;100;190;10000000;10000000
3976;91,1088;0,1526;26,1929;12,4549;35,6;100;190;10000000;10000000
3977;111,9745;0,1526;26,1929;12,4549;35,6;100;190;10000000;10000000
3978;111,9745;0,1526;26,1928;12,4549;35,6;100;190;10000000;10000000
3979;108,9333;0,1526;26,1928;12,4549;35,6;100;190;10000000;10000000
3980;96,7536;0,1526;26,1928;12,455;35,6;100;190;10000000;10000000
3981;89,5778;0,1526;26,1928;12,455;35,6;100;190;10000000;10000000
3982;87,2587;0,1526;26,1928;12,455;35,6;100;190;10000000;10000000
3983;86,1238;0,1526;26,1927;12,455;35,6;100;190;10000000;10000000
3984;85,852;0,1526;26,1927;12,455;35,6;100;190;10000000;10000000
3985;85,9149;0,1526;26,1927;12,455;35,6;100;190;10000000;10000000
3986;85,5333;0,1526;26,1927;12,455;35,6;100;190;10000000;10000000
3987;85,9149;0,1526;26,1927;12,455;35,6;100;190;10000000;10000000
3988;87,4013;0,1526;26,1927;12,455;35,6;100;190;10000000;10000000
3989;87,4456;0,1526;26,1926;12,455;35,6;100;190;10000000;10000000
3990;85,9118;0,1526;26,1926;12,455;35,6;100;190;10000000;10000000
3991;82,9029;0,1526;26,1926;12,455;35,6;100;190;10000000;10000000
3992;79,1482;0,1526;26,1926;12,455;35,6;100;190;10000000;10000000
3993;78,7525;0,1526;26,1926;12,455;35,6;100;190;10000000;10000000
3994;78,6391;0,1526;26,1926;12,455;35,6;100;190;10000000;10000000
3995;78,6391;0,1526;26,1925;12,455;35,6;100;190;10000000;10000000
3996;78,6391;0,1526;26,1925;12,455;35,6;100;190;10000000;10000000
3997;78,7525;0,1526;26,1925;12,455;35,6;100;190;10000000;10000000
3998;78,7525;0,1526;26,1925;12,455;35,6;100;190;10000000;10000000
3999;79,1482;0,1526;26,1925;12,455;35,6;100;190;10000000;10000000
4000;82,9029;0,1526;26,1924;12,4551;35,6;100;190;10000000;10000000
4001;86,8937;0,1526;26,1924;12,4551;35,6;100;190;10000000;10000000
4002;90,6852;0,1526;26,1924;12,4551;35,6;100;190;10000000;10000000
4003;87,6344;0,1526;26,1924;12,4551;35,6;100;190;10000000;10000000
4004;89,5406;0,1526;26,1924;12,4551;35,6;100;190;10000000;10000000
4005;85,852;0,1526;26,1924;12,4551;35,6;100;190;10000000;10000000
4006;82,7522;0,1526;26,1923;12,4551;35,6;100;190;10000000;10000000
4007;81,6956;0,1526;26,1923;12,4551;35,6;100;190;10000000;10000000
4008;81,2971;0,1526;26,1923;12,4551;35,6;100;190;10000000;10000000
4009;81,3979;0,1526;26,1923;12,4551;35,6;100;190;10000000;10000000
4010;81,5651;0,1526;26,1923;12,4551;35,6;100;190;10000000;10000000
4011;81,6737;0,1526;26,1923;12,4551;35,6;100;190;10000000;10000000
4012;81,7521;0,1526;26,1922;12,4551;35,6;100;190;10000000;10000000
4013;78,8645;0,1526;26,1922;12,4551;35,6;100;190;10000000;10000000
4014;78,3402;0,1526;26,1922;12,4551;35,6;100;190;10000000;10000000
4015;70,9601;0,1526;26,1922;12,4551;35,6;100;190;10000000;10000000
4016;61,3677;0,1526;26,1922;12,4551;35,6;100;190;10000000;10000000
4017;61,3677;0,1526;26,1921;12,4551;35,6;100;190;10000000;10000000
4018;61,2567;0,1526;26,1921;12,4551;35,6;100;190;10000000;10000000
4019;60,3938;0,1526;26,1921;12,4551;35,6;100;190;10000000;10000000
4020;59,0156;0,1526;26,1921;12,4551;35,6;100;190;10000000;10000000
4021;42,2756;0,1526;26,1921;12,4552;35,6;100;190;10000000;10000000
4022;42,2756;0,1526;26,1921;12,4552;35,6;100;190;10000000;10000000
4023;60,3938;0,1526;26,192;12,4552;35,6;100;190;10000000;10000000
4024;61,3677;0,1526;26,192;12,4552;35,6;100;190;10000000;10000000
4025;78,7552;0,1526;26,192;12,4552;35,6;100;190;10000000;10000000
4026;78,7552;0,1526;26,192;12,4552;35,6;100;190;10000000;10000000
4027;78,7552;0,1526;26,192;12,4552;35,6;100;190;10000000;10000000
4028;78,3402;0,1526;26,192;12,4552;35,6;100;190;10000000;10000000
4029;61,3677;0,1526;26,1919;12,4552;35,6;100;190;10000000;10000000
4030;61,3677;0,1526;26,1919;12,4552;35,6;100;190;10000000;10000000
4031;61,3677;0,1526;26,1919;12,4552;35,6;100;190;10000000;10000000
4032;61,3698;0,1526;26,1919;12,4552;35,6;100;190;10000000;10000000
4033;61,3698;0,1526;26,1919;12,4552;35,6;100;190;10000000;10000000
4034;61,3698;0,1526;26,1918;12,4552;35,6;100;190;10000000;10000000
4035;42,2323;0,1526;26,1918;12,4552;35,6;100;190;10000000;10000000
4036;60,3319;0,1526;26,1918;12,4552;35,6;100;190;10000000;10000000
4037;0;0,1526;26,1918;12,4552;35,6;100;190;10000000;10000000
4038;0;0,1526;26,1918;12,4552;35,6;100;190;10000000;10000000
4039;24,1328;0,1526;26,1918;12,4552;35,6;100;190;10000000;10000000
4040;42,2323;0,1526;26,1917;12,4552;35,6;100;190;10000000;10000000
4041;24,1328;0,1526;26,1917;12,4553;35,6;100;190;10000000;10000000
4042;24,1328;0,1526;26,1917;12,4553;35,6;100;190;10000000;10000000
4043;17,1989;0,1526;26,1917;12,4553;35,6;100;190;10000000;10000000
4044;27,5182;0,1526;26,1917;12,4553;35,6;100;190;10000000;10000000
4045;0;0,1526;26,1917;12,4553;35,6;100;190;10000000;10000000
4046;0;0,1526;26,1916;12,4553;35,6;100;190;10000000;10000000
4047;0;0,1526;26,1916;12,4553;35,6;100;190;10000000;10000000
4048;42,2323;0,1526;26,1916;12,4553;35,6;100;190;10000000;10000000
4049;61,3698;0,1526;26,1916;12,4553;35,6;100;190;10000000;10000000
4050;78,7579;0,1526;26,1916;12,4553;35,6;100;190;10000000;10000000
4051;79,0058;0,1526;26,1915;12,4553;35,6;100;190;10000000;10000000
4052;81,4582;0,1526;26,1915;12,4553;35,6;100;190;10000000;10000000
4053;78,7579;0,1526;26,1915;12,4553;35,6;100;190;10000000;10000000
4054;78,7579;0,1526;26,1915;12,4553;35,6;100;190;10000000;10000000
4055;78,7579;0,1526;26,1915;12,4553;35,6;100;190;10000000;10000000
4056;78,7606;0,1526;26,1915;12,4553;35,6;100;190;10000000;10000000
4057;78,7606;0,1526;26,1914;12,4553;35,6;100;190;10000000;10000000
4058;78,7606;0,1526;26,1914;12,4553;35,6;100;190;10000000;10000000
4059;78,7606;0,1526;26,1914;12,4553;35,6;100;190;10000000;10000000
4060;82,7607;0,1526;26,1914;12,4553;35,6;100;190;10000000;10000000
4061;83,3439;0,1526;26,1914;12,4554;35,6;100;190;10000000;10000000
4062;78,7606;0,1526;26,1914;12,4554;35,6;100;190;10000000;10000000
4063;61,3719;0,1526;26,1913;12,4554;35,6;100;190;10000000;10000000
4064;61,3719;0,1526;26,1913;12,4554;35,6;100;190;10000000;10000000
4065;61,3719;0,1526;26,1913;12,4554;35,6;100;190;10000000;10000000
4066;61,3719;0,1526;26,1913;12,4554;35,6;100;190;10000000;10000000
4067;61,3719;0,1526;26,1913;12,4554;35,6;100;190;10000000;10000000
4068;61,3719;0,1526;26,1912;12,4554;35,6;100;190;10000000;10000000
4069;61,3719;0,1526;26,1912;12,4554;35,6;100;190;10000000;10000000
4070;52,6953;0,1526;26,1912;12,4554;35,6;100;190;10000000;10000000
4071;61,3719;0,1526;26,1912;12,4554;35,6;100;190;10000000;10000000
4072;61,3719;0,1526;26,1912;12,4554;35,6;100;190;10000000;10000000
4073;75,8298;0,1526;26,1912;12,4554;35,6;100;190;10000000;10000000
4074;78,7606;0,1526;26,1911;12,4554;35,6;100;190;10000000;10000000
4075;78,7606;0,1526;26,1911;12,4554;35,6;100;190;10000000;10000000
4076;78,7606;0,1526;26,1911;12,4554;35,6;100;190;10000000;10000000
4077;78,3106;0,1526;26,1911;12,4554;35,6;100;190;10000000;10000000
4078;78,314;0,1526;26,1911;12,4554;35,6;100;190;10000000;10000000
4079;78,7606;0,1526;26,191;12,4554;35,6;100;190;10000000;10000000
4080;78,2417;0,1526;26,191;12,4554;35,6;100;190;10000000;10000000
4081;78,7633;0,1526;26,191;12,4555;35,6;100;190;10000000;10000000
4082;78,7633;0,1526;26,191;12,4555;35,6;100;190;10000000;10000000
4083;78,8726;0,1526;26,191;12,4555;35,6;100;190;10000000;10000000
4084;81,4638;0,1526;26,191;12,4555;35,6;100;190;10000000;10000000
4085;82,9143;0,1526;26,1909;12,4555;35,6;100;190;10000000;10000000
4086;81,5735;0,1526;26,1909;12,4555;35,6;100;190;10000000;10000000
4087;78,7633;0,1526;26,1909;12,4555;35,6;100;190;10000000;10000000
4088;78,7633;0,1526;26,1909;12,4555;35,6;100;190;10000000;10000000
4089;78,7633;0,1526;26,1909;12,4555;35,6;100;190;10000000;10000000
4090;78,7633;0,1526;26,1909;12,4555;35,6;100;190;10000000;10000000
4091;78,7633;0,1526;26,1908;12,4555;35,6;100;190;10000000;10000000
4092;78,7633;0,1526;26,1908;12,4555;35,6;100;190;10000000;10000000
4093;78,7633;0,1526;26,1908;12,4555;35,6;100;190;10000000;10000000
4094;78,7633;0,1526;26,1908;12,4555;35,6;100;190;10000000;10000000
4095;78,9647;0,1526;26,1908;12,4555;35,6;100;190;10000000;10000000
4096;82,4016;0,1526;26,1907;12,4555;35,6;100;190;10000000;10000000
4097;86,1385;0,1526;26,1907;12,4555;35,6;100;190;10000000;10000000
4098;89,3613;0,1526;26,1907;12,4555;35,6;100;190;10000000;10000000
4099;91,2736;0,1526;26,1907;12,4555;35,6;100;190;10000000;10000000
4100;87,6464;0,1526;26,1907;12,4555;35,6;100;190;10000000;10000000
4101;86,4138;0,1526;26,1907;12,4556;35,6;100;190;10000000;10000000
4102;83,9692;0,1526;26,1906;12,4556;35,6;100;190;10000000;10000000
4103;85,9236;0,1526;26,1906;12,4556;35,6;100;190;10000000;10000000
4104;85,9265;0,1526;26,1906;12,4556;35,6;100;190;10000000;10000000
4105;85,9265;0,1526;26,1906;12,4556;35,6;100;190;10000000;10000000
4106;85,9265;0,1526;26,1906;12,4556;35,6;100;190;10000000;10000000
4107;86,6696;0,1526;26,1906;12,4556;35,6;100;190;10000000;10000000
4108;89,4958;0,1526;26,1905;12,4556;35,6;100;190;10000000;10000000
4109;89,4958;0,1526;26,1905;12,4556;35,6;100;190;10000000;10000000
4110;87,731;0,1526;26,1905;12,4556;35,6;100;190;10000000;10000000
4111;85,9265;0,1526;26,1905;12,4556;35,6;100;190;10000000;10000000
4112;85,2222;0,1527;26,1905;12,4556;35,6;100;190;10000000;10000000
4113;84,9183;0,1527;26,1904;12,4556;35,6;100;190;10000000;10000000
4114;84,9183;0,1527;26,1904;12,4556;35,6;100;190;10000000;10000000
4115;85,4867;0,1527;26,1904;12,4556;35,6;100;190;10000000;10000000
4116;85,2565;0,1527;26,1904;12,4556;35,6;100;190;10000000;10000000
4117;84,9183;0,1527;26,1904;12,4556;35,6;100;190;10000000;10000000
4118;85,4867;0,1527;26,1904;12,4556;35,6;100;190;10000000;10000000
4119;85,8667;0,1527;26,1903;12,4556;35,6;100;190;10000000;10000000
4120;86,6696;0,1527;26,1903;12,4556;35,6;100;190;10000000;10000000
4121;89,4958;0,1527;26,1903;12,4557;35,6;100;190;10000000;10000000
4122;96,5613;0,1527;26,1903;12,4557;35,6;100;190;10000000;10000000
4123;99,7276;0,1527;26,1903;12,4557;35,6;100;190;10000000;10000000
4124;96,632;0,1527;26,1903;12,4557;35,6;100;190;10000000;10000000
4125;89,4958;0,1527;26,1902;12,4557;35,6;100;190;10000000;10000000
4126;86,6814;0,1527;26,1902;12,4557;35,6;100;190;10000000;10000000
4127;86,6696;0,1527;26,1902;12,4557;35,6;100;190;10000000;10000000
4128;86,349;0,1527;26,1902;12,4557;35,6;100;190;10000000;10000000
4129;86,349;0,1527;26,1902;12,4557;35,6;100;190;10000000;10000000
4130;86,349;0,1527;26,1901;12,4557;35,6;100;190;10000000;10000000
4131;87,8043;0,1527;26,1901;12,4557;35,6;100;190;10000000;10000000
4132;97,649;0,1527;26,1901;12,4557;35,6;100;190;10000000;10000000
4133;96,7531;0,1527;26,1901;12,4557;35,6;100;190;10000000;10000000
4134;87,8043;0,1527;26,1901;12,4557;35,6;100;190;10000000;10000000
4135;83,8562;0,1527;26,1901;12,4557;35,6;100;190;10000000;10000000
4136;81,5791;0,1527;26,19;12,4557;35,6;100;190;10000000;10000000
4137;81,7124;0,1527;26,19;12,4557;35,6;100;190;10000000;10000000
4138;81,7124;0,1527;26,19;12,4557;35,6;100;190;10000000;10000000
4139;81,7124;0,1527;26,19;12,4557;35,6;100;190;10000000;10000000
4140;81,4119;0,1527;26,19;12,4557;35,6;100;190;10000000;10000000
4141;81,0431;0,1527;26,19;12,4558;35,6;100;190;10000000;10000000
4142;81,5791;0,1527;26,1899;12,4558;35,6;100;190;10000000;10000000
4143;81,4852;0,1527;26,1899;12,4558;35,6;100;190;10000000;10000000
4144;82,6921;0,1527;26,1899;12,4558;35,6;100;190;10000000;10000000
4145;85,6406;0,1527;26,1899;12,4558;35,6;100;190;10000000;10000000
4146;87,6524;0,1527;26,1899;12,4558;35,6;100;190;10000000;10000000
4147;87,2778;0,1527;26,1898;12,4558;35,6;100;190;10000000;10000000
4148;85,8696;0,1527;26,1898;12,4558;35,6;100;190;10000000;10000000
4149;83,975;0,1527;26,1898;12,4558;35,6;100;190;10000000;10000000
4150;83,3842;0,1527;26,1898;12,4558;35,6;100;190;10000000;10000000
4151;83,352;0,1527;26,1898;12,4558;35,6;100;190;10000000;10000000
4152;83,2305;0,1527;26,1898;12,4558;35,6;100;190;10000000;10000000
4153;83,3547;0,1527;26,1897;12,4558;35,6;100;190;10000000;10000000
4154;83,2305;0,1527;26,1897;12,4558;35,6;100;190;10000000;10000000
4155;82,942;0,1527;26,1897;12,4558;35,6;100;190;10000000;10000000
4156;83,8626;0,1527;26,1897;12,4558;35,6;100;190;10000000;10000000
4157;84,3429;0,1527;26,1897;12,4558;35,6;100;190;10000000;10000000
4158;82,7228;0,1527;26,1897;12,4558;35,6;100;190;10000000;10000000
4159;73,8597;0,1527;26,1896;12,4558;35,6;100;190;10000000;10000000
4160;61,3803;0,1527;26,1896;12,4558;35,6;100;190;10000000;10000000
4161;61,3803;0,1527;26,1896;12,4559;35,6;100;190;10000000;10000000
4162;60,052;0,1527;26,1896;12,4559;35,6;100;190;10000000;10000000
4163;60,1767;0,1527;26,1896;12,4559;35,6;100;190;10000000;10000000
4164;60,052;0,1527;26,1895;12,4559;35,6;100;190;10000000;10000000
4165;61,3803;0,1527;26,1895;12,4559;35,6;100;190;10000000;10000000
4166;60,052;0,1527;26,1895;12,4559;35,6;100;190;10000000;10000000
4167;60,052;0,1527;26,1895;12,4559;35,6;100;190;10000000;10000000
4168;60,1767;0,1527;26,1895;12,4559;35,6;100;190;10000000;10000000
4169;61,3803;0,1527;26,1895;12,4559;35,6;100;190;10000000;10000000
4170;61,3803;0,1527;26,1894;12,4559;35,6;100;190;10000000;10000000
4171;61,3803;0,1527;26,1894;12,4559;35,6;100;190;10000000;10000000
4172;78,2497;0,1527;26,1894;12,4559;35,6;100;190;10000000;10000000
4173;74,6152;0,1527;26,1894;12,4559;35,6;100;190;10000000;10000000
4174;61,3803;0,1527;26,1894;12,4559;35,6;100;190;10000000;10000000
4175;61,3803;0,1527;26,1894;12,4559;35,6;100;190;10000000;10000000
4176;78,2524;0,1527;26,1893;12,4559;35,6;100;190;10000000;10000000
4177;77,9869;0,1527;26,1893;12,4559;35,6;100;190;10000000;10000000
4178;78,2524;0,1527;26,1893;12,4559;35,6;100;190;10000000;10000000
4179;78,3417;0,1527;26,1893;12,4559;35,6;100;190;10000000;10000000
4180;78,2524;0,1527;26,1893;12,4559;35,6;100;190;10000000;10000000
4181;77,4827;0,1527;26,1892;12,456;35,6;100;190;10000000;10000000
4182;61,3824;0,1527;26,1892;12,456;35,6;100;190;10000000;10000000
4183;59,9899;0,1527;26,1892;12,456;35,6;100;190;10000000;10000000
4184;41,993;0,1527;26,1892;12,456;35,6;100;190;10000000;10000000
4185;41,999;0,1527;26,1892;12,456;35,6;100;190;10000000;10000000
4186;33,7369;0,1527;26,1892;12,456;35,6;100;190;10000000;10000000
4187;27,5403;0,1527;26,1891;12,456;35,6;100;190;10000000;10000000
4188;15,1472;0,1527;26,1891;12,456;35,6;100;190;10000000;10000000
4189;0;0,1527;26,1891;12,456;35,6;100;190;10000000;10000000
4190;0;0,1527;26,1891;12,456;35,6;100;190;10000000;10000000
4191;0;0,1527;26,1891;12,456;35,6;100;190;10000000;10000000
4192;0;0,1527;26,1891;12,456;35,6;100;190;10000000;10000000
4193;59,9899;0,1527;26,189;12,456;35,6;100;190;10000000;10000000
4194;61,3824;0,1527;26,189;12,456;35,6;100;190;10000000;10000000
4195;61,3824;0,1527;26,189;12,456;35,6;100;190;10000000;10000000
4196;61,3824;0,1527;26,189;12,456;35,6;100;190;10000000;10000000
4197;61,3824;0,1527;26,189;12,456;35,6;100;190;10000000;10000000
4198;59,9899;0,1527;26,1889;12,456;35,6;100;190;10000000;10000000
4199;61,3824;0,1527;26,1889;12,456;35,6;100;190;10000000;10000000
4200;61,3845;0,1527;26,1889;12,456;35,6;100;190;10000000;10000000
4201;61,3845;0,1527;26,1889;12,4561;35,6;100;190;10000000;10000000
4202;61,3845;0,1527;26,1889;12,4561;35,6;100;190;10000000;10000000
4203;61,3845;0,1527;26,1889;12,4561;35,6;100;190;10000000;10000000
4204;61,3845;0,1527;26,1888;12,4561;35,6;100;190;10000000;10000000
4205;61,3845;0,1527;26,1888;12,4561;35,6;100;190;10000000;10000000
4206;60,5618;0,1527;26,1888;12,4561;35,6;100;190;10000000;10000000
4207;59,9034;0,1527;26,1888;12,4561;35,6;100;190;10000000;10000000
4208;44,0665;0,1527;26,1888;12,4561;35,6;100;190;10000000;10000000
4209;44,0665;0,1527;26,1887;12,4561;35,6;100;190;10000000;10000000
4210;41,9324;0,1527;26,1887;12,4561;35,6;100;190;10000000;10000000
4211;59,9034;0,1527;26,1887;12,4561;35,6;100;190;10000000;10000000
4212;48,4009;0,1527;26,1887;12,4561;35,6;100;190;10000000;10000000
4213;37,5649;0,1527;26,1887;12,4561;35,6;100;190;10000000;10000000
4214;28,8961;0,1527;26,1887;12,4561;35,6;100;190;10000000;10000000
4215;41,9324;0,1527;26,1886;12,4561;35,6;100;190;10000000;10000000
4216;61,3845;0,1527;26,1886;12,4561;35,6;100;190;10000000;10000000
4217;61,3845;0,1527;26,1886;12,4561;35,6;100;190;10000000;10000000
4218;61,3845;0,1527;26,1886;12,4561;35,6;100;190;10000000;10000000
4219;61,3845;0,1527;26,1886;12,4561;35,6;100;190;10000000;10000000
4220;63,7386;0,1527;26,1886;12,4561;35,6;100;190;10000000;10000000
4221;61,3845;0,1527;26,1885;12,4562;35,6;100;190;10000000;10000000
4222;61,3845;0,1527;26,1885;12,4562;35,6;100;190;10000000;10000000
4223;61,3845;0,1527;26,1885;12,4562;35,6;100;190;10000000;10000000
4224;61,3866;0,1527;26,1885;12,4562;35,6;100;190;10000000;10000000
4225;61,3866;0,1527;26,1885;12,4562;35,6;100;190;10000000;10000000
4226;61,3866;0,1527;26,1884;12,4562;35,6;100;190;10000000;10000000
4227;78,7795;0,1527;26,1884;12,4562;35,6;100;190;10000000;10000000
4228;80,3517;0,1527;26,1884;12,4562;35,6;100;190;10000000;10000000
4229;81,7236;0,1527;26,1884;12,4562;35,6;100;190;10000000;10000000
4230;79,0275;0,1527;26,1884;12,4562;35,6;100;190;10000000;10000000
4231;78,7795;0,1527;26,1884;12,4562;35,6;100;190;10000000;10000000
4232;76,8039;0,1527;26,1883;12,4562;35,6;100;190;10000000;10000000
4233;77,7634;0,1527;26,1883;12,4562;35,6;100;190;10000000;10000000
4234;71,5948;0,1527;26,1883;12,4562;35,6;100;190;10000000;10000000
4235;75,0792;0,1527;26,1883;12,4562;35,6;100;190;10000000;10000000
4236;77,488;0,1527;26,1883;12,4562;35,6;100;190;10000000;10000000
4237;73,6935;0,1527;26,1883;12,4562;35,6;100;190;10000000;10000000
4238;73,3269;0,1527;26,1882;12,4562;35,6;100;190;10000000;10000000
4239;78,3739;0,1527;26,1882;12,4562;35,6;100;190;10000000;10000000
4240;79,6646;0,1527;26,1882;12,4562;35,6;100;190;10000000;10000000
4241;82,465;0,1527;26,1882;12,4563;35,6;100;190;10000000;10000000
4242;83,3956;0,1527;26,1882;12,4563;35,6;100;190;10000000;10000000
4243;84,3899;0,1527;26,1881;12,4563;35,6;100;190;10000000;10000000
4244;84,9085;0,1527;26,1881;12,4563;35,6;100;190;10000000;10000000
4245;83,71;0,1527;26,1881;12,4563;35,6;100;190;10000000;10000000
4246;83,2672;0,1527;26,1881;12,4563;35,6;100;190;10000000;10000000
4247;82,7806;0,1527;26,1881;12,4563;35,6;100;190;10000000;10000000
4248;83,3985;0,1527;26,1881;12,4563;35,6;100;190;10000000;10000000
4249;83,3985;0,1527;26,188;12,4563;35,6;100;190;10000000;10000000
4250;83,3985;0,1527;26,188;12,4563;35,6;100;190;10000000;10000000
4251;83,3985;0,1527;26,188;12,4563;35,6;100;190;10000000;10000000
4252;84,3928;0,1527;26,188;12,4563;35,6;100;190;10000000;10000000
4253;85,8844;0,1527;26,188;12,4563;35,6;100;190;10000000;10000000
4254;84,9114;0,1527;26,188;12,4563;35,6;100;190;10000000;10000000
4255;84,524;0,1527;26,1879;12,4563;35,6;100;190;10000000;10000000
4256;83,3985;0,1527;26,1879;12,4563;35,6;100;190;10000000;10000000
4257;82,7834;0,1527;26,1879;12,4563;35,6;100;190;10000000;10000000
4258;82,7062;0,1527;26,1879;12,4563;35,6;100;190;10000000;10000000
4259;82,8233;0,1527;26,1879;12,4563;35,6;100;190;10000000;10000000
4260;82,7645;0,1527;26,1878;12,4563;35,6;100;190;10000000;10000000
4261;82,8233;0,1527;26,1878;12,4564;35,6;100;190;10000000;10000000
4262;82,8233;0,1527;26,1878;12,4564;35,6;100;190;10000000;10000000
4263;83,4793;0,1527;26,1878;12,4564;35,6;100;190;10000000;10000000
4264;85,5043;0,1527;26,1878;12,4564;35,6;100;190;10000000;10000000
4265;96,3014;0,1527;26,1878;12,4564;35,6;100;190;10000000;10000000
4266;103,8054;0,1527;26,1877;12,4564;35,6;100;190;10000000;10000000
4267;104,1473;0,1527;26,1877;12,4564;35,6;100;190;10000000;10000000
4268;104,1473;0,1527;26,1877;12,4564;35,6;100;190;10000000;10000000
4269;95,6142;0,1527;26,1877;12,4564;35,6;100;190;10000000;10000000
4270;87,4786;0,1527;26,1877;12,4564;35,6;100;190;10000000;10000000
4271;87,2946;0,1527;26,1877;12,4564;35,6;100;190;10000000;10000000
4272;86,9295;0,1527;26,1876;12,4564;35,6;100;190;10000000;10000000
4273;86,9295;0,1527;26,1876;12,4564;35,6;100;190;10000000;10000000
4274;87,2976;0,1527;26,1876;12,4564;35,6;100;190;10000000;10000000
4275;89,6177;0,1527;26,1876;12,4564;35,6;100;190;10000000;10000000
4276;96,6552;0,1527;26,1876;12,4564;35,6;100;190;10000000;10000000
4277;95,4975;0,1527;26,1875;12,4564;35,6;100;190;10000000;10000000
4278;90,5961;0,1527;26,1875;12,4564;35,6;100;190;10000000;10000000
4279;87,19;0,1527;26,1875;12,4564;35,6;100;190;10000000;10000000
4280;85,9472;0,1527;26,1875;12,4564;35,6;100;190;10000000;10000000
4281;84,6124;0,1527;26,1875;12,4565;35,6;100;190;10000000;10000000
4282;84,8133;0,1527;26,1875;12,4565;35,6;100;190;10000000;10000000
4283;84,6264;0,1527;26,1874;12,4565;35,6;100;190;10000000;10000000
4284;84,6264;0,1527;26,1874;12,4565;35,6;100;190;10000000;10000000
4285;84,6264;0,1527;26,1874;12,4565;35,6;100;190;10000000;10000000
4286;84,9387;0,1527;26,1874;12,4565;35,6;100;190;10000000;10000000
4287;86,3626;0,1527;26,1874;12,4565;35,6;100;190;10000000;10000000
4288;89,6177;0,1527;26,1874;12,4565;35,6;100;190;10000000;10000000
4289;115,6508;0,1527;26,1873;12,4565;35,6;100;190;10000000;10000000
4290;131,3082;0,1527;26,1873;12,4565;35,6;100;190;10000000;10000000
4291;131,3082;0,1527;26,1873;12,4565;35,6;100;190;10000000;10000000
4292;130,571;0,1527;26,1873;12,4565;35,6;100;190;10000000;10000000
4293;108,1345;0,1527;26,1873;12,4565;35,6;100;190;10000000;10000000
4294;96,773;0,1527;26,1872;12,4565;35,6;100;190;10000000;10000000
4295;96,773;0,1527;26,1872;12,4565;35,6;100;190;10000000;10000000
4296;96,7763;0,1527;26,1872;12,4565;35,6;100;190;10000000;10000000
4297;97,599;0,1527;26,1872;12,4565;35,6;100;190;10000000;10000000
4298;102,9436;0,1527;26,1872;12,4565;35,6;100;190;10000000;10000000
4299;108,1345;0,1527;26,1872;12,4565;35,6;100;190;10000000;10000000
4300;112,0283;0,1527;26,1871;12,4565;35,6;100;190;10000000;10000000
4301;114,648;0,1527;26,1871;12,4566;35,6;100;190;10000000;10000000
4302;96,6585;0,1527;26,1871;12,4566;35,6;100;190;10000000;10000000
4303;92,2645;0,1527;26,1871;12,4566;35,6;100;190;10000000;10000000
4304;87,4394;0,1527;26,1871;12,4566;35,6;100;190;10000000;10000000
4305;86,5065;0,1527;26,1871;12,4566;35,6;100;190;10000000;10000000
4306;87,438;0,1527;26,187;12,4566;35,6;100;190;10000000;10000000
4307;86,5065;0,1527;26,187;12,4566;35,6;100;190;10000000;10000000
4308;86,5065;0,1527;26,187;12,4566;35,6;100;190;10000000;10000000
4309;86,5065;0,1527;26,187;12,4566;35,6;100;190;10000000;10000000
4310;86,5065;0,1527;26,187;12,4566;35,6;100;190;10000000;10000000
4311;86,5065;0,1527;26,1869;12,4566;35,6;100;190;10000000;10000000
4312;106,739;0,1527;26,1869;12,4566;35,6;100;190;10000000;10000000
4313;131,3127;0,1527;26,1869;12,4566;35,6;100;190;10000000;10000000
4314;137,0219;0,1527;26,1869;12,4566;35,6;100;190;10000000;10000000
4315;131,3127;0,1527;26,1869;12,4566;35,6;100;190;10000000;10000000
4316;121,4016;0,1527;26,1869;12,4566;35,6;100;190;10000000;10000000
4317;106,739;0,1527;26,1868;12,4566;35,6;100;190;10000000;10000000
4318;105,3231;0,1527;26,1868;12,4566;35,6;100;190;10000000;10000000
4319;100,1169;0,1527;26,1868;12,4566;35,6;100;190;10000000;10000000
4320;106,7427;0,1527;26,1868;12,4566;35,6;100;190;10000000;10000000
4321;102,7625;0,1527;26,1868;12,4567;35,6;100;190;10000000;10000000
4322;108,1345;0,1527;26,1867;12,4567;35,6;100;190;10000000;10000000
4323;108,1345;0,1527;26,1867;12,4567;35,6;100;190;10000000;10000000
4324;112,0321;0,1527;26,1867;12,4567;35,6;100;190;10000000;10000000
4325;112,0321;0,1527;26,1867;12,4567;35,6;100;190;10000000;10000000
4326;99,6797;0,1527;26,1867;12,4567;35,6;100;190;10000000;10000000
4327;95,1591;0,1527;26,1867;12,4567;35,6;100;190;10000000;10000000
4328;89,1966;0,1527;26,1866;12,4567;35,6;100;190;10000000;10000000
4329;86,9617;0,1527;26,1866;12,4567;35,6;100;190;10000000;10000000
4330;85,9531;0,1527;26,1866;12,4567;35,6;100;190;10000000;10000000
4331;86,9617;0,1527;26,1866;12,4567;35,6;100;190;10000000;10000000
4332;86,9617;0,1527;26,1866;12,4567;35,6;100;190;10000000;10000000
4333;87,3482;0,1527;26,1866;12,4567;35,6;100;190;10000000;10000000
4334;86,9617;0,1527;26,1865;12,4567;35,6;100;190;10000000;10000000
4335;87,3482;0,1527;26,1865;12,4567;35,6;100;190;10000000;10000000
4336;90,0491;0,1527;26,1865;12,4567;35,6;100;190;10000000;10000000
4337;117,831;0,1527;26,1865;12,4567;35,6;100;190;10000000;10000000
4338;131,3172;0,1527;26,1865;12,4567;35,6;100;190;10000000;10000000
4339;123,5959;0,1527;26,1864;12,4567;35,6;100;190;10000000;10000000
4340;112,0321;0,1527;26,1864;12,4567;35,6;100;190;10000000;10000000
4341;102,7625;0,1527;26,1864;12,4568;35,6;100;190;10000000;10000000
4342;96,6618;0,1527;26,1864;12,4568;35,6;100;190;10000000;10000000
4343;90,0491;0,1527;26,1864;12,4568;35,6;100;190;10000000;10000000
4344;89,4569;0,1527;26,1864;12,4568;35,6;100;190;10000000;10000000
4345;89,3265;0,1527;26,1863;12,4568;35,6;100;190;10000000;10000000
4346;88,5054;0,1527;26,1863;12,4568;35,6;100;190;10000000;10000000
4347;87,6795;0,1527;26,1863;12,4568;35,6;100;190;10000000;10000000
4348;87,4906;0,1527;26,1863;12,4568;35,6;100;190;10000000;10000000
4349;87,4399;0,1527;26,1863;12,4568;35,6;100;190;10000000;10000000
4350;85,956;0,1527;26,1863;12,4568;35,6;100;190;10000000;10000000
4351;83,4907;0,1527;26,1862;12,4568;35,6;100;190;10000000;10000000
4352;81,437;0,1527;26,1862;12,4568;35,6;100;190;10000000;10000000
4353;81,5104;0,1527;26,1862;12,4568;35,6;100;190;10000000;10000000
4354;80,2376;0,1527;26,1862;12,4568;35,6;100;190;10000000;10000000
4355;80,2376;0,1527;26,1862;12,4568;35,6;100;190;10000000;10000000
4356;81,437;0,1527;26,1862;12,4568;35,6;100;190;10000000;10000000
4357;81,7913;0,1527;26,1861;12,4568;35,6;100;190;10000000;10000000
4358;82,3306;0,1527;26,1861;12,4568;35,6;100;190;10000000;10000000
4359;80,979;0,1527;26,1861;12,4568;35,6;100;190;10000000;10000000
4360;83,4099;0,1527;26,1861;12,4568;35,6;100;190;10000000;10000000
4361;86,5701;0,1527;26,1861;12,4568;35,6;100;190;10000000;10000000
4362;94,6802;0,1527;26,186;12,4569;35,6;100;190;10000000;10000000
4363;96,6652;0,1527;26,186;12,4569;35,6;100;190;10000000;10000000
4364;94,5124;0,1527;26,186;12,4569;35,6;100;190;10000000;10000000
4365;87,4463;0,1527;26,186;12,4569;35,6;100;190;10000000;10000000
4366;84,6253;0,1527;26,186;12,4569;35,6;100;190;10000000;10000000
4367;83,8856;0,1527;26,186;12,4569;35,6;100;190;10000000;10000000
4368;83,6813;0,1527;26,1859;12,4569;35,6;100;190;10000000;10000000
4369;83,379;0,1527;26,1859;12,4569;35,6;100;190;10000000;10000000
4370;83,379;0,1527;26,1859;12,4569;35,6;100;190;10000000;10000000
4371;83,379;0,1527;26,1859;12,4569;35,6;100;190;10000000;10000000
4372;83,1978;0,1527;26,1859;12,4569;35,6;100;190;10000000;10000000
4373;81,7497;0,1527;26,1859;12,4569;35,6;100;190;10000000;10000000
4374;78,9202;0,1527;26,1858;12,4569;35,6;100;190;10000000;10000000
4375;78,7957;0,1527;26,1858;12,4569;35,6;100;190;10000000;10000000
4376;78,7957;0,1527;26,1858;12,4569;35,6;100;190;10000000;10000000
4377;78,7957;0,1527;26,1858;12,4569;35,6;100;190;10000000;10000000
4378;78,7957;0,1527;26,1858;12,4569;35,6;100;190;10000000;10000000
4379;78,7957;0,1527;26,1858;12,4569;35,6;100;190;10000000;10000000
4380;78,7957;0,1527;26,1857;12,4569;35,6;100;190;10000000;10000000
4381;78,7957;0,1527;26,1857;12,4569;35,6;100;190;10000000;10000000
4382;78,7957;0,1527;26,1857;12,457;35,6;100;190;10000000;10000000
4383;78,7957;0,1527;26,1857;12,457;35,6;100;190;10000000;10000000
4384;80,9021;0,1527;26,1857;12,457;35,6;100;190;10000000;10000000
4385;84,4073;0,1527;26,1856;12,457;35,6;100;190;10000000;10000000
4386;88,5332;0,1527;26,1856;12,457;35,6;100;190;10000000;10000000
4387;89,63;0,1527;26,1856;12,457;35,6;100;190;10000000;10000000
4388;89,3296;0,1527;26,1856;12,457;35,6;100;190;10000000;10000000
4389;85,9589;0,1527;26,1856;12,457;35,6;100;190;10000000;10000000
4390;84,9415;0,1527;26,1856;12,457;35,6;100;190;10000000;10000000
4391;84,638;0,1527;26,1855;12,457;35,6;100;190;10000000;10000000
4392;85,9619;0,1527;26,1855;12,457;35,6;100;190;10000000;10000000
4393;85,9619;0,1527;26,1855;12,457;35,6;100;190;10000000;10000000
4394;86,3627;0,1527;26,1855;12,457;35,6;100;190;10000000;10000000
4395;86,7522;0,1527;26,1855;12,457;35,6;100;190;10000000;10000000
4396;96,5409;0,1527;26,1855;12,457;35,6;100;190;10000000;10000000
4397;102,9596;0,1527;26,1854;12,457;35,6;100;190;10000000;10000000
4398;88,8236;0,1527;26,1854;12,457;35,6;100;190;10000000;10000000
4399;87,4404;0,1527;26,1854;12,457;35,6;100;190;10000000;10000000
4400;86,3627;0,1527;26,1854;12,457;35,6;100;190;10000000;10000000
4401;86,3627;0,1527;26,1854;12,457;35,6;100;190;10000000;10000000
4402;86,3627;0,1527;26,1854;12,4571;35,6;100;190;10000000;10000000
4403;86,3627;0,1527;26,1853;12,4571;35,6;100;190;10000000;10000000
4404;86,3627;0,1527;26,1853;12,4571;35,6;100;190;10000000;10000000
4405;86,7522;0,1527;26,1853;12,4571;35,6;100;190;10000000;10000000
4406;86,576;0,1527;26,1853;12,4571;35,6;100;190;10000000;10000000
4407;89,3326;0,1527;26,1853;12,4571;35,6;100;190;10000000;10000000
4408;89,4288;0,1527;26,1852;12,4571;35,6;100;190;10000000;10000000
4409;117,0382;0,1527;26,1852;12,4571;35,6;100;190;10000000;10000000
4410;131,3307;0,1527;26,1852;12,4571;35,6;100;190;10000000;10000000
4411;131,3307;0,1527;26,1852;12,4571;35,6;100;190;10000000;10000000
4412;109,9349;0,1527;26,1852;12,4571;35,6;100;190;10000000;10000000
4413;96,6718;0,1527;26,1852;12,4571;35,6;100;190;10000000;10000000
4414;90,7381;0,1527;26,1851;12,4571;35,6;100;190;10000000;10000000
4415;89,3326;0,1527;26,1851;12,4571;35,6;100;190;10000000;10000000
4416;87,6885;0,1527;26,1851;12,4571;35,6;100;190;10000000;10000000
4417;87,6885;0,1527;26,1851;12,4571;35,6;100;190;10000000;10000000
4418;87,6885;0,1527;26,1851;12,4571;35,6;100;190;10000000;10000000
4419;89,3357;0,1527;26,1851;12,4571;35,6;100;190;10000000;10000000
4420;99,966;0,1527;26,185;12,4571;35,6;100;190;10000000;10000000
4421;104,1723;0,1527;26,185;12,4571;35,6;100;190;10000000;10000000
4422;93,8172;0,1527;26,185;12,4571;35,6;100;190;10000000;10000000
4423;86,0773;0,1527;26,185;12,4572;35,6;100;190;10000000;10000000
4424;83,4993;0,1527;26,185;12,4572;35,6;100;190;10000000;10000000
4425;82,8432;0,1527;26,1849;12,4572;35,6;100;190;10000000;10000000
4426;81,7501;0,1527;26,1849;12,4572;35,6;100;190;10000000;10000000
4427;81,746;0,1527;26,1849;12,4572;35,6;100;190;10000000;10000000
4428;82,9323;0,1527;26,1849;12,4572;35,6;100;190;10000000;10000000
4429;81,6645;0,1527;26,1849;12,4572;35,6;100;190;10000000;10000000
4430;81,6645;0,1527;26,1849;12,4572;35,6;100;190;10000000;10000000
4431;82,8432;0,1527;26,1848;12,4572;35,6;100;190;10000000;10000000
4432;83,4185;0,1527;26,1848;12,4572;35,6;100;190;10000000;10000000
4433;89,6362;0,1527;26,1848;12,4572;35,6;100;190;10000000;10000000
4434;102,5151;0,1527;26,1848;12,4572;35,6;100;190;10000000;10000000
4435;110,334;0,1527;26,1848;12,4572;35,6;100;190;10000000;10000000
4436;104,1723;0,1527;26,1848;12,4572;35,6;100;190;10000000;10000000
4437;96,6751;0,1527;26,1847;12,4572;35,6;100;190;10000000;10000000
4438;87,4995;0,1527;26,1847;12,4572;35,6;100;190;10000000;10000000
4439;86,9473;0,1527;26,1847;12,4572;35,6;100;190;10000000;10000000
4440;86,582;0,1527;26,1847;12,4572;35,6;100;190;10000000;10000000
4441;86,7581;0,1527;26,1847;12,4572;35,6;100;190;10000000;10000000
4442;86,9503;0,1527;26,1847;12,4572;35,6;100;190;10000000;10000000
4443;87,6915;0,1527;26,1846;12,4573;35,6;100;190;10000000;10000000
4444;96,6784;0,1527;26,1846;12,4573;35,6;100;190;10000000;10000000
4445;96,7962;0,1527;26,1846;12,4573;35,6;100;190;10000000;10000000
4446;87,6915;0,1527;26,1846;12,4573;35,6;100;190;10000000;10000000
4447;85,9678;0,1527;26,1846;12,4573;35,6;100;190;10000000;10000000
4448;84,0704;0,1527;26,1845;12,4573;35,6;100;190;10000000;10000000
4449;84,9347;0,1527;26,1845;12,4573;35,6;100;190;10000000;10000000
4450;84,4159;0,1527;26,1845;12,4573;35,6;100;190;10000000;10000000
4451;84,0704;0,1527;26,1845;12,4573;35,6;100;190;10000000;10000000
4452;84,0305;0,1527;26,1845;12,4573;35,6;100;190;10000000;10000000
4453;84,0704;0,1527;26,1845;12,4573;35,6;100;190;10000000;10000000
4454;84,0305;0,1527;26,1844;12,4573;35,6;100;190;10000000;10000000
4455;85,0006;0,1527;26,1844;12,4573;35,6;100;190;10000000;10000000
4456;87,6915;0,1527;26,1844;12,4573;35,6;100;190;10000000;10000000
4457;124,4604;0,1527;26,1844;12,4573;35,6;100;190;10000000;10000000
4458;140,2072;0,1527;26,1844;12,4573;35,6;100;190;10000000;10000000
4459;140,2072;0,1527;26,1844;12,4573;35,6;100;190;10000000;10000000
4460;134,8809;0,1527;26,1843;12,4573;35,6;100;190;10000000;10000000
4461;115,3566;0,1527;26,1843;12,4573;35,6;100;190;10000000;10000000
4462;101,3968;0,1527;26,1843;12,4573;35,6;100;190;10000000;10000000
4463;98,1607;0,1528;26,1843;12,4573;35,6;100;190;10000000;10000000
4464;89,6423;0,1528;26,1843;12,4574;35,6;100;190;10000000;10000000
4465;89,3136;0,1528;26,1843;12,4574;35,6;100;190;10000000;10000000
4466;89,3136;0,1528;26,1842;12,4574;35,6;100;190;10000000;10000000
4467;89,3418;0,1528;26,1842;12,4574;35,6;100;190;10000000;10000000
4468;97,3249;0,1528;26,1842;12,4574;35,6;100;190;10000000;10000000
4469;100,4063;0,1528;26,1842;12,4574;35,6;100;190;10000000;10000000
4470;86,1427;0,1528;26,1842;12,4574;35,6;100;190;10000000;10000000
4471;83,2675;0,1528;26,1841;12,4574;35,6;100;190;10000000;10000000
4472;78,8065;0,1528;26,1841;12,4574;35,6;100;190;10000000;10000000
4473;78,8065;0,1528;26,1841;12,4574;35,6;100;190;10000000;10000000
4474;78,8065;0,1528;26,1841;12,4574;35,6;100;190;10000000;10000000
4475;78,8065;0,1528;26,1841;12,4574;35,6;100;190;10000000;10000000
4476;78,8065;0,1528;26,1841;12,4574;35,6;100;190;10000000;10000000
4477;78,8065;0,1528;26,184;12,4574;35,6;100;190;10000000;10000000
4478;78,8065;0,1528;26,184;12,4574;35,6;100;190;10000000;10000000
4479;78,8065;0,1528;26,184;12,4574;35,6;100;190;10000000;10000000
4480;82,9542;0,1528;26,184;12,4574;35,6;100;190;10000000;10000000
4481;92,2867;0,1528;26,184;12,4574;35,6;100;190;10000000;10000000
4482;125,8622;0,1528;26,184;12,4574;35,6;100;190;10000000;10000000
4483;125,8622;0,1528;26,1839;12,4574;35,6;100;190;10000000;10000000
4484;103,4204;0,1528;26,1839;12,4575;35,6;100;190;10000000;10000000
4485;86,5849;0,1528;26,1839;12,4575;35,6;100;190;10000000;10000000
4486;83,2675;0,1528;26,1839;12,4575;35,6;100;190;10000000;10000000
4487;80,6503;0,1528;26,1839;12,4575;35,6;100;190;10000000;10000000
4488;80,2149;0,1528;26,1839;12,4575;35,6;100;190;10000000;10000000
4489;79,6048;0,1528;26,1838;12,4575;35,6;100;190;10000000;10000000
4490;79,6048;0,1528;26,1838;12,4575;35,6;100;190;10000000;10000000
4491;79,6048;0,1528;26,1838;12,4575;35,6;100;190;10000000;10000000
4492;80,2541;0,1528;26,1838;12,4575;35,6;100;190;10000000;10000000
4493;80,9956;0,1528;26,1838;12,4575;35,6;100;190;10000000;10000000
4494;78,8092;0,1528;26,1837;12,4575;35,6;100;190;10000000;10000000
4495;75,9973;0,1528;26,1837;12,4575;35,6;100;190;10000000;10000000
4496;61,4098;0,1528;26,1837;12,4575;35,6;100;190;10000000;10000000
4497;61,4098;0,1528;26,1837;12,4575;35,6;100;190;10000000;10000000
4498;61,4098;0,1528;26,1837;12,4575;35,6;100;190;10000000;10000000
4499;61,4098;0,1528;26,1837;12,4575;35,6;100;190;10000000;10000000
4500;60,7642;0,1528;26,1836;12,4575;35,6;100;190;10000000;10000000
4501;61,4098;0,1528;26,1836;12,4575;35,6;100;190;10000000;10000000
4502;61,4098;0,1528;26,1836;12,4575;35,6;100;190;10000000;10000000
4503;61,4098;0,1528;26,1836;12,4575;35,6;100;190;10000000;10000000
4504;78,2873;0,1528;26,1836;12,4576;35,6;100;190;10000000;10000000
4505;80,9956;0,1528;26,1836;12,4576;35,6;100;190;10000000;10000000
4506;84,9097;0,1528;26,1835;12,4576;35,6;100;190;10000000;10000000
4507;84,6525;0,1528;26,1835;12,4576;35,6;100;190;10000000;10000000
4508;83,8993;0,1528;26,1835;12,4576;35,6;100;190;10000000;10000000
4509;81,8081;0,1528;26,1835;12,4576;35,6;100;190;10000000;10000000
4510;78,8092;0,1528;26,1835;12,4576;35,6;100;190;10000000;10000000
4511;78,8092;0,1528;26,1835;12,4576;35,6;100;190;10000000;10000000
4512;78,8119;0,1528;26,1834;12,4576;35,6;100;190;10000000;10000000
4513;78,3447;0,1528;26,1834;12,4576;35,6;100;190;10000000;10000000
4514;78,29;0,1528;26,1834;12,4576;35,6;100;190;10000000;10000000
4515;78,3447;0,1528;26,1834;12,4576;35,6;100;190;10000000;10000000
4516;78,8119;0,1528;26,1834;12,4576;35,6;100;190;10000000;10000000
4517;78,29;0,1528;26,1833;12,4576;35,6;100;190;10000000;10000000
4518;61,4119;0,1528;26,1833;12,4576;35,6;100;190;10000000;10000000
4519;14,1042;0,1528;26,1833;12,4576;35,6;100;190;10000000;10000000
4520;0;0,1528;26,1833;12,4576;35,6;100;190;10000000;10000000
4521;0;0,1528;26,1833;12,4576;35,6;100;190;10000000;10000000
4522;0;0,1528;26,1833;12,4576;35,6;100;190;10000000;10000000
4523;0;0,1528;26,1832;12,4576;35,6;100;190;10000000;10000000
4524;0;0,1528;26,1832;12,4576;35,6;100;190;10000000;10000000
4525;0;0,1528;26,1832;12,4577;35,6;100;190;10000000;10000000
4526;0;0,1528;26,1832;12,4577;35,6;100;190;10000000;10000000
4527;0;0,1528;26,1832;12,4577;35,6;100;190;10000000;10000000
4528;0;0,1528;26,1832;12,4577;35,6;100;190;10000000;10000000
4529;0;0,1528;26,1831;12,4577;35,6;100;190;10000000;10000000
4530;0;0,1528;26,1831;12,4577;35,6;100;190;10000000;10000000
4531;19,7292;0,1528;26,1831;12,4577;35,6;100;190;10000000;10000000
4532;8,9678;0,1528;26,1831;12,4577;35,6;100;190;10000000;10000000
4533;49,3229;0,1528;26,1831;12,4577;35,6;100;190;10000000;10000000
4534;25,1098;0,1528;26,1831;12,4577;35,6;100;190;10000000;10000000
4535;25,1098;0,1528;26,183;12,4577;35,6;100;190;10000000;10000000
4536;0;0,1528;26,183;12,4577;35,6;100;190;10000000;10000000
4537;0;0,1528;26,183;12,4577;35,6;100;190;10000000;10000000
4538;0;0,1528;26,183;12,4577;35,6;100;190;10000000;10000000
4539;0;0,1528;26,183;12,4577;35,6;100;190;10000000;10000000
4540;0;0,1528;26,1829;12,4577;35,6;100;190;10000000;10000000
4541;0;0,1528;26,1829;12,4577;35,6;100;190;10000000;10000000
4542;0;0,1528;26,1829;12,4577;35,6;100;190;10000000;10000000
4543;0;0,1528;26,1829;12,4577;35,6;100;190;10000000;10000000
4544;0;0,1528;26,1829;12,4577;35,6;100;190;10000000;10000000
4545;0;0,1528;26,1829;12,4578;35,6;100;190;10000000;10000000
4546;0;0,1528;26,1828;12,4578;35,6;100;190;10000000;10000000
4547;0;0,1528;26,1828;12,4578;35,6;100;190;10000000;10000000
4548;0;0,1528;26,1828;12,4578;35,6;100;190;10000000;10000000
4549;0;0,1528;26,1828;12,4578;35,6;100;190;10000000;10000000
4550;0;0,1528;26,1828;12,4578;35,6;100;190;10000000;10000000
4551;0;0,1528;26,1828;12,4578;35,6;100;190;10000000;10000000
4552;0;0,1528;26,1827;12,4578;35,6;100;190;10000000;10000000
4553;0;0,1528;26,1827;12,4578;35,6;100;190;10000000;10000000
4554;0;0,1528;26,1827;12,4578;35,6;100;190;10000000;10000000
4555;7,5758;0,1528;26,1827;12,4578;35,6;100;190;10000000;10000000
4556;7,5758;0,1528;26,1827;12,4578;35,6;100;190;10000000;10000000
4557;0;0,1528;26,1827;12,4578;35,6;100;190;10000000;10000000
4558;0;0,1528;26,1826;12,4578;35,6;100;190;10000000;10000000
4559;0;0,1528;26,1826;12,4578;35,6;100;190;10000000;10000000
4560;0;0,1528;26,1826;12,4578;35,6;100;190;10000000;10000000
4561;0;0,1528;26,1826;12,4578;35,6;100;190;10000000;10000000
4562;0;0,1528;26,1826;12,4578;35,6;100;190;10000000;10000000
4563;0;0,1528;26,1825;12,4578;35,6;100;190;10000000;10000000
4564;59,6268;0,1528;26,1825;12,4578;35,6;100;190;10000000;10000000
4565;0;0,1528;26,1825;12,4579;35,6;100;190;10000000;10000000
4566;61,4161;0,1528;26,1825;12,4579;35,6;100;190;10000000;10000000
4567;60,4821;0,1528;26,1825;12,4579;35,6;100;190;10000000;10000000
4568;61,4161;0,1528;26,1825;12,4579;35,6;100;190;10000000;10000000
4569;45,2957;0,1528;26,1824;12,4579;35,6;100;190;10000000;10000000
4570;61,4161;0,1528;26,1824;12,4579;35,6;100;190;10000000;10000000
4571;59,6268;0,1528;26,1824;12,4579;35,6;100;190;10000000;10000000
4572;0;0,1528;26,1824;12,4579;35,6;100;190;10000000;10000000
4573;47,5233;0,1528;26,1824;12,4579;35,6;100;190;10000000;10000000
4574;41,7387;0,1528;26,1824;12,4579;35,6;100;190;10000000;10000000
4575;59,6268;0,1528;26,1823;12,4579;35,6;100;190;10000000;10000000
4576;61,4161;0,1528;26,1823;12,4579;35,6;100;190;10000000;10000000
4577;61,4161;0,1528;26,1823;12,4579;35,6;100;190;10000000;10000000
4578;78,2953;0,1528;26,1823;12,4579;35,6;100;190;10000000;10000000
4579;78,2953;0,1528;26,1823;12,4579;35,6;100;190;10000000;10000000
4580;78,8173;0,1528;26,1823;12,4579;35,6;100;190;10000000;10000000
4581;78,8173;0,1528;26,1822;12,4579;35,6;100;190;10000000;10000000
4582;78,7105;0,1528;26,1822;12,4579;35,6;100;190;10000000;10000000
4583;78,194;0,1528;26,1822;12,4579;35,6;100;190;10000000;10000000
4584;78,82;0,1528;26,1822;12,4579;35,6;100;190;10000000;10000000
4585;78,82;0,1528;26,1822;12,4579;35,6;100;190;10000000;10000000
4586;78,82;0,1528;26,1821;12,458;35,6;100;190;10000000;10000000
4587;78,82;0,1528;26,1821;12,458;35,6;100;190;10000000;10000000
4588;78,82;0,1528;26,1821;12,458;35,6;100;190;10000000;10000000
4589;78,9927;0,1528;26,1821;12,458;35,6;100;190;10000000;10000000
4590;79,2161;0,1528;26,1821;12,458;35,6;100;190;10000000;10000000
4591;78,82;0,1528;26,1821;12,458;35,6;100;190;10000000;10000000
4592;78,4638;0,1528;26,182;12,458;35,6;100;190;10000000;10000000
4593;78,82;0,1528;26,182;12,458;35,6;100;190;10000000;10000000
4594;78,3454;0,1528;26,182;12,458;35,6;100;190;10000000;10000000
4595;78,3454;0,1528;26,182;12,458;35,6;100;190;10000000;10000000
4596;78,3454;0,1528;26,182;12,458;35,6;100;190;10000000;10000000
4597;76,0077;0,1528;26,182;12,458;35,6;100;190;10000000;10000000
4598;77,5279;0,1528;26,1819;12,458;35,6;100;190;10000000;10000000
4599;78,3454;0,1528;26,1819;12,458;35,6;100;190;10000000;10000000
4600;81,6322;0,1528;26,1819;12,458;35,6;100;190;10000000;10000000
4601;84,9521;0,1528;26,1819;12,458;35,6;100;190;10000000;10000000
4602;96,6983;0,1528;26,1819;12,458;35,6;100;190;10000000;10000000
4603;96,6983;0,1528;26,1819;12,458;35,6;100;190;10000000;10000000
4604;96,8161;0,1528;26,1818;12,458;35,6;100;190;10000000;10000000
4605;87,4762;0,1528;26,1818;12,458;35,6;100;190;10000000;10000000
4606;84,4333;0,1528;26,1818;12,4581;35,6;100;190;10000000;10000000
4607;84,5646;0,1528;26,1818;12,4581;35,6;100;190;10000000;10000000
4608;83,9671;0,1528;26,1818;12,4581;35,6;100;190;10000000;10000000
4609;84,4362;0,1528;26,1817;12,4581;35,6;100;190;10000000;10000000
4610;85,9884;0,1528;26,1817;12,4581;35,6;100;190;10000000;10000000
4611;85,9884;0,1528;26,1817;12,4581;35,6;100;190;10000000;10000000
4612;87,1423;0,1528;26,1817;12,4581;35,6;100;190;10000000;10000000
4613;87,7498;0,1528;26,1817;12,4581;35,6;100;190;10000000;10000000
4614;83,7717;0,1528;26,1817;12,4581;35,6;100;190;10000000;10000000
4615;80,4903;0,1528;26,1816;12,4581;35,6;100;190;10000000;10000000
4616;80,6278;0,1528;26,1816;12,4581;35,6;100;190;10000000;10000000
4617;78,8227;0,1528;26,1816;12,4581;35,6;100;190;10000000;10000000
4618;78,8227;0,1528;26,1816;12,4581;35,6;100;190;10000000;10000000
4619;78,8227;0,1528;26,1816;12,4581;35,6;100;190;10000000;10000000
4620;78,8227;0,1528;26,1816;12,4581;35,6;100;190;10000000;10000000
4621;78,8227;0,1528;26,1815;12,4581;35,6;100;190;10000000;10000000
4622;79,0708;0,1528;26,1815;12,4581;35,6;100;190;10000000;10000000
4623;80,7719;0,1528;26,1815;12,4581;35,6;100;190;10000000;10000000
4624;81,5411;0,1528;26,1815;12,4581;35,6;100;190;10000000;10000000
4625;87,3395;0,1528;26,1815;12,4581;35,6;100;190;10000000;10000000
4626;102,4631;0,1528;26,1815;12,4581;35,6;100;190;10000000;10000000
4627;94,2063;0,1528;26,1814;12,4582;35,6;100;190;10000000;10000000
4628;89,3602;0,1528;26,1814;12,4582;35,6;100;190;10000000;10000000
4629;85,9884;0,1528;26,1814;12,4582;35,6;100;190;10000000;10000000
4630;84,4362;0,1528;26,1814;12,4582;35,6;100;190;10000000;10000000
4631;83,9172;0,1528;26,1814;12,4582;35,6;100;190;10000000;10000000
4632;83,7746;0,1528;26,1813;12,4582;35,6;100;190;10000000;10000000
4633;83,4442;0,1528;26,1813;12,4582;35,6;100;190;10000000;10000000
4634;83,2875;0,1528;26,1813;12,4582;35,6;100;190;10000000;10000000
4635;84,1913;0,1528;26,1813;12,4582;35,6;100;190;10000000;10000000
4636;86,9741;0,1528;26,1813;12,4582;35,6;100;190;10000000;10000000
4637;87,7155;0,1528;26,1813;12,4582;35,6;100;190;10000000;10000000
4638;85,5512;0,1528;26,1812;12,4582;35,6;100;190;10000000;10000000
4639;83,7128;0,1528;26,1812;12,4582;35,6;100;190;10000000;10000000
4640;82,7516;0,1528;26,1812;12,4582;35,6;100;190;10000000;10000000
4641;81,864;0,1528;26,1812;12,4582;35,6;100;190;10000000;10000000
4642;81,825;0,1528;26,1812;12,4582;35,6;100;190;10000000;10000000
4643;81,825;0,1528;26,1812;12,4582;35,6;100;190;10000000;10000000
4644;81,825;0,1528;26,1811;12,4582;35,6;100;190;10000000;10000000
4645;81,825;0,1528;26,1811;12,4582;35,6;100;190;10000000;10000000
4646;81,4705;0,1528;26,1811;12,4582;35,6;100;190;10000000;10000000
4647;82,3487;0,1528;26,1811;12,4583;35,6;100;190;10000000;10000000
4648;87,3425;0,1528;26,1811;12,4583;35,6;100;190;10000000;10000000
4649;131,3757;0,1528;26,1811;12,4583;35,6;100;190;10000000;10000000
4650;143,3189;0,1528;26,181;12,4583;35,6;100;190;10000000;10000000
4651;141,3451;0,1528;26,181;12,4583;35,6;100;190;10000000;10000000
4652;139,9271;0,1528;26,181;12,4583;35,6;100;190;10000000;10000000
4653;131,3757;0,1528;26,181;12,4583;35,6;100;190;10000000;10000000
4654;106,7902;0,1528;26,181;12,4583;35,6;100;190;10000000;10000000
4655;89,8725;0,1528;26,1809;12,4583;35,6;100;190;10000000;10000000
4656;87,443;0,1528;26,1809;12,4583;35,6;100;190;10000000;10000000
4657;87,2897;0,1528;26,1809;12,4583;35,6;100;190;10000000;10000000
4658;87,2897;0,1528;26,1809;12,4583;35,6;100;190;10000000;10000000
4659;87,6447;0,1528;26,1809;12,4583;35,6;100;190;10000000;10000000
4660;97,1237;0,1528;26,1809;12,4583;35,6;100;190;10000000;10000000
4661;103,0054;0,1528;26,1808;12,4583;35,6;100;190;10000000;10000000
4662;87,443;0,1528;26,1808;12,4583;35,6;100;190;10000000;10000000
4663;84,5332;0,1528;26,1808;12,4583;35,6;100;190;10000000;10000000
4664;81,7767;0,1528;26,1808;12,4583;35,6;100;190;10000000;10000000
4665;81,774;0,1528;26,1808;12,4583;35,6;100;190;10000000;10000000
4666;81,7767;0,1528;26,1808;12,4583;35,6;100;190;10000000;10000000
4667;81,7767;0,1528;26,1807;12,4584;35,6;100;190;10000000;10000000
4668;81,5467;0,1528;26,1807;12,4584;35,6;100;190;10000000;10000000
4669;81,4733;0,1528;26,1807;12,4584;35,6;100;190;10000000;10000000
4670;81,4733;0,1528;26,1807;12,4584;35,6;100;190;10000000;10000000
4671;82,3515;0,1528;26,1807;12,4584;35,6;100;190;10000000;10000000
4672;85,9943;0,1528;26,1806;12,4584;35,6;100;190;10000000;10000000
4673;109,0737;0,1528;26,1806;12,4584;35,6;100;190;10000000;10000000
4674;139,9447;0,1528;26,1806;12,4584;35,6;100;190;10000000;10000000
4675;134,9324;0,1528;26,1806;12,4584;35,6;100;190;10000000;10000000
4676;122,9164;0,1528;26,1806;12,4584;35,6;100;190;10000000;10000000
4677;99,3407;0,1528;26,1806;12,4584;35,6;100;190;10000000;10000000
4678;85,9943;0,1528;26,1805;12,4584;35,6;100;190;10000000;10000000
4679;84,442;0,1528;26,1805;12,4584;35,6;100;190;10000000;10000000
4680;83,9258;0,1528;26,1805;12,4584;35,6;100;190;10000000;10000000
4681;83,2932;0,1528;26,1805;12,4584;35,6;100;190;10000000;10000000
4682;81,9735;0,1528;26,1805;12,4584;35,6;100;190;10000000;10000000
4683;82,1904;0,1528;26,1805;12,4584;35,6;100;190;10000000;10000000
4684;82,3543;0,1528;26,1804;12,4584;35,6;100;190;10000000;10000000
4685;81,5495;0,1528;26,1804;12,4584;35,6;100;190;10000000;10000000
4686;80,6697;0,1528;26,1804;12,4584;35,6;100;190;10000000;10000000
4687;70,8979;0,1528;26,1804;12,4584;35,6;100;190;10000000;10000000
4688;61,4266;0,1528;26,1804;12,4585;35,6;100;190;10000000;10000000
4689;61,4266;0,1528;26,1804;12,4585;35,6;100;190;10000000;10000000
4690;61,4266;0,1528;26,1803;12,4585;35,6;100;190;10000000;10000000
4691;61,4266;0,1528;26,1803;12,4585;35,6;100;190;10000000;10000000
4692;61,4266;0,1528;26,1803;12,4585;35,6;100;190;10000000;10000000
4693;61,4266;0,1528;26,1803;12,4585;35,6;100;190;10000000;10000000
4694;61,4266;0,1528;26,1803;12,4585;35,6;100;190;10000000;10000000
4695;61,4266;0,1528;26,1802;12,4585;35,6;100;190;10000000;10000000
4696;72,1367;0,1528;26,1802;12,4585;35,6;100;190;10000000;10000000
4697;78,8308;0,1528;26,1802;12,4585;35,6;100;190;10000000;10000000
4698;81,7768;0,1528;26,1802;12,4585;35,6;100;190;10000000;10000000
4699;82,8744;0,1528;26,1802;12,4585;35,6;100;190;10000000;10000000
4700;83,0046;0,1528;26,1802;12,4585;35,6;100;190;10000000;10000000
4701;81,4795;0,1528;26,1801;12,4585;35,6;100;190;10000000;10000000
4702;79,6266;0,1528;26,1801;12,4585;35,6;100;190;10000000;10000000
4703;80,2761;0,1528;26,1801;12,4585;35,6;100;190;10000000;10000000
4704;80,2788;0,1528;26,1801;12,4585;35,6;100;190;10000000;10000000
4705;79,8691;0,1528;26,1801;12,4585;35,6;100;190;10000000;10000000
4706;79,0816;0,1528;26,1801;12,4585;35,6;100;190;10000000;10000000
4707;80,2788;0,1528;26,18;12,4585;35,6;100;190;10000000;10000000
4708;79,6294;0,1528;26,18;12,4586;35,6;100;190;10000000;10000000
4709;78,8335;0,1528;26,18;12,4586;35,6;100;190;10000000;10000000
4710;78,3465;0,1528;26,18;12,4586;35,6;100;190;10000000;10000000
4711;61,4287;0,1528;26,18;12,4586;35,6;100;190;10000000;10000000
4712;62,5085;0,1528;26,18;12,4586;35,6;100;190;10000000;10000000
4713;61,4287;0,1528;26,1799;12,4586;35,6;100;190;10000000;10000000
4714;70,029;0,1528;26,1799;12,4586;35,6;100;190;10000000;10000000
4715;61,4287;0,1528;26,1799;12,4586;35,6;100;190;10000000;10000000
4716;61,4287;0,1528;26,1799;12,4586;35,6;100;190;10000000;10000000
4717;61,4287;0,1528;26,1799;12,4586;35,6;100;190;10000000;10000000
4718;61,3159;0,1528;26,1798;12,4586;35,6;100;190;10000000;10000000
4719;61,4287;0,1528;26,1798;12,4586;35,6;100;190;10000000;10000000
4720;78,8335;0,1528;26,1798;12,4586;35,6;100;190;10000000;10000000
4721;86,0002;0,1528;26,1798;12,4586;35,6;100;190;10000000;10000000
4722;86,7908;0,1528;26,1798;12,4586;35,6;100;190;10000000;10000000
4723;89,8566;0,1528;26,1798;12,4586;35,6;100;190;10000000;10000000
4724;87,3514;0,1528;26,1797;12,4586;35,6;100;190;10000000;10000000
4725;86,0002;0,1528;26,1797;12,4586;35,6;100;190;10000000;10000000
4726;79,7681;0,1528;26,1797;12,4586;35,6;100;190;10000000;10000000
4727;78,8335;0,1528;26,1797;12,4586;35,6;100;190;10000000;10000000
4728;78,3141;0,1528;26,1797;12,4586;35,6;100;190;10000000;10000000
4729;78,3141;0,1528;26,1797;12,4587;35,6;100;190;10000000;10000000
4730;78,3141;0,1528;26,1796;12,4587;35,6;100;190;10000000;10000000
4731;78,3467;0,1528;26,1796;12,4587;35,6;100;190;10000000;10000000
4732;78,3467;0,1528;26,1796;12,4587;35,6;100;190;10000000;10000000
4733;78,8362;0,1528;26,1796;12,4587;35,6;100;190;10000000;10000000
4734;78,3467;0,1528;26,1796;12,4587;35,6;100;190;10000000;10000000
4735;61,4308;0,1528;26,1796;12,4587;35,6;100;190;10000000;10000000
4736;61,4308;0,1528;26,1795;12,4587;35,6;100;190;10000000;10000000
4737;61,4308;0,1528;26,1795;12,4587;35,6;100;190;10000000;10000000
4738;75,5393;0,1528;26,1795;12,4587;35,6;100;190;10000000;10000000
4739;78,3141;0,1528;26,1795;12,4587;35,6;100;190;10000000;10000000
4740;70,0982;0,1528;26,1795;12,4587;35,6;100;190;10000000;10000000
4741;61,4308;0,1528;26,1794;12,4587;35,6;100;190;10000000;10000000
4742;61,4308;0,1528;26,1794;12,4587;35,6;100;190;10000000;10000000
4743;61,4308;0,1528;26,1794;12,4587;35,6;100;190;10000000;10000000
4744;77,5438;0,1528;26,1794;12,4587;35,6;100;190;10000000;10000000
4745;83,4557;0,1528;26,1794;12,4587;35,6;100;190;10000000;10000000
4746;85,9432;0,1528;26,1794;12,4587;35,6;100;190;10000000;10000000
4747;85,5629;0,1528;26,1793;12,4587;35,6;100;190;10000000;10000000
4748;84,994;0,1528;26,1793;12,4587;35,6;100;190;10000000;10000000
4749;82,8801;0,1528;26,1793;12,4588;35,6;100;190;10000000;10000000
4750;80,2816;0,1528;26,1793;12,4588;35,6;100;190;10000000;10000000
4751;78,8362;0,1528;26,1793;12,4588;35,6;100;190;10000000;10000000
4752;77,5465;0,1528;26,1793;12,4588;35,6;100;190;10000000;10000000
4753;77,5465;0,1528;26,1792;12,4588;35,6;100;190;10000000;10000000
4754;75,3496;0,1528;26,1792;12,4588;35,6;100;190;10000000;10000000
4755;77,5465;0,1528;26,1792;12,4588;35,6;100;190;10000000;10000000
4756;78,8389;0,1528;26,1792;12,4588;35,6;100;190;10000000;10000000
4757;61,4329;0,1528;26,1792;12,4588;35,6;100;190;10000000;10000000
4758;61,4329;0,1528;26,1792;12,4588;35,6;100;190;10000000;10000000
4759;61,2788;0,1528;26,1791;12,4588;35,6;100;190;10000000;10000000
4760;59,6301;0,1528;26,1791;12,4588;35,6;100;190;10000000;10000000
4761;61,4329;0,1528;26,1791;12,4588;35,6;100;190;10000000;10000000
4762;55,729;0,1528;26,1791;12,4588;35,6;100;190;10000000;10000000
4763;59,6301;0,1528;26,1791;12,4588;35,6;100;190;10000000;10000000
4764;59,6301;0,1528;26,179;12,4588;35,6;100;190;10000000;10000000
4765;35,6894;0,1528;26,179;12,4588;35,6;100;190;10000000;10000000
4766;14,7413;0,1528;26,179;12,4588;35,6;100;190;10000000;10000000
4767;2,7854;0,1528;26,179;12,4588;35,6;100;190;10000000;10000000
4768;59,6301;0,1528;26,179;12,4588;35,6;100;190;10000000;10000000
4769;61,4329;0,1528;26,179;12,4589;35,6;100;190;10000000;10000000
4770;78,8264;0,1528;26,1789;12,4589;35,6;100;190;10000000;10000000
4771;78,3469;0,1528;26,1789;12,4589;35,6;100;190;10000000;10000000
4772;78,8389;0,1528;26,1789;12,4589;35,6;100;190;10000000;10000000
4773;78,3469;0,1528;26,1789;12,4589;35,6;100;190;10000000;10000000
4774;61,4329;0,1528;26,1789;12,4589;35,6;100;190;10000000;10000000
4775;61,4329;0,1528;26,1789;12,4589;35,6;100;190;10000000;10000000
4776;78,3195;0,1528;26,1788;12,4589;35,6;100;190;10000000;10000000
4777;78,3195;0,1528;26,1788;12,4589;35,6;100;190;10000000;10000000
4778;78,3195;0,1528;26,1788;12,4589;35,6;100;190;10000000;10000000
4779;78,3789;0,1528;26,1788;12,4589;35,6;100;190;10000000;10000000
4780;80,2871;0,1528;26,1788;12,4589;35,6;100;190;10000000;10000000
4781;81,7535;0,1528;26,1788;12,4589;35,6;100;190;10000000;10000000
4782;78,8416;0,1528;26,1787;12,4589;35,6;100;190;10000000;10000000
4783;61,435;0,1528;26,1787;12,4589;35,6;100;190;10000000;10000000
4784;61,435;0,1528;26,1787;12,4589;35,6;100;190;10000000;10000000
4785;61,435;0,1528;26,1787;12,4589;35,6;100;190;10000000;10000000
4786;61,435;0,1528;26,1787;12,4589;35,6;100;190;10000000;10000000
4787;61,435;0,1528;26,1786;12,4589;35,6;100;190;10000000;10000000
4788;61,435;0,1528;26,1786;12,4589;35,6;100;190;10000000;10000000
4789;61,435;0,1528;26,1786;12,4589;35,6;100;190;10000000;10000000
4790;61,435;0,1528;26,1786;12,459;35,6;100;190;10000000;10000000
4791;61,435;0,1528;26,1786;12,459;35,6;100;190;10000000;10000000
4792;61,435;0,1528;26,1786;12,459;35,6;100;190;10000000;10000000
4793;79,2378;0,1528;26,1785;12,459;35,6;100;190;10000000;10000000
4794;82,7686;0,1528;26,1785;12,459;35,6;100;190;10000000;10000000
4795;81,5448;0,1528;26,1785;12,459;35,6;100;190;10000000;10000000
4796;79,2378;0,1528;26,1785;12,459;35,6;100;190;10000000;10000000
4797;78,3195;0,1528;26,1785;12,459;35,6;100;190;10000000;10000000
4798;78,3195;0,1528;26,1785;12,459;35,6;100;190;10000000;10000000
4799;78,3195;0,1528;26,1784;12,459;35,6;100;190;10000000;10000000
4800;78,3222;0,1528;26,1784;12,459;35,6;100;190;10000000;10000000
4801;78,3222;0,1528;26,1784;12,459;35,6;100;190;10000000;10000000
4802;78,3222;0,1528;26,1784;12,459;35,6;100;190;10000000;10000000
4803;78,3222;0,1528;26,1784;12,459;35,6;100;190;10000000;10000000
4804;78,8443;0,1528;26,1784;12,459;35,6;100;190;10000000;10000000
4805;78,8443;0,1528;26,1783;12,459;35,6;100;190;10000000;10000000
4806;61,4371;0,1528;26,1783;12,459;35,6;100;190;10000000;10000000
4807;0;0,1528;26,1783;12,459;35,6;100;190;10000000;10000000
4808;0;0,1528;26,1783;12,459;35,6;100;190;10000000;10000000
4809;0;0,1528;26,1783;12,459;35,6;100;190;10000000;10000000
4810;0;0,1528;26,1782;12,4591;35,6;100;190;10000000;10000000
4811;0;0,1528;26,1782;12,4591;35,6;100;190;10000000;10000000
4812;0;0,1528;26,1782;12,4591;35,6;100;190;10000000;10000000
4813;0;0,1528;26,1782;12,4591;35,6;100;190;10000000;10000000
4814;0;0,1528;26,1782;12,4591;35,6;100;190;10000000;10000000
4815;7,5758;0,1528;26,1782;12,4591;35,6;100;190;10000000;10000000
4816;61,4371;0,1528;26,1781;12,4591;35,6;100;190;10000000;10000000
4817;61,4371;0,1529;26,1781;12,4591;35,6;100;190;10000000;10000000
4818;81,0317;0,1529;26,1781;12,4591;35,6;100;190;10000000;10000000
4819;83,0188;0,1529;26,1781;12,4591;35,6;100;190;10000000;10000000
4820;83,2019;0,1529;26,1781;12,4591;35,6;100;190;10000000;10000000
4821;81,7908;0,1529;26,1781;12,4591;35,6;100;190;10000000;10000000
4822;79,2405;0,1529;26,178;12,4591;35,6;100;190;10000000;10000000
4823;80,357;0,1529;26,178;12,4591;35,6;100;190;10000000;10000000
4824;79,6701;0,1529;26,178;12,4591;35,6;100;190;10000000;10000000
4825;78,847;0,1529;26,178;12,4591;35,6;100;190;10000000;10000000
4826;79,2362;0,1529;26,178;12,4591;35,6;100;190;10000000;10000000
4827;79,6701;0,1529;26,178;12,4591;35,6;100;190;10000000;10000000
4828;83,3104;0,1529;26,1779;12,4591;35,6;100;190;10000000;10000000
4829;83,545;0,1529;26,1779;12,4591;35,6;100;190;10000000;10000000
4830;81,754;0,1529;26,1779;12,4592;35,6;100;190;10000000;10000000
4831;78,847;0,1529;26,1779;12,4592;35,6;100;190;10000000;10000000
4832;72,5623;0,1529;26,1779;12,4592;35,6;100;190;10000000;10000000
4833;66,0317;0,1529;26,1778;12,4592;35,6;100;190;10000000;10000000
4834;69,9576;0,1529;26,1778;12,4592;35,6;100;190;10000000;10000000
4835;74,6167;0,1529;26,1778;12,4592;35,6;100;190;10000000;10000000
4836;66,0317;0,1529;26,1778;12,4592;35,6;100;190;10000000;10000000
4837;64,7108;0,1529;26,1778;12,4592;35,6;100;190;10000000;10000000
4838;71,2693;0,1529;26,1778;12,4592;35,6;100;190;10000000;10000000
4839;61,4392;0,1529;26,1777;12,4592;35,6;100;190;10000000;10000000
4840;82,3713;0,1529;26,1777;12,4592;35,6;100;190;10000000;10000000
4841;86,8057;0,1529;26,1777;12,4592;35,6;100;190;10000000;10000000
4842;87,7396;0,1529;26,1777;12,4592;35,6;100;190;10000000;10000000
4843;86,0149;0,1529;26,1777;12,4592;35,6;100;190;10000000;10000000
4844;84,2748;0,1529;26,1777;12,4592;35,6;100;190;10000000;10000000
4845;81,6602;0,1529;26,1776;12,4592;35,6;100;190;10000000;10000000
4846;79,8828;0,1529;26,1776;12,4592;35,6;100;190;10000000;10000000
4847;79,8828;0,1529;26,1776;12,4592;35,6;100;190;10000000;10000000
4848;78,9592;0,1529;26,1776;12,4592;35,6;100;190;10000000;10000000
4849;78,9592;0,1529;26,1776;12,4592;35,6;100;190;10000000;10000000
4850;78,8497;0,1529;26,1776;12,4592;35,6;100;190;10000000;10000000
4851;78,8497;0,1529;26,1775;12,4593;35,6;100;190;10000000;10000000
4852;78,8497;0,1529;26,1775;12,4593;35,6;100;190;10000000;10000000
4853;78,8497;0,1529;26,1775;12,4593;35,6;100;190;10000000;10000000
4854;78,3275;0,1529;26,1775;12,4593;35,6;100;190;10000000;10000000
4855;61,4413;0,1529;26,1775;12,4593;35,6;100;190;10000000;10000000
4856;61,4413;0,1529;26,1774;12,4593;35,6;100;190;10000000;10000000
4857;61,4413;0,1529;26,1774;12,4593;35,6;100;190;10000000;10000000
4858;61,4413;0,1529;26,1774;12,4593;35,6;100;190;10000000;10000000
4859;61,4413;0,1529;26,1774;12,4593;35,6;100;190;10000000;10000000
4860;61,4413;0,1529;26,1774;12,4593;35,6;100;190;10000000;10000000
4861;54,4318;0,1529;26,1774;12,4593;35,6;100;190;10000000;10000000
4862;31,5019;0,1529;26,1773;12,4593;35,6;100;190;10000000;10000000
4863;60,0734;0,1529;26,1773;12,4593;35,6;100;190;10000000;10000000
4864;61,4413;0,1529;26,1773;12,4593;35,6;100;190;10000000;10000000
4865;78,8497;0,1529;26,1773;12,4593;35,6;100;190;10000000;10000000
4866;83,0245;0,1529;26,1773;12,4593;35,6;100;190;10000000;10000000
4867;83,4699;0,1529;26,1773;12,4593;35,6;100;190;10000000;10000000
4868;82,8943;0,1529;26,1772;12,4593;35,6;100;190;10000000;10000000
4869;80,7918;0,1529;26,1772;12,4593;35,6;100;190;10000000;10000000
4870;78,8497;0,1529;26,1772;12,4593;35,6;100;190;10000000;10000000
4871;78,8497;0,1529;26,1772;12,4594;35,6;100;190;10000000;10000000
4872;78,8524;0,1529;26,1772;12,4594;35,6;100;190;10000000;10000000
4873;78,348;0,1529;26,1772;12,4594;35,6;100;190;10000000;10000000
4874;78,8524;0,1529;26,1771;12,4594;35,6;100;190;10000000;10000000
4875;78,348;0,1529;26,1771;12,4594;35,6;100;190;10000000;10000000
4876;78,348;0,1529;26,1771;12,4594;35,6;100;190;10000000;10000000
4877;77,5598;0,1529;26,1771;12,4594;35,6;100;190;10000000;10000000
4878;61,4434;0,1529;26,1771;12,4594;35,6;100;190;10000000;10000000
4879;61,4434;0,1529;26,177;12,4594;35,6;100;190;10000000;10000000
4880;61,4434;0,1529;26,177;12,4594;35,6;100;190;10000000;10000000
4881;61,4434;0,1529;26,177;12,4594;35,6;100;190;10000000;10000000
4882;61,4434;0,1529;26,177;12,4594;35,6;100;190;10000000;10000000
4883;61,4434;0,1529;26,177;12,4594;35,6;100;190;10000000;10000000
4884;61,4434;0,1529;26,177;12,4594;35,6;100;190;10000000;10000000
4885;61,4434;0,1529;26,1769;12,4594;35,6;100;190;10000000;10000000
4886;41,7002;0,1529;26,1769;12,4594;35,6;100;190;10000000;10000000
4887;35,317;0,1529;26,1769;12,4594;35,6;100;190;10000000;10000000
4888;61,4434;0,1529;26,1769;12,4594;35,6;100;190;10000000;10000000
4889;61,4434;0,1529;26,1769;12,4594;35,6;100;190;10000000;10000000
4890;78,8524;0,1529;26,1769;12,4594;35,6;100;190;10000000;10000000
4891;78,8524;0,1529;26,1768;12,4594;35,6;100;190;10000000;10000000
4892;78,8524;0,1529;26,1768;12,4595;35,6;100;190;10000000;10000000
4893;78,8524;0,1529;26,1768;12,4595;35,6;100;190;10000000;10000000
4894;78,348;0,1529;26,1768;12,4595;35,6;100;190;10000000;10000000
4895;78,348;0,1529;26,1768;12,4595;35,6;100;190;10000000;10000000
4896;78,3482;0,1529;26,1768;12,4595;35,6;100;190;10000000;10000000
4897;78,3482;0,1529;26,1767;12,4595;35,6;100;190;10000000;10000000
4898;78,3482;0,1529;26,1767;12,4595;35,6;100;190;10000000;10000000
4899;78,3482;0,1529;26,1767;12,4595;35,6;100;190;10000000;10000000
4900;78,9646;0,1529;26,1767;12,4595;35,6;100;190;10000000;10000000
4901;79,2514;0,1529;26,1767;12,4595;35,6;100;190;10000000;10000000
4902;78,8551;0,1529;26,1766;12,4595;35,6;100;190;10000000;10000000
4903;61,4455;0,1529;26,1766;12,4595;35,6;100;190;10000000;10000000
4904;61,4455;0,1529;26,1766;12,4595;35,6;100;190;10000000;10000000
4905;61,4455;0,1529;26,1766;12,4595;35,6;100;190;10000000;10000000
4906;61,4455;0,1529;26,1766;12,4595;35,6;100;190;10000000;10000000
4907;61,4455;0,1529;26,1766;12,4595;35,6;100;190;10000000;10000000
4908;61,4455;0,1529;26,1765;12,4595;35,6;100;190;10000000;10000000
4909;61,4455;0,1529;26,1765;12,4595;35,6;100;190;10000000;10000000
4910;61,4455;0,1529;26,1765;12,4595;35,6;100;190;10000000;10000000
4911;61,4455;0,1529;26,1765;12,4595;35,6;100;190;10000000;10000000
4912;61,4455;0,1529;26,1765;12,4596;35,6;100;190;10000000;10000000
4913;81,0428;0,1529;26,1765;12,4596;35,6;100;190;10000000;10000000
4914;84,4709;0,1529;26,1764;12,4596;35,6;100;190;10000000;10000000
4915;82,9;0,1529;26,1764;12,4596;35,6;100;190;10000000;10000000
4916;81,8558;0,1529;26,1764;12,4596;35,6;100;190;10000000;10000000
4917;79,6512;0,1529;26,1764;12,4596;35,6;100;190;10000000;10000000
4918;78,8551;0,1529;26,1764;12,4596;35,6;100;190;10000000;10000000
4919;78,8551;0,1529;26,1763;12,4596;35,6;100;190;10000000;10000000
4920;78,8578;0,1529;26,1763;12,4596;35,6;100;190;10000000;10000000
4921;78,8578;0,1529;26,1763;12,4596;35,6;100;190;10000000;10000000
4922;78,8578;0,1529;26,1763;12,4596;35,6;100;190;10000000;10000000
4923;78,8578;0,1529;26,1763;12,4596;35,6;100;190;10000000;10000000
4924;80,6918;0,1529;26,1763;12,4596;35,6;100;190;10000000;10000000
4925;80,3036;0,1529;26,1762;12,4596;35,6;100;190;10000000;10000000
4926;78,8578;0,1529;26,1762;12,4596;35,6;100;190;10000000;10000000
4927;37,4445;0,1529;26,1762;12,4596;35,6;100;190;10000000;10000000
4928;0;0,1529;26,1762;12,4596;35,6;100;190;10000000;10000000
4929;0;0,1529;26,1762;12,4596;35,6;100;190;10000000;10000000
4930;0;0,1529;26,1762;12,4596;35,6;100;190;10000000;10000000
4931;59,5581;0,1529;26,1761;12,4596;35,6;100;190;10000000;10000000
4932;42,7943;0,1529;26,1761;12,4597;35,6;100;190;10000000;10000000
4933;0;0,1529;26,1761;12,4597;35,6;100;190;10000000;10000000
4934;0;0,1529;26,1761;12,4597;35,6;100;190;10000000;10000000
4935;41,2648;0,1529;26,1761;12,4597;35,6;100;190;10000000;10000000
4936;59,5581;0,1529;26,1761;12,4597;35,6;100;190;10000000;10000000
4937;72,0086;0,1529;26,176;12,4597;35,6;100;190;10000000;10000000
4938;61,4477;0,1529;26,176;12,4597;35,6;100;190;10000000;10000000
4939;61,4477;0,1529;26,176;12,4597;35,6;100;190;10000000;10000000
4940;78,8578;0,1529;26,176;12,4597;35,6;100;190;10000000;10000000
4941;78,8578;0,1529;26,176;12,4597;35,6;100;190;10000000;10000000
4942;78,8578;0,1529;26,1759;12,4597;35,6;100;190;10000000;10000000
4943;78,8578;0,1529;26,1759;12,4597;35,6;100;190;10000000;10000000
4944;78,8605;0,1529;26,1759;12,4597;35,6;100;190;10000000;10000000
4945;78,561;0,1529;26,1759;12,4597;35,6;100;190;10000000;10000000
4946;78,8605;0,1529;26,1759;12,4597;35,6;100;190;10000000;10000000
4947;78,97;0,1529;26,1759;12,4597;35,6;100;190;10000000;10000000
4948;81,5644;0,1529;26,1758;12,4597;35,6;100;190;10000000;10000000
4949;81,5068;0,1529;26,1758;12,4597;35,6;100;190;10000000;10000000
4950;78,8605;0,1529;26,1758;12,4597;35,6;100;190;10000000;10000000
4951;78,3486;0,1529;26,1758;12,4597;35,6;100;190;10000000;10000000
4952;73,681;0,1529;26,1758;12,4597;35,6;100;190;10000000;10000000
4953;77,9472;0,1529;26,1758;12,4598;35,6;100;190;10000000;10000000
4954;76,709;0,1529;26,1757;12,4598;35,6;100;190;10000000;10000000
4955;76,709;0,1529;26,1757;12,4598;35,6;100;190;10000000;10000000
4956;74,6177;0,1529;26,1757;12,4598;35,6;100;190;10000000;10000000
4957;76,709;0,1529;26,1757;12,4598;35,6;100;190;10000000;10000000
4958;70,653;0,1529;26,1757;12,4598;35,6;100;190;10000000;10000000
4959;63,279;0,1529;26,1757;12,4598;35,6;100;190;10000000;10000000
4960;79,8965;0,1529;26,1756;12,4598;35,6;100;190;10000000;10000000
4961;86,0297;0,1529;26,1756;12,4598;35,6;100;190;10000000;10000000
4962;106,8378;0,1529;26,1756;12,4598;35,6;100;190;10000000;10000000
4963;106,8378;0,1529;26,1756;12,4598;35,6;100;190;10000000;10000000
4964;99,5371;0,1529;26,1756;12,4598;35,6;100;190;10000000;10000000
4965;86,0328;0,1529;26,1755;12,4598;35,6;100;190;10000000;10000000
4966;83,4814;0,1529;26,1755;12,4598;35,6;100;190;10000000;10000000
4967;81,4058;0,1529;26,1755;12,4598;35,6;100;190;10000000;10000000
4968;79,9092;0,1529;26,1755;12,4598;35,6;100;190;10000000;10000000
4969;81,0511;0,1529;26,1755;12,4598;35,6;100;190;10000000;10000000
4970;79,9092;0,1529;26,1755;12,4598;35,6;100;190;10000000;10000000
4971;81,5096;0,1529;26,1754;12,4598;35,6;100;190;10000000;10000000
4972;83,0387;0,1529;26,1754;12,4598;35,6;100;190;10000000;10000000
4973;83,5622;0,1529;26,1754;12,4599;35,6;100;190;10000000;10000000
4974;82,9085;0,1529;26,1754;12,4599;35,6;100;190;10000000;10000000
4975;78,8632;0,1529;26,1754;12,4599;35,6;100;190;10000000;10000000
4976;76,0494;0,1529;26,1754;12,4599;35,6;100;190;10000000;10000000
4977;64,7981;0,1529;26,1753;12,4599;35,6;100;190;10000000;10000000
4978;75,4967;0,1529;26,1753;12,4599;35,6;100;190;10000000;10000000
4979;62,6619;0,1529;26,1753;12,4599;35,6;100;190;10000000;10000000
4980;66,2193;0,1529;26,1753;12,4599;35,6;100;190;10000000;10000000
4981;74,6179;0,1529;26,1753;12,4599;35,6;100;190;10000000;10000000
4982;67,8521;0,1529;26,1753;12,4599;35,6;100;190;10000000;10000000
4983;64,9623;0,1529;26,1752;12,4599;35,6;100;190;10000000;10000000
4984;78,8632;0,1529;26,1752;12,4599;35,6;100;190;10000000;10000000
4985;82,3882;0,1529;26,1752;12,4599;35,6;100;190;10000000;10000000
4986;83,3976;0,1529;26,1752;12,4599;35,6;100;190;10000000;10000000
4987;83,3097;0,1529;26,1752;12,4599;35,6;100;190;10000000;10000000
4988;82,3882;0,1529;26,1751;12,4599;35,6;100;190;10000000;10000000
4989;79,8992;0,1529;26,1751;12,4599;35,6;100;190;10000000;10000000
4990;79,2595;0,1529;26,1751;12,4599;35,6;100;190;10000000;10000000
4991;78,9727;0,1529;26,1751;12,4599;35,6;100;190;10000000;10000000
4992;79,1142;0,1529;26,1751;12,4599;35,6;100;190;10000000;10000000
4993;78,9754;0,1529;26,1751;12,4599;35,6;100;190;10000000;10000000
4994;79,6621;0,1529;26,175;12,46;35,6;100;190;10000000;10000000
4995;81,4244;0,1529;26,175;12,46;35,6;100;190;10000000;10000000
4996;83,0223;0,1529;26,175;12,46;35,6;100;190;10000000;10000000
4997;83,3303;0,1529;26,175;12,46;35,6;100;190;10000000;10000000
4998;82,8714;0,1529;26,175;12,46;35,6;100;190;10000000;10000000
4999;78,973;0,1529;26,175;12,46;35,6;100;190;10000000;10000000
5000;78,8659;0,1529;26,1749;12,46;35,6;100;190;10000000;10000000
5001;78,3436;0,1529;26,1749;12,46;35,6;100;190;10000000;10000000
5002;77,573;0,1529;26,1749;12,46;35,6;100;190;10000000;10000000
5003;77,573;0,1529;26,1749;12,46;35,6;100;190;10000000;10000000
5004;76,918;0,1529;26,1749;12,46;35,6;100;190;10000000;10000000
5005;76,918;0,1529;26,1749;12,46;35,6;100;190;10000000;10000000
5006;76,4962;0,1529;26,1748;12,46;35,6;100;190;10000000;10000000
5007;76,7281;0,1529;26,1748;12,46;35,6;100;190;10000000;10000000
5008;81,867;0,1529;26,1748;12,46;35,6;100;190;10000000;10000000
5009;95,981;0,1529;26,1748;12,46;35,6;100;190;10000000;10000000
5010;116,3281;0,1529;26,1748;12,46;35,6;100;190;10000000;10000000
5011;131,4432;0,1529;26,1747;12,46;35,6;100;190;10000000;10000000
5012;117,6309;0,1529;26,1747;12,46;35,6;100;190;10000000;10000000
5013;106,8451;0,1529;26,1747;12,46;35,6;100;190;10000000;10000000
5014;87,5272;0,1529;26,1747;12,4601;35,6;100;190;10000000;10000000
5015;84,6138;0,1529;26,1747;12,4601;35,6;100;190;10000000;10000000
5016;83,111;0,1529;26,1747;12,4601;35,6;100;190;10000000;10000000
5017;81,5728;0,1529;26,1746;12,4601;35,6;100;190;10000000;10000000
5018;80,965;0,1529;26,1746;12,4601;35,6;100;190;10000000;10000000
5019;79,9047;0,1529;26,1746;12,4601;35,6;100;190;10000000;10000000
5020;80,3146;0,1529;26,1746;12,4601;35,6;100;190;10000000;10000000
5021;80,3146;0,1529;26,1746;12,4601;35,6;100;190;10000000;10000000
5022;78,8686;0,1529;26,1746;12,4601;35,6;100;190;10000000;10000000
5023;70,7052;0,1529;26,1745;12,4601;35,6;100;190;10000000;10000000
5024;61,4561;0,1529;26,1745;12,4601;35,6;100;190;10000000;10000000
5025;53,1014;0,1529;26,1745;12,4601;35,6;100;190;10000000;10000000
5026;45,5117;0,1529;26,1745;12,4601;35,6;100;190;10000000;10000000
5027;40,8473;0,1529;26,1745;12,4601;35,6;100;190;10000000;10000000
5028;49,9883;0,1529;26,1745;12,4601;35,6;100;190;10000000;10000000
5029;41,6656;0,1529;26,1744;12,4601;35,6;100;190;10000000;10000000
5030;41,6656;0,1529;26,1744;12,4601;35,6;100;190;10000000;10000000
5031;61,4561;0,1529;26,1744;12,4601;35,6;100;190;10000000;10000000
5032;78,8686;0,1529;26,1744;12,4601;35,6;100;190;10000000;10000000
5033;81,0567;0,1529;26,1744;12,4601;35,6;100;190;10000000;10000000
5034;78,8686;0,1529;26,1743;12,4602;35,6;100;190;10000000;10000000
5035;78,8686;0,1529;26,1743;12,4602;35,6;100;190;10000000;10000000
5036;78,381;0,1529;26,1743;12,4602;35,6;100;190;10000000;10000000
5037;78,3463;0,1529;26,1743;12,4602;35,6;100;190;10000000;10000000
5038;61,4561;0,1529;26,1743;12,4602;35,6;100;190;10000000;10000000
5039;61,4561;0,1529;26,1743;12,4602;35,6;100;190;10000000;10000000
5040;61,4582;0,1529;26,1742;12,4602;35,6;100;190;10000000;10000000
5041;61,4582;0,1529;26,1742;12,4602;35,6;100;190;10000000;10000000
5042;41,6541;0,1529;26,1742;12,4602;35,6;100;190;10000000;10000000
5043;56,8747;0,1529;26,1742;12,4602;35,6;100;190;10000000;10000000
5044;41,6541;0,1529;26,1742;12,4602;35,6;100;190;10000000;10000000
5045;23,8024;0,1529;26,1742;12,4602;35,6;100;190;10000000;10000000
5046;0;0,1529;26,1741;12,4602;35,6;100;190;10000000;10000000
5047;-65;0,1529;26,1741;12,4602;35,6;100;190;10000000;10000000
5048;-1;0,1529;26,1741;12,4602;35,6;100;190;10000000;10000000
5049;0;0,1529;26,1741;12,4602;35,6;100;190;10000000;10000000
5050;0;0,1529;26,1741;12,4602;35,6;100;190;10000000;10000000
5051;0;0,1529;26,1741;12,4602;35,6;100;190;10000000;10000000
5052;0;0,1529;26,174;12,4602;35,6;100;190;10000000;10000000
5053;0;0,1529;26,174;12,4602;35,6;100;190;10000000;10000000
5054;0;0,1529;26,174;12,4602;35,6;100;190;10000000;10000000
5055;0;0,1529;26,174;12,4603;35,6;100;190;10000000;10000000
5056;0;0,1529;26,174;12,4603;35,6;100;190;10000000;10000000
5057;59,5059;0,1529;26,1739;12,4603;35,6;100;190;10000000;10000000
5058;61,4582;0,1529;26,1739;12,4603;35,6;100;190;10000000;10000000
5059;61,4582;0,1529;26,1739;12,4603;35,6;100;190;10000000;10000000
5060;70,9676;0,1529;26,1739;12,4603;35,6;100;190;10000000;10000000
5061;74,1298;0,1529;26,1739;12,4603;35,6;100;190;10000000;10000000
5062;73,6797;0,1529;26,1739;12,4603;35,6;100;190;10000000;10000000
5063;76,3919;0,1529;26,1738;12,4603;35,6;100;190;10000000;10000000
5064;76,8247;0,1529;26,1738;12,4603;35,6;100;190;10000000;10000000
5065;71,0244;0,1529;26,1738;12,4603;35,6;100;190;10000000;10000000
5066;77,2304;0,1529;26,1738;12,4603;35,6;100;190;10000000;10000000
5067;78,874;0,1529;26,1738;12,4603;35,6;100;190;10000000;10000000
5068;78,874;0,1529;26,1738;12,4603;35,6;100;190;10000000;10000000
5069;78,9835;0,1529;26,1737;12,4603;35,6;100;190;10000000;10000000
5070;80,3201;0,1529;26,1737;12,4603;35,6;100;190;10000000;10000000
5071;79,1223;0,1529;26,1737;12,4603;35,6;100;190;10000000;10000000
5072;78,3497;0,1529;26,1737;12,4603;35,6;100;190;10000000;10000000
5073;77,581;0,1529;26,1737;12,4603;35,6;100;190;10000000;10000000
5074;66,8326;0,1529;26,1737;12,4603;35,6;100;190;10000000;10000000
5075;68,0857;0,1529;26,1736;12,4604;35,6;100;190;10000000;10000000
5076;68,0857;0,1529;26,1736;12,4604;35,6;100;190;10000000;10000000
5077;68,9557;0,1529;26,1736;12,4604;35,6;100;190;10000000;10000000
5078;75,6044;0,1529;26,1736;12,4604;35,6;100;190;10000000;10000000
5079;78,874;0,1529;26,1736;12,4604;35,6;100;190;10000000;10000000
5080;84,0873;0,1529;26,1735;12,4604;35,6;100;190;10000000;10000000
5081;90,6721;0,1529;26,1735;12,4604;35,6;100;190;10000000;10000000
5082;106,8561;0,1529;26,1735;12,4604;35,6;100;190;10000000;10000000
5083;106,8561;0,1529;26,1735;12,4604;35,6;100;190;10000000;10000000
5084;95,1147;0,1529;26,1735;12,4604;35,6;100;190;10000000;10000000
5085;86,0444;0,1529;26,1735;12,4604;35,6;100;190;10000000;10000000
5086;83,9718;0,1529;26,1734;12,4604;35,6;100;190;10000000;10000000
5087;83,4364;0,1529;26,1734;12,4604;35,6;100;190;10000000;10000000
5088;82,8055;0,1529;26,1734;12,4604;35,6;100;190;10000000;10000000
5089;81,8244;0,1529;26,1734;12,4604;35,6;100;190;10000000;10000000
5090;81,8244;0,1529;26,1734;12,4604;35,6;100;190;10000000;10000000
5091;81,8782;0,1529;26,1734;12,4604;35,6;100;190;10000000;10000000
5092;83,7673;0,1529;26,1733;12,4604;35,6;100;190;10000000;10000000
5093;83,9747;0,1529;26,1733;12,4604;35,6;100;190;10000000;10000000
5094;81,8244;0,1529;26,1733;12,4604;35,6;100;190;10000000;10000000
5095;79,125;0,1529;26,1733;12,4604;35,6;100;190;10000000;10000000
5096;78,8767;0,1529;26,1733;12,4605;35,6;100;190;10000000;10000000
5097;78,8767;0,1529;26,1733;12,4605;35,6;100;190;10000000;10000000
5098;78,8767;0,1529;26,1732;12,4605;35,6;100;190;10000000;10000000
5099;78,3499;0,1529;26,1732;12,4605;35,6;100;190;10000000;10000000
5100;78,3499;0,1529;26,1732;12,4605;35,6;100;190;10000000;10000000
5101;78,3499;0,1529;26,1732;12,4605;35,6;100;190;10000000;10000000
5102;78,8767;0,1529;26,1732;12,4605;35,6;100;190;10000000;10000000
5103;78,8767;0,1529;26,1732;12,4605;35,6;100;190;10000000;10000000
5104;82,9227;0,1529;26,1731;12,4605;35,6;100;190;10000000;10000000
5105;87,7726;0,1529;26,1731;12,4605;35,6;100;190;10000000;10000000
5106;90,7924;0,1529;26,1731;12,4605;35,6;100;190;10000000;10000000
5107;87,4474;0,1529;26,1731;12,4605;35,6;100;190;10000000;10000000
5108;86,0473;0,1529;26,1731;12,4605;35,6;100;190;10000000;10000000
5109;83,9747;0,1529;26,173;12,4605;35,6;100;190;10000000;10000000
5110;83,0337;0,1529;26,173;12,4605;35,6;100;190;10000000;10000000
5111;81,8244;0,1529;26,173;12,4605;35,6;100;190;10000000;10000000
5112;82,8083;0,1529;26,173;12,4605;35,6;100;190;10000000;10000000
5113;82,8083;0,1529;26,173;12,4605;35,6;100;190;10000000;10000000
5114;83,0558;0,1529;26,173;12,4605;35,6;100;190;10000000;10000000
5115;83,0558;0,1529;26,1729;12,4605;35,6;100;190;10000000;10000000
5116;84,4969;0,1529;26,1729;12,4606;35,6;100;190;10000000;10000000
5117;86,0503;0,1529;26,1729;12,4606;35,6;100;190;10000000;10000000
5118;84,1111;0,1529;26,1729;12,4606;35,6;100;190;10000000;10000000
5119;83,32;0,1529;26,1729;12,4606;35,6;100;190;10000000;10000000
5120;82,0248;0,1529;26,1729;12,4606;35,6;100;190;10000000;10000000
5121;81,5263;0,1529;26,1728;12,4606;35,6;100;190;10000000;10000000
5122;82,0248;0,1529;26,1728;12,4606;35,6;100;190;10000000;10000000
5123;82,0248;0,1529;26,1728;12,4606;35,6;100;190;10000000;10000000
5124;82,0248;0,1529;26,1728;12,4606;35,6;100;190;10000000;10000000
5125;82,4051;0,1529;26,1728;12,4606;35,6;100;190;10000000;10000000
5126;82,0248;0,1529;26,1728;12,4606;35,6;100;190;10000000;10000000
5127;83,1224;0,1529;26,1727;12,4606;35,6;100;190;10000000;10000000
5128;85,0162;0,1529;26,1727;12,4606;35,6;100;190;10000000;10000000
5129;96,7712;0,1529;26,1727;12,4606;35,6;100;190;10000000;10000000
5130;103,6921;0,1529;26,1727;12,4606;35,6;100;190;10000000;10000000
5131;104,2758;0,1529;26,1727;12,4606;35,6;100;190;10000000;10000000
5132;96,7712;0,1529;26,1727;12,4606;35,6;100;190;10000000;10000000
5133;92,3721;0,1529;26,1726;12,4606;35,6;100;190;10000000;10000000
5134;87,6807;0,1529;26,1726;12,4606;35,6;100;190;10000000;10000000
5135;86,1629;0,1529;26,1726;12,4606;35,6;100;190;10000000;10000000
5136;85,8721;0,1529;26,1726;12,4606;35,6;100;190;10000000;10000000
5137;85,1939;0,1529;26,1726;12,4607;35,6;100;190;10000000;10000000
5138;84,7309;0,1529;26,1726;12,4607;35,6;100;190;10000000;10000000
5139;85,9933;0,1529;26,1725;12,4607;35,6;100;190;10000000;10000000
5140;87,7787;0,1529;26,1725;12,4607;35,6;100;190;10000000;10000000
5141;89,4276;0,1529;26,1725;12,4607;35,6;100;190;10000000;10000000
5142;87,7052;0,1529;26,1725;12,4607;35,6;100;190;10000000;10000000
5143;86,9011;0,1529;26,1725;12,4607;35,6;100;190;10000000;10000000
5144;86,0532;0,1529;26,1724;12,4607;35,6;100;190;10000000;10000000
5145;84,2434;0,1529;26,1724;12,4607;35,6;100;190;10000000;10000000
5146;84,2434;0,1529;26,1724;12,4607;35,6;100;190;10000000;10000000
5147;84,2434;0,1529;26,1724;12,4607;35,6;100;190;10000000;10000000
5148;85,1939;0,1529;26,1724;12,4607;35,6;100;190;10000000;10000000
5149;85,1939;0,1529;26,1724;12,4607;35,6;100;190;10000000;10000000
5150;84,5053;0,1529;26,1723;12,4607;35,6;100;190;10000000;10000000
5151;86,0532;0,1529;26,1723;12,4607;35,6;100;190;10000000;10000000
5152;87,2167;0,1529;26,1723;12,4607;35,6;100;190;10000000;10000000
5153;109,1705;0,1529;26,1723;12,4607;35,6;100;190;10000000;10000000
5154;131,4702;0,1529;26,1723;12,4607;35,6;100;190;10000000;10000000
5155;131,4702;0,1529;26,1723;12,4607;35,6;100;190;10000000;10000000
5156;122,8962;0,1529;26,1722;12,4607;35,6;100;190;10000000;10000000
5157;107,1406;0,1529;26,1722;12,4607;35,6;100;190;10000000;10000000
5158;90,19;0,1529;26,1722;12,4608;35,6;100;190;10000000;10000000
5159;86,7688;0,1529;26,1722;12,4608;35,6;100;190;10000000;10000000
5160;86,7741;0,1529;26,1722;12,4608;35,6;100;190;10000000;10000000
5161;86,7741;0,1529;26,1722;12,4608;35,6;100;190;10000000;10000000
5162;87,1753;0,1529;26,1721;12,4608;35,6;100;190;10000000;10000000
5163;89,9723;0,1529;26,1721;12,4608;35,6;100;190;10000000;10000000
5164;93,8847;0,1529;26,1721;12,4608;35,6;100;190;10000000;10000000
5165;93,5015;0,1529;26,1721;12,4608;35,6;100;190;10000000;10000000
5166;86,0562;0,1529;26,1721;12,4608;35,6;100;190;10000000;10000000
5167;84,3858;0,1529;26,1721;12,4608;35,6;100;190;10000000;10000000
5168;82,9797;0,1529;26,172;12,4608;35,6;100;190;10000000;10000000
5169;81,6054;0,1529;26,172;12,4608;35,6;100;190;10000000;10000000
5170;81,0733;0,1529;26,172;12,4608;35,6;100;190;10000000;10000000
5171;81,4309;0,1529;26,172;12,4608;35,6;100;190;10000000;10000000
5172;79,9211;0,153;26,172;12,4608;35,6;100;190;10000000;10000000
5173;79,9211;0,153;26,172;12,4608;35,6;100;190;10000000;10000000
5174;79,9211;0,153;26,1719;12,4608;35,6;100;190;10000000;10000000
5175;81,9975;0,153;26,1719;12,4608;35,6;100;190;10000000;10000000
5176;86,2136;0,153;26,1719;12,4608;35,6;100;190;10000000;10000000
5177;106,8707;0,153;26,1719;12,4608;35,6;100;190;10000000;10000000
5178;120,21;0,153;26,1719;12,4609;35,6;100;190;10000000;10000000
5179;110,5562;0,153;26,1718;12,4609;35,6;100;190;10000000;10000000
5180;94,6226;0,153;26,1718;12,4609;35,6;100;190;10000000;10000000
5181;86,8473;0,153;26,1718;12,4609;35,6;100;190;10000000;10000000
5182;83,9834;0,153;26,1718;12,4609;35,6;100;190;10000000;10000000
5183;83,1281;0,153;26,1718;12,4609;35,6;100;190;10000000;10000000
5184;83,4709;0,153;26,1718;12,4609;35,6;100;190;10000000;10000000
5185;83,131;0,153;26,1717;12,4609;35,6;100;190;10000000;10000000
5186;83,131;0,153;26,1717;12,4609;35,6;100;190;10000000;10000000
5187;83,3532;0,153;26,1717;12,4609;35,6;100;190;10000000;10000000
5188;83,3532;0,153;26,1717;12,4609;35,6;100;190;10000000;10000000
5189;83,131;0,153;26,1717;12,4609;35,6;100;190;10000000;10000000
5190;81,0529;0,153;26,1717;12,4609;35,6;100;190;10000000;10000000
5191;78,8875;0,153;26,1716;12,4609;35,6;100;190;10000000;10000000
5192;78,3508;0,153;26,1716;12,4609;35,6;100;190;10000000;10000000
5193;78,3508;0,153;26,1716;12,4609;35,6;100;190;10000000;10000000
5194;78,3508;0,153;26,1716;12,4609;35,6;100;190;10000000;10000000
5195;78,3508;0,153;26,1716;12,4609;35,6;100;190;10000000;10000000
5196;78,3508;0,153;26,1716;12,4609;35,6;100;190;10000000;10000000
5197;78,3508;0,153;26,1715;12,4609;35,6;100;190;10000000;10000000
5198;78,3508;0,153;26,1715;12,4609;35,6;100;190;10000000;10000000
5199;78,3508;0,153;26,1715;12,461;35,6;100;190;10000000;10000000
5200;80,3339;0,153;26,1715;12,461;35,6;100;190;10000000;10000000
5201;86,0591;0,153;26,1715;12,461;35,6;100;190;10000000;10000000
5202;87,7847;0,153;26,1715;12,461;35,6;100;190;10000000;10000000
5203;86,674;0,153;26,1714;12,461;35,6;100;190;10000000;10000000
5204;84,7367;0,153;26,1714;12,461;35,6;100;190;10000000;10000000
5205;83,0643;0,153;26,1714;12,461;35,6;100;190;10000000;10000000
5206;81,7665;0,153;26,1714;12,461;35,6;100;190;10000000;10000000
5207;81,8894;0,153;26,1714;12,461;35,6;100;190;10000000;10000000
5208;82,4743;0,153;26,1714;12,461;35,6;100;190;10000000;10000000
5209;82,3653;0,153;26,1713;12,461;35,6;100;190;10000000;10000000
5210;81,5951;0,153;26,1713;12,461;35,6;100;190;10000000;10000000
5211;82,4164;0,153;26,1713;12,461;35,6;100;190;10000000;10000000
5212;82,8196;0,153;26,1713;12,461;35,6;100;190;10000000;10000000
5213;80,3608;0,153;26,1713;12,461;35,6;100;190;10000000;10000000
5214;78,8902;0,153;26,1712;12,461;35,6;100;190;10000000;10000000
5215;61,4729;0,153;26,1712;12,461;35,6;100;190;10000000;10000000
5216;57,1543;0,153;26,1712;12,461;35,6;100;190;10000000;10000000
5217;61,4729;0,153;26,1712;12,461;35,6;100;190;10000000;10000000
5218;61,4729;0,153;26,1712;12,461;35,6;100;190;10000000;10000000
5219;61,4729;0,153;26,1712;12,461;35,6;100;190;10000000;10000000
5220;61,4729;0,153;26,1711;12,4611;35,6;100;190;10000000;10000000
5221;61,4729;0,153;26,1711;12,4611;35,6;100;190;10000000;10000000
5222;60,2718;0,153;26,1711;12,4611;35,6;100;190;10000000;10000000
5223;61,4729;0,153;26,1711;12,4611;35,6;100;190;10000000;10000000
5224;73,8448;0,153;26,1711;12,4611;35,6;100;190;10000000;10000000
5225;81,0789;0,153;26,1711;12,4611;35,6;100;190;10000000;10000000
5226;82,4743;0,153;26,171;12,4611;35,6;100;190;10000000;10000000
5227;82,9369;0,153;26,171;12,4611;35,6;100;190;10000000;10000000
5228;82,8196;0,153;26,171;12,4611;35,6;100;190;10000000;10000000
5229;82,4164;0,153;26,171;12,4611;35,6;100;190;10000000;10000000
5230;81,705;0,153;26,171;12,4611;35,6;100;190;10000000;10000000
5231;82,4164;0,153;26,171;12,4611;35,6;100;190;10000000;10000000
5232;82,4192;0,153;26,1709;12,4611;35,6;100;190;10000000;10000000
5233;82,4746;0,153;26,1709;12,4611;35,6;100;190;10000000;10000000
5234;82,9397;0,153;26,1709;12,4611;35,6;100;190;10000000;10000000
5235;83,4763;0,153;26,1709;12,4611;35,6;100;190;10000000;10000000
5236;84,1074;0,153;26,1709;12,4611;35,6;100;190;10000000;10000000
5237;84,7425;0,153;26,1709;12,4611;35,6;100;190;10000000;10000000
5238;84,3239;0,153;26,1708;12,4611;35,6;100;190;10000000;10000000
5239;81,8412;0,153;26,1708;12,4611;35,6;100;190;10000000;10000000
5240;79,6894;0,153;26,1708;12,4611;35,6;100;190;10000000;10000000
5241;79,1684;0,153;26,1708;12,4612;35,6;100;190;10000000;10000000
5242;79,6738;0,153;26,1708;12,4612;35,6;100;190;10000000;10000000
5243;79,9294;0,153;26,1708;12,4612;35,6;100;190;10000000;10000000
5244;79,2894;0,153;26,1707;12,4612;35,6;100;190;10000000;10000000
5245;80,3393;0,153;26,1707;12,4612;35,6;100;190;10000000;10000000
5246;79,9294;0,153;26,1707;12,4612;35,6;100;190;10000000;10000000
5247;81,8412;0,153;26,1707;12,4612;35,6;100;190;10000000;10000000
5248;84,5114;0,153;26,1707;12,4612;35,6;100;190;10000000;10000000
5249;95,2606;0,153;26,1707;12,4612;35,6;100;190;10000000;10000000
5250;96,7877;0,153;26,1706;12,4612;35,6;100;190;10000000;10000000
5251;96,7877;0,153;26,1706;12,4612;35,6;100;190;10000000;10000000
5252;96,7877;0,153;26,1706;12,4612;35,6;100;190;10000000;10000000
5253;90,2073;0,153;26,1706;12,4612;35,6;100;190;10000000;10000000
5254;87,4173;0,153;26,1706;12,4612;35,6;100;190;10000000;10000000
5255;86,913;0,153;26,1705;12,4612;35,6;100;190;10000000;10000000
5256;86,008;0,153;26,1705;12,4612;35,6;100;190;10000000;10000000
5257;86,008;0,153;26,1705;12,4612;35,6;100;190;10000000;10000000
5258;86,1806;0,153;26,1705;12,4612;35,6;100;190;10000000;10000000
5259;87,4203;0,153;26,1705;12,4612;35,6;100;190;10000000;10000000
5260;92,3752;0,153;26,1705;12,4612;35,6;100;190;10000000;10000000
5261;99,4918;0,153;26,1704;12,4613;35,6;100;190;10000000;10000000
5262;88,8347;0,153;26,1704;12,4613;35,6;100;190;10000000;10000000
5263;86,604;0,153;26,1704;12,4613;35,6;100;190;10000000;10000000
5264;86,068;0,153;26,1704;12,4613;35,6;100;190;10000000;10000000
5265;86,068;0,153;26,1704;12,4613;35,6;100;190;10000000;10000000
5266;86,068;0,153;26,1704;12,4613;35,6;100;190;10000000;10000000
5267;86,068;0,153;26,1703;12,4613;35,6;100;190;10000000;10000000
5268;84,9731;0,153;26,1703;12,4613;35,6;100;190;10000000;10000000
5269;86,068;0,153;26,1703;12,4613;35,6;100;190;10000000;10000000
5270;86,068;0,153;26,1703;12,4613;35,6;100;190;10000000;10000000
5271;86,4552;0,153;26,1703;12,4613;35,6;100;190;10000000;10000000
5272;106,8854;0,153;26,1703;12,4613;35,6;100;190;10000000;10000000
5273;118,2884;0,153;26,1702;12,4613;35,6;100;190;10000000;10000000
5274;123,7611;0,153;26,1702;12,4613;35,6;100;190;10000000;10000000
5275;112,9696;0,153;26,1702;12,4613;35,6;100;190;10000000;10000000
5276;102,5416;0,153;26,1702;12,4613;35,6;100;190;10000000;10000000
5277;96,7911;0,153;26,1702;12,4613;35,6;100;190;10000000;10000000
5278;94,6355;0,153;26,1702;12,4613;35,6;100;190;10000000;10000000
5279;90,85;0,153;26,1701;12,4613;35,6;100;190;10000000;10000000
5280;89,7468;0,153;26,1701;12,4613;35,6;100;190;10000000;10000000
5281;89,7468;0,153;26,1701;12,4613;35,6;100;190;10000000;10000000
5282;90,8532;0,153;26,1701;12,4614;35,6;100;190;10000000;10000000
5283;97,2267;0,153;26,1701;12,4614;35,6;100;190;10000000;10000000
5284;108,1345;0,153;26,1701;12,4614;35,6;100;190;10000000;10000000
5285;112,1857;0,153;26,17;12,4614;35,6;100;190;10000000;10000000
5286;96,9123;0,153;26,17;12,4614;35,6;100;190;10000000;10000000
5287;88,8378;0,153;26,17;12,4614;35,6;100;190;10000000;10000000
5288;87,4493;0,153;26,17;12,4614;35,6;100;190;10000000;10000000
5289;87,4157;0,153;26,17;12,4614;35,6;100;190;10000000;10000000
5290;86,4907;0,153;26,1699;12,4614;35,6;100;190;10000000;10000000
5291;87,4157;0,153;26,1699;12,4614;35,6;100;190;10000000;10000000
5292;87,4157;0,153;26,1699;12,4614;35,6;100;190;10000000;10000000
5293;86,0709;0,153;26,1699;12,4614;35,6;100;190;10000000;10000000
5294;85,1182;0,153;26,1699;12,4614;35,6;100;190;10000000;10000000
5295;87,3156;0,153;26,1699;12,4614;35,6;100;190;10000000;10000000
5296;108,1345;0,153;26,1698;12,4614;35,6;100;190;10000000;10000000
5297;131,4972;0,153;26,1698;12,4614;35,6;100;190;10000000;10000000
5298;131,4972;0,153;26,1698;12,4614;35,6;100;190;10000000;10000000
5299;131,4972;0,153;26,1698;12,4614;35,6;100;190;10000000;10000000
5300;102,5614;0,153;26,1698;12,4614;35,6;100;190;10000000;10000000
5301;107,2556;0,153;26,1698;12,4614;35,6;100;190;10000000;10000000
5302;94,6388;0,153;26,1697;12,4614;35,6;100;190;10000000;10000000
5303;91,5829;0,153;26,1697;12,4615;35,6;100;190;10000000;10000000
5304;90,2713;0,153;26,1697;12,4615;35,6;100;190;10000000;10000000
5305;90,5855;0,153;26,1697;12,4615;35,6;100;190;10000000;10000000
5306;90,5855;0,153;26,1697;12,4615;35,6;100;190;10000000;10000000
5307;92,27;0,153;26,1697;12,4615;35,6;100;190;10000000;10000000
5308;110,2711;0,153;26,1696;12,4615;35,6;100;190;10000000;10000000
5309;112,1896;0,153;26,1696;12,4615;35,6;100;190;10000000;10000000
5310;106,8927;0,153;26,1696;12,4615;35,6;100;190;10000000;10000000
5311;88,6968;0,153;26,1696;12,4615;35,6;100;190;10000000;10000000
5312;87,1223;0,153;26,1696;12,4615;35,6;100;190;10000000;10000000
5313;86,0739;0,153;26,1696;12,4615;35,6;100;190;10000000;10000000
5314;86,0739;0,153;26,1695;12,4615;35,6;100;190;10000000;10000000
5315;86,0739;0,153;26,1695;12,4615;35,6;100;190;10000000;10000000
5316;86,0739;0,153;26,1695;12,4615;35,6;100;190;10000000;10000000
5317;86,0739;0,153;26,1695;12,4615;35,6;100;190;10000000;10000000
5318;86,0739;0,153;26,1695;12,4615;35,6;100;190;10000000;10000000
5319;87,1223;0,153;26,1695;12,4615;35,6;100;190;10000000;10000000
5320;101,792;0,153;26,1694;12,4615;35,6;100;190;10000000;10000000
5321;131,158;0,153;26,1694;12,4615;35,6;100;190;10000000;10000000
5322;131,5017;0,153;26,1694;12,4615;35,6;100;190;10000000;10000000
5323;131,5017;0,153;26,1694;12,4616;35,6;100;190;10000000;10000000
5324;108,1345;0,153;26,1694;12,4616;35,6;100;190;10000000;10000000
5325;96,7977;0,153;26,1693;12,4616;35,6;100;190;10000000;10000000
5326;89,449;0,153;26,1693;12,4616;35,6;100;190;10000000;10000000
5327;89,449;0,153;26,1693;12,4616;35,6;100;190;10000000;10000000
5328;88,7751;0,153;26,1693;12,4616;35,6;100;190;10000000;10000000
5329;87,4498;0,153;26,1693;12,4616;35,6;100;190;10000000;10000000
5330;87,4498;0,153;26,1693;12,4616;35,6;100;190;10000000;10000000
5331;87,4498;0,153;26,1692;12,4616;35,6;100;190;10000000;10000000
5332;90,3219;0,153;26,1692;12,4616;35,6;100;190;10000000;10000000
5333;90,3219;0,153;26,1692;12,4616;35,6;100;190;10000000;10000000
5334;91,9253;0,153;26,1692;12,4616;35,6;100;190;10000000;10000000
5335;84,069;0,153;26,1692;12,4616;35,6;100;190;10000000;10000000
5336;78,9037;0,153;26,1692;12,4616;35,6;100;190;10000000;10000000
5337;78,5645;0,153;26,1691;12,4616;35,6;100;190;10000000;10000000
5338;70,2887;0,153;26,1691;12,4616;35,6;100;190;10000000;10000000
5339;68,5943;0,153;26,1691;12,4616;35,6;100;190;10000000;10000000
5340;65,2234;0,153;26,1691;12,4616;35,6;100;190;10000000;10000000
5341;78,3521;0,153;26,1691;12,4616;35,6;100;190;10000000;10000000
5342;78,3521;0,153;26,1691;12,4616;35,6;100;190;10000000;10000000
5343;78,3521;0,153;26,169;12,4616;35,6;100;190;10000000;10000000
5344;80,7018;0,153;26,169;12,4617;35,6;100;190;10000000;10000000
5345;87,3215;0,153;26,169;12,4617;35,6;100;190;10000000;10000000
5346;92,3847;0,153;26,169;12,4617;35,6;100;190;10000000;10000000
5347;89,4521;0,153;26,169;12,4617;35,6;100;190;10000000;10000000
5348;87,0606;0,153;26,169;12,4617;35,6;100;190;10000000;10000000
5349;83,3703;0,153;26,1689;12,4617;35,6;100;190;10000000;10000000
5350;80,7018;0,153;26,1689;12,4617;35,6;100;190;10000000;10000000
5351;78,9037;0,153;26,1689;12,4617;35,6;100;190;10000000;10000000
5352;79,241;0,153;26,1689;12,4617;35,6;100;190;10000000;10000000
5353;78,9064;0,153;26,1689;12,4617;35,6;100;190;10000000;10000000
5354;79,1548;0,153;26,1689;12,4617;35,6;100;190;10000000;10000000
5355;79,1548;0,153;26,1688;12,4617;35,6;100;190;10000000;10000000
5356;78,9064;0,153;26,1688;12,4617;35,6;100;190;10000000;10000000
5357;78,9064;0,153;26,1688;12,4617;35,6;100;190;10000000;10000000
5358;61,4855;0,153;26,1688;12,4617;35,6;100;190;10000000;10000000
5359;61,4855;0,153;26,1688;12,4617;35,6;100;190;10000000;10000000
5360;61,4855;0,153;26,1687;12,4617;35,6;100;190;10000000;10000000
5361;61,4855;0,153;26,1687;12,4617;35,6;100;190;10000000;10000000
5362;61,4855;0,153;26,1687;12,4617;35,6;100;190;10000000;10000000
5363;61,4855;0,153;26,1687;12,4617;35,6;100;190;10000000;10000000
5364;61,4855;0,153;26,1687;12,4617;35,6;100;190;10000000;10000000
5365;48,7722;0,153;26,1687;12,4618;35,6;100;190;10000000;10000000
5366;19,1441;0,153;26,1686;12,4618;35,6;100;190;10000000;10000000
5367;59,6638;0,153;26,1686;12,4618;35,6;100;190;10000000;10000000
5368;61,4855;0,153;26,1686;12,4618;35,6;100;190;10000000;10000000
5369;78,9064;0,153;26,1686;12,4618;35,6;100;190;10000000;10000000
5370;81,7217;0,153;26,1686;12,4618;35,6;100;190;10000000;10000000
5371;81,7589;0,153;26,1686;12,4618;35,6;100;190;10000000;10000000
5372;81,0545;0,153;26,1685;12,4618;35,6;100;190;10000000;10000000
5373;78,9064;0,153;26,1685;12,4618;35,6;100;190;10000000;10000000
5374;78,9064;0,153;26,1685;12,4618;35,6;100;190;10000000;10000000
5375;78,9064;0,153;26,1685;12,4618;35,6;100;190;10000000;10000000
5376;78,9091;0,153;26,1685;12,4618;35,6;100;190;10000000;10000000
5377;78,9091;0,153;26,1685;12,4618;35,6;100;190;10000000;10000000
5378;78,9091;0,153;26,1684;12,4618;35,6;100;190;10000000;10000000
5379;78,9091;0,153;26,1684;12,4618;35,6;100;190;10000000;10000000
5380;78,9091;0,153;26,1684;12,4618;35,6;100;190;10000000;10000000
5381;78,3866;0,153;26,1684;12,4618;35,6;100;190;10000000;10000000
5382;62,1438;0,153;26,1684;12,4618;35,6;100;190;10000000;10000000
5383;61,9141;0,153;26,1684;12,4618;35,6;100;190;10000000;10000000
5384;61,9141;0,153;26,1683;12,4618;35,6;100;190;10000000;10000000
5385;61,9141;0,153;26,1683;12,4618;35,6;100;190;10000000;10000000
5386;68,6855;0,153;26,1683;12,4619;35,6;100;190;10000000;10000000
5387;61,4876;0,153;26,1683;12,4619;35,6;100;190;10000000;10000000
5388;61,4876;0,153;26,1683;12,4619;35,6;100;190;10000000;10000000
5389;61,4876;0,153;26,1683;12,4619;35,6;100;190;10000000;10000000
5390;61,4876;0,153;26,1682;12,4619;35,6;100;190;10000000;10000000
5391;61,4876;0,153;26,1682;12,4619;35,6;100;190;10000000;10000000
5392;78,9091;0,153;26,1682;12,4619;35,6;100;190;10000000;10000000
5393;81,7245;0,153;26,1682;12,4619;35,6;100;190;10000000;10000000
5394;83,5329;0,153;26,1682;12,4619;35,6;100;190;10000000;10000000
5395;85,7035;0,153;26,1681;12,4619;35,6;100;190;10000000;10000000
5396;85,7035;0,153;26,1681;12,4619;35,6;100;190;10000000;10000000
5397;84,0092;0,153;26,1681;12,4619;35,6;100;190;10000000;10000000
5398;83,5329;0,153;26,1681;12,4619;35,6;100;190;10000000;10000000
5399;83,376;0,153;26,1681;12,4619;35,6;100;190;10000000;10000000
5400;83,3788;0,153;26,1681;12,4619;35,6;100;190;10000000;10000000
5401;83,3788;0,153;26,168;12,4619;35,6;100;190;10000000;10000000
5402;83,3788;0,153;26,168;12,4619;35,6;100;190;10000000;10000000
5403;83,5357;0,153;26,168;12,4619;35,6;100;190;10000000;10000000
5404;86,1983;0,153;26,168;12,4619;35,6;100;190;10000000;10000000
5405;86,1983;0,153;26,168;12,4619;35,6;100;190;10000000;10000000
5406;84,5317;0,153;26,168;12,462;35,6;100;190;10000000;10000000
5407;81,7916;0,153;26,1679;12,462;35,6;100;190;10000000;10000000
5408;79,7085;0,153;26,1679;12,462;35,6;100;190;10000000;10000000
5409;79,9485;0,153;26,1679;12,462;35,6;100;190;10000000;10000000
5410;78,9118;0,153;26,1679;12,462;35,6;100;190;10000000;10000000
5411;78,9118;0,153;26,1679;12,462;35,6;100;190;10000000;10000000
5412;78,9118;0,153;26,1679;12,462;35,6;100;190;10000000;10000000
5413;78,9118;0,153;26,1678;12,462;35,6;100;190;10000000;10000000
5414;78,9118;0,153;26,1678;12,462;35,6;100;190;10000000;10000000
5415;78,9118;0,153;26,1678;12,462;35,6;100;190;10000000;10000000
5416;84,6355;0,153;26,1678;12,462;35,6;100;190;10000000;10000000
5417;109,2237;0,153;26,1678;12,462;35,6;100;190;10000000;10000000
5418;131,6384;0,153;26,1678;12,462;35,6;100;190;10000000;10000000
5419;131,6384;0,153;26,1677;12,462;35,6;100;190;10000000;10000000
5420;116,8795;0,153;26,1677;12,462;35,6;100;190;10000000;10000000
5421;98,4249;0,153;26,1677;12,462;35,6;100;190;10000000;10000000
5422;84,753;0,153;26,1677;12,462;35,6;100;190;10000000;10000000
5423;82,439;0,153;26,1677;12,462;35,6;100;190;10000000;10000000
5424;81,1039;0,153;26,1677;12,462;35,6;100;190;10000000;10000000
5425;79,9513;0,153;26,1676;12,462;35,6;100;190;10000000;10000000
5426;81,1039;0,153;26,1676;12,462;35,6;100;190;10000000;10000000
5427;81,1039;0,153;26,1676;12,4621;35,6;100;190;10000000;10000000
5428;79,9513;0,153;26,1676;12,4621;35,6;100;190;10000000;10000000
5429;78,9145;0,153;26,1676;12,4621;35,6;100;190;10000000;10000000
5430;78,3919;0,153;26,1675;12,4621;35,6;100;190;10000000;10000000
5431;61,4918;0,153;26,1675;12,4621;35,6;100;190;10000000;10000000
5432;44,9953;0,153;26,1675;12,4621;35,6;100;190;10000000;10000000
5433;41,802;0,153;26,1675;12,4621;35,6;100;190;10000000;10000000
5434;44,9953;0,153;26,1675;12,4621;35,6;100;190;10000000;10000000
5435;41,802;0,153;26,1675;12,4621;35,6;100;190;10000000;10000000
5436;31,9483;0,153;26,1674;12,4621;35,6;100;190;10000000;10000000
5437;7,9871;0,153;26,1674;12,4621;35,6;100;190;10000000;10000000
5438;0;0,153;26,1674;12,4621;35,6;100;190;10000000;10000000
5439;0;0,153;26,1674;12,4621;35,6;100;190;10000000;10000000
5440;61,4918;0,153;26,1674;12,4621;35,6;100;190;10000000;10000000
5441;78,9145;0,153;26,1674;12,4621;35,6;100;190;10000000;10000000
5442;80,193;0,153;26,1673;12,4621;35,6;100;190;10000000;10000000
5443;79,9512;0,153;26,1673;12,4621;35,6;100;190;10000000;10000000
5444;78,9145;0,153;26,1673;12,4621;35,6;100;190;10000000;10000000
5445;61,4918;0,153;26,1673;12,4621;35,6;100;190;10000000;10000000
5446;61,4918;0,153;26,1673;12,4621;35,6;100;190;10000000;10000000
5447;61,4918;0,153;26,1673;12,4621;35,6;100;190;10000000;10000000
5448;65,2061;0,153;26,1672;12,4622;35,6;100;190;10000000;10000000
5449;66,7108;0,153;26,1672;12,4622;35,6;100;190;10000000;10000000
5450;78,3532;0,153;26,1672;12,4622;35,6;100;190;10000000;10000000
5451;78,9172;0,153;26,1672;12,4622;35,6;100;190;10000000;10000000
5452;81,5654;0,153;26,1672;12,4622;35,6;100;190;10000000;10000000
5453;81,5654;0,153;26,1672;12,4622;35,6;100;190;10000000;10000000
5454;78,9172;0,153;26,1671;12,4622;35,6;100;190;10000000;10000000
5455;61,494;0,153;26,1671;12,4622;35,6;100;190;10000000;10000000
5456;61,494;0,153;26,1671;12,4622;35,6;100;190;10000000;10000000
5457;61,494;0,153;26,1671;12,4622;35,6;100;190;10000000;10000000
5458;61,494;0,153;26,1671;12,4622;35,6;100;190;10000000;10000000
5459;61,494;0,153;26,1671;12,4622;35,6;100;190;10000000;10000000
5460;61,494;0,153;26,167;12,4622;35,6;100;190;10000000;10000000
5461;61,494;0,153;26,167;12,4622;35,6;100;190;10000000;10000000
5462;61,494;0,153;26,167;12,4622;35,6;100;190;10000000;10000000
5463;61,494;0,153;26,167;12,4622;35,6;100;190;10000000;10000000
5464;78,3946;0,153;26,167;12,4622;35,6;100;190;10000000;10000000
5465;80,6565;0,153;26,167;12,4622;35,6;100;190;10000000;10000000
5466;83,5414;0,153;26,1669;12,4622;35,6;100;190;10000000;10000000
5467;83,6707;0,153;26,1669;12,4622;35,6;100;190;10000000;10000000
5468;83,3846;0,153;26,1669;12,4623;35,6;100;190;10000000;10000000
5469;81,7598;0,153;26,1669;12,4623;35,6;100;190;10000000;10000000
5470;80,2536;0,153;26,1669;12,4623;35,6;100;190;10000000;10000000
5471;80,1958;0,153;26,1668;12,4623;35,6;100;190;10000000;10000000
5472;80,3632;0,153;26,1668;12,4623;35,6;100;190;10000000;10000000
5473;81,5682;0,153;26,1668;12,4623;35,6;100;190;10000000;10000000
5474;81,727;0,153;26,1668;12,4623;35,6;100;190;10000000;10000000
5475;81,8693;0,153;26,1668;12,4623;35,6;100;190;10000000;10000000
5476;84,681;0,153;26,1668;12,4623;35,6;100;190;10000000;10000000
5477;86,0345;0,153;26,1667;12,4623;35,6;100;190;10000000;10000000
5478;84,0207;0,153;26,1667;12,4623;35,6;100;190;10000000;10000000
5479;79,1683;0,153;26,1667;12,4623;35,6;100;190;10000000;10000000
5480;78,9199;0,153;26,1667;12,4623;35,6;100;190;10000000;10000000
5481;78,3534;0,153;26,1667;12,4623;35,6;100;190;10000000;10000000
5482;78,3534;0,153;26,1667;12,4623;35,6;100;190;10000000;10000000
5483;77,6482;0,153;26,1666;12,4623;35,6;100;190;10000000;10000000
5484;77,6262;0,153;26,1666;12,4623;35,6;100;190;10000000;10000000
5485;77,6262;0,153;26,1666;12,4623;35,6;100;190;10000000;10000000
5486;78,3534;0,153;26,1666;12,4623;35,6;100;190;10000000;10000000
5487;78,773;0,153;26,1666;12,4623;35,6;100;190;10000000;10000000
5488;81,7357;0,153;26,1666;12,4623;35,6;100;190;10000000;10000000
5489;84,5403;0,153;26,1665;12,4624;35,6;100;190;10000000;10000000
5490;87,3395;0,153;26,1665;12,4624;35,6;100;190;10000000;10000000
5491;86,2071;0,153;26,1665;12,4624;35,6;100;190;10000000;10000000
5492;85,7152;0,153;26,1665;12,4624;35,6;100;190;10000000;10000000
5493;83,5443;0,153;26,1665;12,4624;35,6;100;190;10000000;10000000
5494;82,9681;0,153;26,1665;12,4624;35,6;100;190;10000000;10000000
5495;81,76;0,153;26,1664;12,4624;35,6;100;190;10000000;10000000
5496;81,7603;0,153;26,1664;12,4624;35,6;100;190;10000000;10000000
5497;81,8474;0,153;26,1664;12,4624;35,6;100;190;10000000;10000000
5498;81,7603;0,153;26,1664;12,4624;35,6;100;190;10000000;10000000
5499;82,4503;0,153;26,1664;12,4624;35,6;100;190;10000000;10000000
5500;84,0201;0,153;26,1664;12,4624;35,6;100;190;10000000;10000000
5501;84,0236;0,153;26,1663;12,4624;35,6;100;190;10000000;10000000
5502;81,4699;0,153;26,1663;12,4624;35,6;100;190;10000000;10000000
5503;79,171;0,153;26,1663;12,4624;35,6;100;190;10000000;10000000
5504;78,9226;0,153;26,1663;12,4624;35,6;100;190;10000000;10000000
5505;78,3853;0,153;26,1663;12,4624;35,6;100;190;10000000;10000000
5506;77,6764;0,153;26,1662;12,4624;35,6;100;190;10000000;10000000
5507;77,6764;0,153;26,1662;12,4624;35,6;100;190;10000000;10000000
5508;78,3536;0,153;26,1662;12,4624;35,6;100;190;10000000;10000000
5509;78,3536;0,153;26,1662;12,4624;35,6;100;190;10000000;10000000
5510;78,3536;0,153;26,1662;12,4625;35,6;100;190;10000000;10000000
5511;78,9226;0,153;26,1662;12,4625;35,6;100;190;10000000;10000000
5512;84,3577;0,153;26,1661;12,4625;35,6;100;190;10000000;10000000
5513;112,2203;0,153;26,1661;12,4625;35,6;100;190;10000000;10000000
5514;132,0228;0,153;26,1661;12,4625;35,6;100;190;10000000;10000000
5515;131,5377;0,153;26,1661;12,4625;35,6;100;190;10000000;10000000
5516;128,7652;0,153;26,1661;12,4625;35,6;100;190;10000000;10000000
5517;101,6127;0,153;26,1661;12,4625;35,6;100;190;10000000;10000000
5518;87,8237;0,153;26,166;12,4625;35,6;100;190;10000000;10000000
5519;86,3128;0,153;26,166;12,4625;35,6;100;190;10000000;10000000
5520;85,0687;0,153;26,166;12,4625;35,6;100;190;10000000;10000000
5521;84,5461;0,153;26,166;12,4625;35,6;100;190;10000000;10000000
5522;83,55;0,153;26,166;12,4625;35,6;100;190;10000000;10000000
5523;83,55;0,153;26,166;12,4625;35,6;100;190;10000000;10000000
5524;83,3931;0,153;26,1659;12,4625;35,6;100;190;10000000;10000000
5525;81,5738;0,153;26,1659;12,4625;35,6;100;190;10000000;10000000
5526;78,9253;0,153;26,1659;12,4625;35,6;100;190;10000000;10000000
5527;78,3538;0,153;26,1659;12,4625;35,6;100;190;10000000;10000000
5528;61,5003;0,153;26,1659;12,4625;35,6;100;190;10000000;10000000
5529;61,5003;0,153;26,1659;12,4625;35,6;100;190;10000000;10000000
5530;61,5003;0,153;26,1658;12,4625;35,6;100;190;10000000;10000000
5531;61,5003;0,153;26,1658;12,4626;35,6;100;190;10000000;10000000
5532;61,5003;0,1531;26,1658;12,4626;35,6;100;190;10000000;10000000
5533;61,5003;0,1531;26,1658;12,4626;35,6;100;190;10000000;10000000
5534;61,5003;0,1531;26,1658;12,4626;35,6;100;190;10000000;10000000
5535;61,5003;0,1531;26,1658;12,4626;35,6;100;190;10000000;10000000
5536;79,3219;0,1531;26,1657;12,4626;35,6;100;190;10000000;10000000
5537;84,7919;0,1531;26,1657;12,4626;35,6;100;190;10000000;10000000
5538;86,1004;0,1531;26,1657;12,4626;35,6;100;190;10000000;10000000
5539;84,0764;0,1531;26,1657;12,4626;35,6;100;190;10000000;10000000
5540;81,5738;0,1531;26,1657;12,4626;35,6;100;190;10000000;10000000
5541;78,9253;0,1531;26,1656;12,4626;35,6;100;190;10000000;10000000
5542;78,9253;0,1531;26,1656;12,4626;35,6;100;190;10000000;10000000
5543;78,3538;0,1531;26,1656;12,4626;35,6;100;190;10000000;10000000
5544;78,1233;0,1531;26,1656;12,4626;35,6;100;190;10000000;10000000
5545;78,1233;0,1531;26,1656;12,4626;35,6;100;190;10000000;10000000
5546;61,5024;0,1531;26,1656;12,4626;35,6;100;190;10000000;10000000
5547;61,5024;0,1531;26,1655;12,4626;35,6;100;190;10000000;10000000
5548;61,5024;0,1531;26,1655;12,4626;35,6;100;190;10000000;10000000
5549;61,5024;0,1531;26,1655;12,4626;35,6;100;190;10000000;10000000
5550;51,3659;0,1531;26,1655;12,4626;35,6;100;190;10000000;10000000
5551;0;0,1531;26,1655;12,4627;35,6;100;190;10000000;10000000
5552;0;0,1531;26,1655;12,4627;35,6;100;190;10000000;10000000
5553;0;0,1531;26,1654;12,4627;35,6;100;190;10000000;10000000
5554;0;0,1531;26,1654;12,4627;35,6;100;190;10000000;10000000
5555;0;0,1531;26,1654;12,4627;35,6;100;190;10000000;10000000
5556;0;0,1531;26,1654;12,4627;35,6;100;190;10000000;10000000
5557;0;0,1531;26,1654;12,4627;35,6;100;190;10000000;10000000
5558;0;0,1531;26,1654;12,4627;35,6;100;190;10000000;10000000
5559;0;0,1531;26,1653;12,4627;35,6;100;190;10000000;10000000
5560;39,1838;0,1531;26,1653;12,4627;35,6;100;190;10000000;10000000
5561;61,5024;0,1531;26,1653;12,4627;35,6;100;190;10000000;10000000
5562;78,4053;0,1531;26,1653;12,4627;35,6;100;190;10000000;10000000
5563;78,928;0,1531;26,1653;12,4627;35,6;100;190;10000000;10000000
5564;80,3751;0,1531;26,1653;12,4627;35,6;100;190;10000000;10000000
5565;80,3751;0,1531;26,1652;12,4627;35,6;100;190;10000000;10000000
5566;78,928;0,1531;26,1652;12,4627;35,6;100;190;10000000;10000000
5567;79,0376;0,1531;26,1652;12,4627;35,6;100;190;10000000;10000000
5568;80,2095;0,1531;26,1652;12,4627;35,6;100;190;10000000;10000000
5569;80,3779;0,1531;26,1652;12,4627;35,6;100;190;10000000;10000000
5570;81,637;0,1531;26,1652;12,4627;35,6;100;190;10000000;10000000
5571;82,9206;0,1531;26,1651;12,4627;35,6;100;190;10000000;10000000
5572;84,6875;0,1531;26,1651;12,4628;35,6;100;190;10000000;10000000
5573;86,1063;0,1531;26,1651;12,4628;35,6;100;190;10000000;10000000
5574;86,1063;0,1531;26,1651;12,4628;35,6;100;190;10000000;10000000
5575;83,085;0,1531;26,1651;12,4628;35,6;100;190;10000000;10000000
5576;81,4783;0,1531;26,165;12,4628;35,6;100;190;10000000;10000000
5577;81,1512;0,1531;26,165;12,4628;35,6;100;190;10000000;10000000
5578;81,6529;0,1531;26,165;12,4628;35,6;100;190;10000000;10000000
5579;80,9402;0,1531;26,165;12,4628;35,6;100;190;10000000;10000000
5580;81,6529;0,1531;26,165;12,4628;35,6;100;190;10000000;10000000
5581;81,4783;0,1531;26,165;12,4628;35,6;100;190;10000000;10000000
5582;82,9795;0,1531;26,1649;12,4628;35,6;100;190;10000000;10000000
5583;81,7469;0,1531;26,1649;12,4628;35,6;100;190;10000000;10000000
5584;86,1063;0,1531;26,1649;12,4628;35,6;100;190;10000000;10000000
5585;94,3354;0,1531;26,1649;12,4628;35,6;100;190;10000000;10000000
5586;104,2244;0,1531;26,1649;12,4628;35,6;100;190;10000000;10000000
5587;96,8342;0,1531;26,1649;12,4628;35,6;100;190;10000000;10000000
5588;98,5811;0,1531;26,1648;12,4628;35,6;100;190;10000000;10000000
5589;87,5991;0,1531;26,1648;12,4628;35,6;100;190;10000000;10000000
5590;86,1063;0,1531;26,1648;12,4628;35,6;100;190;10000000;10000000
5591;86,5262;0,1531;26,1648;12,4628;35,6;100;190;10000000;10000000
5592;85,049;0,1531;26,1648;12,4628;35,6;100;190;10000000;10000000
5593;84,5548;0,1531;26,1648;12,4629;35,6;100;190;10000000;10000000
5594;85,049;0,1531;26,1647;12,4629;35,6;100;190;10000000;10000000
5595;86,2219;0,1531;26,1647;12,4629;35,6;100;190;10000000;10000000
5596;90,8936;0,1531;26,1647;12,4629;35,6;100;190;10000000;10000000
5597;95,6077;0,1531;26,1647;12,4629;35,6;100;190;10000000;10000000
5598;94,6809;0,1531;26,1647;12,4629;35,6;100;190;10000000;10000000
5599;87,4524;0,1531;26,1647;12,4629;35,6;100;190;10000000;10000000
5600;86,1092;0,1531;26,1646;12,4629;35,6;100;190;10000000;10000000
5601;86,1092;0,1531;26,1646;12,4629;35,6;100;190;10000000;10000000
5602;86,1092;0,1531;26,1646;12,4629;35,6;100;190;10000000;10000000
5603;86,1092;0,1531;26,1646;12,4629;35,6;100;190;10000000;10000000
5604;86,1092;0,1531;26,1646;12,4629;35,6;100;190;10000000;10000000
5605;86,1092;0,1531;26,1646;12,4629;35,6;100;190;10000000;10000000
5606;86,1092;0,1531;26,1645;12,4629;35,6;100;190;10000000;10000000
5607;86,1092;0,1531;26,1645;12,4629;35,6;100;190;10000000;10000000
5608;94,6809;0,1531;26,1645;12,4629;35,6;100;190;10000000;10000000
5609;135,631;0,1531;26,1645;12,4629;35,6;100;190;10000000;10000000
5610;140,1192;0,1531;26,1645;12,4629;35,6;100;190;10000000;10000000
5611;143,5154;0,1531;26,1644;12,4629;35,6;100;190;10000000;10000000
5612;131,5557;0,1531;26,1644;12,4629;35,6;100;190;10000000;10000000
5613;112,2356;0,1531;26,1644;12,463;35,6;100;190;10000000;10000000
5614;99,4662;0,1531;26,1644;12,463;35,6;100;190;10000000;10000000
5615;91,4708;0,1531;26,1644;12,463;35,6;100;190;10000000;10000000
5616;86,9038;0,1531;26,1644;12,463;35,6;100;190;10000000;10000000
5617;86,7269;0,1531;26,1643;12,463;35,6;100;190;10000000;10000000
5618;87,2677;0,1531;26,1643;12,463;35,6;100;190;10000000;10000000
5619;89,4888;0,1531;26,1643;12,463;35,6;100;190;10000000;10000000
5620;106,9402;0,1531;26,1643;12,463;35,6;100;190;10000000;10000000
5621;92,383;0,1531;26,1643;12,463;35,6;100;190;10000000;10000000
5622;86,1122;0,1531;26,1643;12,463;35,6;100;190;10000000;10000000
5623;82,8679;0,1531;26,1642;12,463;35,6;100;190;10000000;10000000
5624;78,4134;0,1531;26,1642;12,463;35,6;100;190;10000000;10000000
5625;63,2068;0,1531;26,1642;12,463;35,6;100;190;10000000;10000000
5626;66,0369;0,1531;26,1642;12,463;35,6;100;190;10000000;10000000
5627;61,5087;0,1531;26,1642;12,463;35,6;100;190;10000000;10000000
5628;71,269;0,1531;26,1642;12,463;35,6;100;190;10000000;10000000
5629;61,5087;0,1531;26,1641;12,463;35,6;100;190;10000000;10000000
5630;64,5876;0,1531;26,1641;12,463;35,6;100;190;10000000;10000000
5631;78,9361;0,1531;26,1641;12,463;35,6;100;190;10000000;10000000
5632;84,5577;0,1531;26,1641;12,463;35,6;100;190;10000000;10000000
5633;99,4865;0,1531;26,1641;12,463;35,6;100;190;10000000;10000000
5634;92,4226;0,1531;26,1641;12,4631;35,6;100;190;10000000;10000000
5635;84,6909;0,1531;26,164;12,4631;35,6;100;190;10000000;10000000
5636;81,8861;0,1531;26,164;12,4631;35,6;100;190;10000000;10000000
5637;81,0708;0,1531;26,164;12,4631;35,6;100;190;10000000;10000000
5638;79,9731;0,1531;26,164;12,4631;35,6;100;190;10000000;10000000
5639;79,733;0,1531;26,164;12,4631;35,6;100;190;10000000;10000000
5640;79,8431;0,1531;26,164;12,4631;35,6;100;190;10000000;10000000
5641;79,8431;0,1531;26,1639;12,4631;35,6;100;190;10000000;10000000
5642;79,9759;0,1531;26,1639;12,4631;35,6;100;190;10000000;10000000
5643;79,9759;0,1531;26,1639;12,4631;35,6;100;190;10000000;10000000
5644;81,9427;0,1531;26,1639;12,4631;35,6;100;190;10000000;10000000
5645;83,5643;0,1531;26,1639;12,4631;35,6;100;190;10000000;10000000
5646;83,5643;0,1531;26,1639;12,4631;35,6;100;190;10000000;10000000
5647;63,1097;0,1531;26,1638;12,4631;35,6;100;190;10000000;10000000
5648;61,5108;0,1531;26,1638;12,4631;35,6;100;190;10000000;10000000
5649;61,5108;0,1531;26,1638;12,4631;35,6;100;190;10000000;10000000
5650;61,5108;0,1531;26,1638;12,4631;35,6;100;190;10000000;10000000
5651;75,8213;0,1531;26,1638;12,4631;35,6;100;190;10000000;10000000
5652;75,8213;0,1531;26,1637;12,4631;35,6;100;190;10000000;10000000
5653;77,6448;0,1531;26,1637;12,4631;35,6;100;190;10000000;10000000
5654;78,3549;0,1531;26,1637;12,4631;35,6;100;190;10000000;10000000
5655;78,9388;0,1531;26,1637;12,4632;35,6;100;190;10000000;10000000
5656;81,9427;0,1531;26,1637;12,4632;35,6;100;190;10000000;10000000
5657;84,2145;0,1531;26,1637;12,4632;35,6;100;190;10000000;10000000
5658;84,0951;0,1531;26,1636;12,4632;35,6;100;190;10000000;10000000
5659;83,8333;0,1531;26,1636;12,4632;35,6;100;190;10000000;10000000
5660;83,8793;0,1531;26,1636;12,4632;35,6;100;190;10000000;10000000
5661;83,6726;0,1531;26,1636;12,4632;35,6;100;190;10000000;10000000
5662;83,8951;0,1531;26,1636;12,4632;35,6;100;190;10000000;10000000
5663;83,2099;0,1531;26,1636;12,4632;35,6;100;190;10000000;10000000
5664;83,2102;0,1531;26,1635;12,4632;35,6;100;190;10000000;10000000
5665;83,2102;0,1531;26,1635;12,4632;35,6;100;190;10000000;10000000
5666;83,5672;0,1531;26,1635;12,4632;35,6;100;190;10000000;10000000
5667;84,5635;0,1531;26,1635;12,4632;35,6;100;190;10000000;10000000
5668;87,3634;0,1531;26,1635;12,4632;35,6;100;190;10000000;10000000
5669;89,4949;0,1531;26,1635;12,4632;35,6;100;190;10000000;10000000
5670;91,1439;0,1531;26,1634;12,4632;35,6;100;190;10000000;10000000
5671;85,4769;0,1531;26,1634;12,4632;35,6;100;190;10000000;10000000
5672;83,2102;0,1531;26,1634;12,4632;35,6;100;190;10000000;10000000
5673;82,5869;0,1531;26,1634;12,4632;35,6;100;190;10000000;10000000
5674;81,4894;0,1531;26,1634;12,4632;35,6;100;190;10000000;10000000
5675;81,1316;0,1531;26,1634;12,4632;35,6;100;190;10000000;10000000
5676;81,1316;0,1531;26,1633;12,4633;35,6;100;190;10000000;10000000
5677;81,2266;0,1531;26,1633;12,4633;35,6;100;190;10000000;10000000
5678;82,5869;0,1531;26,1633;12,4633;35,6;100;190;10000000;10000000
5679;86,118;0,1531;26,1633;12,4633;35,6;100;190;10000000;10000000
5680;106,9475;0,1531;26,1633;12,4633;35,6;100;190;10000000;10000000
5681;133,4967;0,1531;26,1633;12,4633;35,6;100;190;10000000;10000000
5682;140,1461;0,1531;26,1632;12,4633;35,6;100;190;10000000;10000000
5683;131,5692;0,1531;26,1632;12,4633;35,6;100;190;10000000;10000000
5684;104,3579;0,1531;26,1632;12,4633;35,6;100;190;10000000;10000000
5685;87,8448;0,1531;26,1632;12,4633;35,6;100;190;10000000;10000000
5686;84,7947;0,1531;26,1632;12,4633;35,6;100;190;10000000;10000000
5687;84,0437;0,1531;26,1631;12,4633;35,6;100;190;10000000;10000000
5688;83,4131;0,1531;26,1631;12,4633;35,6;100;190;10000000;10000000
5689;82,5919;0,1531;26,1631;12,4633;35,6;100;190;10000000;10000000
5690;82,9348;0,1531;26,1631;12,4633;35,6;100;190;10000000;10000000
5691;82,9348;0,1531;26,1631;12,4633;35,6;100;190;10000000;10000000
5692;82,9537;0,1531;26,1631;12,4633;35,6;100;190;10000000;10000000
5693;83,0992;0,1531;26,163;12,4633;35,6;100;190;10000000;10000000
5694;81,651;0,1531;26,163;12,4633;35,6;100;190;10000000;10000000
5695;78,9443;0,1531;26,163;12,4633;35,6;100;190;10000000;10000000
5696;61,515;0,1531;26,163;12,4634;35,6;100;190;10000000;10000000
5697;61,515;0,1531;26,163;12,4634;35,6;100;190;10000000;10000000
5698;61,515;0,1531;26,163;12,4634;35,6;100;190;10000000;10000000
5699;61,515;0,1531;26,1629;12,4634;35,6;100;190;10000000;10000000
5700;61,515;0,1531;26,1629;12,4634;35,6;100;190;10000000;10000000
5701;61,515;0,1531;26,1629;12,4634;35,6;100;190;10000000;10000000
5702;61,515;0,1531;26,1629;12,4634;35,6;100;190;10000000;10000000
5703;78,9442;0,1531;26,1629;12,4634;35,6;100;190;10000000;10000000
5704;83,4131;0,1531;26,1629;12,4634;35,6;100;190;10000000;10000000
5705;94,6939;0,1531;26,1628;12,4634;35,6;100;190;10000000;10000000
5706;87,8478;0,1531;26,1628;12,4634;35,6;100;190;10000000;10000000
5707;85,6801;0,1531;26,1628;12,4634;35,6;100;190;10000000;10000000
5708;82,8764;0,1531;26,1628;12,4634;35,6;100;190;10000000;10000000
5709;78,9443;0,1531;26,1628;12,4634;35,6;100;190;10000000;10000000
5710;78,9443;0,1531;26,1628;12,4634;35,6;100;190;10000000;10000000
5711;78,9443;0,1531;26,1627;12,4634;35,6;100;190;10000000;10000000
5712;78,9469;0,1531;26,1627;12,4634;35,6;100;190;10000000;10000000
5713;78,9469;0,1531;26,1627;12,4634;35,6;100;190;10000000;10000000
5714;78,9469;0,1531;26,1627;12,4634;35,6;100;190;10000000;10000000
5715;78,9469;0,1531;26,1627;12,4634;35,6;100;190;10000000;10000000
5716;78,9469;0,1531;26,1627;12,4634;35,6;100;190;10000000;10000000
5717;78,4241;0,1531;26,1626;12,4635;35,6;100;190;10000000;10000000
5718;78,3873;0,1531;26,1626;12,4635;35,6;100;190;10000000;10000000
5719;61,5171;0,1531;26,1626;12,4635;35,6;100;190;10000000;10000000
5720;61,5171;0,1531;26,1626;12,4635;35,6;100;190;10000000;10000000
5721;61,5171;0,1531;26,1626;12,4635;35,6;100;190;10000000;10000000
5722;61,5171;0,1531;26,1625;12,4635;35,6;100;190;10000000;10000000
5723;61,5171;0,1531;26,1625;12,4635;35,6;100;190;10000000;10000000
5724;61,5171;0,1531;26,1625;12,4635;35,6;100;190;10000000;10000000
5725;59,9409;0,1531;26,1625;12,4635;35,6;100;190;10000000;10000000
5726;55,8251;0,1531;26,1625;12,4635;35,6;100;190;10000000;10000000
5727;59,9409;0,1531;26,1625;12,4635;35,6;100;190;10000000;10000000
5728;78,9469;0,1531;26,1624;12,4635;35,6;100;190;10000000;10000000
5729;86,064;0,1531;26,1624;12,4635;35,6;100;190;10000000;10000000
5730;89,6317;0,1531;26,1624;12,4635;35,6;100;190;10000000;10000000
5731;87,7558;0,1531;26,1624;12,4635;35,6;100;190;10000000;10000000
5732;86,3394;0,1531;26,1624;12,4635;35,6;100;190;10000000;10000000
5733;83,1268;0,1531;26,1624;12,4635;35,6;100;190;10000000;10000000
5734;81,1372;0,1531;26,1623;12,4635;35,6;100;190;10000000;10000000
5735;78,9469;0,1531;26,1623;12,4635;35,6;100;190;10000000;10000000
5736;61,5192;0,1531;26,1623;12,4635;35,6;100;190;10000000;10000000
5737;61,5192;0,1531;26,1623;12,4635;35,6;100;190;10000000;10000000
5738;61,5192;0,1531;26,1623;12,4636;35,6;100;190;10000000;10000000
5739;61,5192;0,1531;26,1623;12,4636;35,6;100;190;10000000;10000000
5740;78,9496;0,1531;26,1622;12,4636;35,6;100;190;10000000;10000000
5741;79,0994;0,1531;26,1622;12,4636;35,6;100;190;10000000;10000000
5742;77,6554;0,1531;26,1622;12,4636;35,6;100;190;10000000;10000000
5743;59,9615;0,1531;26,1622;12,4636;35,6;100;190;10000000;10000000
5744;7,5758;0,1531;26,1622;12,4636;35,6;100;190;10000000;10000000
5745;0;0,1531;26,1622;12,4636;35,6;100;190;10000000;10000000
5746;0;0,1531;26,1621;12,4636;35,6;100;190;10000000;10000000
5747;0;0,1531;26,1621;12,4636;35,6;100;190;10000000;10000000
5748;0;0,1531;26,1621;12,4636;35,6;100;190;10000000;10000000
5749;0;0,1531;26,1621;12,4636;35,6;100;190;10000000;10000000
5750;0;0,1531;26,1621;12,4636;35,6;100;190;10000000;10000000
5751;0;0,1531;26,1621;12,4636;35,6;100;190;10000000;10000000
5752;0;0,1531;26,162;12,4636;35,6;100;190;10000000;10000000
5753;0;0,1531;26,162;12,4636;35,6;100;190;10000000;10000000
5754;0;0,1531;26,162;12,4636;35,6;100;190;10000000;10000000
5755;0;0,1531;26,162;12,4636;35,6;100;190;10000000;10000000
5756;0;0,1531;26,162;12,4636;35,6;100;190;10000000;10000000
5757;0;0,1531;26,1619;12,4636;35,6;100;190;10000000;10000000
5758;0;0,1531;26,1619;12,4637;35,6;100;190;10000000;10000000
5759;0;0,1531;26,1619;12,4637;35,6;100;190;10000000;10000000
5760;38,9478;0,1531;26,1619;12,4637;35,6;100;190;10000000;10000000
5761;59,9259;0,1531;26,1619;12,4637;35,6;100;190;10000000;10000000
5762;59,9259;0,1531;26,1619;12,4637;35,6;100;190;10000000;10000000
5763;41,9481;0,1531;26,1618;12,4637;35,6;100;190;10000000;10000000
5764;61,5213;0,1531;26,1618;12,4637;35,6;100;190;10000000;10000000
5765;61,5213;0,1531;26,1618;12,4637;35,6;100;190;10000000;10000000
5766;23,9704;0,1531;26,1618;12,4637;35,6;100;190;10000000;10000000
5767;23,9704;0,1531;26,1618;12,4637;35,6;100;190;10000000;10000000
5768;41,9481;0,1531;26,1618;12,4637;35,6;100;190;10000000;10000000
5769;23,9704;0,1531;26,1617;12,4637;35,6;100;190;10000000;10000000
5770;23,9704;0,1531;26,1617;12,4637;35,6;100;190;10000000;10000000
5771;41,9481;0,1531;26,1617;12,4637;35,6;100;190;10000000;10000000
5772;23,9704;0,1531;26,1617;12,4637;35,6;100;190;10000000;10000000
5773;0;0,1531;26,1617;12,4637;35,6;100;190;10000000;10000000
5774;0;0,1531;26,1617;12,4637;35,6;100;190;10000000;10000000
5775;0;0,1531;26,1616;12,4637;35,6;100;190;10000000;10000000
5776;54,1104;0,1531;26,1616;12,4637;35,6;100;190;10000000;10000000
5777;61,5213;0,1531;26,1616;12,4637;35,6;100;190;10000000;10000000
5778;78,5684;0,1531;26,1616;12,4637;35,6;100;190;10000000;10000000
5779;71,0798;0,1531;26,1616;12,4638;35,6;100;190;10000000;10000000
5780;61,5213;0,1531;26,1616;12,4638;35,6;100;190;10000000;10000000
5781;61,5213;0,1531;26,1615;12,4638;35,6;100;190;10000000;10000000
5782;61,5213;0,1531;26,1615;12,4638;35,6;100;190;10000000;10000000
5783;61,5213;0,1531;26,1615;12,4638;35,6;100;190;10000000;10000000
5784;61,5234;0,1531;26,1615;12,4638;35,6;100;190;10000000;10000000
5785;61,5234;0,1531;26,1615;12,4638;35,6;100;190;10000000;10000000
5786;61,5234;0,1531;26,1615;12,4638;35,6;100;190;10000000;10000000
5787;72,3214;0,1531;26,1614;12,4638;35,6;100;190;10000000;10000000
5788;78,9551;0,1531;26,1614;12,4638;35,6;100;190;10000000;10000000
5789;79,2036;0,1531;26,1614;12,4638;35,6;100;190;10000000;10000000
5790;78,4322;0,1531;26,1614;12,4638;35,6;100;190;10000000;10000000
5791;77,6607;0,1531;26,1614;12,4638;35,6;100;190;10000000;10000000
5792;62,058;0,1531;26,1613;12,4638;35,6;100;190;10000000;10000000
5793;77,8734;0,1531;26,1613;12,4638;35,6;100;190;10000000;10000000
5794;64,5738;0,1531;26,1613;12,4638;35,6;100;190;10000000;10000000
5795;61,5234;0,1531;26,1613;12,4638;35,6;100;190;10000000;10000000
5796;65,8317;0,1531;26,1613;12,4638;35,6;100;190;10000000;10000000
5797;61,5234;0,1531;26,1613;12,4638;35,6;100;190;10000000;10000000
5798;61,5234;0,1531;26,1612;12,4638;35,6;100;190;10000000;10000000
5799;66,0135;0,1531;26,1612;12,4638;35,6;100;190;10000000;10000000
5800;78,9551;0,1531;26,1612;12,4639;35,6;100;190;10000000;10000000
5801;86,7481;0,1531;26,1612;12,4639;35,6;100;190;10000000;10000000
5802;96,864;0,1531;26,1612;12,4639;35,6;100;190;10000000;10000000
5803;89,0335;0,1531;26,1612;12,4639;35,6;100;190;10000000;10000000
5804;86,7481;0,1531;26,1611;12,4639;35,6;100;190;10000000;10000000
5805;83,5815;0,1531;26,1611;12,4639;35,6;100;190;10000000;10000000
5806;81,9057;0,1531;26,1611;12,4639;35,6;100;190;10000000;10000000
5807;78,9551;0,1531;26,1611;12,4639;35,6;100;190;10000000;10000000
5808;78,9578;0,1531;26,1611;12,4639;35,6;100;190;10000000;10000000
5809;78,3564;0,1531;26,1611;12,4639;35,6;100;190;10000000;10000000
5810;78,3564;0,1531;26,161;12,4639;35,6;100;190;10000000;10000000
5811;78,4349;0,1531;26,161;12,4639;35,6;100;190;10000000;10000000
5812;78,9578;0,1531;26,161;12,4639;35,6;100;190;10000000;10000000
5813;78,9578;0,1531;26,161;12,4639;35,6;100;190;10000000;10000000
5814;78,9578;0,1531;26,161;12,4639;35,6;100;190;10000000;10000000
5815;74,959;0,1531;26,161;12,4639;35,6;100;190;10000000;10000000
5816;61,5255;0,1531;26,1609;12,4639;35,6;100;190;10000000;10000000
5817;61,5255;0,1531;26,1609;12,4639;35,6;100;190;10000000;10000000
5818;61,5255;0,1531;26,1609;12,4639;35,6;100;190;10000000;10000000
5819;61,5255;0,1531;26,1609;12,4639;35,6;100;190;10000000;10000000
5820;61,5255;0,1531;26,1609;12,4639;35,6;100;190;10000000;10000000
5821;61,5255;0,1531;26,1609;12,464;35,6;100;190;10000000;10000000
5822;61,5255;0,1531;26,1608;12,464;35,6;100;190;10000000;10000000
5823;61,5255;0,1531;26,1608;12,464;35,6;100;190;10000000;10000000
5824;82,4869;0,1531;26,1608;12,464;35,6;100;190;10000000;10000000
5825;100,5132;0,1531;26,1608;12,464;35,6;100;190;10000000;10000000
5826;87,1202;0,1531;26,1608;12,464;35,6;100;190;10000000;10000000
5827;80,4054;0,1531;26,1608;12,464;35,6;100;190;10000000;10000000
5828;78,9578;0,1531;26,1607;12,464;35,6;100;190;10000000;10000000
5829;61,5255;0,1531;26,1607;12,464;35,6;100;190;10000000;10000000
5830;61,5255;0,1531;26,1607;12,464;35,6;100;190;10000000;10000000
5831;61,5255;0,1531;26,1607;12,464;35,6;100;190;10000000;10000000
5832;61,5276;0,1531;26,1607;12,464;35,6;100;190;10000000;10000000
5833;61,5276;0,1531;26,1606;12,464;35,6;100;190;10000000;10000000
5834;61,5276;0,1531;26,1606;12,464;35,6;100;190;10000000;10000000
5835;61,5276;0,1531;26,1606;12,464;35,6;100;190;10000000;10000000
5836;61,5276;0,1531;26,1606;12,464;35,6;100;190;10000000;10000000
5837;78,4375;0,1531;26,1606;12,464;35,6;100;190;10000000;10000000
5838;72,5516;0,1531;26,1606;12,464;35,6;100;190;10000000;10000000
5839;61,5276;0,1531;26,1605;12,464;35,6;100;190;10000000;10000000
5840;61,5276;0,1531;26,1605;12,464;35,6;100;190;10000000;10000000
5841;61,5276;0,1531;26,1605;12,4641;35,6;100;190;10000000;10000000
5842;61,5276;0,1531;26,1605;12,4641;35,6;100;190;10000000;10000000
5843;61,5276;0,1531;26,1605;12,4641;35,6;100;190;10000000;10000000
5844;59,9153;0,1531;26,1605;12,4641;35,6;100;190;10000000;10000000
5845;59,9153;0,1531;26,1604;12,4641;35,6;100;190;10000000;10000000
5846;45,1893;0,1531;26,1604;12,4641;35,6;100;190;10000000;10000000
5847;38,9706;0,1531;26,1604;12,4641;35,6;100;190;10000000;10000000
5848;61,5276;0,1531;26,1604;12,4641;35,6;100;190;10000000;10000000
5849;78,4375;0,1531;26,1604;12,4641;35,6;100;190;10000000;10000000
5850;78,4375;0,1531;26,1603;12,4641;35,6;100;190;10000000;10000000
5851;61,5276;0,1531;26,1603;12,4641;35,6;100;190;10000000;10000000
5852;61,5276;0,1531;26,1603;12,4641;35,6;100;190;10000000;10000000
5853;61,5276;0,1531;26,1603;12,4641;35,6;100;190;10000000;10000000
5854;61,5276;0,1531;26,1603;12,4641;35,6;100;190;10000000;10000000
5855;61,5276;0,1531;26,1603;12,4641;35,6;100;190;10000000;10000000
5856;61,5297;0,1531;26,1602;12,4641;35,6;100;190;10000000;10000000
5857;61,5297;0,1531;26,1602;12,4641;35,6;100;190;10000000;10000000
5858;61,5297;0,1531;26,1602;12,4641;35,6;100;190;10000000;10000000
5859;61,5297;0,1531;26,1602;12,4641;35,6;100;190;10000000;10000000
5860;78,3568;0,1531;26,1602;12,4641;35,6;100;190;10000000;10000000
5861;77,6687;0,1531;26,1602;12,4642;35,6;100;190;10000000;10000000
5862;77,6687;0,1531;26,1601;12,4642;35,6;100;190;10000000;10000000
5863;77,0098;0,1531;26,1601;12,4642;35,6;100;190;10000000;10000000
5864;61,5297;0,1531;26,1601;12,4642;35,6;100;190;10000000;10000000
5865;56,6995;0,1531;26,1601;12,4642;35,6;100;190;10000000;10000000
5866;59,9052;0,1531;26,1601;12,4642;35,6;100;190;10000000;10000000
5867;58,1357;0,1531;26,16;12,4642;35,6;100;190;10000000;10000000
5868;55,1922;0,1531;26,16;12,4642;35,6;100;190;10000000;10000000
5869;54,001;0,1531;26,16;12,4642;35,6;100;190;10000000;10000000
5870;44,0056;0,1531;26,16;12,4642;35,6;100;190;10000000;10000000
5871;61,5297;0,1531;26,16;12,4642;35,6;100;190;10000000;10000000
5872;83,59;0,1531;26,16;12,4642;35,6;100;190;10000000;10000000
5873;90,9278;0,1531;26,1599;12,4642;35,6;100;190;10000000;10000000
5874;94,3741;0,1531;26,1599;12,4642;35,6;100;190;10000000;10000000
5875;87,6795;0,1531;26,1599;12,4642;35,6;100;190;10000000;10000000
5876;82,8962;0,1531;26,1599;12,4642;35,6;100;190;10000000;10000000
5877;78,9631;0,1531;26,1599;12,4642;35,6;100;190;10000000;10000000
5878;61,5297;0,1531;26,1599;12,4642;35,6;100;190;10000000;10000000
5879;61,5297;0,1531;26,1598;12,4642;35,6;100;190;10000000;10000000
5880;59,895;0,1531;26,1598;12,4642;35,6;100;190;10000000;10000000
5881;54,2179;0,1531;26,1598;12,4643;35,6;100;190;10000000;10000000
5882;41,9265;0,1531;26,1598;12,4643;35,6;100;190;10000000;10000000
5883;38,5007;0,1531;26,1598;12,4643;35,6;100;190;10000000;10000000
5884;7,5758;0,1531;26,1597;12,4643;35,6;100;190;10000000;10000000
5885;0;0,1531;26,1597;12,4643;35,6;100;190;10000000;10000000
5886;0;0,1531;26,1597;12,4643;35,6;100;190;10000000;10000000
5887;0;0,1531;26,1597;12,4643;35,6;100;190;10000000;10000000
5888;-1;0,1531;26,1597;12,4643;35,6;100;190;10000000;10000000
5889;-65;0,1531;26,1597;12,4643;35,6;100;190;10000000;10000000
5890;-65;0,1532;26,1596;12,4643;35,6;100;190;10000000;10000000
5891;-65;0,1532;26,1596;12,4643;35,6;100;190;10000000;10000000
5892;-65;0,1532;26,1596;12,4643;35,6;100;190;10000000;10000000
5893;-65;0,1532;26,1596;12,4643;35,6;100;190;10000000;10000000
5894;-65;0,1532;26,1596;12,4643;35,6;100;190;10000000;10000000
5895;-65;0,1532;26,1595;12,4643;35,6;100;190;10000000;10000000
5896;-65;0,1532;26,1595;12,4643;35,6;100;190;10000000;10000000
5897;-65;0,1532;26,1595;12,4643;35,6;100;190;10000000;10000000
5898;-65;0,1532;26,1595;12,4643;35,6;100;190;10000000;10000000
5899;-65;0,1532;26,1595;12,4643;35,6;100;190;10000000;10000000
5900;-65;0,1532;26,1595;12,4643;35,6;100;190;10000000;10000000
5901;-65;0,1532;26,1594;12,4644;35,6;100;190;10000000;10000000
5902;-65;0,1532;26,1594;12,4644;35,6;100;190;10000000;10000000
5903;-65;0,1532;26,1594;12,4644;35,6;100;190;10000000;10000000
5904;-65;0,1532;26,1594;12,4644;35,6;100;190;10000000;10000000
5905;-65;0,1532;26,1594;12,4644;35,6;100;190;10000000;10000000
5906;-65;0,1532;26,1594;12,4644;35,6;100;190;10000000;10000000
5907;-65;0,1532;26,1593;12,4644;35,6;100;190;10000000;10000000
5908;-65;0,1532;26,1593;12,4644;35,6;100;190;10000000;10000000
5909;-65;0,1532;26,1593;12,4644;35,6;100;190;10000000;10000000
5910;-1;0,1532;26,1593;12,4644;35,6;100;190;10000000;10000000
5911;0;0,1532;26,1593;12,4644;35,6;100;190;10000000;10000000
5912;0;0,1532;26,1592;12,4644;35,6;100;190;10000000;10000000
5913;0;0,1532;26,1592;12,4644;35,6;100;190;10000000;10000000
5914;0;0,1532;26,1592;12,4644;35,6;100;190;10000000;10000000
5915;0;0,1532;26,1592;12,4644;35,6;100;190;10000000;10000000
5916;0;0,1532;26,1592;12,4644;35,6;100;190;10000000;10000000
5917;0;0,1532;26,1592;12,4644;35,6;100;190;10000000;10000000
5918;-1;0,1532;26,1591;12,4644;35,6;100;190;10000000;10000000
5919;-65;0,1532;26,1591;12,4644;35,6;100;190;10000000;10000000
5920;0;0,1532;26,1591;12,4644;35,6;100;190;10000000;10000000
5921;0;0,1532;26,1591;12,4645;35,6;100;190;10000000;10000000
5922;0;0,1532;26,1591;12,4645;35,6;100;190;10000000;10000000
5923;0;0,1532;26,1591;12,4645;35,6;100;190;10000000;10000000
5924;-1;0,1532;26,159;12,4645;35,6;100;190;10000000;10000000
5925;-1;0,1532;26,159;12,4645;35,6;100;190;10000000;10000000
5926;-65;0,1532;26,159;12,4645;35,6;100;190;10000000;10000000
5927;-65;0,1532;26,159;12,4645;35,6;100;190;10000000;10000000
5928;-1;0,1532;26,159;12,4645;35,6;100;190;10000000;10000000
5929;-1;0,1532;26,1589;12,4645;35,6;100;190;10000000;10000000
5930;-1;0,1532;26,1589;12,4645;35,6;100;190;10000000;10000000
5931;-1;0,1532;26,1589;12,4645;35,6;100;190;10000000;10000000
5932;-1;0,1532;26,1589;12,4645;35,6;100;190;10000000;10000000
5933;-1;0,1532;26,1589;12,4645;35,6;100;190;10000000;10000000
5934;-1;0,1532;26,1589;12,4645;35,6;100;190;10000000;10000000
5935;-1;0,1532;26,1588;12,4645;35,6;100;190;10000000;10000000
5936;0;0,1532;26,1588;12,4645;35,6;100;190;10000000;10000000
5937;0;0,1532;26,1588;12,4645;35,6;100;190;10000000;10000000
5938;0;0,1532;26,1588;12,4645;35,6;100;190;10000000;10000000
5939;0;0,1532;26,1588;12,4645;35,6;100;190;10000000;10000000
5940;0;0,1532;26,1588;12,4645;35,6;100;190;10000000;10000000
5941;0;0,1532;26,1587;12,4646;35,6;100;190;10000000;10000000
5942;0;0,1532;26,1587;12,4646;35,6;100;190;10000000;10000000
5943;0;0,1532;26,1587;12,4646;35,6;100;190;10000000;10000000
5944;0;0,1532;26,1587;12,4646;35,6;100;190;10000000;10000000
5945;0;0,1532;26,1587;12,4646;35,6;100;190;10000000;10000000
5946;45,8289;0,1532;26,1586;12,4646;35,6;100;190;10000000;10000000
5947;0;0,1532;26,1586;12,4646;35,6;100;190;10000000;10000000
5948;43,6807;0,1532;26,1586;12,4646;35,6;100;190;10000000;10000000
5949;59,9514;0,1532;26,1586;12,4646;35,6;100;190;10000000;10000000
5950;39,3842;0,1532;26,1586;12,4646;35,6;100;190;10000000;10000000
5951;61,536;0,1532;26,1586;12,4646;35,6;100;190;10000000;10000000
5952;57,153;0,1532;26,1585;12,4646;35,6;100;190;10000000;10000000
5953;60,7102;0,1532;26,1585;12,4646;35,6;100;190;10000000;10000000
5954;61,5382;0,1532;26,1585;12,4646;35,6;100;190;10000000;10000000
5955;61,5382;0,1532;26,1585;12,4646;35,6;100;190;10000000;10000000
5956;61,5382;0,1532;26,1585;12,4646;35,6;100;190;10000000;10000000
5957;67,8247;0,1532;26,1585;12,4646;35,6;100;190;10000000;10000000
5958;61,5382;0,1532;26,1584;12,4646;35,6;100;190;10000000;10000000
5959;72,8048;0,1532;26,1584;12,4646;35,6;100;190;10000000;10000000
5960;61,709;0,1532;26,1584;12,4646;35,6;100;190;10000000;10000000
5961;61,5382;0,1532;26,1584;12,4647;35,6;100;190;10000000;10000000
5962;61,5382;0,1532;26,1584;12,4647;35,6;100;190;10000000;10000000
5963;61,5382;0,1532;26,1583;12,4647;35,6;100;190;10000000;10000000
5964;61,5382;0,1532;26,1583;12,4647;35,6;100;190;10000000;10000000
5965;61,5382;0,1532;26,1583;12,4647;35,6;100;190;10000000;10000000
5966;61,5382;0,1532;26,1583;12,4647;35,6;100;190;10000000;10000000
5967;61,5382;0,1532;26,1583;12,4647;35,6;100;190;10000000;10000000
5968;80,4219;0,1532;26,1583;12,4647;35,6;100;190;10000000;10000000
5969;85,1211;0,1532;26,1582;12,4647;35,6;100;190;10000000;10000000
5970;86,7689;0,1532;26,1582;12,4647;35,6;100;190;10000000;10000000
5971;84,5982;0,1532;26,1582;12,4647;35,6;100;190;10000000;10000000
5972;84,1938;0,1532;26,1582;12,4647;35,6;100;190;10000000;10000000
5973;83,5573;0,1532;26,1582;12,4647;35,6;100;190;10000000;10000000
5974;82,9849;0,1532;26,1582;12,4647;35,6;100;190;10000000;10000000
5975;82,966;0,1532;26,1581;12,4647;35,6;100;190;10000000;10000000
5976;80,4246;0,1532;26,1581;12,4647;35,6;100;190;10000000;10000000
5977;80,4246;0,1532;26,1581;12,4647;35,6;100;190;10000000;10000000
5978;80,2561;0,1532;26,1581;12,4647;35,6;100;190;10000000;10000000
5979;81,6845;0,1532;26,1581;12,4647;35,6;100;190;10000000;10000000
5980;82,9877;0,1532;26,158;12,4647;35,6;100;190;10000000;10000000
5981;83,56;0,1532;26,158;12,4648;35,6;100;190;10000000;10000000
5982;82,9688;0,1532;26,158;12,4648;35,6;100;190;10000000;10000000
5983;81,4917;0,1532;26,158;12,4648;35,6;100;190;10000000;10000000
5984;78,9767;0,1532;26,158;12,4648;35,6;100;190;10000000;10000000
5985;78,9767;0,1532;26,158;12,4648;35,6;100;190;10000000;10000000
5986;78,9767;0,1532;26,1579;12,4648;35,6;100;190;10000000;10000000
5987;78,9767;0,1532;26,1579;12,4648;35,6;100;190;10000000;10000000
5988;78,9767;0,1532;26,1579;12,4648;35,6;100;190;10000000;10000000
5989;78,9767;0,1532;26,1579;12,4648;35,6;100;190;10000000;10000000
5990;78,9767;0,1532;26,1579;12,4648;35,6;100;190;10000000;10000000
5991;80,3854;0,1532;26,1579;12,4648;35,6;100;190;10000000;10000000
5992;86,5933;0,1532;26,1578;12,4648;35,6;100;190;10000000;10000000
5993;120,7074;0,1532;26,1578;12,4648;35,6;100;190;10000000;10000000
5994;131,6278;0,1532;26,1578;12,4648;35,6;100;190;10000000;10000000
5995;112,2971;0,1532;26,1578;12,4648;35,6;100;190;10000000;10000000
5996;100,7479;0,1532;26,1578;12,4648;35,6;100;190;10000000;10000000
5997;86,3719;0,1532;26,1577;12,4648;35,6;100;190;10000000;10000000
5998;84,0811;0,1532;26,1577;12,4648;35,6;100;190;10000000;10000000
5999;83,4473;0,1532;26,1577;12,4648;35,6;100;190;10000000;10000000
6000;83,1417;0,1532;26,1577;12,4648;35,6;100;190;10000000;10000000
6001;83,1417;0,1532;26,1577;12,4649;35,6;100;190;10000000;10000000
6002;83,1417;0,1532;26,1577;12,4649;35,6;100;190;10000000;10000000
6003;83,6853;0,1532;26,1576;12,4649;35,6;100;190;10000000;10000000
6004;87,4052;0,1532;26,1576;12,4649;35,6;100;190;10000000;10000000
6005;89,2451;0,1532;26,1576;12,4649;35,6;100;190;10000000;10000000
6006;85,5481;0,1532;26,1576;12,4649;35,6;100;190;10000000;10000000
6007;81,6296;0,1532;26,1576;12,4649;35,6;100;190;10000000;10000000
6008;74,6268;0,1532;26,1575;12,4649;35,6;100;190;10000000;10000000
6009;61,5424;0,1532;26,1575;12,4649;35,6;100;190;10000000;10000000
6010;67,3549;0,1532;26,1575;12,4649;35,6;100;190;10000000;10000000
6011;64,5311;0,1532;26,1575;12,4649;35,6;100;190;10000000;10000000
6012;66,663;0,1532;26,1575;12,4649;35,6;100;190;10000000;10000000
6013;61,5424;0,1532;26,1575;12,4649;35,6;100;190;10000000;10000000
6014;61,5424;0,1532;26,1574;12,4649;35,6;100;190;10000000;10000000
6015;61,5424;0,1532;26,1574;12,4649;35,6;100;190;10000000;10000000
6016;83,161;0,1532;26,1574;12,4649;35,6;100;190;10000000;10000000
6017;94,736;0,1532;26,1574;12,4649;35,6;100;190;10000000;10000000
6018;87,4052;0,1532;26,1574;12,4649;35,6;100;190;10000000;10000000
6019;81,7032;0,1532;26,1574;12,4649;35,6;100;190;10000000;10000000
6020;80,0169;0,1532;26,1573;12,4649;35,6;100;190;10000000;10000000
6021;78,9794;0,1532;26,1573;12,465;35,6;100;190;10000000;10000000
6022;78,9794;0,1532;26,1573;12,465;35,6;100;190;10000000;10000000
6023;78,9794;0,1532;26,1573;12,465;35,6;100;190;10000000;10000000
6024;78,9821;0,1532;26,1573;12,465;35,6;100;190;10000000;10000000
6025;78,9821;0,1532;26,1572;12,465;35,6;100;190;10000000;10000000
6026;78,9821;0,1532;26,1572;12,465;35,6;100;190;10000000;10000000
6027;78,9821;0,1532;26,1572;12,465;35,6;100;190;10000000;10000000
6028;79,7794;0,1532;26,1572;12,465;35,6;100;190;10000000;10000000
6029;81,6901;0,1532;26,1572;12,465;35,6;100;190;10000000;10000000
6030;78,9821;0,1532;26,1572;12,465;35,6;100;190;10000000;10000000
6031;78,3583;0,1532;26,1571;12,465;35,6;100;190;10000000;10000000
6032;62,3272;0,1532;26,1571;12,465;35,6;100;190;10000000;10000000
6033;61,5445;0,1532;26,1571;12,465;35,6;100;190;10000000;10000000
6034;61,5445;0,1532;26,1571;12,465;35,6;100;190;10000000;10000000
6035;61,5445;0,1532;26,1571;12,465;35,6;100;190;10000000;10000000
6036;61,5445;0,1532;26,1571;12,465;35,6;100;190;10000000;10000000
6037;61,5445;0,1532;26,157;12,465;35,6;100;190;10000000;10000000
6038;61,5445;0,1532;26,157;12,465;35,6;100;190;10000000;10000000
6039;61,5445;0,1532;26,157;12,465;35,6;100;190;10000000;10000000
6040;78,9821;0,1532;26,157;12,465;35,6;100;190;10000000;10000000
6041;82,916;0,1532;26,157;12,465;35,6;100;190;10000000;10000000
6042;83,1638;0,1532;26,1569;12,4651;35,6;100;190;10000000;10000000
6043;81,1733;0,1532;26,1569;12,4651;35,6;100;190;10000000;10000000
6044;79,6811;0,1532;26,1569;12,4651;35,6;100;190;10000000;10000000
6045;78,9821;0,1532;26,1569;12,4651;35,6;100;190;10000000;10000000
6046;78,9821;0,1532;26,1569;12,4651;35,6;100;190;10000000;10000000
6047;78,9821;0,1532;26,1569;12,4651;35,6;100;190;10000000;10000000
6048;78,9848;0,1532;26,1568;12,4651;35,6;100;190;10000000;10000000
6049;78,6781;0,1532;26,1568;12,4651;35,6;100;190;10000000;10000000
6050;78,9848;0,1532;26,1568;12,4651;35,6;100;190;10000000;10000000
6051;78,4617;0,1532;26,1568;12,4651;35,6;100;190;10000000;10000000
6052;78,9848;0,1532;26,1568;12,4651;35,6;100;190;10000000;10000000
6053;78,4617;0,1532;26,1568;12,4651;35,6;100;190;10000000;10000000
6054;78,3586;0,1532;26,1567;12,4651;35,6;100;190;10000000;10000000
6055;61,5466;0,1532;26,1567;12,4651;35,6;100;190;10000000;10000000
6056;61,5466;0,1532;26,1567;12,4651;35,6;100;190;10000000;10000000
6057;61,5466;0,1532;26,1567;12,4651;35,6;100;190;10000000;10000000
6058;61,5466;0,1532;26,1567;12,4651;35,6;100;190;10000000;10000000
6059;61,5466;0,1532;26,1566;12,4651;35,6;100;190;10000000;10000000
6060;61,5466;0,1532;26,1566;12,4651;35,6;100;190;10000000;10000000
6061;61,5466;0,1532;26,1566;12,4651;35,6;100;190;10000000;10000000
6062;61,5466;0,1532;26,1566;12,4652;35,6;100;190;10000000;10000000
6063;61,5466;0,1532;26,1566;12,4652;35,6;100;190;10000000;10000000
6064;73,6023;0,1532;26,1566;12,4652;35,6;100;190;10000000;10000000
6065;78,9848;0,1532;26,1565;12,4652;35,6;100;190;10000000;10000000
6066;78,9848;0,1532;26,1565;12,4652;35,6;100;190;10000000;10000000
6067;78,9826;0,1532;26,1565;12,4652;35,6;100;190;10000000;10000000
6068;78,4617;0,1532;26,1565;12,4652;35,6;100;190;10000000;10000000
6069;78,9848;0,1532;26,1565;12,4652;35,6;100;190;10000000;10000000
6070;78,4617;0,1532;26,1565;12,4652;35,6;100;190;10000000;10000000
6071;78,9848;0,1532;26,1564;12,4652;35,6;100;190;10000000;10000000
6072;78,9874;0,1532;26,1564;12,4652;35,6;100;190;10000000;10000000
6073;78,9874;0,1532;26,1564;12,4652;35,6;100;190;10000000;10000000
6074;78,9875;0,1532;26,1564;12,4652;35,6;100;190;10000000;10000000
6075;80,0251;0,1532;26,1564;12,4652;35,6;100;190;10000000;10000000
6076;83,0391;0,1532;26,1563;12,4652;35,6;100;190;10000000;10000000
6077;83,1695;0,1532;26,1563;12,4652;35,6;100;190;10000000;10000000
6078;83,6939;0,1532;26,1563;12,4652;35,6;100;190;10000000;10000000
6079;81,4926;0,1532;26,1563;12,4652;35,6;100;190;10000000;10000000
6080;79,2476;0,1532;26,1563;12,4652;35,6;100;190;10000000;10000000
6081;79,2361;0,1532;26,1563;12,4652;35,6;100;190;10000000;10000000
6082;78,9875;0,1532;26,1562;12,4653;35,6;100;190;10000000;10000000
6083;78,9875;0,1532;26,1562;12,4653;35,6;100;190;10000000;10000000
6084;78,9875;0,1532;26,1562;12,4653;35,6;100;190;10000000;10000000
6085;78,9874;0,1532;26,1562;12,4653;35,6;100;190;10000000;10000000
6086;78,9874;0,1532;26,1562;12,4653;35,6;100;190;10000000;10000000
6087;80,83;0,1532;26,1562;12,4653;35,6;100;190;10000000;10000000
6088;82,518;0,1532;26,1561;12,4653;35,6;100;190;10000000;10000000
6089;84,3644;0,1532;26,1561;12,4653;35,6;100;190;10000000;10000000
6090;84,4249;0,1532;26,1561;12,4653;35,6;100;190;10000000;10000000
6091;84,1582;0,1532;26,1561;12,4653;35,6;100;190;10000000;10000000
6092;84,0926;0,1532;26,1561;12,4653;35,6;100;190;10000000;10000000
6093;81,9932;0,1532;26,156;12,4653;35,6;100;190;10000000;10000000
6094;81,9393;0,1532;26,156;12,4653;35,6;100;190;10000000;10000000
6095;81,9393;0,1532;26,156;12,4653;35,6;100;190;10000000;10000000
6096;81,7659;0,1532;26,156;12,4653;35,6;100;190;10000000;10000000
6097;81,1816;0,1532;26,156;12,4653;35,6;100;190;10000000;10000000
6098;81,5396;0,1532;26,156;12,4653;35,6;100;190;10000000;10000000
6099;82,5208;0,1532;26,1559;12,4653;35,6;100;190;10000000;10000000
6100;86,9633;0,1532;26,1559;12,4653;35,6;100;190;10000000;10000000
6101;101,0207;0,1532;26,1559;12,4653;35,6;100;190;10000000;10000000
6102;92,1936;0,1532;26,1559;12,4654;35,6;100;190;10000000;10000000
6103;83,9339;0,1532;26,1559;12,4654;35,6;100;190;10000000;10000000
6104;81,8085;0,1532;26,1559;12,4654;35,6;100;190;10000000;10000000
6105;79,3871;0,1532;26,1558;12,4654;35,6;100;190;10000000;10000000
6106;79,2388;0,1532;26,1558;12,4654;35,6;100;190;10000000;10000000
6107;78,9902;0,1532;26,1558;12,4654;35,6;100;190;10000000;10000000
6108;78,9902;0,1532;26,1558;12,4654;35,6;100;190;10000000;10000000
6109;78,9902;0,1532;26,1558;12,4654;35,6;100;190;10000000;10000000
6110;78,9902;0,1532;26,1557;12,4654;35,6;100;190;10000000;10000000
6111;80,0279;0,1532;26,1557;12,4654;35,6;100;190;10000000;10000000
6112;84,6156;0,1532;26,1557;12,4654;35,6;100;190;10000000;10000000
6113;95,3405;0,1532;26,1557;12,4654;35,6;100;190;10000000;10000000
6114;96,5042;0,1532;26,1557;12,4654;35,6;100;190;10000000;10000000
6115;86,2838;0,1532;26,1557;12,4654;35,6;100;190;10000000;10000000
6116;84,4278;0,1532;26,1556;12,4654;35,6;100;190;10000000;10000000
6117;83,1723;0,1532;26,1556;12,4654;35,6;100;190;10000000;10000000
6118;81,8085;0,1532;26,1556;12,4654;35,6;100;190;10000000;10000000
6119;79,3871;0,1532;26,1556;12,4654;35,6;100;190;10000000;10000000
6120;79,2415;0,1532;26,1556;12,4654;35,6;100;190;10000000;10000000
6121;79,248;0,1532;26,1555;12,4654;35,6;100;190;10000000;10000000
6122;79,248;0,1532;26,1555;12,4655;35,6;100;190;10000000;10000000
6123;79,3898;0,1532;26,1555;12,4655;35,6;100;190;10000000;10000000
6124;81,8113;0,1532;26,1555;12,4655;35,6;100;190;10000000;10000000
6125;83,6215;0,1532;26,1555;12,4655;35,6;100;190;10000000;10000000
6126;83,1504;0,1532;26,1555;12,4655;35,6;100;190;10000000;10000000
6127;78,9929;0,1532;26,1554;12,4655;35,6;100;190;10000000;10000000
6128;78,4697;0,1532;26,1554;12,4655;35,6;100;190;10000000;10000000
6129;76,5869;0,1532;26,1554;12,4655;35,6;100;190;10000000;10000000
6130;61,5529;0,1532;26,1554;12,4655;35,6;100;190;10000000;10000000
6131;61,5529;0,1532;26,1554;12,4655;35,6;100;190;10000000;10000000
6132;61,5529;0,1532;26,1554;12,4655;35,6;100;190;10000000;10000000
6133;61,5529;0,1532;26,1553;12,4655;35,6;100;190;10000000;10000000
6134;61,5529;0,1532;26,1553;12,4655;35,6;100;190;10000000;10000000
6135;78,3592;0,1532;26,1553;12,4655;35,6;100;190;10000000;10000000
6136;78,9929;0,1532;26,1553;12,4655;35,6;100;190;10000000;10000000
6137;81,8756;0,1532;26,1553;12,4655;35,6;100;190;10000000;10000000
6138;81,7013;0,1532;26,1552;12,4655;35,6;100;190;10000000;10000000
6139;79,2415;0,1532;26,1552;12,4655;35,6;100;190;10000000;10000000
6140;78,9929;0,1532;26,1552;12,4655;35,6;100;190;10000000;10000000
6141;78,9678;0,1532;26,1552;12,4655;35,6;100;190;10000000;10000000
6142;78,4697;0,1532;26,1552;12,4656;35,6;100;190;10000000;10000000
6143;78,3592;0,1532;26,1552;12,4656;35,6;100;190;10000000;10000000
6144;78,9378;0,1532;26,1551;12,4656;35,6;100;190;10000000;10000000
6145;78,9956;0,1532;26,1551;12,4656;35,6;100;190;10000000;10000000
6146;78,9956;0,1532;26,1551;12,4656;35,6;100;190;10000000;10000000
6147;78,9956;0,1532;26,1551;12,4656;35,6;100;190;10000000;10000000
6148;81,8784;0,1532;26,1551;12,4656;35,6;100;190;10000000;10000000
6149;83,178;0,1532;26,1551;12,4656;35,6;100;190;10000000;10000000
6150;82,4832;0,1532;26,155;12,4656;35,6;100;190;10000000;10000000
6151;78,9956;0,1532;26,155;12,4656;35,6;100;190;10000000;10000000
6152;61,555;0,1532;26,155;12,4656;35,6;100;190;10000000;10000000
6153;61,555;0,1532;26,155;12,4656;35,6;100;190;10000000;10000000
6154;61,555;0,1532;26,155;12,4656;35,6;100;190;10000000;10000000
6155;63,3866;0,1532;26,1549;12,4656;35,6;100;190;10000000;10000000
6156;61,555;0,1532;26,1549;12,4656;35,6;100;190;10000000;10000000
6157;61,555;0,1532;26,1549;12,4656;35,6;100;190;10000000;10000000
6158;61,555;0,1532;26,1549;12,4656;35,6;100;190;10000000;10000000
6159;61,555;0,1532;26,1549;12,4656;35,6;100;190;10000000;10000000
6160;61,555;0,1532;26,1549;12,4656;35,6;100;190;10000000;10000000
6161;78,9378;0,1532;26,1548;12,4656;35,6;100;190;10000000;10000000
6162;78,9956;0,1532;26,1548;12,4657;35,6;100;190;10000000;10000000
6163;78,9956;0,1532;26,1548;12,4657;35,6;100;190;10000000;10000000
6164;78,9956;0,1532;26,1548;12,4657;35,6;100;190;10000000;10000000
6165;78,4724;0,1532;26,1548;12,4657;35,6;100;190;10000000;10000000
6166;78,3594;0,1532;26,1548;12,4657;35,6;100;190;10000000;10000000
6167;78,4724;0,1532;26,1547;12,4657;35,6;100;190;10000000;10000000
6168;78,4751;0,1532;26,1547;12,4657;35,6;100;190;10000000;10000000
6169;78,9983;0,1532;26,1547;12,4657;35,6;100;190;10000000;10000000
6170;78,9983;0,1532;26,1547;12,4657;35,6;100;190;10000000;10000000
6171;78,9983;0,1532;26,1547;12,4657;35,6;100;190;10000000;10000000
6172;81,1899;0,1532;26,1546;12,4657;35,6;100;190;10000000;10000000
6173;81,8047;0,1532;26,1546;12,4657;35,6;100;190;10000000;10000000
6174;81,8168;0,1532;26,1546;12,4657;35,6;100;190;10000000;10000000
6175;81,8047;0,1532;26,1546;12,4657;35,6;100;190;10000000;10000000
6176;78,9983;0,1532;26,1546;12,4657;35,6;100;190;10000000;10000000
6177;78,9983;0,1532;26,1546;12,4657;35,6;100;190;10000000;10000000
6178;78,9983;0,1532;26,1545;12,4657;35,6;100;190;10000000;10000000
6179;78,4751;0,1532;26,1545;12,4657;35,6;100;190;10000000;10000000
6180;78,4751;0,1532;26,1545;12,4657;35,6;100;190;10000000;10000000
6181;78,4751;0,1532;26,1545;12,4657;35,6;100;190;10000000;10000000
6182;78,9983;0,1532;26,1545;12,4658;35,6;100;190;10000000;10000000
6183;78,9983;0,1532;26,1545;12,4658;35,6;100;190;10000000;10000000
6184;82,9331;0,1532;26,1544;12,4658;35,6;100;190;10000000;10000000
6185;86,1799;0,1532;26,1544;12,4658;35,6;100;190;10000000;10000000
6186;86,3955;0,1532;26,1544;12,4658;35,6;100;190;10000000;10000000
6187;84,3759;0,1532;26,1544;12,4658;35,6;100;190;10000000;10000000
6188;84,1541;0,1532;26,1544;12,4658;35,6;100;190;10000000;10000000
6189;82,9331;0,1532;26,1543;12,4658;35,6;100;190;10000000;10000000
6190;81,8812;0,1532;26,1543;12,4658;35,6;100;190;10000000;10000000
6191;80,4466;0,1532;26,1543;12,4658;35,6;100;190;10000000;10000000
6192;79,1106;0,1532;26,1543;12,4658;35,6;100;190;10000000;10000000
6193;79,001;0,1532;26,1543;12,4658;35,6;100;190;10000000;10000000
6194;79,001;0,1532;26,1543;12,4658;35,6;100;190;10000000;10000000
6195;79,001;0,1532;26,1542;12,4658;35,6;100;190;10000000;10000000
6196;79,001;0,1532;26,1542;12,4658;35,6;100;190;10000000;10000000
6197;79,001;0,1532;26,1542;12,4658;35,6;100;190;10000000;10000000
6198;79,001;0,1532;26,1542;12,4658;35,6;100;190;10000000;10000000
6199;78,3598;0,1532;26,1542;12,4658;35,6;100;190;10000000;10000000
6200;61,5592;0,1532;26,1542;12,4658;35,6;100;190;10000000;10000000
6201;61,5592;0,1532;26,1541;12,4658;35,6;100;190;10000000;10000000
6202;79,001;0,1532;26,1541;12,4659;35,6;100;190;10000000;10000000
6203;77,7059;0,1532;26,1541;12,4659;35,6;100;190;10000000;10000000
6204;77,7059;0,1532;26,1541;12,4659;35,6;100;190;10000000;10000000
6205;61,5592;0,1532;26,1541;12,4659;35,6;100;190;10000000;10000000
6206;77,7059;0,1532;26,154;12,4659;35,6;100;190;10000000;10000000
6207;66,7296;0,1532;26,154;12,4659;35,6;100;190;10000000;10000000
6208;79,001;0,1532;26,154;12,4659;35,6;100;190;10000000;10000000
6209;79,001;0,1532;26,154;12,4659;35,6;100;190;10000000;10000000
6210;79,001;0,1532;26,154;12,4659;35,6;100;190;10000000;10000000
6211;79,001;0,1532;26,154;12,4659;35,6;100;190;10000000;10000000
6212;79,001;0,1532;26,1539;12,4659;35,6;100;190;10000000;10000000
6213;79,001;0,1532;26,1539;12,4659;35,6;100;190;10000000;10000000
6214;79,001;0,1532;26,1539;12,4659;35,6;100;190;10000000;10000000
6215;79,001;0,1532;26,1539;12,4659;35,6;100;190;10000000;10000000
6216;79,0037;0,1532;26,1539;12,4659;35,6;100;190;10000000;10000000
6217;79,0037;0,1532;26,1539;12,4659;35,6;100;190;10000000;10000000
6218;79,0037;0,1532;26,1538;12,4659;35,6;100;190;10000000;10000000
6219;79,1536;0,1532;26,1538;12,4659;35,6;100;190;10000000;10000000
6220;81,1955;0,1532;26,1538;12,4659;35,6;100;190;10000000;10000000
6221;81,1955;0,1532;26,1538;12,4659;35,6;100;190;10000000;10000000
6222;81,5536;0,1532;26,1538;12,466;35,6;100;190;10000000;10000000
6223;80,8293;0,1532;26,1537;12,466;35,6;100;190;10000000;10000000
6224;79,8728;0,1532;26,1537;12,466;35,6;100;190;10000000;10000000
6225;79,8728;0,1532;26,1537;12,466;35,6;100;190;10000000;10000000
6226;79,0037;0,1532;26,1537;12,466;35,6;100;190;10000000;10000000
6227;79,1133;0,1532;26,1537;12,466;35,6;100;190;10000000;10000000
6228;79,8728;0,1532;26,1537;12,466;35,6;100;190;10000000;10000000
6229;79,8728;0,1532;26,1536;12,466;35,6;100;190;10000000;10000000
6230;79,1133;0,1532;26,1536;12,466;35,6;100;190;10000000;10000000
6231;80,4521;0,1532;26,1536;12,466;35,6;100;190;10000000;10000000
6232;85,1531;0,1532;26,1536;12,466;35,6;100;190;10000000;10000000
6233;90,9385;0,1532;26,1536;12,466;35,6;100;190;10000000;10000000
6234;92,5175;0,1532;26,1536;12,466;35,6;100;190;10000000;10000000
6235;87,7245;0,1532;26,1535;12,466;35,6;100;190;10000000;10000000
6236;87,6801;0,1532;26,1535;12,466;35,6;100;190;10000000;10000000
6237;85,8062;0,1532;26,1535;12,466;35,6;100;190;10000000;10000000
6238;85,1501;0,1533;26,1535;12,466;35,6;100;190;10000000;10000000
6239;86,1258;0,1533;26,1535;12,466;35,6;100;190;10000000;10000000
6240;86,1888;0,1533;26,1534;12,466;35,6;100;190;10000000;10000000
6241;86,1888;0,1533;26,1534;12,466;35,6;100;190;10000000;10000000
6242;86,9091;0,1533;26,1534;12,4661;35,6;100;190;10000000;10000000
6243;90,1323;0,1533;26,1534;12,4661;35,6;100;190;10000000;10000000
6244;110,0793;0,1533;26,1534;12,4661;35,6;100;190;10000000;10000000
6245;131,6773;0,1533;26,1534;12,4661;35,6;100;190;10000000;10000000
6246;113,1948;0,1533;26,1533;12,4661;35,6;100;190;10000000;10000000
6247;90,9776;0,1533;26,1533;12,4661;35,6;100;190;10000000;10000000
6248;87,4589;0,1533;26,1533;12,4661;35,6;100;190;10000000;10000000
6249;86,1888;0,1533;26,1533;12,4661;35,6;100;190;10000000;10000000
6250;86,1888;0,1533;26,1533;12,4661;35,6;100;190;10000000;10000000
6251;86,1888;0,1533;26,1532;12,4661;35,6;100;190;10000000;10000000
6252;86,1888;0,1533;26,1532;12,4661;35,6;100;190;10000000;10000000
6253;86,1888;0,1533;26,1532;12,4661;35,6;100;190;10000000;10000000
6254;86,1888;0,1533;26,1532;12,4661;35,6;100;190;10000000;10000000
6255;90,9416;0,1533;26,1532;12,4661;35,6;100;190;10000000;10000000
6256;119,4257;0,1533;26,1532;12,4661;35,6;100;190;10000000;10000000
6257;133,9079;0,1533;26,1531;12,4661;35,6;100;190;10000000;10000000
6258;131,6773;0,1533;26,1531;12,4661;35,6;100;190;10000000;10000000
6259;119,0094;0,1533;26,1531;12,4661;35,6;100;190;10000000;10000000
6260;104,4436;0,1533;26,1531;12,4661;35,6;100;190;10000000;10000000
6261;97,045;0,1533;26,1531;12,4661;35,6;100;190;10000000;10000000
6262;96,9269;0,1533;26,1531;12,4662;35,6;100;190;10000000;10000000
6263;96,9269;0,1533;26,153;12,4662;35,6;100;190;10000000;10000000
6264;90,9807;0,1533;26,153;12,4662;35,6;100;190;10000000;10000000
6265;90,9807;0,1533;26,153;12,4662;35,6;100;190;10000000;10000000
6266;90,9807;0,1533;26,153;12,4662;35,6;100;190;10000000;10000000
6267;94,7716;0,1533;26,153;12,4662;35,6;100;190;10000000;10000000
6268;112,3431;0,1533;26,1529;12,4662;35,6;100;190;10000000;10000000
6269;131,8006;0,1533;26,1529;12,4662;35,6;100;190;10000000;10000000
6270;131,6818;0,1533;26,1529;12,4662;35,6;100;190;10000000;10000000
6271;113,3755;0,1533;26,1529;12,4662;35,6;100;190;10000000;10000000
6272;101,7982;0,1533;26,1529;12,4662;35,6;100;190;10000000;10000000
6273;90,6929;0,1533;26,1529;12,4662;35,6;100;190;10000000;10000000
6274;87,9166;0,1533;26,1528;12,4662;35,6;100;190;10000000;10000000
6275;87,4592;0,1533;26,1528;12,4662;35,6;100;190;10000000;10000000
6276;87,1768;0,1533;26,1528;12,4662;35,6;100;190;10000000;10000000
6277;87,4592;0,1533;26,1528;12,4662;35,6;100;190;10000000;10000000
6278;87,7305;0,1533;26,1528;12,4662;35,6;100;190;10000000;10000000
6279;107,039;0,1533;26,1528;12,4662;35,6;100;190;10000000;10000000
6280;135,7376;0,1533;26,1527;12,4662;35,6;100;190;10000000;10000000
6281;143,6528;0,1533;26,1527;12,4662;35,6;100;190;10000000;10000000
6282;140,2535;0,1533;26,1527;12,4663;35,6;100;190;10000000;10000000
6283;132,4479;0,1533;26,1527;12,4663;35,6;100;190;10000000;10000000
6284;118,83;0,1533;26,1527;12,4663;35,6;100;190;10000000;10000000
6285;100,967;0,1533;26,1526;12,4663;35,6;100;190;10000000;10000000
6286;98,7354;0,1533;26,1526;12,4663;35,6;100;190;10000000;10000000
6287;97,0483;0,1533;26,1526;12,4663;35,6;100;190;10000000;10000000
6288;96,9335;0,1533;26,1526;12,4663;35,6;100;190;10000000;10000000
6289;97,4813;0,1533;26,1526;12,4663;35,6;100;190;10000000;10000000
6290;98,3221;0,1533;26,1526;12,4663;35,6;100;190;10000000;10000000
6291;112,347;0,1533;26,1525;12,4663;35,6;100;190;10000000;10000000
6292;143,6578;0,1533;26,1525;12,4663;35,6;100;190;10000000;10000000
6293;143,6578;0,1533;26,1525;12,4663;35,6;100;190;10000000;10000000
6294;136,2795;0,1533;26,1525;12,4663;35,6;100;190;10000000;10000000
6295;114,6742;0,1533;26,1525;12,4663;35,6;100;190;10000000;10000000
6296;100,2503;0,1533;26,1525;12,4663;35,6;100;190;10000000;10000000
6297;89,8758;0,1533;26,1524;12,4663;35,6;100;190;10000000;10000000
6298;87,4411;0,1533;26,1524;12,4663;35,6;100;190;10000000;10000000
6299;87,4594;0,1533;26,1524;12,4663;35,6;100;190;10000000;10000000
6300;87,2176;0,1533;26,1524;12,4663;35,6;100;190;10000000;10000000
6301;87,2176;0,1533;26,1524;12,4663;35,6;100;190;10000000;10000000
6302;87,2176;0,1533;26,1523;12,4664;35,6;100;190;10000000;10000000
6303;88,6875;0,1533;26,1523;12,4664;35,6;100;190;10000000;10000000
6304;130,2899;0,1533;26,1523;12,4664;35,6;100;190;10000000;10000000
6305;143,6578;0,1533;26,1523;12,4664;35,6;100;190;10000000;10000000
6306;140,2708;0,1533;26,1523;12,4664;35,6;100;190;10000000;10000000
6307;131,6863;0,1533;26,1523;12,4664;35,6;100;190;10000000;10000000
6308;109,4028;0,1533;26,1522;12,4664;35,6;100;190;10000000;10000000
6309;97,0516;0,1533;26,1522;12,4664;35,6;100;190;10000000;10000000
6310;90,9478;0,1533;26,1522;12,4664;35,6;100;190;10000000;10000000
6311;87,7335;0,1533;26,1522;12,4664;35,6;100;190;10000000;10000000
6312;90,9869;0,1533;26,1522;12,4664;35,6;100;190;10000000;10000000
6313;89,7084;0,1533;26,1522;12,4664;35,6;100;190;10000000;10000000
6314;89,6856;0,1533;26,1521;12,4664;35,6;100;190;10000000;10000000
6315;92,5302;0,1533;26,1521;12,4664;35,6;100;190;10000000;10000000
6316;108,3824;0,1533;26,1521;12,4664;35,6;100;190;10000000;10000000
6317;137,4165;0,1533;26,1521;12,4664;35,6;100;190;10000000;10000000
6318;131,6908;0,1533;26,1521;12,4664;35,6;100;190;10000000;10000000
6319;96,9369;0,1533;26,152;12,4664;35,6;100;190;10000000;10000000
6320;84,7732;0,1533;26,152;12,4664;35,6;100;190;10000000;10000000
6321;81,8336;0,1533;26,152;12,4664;35,6;100;190;10000000;10000000
6322;81,1724;0,1533;26,152;12,4665;35,6;100;190;10000000;10000000
6323;80,0525;0,1533;26,152;12,4665;35,6;100;190;10000000;10000000
6324;79,9498;0,1533;26,152;12,4665;35,6;100;190;10000000;10000000
6325;79,9498;0,1533;26,1519;12,4665;35,6;100;190;10000000;10000000
6326;79,8121;0,1533;26,1519;12,4665;35,6;100;190;10000000;10000000
6327;81,6659;0,1533;26,1519;12,4665;35,6;100;190;10000000;10000000
6328;87,9259;0,1533;26,1519;12,4665;35,6;100;190;10000000;10000000
6329;131,6908;0,1533;26,1519;12,4665;35,6;100;190;10000000;10000000
6330;131,6908;0,1533;26,1519;12,4665;35,6;100;190;10000000;10000000
6331;104,4543;0,1533;26,1518;12,4665;35,6;100;190;10000000;10000000
6332;87,9259;0,1533;26,1518;12,4665;35,6;100;190;10000000;10000000
6333;86,1976;0,1533;26,1518;12,4665;35,6;100;190;10000000;10000000
6334;83,6444;0,1533;26,1518;12,4665;35,6;100;190;10000000;10000000
6335;83,0675;0,1533;26,1518;12,4665;35,6;100;190;10000000;10000000
6336;83,1816;0,1533;26,1517;12,4665;35,6;100;190;10000000;10000000
6337;82,549;0,1533;26,1517;12,4665;35,6;100;190;10000000;10000000
6338;83,0114;0,1533;26,1517;12,4665;35,6;100;190;10000000;10000000
6339;83,1816;0,1533;26,1517;12,4665;35,6;100;190;10000000;10000000
6340;84,8759;0,1533;26,1517;12,4665;35,6;100;190;10000000;10000000
6341;84,6445;0,1533;26,1517;12,4665;35,6;100;190;10000000;10000000
6342;81,9701;0,1533;26,1516;12,4666;35,6;100;190;10000000;10000000
6343;78,3611;0,1533;26,1516;12,4666;35,6;100;190;10000000;10000000
6344;61,5718;0,1533;26,1516;12,4666;35,6;100;190;10000000;10000000
6345;41,7869;0,1533;26,1516;12,4666;35,6;100;190;10000000;10000000
6346;61,5718;0,1533;26,1516;12,4666;35,6;100;190;10000000;10000000
6347;61,5718;0,1533;26,1516;12,4666;35,6;100;190;10000000;10000000
6348;60,3006;0,1533;26,1515;12,4666;35,6;100;190;10000000;10000000
6349;60,3006;0,1533;26,1515;12,4666;35,6;100;190;10000000;10000000
6350;48,036;0,1533;26,1515;12,4666;35,6;100;190;10000000;10000000
6351;61,5718;0,1533;26,1515;12,4666;35,6;100;190;10000000;10000000
6352;61,5718;0,1533;26,1515;12,4666;35,6;100;190;10000000;10000000
6353;80,0552;0,1533;26,1514;12,4666;35,6;100;190;10000000;10000000
6354;80,0552;0,1533;26,1514;12,4666;35,6;100;190;10000000;10000000
6355;79,0172;0,1533;26,1514;12,4666;35,6;100;190;10000000;10000000
6356;61,5718;0,1533;26,1514;12,4666;35,6;100;190;10000000;10000000
6357;61,5718;0,1533;26,1514;12,4666;35,6;100;190;10000000;10000000
6358;61,5718;0,1533;26,1514;12,4666;35,6;100;190;10000000;10000000
6359;61,5718;0,1533;26,1513;12,4666;35,6;100;190;10000000;10000000
6360;61,5739;0,1533;26,1513;12,4666;35,6;100;190;10000000;10000000
6361;61,5739;0,1533;26,1513;12,4666;35,6;100;190;10000000;10000000
6362;61,5739;0,1533;26,1513;12,4667;35,6;100;190;10000000;10000000
6363;61,5739;0,1533;26,1513;12,4667;35,6;100;190;10000000;10000000
6364;61,5739;0,1533;26,1512;12,4667;35,6;100;190;10000000;10000000
6365;61,5739;0,1533;26,1512;12,4667;35,6;100;190;10000000;10000000
6366;61,5739;0,1533;26,1512;12,4667;35,6;100;190;10000000;10000000
6367;61,5739;0,1533;26,1512;12,4667;35,6;100;190;10000000;10000000
6368;61,5739;0,1533;26,1512;12,4667;35,6;100;190;10000000;10000000
6369;61,5739;0,1533;26,1512;12,4667;35,6;100;190;10000000;10000000
6370;61,5739;0,1533;26,1511;12,4667;35,6;100;190;10000000;10000000
6371;61,5739;0,1533;26,1511;12,4667;35,6;100;190;10000000;10000000
6372;61,5739;0,1533;26,1511;12,4667;35,6;100;190;10000000;10000000
6373;61,5739;0,1533;26,1511;12,4667;35,6;100;190;10000000;10000000
6374;42,2767;0,1533;26,1511;12,4667;35,6;100;190;10000000;10000000
6375;61,5739;0,1533;26,1511;12,4667;35,6;100;190;10000000;10000000
6376;77,7245;0,1533;26,151;12,4667;35,6;100;190;10000000;10000000
6377;79,0199;0,1533;26,151;12,4667;35,6;100;190;10000000;10000000
6378;79,0199;0,1533;26,151;12,4667;35,6;100;190;10000000;10000000
6379;79,0199;0,1533;26,151;12,4667;35,6;100;190;10000000;10000000
6380;79,0199;0,1533;26,151;12,4667;35,6;100;190;10000000;10000000
6381;79,0199;0,1533;26,1509;12,4667;35,6;100;190;10000000;10000000
6382;79,0199;0,1533;26,1509;12,4668;35,6;100;190;10000000;10000000
6383;79,0199;0,1533;26,1509;12,4668;35,6;100;190;10000000;10000000
6384;79,0226;0,1533;26,1509;12,4668;35,6;100;190;10000000;10000000
6385;79,0226;0,1533;26,1509;12,4668;35,6;100;190;10000000;10000000
6386;79,0226;0,1533;26,1509;12,4668;35,6;100;190;10000000;10000000
6387;79,0226;0,1533;26,1508;12,4668;35,6;100;190;10000000;10000000
6388;79,0226;0,1533;26,1508;12,4668;35,6;100;190;10000000;10000000
6389;79,0226;0,1533;26,1508;12,4668;35,6;100;190;10000000;10000000
6390;79,0226;0,1533;26,1508;12,4668;35,6;100;190;10000000;10000000
6391;78,7344;0,1533;26,1508;12,4668;35,6;100;190;10000000;10000000
6392;78,3616;0,1533;26,1508;12,4668;35,6;100;190;10000000;10000000
6393;73,5359;0,1533;26,1507;12,4668;35,6;100;190;10000000;10000000
6394;78,3616;0,1533;26,1507;12,4668;35,6;100;190;10000000;10000000
6395;77,7271;0,1533;26,1507;12,4668;35,6;100;190;10000000;10000000
6396;78,3616;0,1533;26,1507;12,4668;35,6;100;190;10000000;10000000
6397;78,3616;0,1533;26,1507;12,4668;35,6;100;190;10000000;10000000
6398;78,3616;0,1533;26,1506;12,4668;35,6;100;190;10000000;10000000
6399;79,0226;0,1533;26,1506;12,4668;35,6;100;190;10000000;10000000
6400;81,9064;0,1533;26,1506;12,4668;35,6;100;190;10000000;10000000
6401;85,8267;0,1533;26,1506;12,4668;35,6;100;190;10000000;10000000
6402;86,2064;0,1533;26,1506;12,4669;35,6;100;190;10000000;10000000
6403;85,7651;0,1533;26,1506;12,4669;35,6;100;190;10000000;10000000
6404;84,4574;0,1533;26,1505;12,4669;35,6;100;190;10000000;10000000
6405;83,4958;0,1533;26,1505;12,4669;35,6;100;190;10000000;10000000
6406;83,6529;0,1533;26,1505;12,4669;35,6;100;190;10000000;10000000
6407;83,731;0,1533;26,1505;12,4669;35,6;100;190;10000000;10000000
6408;83,7369;0,1533;26,1505;12,4669;35,6;100;190;10000000;10000000
6409;83,6558;0,1533;26,1505;12,4669;35,6;100;190;10000000;10000000
6410;83,9251;0,1533;26,1504;12,4669;35,6;100;190;10000000;10000000
6411;84,8846;0,1533;26,1504;12,4669;35,6;100;190;10000000;10000000
6412;91,5772;0,1533;26,1504;12,4669;35,6;100;190;10000000;10000000
6413;110,3551;0,1533;26,1504;12,4669;35,6;100;190;10000000;10000000
6414;104,4686;0,1533;26,1504;12,4669;35,6;100;190;10000000;10000000
6415;92,527;0,1533;26,1503;12,4669;35,6;100;190;10000000;10000000
6416;86,2094;0,1533;26,1503;12,4669;35,6;100;190;10000000;10000000
6417;85,3554;0,1533;26,1503;12,4669;35,6;100;190;10000000;10000000
6418;85,3554;0,1533;26,1503;12,4669;35,6;100;190;10000000;10000000
6419;86,2094;0,1533;26,1503;12,4669;35,6;100;190;10000000;10000000
6420;84,7889;0,1533;26,1503;12,4669;35,6;100;190;10000000;10000000
6421;84,7889;0,1533;26,1502;12,4669;35,6;100;190;10000000;10000000
6422;84,7889;0,1533;26,1502;12,467;35,6;100;190;10000000;10000000
6423;85,854;0,1533;26,1502;12,467;35,6;100;190;10000000;10000000
6424;114,1231;0,1533;26,1502;12,467;35,6;100;190;10000000;10000000
6425;143,6823;0,1533;26,1502;12,467;35,6;100;190;10000000;10000000
6426;137,4353;0,1533;26,1502;12,467;35,6;100;190;10000000;10000000
6427;131,7088;0,1533;26,1501;12,467;35,6;100;190;10000000;10000000
6428;108,2842;0,1533;26,1501;12,467;35,6;100;190;10000000;10000000
6429;95,7889;0,1533;26,1501;12,467;35,6;100;190;10000000;10000000
6430;87,9379;0,1533;26,1501;12,467;35,6;100;190;10000000;10000000
6431;87,7485;0,1533;26,1501;12,467;35,6;100;190;10000000;10000000
6432;87,459;0,1533;26,15;12,467;35,6;100;190;10000000;10000000
6433;87,459;0,1533;26,15;12,467;35,6;100;190;10000000;10000000
6434;87,7515;0,1533;26,15;12,467;35,6;100;190;10000000;10000000
6435;90,1868;0,1533;26,15;12,467;35,6;100;190;10000000;10000000
6436;128,9586;0,1533;26,15;12,467;35,6;100;190;10000000;10000000
6437;140,0442;0,1533;26,15;12,467;35,6;100;190;10000000;10000000
6438;130,6033;0,1533;26,1499;12,467;35,6;100;190;10000000;10000000
6439;104,4722;0,1533;26,1499;12,467;35,6;100;190;10000000;10000000
6440;98,2632;0,1533;26,1499;12,467;35,6;100;190;10000000;10000000
6441;86,6541;0,1533;26,1499;12,467;35,6;100;190;10000000;10000000
6442;86,6541;0,1533;26,1499;12,4671;35,6;100;190;10000000;10000000
6443;86,6541;0,1533;26,1499;12,4671;35,6;100;190;10000000;10000000
6444;87,8458;0,1533;26,1498;12,4671;35,6;100;190;10000000;10000000
6445;86,6541;0,1533;26,1498;12,4671;35,6;100;190;10000000;10000000
6446;86,6541;0,1533;26,1498;12,4671;35,6;100;190;10000000;10000000
6447;100,6406;0,1533;26,1498;12,4671;35,6;100;190;10000000;10000000
6448;143,6872;0,1533;26,1498;12,4671;35,6;100;190;10000000;10000000
6449;152,0315;0,1533;26,1497;12,4671;35,6;100;190;10000000;10000000
6450;148,1721;0,1533;26,1497;12,4671;35,6;100;190;10000000;10000000
6451;143,6872;0,1533;26,1497;12,4671;35,6;100;190;10000000;10000000
6452;133,9445;0,1533;26,1497;12,4671;35,6;100;190;10000000;10000000
6453;112,37;0,1533;26,1497;12,4671;35,6;100;190;10000000;10000000
6454;100,0919;0,1533;26,1497;12,4671;35,6;100;190;10000000;10000000
6455;96,9534;0,1533;26,1496;12,4671;35,6;100;190;10000000;10000000
6456;96,9567;0,1533;26,1496;12,4671;35,6;100;190;10000000;10000000
6457;92,5492;0,1533;26,1496;12,4671;35,6;100;190;10000000;10000000
6458;92,3481;0,1533;26,1496;12,4671;35,6;100;190;10000000;10000000
6459;107,0683;0,1533;26,1496;12,4671;35,6;100;190;10000000;10000000
6460;131,7178;0,1533;26,1496;12,4671;35,6;100;190;10000000;10000000
6461;140,3819;0,1533;26,1495;12,4671;35,6;100;190;10000000;10000000
6462;132,4841;0,1533;26,1495;12,4671;35,6;100;190;10000000;10000000
6463;104,4757;0,1533;26,1495;12,4672;35,6;100;190;10000000;10000000
6464;84,8904;0,1533;26,1495;12,4672;35,6;100;190;10000000;10000000
6465;83,5044;0,1533;26,1495;12,4672;35,6;100;190;10000000;10000000
6466;83,215;0,1533;26,1494;12,4672;35,6;100;190;10000000;10000000
6467;83,4866;0,1533;26,1494;12,4672;35,6;100;190;10000000;10000000
6468;83,215;0,1533;26,1494;12,4672;35,6;100;190;10000000;10000000
6469;81,9841;0,1533;26,1494;12,4672;35,6;100;190;10000000;10000000
6470;81,9841;0,1533;26,1494;12,4672;35,6;100;190;10000000;10000000
6471;84,4105;0,1533;26,1494;12,4672;35,6;100;190;10000000;10000000
6472;131,4952;0,1533;26,1493;12,4672;35,6;100;190;10000000;10000000
6473;143,6921;0,1533;26,1493;12,4672;35,6;100;190;10000000;10000000
6474;138,5938;0,1533;26,1493;12,4672;35,6;100;190;10000000;10000000
6475;130,3211;0,1533;26,1493;12,4672;35,6;100;190;10000000;10000000
6476;100,9947;0,1533;26,1493;12,4672;35,6;100;190;10000000;10000000
6477;90,9696;0,1533;26,1492;12,4672;35,6;100;190;10000000;10000000
6478;85,1792;0,1533;26,1492;12,4672;35,6;100;190;10000000;10000000
6479;84,7906;0,1533;26,1492;12,4672;35,6;100;190;10000000;10000000
6480;84,138;0,1533;26,1492;12,4672;35,6;100;190;10000000;10000000
6481;83,6644;0,1533;26,1492;12,4672;35,6;100;190;10000000;10000000
6482;83,6644;0,1533;26,1492;12,4672;35,6;100;190;10000000;10000000
6483;84,138;0,1533;26,1491;12,4673;35,6;100;190;10000000;10000000
6484;86,2182;0,1533;26,1491;12,4673;35,6;100;190;10000000;10000000
6485;86,2182;0,1533;26,1491;12,4673;35,6;100;190;10000000;10000000
6486;86,2182;0,1533;26,1491;12,4673;35,6;100;190;10000000;10000000
6487;83,2179;0,1533;26,1491;12,4673;35,6;100;190;10000000;10000000
6488;77,7377;0,1533;26,1491;12,4673;35,6;100;190;10000000;10000000
6489;61,5844;0,1533;26,149;12,4673;35,6;100;190;10000000;10000000
6490;61,5844;0,1533;26,149;12,4673;35,6;100;190;10000000;10000000
6491;61,5844;0,1533;26,149;12,4673;35,6;100;190;10000000;10000000
6492;61,5844;0,1533;26,149;12,4673;35,6;100;190;10000000;10000000
6493;61,5844;0,1533;26,149;12,4673;35,6;100;190;10000000;10000000
6494;61,5844;0,1533;26,1489;12,4673;35,6;100;190;10000000;10000000
6495;77,7377;0,1533;26,1489;12,4673;35,6;100;190;10000000;10000000
6496;79,0334;0,1533;26,1489;12,4673;35,6;100;190;10000000;10000000
6497;79,0334;0,1533;26,1489;12,4673;35,6;100;190;10000000;10000000
6498;79,0334;0,1533;26,1489;12,4673;35,6;100;190;10000000;10000000
6499;79,0334;0,1533;26,1489;12,4673;35,6;100;190;10000000;10000000
6500;79,0334;0,1533;26,1488;12,4673;35,6;100;190;10000000;10000000
6501;79,0334;0,1533;26,1488;12,4673;35,6;100;190;10000000;10000000
6502;79,0334;0,1533;26,1488;12,4673;35,6;100;190;10000000;10000000
6503;79,0334;0,1533;26,1488;12,4674;35,6;100;190;10000000;10000000
6504;79,0361;0,1533;26,1488;12,4674;35,6;100;190;10000000;10000000
6505;79,0361;0,1533;26,1488;12,4674;35,6;100;190;10000000;10000000
6506;79,2848;0,1533;26,1487;12,4674;35,6;100;190;10000000;10000000
6507;80,4851;0,1533;26,1487;12,4674;35,6;100;190;10000000;10000000
6508;83,0502;0,1533;26,1487;12,4674;35,6;100;190;10000000;10000000
6509;84,3182;0,1533;26,1487;12,4674;35,6;100;190;10000000;10000000
6510;86,2212;0,1533;26,1487;12,4674;35,6;100;190;10000000;10000000
6511;82,5688;0,1533;26,1486;12,4674;35,6;100;190;10000000;10000000
6512;81,856;0,1533;26,1486;12,4674;35,6;100;190;10000000;10000000
6513;80,0744;0,1533;26,1486;12,4674;35,6;100;190;10000000;10000000
6514;80,4851;0,1533;26,1486;12,4674;35,6;100;190;10000000;10000000
6515;80,3165;0,1533;26,1486;12,4674;35,6;100;190;10000000;10000000
6516;80,3165;0,1533;26,1486;12,4674;35,6;100;190;10000000;10000000
6517;80,4851;0,1533;26,1485;12,4674;35,6;100;190;10000000;10000000
6518;81,746;0,1533;26,1485;12,4674;35,6;100;190;10000000;10000000
6519;83,6672;0,1533;26,1485;12,4674;35,6;100;190;10000000;10000000
6520;96,9634;0,1533;26,1485;12,4674;35,6;100;190;10000000;10000000
6521;131,7268;0,1533;26,1485;12,4674;35,6;100;190;10000000;10000000
6522;130,33;0,1533;26,1485;12,4674;35,6;100;190;10000000;10000000
6523;115,5358;0,1533;26,1484;12,4675;35,6;100;190;10000000;10000000
6524;104,4829;0,1533;26,1484;12,4675;35,6;100;190;10000000;10000000
6525;89,7329;0,1533;26,1484;12,4675;35,6;100;190;10000000;10000000
6526;87,468;0,1533;26,1484;12,4675;35,6;100;190;10000000;10000000
6527;86,2212;0,1533;26,1484;12,4675;35,6;100;190;10000000;10000000
6528;86,2241;0,1533;26,1483;12,4675;35,6;100;190;10000000;10000000
6529;86,2241;0,1533;26,1483;12,4675;35,6;100;190;10000000;10000000
6530;86,2272;0,1533;26,1483;12,4675;35,6;100;190;10000000;10000000
6531;87,2096;0,1533;26,1483;12,4675;35,6;100;190;10000000;10000000
6532;89,0207;0,1533;26,1483;12,4675;35,6;100;190;10000000;10000000
6533;107,0793;0,1533;26,1483;12,4675;35,6;100;190;10000000;10000000
6534;91,1798;0,1533;26,1482;12,4675;35,6;100;190;10000000;10000000
6535;85,8443;0,1533;26,1482;12,4675;35,6;100;190;10000000;10000000
6536;84,3211;0,1533;26,1482;12,4675;35,6;100;190;10000000;10000000
6537;82,5417;0,1533;26,1482;12,4675;35,6;100;190;10000000;10000000
6538;81,7487;0,1533;26,1482;12,4675;35,6;100;190;10000000;10000000
6539;81,2316;0,1533;26,1482;12,4675;35,6;100;190;10000000;10000000
6540;81,2316;0,1533;26,1481;12,4675;35,6;100;190;10000000;10000000
6541;81,4968;0,1533;26,1481;12,4675;35,6;100;190;10000000;10000000
6542;80,4879;0,1533;26,1481;12,4675;35,6;100;190;10000000;10000000
6543;83,2903;0,1533;26,1481;12,4676;35,6;100;190;10000000;10000000
6544;95,794;0,1533;26,1481;12,4676;35,6;100;190;10000000;10000000
6545;110,2702;0,1533;26,148;12,4676;35,6;100;190;10000000;10000000
6546;87,4955;0,1533;26,148;12,4676;35,6;100;190;10000000;10000000
6547;86,4398;0,1533;26,148;12,4676;35,6;100;190;10000000;10000000
6548;83,9394;0,1533;26,148;12,4676;35,6;100;190;10000000;10000000
6549;81,77;0,1533;26,148;12,4676;35,6;100;190;10000000;10000000
6550;79,0388;0,1533;26,148;12,4676;35,6;100;190;10000000;10000000
6551;73,9036;0,1533;26,1479;12,4676;35,6;100;190;10000000;10000000
6552;61,5908;0,1533;26,1479;12,4676;35,6;100;190;10000000;10000000
6553;61,5908;0,1533;26,1479;12,4676;35,6;100;190;10000000;10000000
6554;59,8713;0,1533;26,1479;12,4676;35,6;100;190;10000000;10000000
6555;0;0,1533;26,1479;12,4676;35,6;100;190;10000000;10000000
6556;0;0,1533;26,1479;12,4676;35,6;100;190;10000000;10000000
6557;0;0,1533;26,1478;12,4676;35,6;100;190;10000000;10000000
6558;0;0,1533;26,1478;12,4676;35,6;100;190;10000000;10000000
6559;0;0,1533;26,1478;12,4676;35,6;100;190;10000000;10000000
6560;0;0,1533;26,1478;12,4676;35,6;100;190;10000000;10000000
6561;0;0,1533;26,1478;12,4676;35,6;100;190;10000000;10000000
6562;0;0,1533;26,1478;12,4676;35,6;100;190;10000000;10000000
6563;0;0,1533;26,1477;12,4677;35,6;100;190;10000000;10000000
6564;0;0,1533;26,1477;12,4677;35,6;100;190;10000000;10000000
6565;0;0,1533;26,1477;12,4677;35,6;100;190;10000000;10000000
6566;0;0,1533;26,1477;12,4677;35,6;100;190;10000000;10000000
6567;61,5908;0,1533;26,1477;12,4677;35,6;100;190;10000000;10000000
6568;61,5908;0,1533;26,1476;12,4677;35,6;100;190;10000000;10000000
6569;78,518;0,1533;26,1476;12,4677;35,6;100;190;10000000;10000000
6570;79,0415;0,1533;26,1476;12,4677;35,6;100;190;10000000;10000000
6571;79,0415;0,1533;26,1476;12,4677;35,6;100;190;10000000;10000000
6572;79,0415;0,1533;26,1476;12,4677;35,6;100;190;10000000;10000000
6573;79,0415;0,1533;26,1476;12,4677;35,6;100;190;10000000;10000000
6574;79,8394;0,1533;26,1475;12,4677;35,6;100;190;10000000;10000000
6575;79,0415;0,1533;26,1475;12,4677;35,6;100;190;10000000;10000000
6576;79,8422;0,1533;26,1475;12,4677;35,6;100;190;10000000;10000000
6577;79,4414;0,1533;26,1475;12,4677;35,6;100;190;10000000;10000000
6578;80,3664;0,1533;26,1475;12,4677;35,6;100;190;10000000;10000000
6579;81,5954;0,1533;26,1475;12,4677;35,6;100;190;10000000;10000000
6580;82,9813;0,1533;26,1474;12,4677;35,6;100;190;10000000;10000000
6581;84,8005;0,1533;26,1474;12,4677;35,6;100;190;10000000;10000000
6582;86,23;0,1533;26,1474;12,4677;35,6;100;190;10000000;10000000
6583;82,9813;0,1533;26,1474;12,4677;35,6;100;190;10000000;10000000
6584;79,0442;0,1533;26,1474;12,4678;35,6;100;190;10000000;10000000
6585;79,0442;0,1533;26,1474;12,4678;35,6;100;190;10000000;10000000
6586;78,9874;0,1533;26,1473;12,4678;35,6;100;190;10000000;10000000
6587;79,0442;0,1533;26,1473;12,4678;35,6;100;190;10000000;10000000
6588;79,0442;0,1534;26,1473;12,4678;35,6;100;190;10000000;10000000
6589;79,0442;0,1534;26,1473;12,4678;35,6;100;190;10000000;10000000
6590;79,0442;0,1534;26,1473;12,4678;35,6;100;190;10000000;10000000
6591;83,0987;0,1534;26,1473;12,4678;35,6;100;190;10000000;10000000
6592;108,2666;0,1534;26,1472;12,4678;35,6;100;190;10000000;10000000
6593;131,7403;0,1534;26,1472;12,4678;35,6;100;190;10000000;10000000
6594;125,3421;0,1534;26,1472;12,4678;35,6;100;190;10000000;10000000
6595;96,9733;0,1534;26,1472;12,4678;35,6;100;190;10000000;10000000
6596;87,2155;0,1534;26,1472;12,4678;35,6;100;190;10000000;10000000
6597;82,5772;0,1534;26,1472;12,4678;35,6;100;190;10000000;10000000
6598;79,0442;0,1534;26,1471;12,4678;35,6;100;190;10000000;10000000
6599;61,5929;0,1534;26,1471;12,4678;35,6;100;190;10000000;10000000
6600;61,595;0,1534;26,1471;12,4678;35,6;100;190;10000000;10000000
6601;61,595;0,1534;26,1471;12,4678;35,6;100;190;10000000;10000000
6602;61,595;0,1534;26,1471;12,4678;35,6;100;190;10000000;10000000
6603;0;0,1534;26,147;12,4678;35,6;100;190;10000000;10000000
6604;0;0,1534;26,147;12,4678;35,6;100;190;10000000;10000000
6605;0;0,1534;26,147;12,4679;35,6;100;190;10000000;10000000
6606;-1;0,1534;26,147;12,4679;35,6;100;190;10000000;10000000
6607;-1;0,1534;26,147;12,4679;35,6;100;190;10000000;10000000
6608;-65;0,1534;26,147;12,4679;35,6;100;190;10000000;10000000
6609;-65;0,1534;26,1469;12,4679;35,6;100;190;10000000;10000000
6610;-65;0,1534;26,1469;12,4679;35,6;100;190;10000000;10000000
6611;-65;0,1534;26,1469;12,4679;35,6;100;190;10000000;10000000
6612;-65;0,1534;26,1469;12,4679;35,6;100;190;10000000;10000000
6613;-65;0,1534;26,1469;12,4679;35,6;100;190;10000000;10000000
6614;-65;0,1534;26,1469;12,4679;35,6;100;190;10000000;10000000
6615;-65;0,1534;26,1468;12,4679;35,6;100;190;10000000;10000000
6616;-65;0,1534;26,1468;12,4679;35,6;100;190;10000000;10000000
6617;-65;0,1534;26,1468;12,4679;35,6;100;190;10000000;10000000
6618;-65;0,1534;26,1468;12,4679;35,6;100;190;10000000;10000000
6619;-65;0,1534;26,1468;12,4679;35,6;100;190;10000000;10000000
6620;-65;0,1534;26,1468;12,4679;35,6;100;190;10000000;10000000
6621;-65;0,1534;26,1467;12,4679;35,6;100;190;10000000;10000000
6622;-65;0,1534;26,1467;12,4679;35,6;100;190;10000000;10000000
6623;-65;0,1534;26,1467;12,4679;35,6;100;190;10000000;10000000
6624;-65;0,1534;26,1467;12,4679;35,6;100;190;10000000;10000000
6625;-65;0,1534;26,1467;12,468;35,6;100;190;10000000;10000000
6626;-65;0,1534;26,1467;12,468;35,6;100;190;10000000;10000000
6627;-65;0,1534;26,1466;12,468;35,6;100;190;10000000;10000000
6628;-65;0,1534;26,1466;12,468;35,6;100;190;10000000;10000000
6629;-65;0,1534;26,1466;12,468;35,6;100;190;10000000;10000000
6630;-65;0,1534;26,1466;12,468;35,6;100;190;10000000;10000000
6631;-65;0,1534;26,1466;12,468;35,6;100;190;10000000;10000000
6632;-1;0,1534;26,1466;12,468;35,6;100;190;10000000;10000000
6633;0;0,1534;26,1465;12,468;35,6;100;190;10000000;10000000
6634;0;0,1534;26,1465;12,468;35,6;100;190;10000000;10000000
6635;0;0,1534;26,1465;12,468;35,6;100;190;10000000;10000000
6636;0;0,1534;26,1465;12,468;35,6;100;190;10000000;10000000
6637;0;0,1534;26,1465;12,468;35,6;100;190;10000000;10000000
6638;0;0,1534;26,1464;12,468;35,6;100;190;10000000;10000000
6639;48,428;0,1534;26,1464;12,468;35,6;100;190;10000000;10000000
6640;61,5971;0,1534;26,1464;12,468;35,6;100;190;10000000;10000000
6641;61,5971;0,1534;26,1464;12,468;35,6;100;190;10000000;10000000
6642;78,5261;0,1534;26,1464;12,468;35,6;100;190;10000000;10000000
6643;78,5261;0,1534;26,1464;12,468;35,6;100;190;10000000;10000000
6644;79,0496;0,1534;26,1463;12,468;35,6;100;190;10000000;10000000
6645;79,0496;0,1534;26,1463;12,468;35,6;100;190;10000000;10000000
6646;79,2984;0,1534;26,1463;12,4681;35,6;100;190;10000000;10000000
6647;79,0496;0,1534;26,1463;12,4681;35,6;100;190;10000000;10000000
6648;82,0065;0,1534;26,1463;12,4681;35,6;100;190;10000000;10000000
6649;82,9898;0,1534;26,1463;12,4681;35,6;100;190;10000000;10000000
6650;82,9898;0,1534;26,1462;12,4681;35,6;100;190;10000000;10000000
6651;83,5272;0,1534;26,1462;12,4681;35,6;100;190;10000000;10000000
6652;86,2389;0,1534;26,1462;12,4681;35,6;100;190;10000000;10000000
6653;96,9832;0,1534;26,1462;12,4681;35,6;100;190;10000000;10000000
6654;94,4807;0,1534;26,1462;12,4681;35,6;100;190;10000000;10000000
6655;85,8589;0,1534;26,1462;12,4681;35,6;100;190;10000000;10000000
6656;85,2025;0,1534;26,1461;12,4681;35,6;100;190;10000000;10000000
6657;83,6844;0,1534;26,1461;12,4681;35,6;100;190;10000000;10000000
6658;82,4227;0,1534;26,1461;12,4681;35,6;100;190;10000000;10000000
6659;81,9372;0,1534;26,1461;12,4681;35,6;100;190;10000000;10000000
6660;81,9818;0,1534;26,1461;12,4681;35,6;100;190;10000000;10000000
6661;83,7625;0,1534;26,1461;12,4681;35,6;100;190;10000000;10000000
6662;86,2389;0,1534;26,146;12,4681;35,6;100;190;10000000;10000000
6663;107,0976;0,1534;26,146;12,4681;35,6;100;190;10000000;10000000
6664;131,8727;0,1534;26,146;12,4681;35,6;100;190;10000000;10000000
6665;135,4421;0,1534;26,146;12,4681;35,6;100;190;10000000;10000000
6666;131,7538;0,1534;26,146;12,4681;35,6;100;190;10000000;10000000
6667;104,5043;0,1534;26,146;12,4682;35,6;100;190;10000000;10000000
6668;96,9832;0,1534;26,1459;12,4682;35,6;100;190;10000000;10000000
6669;89,9219;0,1534;26,1459;12,4682;35,6;100;190;10000000;10000000
6670;84,8138;0,1534;26,1459;12,4682;35,6;100;190;10000000;10000000
6671;83,9538;0,1534;26,1459;12,4682;35,6;100;190;10000000;10000000
6672;83,5122;0,1534;26,1459;12,4682;35,6;100;190;10000000;10000000
6673;83,6872;0,1534;26,1458;12,4682;35,6;100;190;10000000;10000000
6674;83,779;0,1534;26,1458;12,4682;35,6;100;190;10000000;10000000
6675;84,835;0,1534;26,1458;12,4682;35,6;100;190;10000000;10000000
6676;97,1047;0,1534;26,1458;12,4682;35,6;100;190;10000000;10000000
6677;120,7616;0,1534;26,1458;12,4682;35,6;100;190;10000000;10000000
6678;101,0257;0,1534;26,1458;12,4682;35,6;100;190;10000000;10000000
6679;86,2418;0,1534;26,1457;12,4682;35,6;100;190;10000000;10000000
6680;83,159;0,1534;26,1457;12,4682;35,6;100;190;10000000;10000000
6681;78,4988;0,1534;26,1457;12,4682;35,6;100;190;10000000;10000000
6682;61,6013;0,1534;26,1457;12,4682;35,6;100;190;10000000;10000000
6683;61,6013;0,1534;26,1457;12,4682;35,6;100;190;10000000;10000000
6684;61,6013;0,1534;26,1457;12,4682;35,6;100;190;10000000;10000000
6685;61,6013;0,1534;26,1456;12,4682;35,6;100;190;10000000;10000000
6686;61,6013;0,1534;26,1456;12,4682;35,6;100;190;10000000;10000000
6687;67,2057;0,1534;26,1456;12,4683;35,6;100;190;10000000;10000000
6688;79,055;0,1534;26,1456;12,4683;35,6;100;190;10000000;10000000
6689;79,055;0,1534;26,1456;12,4683;35,6;100;190;10000000;10000000
6690;78,3642;0,1534;26,1456;12,4683;35,6;100;190;10000000;10000000
6691;61,6013;0,1534;26,1455;12,4683;35,6;100;190;10000000;10000000
6692;61,6013;0,1534;26,1455;12,4683;35,6;100;190;10000000;10000000
6693;7,5758;0,1534;26,1455;12,4683;35,6;100;190;10000000;10000000
6694;36,7883;0,1534;26,1455;12,4683;35,6;100;190;10000000;10000000
6695;34,3891;0,1534;26,1455;12,4683;35,6;100;190;10000000;10000000
6696;40,3978;0,1534;26,1455;12,4683;35,6;100;190;10000000;10000000
6697;59,7705;0,1534;26,1454;12,4683;35,6;100;190;10000000;10000000
6698;59,7705;0,1534;26,1454;12,4683;35,6;100;190;10000000;10000000
6699;49,6414;0,1534;26,1454;12,4683;35,6;100;190;10000000;10000000
6700;59,7705;0,1534;26,1454;12,4683;35,6;100;190;10000000;10000000
6701;61,6034;0,1534;26,1454;12,4683;35,6;100;190;10000000;10000000
6702;61,6034;0,1534;26,1454;12,4683;35,6;100;190;10000000;10000000
6703;61,6034;0,1534;26,1453;12,4683;35,6;100;190;10000000;10000000
6704;61,6034;0,1534;26,1453;12,4683;35,6;100;190;10000000;10000000
6705;61,6034;0,1534;26,1453;12,4683;35,6;100;190;10000000;10000000
6706;61,6034;0,1534;26,1453;12,4683;35,6;100;190;10000000;10000000
6707;61,6034;0,1534;26,1453;12,4683;35,6;100;190;10000000;10000000
6708;61,6034;0,1534;26,1453;12,4684;35,6;100;190;10000000;10000000
6709;61,6034;0,1534;26,1452;12,4684;35,6;100;190;10000000;10000000
6710;61,6034;0,1534;26,1452;12,4684;35,6;100;190;10000000;10000000
6711;78,5341;0,1534;26,1452;12,4684;35,6;100;190;10000000;10000000
6712;82,0122;0,1534;26,1452;12,4684;35,6;100;190;10000000;10000000
6713;83,6901;0,1534;26,1452;12,4684;35,6;100;190;10000000;10000000
6714;83,1129;0,1534;26,1451;12,4684;35,6;100;190;10000000;10000000
6715;82,0122;0,1534;26,1451;12,4684;35,6;100;190;10000000;10000000
6716;81,251;0,1534;26,1451;12,4684;35,6;100;190;10000000;10000000
6717;79,0577;0,1534;26,1451;12,4684;35,6;100;190;10000000;10000000
6718;79,0577;0,1534;26,1451;12,4684;35,6;100;190;10000000;10000000
6719;79,0577;0,1534;26,1451;12,4684;35,6;100;190;10000000;10000000
6720;79,0604;0,1534;26,145;12,4684;35,6;100;190;10000000;10000000
6721;73,322;0,1534;26,145;12,4684;35,6;100;190;10000000;10000000
6722;79,0604;0,1534;26,145;12,4684;35,6;100;190;10000000;10000000
6723;79,8585;0,1534;26,145;12,4684;35,6;100;190;10000000;10000000
6724;80,6683;0,1534;26,145;12,4684;35,6;100;190;10000000;10000000
6725;81,8812;0,1534;26,145;12,4684;35,6;100;190;10000000;10000000
6726;83,227;0,1534;26,1449;12,4684;35,6;100;190;10000000;10000000
6727;81,0672;0,1534;26,1449;12,4684;35,6;100;190;10000000;10000000
6728;78,3646;0,1534;26,1449;12,4684;35,6;100;190;10000000;10000000
6729;72,5685;0,1534;26,1449;12,4685;35,6;100;190;10000000;10000000
6730;77,3063;0,1534;26,1449;12,4685;35,6;100;190;10000000;10000000
6731;75,9701;0,1534;26,1449;12,4685;35,6;100;190;10000000;10000000
6732;73,2337;0,1534;26,1448;12,4685;35,6;100;190;10000000;10000000
6733;71,276;0,1534;26,1448;12,4685;35,6;100;190;10000000;10000000
6734;77,1344;0,1534;26,1448;12,4685;35,6;100;190;10000000;10000000
6735;79,0604;0,1534;26,1448;12,4685;35,6;100;190;10000000;10000000
6736;84,1702;0,1534;26,1448;12,4685;35,6;100;190;10000000;10000000
6737;86,1876;0,1534;26,1448;12,4685;35,6;100;190;10000000;10000000
6738;86,2477;0,1534;26,1447;12,4685;35,6;100;190;10000000;10000000
6739;84,9223;0,1534;26,1447;12,4685;35,6;100;190;10000000;10000000
6740;84,1667;0,1534;26,1447;12,4685;35,6;100;190;10000000;10000000
6741;82,5942;0,1534;26,1447;12,4685;35,6;100;190;10000000;10000000
6742;81,2538;0,1534;26,1447;12,4685;35,6;100;190;10000000;10000000
6743;80,6683;0,1534;26,1447;12,4685;35,6;100;190;10000000;10000000
6744;80,6685;0,1534;26,1446;12,4685;35,6;100;190;10000000;10000000
6745;80,3749;0,1534;26,1446;12,4685;35,6;100;190;10000000;10000000
6746;81,6149;0,1534;26,1446;12,4685;35,6;100;190;10000000;10000000
6747;81,7739;0,1534;26,1446;12,4685;35,6;100;190;10000000;10000000
6748;84,6937;0,1534;26,1446;12,4685;35,6;100;190;10000000;10000000
6749;96,9965;0,1534;26,1445;12,4685;35,6;100;190;10000000;10000000
6750;109,4948;0,1534;26,1445;12,4686;35,6;100;190;10000000;10000000
6751;87,8849;0,1534;26,1445;12,4686;35,6;100;190;10000000;10000000
6752;83,5387;0,1534;26,1445;12,4686;35,6;100;190;10000000;10000000
6753;81,2565;0,1534;26,1445;12,4686;35,6;100;190;10000000;10000000
6754;80,344;0,1534;26,1445;12,4686;35,6;100;190;10000000;10000000
6755;80,2246;0,1534;26,1444;12,4686;35,6;100;190;10000000;10000000
6756;80,0073;0,1534;26,1444;12,4686;35,6;100;190;10000000;10000000
6757;80,5126;0,1534;26,1444;12,4686;35,6;100;190;10000000;10000000
6758;83,6546;0,1534;26,1444;12,4686;35,6;100;190;10000000;10000000
6759;105,9238;0,1534;26,1444;12,4686;35,6;100;190;10000000;10000000
6760;143,7511;0,1534;26,1444;12,4686;35,6;100;190;10000000;10000000
6761;143,7511;0,1534;26,1443;12,4686;35,6;100;190;10000000;10000000
6762;131,7718;0,1534;26,1443;12,4686;35,6;100;190;10000000;10000000
6763;87,98;0,1534;26,1443;12,4686;35,6;100;190;10000000;10000000
6764;87,6039;0,1534;26,1443;12,4686;35,6;100;190;10000000;10000000
6765;87,7904;0,1534;26,1443;12,4686;35,6;100;190;10000000;10000000
6766;85,8707;0,1534;26,1443;12,4686;35,6;100;190;10000000;10000000
6767;84,9154;0,1534;26,1442;12,4686;35,6;100;190;10000000;10000000
6768;85,217;0,1534;26,1442;12,4686;35,6;100;190;10000000;10000000
6769;85,5466;0,1534;26,1442;12,4686;35,6;100;190;10000000;10000000
6770;86,1935;0,1534;26,1442;12,4687;35,6;100;190;10000000;10000000
6771;86,2725;0,1534;26,1442;12,4687;35,6;100;190;10000000;10000000
6772;94,8396;0,1534;26,1442;12,4687;35,6;100;190;10000000;10000000
6773;104,5222;0,1534;26,1441;12,4687;35,6;100;190;10000000;10000000
6774;130,379;0,1534;26,1441;12,4687;35,6;100;190;10000000;10000000
6775;108,1345;0,1534;26,1441;12,4687;35,6;100;190;10000000;10000000
6776;95,838;0,1534;26,1441;12,4687;35,6;100;190;10000000;10000000
6777;87,199;0,1534;26,1441;12,4687;35,6;100;190;10000000;10000000
6778;86,2725;0,1534;26,1441;12,4687;35,6;100;190;10000000;10000000
6779;86,4693;0,1534;26,144;12,4687;35,6;100;190;10000000;10000000
6780;86,4693;0,1534;26,144;12,4687;35,6;100;190;10000000;10000000
6781;86,2567;0,1534;26,144;12,4687;35,6;100;190;10000000;10000000
6782;86,6743;0,1534;26,144;12,4687;35,6;100;190;10000000;10000000
6783;97,9495;0,1534;26,144;12,4687;35,6;100;190;10000000;10000000
6784;131,7763;0,1534;26,1439;12,4687;35,6;100;190;10000000;10000000
6785;138,9432;0,1534;26,1439;12,4687;35,6;100;190;10000000;10000000
6786;135,4555;0,1534;26,1439;12,4687;35,6;100;190;10000000;10000000
6787;130,379;0,1534;26,1439;12,4687;35,6;100;190;10000000;10000000
6788;109,4996;0,1534;26,1439;12,4687;35,6;100;190;10000000;10000000
6789;97,118;0,1534;26,1439;12,4687;35,6;100;190;10000000;10000000
6790;87,983;0,1534;26,1438;12,4687;35,6;100;190;10000000;10000000
6791;87,983;0,1534;26,1438;12,4688;35,6;100;190;10000000;10000000
6792;87,2423;0,1534;26,1438;12,4688;35,6;100;190;10000000;10000000
6793;86,8728;0,1534;26,1438;12,4688;35,6;100;190;10000000;10000000
6794;86,4723;0,1534;26,1438;12,4688;35,6;100;190;10000000;10000000
6795;87,986;0,1534;26,1438;12,4688;35,6;100;190;10000000;10000000
6796;108,1345;0,1534;26,1437;12,4688;35,6;100;190;10000000;10000000
6797;135,8952;0,1534;26,1437;12,4688;35,6;100;190;10000000;10000000
6798;141,4254;0,1534;26,1437;12,4688;35,6;100;190;10000000;10000000
6799;122,638;0,1534;26,1437;12,4688;35,6;100;190;10000000;10000000
6800;86,4723;0,1534;26,1437;12,4688;35,6;100;190;10000000;10000000
6801;83,7797;0,1534;26,1437;12,4688;35,6;100;190;10000000;10000000
6802;79,3173;0,1534;26,1436;12,4688;35,6;100;190;10000000;10000000
6803;79,0685;0,1534;26,1436;12,4688;35,6;100;190;10000000;10000000
6804;79,0685;0,1534;26,1436;12,4688;35,6;100;190;10000000;10000000
6805;79,4658;0,1534;26,1436;12,4688;35,6;100;190;10000000;10000000
6806;79,4658;0,1534;26,1436;12,4688;35,6;100;190;10000000;10000000
6807;83,1243;0,1534;26,1436;12,4688;35,6;100;190;10000000;10000000
6808;86,6772;0,1534;26,1435;12,4688;35,6;100;190;10000000;10000000
6809;85,815;0,1534;26,1435;12,4688;35,6;100;190;10000000;10000000
6810;84,1789;0,1534;26,1435;12,4688;35,6;100;190;10000000;10000000
6811;79,3641;0,1534;26,1435;12,4688;35,6;100;190;10000000;10000000
6812;79,0685;0,1534;26,1435;12,4689;35,6;100;190;10000000;10000000
6813;78,3652;0,1534;26,1435;12,4689;35,6;100;190;10000000;10000000
6814;61,6118;0,1534;26,1434;12,4689;35,6;100;190;10000000;10000000
6815;61,6118;0,1534;26,1434;12,4689;35,6;100;190;10000000;10000000
6816;59,858;0,1534;26,1434;12,4689;35,6;100;190;10000000;10000000
6817;59,858;0,1534;26,1434;12,4689;35,6;100;190;10000000;10000000
6818;41,9006;0,1534;26,1434;12,4689;35,6;100;190;10000000;10000000
6819;61,6139;0,1534;26,1433;12,4689;35,6;100;190;10000000;10000000
6820;61,6139;0,1534;26,1433;12,4689;35,6;100;190;10000000;10000000
6821;61,6139;0,1534;26,1433;12,4689;35,6;100;190;10000000;10000000
6822;61,6139;0,1534;26,1433;12,4689;35,6;100;190;10000000;10000000
6823;61,6139;0,1534;26,1433;12,4689;35,6;100;190;10000000;10000000
6824;61,6139;0,1534;26,1433;12,4689;35,6;100;190;10000000;10000000
6825;61,6139;0,1534;26,1432;12,4689;35,6;100;190;10000000;10000000
6826;61,6139;0,1534;26,1432;12,4689;35,6;100;190;10000000;10000000
6827;61,6139;0,1534;26,1432;12,4689;35,6;100;190;10000000;10000000
6828;61,6139;0,1534;26,1432;12,4689;35,6;100;190;10000000;10000000
6829;61,6139;0,1534;26,1432;12,4689;35,6;100;190;10000000;10000000
6830;44,0522;0,1534;26,1432;12,4689;35,6;100;190;10000000;10000000
6831;61,6139;0,1534;26,1431;12,4689;35,6;100;190;10000000;10000000
6832;79,0712;0,1534;26,1431;12,469;35,6;100;190;10000000;10000000
6833;80,9157;0,1534;26,1431;12,469;35,6;100;190;10000000;10000000
6834;80,5209;0,1534;26,1431;12,469;35,6;100;190;10000000;10000000
6835;80,1099;0,1534;26,1431;12,469;35,6;100;190;10000000;10000000
6836;79,8694;0,1534;26,1431;12,469;35,6;100;190;10000000;10000000
6837;79,0712;0,1534;26,143;12,469;35,6;100;190;10000000;10000000
6838;79,1809;0,1534;26,143;12,469;35,6;100;190;10000000;10000000
6839;79,7932;0,1534;26,143;12,469;35,6;100;190;10000000;10000000
6840;79,0739;0,1534;26,143;12,469;35,6;100;190;10000000;10000000
6841;79,1837;0,1534;26,143;12,469;35,6;100;190;10000000;10000000
6842;81,7273;0,1534;26,143;12,469;35,6;100;190;10000000;10000000
6843;83,0124;0,1534;26,1429;12,469;35,6;100;190;10000000;10000000
6844;84,8411;0,1534;26,1429;12,469;35,6;100;190;10000000;10000000
6845;87,8024;0,1534;26,1429;12,469;35,6;100;190;10000000;10000000
6846;87,2483;0,1534;26,1429;12,469;35,6;100;190;10000000;10000000
6847;84,9369;0,1534;26,1429;12,469;35,6;100;190;10000000;10000000
6848;83,2413;0,1534;26,1429;12,469;35,6;100;190;10000000;10000000
6849;79,8722;0,1534;26,1428;12,469;35,6;100;190;10000000;10000000
6850;79,4712;0,1534;26,1428;12,469;35,6;100;190;10000000;10000000
6851;79,0739;0,1534;26,1428;12,469;35,6;100;190;10000000;10000000
6852;79,0739;0,1534;26,1428;12,469;35,6;100;190;10000000;10000000
6853;79,0739;0,1534;26,1428;12,4691;35,6;100;190;10000000;10000000
6854;79,0739;0,1534;26,1427;12,4691;35,6;100;190;10000000;10000000
6855;81,6261;0,1534;26,1427;12,4691;35,6;100;190;10000000;10000000
6856;86,2624;0,1534;26,1427;12,4691;35,6;100;190;10000000;10000000
6857;87,6178;0,1534;26,1427;12,4691;35,6;100;190;10000000;10000000
6858;86,6831;0,1534;26,1427;12,4691;35,6;100;190;10000000;10000000
6859;85,8824;0,1534;26,1427;12,4691;35,6;100;190;10000000;10000000
6860;85,5349;0,1534;26,1426;12,4691;35,6;100;190;10000000;10000000
6861;83,13;0,1534;26,1426;12,4691;35,6;100;190;10000000;10000000
6862;83,0124;0,1534;26,1426;12,4691;35,6;100;190;10000000;10000000
6863;82,029;0,1534;26,1426;12,4691;35,6;100;190;10000000;10000000
6864;81,898;0,1534;26,1426;12,4691;35,6;100;190;10000000;10000000
6865;81,898;0,1534;26,1426;12,4691;35,6;100;190;10000000;10000000
6866;81,898;0,1534;26,1425;12,4691;35,6;100;190;10000000;10000000
6867;83,0153;0,1534;26,1425;12,4691;35,6;100;190;10000000;10000000
6868;82,6111;0,1534;26,1425;12,4691;35,6;100;190;10000000;10000000
6869;83,2633;0,1534;26,1425;12,4691;35,6;100;190;10000000;10000000
6870;83,1328;0,1534;26,1425;12,4691;35,6;100;190;10000000;10000000
6871;81,8941;0,1534;26,1425;12,4691;35,6;100;190;10000000;10000000
6872;61,6181;0,1534;26,1424;12,4691;35,6;100;190;10000000;10000000
6873;61,6181;0,1534;26,1424;12,4691;35,6;100;190;10000000;10000000
6874;61,6181;0,1534;26,1424;12,4692;35,6;100;190;10000000;10000000
6875;54,8117;0,1534;26,1424;12,4692;35,6;100;190;10000000;10000000
6876;61,6181;0,1534;26,1424;12,4692;35,6;100;190;10000000;10000000
6877;61,6181;0,1534;26,1424;12,4692;35,6;100;190;10000000;10000000
6878;61,6181;0,1534;26,1423;12,4692;35,6;100;190;10000000;10000000
6879;54,8117;0,1534;26,1423;12,4692;35,6;100;190;10000000;10000000
6880;61,6181;0,1534;26,1423;12,4692;35,6;100;190;10000000;10000000
6881;61,6181;0,1534;26,1423;12,4692;35,6;100;190;10000000;10000000
6882;60,7911;0,1534;26,1423;12,4692;35,6;100;190;10000000;10000000
6883;12,9555;0,1534;26,1423;12,4692;35,6;100;190;10000000;10000000
6884;41,9206;0,1534;26,1422;12,4692;35,6;100;190;10000000;10000000
6885;21,9247;0,1534;26,1422;12,4692;35,6;100;190;10000000;10000000
6886;60,7911;0,1534;26,1422;12,4692;35,6;100;190;10000000;10000000
6887;61,6181;0,1534;26,1422;12,4692;35,6;100;190;10000000;10000000
6888;61,6202;0,1534;26,1422;12,4692;35,6;100;190;10000000;10000000
6889;61,6202;0,1534;26,1422;12,4692;35,6;100;190;10000000;10000000
6890;61,6202;0,1534;26,1421;12,4692;35,6;100;190;10000000;10000000
6891;61,6202;0,1534;26,1421;12,4692;35,6;100;190;10000000;10000000
6892;61,6202;0,1534;26,1421;12,4692;35,6;100;190;10000000;10000000
6893;61,6202;0,1534;26,1421;12,4692;35,6;100;190;10000000;10000000
6894;61,6202;0,1534;26,1421;12,4692;35,6;100;190;10000000;10000000
6895;61,6202;0,1534;26,142;12,4693;35,6;100;190;10000000;10000000
6896;61,6202;0,1534;26,142;12,4693;35,6;100;190;10000000;10000000
6897;61,6202;0,1534;26,142;12,4693;35,6;100;190;10000000;10000000
6898;61,6202;0,1534;26,142;12,4693;35,6;100;190;10000000;10000000
6899;61,6202;0,1534;26,142;12,4693;35,6;100;190;10000000;10000000
6900;61,6202;0,1534;26,142;12,4693;35,6;100;190;10000000;10000000
6901;61,6202;0,1534;26,1419;12,4693;35,6;100;190;10000000;10000000
6902;59,8849;0,1534;26,1419;12,4693;35,6;100;190;10000000;10000000
6903;61,6202;0,1534;26,1419;12,4693;35,6;100;190;10000000;10000000
6904;61,6202;0,1534;26,1419;12,4693;35,6;100;190;10000000;10000000
6905;79,0793;0,1534;26,1419;12,4693;35,6;100;190;10000000;10000000
6906;79,0793;0,1534;26,1419;12,4693;35,6;100;190;10000000;10000000
6907;79,4767;0,1534;26,1418;12,4693;35,6;100;190;10000000;10000000
6908;80,6698;0,1534;26,1418;12,4693;35,6;100;190;10000000;10000000
6909;80,1181;0,1534;26,1418;12,4693;35,6;100;190;10000000;10000000
6910;81,2732;0,1534;26,1418;12,4693;35,6;100;190;10000000;10000000
6911;80,1181;0,1534;26,1418;12,4693;35,6;100;190;10000000;10000000
6912;79,082;0,1534;26,1418;12,4693;35,6;100;190;10000000;10000000
6913;78,3663;0,1534;26,1417;12,4693;35,6;100;190;10000000;10000000
6914;78,3663;0,1534;26,1417;12,4693;35,6;100;190;10000000;10000000
6915;78,3981;0,1534;26,1417;12,4694;35,6;100;190;10000000;10000000
6916;79,1918;0,1534;26,1417;12,4694;35,6;100;190;10000000;10000000
6917;79,4794;0,1534;26,1417;12,4694;35,6;100;190;10000000;10000000
6918;79,082;0,1534;26,1417;12,4694;35,6;100;190;10000000;10000000
6919;61,6223;0,1534;26,1416;12,4694;35,6;100;190;10000000;10000000
6920;61,6223;0,1534;26,1416;12,4694;35,6;100;190;10000000;10000000
6921;61,6223;0,1534;26,1416;12,4694;35,6;100;190;10000000;10000000
6922;61,6223;0,1534;26,1416;12,4694;35,6;100;190;10000000;10000000
6923;61,6223;0,1534;26,1416;12,4694;35,6;100;190;10000000;10000000
6924;61,6223;0,1534;26,1416;12,4694;35,6;100;190;10000000;10000000
6925;61,6223;0,1534;26,1415;12,4694;35,6;100;190;10000000;10000000
6926;61,6223;0,1534;26,1415;12,4694;35,6;100;190;10000000;10000000
6927;67,5628;0,1534;26,1415;12,4694;35,6;100;190;10000000;10000000
6928;78,8697;0,1534;26,1415;12,4694;35,6;100;190;10000000;10000000
6929;80,5319;0,1534;26,1415;12,4694;35,6;100;190;10000000;10000000
6930;79,082;0,1534;26,1414;12,4694;35,6;100;190;10000000;10000000
6931;78,8697;0,1534;26,1414;12,4694;35,6;100;190;10000000;10000000
6932;78,8697;0,1534;26,1414;12,4694;35,6;100;190;10000000;10000000
6933;78,8697;0,1534;26,1414;12,4694;35,6;100;190;10000000;10000000
6934;79,082;0,1534;26,1414;12,4694;35,6;100;190;10000000;10000000
6935;79,082;0,1534;26,1414;12,4694;35,6;100;190;10000000;10000000
6936;79,0847;0,1534;26,1413;12,4695;35,6;100;190;10000000;10000000
6937;79,0847;0,1534;26,1413;12,4695;35,6;100;190;10000000;10000000
6938;79,1945;0,1534;26,1413;12,4695;35,6;100;190;10000000;10000000
6939;80,4953;0,1534;26,1413;12,4695;35,6;100;190;10000000;10000000
6940;82,661;0,1534;26,1413;12,4695;35,6;100;190;10000000;10000000
6941;85,8326;0,1534;26,1413;12,4695;35,6;100;190;10000000;10000000
6942;86,695;0,1534;26,1412;12,4695;35,6;100;190;10000000;10000000
6943;84,9485;0,1534;26,1412;12,4695;35,6;100;190;10000000;10000000
6944;83,2526;0,1534;26,1412;12,4695;35,6;100;190;10000000;10000000
6945;81,7962;0,1534;26,1412;12,4695;35,6;100;190;10000000;10000000
6946;82,0402;0,1534;26,1412;12,4695;35,6;100;190;10000000;10000000
6947;83,5615;0,1534;26,1412;12,4695;35,6;100;190;10000000;10000000
6948;84,7168;0,1535;26,1411;12,4695;35,6;100;190;10000000;10000000
6949;86,2742;0,1535;26,1411;12,4695;35,6;100;190;10000000;10000000
6950;86,2742;0,1535;26,1411;12,4695;35,6;100;190;10000000;10000000
6951;91,0678;0,1535;26,1411;12,4695;35,6;100;190;10000000;10000000
6952;108,1345;0,1535;26,1411;12,4695;35,6;100;190;10000000;10000000
6953;131,8078;0,1535;26,1411;12,4695;35,6;100;190;10000000;10000000
6954;129,0627;0,1535;26,141;12,4695;35,6;100;190;10000000;10000000
6955;115,6068;0,1535;26,141;12,4695;35,6;100;190;10000000;10000000
6956;116,3675;0,1535;26,141;12,4695;35,6;100;190;10000000;10000000
6957;115,2532;0,1535;26,141;12,4696;35,6;100;190;10000000;10000000
6958;108,1345;0,1535;26,141;12,4696;35,6;100;190;10000000;10000000
6959;112,4507;0,1535;26,141;12,4696;35,6;100;190;10000000;10000000
6960;109,4217;0,1535;26,1409;12,4696;35,6;100;190;10000000;10000000
6961;115,6429;0,1535;26,1409;12,4696;35,6;100;190;10000000;10000000
6962;109,4217;0,1535;26,1409;12,4696;35,6;100;190;10000000;10000000
6963;112,4545;0,1535;26,1409;12,4696;35,6;100;190;10000000;10000000
6964;133,707;0,1535;26,1409;12,4696;35,6;100;190;10000000;10000000
6965;144,2368;0,1535;26,1408;12,4696;35,6;100;190;10000000;10000000
6966;148,0893;0,1535;26,1408;12,4696;35,6;100;190;10000000;10000000
6967;144,9079;0,1535;26,1408;12,4696;35,6;100;190;10000000;10000000
6968;131,8123;0,1535;26,1408;12,4696;35,6;100;190;10000000;10000000
6969;112,4545;0,1535;26,1408;12,4696;35,6;100;190;10000000;10000000
6970;108,1345;0,1535;26,1408;12,4696;35,6;100;190;10000000;10000000
6971;108,1345;0,1535;26,1407;12,4696;35,6;100;190;10000000;10000000
6972;107,1451;0,1535;26,1407;12,4696;35,6;100;190;10000000;10000000
6973;108,1345;0,1535;26,1407;12,4696;35,6;100;190;10000000;10000000
6974;107,1451;0,1535;26,1407;12,4696;35,6;100;190;10000000;10000000
6975;139,0396;0,1535;26,1407;12,4696;35,6;100;190;10000000;10000000
6976;166,1664;0,1535;26,1407;12,4696;35,6;100;190;10000000;10000000
6977;173,7179;0,1535;26,1406;12,4696;35,6;100;190;10000000;10000000
6978;147,5334;0,1535;26,1406;12,4697;35,6;100;190;10000000;10000000
6979;145,4171;0,1535;26,1406;12,4697;35,6;100;190;10000000;10000000
6980;131,8123;0,1535;26,1406;12,4697;35,6;100;190;10000000;10000000
6981;115,9134;0,1535;26,1406;12,4697;35,6;100;190;10000000;10000000
6982;107,1451;0,1535;26,1406;12,4697;35,6;100;190;10000000;10000000
6983;91,0709;0,1535;26,1405;12,4697;35,6;100;190;10000000;10000000
6984;91,074;0,1535;26,1405;12,4697;35,6;100;190;10000000;10000000
6985;91,0379;0,1535;26,1405;12,4697;35,6;100;190;10000000;10000000
6986;88,0101;0,1535;26,1405;12,4697;35,6;100;190;10000000;10000000
6987;89,7942;0,1535;26,1405;12,4697;35,6;100;190;10000000;10000000
6988;101,7685;0,1535;26,1405;12,4697;35,6;100;190;10000000;10000000
6989;130,4191;0,1535;26,1404;12,4697;35,6;100;190;10000000;10000000
6990;124,0661;0,1535;26,1404;12,4697;35,6;100;190;10000000;10000000
6991;106,6155;0,1535;26,1404;12,4697;35,6;100;190;10000000;10000000
6992;87,8204;0,1535;26,1404;12,4697;35,6;100;190;10000000;10000000
6993;84,4216;0,1535;26,1404;12,4697;35,6;100;190;10000000;10000000
6994;83,8026;0,1535;26,1404;12,4697;35,6;100;190;10000000;10000000
6995;83,5227;0,1535;26,1403;12,4697;35,6;100;190;10000000;10000000
6996;83,147;0,1535;26,1403;12,4697;35,6;100;190;10000000;10000000
6997;83,147;0,1535;26,1403;12,4697;35,6;100;190;10000000;10000000
6998;83,5672;0,1535;26,1403;12,4698;35,6;100;190;10000000;10000000
6999;84,9543;0,1535;26,1403;12,4698;35,6;100;190;10000000;10000000
7000;115,6147;0,1535;26,1402;12,4698;35,6;100;190;10000000;10000000
7001;131,8168;0,1535;26,1402;12,4698;35,6;100;190;10000000;10000000
7002;102,1389;0,1535;26,1402;12,4698;35,6;100;190;10000000;10000000
7003;91,074;0,1535;26,1402;12,4698;35,6;100;190;10000000;10000000
7004;86,2355;0,1535;26,1402;12,4698;35,6;100;190;10000000;10000000
7005;84,9444;0,1535;26,1402;12,4698;35,6;100;190;10000000;10000000
7006;84,2019;0,1535;26,1401;12,4698;35,6;100;190;10000000;10000000
7007;82,2039;0,1535;26,1401;12,4698;35,6;100;190;10000000;10000000
7008;83,0323;0,1535;26,1401;12,4698;35,6;100;190;10000000;10000000
7009;83,1498;0,1535;26,1401;12,4698;35,6;100;190;10000000;10000000
7010;83,57;0,1535;26,1401;12,4698;35,6;100;190;10000000;10000000
7011;83,57;0,1535;26,1401;12,4698;35,6;100;190;10000000;10000000
7012;89,6664;0,1535;26,14;12,4698;35,6;100;190;10000000;10000000
7013;97,1511;0,1535;26,14;12,4698;35,6;100;190;10000000;10000000
7014;97,033;0,1535;26,14;12,4698;35,6;100;190;10000000;10000000
7015;84,7255;0,1535;26,14;12,4698;35,6;100;190;10000000;10000000
7016;79,0928;0,1535;26,14;12,4698;35,6;100;190;10000000;10000000
7017;61,6307;0,1535;26,14;12,4698;35,6;100;190;10000000;10000000
7018;61,6307;0,1535;26,1399;12,4698;35,6;100;190;10000000;10000000
7019;61,6307;0,1535;26,1399;12,4699;35,6;100;190;10000000;10000000
7020;61,6307;0,1535;26,1399;12,4699;35,6;100;190;10000000;10000000
7021;61,6307;0,1535;26,1399;12,4699;35,6;100;190;10000000;10000000
7022;61,6307;0,1535;26,1399;12,4699;35,6;100;190;10000000;10000000
7023;61,6307;0,1535;26,1399;12,4699;35,6;100;190;10000000;10000000
7024;77,7962;0,1535;26,1398;12,4699;35,6;100;190;10000000;10000000
7025;78,3672;0,1535;26,1398;12,4699;35,6;100;190;10000000;10000000
7026;78,3672;0,1535;26,1398;12,4699;35,6;100;190;10000000;10000000
7027;61,6307;0,1535;26,1398;12,4699;35,6;100;190;10000000;10000000
7028;61,6307;0,1535;26,1398;12,4699;35,6;100;190;10000000;10000000
7029;61,6307;0,1535;26,1398;12,4699;35,6;100;190;10000000;10000000
7030;61,6307;0,1535;26,1397;12,4699;35,6;100;190;10000000;10000000
7031;61,6307;0,1535;26,1397;12,4699;35,6;100;190;10000000;10000000
7032;61,6329;0,1535;26,1397;12,4699;35,6;100;190;10000000;10000000
7033;61,6329;0,1535;26,1397;12,4699;35,6;100;190;10000000;10000000
7034;61,6329;0,1535;26,1397;12,4699;35,6;100;190;10000000;10000000
7035;61,6329;0,1535;26,1396;12,4699;35,6;100;190;10000000;10000000
7036;61,6329;0,1535;26,1396;12,4699;35,6;100;190;10000000;10000000
7037;61,6329;0,1535;26,1396;12,4699;35,6;100;190;10000000;10000000
7038;61,6329;0,1535;26,1396;12,4699;35,6;100;190;10000000;10000000
7039;61,6329;0,1535;26,1396;12,4699;35,6;100;190;10000000;10000000
7040;61,6329;0,1535;26,1396;12,47;35,6;100;190;10000000;10000000
7041;61,6329;0,1535;26,1395;12,47;35,6;100;190;10000000;10000000
7042;61,6329;0,1535;26,1395;12,47;35,6;100;190;10000000;10000000
7043;61,6329;0,1535;26,1395;12,47;35,6;100;190;10000000;10000000
7044;61,6329;0,1535;26,1395;12,47;35,6;100;190;10000000;10000000
7045;61,6329;0,1535;26,1395;12,47;35,6;100;190;10000000;10000000
7046;61,6329;0,1535;26,1395;12,47;35,6;100;190;10000000;10000000
7047;61,6329;0,1535;26,1394;12,47;35,6;100;190;10000000;10000000
7048;77,7988;0,1535;26,1394;12,47;35,6;100;190;10000000;10000000
7049;78,8777;0,1535;26,1394;12,47;35,6;100;190;10000000;10000000
7050;78,8777;0,1535;26,1394;12,47;35,6;100;190;10000000;10000000
7051;78,8777;0,1535;26,1394;12,47;35,6;100;190;10000000;10000000
7052;76,7105;0,1535;26,1394;12,47;35,6;100;190;10000000;10000000
7053;78,3674;0,1535;26,1393;12,47;35,6;100;190;10000000;10000000
7054;78,0255;0,1535;26,1393;12,47;35,6;100;190;10000000;10000000
7055;66,1902;0,1535;26,1393;12,47;35,6;100;190;10000000;10000000
7056;74,9619;0,1535;26,1393;12,47;35,6;100;190;10000000;10000000
7057;72,4351;0,1535;26,1393;12,47;35,6;100;190;10000000;10000000
7058;76,4732;0,1535;26,1393;12,47;35,6;100;190;10000000;10000000
7059;78,3676;0,1535;26,1392;12,47;35,6;100;190;10000000;10000000
7060;78,7521;0,1535;26,1392;12,4701;35,6;100;190;10000000;10000000
7061;79,0982;0,1535;26,1392;12,4701;35,6;100;190;10000000;10000000
7062;79,0982;0,1535;26,1392;12,4701;35,6;100;190;10000000;10000000
7063;79,0982;0,1535;26,1392;12,4701;35,6;100;190;10000000;10000000
7064;79,2565;0,1535;26,1392;12,4701;35,6;100;190;10000000;10000000
7065;79,3471;0,1535;26,1391;12,4701;35,6;100;190;10000000;10000000
7066;79,8967;0,1535;26,1391;12,4701;35,6;100;190;10000000;10000000
7067;81,2789;0,1535;26,1391;12,4701;35,6;100;190;10000000;10000000
7068;81,2789;0,1535;26,1391;12,4701;35,6;100;190;10000000;10000000
7069;82,1081;0,1535;26,1391;12,4701;35,6;100;190;10000000;10000000
7070;82,5423;0,1535;26,139;12,4701;35,6;100;190;10000000;10000000
7071;85,5816;0,1535;26,139;12,4701;35,6;100;190;10000000;10000000
7072;86,2288;0,1535;26,139;12,4701;35,6;100;190;10000000;10000000
7073;88,0191;0,1535;26,139;12,4701;35,6;100;190;10000000;10000000
7074;91,5831;0,1535;26,139;12,4701;35,6;100;190;10000000;10000000
7075;91,5831;0,1535;26,139;12,4701;35,6;100;190;10000000;10000000
7076;89,6725;0,1535;26,1389;12,4701;35,6;100;190;10000000;10000000
7077;89,6725;0,1535;26,1389;12,4701;35,6;100;190;10000000;10000000
7078;103,8666;0,1535;26,1389;12,4701;35,6;100;190;10000000;10000000
7079;107,1598;0,1535;26,1389;12,4701;35,6;100;190;10000000;10000000
7080;89,7265;0,1535;26,1389;12,4701;35,6;100;190;10000000;10000000
7081;107,1634;0,1535;26,1389;12,4702;35,6;100;190;10000000;10000000
7082;107,1634;0,1535;26,1388;12,4702;35,6;100;190;10000000;10000000
7083;107,1634;0,1535;26,1388;12,4702;35,6;100;190;10000000;10000000
7084;110,1706;0,1535;26,1388;12,4702;35,6;100;190;10000000;10000000
7085;131,8348;0,1535;26,1388;12,4702;35,6;100;190;10000000;10000000
7086;133,2755;0,1535;26,1388;12,4702;35,6;100;190;10000000;10000000
7087;131,9538;0,1535;26,1388;12,4702;35,6;100;190;10000000;10000000
7088;131,8348;0,1535;26,1387;12,4702;35,6;100;190;10000000;10000000
7089;130,4369;0,1535;26,1387;12,4702;35,6;100;190;10000000;10000000
7090;126,3324;0,1535;26,1387;12,4702;35,6;100;190;10000000;10000000
7091;109,1305;0,1535;26,1387;12,4702;35,6;100;190;10000000;10000000
7092;110,3569;0,1535;26,1387;12,4702;35,6;100;190;10000000;10000000
7093;110,1706;0,1535;26,1387;12,4702;35,6;100;190;10000000;10000000
7094;119,4884;0,1535;26,1386;12,4702;35,6;100;190;10000000;10000000
7095;131,8348;0,1535;26,1386;12,4702;35,6;100;190;10000000;10000000
7096;135,6233;0,1535;26,1386;12,4702;35,6;100;190;10000000;10000000
7097;144,0946;0,1535;26,1386;12,4702;35,6;100;190;10000000;10000000
7098;143,8198;0,1535;26,1386;12,4702;35,6;100;190;10000000;10000000
7099;131,8348;0,1535;26,1386;12,4702;35,6;100;190;10000000;10000000
7100;127,2073;0,1535;26,1385;12,4702;35,6;100;190;10000000;10000000
7101;114,2199;0,1535;26,1385;12,4702;35,6;100;190;10000000;10000000
7102;110,1706;0,1535;26,1385;12,4703;35,6;100;190;10000000;10000000
7103;106,7632;0,1535;26,1385;12,4703;35,6;100;190;10000000;10000000
7104;109,3221;0,1535;26,1385;12,4703;35,6;100;190;10000000;10000000
7105;109,3221;0,1535;26,1385;12,4703;35,6;100;190;10000000;10000000
7106;112,8111;0,1535;26,1384;12,4703;35,6;100;190;10000000;10000000
7107;109,3221;0,1535;26,1384;12,4703;35,6;100;190;10000000;10000000
7108;112,8111;0,1535;26,1384;12,4703;35,6;100;190;10000000;10000000
7109;131,8393;0,1535;26,1384;12,4703;35,6;100;190;10000000;10000000
7110;132,6064;0,1535;26,1384;12,4703;35,6;100;190;10000000;10000000
7111;131,8393;0,1535;26,1383;12,4703;35,6;100;190;10000000;10000000
7112;115,6344;0,1535;26,1383;12,4703;35,6;100;190;10000000;10000000
7113;87,0882;0,1535;26,1383;12,4703;35,6;100;190;10000000;10000000
7114;86,2948;0,1535;26,1383;12,4703;35,6;100;190;10000000;10000000
7115;86,2948;0,1535;26,1383;12,4703;35,6;100;190;10000000;10000000
7116;86,2948;0,1535;26,1383;12,4703;35,6;100;190;10000000;10000000
7117;86,2948;0,1535;26,1382;12,4703;35,6;100;190;10000000;10000000
7118;86,2948;0,1535;26,1382;12,4703;35,6;100;190;10000000;10000000
7119;86,7941;0,1535;26,1382;12,4703;35,6;100;190;10000000;10000000
7120;92,6187;0,1535;26,1382;12,4703;35,6;100;190;10000000;10000000
7121;88,0251;0,1535;26,1382;12,4703;35,6;100;190;10000000;10000000
7122;84,8991;0,1535;26,1382;12,4703;35,6;100;190;10000000;10000000
7123;80,5539;0,1535;26,1381;12,4704;35,6;100;190;10000000;10000000
7124;79,5011;0,1535;26,1381;12,4704;35,6;100;190;10000000;10000000
7125;79,1036;0,1535;26,1381;12,4704;35,6;100;190;10000000;10000000
7126;79,1036;0,1535;26,1381;12,4704;35,6;100;190;10000000;10000000
7127;78,5797;0,1535;26,1381;12,4704;35,6;100;190;10000000;10000000
7128;78,5824;0,1535;26,1381;12,4704;35,6;100;190;10000000;10000000
7129;78,5824;0,1535;26,138;12,4704;35,6;100;190;10000000;10000000
7130;77,8095;0,1535;26,138;12,4704;35,6;100;190;10000000;10000000
7131;79,1063;0,1535;26,138;12,4704;35,6;100;190;10000000;10000000
7132;79,5038;0,1535;26,138;12,4704;35,6;100;190;10000000;10000000
7133;83,5843;0,1535;26,138;12,4704;35,6;100;190;10000000;10000000
7134;85,2852;0,1535;26,138;12,4704;35,6;100;190;10000000;10000000
7135;83,0465;0,1535;26,1379;12,4704;35,6;100;190;10000000;10000000
7136;81,8186;0,1535;26,1379;12,4704;35,6;100;190;10000000;10000000
7137;79,1063;0,1535;26,1379;12,4704;35,6;100;190;10000000;10000000
7138;79,1063;0,1535;26,1379;12,4704;35,6;100;190;10000000;10000000
7139;79,1063;0,1535;26,1379;12,4704;35,6;100;190;10000000;10000000
7140;79,1063;0,1535;26,1379;12,4704;35,6;100;190;10000000;10000000
7141;79,1063;0,1535;26,1378;12,4704;35,6;100;190;10000000;10000000
7142;79,1063;0,1535;26,1378;12,4704;35,6;100;190;10000000;10000000
7143;86,2978;0,1535;26,1378;12,4705;35,6;100;190;10000000;10000000
7144;86,9143;0,1535;26,1378;12,4705;35,6;100;190;10000000;10000000
7145;85,8428;0,1535;26,1378;12,4705;35,6;100;190;10000000;10000000
7146;83,164;0,1535;26,1377;12,4705;35,6;100;190;10000000;10000000
7147;81,6725;0,1535;26,1377;12,4705;35,6;100;190;10000000;10000000
7148;80,9516;0,1535;26,1377;12,4705;35,6;100;190;10000000;10000000
7149;80,5566;0,1535;26,1377;12,4705;35,6;100;190;10000000;10000000
7150;80,9516;0,1535;26,1377;12,4705;35,6;100;190;10000000;10000000
7151;81,301;0,1535;26,1377;12,4705;35,6;100;190;10000000;10000000
7152;81,3037;0,1535;26,1376;12,4705;35,6;100;190;10000000;10000000
7153;81,8214;0,1535;26,1376;12,4705;35,6;100;190;10000000;10000000
7154;82,0654;0,1535;26,1376;12,4705;35,6;100;190;10000000;10000000
7155;82,6449;0,1535;26,1376;12,4705;35,6;100;190;10000000;10000000
7156;85,9206;0,1535;26,1376;12,4705;35,6;100;190;10000000;10000000
7157;87,6567;0,1535;26,1376;12,4705;35,6;100;190;10000000;10000000
7158;87,797;0,1535;26,1375;12,4705;35,6;100;190;10000000;10000000
7159;88,0311;0,1535;26,1375;12,4705;35,6;100;190;10000000;10000000
7160;86,3007;0,1535;26,1375;12,4705;35,6;100;190;10000000;10000000
7161;83,8256;0,1535;26,1375;12,4705;35,6;100;190;10000000;10000000
7162;83,7444;0,1535;26,1375;12,4705;35,6;100;190;10000000;10000000
7163;84,9746;0,1535;26,1375;12,4705;35,6;100;190;10000000;10000000
7164;84,9746;0,1535;26,1374;12,4706;35,6;100;190;10000000;10000000
7165;85,591;0,1535;26,1374;12,4706;35,6;100;190;10000000;10000000
7166;86,2406;0,1535;26,1374;12,4706;35,6;100;190;10000000;10000000
7167;109,5771;0,1535;26,1374;12,4706;35,6;100;190;10000000;10000000
7168;138,0905;0,1535;26,1374;12,4706;35,6;100;190;10000000;10000000
7169;140,8714;0,1535;26,1374;12,4706;35,6;100;190;10000000;10000000
7170;138,0905;0,1535;26,1373;12,4706;35,6;100;190;10000000;10000000
7171;131,8483;0,1535;26,1373;12,4706;35,6;100;190;10000000;10000000
7172;130,4502;0,1535;26,1373;12,4706;35,6;100;190;10000000;10000000
7173;108,5302;0,1535;26,1373;12,4706;35,6;100;190;10000000;10000000
7174;98,4604;0,1535;26,1373;12,4706;35,6;100;190;10000000;10000000
7175;97,0528;0,1535;26,1373;12,4706;35,6;100;190;10000000;10000000
7176;103,5728;0,1535;26,1372;12,4706;35,6;100;190;10000000;10000000
7177;107,1781;0,1535;26,1372;12,4706;35,6;100;190;10000000;10000000
7178;108,1345;0,1535;26,1372;12,4706;35,6;100;190;10000000;10000000
7179;108,1345;0,1535;26,1372;12,4706;35,6;100;190;10000000;10000000
7180;112,4891;0,1535;26,1372;12,4706;35,6;100;190;10000000;10000000
7181;134,2686;0,1535;26,1371;12,4706;35,6;100;190;10000000;10000000
7182;141,4986;0,1535;26,1371;12,4706;35,6;100;190;10000000;10000000
7183;133,7481;0,1535;26,1371;12,4706;35,6;100;190;10000000;10000000
7184;117,8043;0,1535;26,1371;12,4706;35,6;100;190;10000000;10000000
7185;107,9963;0,1535;26,1371;12,4707;35,6;100;190;10000000;10000000
7186;107,966;0,1535;26,1371;12,4707;35,6;100;190;10000000;10000000
7187;107,1781;0,1535;26,137;12,4707;35,6;100;190;10000000;10000000
7188;107,1781;0,1535;26,137;12,4707;35,6;100;190;10000000;10000000
7189;107,966;0,1535;26,137;12,4707;35,6;100;190;10000000;10000000
7190;107,966;0,1535;26,137;12,4707;35,6;100;190;10000000;10000000
7191;137,5856;0,1535;26,137;12,4707;35,6;100;190;10000000;10000000
7192;148,3486;0,1535;26,137;12,4707;35,6;100;190;10000000;10000000
7193;144,675;0,1535;26,1369;12,4707;35,6;100;190;10000000;10000000
7194;143,8394;0,1535;26,1369;12,4707;35,6;100;190;10000000;10000000
7195;134,4254;0,1535;26,1369;12,4707;35,6;100;190;10000000;10000000
7196;124,1726;0,1535;26,1369;12,4707;35,6;100;190;10000000;10000000
7197;109,5819;0,1535;26,1369;12,4707;35,6;100;190;10000000;10000000
7198;107,1781;0,1535;26,1369;12,4707;35,6;100;190;10000000;10000000
7199;107,1781;0,1535;26,1368;12,4707;35,6;100;190;10000000;10000000
7200;107,1817;0,1535;26,1368;12,4707;35,6;100;190;10000000;10000000
7201;107,1817;0,1535;26,1368;12,4707;35,6;100;190;10000000;10000000
7202;108,1345;0,1535;26,1368;12,4707;35,6;100;190;10000000;10000000
7203;107,669;0,1535;26,1368;12,4707;35,6;100;190;10000000;10000000
7204;109,1124;0,1535;26,1368;12,4707;35,6;100;190;10000000;10000000
7205;109,1124;0,1535;26,1367;12,4708;35,6;100;190;10000000;10000000
7206;109,5868;0,1535;26,1367;12,4708;35,6;100;190;10000000;10000000
7207;117,8019;0,1535;26,1367;12,4708;35,6;100;190;10000000;10000000
7208;114,1585;0,1535;26,1367;12,4708;35,6;100;190;10000000;10000000
7209;92,601;0,1535;26,1367;12,4708;35,6;100;190;10000000;10000000
7210;102,9362;0,1535;26,1367;12,4708;35,6;100;190;10000000;10000000
7211;93,672;0,1535;26,1366;12,4708;35,6;100;190;10000000;10000000
7212;95,9418;0,1535;26,1366;12,4708;35,6;100;190;10000000;10000000
7213;96,7601;0,1535;26,1366;12,4708;35,6;100;190;10000000;10000000
7214;96,37;0,1535;26,1366;12,4708;35,6;100;190;10000000;10000000
7215;117,8019;0,1535;26,1366;12,4708;35,6;100;190;10000000;10000000
7216;143,8443;0,1535;26,1365;12,4708;35,6;100;190;10000000;10000000
7217;143,8228;0,1535;26,1365;12,4708;35,6;100;190;10000000;10000000
7218;137,0323;0,1535;26,1365;12,4708;35,6;100;190;10000000;10000000
7219;131,8573;0,1535;26,1365;12,4708;35,6;100;190;10000000;10000000
7220;131,8573;0,1535;26,1365;12,4708;35,6;100;190;10000000;10000000
7221;112,4929;0,1535;26,1365;12,4708;35,6;100;190;10000000;10000000
7222;109,5868;0,1535;26,1364;12,4708;35,6;100;190;10000000;10000000
7223;112,4929;0,1535;26,1364;12,4708;35,6;100;190;10000000;10000000
7224;108,1345;0,1535;26,1364;12,4708;35,6;100;190;10000000;10000000
7225;107,1854;0,1535;26,1364;12,4708;35,6;100;190;10000000;10000000
7226;107,1854;0,1535;26,1364;12,4709;35,6;100;190;10000000;10000000
7227;98,9206;0,1535;26,1364;12,4709;35,6;100;190;10000000;10000000
7228;107,1854;0,1535;26,1363;12,4709;35,6;100;190;10000000;10000000
7229;107,1854;0,1535;26,1363;12,4709;35,6;100;190;10000000;10000000
7230;107,1854;0,1535;26,1363;12,4709;35,6;100;190;10000000;10000000
7231;103,5957;0,1535;26,1363;12,4709;35,6;100;190;10000000;10000000
7232;107,1854;0,1535;26,1363;12,4709;35,6;100;190;10000000;10000000
7233;91,2902;0,1535;26,1363;12,4709;35,6;100;190;10000000;10000000
7234;107,1854;0,1535;26,1362;12,4709;35,6;100;190;10000000;10000000
7235;95,4127;0,1535;26,1362;12,4709;35,6;100;190;10000000;10000000
7236;107,1854;0,1535;26,1362;12,4709;35,6;100;190;10000000;10000000
7237;107,1854;0,1535;26,1362;12,4709;35,6;100;190;10000000;10000000
7238;107,1854;0,1535;26,1362;12,4709;35,6;100;190;10000000;10000000
7239;107,1854;0,1535;26,1362;12,4709;35,6;100;190;10000000;10000000
7240;114,7058;0,1535;26,1361;12,4709;35,6;100;190;10000000;10000000
7241;130,4636;0,1535;26,1361;12,4709;35,6;100;190;10000000;10000000
7242;130,4636;0,1535;26,1361;12,4709;35,6;100;190;10000000;10000000
7243;127,1604;0,1535;26,1361;12,4709;35,6;100;190;10000000;10000000
7244;114,2571;0,1535;26,1361;12,4709;35,6;100;190;10000000;10000000
7245;112,4968;0,1535;26,1361;12,4709;35,6;100;190;10000000;10000000
7246;108,1345;0,1535;26,136;12,4709;35,6;100;190;10000000;10000000
7247;108,8609;0,1535;26,136;12,471;35,6;100;190;10000000;10000000
7248;107,189;0,1535;26,136;12,471;35,6;100;190;10000000;10000000
7249;107,189;0,1535;26,136;12,471;35,6;100;190;10000000;10000000
7250;107,189;0,1535;26,136;12,471;35,6;100;190;10000000;10000000
7251;107,189;0,1535;26,1359;12,471;35,6;100;190;10000000;10000000
7252;107,189;0,1535;26,1359;12,471;35,6;100;190;10000000;10000000
7253;131,8663;0,1535;26,1359;12,471;35,6;100;190;10000000;10000000
7254;136,7234;0,1535;26,1359;12,471;35,6;100;190;10000000;10000000
7255;131,8663;0,1535;26,1359;12,471;35,6;100;190;10000000;10000000
7256;107,189;0,1535;26,1359;12,471;35,6;100;190;10000000;10000000
7257;86,9291;0,1535;26,1358;12,471;35,6;100;190;10000000;10000000
7258;86,3125;0,1535;26,1358;12,471;35,6;100;190;10000000;10000000
7259;86,3125;0,1535;26,1358;12,471;35,6;100;190;10000000;10000000
7260;86,3125;0,1535;26,1358;12,471;35,6;100;190;10000000;10000000
7261;86,9291;0,1535;26,1358;12,471;35,6;100;190;10000000;10000000
7262;86,3125;0,1535;26,1358;12,471;35,6;100;190;10000000;10000000
7263;107,189;0,1535;26,1357;12,471;35,6;100;190;10000000;10000000
7264;132,6335;0,1535;26,1357;12,471;35,6;100;190;10000000;10000000
7265;136,9206;0,1535;26,1357;12,471;35,6;100;190;10000000;10000000
7266;132,6335;0,1535;26,1357;12,471;35,6;100;190;10000000;10000000
7267;124,7619;0,1535;26,1357;12,471;35,6;100;190;10000000;10000000
7268;108,0577;0,1535;26,1357;12,4711;35,6;100;190;10000000;10000000
7269;101,9984;0,1535;26,1356;12,4711;35,6;100;190;10000000;10000000
7270;97,1843;0,1535;26,1356;12,4711;35,6;100;190;10000000;10000000
7271;94,1331;0,1535;26,1356;12,4711;35,6;100;190;10000000;10000000
7272;94,5646;0,1535;26,1356;12,4711;35,6;100;190;10000000;10000000
7273;92,6408;0,1535;26,1356;12,4711;35,6;100;190;10000000;10000000
7274;92,6408;0,1535;26,1356;12,4711;35,6;100;190;10000000;10000000
7275;94,9077;0,1535;26,1355;12,4711;35,6;100;190;10000000;10000000
7276;100,6739;0,1535;26,1355;12,4711;35,6;100;190;10000000;10000000
7277;115,3404;0,1535;26,1355;12,4711;35,6;100;190;10000000;10000000
7278;131,8708;0,1535;26,1355;12,4711;35,6;100;190;10000000;10000000
7279;131,2583;0,1535;26,1355;12,4711;35,6;100;190;10000000;10000000
7280;109,6013;0,1535;26,1355;12,4711;35,6;100;190;10000000;10000000
7281;100,6739;0,1535;26,1354;12,4711;35,6;100;190;10000000;10000000
7282;107,1927;0,1535;26,1354;12,4711;35,6;100;190;10000000;10000000
7283;89,2047;0,1535;26,1354;12,4711;35,6;100;190;10000000;10000000
7284;89,2047;0,1535;26,1354;12,4711;35,6;100;190;10000000;10000000
7285;99,8173;0,1535;26,1354;12,4711;35,6;100;190;10000000;10000000
7286;107,5751;0,1535;26,1354;12,4711;35,6;100;190;10000000;10000000
7287;115,6621;0,1535;26,1353;12,4711;35,6;100;190;10000000;10000000
7288;140,4548;0,1535;26,1353;12,4712;35,6;100;190;10000000;10000000
7289;142,7275;0,1535;26,1353;12,4712;35,6;100;190;10000000;10000000
7290;140,8954;0,1535;26,1353;12,4712;35,6;100;190;10000000;10000000
7291;135,5624;0,1535;26,1353;12,4712;35,6;100;190;10000000;10000000
7292;130,9686;0,1535;26,1352;12,4712;35,6;100;190;10000000;10000000
7293;115,6621;0,1535;26,1352;12,4712;35,6;100;190;10000000;10000000
7294;107,1927;0,1535;26,1352;12,4712;35,6;100;190;10000000;10000000
7295;94,5646;0,1535;26,1352;12,4712;35,6;100;190;10000000;10000000
7296;86,3184;0,1535;26,1352;12,4712;35,6;100;190;10000000;10000000
7297;86,3184;0,1535;26,1352;12,4712;35,6;100;190;10000000;10000000
7298;86,3184;0,1535;26,1351;12,4712;35,6;100;190;10000000;10000000
7299;86,3184;0,1535;26,1351;12,4712;35,6;100;190;10000000;10000000
7300;86,2583;0,1535;26,1351;12,4712;35,6;100;190;10000000;10000000
7301;86,3184;0,1535;26,1351;12,4712;35,6;100;190;10000000;10000000
7302;86,3184;0,1535;26,1351;12,4712;35,6;100;190;10000000;10000000
7303;84,8961;0,1535;26,1351;12,4712;35,6;100;190;10000000;10000000
7304;81,5586;0,1535;26,135;12,4712;35,6;100;190;10000000;10000000
7305;65,4572;0,1535;26,135;12,4712;35,6;100;190;10000000;10000000
7306;54,7972;0,1535;26,135;12,4712;35,6;100;190;10000000;10000000
7307;50,9741;0,1536;26,135;12,4712;35,6;100;190;10000000;10000000
7308;61,656;0,1536;26,135;12,4712;35,6;100;190;10000000;10000000
7309;42,4188;0,1536;26,1349;12,4713;35,6;100;190;10000000;10000000
7310;61,656;0,1536;26,1349;12,4713;35,6;100;190;10000000;10000000
7311;61,656;0,1536;26,1349;12,4713;35,6;100;190;10000000;10000000
7312;74,9923;0,1536;26,1349;12,4713;35,6;100;190;10000000;10000000
7313;69,7113;0,1536;26,1349;12,4713;35,6;100;190;10000000;10000000
7314;78,6012;0,1536;26,1349;12,4713;35,6;100;190;10000000;10000000
7315;76,302;0,1536;26,1348;12,4713;35,6;100;190;10000000;10000000
7316;69,7113;0,1536;26,1348;12,4713;35,6;100;190;10000000;10000000
7317;61,656;0,1536;26,1348;12,4713;35,6;100;190;10000000;10000000
7318;78,6012;0,1536;26,1348;12,4713;35,6;100;190;10000000;10000000
7319;79,1252;0,1536;26,1348;12,4713;35,6;100;190;10000000;10000000
7320;79,1279;0,1536;26,1348;12,4713;35,6;100;190;10000000;10000000
7321;79,1279;0,1536;26,1347;12,4713;35,6;100;190;10000000;10000000
7322;79,1279;0,1536;26,1347;12,4713;35,6;100;190;10000000;10000000
7323;79,9267;0,1536;26,1347;12,4713;35,6;100;190;10000000;10000000
7324;81,6818;0,1536;26,1347;12,4713;35,6;100;190;10000000;10000000
7325;83,6071;0,1536;26,1347;12,4713;35,6;100;190;10000000;10000000
7326;86,3214;0,1536;26,1346;12,4713;35,6;100;190;10000000;10000000
7327;86,3214;0,1536;26,1346;12,4713;35,6;100;190;10000000;10000000
7328;86,3214;0,1536;26,1346;12,4713;35,6;100;190;10000000;10000000
7329;86,3214;0,1536;26,1346;12,4714;35,6;100;190;10000000;10000000
7330;86,3214;0,1536;26,1346;12,4714;35,6;100;190;10000000;10000000
7331;86,3214;0,1536;26,1346;12,4714;35,6;100;190;10000000;10000000
7332;86,3214;0,1536;26,1345;12,4714;35,6;100;190;10000000;10000000
7333;86,3214;0,1536;26,1345;12,4714;35,6;100;190;10000000;10000000
7334;89,1211;0,1536;26,1345;12,4714;35,6;100;190;10000000;10000000
7335;99,6978;0,1536;26,1345;12,4714;35,6;100;190;10000000;10000000
7336;115,67;0,1536;26,1345;12,4714;35,6;100;190;10000000;10000000
7337;130,4814;0,1536;26,1345;12,4714;35,6;100;190;10000000;10000000
7338;131,8798;0,1536;26,1344;12,4714;35,6;100;190;10000000;10000000
7339;131,8798;0,1536;26,1344;12,4714;35,6;100;190;10000000;10000000
7340;107,2;0,1536;26,1344;12,4714;35,6;100;190;10000000;10000000
7341;107,2;0,1536;26,1344;12,4714;35,6;100;190;10000000;10000000
7342;87,9569;0,1536;26,1344;12,4714;35,6;100;190;10000000;10000000
7343;86,3214;0,1536;26,1343;12,4714;35,6;100;190;10000000;10000000
7344;86,3243;0,1536;26,1343;12,4714;35,6;100;190;10000000;10000000
7345;86,3243;0,1536;26,1343;12,4714;35,6;100;190;10000000;10000000
7346;86,3243;0,1536;26,1343;12,4714;35,6;100;190;10000000;10000000
7347;86,3243;0,1536;26,1343;12,4714;35,6;100;190;10000000;10000000
7348;86,3243;0,1536;26,1343;12,4714;35,6;100;190;10000000;10000000
7349;89,4104;0,1536;26,1342;12,4715;35,6;100;190;10000000;10000000
7350;99,1778;0,1536;26,1342;12,4715;35,6;100;190;10000000;10000000
7351;95,2073;0,1536;26,1342;12,4715;35,6;100;190;10000000;10000000
7352;86,3243;0,1536;26,1342;12,4715;35,6;100;190;10000000;10000000
7353;86,3243;0,1536;26,1342;12,4715;35,6;100;190;10000000;10000000
7354;79,1306;0,1536;26,1342;12,4715;35,6;100;190;10000000;10000000
7355;61,6602;0,1536;26,1341;12,4715;35,6;100;190;10000000;10000000
7356;61,6602;0,1536;26,1341;12,4715;35,6;100;190;10000000;10000000
7357;61,6602;0,1536;26,1341;12,4715;35,6;100;190;10000000;10000000
7358;61,6602;0,1536;26,1341;12,4715;35,6;100;190;10000000;10000000
7359;61,6602;0,1536;26,1341;12,4715;35,6;100;190;10000000;10000000
7360;78,6066;0,1536;26,134;12,4715;35,6;100;190;10000000;10000000
7361;77,8334;0,1536;26,134;12,4715;35,6;100;190;10000000;10000000
7362;65,8501;0,1536;26,134;12,4715;35,6;100;190;10000000;10000000
7363;61,6602;0,1536;26,134;12,4715;35,6;100;190;10000000;10000000
7364;61,6602;0,1536;26,134;12,4715;35,6;100;190;10000000;10000000
7365;61,6602;0,1536;26,134;12,4715;35,6;100;190;10000000;10000000
7366;61,6602;0,1536;26,1339;12,4715;35,6;100;190;10000000;10000000
7367;61,6602;0,1536;26,1339;12,4715;35,6;100;190;10000000;10000000
7368;58,1614;0,1536;26,1339;12,4715;35,6;100;190;10000000;10000000
7369;49,7381;0,1536;26,1339;12,4716;35,6;100;190;10000000;10000000
7370;60,6393;0,1536;26,1339;12,4716;35,6;100;190;10000000;10000000
7371;60,6393;0,1536;26,1339;12,4716;35,6;100;190;10000000;10000000
7372;61,6623;0,1536;26,1338;12,4716;35,6;100;190;10000000;10000000
7373;61,6623;0,1536;26,1338;12,4716;35,6;100;190;10000000;10000000
7374;61,6623;0,1536;26,1338;12,4716;35,6;100;190;10000000;10000000
7375;61,6623;0,1536;26,1338;12,4716;35,6;100;190;10000000;10000000
7376;61,6623;0,1536;26,1338;12,4716;35,6;100;190;10000000;10000000
7377;61,6623;0,1536;26,1337;12,4716;35,6;100;190;10000000;10000000
7378;61,6623;0,1536;26,1337;12,4716;35,6;100;190;10000000;10000000
7379;61,6623;0,1536;26,1337;12,4716;35,6;100;190;10000000;10000000
7380;61,6623;0,1536;26,1337;12,4716;35,6;100;190;10000000;10000000
7381;61,6623;0,1536;26,1337;12,4716;35,6;100;190;10000000;10000000
7382;61,6623;0,1536;26,1337;12,4716;35,6;100;190;10000000;10000000
7383;71,024;0,1536;26,1336;12,4716;35,6;100;190;10000000;10000000
7384;79,1333;0,1536;26,1336;12,4716;35,6;100;190;10000000;10000000
7385;79,1333;0,1536;26,1336;12,4716;35,6;100;190;10000000;10000000
7386;79,1333;0,1536;26,1336;12,4716;35,6;100;190;10000000;10000000
7387;79,1333;0,1536;26,1336;12,4716;35,6;100;190;10000000;10000000
7388;79,1333;0,1536;26,1336;12,4716;35,6;100;190;10000000;10000000
7389;79,1333;0,1536;26,1335;12,4717;35,6;100;190;10000000;10000000
7390;79,1333;0,1536;26,1335;12,4717;35,6;100;190;10000000;10000000
7391;77,836;0,1536;26,1335;12,4717;35,6;100;190;10000000;10000000
7392;71,2637;0,1536;26,1335;12,4717;35,6;100;190;10000000;10000000
7393;74,6387;0,1536;26,1335;12,4717;35,6;100;190;10000000;10000000
7394;73,9939;0,1536;26,1334;12,4717;35,6;100;190;10000000;10000000
7395;77,0826;0,1536;26,1334;12,4717;35,6;100;190;10000000;10000000
7396;78,6119;0,1536;26,1334;12,4717;35,6;100;190;10000000;10000000
7397;79,136;0,1536;26,1334;12,4717;35,6;100;190;10000000;10000000
7398;78,6119;0,1536;26,1334;12,4717;35,6;100;190;10000000;10000000
7399;79,136;0,1536;26,1334;12,4717;35,6;100;190;10000000;10000000
7400;79,2459;0,1536;26,1333;12,4717;35,6;100;190;10000000;10000000
7401;79,2459;0,1536;26,1333;12,4717;35,6;100;190;10000000;10000000
7402;79,2459;0,1536;26,1333;12,4717;35,6;100;190;10000000;10000000
7403;79,4081;0,1536;26,1333;12,4717;35,6;100;190;10000000;10000000
7404;79,2459;0,1536;26,1333;12,4717;35,6;100;190;10000000;10000000
7405;80,4909;0,1536;26,1333;12,4717;35,6;100;190;10000000;10000000
7406;80,982;0,1536;26,1332;12,4717;35,6;100;190;10000000;10000000
7407;83,0777;0,1536;26,1332;12,4717;35,6;100;190;10000000;10000000
7408;82,6732;0,1536;26,1332;12,4717;35,6;100;190;10000000;10000000
7409;85,2927;0,1536;26,1332;12,4718;35,6;100;190;10000000;10000000
7410;85,0036;0,1536;26,1332;12,4718;35,6;100;190;10000000;10000000
7411;84,5837;0,1536;26,1331;12,4718;35,6;100;190;10000000;10000000
7412;84,2508;0,1536;26,1331;12,4718;35,6;100;190;10000000;10000000
7413;83,8512;0,1536;26,1331;12,4718;35,6;100;190;10000000;10000000
7414;83,5978;0,1536;26,1331;12,4718;35,6;100;190;10000000;10000000
7415;83,3928;0,1536;26,1331;12,4718;35,6;100;190;10000000;10000000
7416;83,6007;0,1536;26,1331;12,4718;35,6;100;190;10000000;10000000
7417;83,3288;0,1536;26,133;12,4718;35,6;100;190;10000000;10000000
7418;83,1391;0,1536;26,133;12,4718;35,6;100;190;10000000;10000000
7419;83,1391;0,1536;26,133;12,4718;35,6;100;190;10000000;10000000
7420;83,7759;0,1536;26,133;12,4718;35,6;100;190;10000000;10000000
7421;87,8744;0,1536;26,133;12,4718;35,6;100;190;10000000;10000000
7422;110,5135;0,1536;26,1329;12,4718;35,6;100;190;10000000;10000000
7423;127,4055;0,1536;26,1329;12,4718;35,6;100;190;10000000;10000000
7424;102,0295;0,1536;26,1329;12,4718;35,6;100;190;10000000;10000000
7425;86,9499;0,1536;26,1329;12,4718;35,6;100;190;10000000;10000000
7426;84,2536;0,1536;26,1329;12,4718;35,6;100;190;10000000;10000000
7427;83,1981;0,1536;26,1329;12,4718;35,6;100;190;10000000;10000000
7428;83,1391;0,1536;26,1328;12,4718;35,6;100;190;10000000;10000000
7429;83,3288;0,1536;26,1328;12,4719;35,6;100;190;10000000;10000000
7430;85,0065;0,1536;26,1328;12,4719;35,6;100;190;10000000;10000000
7431;86,3331;0,1536;26,1328;12,4719;35,6;100;190;10000000;10000000
7432;86,273;0,1536;26,1328;12,4719;35,6;100;190;10000000;10000000
7433;86,9499;0,1536;26,1328;12,4719;35,6;100;190;10000000;10000000
7434;85,9528;0,1536;26,1327;12,4719;35,6;100;190;10000000;10000000
7435;83,0805;0,1536;26,1327;12,4719;35,6;100;190;10000000;10000000
7436;80,9848;0,1536;26,1327;12,4719;35,6;100;190;10000000;10000000
7437;80,5896;0,1536;26,1327;12,4719;35,6;100;190;10000000;10000000
7438;79,1387;0,1536;26,1327;12,4719;35,6;100;190;10000000;10000000
7439;79,1387;0,1536;26,1326;12,4719;35,6;100;190;10000000;10000000
7440;79,1414;0,1536;26,1326;12,4719;35,6;100;190;10000000;10000000
7441;79,1414;0,1536;26,1326;12,4719;35,6;100;190;10000000;10000000
7442;79,5391;0,1536;26,1326;12,4719;35,6;100;190;10000000;10000000
7443;79,6333;0,1536;26,1326;12,4719;35,6;100;190;10000000;10000000
7444;83,0833;0,1536;26,1326;12,4719;35,6;100;190;10000000;10000000
7445;85,3231;0,1536;26,1325;12,4719;35,6;100;190;10000000;10000000
7446;86,3361;0,1536;26,1325;12,4719;35,6;100;190;10000000;10000000
7447;87,3228;0,1536;26,1325;12,4719;35,6;100;190;10000000;10000000
7448;86,3361;0,1536;26,1325;12,4719;35,6;100;190;10000000;10000000
7449;86,6852;0,1536;26,1325;12,472;35,6;100;190;10000000;10000000
7450;86,3361;0,1536;26,1325;12,472;35,6;100;190;10000000;10000000
7451;86,7571;0,1536;26,1324;12,472;35,6;100;190;10000000;10000000
7452;87,471;0,1536;26,1324;12,472;35,6;100;190;10000000;10000000
7453;89,7215;0,1536;26,1324;12,472;35,6;100;190;10000000;10000000
7454;108,29;0,1536;26,1324;12,472;35,6;100;190;10000000;10000000
7455;126,424;0,1536;26,1324;12,472;35,6;100;190;10000000;10000000
7456;134,973;0,1536;26,1323;12,472;35,6;100;190;10000000;10000000
7457;133,28;0,1536;26,1323;12,472;35,6;100;190;10000000;10000000
7458;135,9933;0,1536;26,1323;12,472;35,6;100;190;10000000;10000000
7459;135,9933;0,1536;26,1323;12,472;35,6;100;190;10000000;10000000
7460;132,0213;0,1536;26,1323;12,472;35,6;100;190;10000000;10000000
7461;124,7959;0,1536;26,1323;12,472;35,6;100;190;10000000;10000000
7462;115,6897;0,1536;26,1322;12,472;35,6;100;190;10000000;10000000
7463;107,2183;0,1536;26,1322;12,472;35,6;100;190;10000000;10000000
7464;107,222;0,1536;26,1322;12,472;35,6;100;190;10000000;10000000
7465;108,7965;0,1536;26,1322;12,472;35,6;100;190;10000000;10000000
7466;110,4172;0,1536;26,1322;12,472;35,6;100;190;10000000;10000000
7467;115,6937;0,1536;26,1322;12,472;35,6;100;190;10000000;10000000
7468;126,4014;0,1536;26,1321;12,472;35,6;100;190;10000000;10000000
7469;137,6419;0,1536;26,1321;12,4721;35,6;100;190;10000000;10000000
7470;143,8984;0,1536;26,1321;12,4721;35,6;100;190;10000000;10000000
7471;145,3441;0,1536;26,1321;12,4721;35,6;100;190;10000000;10000000
7472;143,8984;0,1536;26,1321;12,4721;35,6;100;190;10000000;10000000
7473;132,0258;0,1536;26,132;12,4721;35,6;100;190;10000000;10000000
7474;131,9068;0,1536;26,132;12,4721;35,6;100;190;10000000;10000000
7475;134,9776;0,1536;26,132;12,4721;35,6;100;190;10000000;10000000
7476;131,9068;0,1536;26,132;12,4721;35,6;100;190;10000000;10000000
7477;136,3183;0,1536;26,132;12,4721;35,6;100;190;10000000;10000000
7478;143,8984;0,1536;26,132;12,4721;35,6;100;190;10000000;10000000
7479;143,3915;0,1536;26,1319;12,4721;35,6;100;190;10000000;10000000
7480;143,8984;0,1536;26,1319;12,4721;35,6;100;190;10000000;10000000
7481;141,9165;0,1536;26,1319;12,4721;35,6;100;190;10000000;10000000
7482;138,0754;0,1536;26,1319;12,4721;35,6;100;190;10000000;10000000
7483;137,6419;0,1536;26,1319;12,4721;35,6;100;190;10000000;10000000
7484;131,9068;0,1536;26,1319;12,4721;35,6;100;190;10000000;10000000
7485;128,0461;0,1536;26,1318;12,4721;35,6;100;190;10000000;10000000
7486;108,1345;0,1536;26,1318;12,4721;35,6;100;190;10000000;10000000
7487;91,1362;0,1536;26,1318;12,4721;35,6;100;190;10000000;10000000
7488;89,7276;0,1536;26,1318;12,4721;35,6;100;190;10000000;10000000
7489;89,8586;0,1536;26,1318;12,4722;35,6;100;190;10000000;10000000
7490;91,3581;0,1536;26,1317;12,4722;35,6;100;190;10000000;10000000
7491;94,0411;0,1536;26,1317;12,4722;35,6;100;190;10000000;10000000
7492;108,1345;0,1536;26,1317;12,4722;35,6;100;190;10000000;10000000
7493;108,1345;0,1536;26,1317;12,4722;35,6;100;190;10000000;10000000
7494;129,1767;0,1536;26,1317;12,4722;35,6;100;190;10000000;10000000
7495;129,1767;0,1536;26,1317;12,4722;35,6;100;190;10000000;10000000
7496;131,9113;0,1536;26,1316;12,4722;35,6;100;190;10000000;10000000
7497;108,1345;0,1536;26,1316;12,4722;35,6;100;190;10000000;10000000
7498;128,051;0,1536;26,1316;12,4722;35,6;100;190;10000000;10000000
7499;129,1767;0,1536;26,1316;12,4722;35,6;100;190;10000000;10000000
7500;129,1767;0,1536;26,1316;12,4722;35,6;100;190;10000000;10000000
7501;131,9113;0,1536;26,1316;12,4722;35,6;100;190;10000000;10000000
7502;131,9113;0,1536;26,1315;12,4722;35,6;100;190;10000000;10000000
7503;134,6675;0,1536;26,1315;12,4722;35,6;100;190;10000000;10000000
7504;140,498;0,1536;26,1315;12,4722;35,6;100;190;10000000;10000000
7505;143,8818;0,1536;26,1315;12,4722;35,6;100;190;10000000;10000000
7506;144,3452;0,1536;26,1315;12,4722;35,6;100;190;10000000;10000000
7507;143,9033;0,1536;26,1314;12,4722;35,6;100;190;10000000;10000000
7508;141,9214;0,1536;26,1314;12,4722;35,6;100;190;10000000;10000000
7509;143,9033;0,1536;26,1314;12,4723;35,6;100;190;10000000;10000000
7510;133,8074;0,1536;26,1314;12,4723;35,6;100;190;10000000;10000000
7511;143,9033;0,1536;26,1314;12,4723;35,6;100;190;10000000;10000000
7512;143,9082;0,1536;26,1314;12,4723;35,6;100;190;10000000;10000000
7513;143,9082;0,1536;26,1313;12,4723;35,6;100;190;10000000;10000000
7514;132,0349;0,1536;26,1313;12,4723;35,6;100;190;10000000;10000000
7515;143,9082;0,1536;26,1313;12,4723;35,6;100;190;10000000;10000000
7516;143,9082;0,1536;26,1313;12,4723;35,6;100;190;10000000;10000000
7517;143,9082;0,1536;26,1313;12,4723;35,6;100;190;10000000;10000000
7518;144,3501;0,1536;26,1313;12,4723;35,6;100;190;10000000;10000000
7519;144,7441;0,1536;26,1312;12,4723;35,6;100;190;10000000;10000000
7520;144,0964;0,1536;26,1312;12,4723;35,6;100;190;10000000;10000000
7521;138,0457;0,1536;26,1312;12,4723;35,6;100;190;10000000;10000000
7522;137,6513;0,1536;26,1312;12,4723;35,6;100;190;10000000;10000000
7523;141,9262;0,1536;26,1312;12,4723;35,6;100;190;10000000;10000000
7524;141,9262;0,1536;26,1311;12,4723;35,6;100;190;10000000;10000000
7525;137,9783;0,1536;26,1311;12,4723;35,6;100;190;10000000;10000000
7526;143,9082;0,1536;26,1311;12,4723;35,6;100;190;10000000;10000000
7527;146,7234;0,1536;26,1311;12,4723;35,6;100;190;10000000;10000000
7528;155,3444;0,1536;26,1311;12,4723;35,6;100;190;10000000;10000000
7529;154,678;0,1536;26,1311;12,4724;35,6;100;190;10000000;10000000
7530;146,7234;0,1536;26,131;12,4724;35,6;100;190;10000000;10000000
7531;143,4013;0,1536;26,131;12,4724;35,6;100;190;10000000;10000000
7532;143,9082;0,1536;26,131;12,4724;35,6;100;190;10000000;10000000
7533;140,5153;0,1536;26,131;12,4724;35,6;100;190;10000000;10000000
7534;134,3328;0,1536;26,131;12,4724;35,6;100;190;10000000;10000000
7535;132,0349;0,1536;26,1309;12,4724;35,6;100;190;10000000;10000000
7536;131,9203;0,1536;26,1309;12,4724;35,6;100;190;10000000;10000000
7537;131,9203;0,1536;26,1309;12,4724;35,6;100;190;10000000;10000000
7538;131,9203;0,1536;26,1309;12,4724;35,6;100;190;10000000;10000000
7539;131,9203;0,1536;26,1309;12,4724;35,6;100;190;10000000;10000000
7540;131,9203;0,1536;26,1309;12,4724;35,6;100;190;10000000;10000000
7541;131,9203;0,1536;26,1308;12,4724;35,6;100;190;10000000;10000000
7542;131,3659;0,1536;26,1308;12,4724;35,6;100;190;10000000;10000000
7543;131,9203;0,1536;26,1308;12,4724;35,6;100;190;10000000;10000000
7544;131,9203;0,1536;26,1308;12,4724;35,6;100;190;10000000;10000000
7545;129,1866;0,1536;26,1308;12,4724;35,6;100;190;10000000;10000000
7546;107,6105;0,1536;26,1308;12,4724;35,6;100;190;10000000;10000000
7547;104,5649;0,1536;26,1307;12,4724;35,6;100;190;10000000;10000000
7548;101,5193;0,1536;26,1307;12,4724;35,6;100;190;10000000;10000000
7549;116,731;0,1536;26,1307;12,4725;35,6;100;190;10000000;10000000
7550;129,1866;0,1536;26,1307;12,4725;35,6;100;190;10000000;10000000
7551;131,9203;0,1536;26,1307;12,4725;35,6;100;190;10000000;10000000
7552;131,9203;0,1536;26,1306;12,4725;35,6;100;190;10000000;10000000
7553;133,8166;0,1536;26,1306;12,4725;35,6;100;190;10000000;10000000
7554;131,9203;0,1536;26,1306;12,4725;35,6;100;190;10000000;10000000
7555;131,9203;0,1536;26,1306;12,4725;35,6;100;190;10000000;10000000
7556;108,4301;0,1536;26,1306;12,4725;35,6;100;190;10000000;10000000
7557;109,6546;0,1536;26,1306;12,4725;35,6;100;190;10000000;10000000
7558;89,7869;0,1536;26,1305;12,4725;35,6;100;190;10000000;10000000
7559;89,7337;0,1536;26,1305;12,4725;35,6;100;190;10000000;10000000
7560;86,5778;0,1536;26,1305;12,4725;35,6;100;190;10000000;10000000
7561;86,5778;0,1536;26,1305;12,4725;35,6;100;190;10000000;10000000
7562;86,4252;0,1536;26,1305;12,4725;35,6;100;190;10000000;10000000
7563;86,5668;0,1536;26,1305;12,4725;35,6;100;190;10000000;10000000
7564;86,5668;0,1536;26,1304;12,4725;35,6;100;190;10000000;10000000
7565;86,5778;0,1536;26,1304;12,4725;35,6;100;190;10000000;10000000
7566;86,5778;0,1536;26,1304;12,4725;35,6;100;190;10000000;10000000
7567;86,5778;0,1536;26,1304;12,4725;35,6;100;190;10000000;10000000
7568;86,3508;0,1536;26,1304;12,4725;35,6;100;190;10000000;10000000
7569;86,354;0,1536;26,1303;12,4726;35,6;100;190;10000000;10000000
7570;86,3508;0,1536;26,1303;12,4726;35,6;100;190;10000000;10000000
7571;86,3508;0,1536;26,1303;12,4726;35,6;100;190;10000000;10000000
7572;86,4252;0,1536;26,1303;12,4726;35,6;100;190;10000000;10000000
7573;86,5668;0,1536;26,1303;12,4726;35,6;100;190;10000000;10000000
7574;88,1645;0,1536;26,1303;12,4726;35,6;100;190;10000000;10000000
7575;99,4798;0,1536;26,1302;12,4726;35,6;100;190;10000000;10000000
7576;109,6594;0,1536;26,1302;12,4726;35,6;100;190;10000000;10000000
7577;109,6594;0,1536;26,1302;12,4726;35,6;100;190;10000000;10000000
7578;105,1374;0,1536;26,1302;12,4726;35,6;100;190;10000000;10000000
7579;97,1092;0,1536;26,1302;12,4726;35,6;100;190;10000000;10000000
7580;92,6946;0,1536;26,1302;12,4726;35,6;100;190;10000000;10000000
7581;88,0822;0,1536;26,1301;12,4726;35,6;100;190;10000000;10000000
7582;86,5778;0,1536;26,1301;12,4726;35,6;100;190;10000000;10000000
7583;86,2907;0,1536;26,1301;12,4726;35,6;100;190;10000000;10000000
7584;81,9819;0,1536;26,1301;12,4726;35,6;100;190;10000000;10000000
7585;80,6089;0,1536;26,1301;12,4726;35,6;100;190;10000000;10000000
7586;80,6089;0,1536;26,13;12,4726;35,6;100;190;10000000;10000000
7587;79,5554;0,1536;26,13;12,4726;35,6;100;190;10000000;10000000
7588;79,1576;0,1536;26,13;12,4726;35,6;100;190;10000000;10000000
7589;83,1003;0,1536;26,13;12,4727;35,6;100;190;10000000;10000000
7590;85,9117;0,1536;26,13;12,4727;35,6;100;190;10000000;10000000
7591;84,2738;0,1536;26,13;12,4727;35,6;100;190;10000000;10000000
7592;82,1698;0,1536;26,1299;12,4727;35,6;100;190;10000000;10000000
7593;79,6953;0,1536;26,1299;12,4727;35,6;100;190;10000000;10000000
7594;81,9819;0,1536;26,1299;12,4727;35,6;100;190;10000000;10000000
7595;81,9819;0,1536;26,1299;12,4727;35,6;100;190;10000000;10000000
7596;80,6089;0,1536;26,1299;12,4727;35,6;100;190;10000000;10000000
7597;82,1158;0,1536;26,1299;12,4727;35,6;100;190;10000000;10000000
7598;83,1003;0,1536;26,1298;12,4727;35,6;100;190;10000000;10000000
7599;84,2738;0,1536;26,1298;12,4727;35,6;100;190;10000000;10000000
7600;85,3191;0,1536;26,1298;12,4727;35,6;100;190;10000000;10000000
7601;84,5461;0,1536;26,1298;12,4727;35,6;100;190;10000000;10000000
7602;81,8717;0,1536;26,1298;12,4727;35,6;100;190;10000000;10000000
7603;79,1576;0,1536;26,1297;12,4727;35,6;100;190;10000000;10000000
7604;73,9698;0,1536;26,1297;12,4727;35,6;100;190;10000000;10000000
7605;61,6813;0,1536;26,1297;12,4727;35,6;100;190;10000000;10000000
7606;61,6813;0,1536;26,1297;12,4727;35,6;100;190;10000000;10000000
7607;61,6813;0,1536;26,1297;12,4727;35,6;100;190;10000000;10000000
7608;61,6834;0,1536;26,1297;12,4727;35,6;100;190;10000000;10000000
7609;61,6834;0,1536;26,1296;12,4728;35,6;100;190;10000000;10000000
7610;61,6834;0,1536;26,1296;12,4728;35,6;100;190;10000000;10000000
7611;61,6834;0,1536;26,1296;12,4728;35,6;100;190;10000000;10000000
7612;61,6834;0,1536;26,1296;12,4728;35,6;100;190;10000000;10000000
7613;61,6834;0,1536;26,1296;12,4728;35,6;100;190;10000000;10000000
7614;61,6834;0,1536;26,1296;12,4728;35,6;100;190;10000000;10000000
7615;64,1743;0,1536;26,1295;12,4728;35,6;100;190;10000000;10000000
7616;63,8089;0,1536;26,1295;12,4728;35,6;100;190;10000000;10000000
7617;61,6834;0,1536;26,1295;12,4728;35,6;100;190;10000000;10000000
7618;61,6834;0,1536;26,1295;12,4728;35,6;100;190;10000000;10000000
7619;61,6834;0,1536;26,1295;12,4728;35,6;100;190;10000000;10000000
7620;61,6834;0,1536;26,1294;12,4728;35,6;100;190;10000000;10000000
7621;61,6834;0,1536;26,1294;12,4728;35,6;100;190;10000000;10000000
7622;61,6834;0,1536;26,1294;12,4728;35,6;100;190;10000000;10000000
7623;64,5392;0,1536;26,1294;12,4728;35,6;100;190;10000000;10000000
7624;79,1603;0,1536;26,1294;12,4728;35,6;100;190;10000000;10000000
7625;79,1603;0,1536;26,1294;12,4728;35,6;100;190;10000000;10000000
7626;79,1603;0,1536;26,1293;12,4728;35,6;100;190;10000000;10000000
7627;79,1603;0,1536;26,1293;12,4728;35,6;100;190;10000000;10000000
7628;79,1603;0,1536;26,1293;12,4728;35,6;100;190;10000000;10000000
7629;79,1603;0,1536;26,1293;12,4729;35,6;100;190;10000000;10000000
7630;79,2151;0,1536;26,1293;12,4729;35,6;100;190;10000000;10000000
7631;81,3565;0,1536;26,1293;12,4729;35,6;100;190;10000000;10000000
7632;79,163;0,1536;26,1292;12,4729;35,6;100;190;10000000;10000000
7633;81,3593;0,1536;26,1292;12,4729;35,6;100;190;10000000;10000000
7634;81,3593;0,1536;26,1292;12,4729;35,6;100;190;10000000;10000000
7635;81,3593;0,1536;26,1292;12,4729;35,6;100;190;10000000;10000000
7636;81,9875;0,1536;26,1292;12,4729;35,6;100;190;10000000;10000000
7637;83,8016;0,1536;26,1291;12,4729;35,6;100;190;10000000;10000000
7638;86,3596;0,1536;26,1291;12,4729;35,6;100;190;10000000;10000000
7639;86,5757;0,1536;26,1291;12,4729;35,6;100;190;10000000;10000000
7640;85,0326;0,1536;26,1291;12,4729;35,6;100;190;10000000;10000000
7641;85,6308;0,1536;26,1291;12,4729;35,6;100;190;10000000;10000000
7642;83,8016;0,1536;26,1291;12,4729;35,6;100;190;10000000;10000000
7643;85,0326;0,1536;26,129;12,4729;35,6;100;190;10000000;10000000
7644;86,3596;0,1536;26,129;12,4729;35,6;100;190;10000000;10000000
7645;86,2995;0,1536;26,129;12,4729;35,6;100;190;10000000;10000000
7646;86,5757;0,1536;26,129;12,4729;35,6;100;190;10000000;10000000
7647;104,6507;0,1536;26,129;12,4729;35,6;100;190;10000000;10000000
7648;107,2476;0,1536;26,1289;12,4729;35,6;100;190;10000000;10000000
7649;100,225;0,1536;26,1289;12,473;35,6;100;190;10000000;10000000
7650;99,8953;0,1536;26,1289;12,473;35,6;100;190;10000000;10000000
7651;92,6883;0,1536;26,1289;12,473;35,6;100;190;10000000;10000000
7652;88,0912;0,1536;26,1289;12,473;35,6;100;190;10000000;10000000
7653;86,3628;0,1536;26,1289;12,473;35,6;100;190;10000000;10000000
7654;86,3596;0,1536;26,1288;12,473;35,6;100;190;10000000;10000000
7655;85,3218;0,1536;26,1288;12,473;35,6;100;190;10000000;10000000
7656;86,3626;0,1537;26,1288;12,473;35,6;100;190;10000000;10000000
7657;86,3626;0,1537;26,1288;12,473;35,6;100;190;10000000;10000000
7658;84,8826;0,1537;26,1288;12,473;35,6;100;190;10000000;10000000
7659;86,5786;0,1537;26,1288;12,473;35,6;100;190;10000000;10000000
7660;86,5786;0,1537;26,1287;12,473;35,6;100;190;10000000;10000000
7661;106,8864;0,1537;26,1287;12,473;35,6;100;190;10000000;10000000
7662;137,7686;0,1537;26,1287;12,473;35,6;100;190;10000000;10000000
7663;131,9428;0,1537;26,1287;12,473;35,6;100;190;10000000;10000000
7664;107,4343;0,1537;26,1287;12,473;35,6;100;190;10000000;10000000
7665;103,6425;0,1537;26,1286;12,473;35,6;100;190;10000000;10000000
7666;87,0121;0,1537;26,1286;12,473;35,6;100;190;10000000;10000000
7667;86,3626;0,1537;26,1286;12,473;35,6;100;190;10000000;10000000
7668;86,3626;0,1537;26,1286;12,473;35,6;100;190;10000000;10000000
7669;84,6835;0,1537;26,1286;12,4731;35,6;100;190;10000000;10000000
7670;83,749;0,1537;26,1286;12,4731;35,6;100;190;10000000;10000000
7671;83,6471;0,1537;26,1285;12,4731;35,6;100;190;10000000;10000000
7672;83,6292;0,1537;26,1285;12,4731;35,6;100;190;10000000;10000000
7673;84,6919;0,1537;26,1285;12,4731;35,6;100;190;10000000;10000000
7674;82,1782;0,1537;26,1285;12,4731;35,6;100;190;10000000;10000000
7675;79,4149;0,1537;26,1285;12,4731;35,6;100;190;10000000;10000000
7676;79,1657;0,1537;26,1285;12,4731;35,6;100;190;10000000;10000000
7677;79,1657;0,1537;26,1284;12,4731;35,6;100;190;10000000;10000000
7678;79,1657;0,1537;26,1284;12,4731;35,6;100;190;10000000;10000000
7679;77,8679;0,1537;26,1284;12,4731;35,6;100;190;10000000;10000000
7680;74,6412;0,1537;26,1284;12,4731;35,6;100;190;10000000;10000000
7681;66,4724;0,1537;26,1284;12,4731;35,6;100;190;10000000;10000000
7682;74,6686;0,1537;26,1283;12,4731;35,6;100;190;10000000;10000000
7683;77,8706;0,1537;26,1283;12,4731;35,6;100;190;10000000;10000000
7684;74,6412;0,1537;26,1283;12,4731;35,6;100;190;10000000;10000000
7685;79,1684;0,1537;26,1283;12,4731;35,6;100;190;10000000;10000000
7686;81,3648;0,1537;26,1283;12,4731;35,6;100;190;10000000;10000000
7687;80,7164;0,1537;26,1283;12,4731;35,6;100;190;10000000;10000000
7688;80,7164;0,1537;26,1282;12,4731;35,6;100;190;10000000;10000000
7689;79,1684;0,1537;26,1282;12,4731;35,6;100;190;10000000;10000000
7690;79,1684;0,1537;26,1282;12,4732;35,6;100;190;10000000;10000000
7691;79,1684;0,1537;26,1282;12,4732;35,6;100;190;10000000;10000000
7692;79,1684;0,1537;26,1282;12,4732;35,6;100;190;10000000;10000000
7693;79,1684;0,1537;26,1282;12,4732;35,6;100;190;10000000;10000000
7694;79,1684;0,1537;26,1281;12,4732;35,6;100;190;10000000;10000000
7695;79,1684;0,1537;26,1281;12,4732;35,6;100;190;10000000;10000000
7696;83,1117;0,1537;26,1281;12,4732;35,6;100;190;10000000;10000000
7697;82,127;0,1537;26,1281;12,4732;35,6;100;190;10000000;10000000
7698;79,1684;0,1537;26,1281;12,4732;35,6;100;190;10000000;10000000
7699;79,1684;0,1537;26,128;12,4732;35,6;100;190;10000000;10000000
7700;74,6412;0,1537;26,128;12,4732;35,6;100;190;10000000;10000000
7701;61,6897;0,1537;26,128;12,4732;35,6;100;190;10000000;10000000
7702;61,6897;0,1537;26,128;12,4732;35,6;100;190;10000000;10000000
7703;0;0,1537;26,128;12,4732;35,6;100;190;10000000;10000000
7704;0;0,1537;26,128;12,4732;35,6;100;190;10000000;10000000
7705;0;0,1537;26,1279;12,4732;35,6;100;190;10000000;10000000
7706;0;0,1537;26,1279;12,4732;35,6;100;190;10000000;10000000
7707;0;0,1537;26,1279;12,4732;35,6;100;190;10000000;10000000
7708;0;0,1537;26,1279;12,4732;35,6;100;190;10000000;10000000
7709;-1;0,1537;26,1279;12,4732;35,6;100;190;10000000;10000000
7710;-1;0,1537;26,1279;12,4733;35,6;100;190;10000000;10000000
7711;-1;0,1537;26,1278;12,4733;35,6;100;190;10000000;10000000
7712;-1;0,1537;26,1278;12,4733;35,6;100;190;10000000;10000000
7713;-1;0,1537;26,1278;12,4733;35,6;100;190;10000000;10000000
7714;-1;0,1537;26,1278;12,4733;35,6;100;190;10000000;10000000
7715;-1;0,1537;26,1278;12,4733;35,6;100;190;10000000;10000000
7716;-1;0,1537;26,1277;12,4733;35,6;100;190;10000000;10000000
7717;-1;0,1537;26,1277;12,4733;35,6;100;190;10000000;10000000
7718;-65;0,1537;26,1277;12,4733;35,6;100;190;10000000;10000000
7719;-65;0,1537;26,1277;12,4733;35,6;100;190;10000000;10000000
7720;-65;0,1537;26,1277;12,4733;35,6;100;190;10000000;10000000
7721;-65;0,1537;26,1277;12,4733;35,6;100;190;10000000;10000000
7722;-1;0,1537;26,1276;12,4733;35,6;100;190;10000000;10000000
7723;-65;0,1537;26,1276;12,4733;35,6;100;190;10000000;10000000
7724;-1;0,1537;26,1276;12,4733;35,6;100;190;10000000;10000000
7725;-1;0,1537;26,1276;12,4733;35,6;100;190;10000000;10000000
7726;-65;0,1537;26,1276;12,4733;35,6;100;190;10000000;10000000
7727;-1;0,1537;26,1276;12,4733;35,6;100;190;10000000;10000000
7728;-1;0,1537;26,1275;12,4733;35,6;100;190;10000000;10000000
7729;-1;0,1537;26,1275;12,4733;35,6;100;190;10000000;10000000
7730;-1;0,1537;26,1275;12,4734;35,6;100;190;10000000;10000000
7731;-1;0,1537;26,1275;12,4734;35,6;100;190;10000000;10000000
7732;-1;0,1537;26,1275;12,4734;35,6;100;190;10000000;10000000
7733;-1;0,1537;26,1274;12,4734;35,6;100;190;10000000;10000000
7734;-1;0,1537;26,1274;12,4734;35,6;100;190;10000000;10000000
7735;0;0,1537;26,1274;12,4734;35,6;100;190;10000000;10000000
7736;0;0,1537;26,1274;12,4734;35,6;100;190;10000000;10000000
7737;0;0,1537;26,1274;12,4734;35,6;100;190;10000000;10000000
7738;0;0,1537;26,1274;12,4734;35,6;100;190;10000000;10000000
7739;0;0,1537;26,1273;12,4734;35,6;100;190;10000000;10000000
7740;0;0,1537;26,1273;12,4734;35,6;100;190;10000000;10000000
7741;0;0,1537;26,1273;12,4734;35,6;100;190;10000000;10000000
7742;0;0,1537;26,1273;12,4734;35,6;100;190;10000000;10000000
7743;0;0,1537;26,1273;12,4734;35,6;100;190;10000000;10000000
7744;0;0,1537;26,1273;12,4734;35,6;100;190;10000000;10000000
7745;0;0,1537;26,1272;12,4734;35,6;100;190;10000000;10000000
7746;0;0,1537;26,1272;12,4734;35,6;100;190;10000000;10000000
7747;0;0,1537;26,1272;12,4734;35,6;100;190;10000000;10000000
7748;0;0,1537;26,1272;12,4734;35,6;100;190;10000000;10000000
7749;24,4678;0,1537;26,1272;12,4734;35,6;100;190;10000000;10000000
7750;0;0,1537;26,1271;12,4735;35,6;100;190;10000000;10000000
7751;0;0,1537;26,1271;12,4735;35,6;100;190;10000000;10000000
7752;34,4221;0,1537;26,1271;12,4735;35,6;100;190;10000000;10000000
7753;31,5734;0,1537;26,1271;12,4735;35,6;100;190;10000000;10000000
7754;27,3588;0,1537;26,1271;12,4735;35,6;100;190;10000000;10000000
7755;32,2856;0,1537;26,1271;12,4735;35,6;100;190;10000000;10000000
7756;46,6709;0,1537;26,127;12,4735;35,6;100;190;10000000;10000000
7757;61,696;0,1537;26,127;12,4735;35,6;100;190;10000000;10000000
7758;61,696;0,1537;26,127;12,4735;35,6;100;190;10000000;10000000
7759;61,696;0,1537;26,127;12,4735;35,6;100;190;10000000;10000000
7760;61,696;0,1537;26,127;12,4735;35,6;100;190;10000000;10000000
7761;61,696;0,1537;26,1269;12,4735;35,6;100;190;10000000;10000000
7762;61,696;0,1537;26,1269;12,4735;35,6;100;190;10000000;10000000
7763;61,696;0,1537;26,1269;12,4735;35,6;100;190;10000000;10000000
7764;61,696;0,1537;26,1269;12,4735;35,6;100;190;10000000;10000000
7765;61,696;0,1537;26,1269;12,4735;35,6;100;190;10000000;10000000
7766;61,696;0,1537;26,1269;12,4735;35,6;100;190;10000000;10000000
7767;74,6418;0,1537;26,1268;12,4735;35,6;100;190;10000000;10000000
7768;79,1765;0,1537;26,1268;12,4735;35,6;100;190;10000000;10000000
7769;80,6281;0,1537;26,1268;12,4735;35,6;100;190;10000000;10000000
7770;80,6281;0,1537;26,1268;12,4736;35,6;100;190;10000000;10000000
7771;80,3842;0,1537;26,1268;12,4736;35,6;100;190;10000000;10000000
7772;79,1765;0,1537;26,1268;12,4736;35,6;100;190;10000000;10000000
7773;79,1765;0,1537;26,1267;12,4736;35,6;100;190;10000000;10000000
7774;79,9758;0,1537;26,1267;12,4736;35,6;100;190;10000000;10000000
7775;79,1765;0,1537;26,1267;12,4736;35,6;100;190;10000000;10000000
7776;79,1792;0,1537;26,1267;12,4736;35,6;100;190;10000000;10000000
7777;79,1792;0,1537;26,1267;12,4736;35,6;100;190;10000000;10000000
7778;78,6549;0,1537;26,1266;12,4736;35,6;100;190;10000000;10000000
7779;74,642;0,1537;26,1266;12,4736;35,6;100;190;10000000;10000000
7780;79,1792;0,1537;26,1266;12,4736;35,6;100;190;10000000;10000000
7781;83,3522;0,1537;26,1266;12,4736;35,6;100;190;10000000;10000000
7782;92,7231;0,1537;26,1266;12,4736;35,6;100;190;10000000;10000000
7783;91,1766;0,1537;26,1266;12,4736;35,6;100;190;10000000;10000000
7784;87,6264;0,1537;26,1265;12,4736;35,6;100;190;10000000;10000000
7785;86,3773;0,1537;26,1265;12,4736;35,6;100;190;10000000;10000000
7786;82,7183;0,1537;26,1265;12,4736;35,6;100;190;10000000;10000000
7787;80,6309;0,1537;26,1265;12,4736;35,6;100;190;10000000;10000000
7788;81,894;0,1537;26,1265;12,4736;35,6;100;190;10000000;10000000
7789;83,2407;0,1537;26,1265;12,4736;35,6;100;190;10000000;10000000
7790;86,3773;0,1537;26,1264;12,4737;35,6;100;190;10000000;10000000
7791;87,7345;0,1537;26,1264;12,4737;35,6;100;190;10000000;10000000
7792;85,9968;0,1537;26,1264;12,4737;35,6;100;190;10000000;10000000
7793;80,6309;0,1537;26,1264;12,4737;35,6;100;190;10000000;10000000
7794;79,1792;0,1537;26,1264;12,4737;35,6;100;190;10000000;10000000
7795;79,1792;0,1537;26,1263;12,4737;35,6;100;190;10000000;10000000
7796;79,1792;0,1537;26,1263;12,4737;35,6;100;190;10000000;10000000
7797;61,6981;0,1537;26,1263;12,4737;35,6;100;190;10000000;10000000
7798;61,6981;0,1537;26,1263;12,4737;35,6;100;190;10000000;10000000
7799;38,9842;0,1537;26,1263;12,4737;35,6;100;190;10000000;10000000
7800;31,4013;0,1537;26,1263;12,4737;35,6;100;190;10000000;10000000
7801;12,176;0,1537;26,1262;12,4737;35,6;100;190;10000000;10000000
7802;7,5758;0,1537;26,1262;12,4737;35,6;100;190;10000000;10000000
7803;8,3309;0,1537;26,1262;12,4737;35,6;100;190;10000000;10000000
7804;8,3309;0,1537;26,1262;12,4737;35,6;100;190;10000000;10000000
7805;27,5562;0,1537;26,1262;12,4737;35,6;100;190;10000000;10000000
7806;52,6489;0,1537;26,1262;12,4737;35,6;100;190;10000000;10000000
7807;61,7002;0,1537;26,1261;12,4737;35,6;100;190;10000000;10000000
7808;41,0139;0,1537;26,1261;12,4737;35,6;100;190;10000000;10000000
7809;7,5758;0,1537;26,1261;12,4737;35,6;100;190;10000000;10000000
7810;2,5634;0,1537;26,1261;12,4738;35,6;100;190;10000000;10000000
7811;0;0,1537;26,1261;12,4738;35,6;100;190;10000000;10000000
7812;0;0,1537;26,126;12,4738;35,6;100;190;10000000;10000000
7813;0;0,1537;26,126;12,4738;35,6;100;190;10000000;10000000
7814;0;0,1537;26,126;12,4738;35,6;100;190;10000000;10000000
7815;0;0,1537;26,126;12,4738;35,6;100;190;10000000;10000000
7816;0;0,1537;26,126;12,4738;35,6;100;190;10000000;10000000
7817;0;0,1537;26,126;12,4738;35,6;100;190;10000000;10000000
7818;0;0,1537;26,1259;12,4738;35,6;100;190;10000000;10000000
7819;-1;0,1537;26,1259;12,4738;35,6;100;190;10000000;10000000
7820;-1;0,1537;26,1259;12,4738;35,6;100;190;10000000;10000000
7821;-1;0,1537;26,1259;12,4738;35,6;100;190;10000000;10000000
7822;-1;0,1537;26,1259;12,4738;35,6;100;190;10000000;10000000
7823;-1;0,1537;26,1259;12,4738;35,6;100;190;10000000;10000000
7824;-1;0,1537;26,1258;12,4738;35,6;100;190;10000000;10000000
7825;-1;0,1537;26,1258;12,4738;35,6;100;190;10000000;10000000
7826;-1;0,1537;26,1258;12,4738;35,6;100;190;10000000;10000000
7827;-1;0,1537;26,1258;12,4738;35,6;100;190;10000000;10000000
7828;-65;0,1537;26,1258;12,4738;35,6;100;190;10000000;10000000
7829;-65;0,1537;26,1257;12,4738;35,6;100;190;10000000;10000000
7830;-1;0,1537;26,1257;12,4739;35,6;100;190;10000000;10000000
7831;-1;0,1537;26,1257;12,4739;35,6;100;190;10000000;10000000
7832;-1;0,1537;26,1257;12,4739;35,6;100;190;10000000;10000000
7833;-1;0,1537;26,1257;12,4739;35,6;100;190;10000000;10000000
7834;-1;0,1537;26,1257;12,4739;35,6;100;190;10000000;10000000
7835;-1;0,1537;26,1256;12,4739;35,6;100;190;10000000;10000000
7836;-1;0,1537;26,1256;12,4739;35,6;100;190;10000000;10000000
7837;-1;0,1537;26,1256;12,4739;35,6;100;190;10000000;10000000
7838;-1;0,1537;26,1256;12,4739;35,6;100;190;10000000;10000000
7839;-1;0,1537;26,1256;12,4739;35,6;100;190;10000000;10000000
7840;-1;0,1537;26,1256;12,4739;35,6;100;190;10000000;10000000
7841;-1;0,1537;26,1255;12,4739;35,6;100;190;10000000;10000000
7842;-1;0,1537;26,1255;12,4739;35,6;100;190;10000000;10000000
7843;-1;0,1537;26,1255;12,4739;35,6;100;190;10000000;10000000
7844;-1;0,1537;26,1255;12,4739;35,6;100;190;10000000;10000000
7845;-1;0,1537;26,1255;12,4739;35,6;100;190;10000000;10000000
7846;-1;0,1537;26,1254;12,4739;35,6;100;190;10000000;10000000
7847;-1;0,1537;26,1254;12,4739;35,6;100;190;10000000;10000000
7848;-1;0,1537;26,1254;12,4739;35,6;100;190;10000000;10000000
7849;-1;0,1537;26,1254;12,4739;35,6;100;190;10000000;10000000
7850;-1;0,1537;26,1254;12,474;35,6;100;190;10000000;10000000
7851;-1;0,1537;26,1254;12,474;35,6;100;190;10000000;10000000
7852;-1;0,1537;26,1253;12,474;35,6;100;190;10000000;10000000
7853;-1;0,1537;26,1253;12,474;35,6;100;190;10000000;10000000
7854;-1;0,1537;26,1253;12,474;35,6;100;190;10000000;10000000
7855;-1;0,1537;26,1253;12,474;35,6;100;190;10000000;10000000
7856;-1;0,1537;26,1253;12,474;35,6;100;190;10000000;10000000
7857;-1;0,1537;26,1253;12,474;35,6;100;190;10000000;10000000
7858;-1;0,1537;26,1252;12,474;35,6;100;190;10000000;10000000
7859;-1;0,1537;26,1252;12,474;35,6;100;190;10000000;10000000
7860;-1;0,1537;26,1252;12,474;35,6;100;190;10000000;10000000
7861;-1;0,1537;26,1252;12,474;35,6;100;190;10000000;10000000
7862;-1;0,1537;26,1252;12,474;35,6;100;190;10000000;10000000
7863;0;0,1537;26,1251;12,474;35,6;100;190;10000000;10000000
7864;0;0,1537;26,1251;12,474;35,6;100;190;10000000;10000000
7865;-1;0,1537;26,1251;12,474;35,6;100;190;10000000;10000000
7866;-1;0,1537;26,1251;12,474;35,6;100;190;10000000;10000000
7867;-1;0,1537;26,1251;12,474;35,6;100;190;10000000;10000000
7868;-1;0,1537;26,1251;12,474;35,6;100;190;10000000;10000000
7869;-1;0,1537;26,125;12,474;35,6;100;190;10000000;10000000
7870;-1;0,1537;26,125;12,4741;35,6;100;190;10000000;10000000
7871;-1;0,1537;26,125;12,4741;35,6;100;190;10000000;10000000
7872;-1;0,1537;26,125;12,4741;35,6;100;190;10000000;10000000
7873;-1;0,1537;26,125;12,4741;35,6;100;190;10000000;10000000
7874;-1;0,1537;26,1249;12,4741;35,6;100;190;10000000;10000000
7875;-1;0,1537;26,1249;12,4741;35,6;100;190;10000000;10000000
7876;-1;0,1537;26,1249;12,4741;35,6;100;190;10000000;10000000
7877;-1;0,1537;26,1249;12,4741;35,6;100;190;10000000;10000000
7878;-1;0,1537;26,1249;12,4741;35,6;100;190;10000000;10000000
7879;-1;0,1537;26,1249;12,4741;35,6;100;190;10000000;10000000
7880;-1;0,1537;26,1248;12,4741;35,6;100;190;10000000;10000000
7881;-1;0,1537;26,1248;12,4741;35,6;100;190;10000000;10000000
7882;0;0,1537;26,1248;12,4741;35,6;100;190;10000000;10000000
7883;0;0,1537;26,1248;12,4741;35,6;100;190;10000000;10000000
7884;0;0,1537;26,1248;12,4741;35,6;100;190;10000000;10000000
7885;-1;0,1537;26,1248;12,4741;35,6;100;190;10000000;10000000
7886;-1;0,1537;26,1247;12,4741;35,6;100;190;10000000;10000000
7887;-1;0,1537;26,1247;12,4741;35,6;100;190;10000000;10000000
7888;-1;0,1537;26,1247;12,4741;35,6;100;190;10000000;10000000
7889;-65;0,1537;26,1247;12,4741;35,6;100;190;10000000;10000000
7890;-1;0,1537;26,1247;12,4742;35,6;100;190;10000000;10000000
7891;-1;0,1537;26,1246;12,4742;35,6;100;190;10000000;10000000
7892;-1;0,1537;26,1246;12,4742;35,6;100;190;10000000;10000000
7893;-1;0,1537;26,1246;12,4742;35,6;100;190;10000000;10000000
7894;-65;0,1537;26,1246;12,4742;35,6;100;190;10000000;10000000
7895;-65;0,1537;26,1246;12,4742;35,6;100;190;10000000;10000000
7896;-65;0,1537;26,1246;12,4742;35,6;100;190;10000000;10000000
7897;-65;0,1537;26,1245;12,4742;35,6;100;190;10000000;10000000
7898;-65;0,1537;26,1245;12,4742;35,6;100;190;10000000;10000000
7899;-65;0,1537;26,1245;12,4742;35,6;100;190;10000000;10000000
7900;-65;0,1537;26,1245;12,4742;35,6;100;190;10000000;10000000
7901;-65;0,1537;26,1245;12,4742;35,6;100;190;10000000;10000000
7902;-65;0,1537;26,1245;12,4742;35,6;100;190;10000000;10000000
7903;-65;0,1537;26,1244;12,4742;35,6;100;190;10000000;10000000
7904;-65;0,1537;26,1244;12,4742;35,6;100;190;10000000;10000000
7905;-1;0,1537;26,1244;12,4742;35,6;100;190;10000000;10000000
7906;-1;0,1537;26,1244;12,4742;35,6;100;190;10000000;10000000
7907;-1;0,1537;26,1244;12,4742;35,6;100;190;10000000;10000000
7908;0;0,1537;26,1243;12,4742;35,6;100;190;10000000;10000000
7909;-1;0,1537;26,1243;12,4742;35,6;100;190;10000000;10000000
7910;-1;0,1537;26,1243;12,4743;35,6;100;190;10000000;10000000
7911;-1;0,1537;26,1243;12,4743;35,6;100;190;10000000;10000000
7912;-1;0,1537;26,1243;12,4743;35,6;100;190;10000000;10000000
7913;0;0,1537;26,1243;12,4743;35,6;100;190;10000000;10000000
7914;-1;0,1537;26,1242;12,4743;35,6;100;190;10000000;10000000
7915;-1;0,1537;26,1242;12,4743;35,6;100;190;10000000;10000000
7916;0;0,1537;26,1242;12,4743;35,6;100;190;10000000;10000000
7917;0;0,1537;26,1242;12,4743;35,6;100;190;10000000;10000000
7918;0;0,1537;26,1242;12,4743;35,6;100;190;10000000;10000000
7919;-1;0,1537;26,1242;12,4743;35,6;100;190;10000000;10000000
7920;-1;0,1537;26,1241;12,4743;35,6;100;190;10000000;10000000
7921;-1;0,1537;26,1241;12,4743;35,6;100;190;10000000;10000000
7922;-1;0,1537;26,1241;12,4743;35,6;100;190;10000000;10000000
7923;-1;0,1537;26,1241;12,4743;35,6;100;190;10000000;10000000
7924;0;0,1537;26,1241;12,4743;35,6;100;190;10000000;10000000
7925;-1;0,1537;26,124;12,4743;35,6;100;190;10000000;10000000
7926;0;0,1537;26,124;12,4743;35,6;100;190;10000000;10000000
7927;0;0,1537;26,124;12,4743;35,6;100;190;10000000;10000000
7928;0;0,1537;26,124;12,4743;35,6;100;190;10000000;10000000
7929;0;0,1537;26,124;12,4743;35,6;100;190;10000000;10000000
7930;0;0,1537;26,124;12,4744;35,6;100;190;10000000;10000000
7931;0;0,1537;26,1239;12,4744;35,6;100;190;10000000;10000000
7932;0;0,1537;26,1239;12,4744;35,6;100;190;10000000;10000000
7933;0;0,1537;26,1239;12,4744;35,6;100;190;10000000;10000000
7934;0;0,1537;26,1239;12,4744;35,6;100;190;10000000;10000000
7935;0;0,1537;26,1239;12,4744;35,6;100;190;10000000;10000000
7936;0;0,1537;26,1239;12,4744;35,6;100;190;10000000;10000000
7937;0;0,1537;26,1238;12,4744;35,6;100;190;10000000;10000000
7938;0;0,1537;26,1238;12,4744;35,6;100;190;10000000;10000000
7939;0;0,1537;26,1238;12,4744;35,6;100;190;10000000;10000000
7940;0;0,1537;26,1238;12,4744;35,6;100;190;10000000;10000000
7941;0;0,1537;26,1238;12,4744;35,6;100;190;10000000;10000000
7942;0;0,1537;26,1237;12,4744;35,6;100;190;10000000;10000000
7943;0;0,1537;26,1237;12,4744;35,6;100;190;10000000;10000000
7944;0;0,1537;26,1237;12,4744;35,6;100;190;10000000;10000000
7945;0;0,1537;26,1237;12,4744;35,6;100;190;10000000;10000000
7946;0;0,1537;26,1237;12,4744;35,6;100;190;10000000;10000000
7947;0;0,1537;26,1237;12,4744;35,6;100;190;10000000;10000000
7948;0;0,1537;26,1236;12,4744;35,6;100;190;10000000;10000000
7949;0;0,1537;26,1236;12,4744;35,6;100;190;10000000;10000000
7950;61,7128;0,1537;26,1236;12,4745;35,6;100;190;10000000;10000000
7951;61,7128;0,1537;26,1236;12,4745;35,6;100;190;10000000;10000000
7952;61,7128;0,1537;26,1236;12,4745;35,6;100;190;10000000;10000000
7953;61,7128;0,1537;26,1236;12,4745;35,6;100;190;10000000;10000000
7954;50,8076;0,1537;26,1235;12,4745;35,6;100;190;10000000;10000000
7955;61,7128;0,1537;26,1235;12,4745;35,6;100;190;10000000;10000000
7956;61,7128;0,1537;26,1235;12,4745;35,6;100;190;10000000;10000000
7957;61,7128;0,1537;26,1235;12,4745;35,6;100;190;10000000;10000000
7958;61,7128;0,1537;26,1235;12,4745;35,6;100;190;10000000;10000000
7959;61,7128;0,1537;26,1234;12,4745;35,6;100;190;10000000;10000000
7960;61,7128;0,1537;26,1234;12,4745;35,6;100;190;10000000;10000000
7961;61,7128;0,1537;26,1234;12,4745;35,6;100;190;10000000;10000000
7962;61,7128;0,1537;26,1234;12,4745;35,6;100;190;10000000;10000000
7963;61,7128;0,1537;26,1234;12,4745;35,6;100;190;10000000;10000000
7964;61,7128;0,1537;26,1234;12,4745;35,6;100;190;10000000;10000000
7965;61,7128;0,1537;26,1233;12,4745;35,6;100;190;10000000;10000000
7966;61,7128;0,1537;26,1233;12,4745;35,6;100;190;10000000;10000000
7967;61,7128;0,1537;26,1233;12,4745;35,6;100;190;10000000;10000000
7968;61,7149;0,1537;26,1233;12,4745;35,6;100;190;10000000;10000000
7969;61,7149;0,1537;26,1233;12,4745;35,6;100;190;10000000;10000000
7970;61,7149;0,1537;26,1233;12,4746;35,6;100;190;10000000;10000000
7971;61,7149;0,1537;26,1232;12,4746;35,6;100;190;10000000;10000000
7972;61,7149;0,1537;26,1232;12,4746;35,6;100;190;10000000;10000000
7973;63,2715;0,1537;26,1232;12,4746;35,6;100;190;10000000;10000000
7974;79,2008;0,1537;26,1232;12,4746;35,6;100;190;10000000;10000000
7975;79,2008;0,1537;26,1232;12,4746;35,6;100;190;10000000;10000000
7976;79,2008;0,1537;26,1231;12,4746;35,6;100;190;10000000;10000000
7977;79,2008;0,1537;26,1231;12,4746;35,6;100;190;10000000;10000000
7978;79,2008;0,1537;26,1231;12,4746;35,6;100;190;10000000;10000000
7979;79,2008;0,1537;26,1231;12,4746;35,6;100;190;10000000;10000000
7980;79,2008;0,1537;26,1231;12,4746;35,6;100;190;10000000;10000000
7981;79,2008;0,1537;26,1231;12,4746;35,6;100;190;10000000;10000000
7982;82,1606;0,1537;26,123;12,4746;35,6;100;190;10000000;10000000
7983;84,8412;0,1537;26,123;12,4746;35,6;100;190;10000000;10000000
7984;83,8416;0,1537;26,123;12,4746;35,6;100;190;10000000;10000000
7985;85,3626;0,1537;26,123;12,4746;35,6;100;190;10000000;10000000
7986;86,4009;0,1537;26,123;12,4746;35,6;100;190;10000000;10000000
7987;84,9773;0,1537;26,1229;12,4746;35,6;100;190;10000000;10000000
7988;83,8416;0,1537;26,1229;12,4746;35,6;100;190;10000000;10000000
7989;83,7841;0,1537;26,1229;12,4746;35,6;100;190;10000000;10000000
7990;86,4009;0,1537;26,1229;12,4747;35,6;100;190;10000000;10000000
7991;86,4009;0,1537;26,1229;12,4747;35,6;100;190;10000000;10000000
7992;83,5754;0,1537;26,1229;12,4747;35,6;100;190;10000000;10000000
7993;83,687;0,1537;26,1228;12,4747;35,6;100;190;10000000;10000000
7994;83,8445;0,1537;26,1228;12,4747;35,6;100;190;10000000;10000000
7995;83,5754;0,1537;26,1228;12,4747;35,6;100;190;10000000;10000000
7996;83,5754;0,1537;26,1228;12,4747;35,6;100;190;10000000;10000000
7997;86,4038;0,1537;26,1228;12,4747;35,6;100;190;10000000;10000000
7998;89,4749;0,1537;26,1228;12,4747;35,6;100;190;10000000;10000000
7999;97,5987;0,1537;26,1227;12,4747;35,6;100;190;10000000;10000000
8000;89,4749;0,1537;26,1227;12,4747;35,6;100;190;10000000;10000000
8001;86,62;0,1537;26,1227;12,4747;35,6;100;190;10000000;10000000
8002;86,8252;0,1537;26,1227;12,4747;35,6;100;190;10000000;10000000
8003;86,8252;0,1537;26,1227;12,4747;35,6;100;190;10000000;10000000
8004;86,8252;0,1538;26,1226;12,4747;35,6;100;190;10000000;10000000
8005;103,6722;0,1538;26,1226;12,4747;35,6;100;190;10000000;10000000
8006;110,604;0,1538;26,1226;12,4747;35,6;100;190;10000000;10000000
8007;132,0059;0,1538;26,1226;12,4747;35,6;100;190;10000000;10000000
8008;144,0064;0,1538;26,1226;12,4747;35,6;100;190;10000000;10000000
8009;136,3155;0,1538;26,1226;12,4747;35,6;100;190;10000000;10000000
8010;132,0059;0,1538;26,1225;12,4748;35,6;100;190;10000000;10000000
8011;110,1229;0,1538;26,1225;12,4748;35,6;100;190;10000000;10000000
8012;107,3025;0,1538;26,1225;12,4748;35,6;100;190;10000000;10000000
8013;89,9002;0,1538;26,1225;12,4748;35,6;100;190;10000000;10000000
8014;89,4749;0,1538;26,1225;12,4748;35,6;100;190;10000000;10000000
8015;87,3913;0,1538;26,1225;12,4748;35,6;100;190;10000000;10000000
8016;87,1417;0,1538;26,1224;12,4748;35,6;100;190;10000000;10000000
8017;89,4749;0,1538;26,1224;12,4748;35,6;100;190;10000000;10000000
8018;88,1393;0,1538;26,1224;12,4748;35,6;100;190;10000000;10000000
8019;89,4749;0,1538;26,1224;12,4748;35,6;100;190;10000000;10000000
8020;95,3743;0,1538;26,1224;12,4748;35,6;100;190;10000000;10000000
8021;105,4414;0,1538;26,1223;12,4748;35,6;100;190;10000000;10000000
8022;105,4414;0,1538;26,1223;12,4748;35,6;100;190;10000000;10000000
8023;121,9926;0,1538;26,1223;12,4748;35,6;100;190;10000000;10000000
8024;126,3554;0,1538;26,1223;12,4748;35,6;100;190;10000000;10000000
8025;113,2842;0,1538;26,1223;12,4748;35,6;100;190;10000000;10000000
8026;108,1345;0,1538;26,1223;12,4748;35,6;100;190;10000000;10000000
8027;100,2129;0,1538;26,1222;12,4748;35,6;100;190;10000000;10000000
8028;107,3061;0,1538;26,1222;12,4748;35,6;100;190;10000000;10000000
8029;92,4246;0,1538;26,1222;12,4748;35,6;100;190;10000000;10000000
8030;113,2842;0,1538;26,1222;12,4748;35,6;100;190;10000000;10000000
8031;132,1295;0,1538;26,1222;12,4749;35,6;100;190;10000000;10000000
8032;144,0113;0,1538;26,1222;12,4749;35,6;100;190;10000000;10000000
8033;144,0113;0,1538;26,1221;12,4749;35,6;100;190;10000000;10000000
8034;135,0835;0,1538;26,1221;12,4749;35,6;100;190;10000000;10000000
8035;113,2842;0,1538;26,1221;12,4749;35,6;100;190;10000000;10000000
8036;107,3061;0,1538;26,1221;12,4749;35,6;100;190;10000000;10000000
8037;94,9844;0,1538;26,1221;12,4749;35,6;100;190;10000000;10000000
8038;89,7559;0,1538;26,1221;12,4749;35,6;100;190;10000000;10000000
8039;88,0886;0,1538;26,122;12,4749;35,6;100;190;10000000;10000000
8040;90,8595;0,1538;26,122;12,4749;35,6;100;190;10000000;10000000
8041;88,3396;0,1538;26,122;12,4749;35,6;100;190;10000000;10000000
8042;88,3396;0,1538;26,122;12,4749;35,6;100;190;10000000;10000000
8043;87,6134;0,1538;26,122;12,4749;35,6;100;190;10000000;10000000
8044;87,6134;0,1538;26,1219;12,4749;35,6;100;190;10000000;10000000
8045;86,4097;0,1538;26,1219;12,4749;35,6;100;190;10000000;10000000
8046;86,4097;0,1538;26,1219;12,4749;35,6;100;190;10000000;10000000
8047;86,4097;0,1538;26,1219;12,4749;35,6;100;190;10000000;10000000
8048;86,4097;0,1538;26,1219;12,4749;35,6;100;190;10000000;10000000
8049;80,6611;0,1538;26,1219;12,4749;35,6;100;190;10000000;10000000
8050;79,2089;0,1538;26,1218;12,4749;35,6;100;190;10000000;10000000
8051;78,6844;0,1538;26,1218;12,475;35,6;100;190;10000000;10000000
8052;79,2089;0,1538;26,1218;12,475;35,6;100;190;10000000;10000000
8053;79,2089;0,1538;26,1218;12,475;35,6;100;190;10000000;10000000
8054;79,2089;0,1538;26,1218;12,475;35,6;100;190;10000000;10000000
8055;81,9407;0,1538;26,1218;12,475;35,6;100;190;10000000;10000000
8056;82,169;0,1538;26,1217;12,475;35,6;100;190;10000000;10000000
8057;82,2231;0,1538;26,1217;12,475;35,6;100;190;10000000;10000000
8058;81,9247;0,1538;26,1217;12,475;35,6;100;190;10000000;10000000
8059;80,6611;0,1538;26,1217;12,475;35,6;100;190;10000000;10000000
8060;79,3189;0,1538;26,1217;12,475;35,6;100;190;10000000;10000000
8061;79,2089;0,1538;26,1217;12,475;35,6;100;190;10000000;10000000
8062;79,2089;0,1538;26,1216;12,475;35,6;100;190;10000000;10000000
8063;61,7212;0,1538;26,1216;12,475;35,6;100;190;10000000;10000000
8064;61,7233;0,1538;26,1216;12,475;35,6;100;190;10000000;10000000
8065;61,7233;0,1538;26,1216;12,475;35,6;100;190;10000000;10000000
8066;61,7233;0,1538;26,1216;12,475;35,6;100;190;10000000;10000000
8067;61,7233;0,1538;26,1215;12,475;35,6;100;190;10000000;10000000
8068;61,7233;0,1538;26,1215;12,475;35,6;100;190;10000000;10000000
8069;61,7233;0,1538;26,1215;12,475;35,6;100;190;10000000;10000000
8070;61,7233;0,1538;26,1215;12,475;35,6;100;190;10000000;10000000
8071;61,7233;0,1538;26,1215;12,4751;35,6;100;190;10000000;10000000
8072;61,7233;0,1538;26,1215;12,4751;35,6;100;190;10000000;10000000
8073;61,7233;0,1538;26,1214;12,4751;35,6;100;190;10000000;10000000
8074;70,9469;0,1538;26,1214;12,4751;35,6;100;190;10000000;10000000
8075;61,7233;0,1538;26,1214;12,4751;35,6;100;190;10000000;10000000
8076;61,7233;0,1538;26,1214;12,4751;35,6;100;190;10000000;10000000
8077;78,1618;0,1538;26,1214;12,4751;35,6;100;190;10000000;10000000
8078;79,2116;0,1538;26,1214;12,4751;35,6;100;190;10000000;10000000
8079;80,6639;0,1538;26,1213;12,4751;35,6;100;190;10000000;10000000
8080;81,4092;0,1538;26,1213;12,4751;35,6;100;190;10000000;10000000
8081;82,1718;0,1538;26,1213;12,4751;35,6;100;190;10000000;10000000
8082;84,8528;0,1538;26,1213;12,4751;35,6;100;190;10000000;10000000
8083;83,8531;0,1538;26,1213;12,4751;35,6;100;190;10000000;10000000
8084;83,8531;0,1538;26,1213;12,4751;35,6;100;190;10000000;10000000
8085;84,431;0,1538;26,1212;12,4751;35,6;100;190;10000000;10000000
8086;84,431;0,1538;26,1212;12,4751;35,6;100;190;10000000;10000000
8087;86,4127;0,1538;26,1212;12,4751;35,6;100;190;10000000;10000000
8088;86,4156;0,1538;26,1212;12,4751;35,6;100;190;10000000;10000000
8089;86,3554;0,1538;26,1212;12,4751;35,6;100;190;10000000;10000000
8090;86,035;0,1538;26,1211;12,4751;35,6;100;190;10000000;10000000
8091;86,035;0,1538;26,1211;12,4751;35,6;100;190;10000000;10000000
8092;83,8559;0,1538;26,1211;12,4752;35,6;100;190;10000000;10000000
8093;90,1062;0,1538;26,1211;12,4752;35,6;100;190;10000000;10000000
8094;115,5415;0,1538;26,1211;12,4752;35,6;100;190;10000000;10000000
8095;132,143;0,1538;26,1211;12,4752;35,6;100;190;10000000;10000000
8096;132,143;0,1538;26,121;12,4752;35,6;100;190;10000000;10000000
8097;132,0239;0,1538;26,121;12,4752;35,6;100;190;10000000;10000000
8098;115,5415;0,1538;26,121;12,4752;35,6;100;190;10000000;10000000
8099;107,3171;0,1538;26,121;12,4752;35,6;100;190;10000000;10000000
8100;105,9152;0,1538;26,121;12,4752;35,6;100;190;10000000;10000000
8101;122,1855;0,1538;26,121;12,4752;35,6;100;190;10000000;10000000
8102;132,143;0,1538;26,1209;12,4752;35,6;100;190;10000000;10000000
8103;139,8643;0,1538;26,1209;12,4752;35,6;100;190;10000000;10000000
8104;144,026;0,1538;26,1209;12,4752;35,6;100;190;10000000;10000000
8105;138,1588;0,1538;26,1209;12,4752;35,6;100;190;10000000;10000000
8106;130,6239;0,1538;26,1209;12,4752;35,6;100;190;10000000;10000000
8107;102,9722;0,1538;26,1209;12,4752;35,6;100;190;10000000;10000000
8108;87,7734;0,1538;26,1208;12,4752;35,6;100;190;10000000;10000000
8109;86,4156;0,1538;26,1208;12,4752;35,6;100;190;10000000;10000000
8110;85,9733;0,1538;26,1208;12,4752;35,6;100;190;10000000;10000000
8111;84,8557;0,1538;26,1208;12,4752;35,6;100;190;10000000;10000000
8112;83,1627;0,1538;26,1208;12,4753;35,6;100;190;10000000;10000000
8113;82,0434;0,1538;26,1207;12,4753;35,6;100;190;10000000;10000000
8114;81,4148;0,1538;26,1207;12,4753;35,6;100;190;10000000;10000000
8115;81,4148;0,1538;26,1207;12,4753;35,6;100;190;10000000;10000000
8116;81,7738;0,1538;26,1207;12,4753;35,6;100;190;10000000;10000000
8117;81,9331;0,1538;26,1207;12,4753;35,6;100;190;10000000;10000000
8118;81,9331;0,1538;26,1207;12,4753;35,6;100;190;10000000;10000000
8119;81,7869;0,1538;26,1206;12,4753;35,6;100;190;10000000;10000000
8120;81,4148;0,1538;26,1206;12,4753;35,6;100;190;10000000;10000000
8121;81,4148;0,1538;26,1206;12,4753;35,6;100;190;10000000;10000000
8122;80,6694;0,1538;26,1206;12,4753;35,6;100;190;10000000;10000000
8123;80,6694;0,1538;26,1206;12,4753;35,6;100;190;10000000;10000000
8124;79,7612;0,1538;26,1206;12,4753;35,6;100;190;10000000;10000000
8125;81,4148;0,1538;26,1205;12,4753;35,6;100;190;10000000;10000000
8126;81,065;0,1538;26,1205;12,4753;35,6;100;190;10000000;10000000
8127;82,2315;0,1538;26,1205;12,4753;35,6;100;190;10000000;10000000
8128;84,8586;0,1538;26,1205;12,4753;35,6;100;190;10000000;10000000
8129;84,337;0,1538;26,1205;12,4753;35,6;100;190;10000000;10000000
8130;83,1627;0,1538;26,1205;12,4753;35,6;100;190;10000000;10000000
8131;82,0434;0,1538;26,1204;12,4753;35,6;100;190;10000000;10000000
8132;80,6694;0,1538;26,1204;12,4754;35,6;100;190;10000000;10000000
8133;79,217;0,1538;26,1204;12,4754;35,6;100;190;10000000;10000000
8134;79,217;0,1538;26,1204;12,4754;35,6;100;190;10000000;10000000
8135;79,217;0,1538;26,1204;12,4754;35,6;100;190;10000000;10000000
8136;79,4691;0,1538;26,1203;12,4754;35,6;100;190;10000000;10000000
8137;79,2197;0,1538;26,1203;12,4754;35,6;100;190;10000000;10000000
8138;79,2197;0,1538;26,1203;12,4754;35,6;100;190;10000000;10000000
8139;79,2197;0,1538;26,1203;12,4754;35,6;100;190;10000000;10000000
8140;79,2197;0,1538;26,1203;12,4754;35,6;100;190;10000000;10000000
8141;80,6721;0,1538;26,1203;12,4754;35,6;100;190;10000000;10000000
8142;82,0462;0,1538;26,1202;12,4754;35,6;100;190;10000000;10000000
8143;81,4175;0,1538;26,1202;12,4754;35,6;100;190;10000000;10000000
8144;80,6721;0,1538;26,1202;12,4754;35,6;100;190;10000000;10000000
8145;82,0462;0,1538;26,1202;12,4754;35,6;100;190;10000000;10000000
8146;79,6178;0,1538;26,1202;12,4754;35,6;100;190;10000000;10000000
8147;81,4175;0,1538;26,1202;12,4754;35,6;100;190;10000000;10000000
8148;80,6721;0,1538;26,1201;12,4754;35,6;100;190;10000000;10000000
8149;81,4175;0,1538;26,1201;12,4754;35,6;100;190;10000000;10000000
8150;81,9359;0,1538;26,1201;12,4754;35,6;100;190;10000000;10000000
8151;82,7606;0,1538;26,1201;12,4754;35,6;100;190;10000000;10000000
8152;83,8616;0,1538;26,1201;12,4754;35,6;100;190;10000000;10000000
8153;84,8615;0,1538;26,1201;12,4755;35,6;100;190;10000000;10000000
8154;84,8615;0,1538;26,12;12,4755;35,6;100;190;10000000;10000000
8155;83,8616;0,1538;26,12;12,4755;35,6;100;190;10000000;10000000
8156;83,8616;0,1538;26,12;12,4755;35,6;100;190;10000000;10000000
8157;83,8616;0,1538;26,12;12,4755;35,6;100;190;10000000;10000000
8158;83,7042;0,1538;26,12;12,4755;35,6;100;190;10000000;10000000
8159;83,2242;0,1538;26,1199;12,4755;35,6;100;190;10000000;10000000
8160;83,1684;0,1538;26,1199;12,4755;35,6;100;190;10000000;10000000
8161;83,2861;0,1538;26,1199;12,4755;35,6;100;190;10000000;10000000
8162;83,246;0,1538;26,1199;12,4755;35,6;100;190;10000000;10000000
8163;83,2861;0,1538;26,1199;12,4755;35,6;100;190;10000000;10000000
8164;83,392;0,1538;26,1199;12,4755;35,6;100;190;10000000;10000000
8165;86,3643;0,1538;26,1198;12,4755;35,6;100;190;10000000;10000000
8166;86,4245;0,1538;26,1198;12,4755;35,6;100;190;10000000;10000000
8167;88,062;0,1538;26,1198;12,4755;35,6;100;190;10000000;10000000
8168;88,1573;0,1538;26,1198;12,4755;35,6;100;190;10000000;10000000
8169;87,0419;0,1538;26,1198;12,4755;35,6;100;190;10000000;10000000
8170;86,3643;0,1538;26,1198;12,4755;35,6;100;190;10000000;10000000
8171;87,0419;0,1538;26,1197;12,4755;35,6;100;190;10000000;10000000
8172;86,4245;0,1538;26,1197;12,4755;35,6;100;190;10000000;10000000
8173;86,846;0,1538;26,1197;12,4756;35,6;100;190;10000000;10000000
8174;94,684;0,1538;26,1197;12,4756;35,6;100;190;10000000;10000000
8175;104,7292;0,1538;26,1197;12,4756;35,6;100;190;10000000;10000000
8176;132,0374;0,1538;26,1197;12,4756;35,6;100;190;10000000;10000000
8177;130,6373;0,1538;26,1196;12,4756;35,6;100;190;10000000;10000000
8178;124,9237;0,1538;26,1196;12,4756;35,6;100;190;10000000;10000000
8179;104,7292;0,1538;26,1196;12,4756;35,6;100;190;10000000;10000000
8180;97,3432;0,1538;26,1196;12,4756;35,6;100;190;10000000;10000000
8181;89,9445;0,1538;26,1196;12,4756;35,6;100;190;10000000;10000000
8182;88,1573;0,1538;26,1195;12,4756;35,6;100;190;10000000;10000000
8183;87,7824;0,1538;26,1195;12,4756;35,6;100;190;10000000;10000000
8184;87,5872;0,1538;26,1195;12,4756;35,6;100;190;10000000;10000000
8185;87,2639;0,1538;26,1195;12,4756;35,6;100;190;10000000;10000000
8186;87,0449;0,1538;26,1195;12,4756;35,6;100;190;10000000;10000000
8187;89,2536;0,1538;26,1195;12,4756;35,6;100;190;10000000;10000000
8188;96,0323;0,1538;26,1194;12,4756;35,6;100;190;10000000;10000000
8189;87,9259;0,1538;26,1194;12,4756;35,6;100;190;10000000;10000000
8190;96,0323;0,1538;26,1194;12,4756;35,6;100;190;10000000;10000000
8191;102,9862;0,1538;26,1194;12,4756;35,6;100;190;10000000;10000000
8192;116,3686;0,1538;26,1194;12,4756;35,6;100;190;10000000;10000000
8193;107,3317;0,1538;26,1194;12,4756;35,6;100;190;10000000;10000000
8194;116,3686;0,1538;26,1193;12,4757;35,6;100;190;10000000;10000000
8195;106,2004;0,1538;26,1193;12,4757;35,6;100;190;10000000;10000000
8196;102,8111;0,1538;26,1193;12,4757;35,6;100;190;10000000;10000000
8197;111,9255;0,1538;26,1193;12,4757;35,6;100;190;10000000;10000000
8198;116,3686;0,1538;26,1193;12,4757;35,6;100;190;10000000;10000000
8199;132,0419;0,1538;26,1193;12,4757;35,6;100;190;10000000;10000000
8200;136,7048;0,1538;26,1192;12,4757;35,6;100;190;10000000;10000000
8201;136,7048;0,1538;26,1192;12,4757;35,6;100;190;10000000;10000000
8202;132,0419;0,1538;26,1192;12,4757;35,6;100;190;10000000;10000000
8203;132,0419;0,1538;26,1192;12,4757;35,6;100;190;10000000;10000000
8204;107,3317;0,1538;26,1192;12,4757;35,6;100;190;10000000;10000000
8205;108,781;0,1538;26,1191;12,4757;35,6;100;190;10000000;10000000
8206;99,4517;0,1538;26,1191;12,4757;35,6;100;190;10000000;10000000
8207;92,6429;0,1538;26,1191;12,4757;35,6;100;190;10000000;10000000
8208;90,1246;0,1538;26,1191;12,4757;35,6;100;190;10000000;10000000
8209;90,1246;0,1538;26,1191;12,4757;35,6;100;190;10000000;10000000
8210;87,5902;0,1538;26,1191;12,4757;35,6;100;190;10000000;10000000
8211;87,5902;0,1538;26,119;12,4757;35,6;100;190;10000000;10000000
8212;87,5902;0,1538;26,119;12,4757;35,6;100;190;10000000;10000000
8213;87,5902;0,1538;26,119;12,4757;35,6;100;190;10000000;10000000
8214;88,0275;0,1538;26,119;12,4758;35,6;100;190;10000000;10000000
8215;91,8119;0,1538;26,119;12,4758;35,6;100;190;10000000;10000000
8216;92,7338;0,1538;26,119;12,4758;35,6;100;190;10000000;10000000
8217;88,2907;0,1538;26,1189;12,4758;35,6;100;190;10000000;10000000
8218;95,7193;0,1538;26,1189;12,4758;35,6;100;190;10000000;10000000
8219;95,7193;0,1538;26,1189;12,4758;35,6;100;190;10000000;10000000
8220;91,8119;0,1538;26,1189;12,4758;35,6;100;190;10000000;10000000
8221;99,4674;0,1538;26,1189;12,4758;35,6;100;190;10000000;10000000
8222;92,7338;0,1538;26,1189;12,4758;35,6;100;190;10000000;10000000
8223;103,6825;0,1538;26,1188;12,4758;35,6;100;190;10000000;10000000
8224;132,0464;0,1538;26,1188;12,4758;35,6;100;190;10000000;10000000
8225;132,0464;0,1538;26,1188;12,4758;35,6;100;190;10000000;10000000
8226;120,17;0,1538;26,1188;12,4758;35,6;100;190;10000000;10000000
8227;108,1345;0,1538;26,1188;12,4758;35,6;100;190;10000000;10000000
8228;107,3354;0,1538;26,1187;12,4758;35,6;100;190;10000000;10000000
8229;107,3354;0,1538;26,1187;12,4758;35,6;100;190;10000000;10000000
8230;89,8195;0,1538;26,1187;12,4758;35,6;100;190;10000000;10000000
8231;89,9277;0,1538;26,1187;12,4758;35,6;100;190;10000000;10000000
8232;89,8225;0,1538;26,1187;12,4758;35,6;100;190;10000000;10000000
8233;89,8225;0,1538;26,1187;12,4758;35,6;100;190;10000000;10000000
8234;89,8225;0,1538;26,1186;12,4759;35,6;100;190;10000000;10000000
8235;87,2279;0,1538;26,1186;12,4759;35,6;100;190;10000000;10000000
8236;86,4333;0,1538;26,1186;12,4759;35,6;100;190;10000000;10000000
8237;86,4333;0,1538;26,1186;12,4759;35,6;100;190;10000000;10000000
8238;86,4333;0,1538;26,1186;12,4759;35,6;100;190;10000000;10000000
8239;86,4333;0,1538;26,1186;12,4759;35,6;100;190;10000000;10000000
8240;86,4333;0,1538;26,1185;12,4759;35,6;100;190;10000000;10000000
8241;86,4333;0,1538;26,1185;12,4759;35,6;100;190;10000000;10000000
8242;86,4333;0,1538;26,1185;12,4759;35,6;100;190;10000000;10000000
8243;83,7156;0,1538;26,1185;12,4759;35,6;100;190;10000000;10000000
8244;83,4254;0,1538;26,1185;12,4759;35,6;100;190;10000000;10000000
8245;84,3514;0,1538;26,1185;12,4759;35,6;100;190;10000000;10000000
8246;85,9909;0,1538;26,1184;12,4759;35,6;100;190;10000000;10000000
8247;86,4333;0,1538;26,1184;12,4759;35,6;100;190;10000000;10000000
8248;92,7673;0,1538;26,1184;12,4759;35,6;100;190;10000000;10000000
8249;97,528;0,1538;26,1184;12,4759;35,6;100;190;10000000;10000000
8250;97,3203;0,1538;26,1184;12,4759;35,6;100;190;10000000;10000000
8251;91,2357;0,1538;26,1183;12,4759;35,6;100;190;10000000;10000000
8252;92,7832;0,1538;26,1183;12,4759;35,6;100;190;10000000;10000000
8253;89,9308;0,1538;26,1183;12,4759;35,6;100;190;10000000;10000000
8254;87,7913;0,1538;26,1183;12,4759;35,6;100;190;10000000;10000000
8255;87,4789;0,1538;26,1183;12,476;35,6;100;190;10000000;10000000
8256;88,4289;0,1538;26,1183;12,476;35,6;100;190;10000000;10000000
8257;87,4792;0,1538;26,1182;12,476;35,6;100;190;10000000;10000000
8258;88,4289;0,1538;26,1182;12,476;35,6;100;190;10000000;10000000
8259;86,8428;0,1538;26,1182;12,476;35,6;100;190;10000000;10000000
8260;89,6686;0,1538;26,1182;12,476;35,6;100;190;10000000;10000000
8261;95,0405;0,1538;26,1182;12,476;35,6;100;190;10000000;10000000
8262;104,5584;0,1538;26,1182;12,476;35,6;100;190;10000000;10000000
8263;114,7001;0,1538;26,1181;12,476;35,6;100;190;10000000;10000000
8264;109,6357;0,1538;26,1181;12,476;35,6;100;190;10000000;10000000
8265;109,5031;0,1538;26,1181;12,476;35,6;100;190;10000000;10000000
8266;108,1345;0,1538;26,1181;12,476;35,6;100;190;10000000;10000000
8267;107,3427;0,1538;26,1181;12,476;35,6;100;190;10000000;10000000
8268;107,5748;0,1538;26,118;12,476;35,6;100;190;10000000;10000000
8269;108,1345;0,1538;26,118;12,476;35,6;100;190;10000000;10000000
8270;120,1756;0,1538;26,118;12,476;35,6;100;190;10000000;10000000
8271;132,0554;0,1538;26,118;12,476;35,6;100;190;10000000;10000000
8272;139,2374;0,1538;26,118;12,476;35,6;100;190;10000000;10000000
8273;139,4228;0,1538;26,118;12,476;35,6;100;190;10000000;10000000
8274;139,2374;0,1538;26,1179;12,476;35,6;100;190;10000000;10000000
8275;134,2924;0,1538;26,1179;12,4761;35,6;100;190;10000000;10000000
8276;132,0554;0,1538;26,1179;12,4761;35,6;100;190;10000000;10000000
8277;124,0612;0,1538;26,1179;12,4761;35,6;100;190;10000000;10000000
8278;112,6619;0,1538;26,1179;12,4761;35,6;100;190;10000000;10000000
8279;109,6357;0,1538;26,1179;12,4761;35,6;100;190;10000000;10000000
8280;107,5629;0,1538;26,1178;12,4761;35,6;100;190;10000000;10000000
8281;108,1345;0,1538;26,1178;12,4761;35,6;100;190;10000000;10000000
8282;108,1345;0,1538;26,1178;12,4761;35,6;100;190;10000000;10000000
8283;109,5657;0,1538;26,1178;12,4761;35,6;100;190;10000000;10000000
8284;107,3464;0,1538;26,1178;12,4761;35,6;100;190;10000000;10000000
8285;113,3181;0,1538;26,1178;12,4761;35,6;100;190;10000000;10000000
8286;132,0599;0,1538;26,1177;12,4761;35,6;100;190;10000000;10000000
8287;132,5468;0,1538;26,1177;12,4761;35,6;100;190;10000000;10000000
8288;124,2949;0,1538;26,1177;12,4761;35,6;100;190;10000000;10000000
8289;132,0599;0,1538;26,1177;12,4761;35,6;100;190;10000000;10000000
8290;132,0599;0,1538;26,1177;12,4761;35,6;100;190;10000000;10000000
8291;132,0599;0,1538;26,1176;12,4761;35,6;100;190;10000000;10000000
8292;132,0599;0,1538;26,1176;12,4761;35,6;100;190;10000000;10000000
8293;132,0599;0,1538;26,1176;12,4761;35,6;100;190;10000000;10000000
8294;131,5049;0,1538;26,1176;12,4761;35,6;100;190;10000000;10000000
8295;136,176;0,1538;26,1176;12,4761;35,6;100;190;10000000;10000000
8296;144,0653;0,1538;26,1176;12,4762;35,6;100;190;10000000;10000000
8297;141,3144;0,1538;26,1175;12,4762;35,6;100;190;10000000;10000000
8298;144,0653;0,1538;26,1175;12,4762;35,6;100;190;10000000;10000000
8299;144,0653;0,1538;26,1175;12,4762;35,6;100;190;10000000;10000000
8300;142,0812;0,1538;26,1175;12,4762;35,6;100;190;10000000;10000000
8301;132,0599;0,1538;26,1175;12,4762;35,6;100;190;10000000;10000000
8302;132,0599;0,1538;26,1175;12,4762;35,6;100;190;10000000;10000000
8303;133,3154;0,1538;26,1174;12,4762;35,6;100;190;10000000;10000000
8304;135,7614;0,1538;26,1174;12,4762;35,6;100;190;10000000;10000000
8305;142,086;0,1538;26,1174;12,4762;35,6;100;190;10000000;10000000
8306;144,0702;0,1538;26,1174;12,4762;35,6;100;190;10000000;10000000
8307;144,0702;0,1538;26,1174;12,4762;35,6;100;190;10000000;10000000
8308;144,0702;0,1538;26,1174;12,4762;35,6;100;190;10000000;10000000
8309;142,086;0,1538;26,1173;12,4762;35,6;100;190;10000000;10000000
8310;148,3725;0,1538;26,1173;12,4762;35,6;100;190;10000000;10000000
8311;154,8739;0,1538;26,1173;12,4762;35,6;100;190;10000000;10000000
8312;144,2663;0,1538;26,1173;12,4762;35,6;100;190;10000000;10000000
8313;146,6038;0,1538;26,1173;12,4762;35,6;100;190;10000000;10000000
8314;144,2663;0,1538;26,1172;12,4762;35,6;100;190;10000000;10000000
8315;144,0702;0,1538;26,1172;12,4762;35,6;100;190;10000000;10000000
8316;145,185;0,1538;26,1172;12,4763;35,6;100;190;10000000;10000000
8317;144,2663;0,1538;26,1172;12,4763;35,6;100;190;10000000;10000000
8318;147,2671;0,1538;26,1172;12,4763;35,6;100;190;10000000;10000000
8319;154,8739;0,1538;26,1172;12,4763;35,6;100;190;10000000;10000000
8320;160,1388;0,1538;26,1171;12,4763;35,6;100;190;10000000;10000000
8321;158,7994;0,1538;26,1171;12,4763;35,6;100;190;10000000;10000000
8322;154,8739;0,1538;26,1171;12,4763;35,6;100;190;10000000;10000000
8323;154,8739;0,1538;26,1171;12,4763;35,6;100;190;10000000;10000000
8324;154,8739;0,1538;26,1171;12,4763;35,6;100;190;10000000;10000000
8325;154,8739;0,1538;26,1171;12,4763;35,6;100;190;10000000;10000000
8326;154,8739;0,1538;26,117;12,4763;35,6;100;190;10000000;10000000
8327;154,8739;0,1538;26,117;12,4763;35,6;100;190;10000000;10000000
8328;154,8798;0,1538;26,117;12,4763;35,6;100;190;10000000;10000000
8329;154,8798;0,1538;26,117;12,4763;35,6;100;190;10000000;10000000
8330;154,8798;0,1538;26,117;12,4763;35,6;100;190;10000000;10000000
8331;153,3087;0,1538;26,117;12,4763;35,6;100;190;10000000;10000000
8332;154,8798;0,1538;26,1169;12,4763;35,6;100;190;10000000;10000000
8333;154,8798;0,1538;26,1169;12,4763;35,6;100;190;10000000;10000000
8334;159,213;0,1538;26,1169;12,4763;35,6;100;190;10000000;10000000
8335;163,2643;0,1538;26,1169;12,4763;35,6;100;190;10000000;10000000
8336;172,0069;0,1538;26,1169;12,4764;35,6;100;190;10000000;10000000
8337;156,9167;0,1538;26,1168;12,4764;35,6;100;190;10000000;10000000
8338;176,2715;0,1538;26,1168;12,4764;35,6;100;190;10000000;10000000
8339;156,6455;0,1538;26,1168;12,4764;35,6;100;190;10000000;10000000
8340;156,9167;0,1538;26,1168;12,4764;35,6;100;190;10000000;10000000
8341;154,8798;0,1538;26,1168;12,4764;35,6;100;190;10000000;10000000
8342;163,2643;0,1538;26,1168;12,4764;35,6;100;190;10000000;10000000
8343;173,1925;0,1538;26,1167;12,4764;35,6;100;190;10000000;10000000
8344;240,241;0,1538;26,1167;12,4764;35,6;100;190;10000000;10000000
8345;210,3886;0,1538;26,1167;12,4764;35,6;100;190;10000000;10000000
8346;177,4294;0,1538;26,1167;12,4764;35,6;100;190;10000000;10000000
8347;176,2715;0,1538;26,1167;12,4764;35,6;100;190;10000000;10000000
8348;154,8798;0,1538;26,1167;12,4764;35,6;100;190;10000000;10000000
8349;154,8798;0,1538;26,1166;12,4764;35,6;100;190;10000000;10000000
8350;154,8798;0,1538;26,1166;12,4764;35,6;100;190;10000000;10000000
8351;154,8798;0,1538;26,1166;12,4764;35,6;100;190;10000000;10000000
8352;154,8858;0,1538;26,1166;12,4764;35,6;100;190;10000000;10000000
8353;154,8858;0,1538;26,1166;12,4764;35,6;100;190;10000000;10000000
8354;154,8858;0,1538;26,1166;12,4764;35,6;100;190;10000000;10000000
8355;154,8858;0,1538;26,1165;12,4764;35,6;100;190;10000000;10000000
8356;154,8858;0,1538;26,1165;12,4764;35,6;100;190;10000000;10000000
8357;154,8858;0,1538;26,1165;12,4765;35,6;100;190;10000000;10000000
8358;156,9221;0,1539;26,1165;12,4765;35,6;100;190;10000000;10000000
8359;161,337;0,1539;26,1165;12,4765;35,6;100;190;10000000;10000000
8360;156,9221;0,1539;26,1164;12,4765;35,6;100;190;10000000;10000000
8361;154,8858;0,1539;26,1164;12,4765;35,6;100;190;10000000;10000000
8362;154,8858;0,1539;26,1164;12,4765;35,6;100;190;10000000;10000000
8363;155,0244;0,1539;26,1164;12,4765;35,6;100;190;10000000;10000000
8364;154,8858;0,1539;26,1164;12,4765;35,6;100;190;10000000;10000000
8365;154,8858;0,1539;26,1164;12,4765;35,6;100;190;10000000;10000000
8366;155,218;0,1539;26,1163;12,4765;35,6;100;190;10000000;10000000
8367;155,866;0,1539;26,1163;12,4765;35,6;100;190;10000000;10000000
8368;177,6008;0,1539;26,1163;12,4765;35,6;100;190;10000000;10000000
8369;195,6619;0,1539;26,1163;12,4765;35,6;100;190;10000000;10000000
8370;177,4334;0,1539;26,1163;12,4765;35,6;100;190;10000000;10000000
8371;155,0244;0,1539;26,1163;12,4765;35,6;100;190;10000000;10000000
8372;148,3826;0,1539;26,1162;12,4765;35,6;100;190;10000000;10000000
8373;148,3826;0,1539;26,1162;12,4765;35,6;100;190;10000000;10000000
8374;144,5225;0,1539;26,1162;12,4765;35,6;100;190;10000000;10000000
8375;144,0801;0,1539;26,1162;12,4765;35,6;100;190;10000000;10000000
8376;140,6754;0,1539;26,1162;12,4765;35,6;100;190;10000000;10000000
8377;139,1261;0,1539;26,1162;12,4766;35,6;100;190;10000000;10000000
8378;135,4458;0,1539;26,1161;12,4766;35,6;100;190;10000000;10000000
8379;137,2615;0,1539;26,1161;12,4766;35,6;100;190;10000000;10000000
8380;134,733;0,1539;26,1161;12,4766;35,6;100;190;10000000;10000000
8381;137,2615;0,1539;26,1161;12,4766;35,6;100;190;10000000;10000000
8382;137,2615;0,1539;26,1161;12,4766;35,6;100;190;10000000;10000000
8383;140,6754;0,1539;26,116;12,4766;35,6;100;190;10000000;10000000
8384;140,6754;0,1539;26,116;12,4766;35,6;100;190;10000000;10000000
8385;135,7549;0,1539;26,116;12,4766;35,6;100;190;10000000;10000000
8386;136,194;0,1539;26,116;12,4766;35,6;100;190;10000000;10000000
8387;132,0779;0,1539;26,116;12,4766;35,6;100;190;10000000;10000000
8388;133,6237;0,1539;26,116;12,4766;35,6;100;190;10000000;10000000
8389;134,3831;0,1539;26,1159;12,4766;35,6;100;190;10000000;10000000
8390;133,9764;0,1539;26,1159;12,4766;35,6;100;190;10000000;10000000
8391;137,3092;0,1539;26,1159;12,4766;35,6;100;190;10000000;10000000
8392;142,9622;0,1539;26,1159;12,4766;35,6;100;190;10000000;10000000
8393;144,085;0,1539;26,1159;12,4766;35,6;100;190;10000000;10000000
8394;142,1169;0,1539;26,1159;12,4766;35,6;100;190;10000000;10000000
8395;139,9216;0,1539;26,1158;12,4766;35,6;100;190;10000000;10000000
8396;135,1526;0,1539;26,1158;12,4766;35,6;100;190;10000000;10000000
8397;132,197;0,1539;26,1158;12,4767;35,6;100;190;10000000;10000000
8398;129,3601;0,1539;26,1158;12,4767;35,6;100;190;10000000;10000000
8399;129,3601;0,1539;26,1158;12,4767;35,6;100;190;10000000;10000000
8400;107,3647;0,1539;26,1158;12,4767;35,6;100;190;10000000;10000000
8401;108,1345;0,1539;26,1157;12,4767;35,6;100;190;10000000;10000000
8402;96,0606;0,1539;26,1157;12,4767;35,6;100;190;10000000;10000000
8403;88,1874;0,1539;26,1157;12,4767;35,6;100;190;10000000;10000000
8404;87,9974;0,1539;26,1157;12,4767;35,6;100;190;10000000;10000000
8405;86,4539;0,1539;26,1157;12,4767;35,6;100;190;10000000;10000000
8406;85,0253;0,1539;26,1156;12,4767;35,6;100;190;10000000;10000000
8407;84,6442;0,1539;26,1156;12,4767;35,6;100;190;10000000;10000000
8408;84,4373;0,1539;26,1156;12,4767;35,6;100;190;10000000;10000000
8409;83,9744;0,1539;26,1156;12,4767;35,6;100;190;10000000;10000000
8410;83,8931;0,1539;26,1156;12,4767;35,6;100;190;10000000;10000000
8411;83,8931;0,1539;26,1156;12,4767;35,6;100;190;10000000;10000000
8412;83,9744;0,1539;26,1155;12,4767;35,6;100;190;10000000;10000000
8413;83,9744;0,1539;26,1155;12,4767;35,6;100;190;10000000;10000000
8414;84,4875;0,1539;26,1155;12,4767;35,6;100;190;10000000;10000000
8415;85,7453;0,1539;26,1155;12,4767;35,6;100;190;10000000;10000000
8416;91,2575;0,1539;26,1155;12,4767;35,6;100;190;10000000;10000000
8417;91,2214;0,1539;26,1155;12,4767;35,6;100;190;10000000;10000000
8418;89,844;0,1539;26,1154;12,4768;35,6;100;190;10000000;10000000
8419;90,7745;0,1539;26,1154;12,4768;35,6;100;190;10000000;10000000
8420;91,2575;0,1539;26,1154;12,4768;35,6;100;190;10000000;10000000
8421;88,092;0,1539;26,1154;12,4768;35,6;100;190;10000000;10000000
8422;88,1874;0,1539;26,1154;12,4768;35,6;100;190;10000000;10000000
8423;89,844;0,1539;26,1154;12,4768;35,6;100;190;10000000;10000000
8424;89,847;0,1539;26,1153;12,4768;35,6;100;190;10000000;10000000
8425;88,6139;0,1539;26,1153;12,4768;35,6;100;190;10000000;10000000
8426;89,9782;0,1539;26,1153;12,4768;35,6;100;190;10000000;10000000
8427;90,4101;0,1539;26,1153;12,4768;35,6;100;190;10000000;10000000
8428;95,0632;0,1539;26,1153;12,4768;35,6;100;190;10000000;10000000
8429;97,3469;0,1539;26,1152;12,4768;35,6;100;190;10000000;10000000
8430;118,1281;0,1539;26,1152;12,4768;35,6;100;190;10000000;10000000
8431;131,5318;0,1539;26,1152;12,4768;35,6;100;190;10000000;10000000
8432;129,37;0,1539;26,1152;12,4768;35,6;100;190;10000000;10000000
8433;130,6863;0,1539;26,1152;12,4768;35,6;100;190;10000000;10000000
8434;129,37;0,1539;26,1152;12,4768;35,6;100;190;10000000;10000000
8435;129,37;0,1539;26,1151;12,4768;35,6;100;190;10000000;10000000
8436;129,37;0,1539;26,1151;12,4768;35,6;100;190;10000000;10000000
8437;133,9855;0,1539;26,1151;12,4768;35,6;100;190;10000000;10000000
8438;135,7845;0,1539;26,1151;12,4769;35,6;100;190;10000000;10000000
8439;144,0948;0,1539;26,1151;12,4769;35,6;100;190;10000000;10000000
8440;145,2098;0,1539;26,1151;12,4769;35,6;100;190;10000000;10000000
8441;146,7651;0,1539;26,115;12,4769;35,6;100;190;10000000;10000000
8442;148,2392;0,1539;26,115;12,4769;35,6;100;190;10000000;10000000
8443;146,7651;0,1539;26,115;12,4769;35,6;100;190;10000000;10000000
8444;146,4419;0,1539;26,115;12,4769;35,6;100;190;10000000;10000000
8445;144,0435;0,1539;26,115;12,4769;35,6;100;190;10000000;10000000
8446;144,5373;0,1539;26,115;12,4769;35,6;100;190;10000000;10000000
8447;143,5872;0,1539;26,1149;12,4769;35,6;100;190;10000000;10000000
8448;139,9669;0,1539;26,1149;12,4769;35,6;100;190;10000000;10000000
8449;144,0997;0,1539;26,1149;12,4769;35,6;100;190;10000000;10000000
8450;144,0997;0,1539;26,1149;12,4769;35,6;100;190;10000000;10000000
8451;144,0997;0,1539;26,1149;12,4769;35,6;100;190;10000000;10000000
8452;144,0997;0,1539;26,1148;12,4769;35,6;100;190;10000000;10000000
8453;148,6506;0,1539;26,1148;12,4769;35,6;100;190;10000000;10000000
8454;177,4493;0,1539;26,1148;12,4769;35,6;100;190;10000000;10000000
8455;241,2392;0,1539;26,1148;12,4769;35,6;100;190;10000000;10000000
8456;186,0743;0,1539;26,1148;12,4769;35,6;100;190;10000000;10000000
8457;160,1812;0,1539;26,1148;12,4769;35,6;100;190;10000000;10000000
8458;155,2392;0,1539;26,1147;12,4769;35,6;100;190;10000000;10000000
8459;154,9095;0,1539;26,1147;12,477;35,6;100;190;10000000;10000000
8460;155,5769;0,1539;26,1147;12,477;35,6;100;190;10000000;10000000
8461;160,4677;0,1539;26,1147;12,477;35,6;100;190;10000000;10000000
8462;177,4493;0,1539;26,1147;12,477;35,6;100;190;10000000;10000000
8463;344,8349;0,1539;26,1147;12,477;35,6;100;190;10000000;10000000
8464;500;0,1539;26,1146;12,477;35,6;100;190;10000000;10000000
8465;375,5628;0,1539;26,1146;12,477;35,6;100;190;10000000;10000000
8466;221,9235;0,1539;26,1146;12,477;35,6;100;190;10000000;10000000
8467;148,5368;0,1539;26,1146;12,477;35,6;100;190;10000000;10000000
8468;144,5422;0,1539;26,1146;12,477;35,6;100;190;10000000;10000000
8469;139,2754;0,1539;26,1146;12,477;35,6;100;190;10000000;10000000
8470;115,8555;0,1539;26,1145;12,477;35,6;100;190;10000000;10000000
8471;98,8038;0,1539;26,1145;12,477;35,6;100;190;10000000;10000000
8472;87,9618;0,1539;26,1145;12,477;35,6;100;190;10000000;10000000
8473;88,1964;0,1539;26,1145;12,477;35,6;100;190;10000000;10000000
8474;90,1554;0,1539;26,1145;12,477;35,6;100;190;10000000;10000000
8475;88,1964;0,1539;26,1144;12,477;35,6;100;190;10000000;10000000
8476;88,1964;0,1539;26,1144;12,477;35,6;100;190;10000000;10000000
8477;97,2351;0,1539;26,1144;12,477;35,6;100;190;10000000;10000000
8478;115,8595;0,1539;26,1144;12,477;35,6;100;190;10000000;10000000
8479;117,6327;0,1539;26,1144;12,4771;35,6;100;190;10000000;10000000
8480;99,0591;0,1539;26,1144;12,4771;35,6;100;190;10000000;10000000
8481;92,799;0,1539;26,1143;12,4771;35,6;100;190;10000000;10000000
8482;89,9615;0,1539;26,1143;12,4771;35,6;100;190;10000000;10000000
8483;107,3756;0,1539;26,1143;12,4771;35,6;100;190;10000000;10000000
8484;89,9843;0,1539;26,1143;12,4771;35,6;100;190;10000000;10000000
8485;91,3368;0,1539;26,1143;12,4771;35,6;100;190;10000000;10000000
8486;99,0591;0,1539;26,1143;12,4771;35,6;100;190;10000000;10000000
8487;132,583;0,1539;26,1142;12,4771;35,6;100;190;10000000;10000000
8488;144,1046;0,1539;26,1142;12,4771;35,6;100;190;10000000;10000000
8489;144,1046;0,1539;26,1142;12,4771;35,6;100;190;10000000;10000000
8490;142,9817;0,1539;26,1142;12,4771;35,6;100;190;10000000;10000000
8491;136,4085;0,1539;26,1142;12,4771;35,6;100;190;10000000;10000000
8492;139,2802;0,1539;26,1142;12,4771;35,6;100;190;10000000;10000000
8493;132,0959;0,1539;26,1141;12,4771;35,6;100;190;10000000;10000000
8494;114,8962;0,1539;26,1141;12,4771;35,6;100;190;10000000;10000000
8495;107,0623;0,1539;26,1141;12,4771;35,6;100;190;10000000;10000000
8496;104,715;0,1539;26,1141;12,4771;35,6;100;190;10000000;10000000
8497;101,288;0,1539;26,1141;12,4771;35,6;100;190;10000000;10000000
8498;104,715;0,1539;26,114;12,4771;35,6;100;190;10000000;10000000
8499;101,288;0,1539;26,114;12,4772;35,6;100;190;10000000;10000000
8500;107,3793;0,1539;26,114;12,4772;35,6;100;190;10000000;10000000
8501;111,11;0,1539;26,114;12,4772;35,6;100;190;10000000;10000000
8502;132,1004;0,1539;26,114;12,4772;35,6;100;190;10000000;10000000
8503;134,5208;0,1539;26,114;12,4772;35,6;100;190;10000000;10000000
8504;132,1004;0,1539;26,1139;12,4772;35,6;100;190;10000000;10000000
8505;131,5452;0,1539;26,1139;12,4772;35,6;100;190;10000000;10000000
8506;112,7003;0,1539;26,1139;12,4772;35,6;100;190;10000000;10000000
8507;124,333;0,1539;26,1139;12,4772;35,6;100;190;10000000;10000000
8508;131,5452;0,1539;26,1139;12,4772;35,6;100;190;10000000;10000000
8509;131,5452;0,1539;26,1139;12,4772;35,6;100;190;10000000;10000000
8510;136,4131;0,1539;26,1138;12,4772;35,6;100;190;10000000;10000000
8511;139,2849;0,1539;26,1138;12,4772;35,6;100;190;10000000;10000000
8512;142,9865;0,1539;26,1138;12,4772;35,6;100;190;10000000;10000000
8513;144,088;0,1539;26,1138;12,4772;35,6;100;190;10000000;10000000
8514;141,7093;0,1539;26,1138;12,4772;35,6;100;190;10000000;10000000
8515;139,2849;0,1539;26,1138;12,4772;35,6;100;190;10000000;10000000
8516;132,1004;0,1539;26,1137;12,4772;35,6;100;190;10000000;10000000
8517;122,0758;0,1539;26,1137;12,4772;35,6;100;190;10000000;10000000
8518;104,7792;0,1539;26,1137;12,4772;35,6;100;190;10000000;10000000
8519;95,0729;0,1539;26,1137;12,4772;35,6;100;190;10000000;10000000
8520;87,9678;0,1539;26,1137;12,4773;35,6;100;190;10000000;10000000
8521;89,2732;0,1539;26,1136;12,4773;35,6;100;190;10000000;10000000
8522;87,4569;0,1539;26,1136;12,4773;35,6;100;190;10000000;10000000
8523;87,8273;0,1539;26,1136;12,4773;35,6;100;190;10000000;10000000
8524;87,4569;0,1539;26,1136;12,4773;35,6;100;190;10000000;10000000
8525;89,9905;0,1539;26,1136;12,4773;35,6;100;190;10000000;10000000
8526;97,2417;0,1539;26,1136;12,4773;35,6;100;190;10000000;10000000
8527;102,5646;0,1539;26,1135;12,4773;35,6;100;190;10000000;10000000
8528;92,7749;0,1539;26,1135;12,4773;35,6;100;190;10000000;10000000
8529;91,343;0,1539;26,1135;12,4773;35,6;100;190;10000000;10000000
8530;88,2024;0,1539;26,1135;12,4773;35,6;100;190;10000000;10000000
8531;89,2732;0,1539;26,1135;12,4773;35,6;100;190;10000000;10000000
8532;87,9678;0,1539;26,1135;12,4773;35,6;100;190;10000000;10000000
8533;89,2732;0,1539;26,1134;12,4773;35,6;100;190;10000000;10000000
8534;92,8053;0,1539;26,1134;12,4773;35,6;100;190;10000000;10000000
8535;104,7828;0,1539;26,1134;12,4773;35,6;100;190;10000000;10000000
8536;130,7041;0,1539;26,1134;12,4773;35,6;100;190;10000000;10000000
8537;130,7041;0,1539;26,1134;12,4773;35,6;100;190;10000000;10000000
8538;124,9876;0,1539;26,1134;12,4773;35,6;100;190;10000000;10000000
8539;102,5646;0,1539;26,1133;12,4773;35,6;100;190;10000000;10000000
8540;97,2417;0,1539;26,1133;12,4774;35,6;100;190;10000000;10000000
8541;89,9676;0,1539;26,1133;12,4774;35,6;100;190;10000000;10000000
8542;87,7191;0,1539;26,1133;12,4774;35,6;100;190;10000000;10000000
8543;87,3494;0,1539;26,1133;12,4774;35,6;100;190;10000000;10000000
8544;86,8933;0,1539;26,1132;12,4774;35,6;100;190;10000000;10000000
8545;86,6879;0,1539;26,1132;12,4774;35,6;100;190;10000000;10000000
8546;86,5847;0,1539;26,1132;12,4774;35,6;100;190;10000000;10000000
8547;87,2666;0,1539;26,1132;12,4774;35,6;100;190;10000000;10000000
8548;86,6879;0,1539;26,1132;12,4774;35,6;100;190;10000000;10000000
8549;86,5847;0,1539;26,1132;12,4774;35,6;100;190;10000000;10000000
8550;86,6879;0,1539;26,1131;12,4774;35,6;100;190;10000000;10000000
8551;87,722;0,1539;26,1131;12,4774;35,6;100;190;10000000;10000000
8552;87,8302;0,1539;26,1131;12,4774;35,6;100;190;10000000;10000000
8553;88,2054;0,1539;26,1131;12,4774;35,6;100;190;10000000;10000000
8554;87,0894;0,1539;26,1131;12,4774;35,6;100;190;10000000;10000000
8555;85,4324;0,1539;26,1131;12,4774;35,6;100;190;10000000;10000000
8556;84,9107;0,1539;26,113;12,4774;35,6;100;190;10000000;10000000
8557;85,1428;0,1539;26,113;12,4774;35,6;100;190;10000000;10000000
8558;85,457;0,1539;26,113;12,4774;35,6;100;190;10000000;10000000
8559;88,0154;0,1539;26,113;12,4774;35,6;100;190;10000000;10000000
8560;103,9757;0,1539;26,113;12,4774;35,6;100;190;10000000;10000000
8561;104,7864;0,1539;26,1129;12,4775;35,6;100;190;10000000;10000000
8562;103,0389;0,1539;26,1129;12,4775;35,6;100;190;10000000;10000000
8563;97,3635;0,1539;26,1129;12,4775;35,6;100;190;10000000;10000000
8564;90,1646;0,1539;26,1129;12,4775;35,6;100;190;10000000;10000000
8565;86,6879;0,1539;26,1129;12,4775;35,6;100;190;10000000;10000000
8566;85,0444;0,1539;26,1129;12,4775;35,6;100;190;10000000;10000000
8567;83,9916;0,1539;26,1128;12,4775;35,6;100;190;10000000;10000000
8568;81,8268;0,1539;26,1128;12,4775;35,6;100;190;10000000;10000000
8569;81,1175;0,1539;26,1128;12,4775;35,6;100;190;10000000;10000000
8570;80,3097;0,1539;26,1128;12,4775;35,6;100;190;10000000;10000000
8571;80,3097;0,1539;26,1128;12,4775;35,6;100;190;10000000;10000000
8572;79,6667;0,1539;26,1128;12,4775;35,6;100;190;10000000;10000000
8573;80,0686;0,1539;26,1127;12,4775;35,6;100;190;10000000;10000000
8574;79,6667;0,1539;26,1127;12,4775;35,6;100;190;10000000;10000000
8575;79,4188;0,1539;26,1127;12,4775;35,6;100;190;10000000;10000000
8576;80,5526;0,1539;26,1127;12,4775;35,6;100;190;10000000;10000000
8577;81,4675;0,1539;26,1127;12,4775;35,6;100;190;10000000;10000000
8578;82,2307;0,1539;26,1127;12,4775;35,6;100;190;10000000;10000000
8579;82,5061;0,1539;26,1126;12,4775;35,6;100;190;10000000;10000000
8580;81,7891;0,1539;26,1126;12,4775;35,6;100;190;10000000;10000000
8581;81,9862;0,1539;26,1126;12,4776;35,6;100;190;10000000;10000000
8582;81,9862;0,1539;26,1126;12,4776;35,6;100;190;10000000;10000000
8583;83,2379;0,1539;26,1126;12,4776;35,6;100;190;10000000;10000000
8584;84,2295;0,1539;26,1125;12,4776;35,6;100;190;10000000;10000000
8585;84,3917;0,1539;26,1125;12,4776;35,6;100;190;10000000;10000000
8586;83,9944;0,1539;26,1125;12,4776;35,6;100;190;10000000;10000000
8587;83,2166;0,1539;26,1125;12,4776;35,6;100;190;10000000;10000000
8588;82,0966;0,1539;26,1125;12,4776;35,6;100;190;10000000;10000000
8589;79,2683;0,1539;26,1125;12,4776;35,6;100;190;10000000;10000000
8590;78,7434;0,1539;26,1124;12,4776;35,6;100;190;10000000;10000000
8591;67,0828;0,1539;26,1124;12,4776;35,6;100;190;10000000;10000000
8592;62,4364;0,1539;26,1124;12,4776;35,6;100;190;10000000;10000000
8593;61,7696;0,1539;26,1124;12,4776;35,6;100;190;10000000;10000000
8594;61,7696;0,1539;26,1124;12,4776;35,6;100;190;10000000;10000000
8595;61,7696;0,1539;26,1124;12,4776;35,6;100;190;10000000;10000000
8596;19,6078;0,1539;26,1123;12,4776;35,6;100;190;10000000;10000000
8597;0;0,1539;26,1123;12,4776;35,6;100;190;10000000;10000000
8598;0;0,1539;26,1123;12,4776;35,6;100;190;10000000;10000000
8599;7,5758;0,1539;26,1123;12,4776;35,6;100;190;10000000;10000000
8600;0;0,1539;26,1123;12,4776;35,6;100;190;10000000;10000000
8601;0;0,1539;26,1123;12,4777;35,6;100;190;10000000;10000000
8602;0;0,1539;26,1122;12,4777;35,6;100;190;10000000;10000000
8603;0;0,1539;26,1122;12,4777;35,6;100;190;10000000;10000000
8604;-1;0,1539;26,1122;12,4777;35,6;100;190;10000000;10000000
8605;-1;0,1539;26,1122;12,4777;35,6;100;190;10000000;10000000
8606;-1;0,1539;26,1122;12,4777;35,6;100;190;10000000;10000000
8607;-65;0,1539;26,1121;12,4777;35,6;100;190;10000000;10000000
8608;-65;0,1539;26,1121;12,4777;35,6;100;190;10000000;10000000
8609;-65;0,1539;26,1121;12,4777;35,6;100;190;10000000;10000000
8610;-65;0,1539;26,1121;12,4777;35,6;100;190;10000000;10000000
8611;-65;0,1539;26,1121;12,4777;35,6;100;190;10000000;10000000
8612;-65;0,1539;26,1121;12,4777;35,6;100;190;10000000;10000000
8613;-65;0,1539;26,112;12,4777;35,6;100;190;10000000;10000000
8614;-65;0,1539;26,112;12,4777;35,6;100;190;10000000;10000000
8615;-65;0,1539;26,112;12,4777;35,6;100;190;10000000;10000000
8616;-65;0,1539;26,112;12,4777;35,6;100;190;10000000;10000000
8617;-65;0,1539;26,112;12,4777;35,6;100;190;10000000;10000000
8618;-65;0,1539;26,112;12,4777;35,6;100;190;10000000;10000000
8619;-1;0,1539;26,1119;12,4777;35,6;100;190;10000000;10000000
8620;-1;0,1539;26,1119;12,4777;35,6;100;190;10000000;10000000
8621;-1;0,1539;26,1119;12,4777;35,6;100;190;10000000;10000000
8622;-1;0,1539;26,1119;12,4778;35,6;100;190;10000000;10000000
8623;-1;0,1539;26,1119;12,4778;35,6;100;190;10000000;10000000
8624;0;0,1539;26,1119;12,4778;35,6;100;190;10000000;10000000
8625;0;0,1539;26,1118;12,4778;35,6;100;190;10000000;10000000
8626;0;0,1539;26,1118;12,4778;35,6;100;190;10000000;10000000
8627;0;0,1539;26,1118;12,4778;35,6;100;190;10000000;10000000
8628;0;0,1539;26,1118;12,4778;35,6;100;190;10000000;10000000
8629;0;0,1539;26,1118;12,4778;35,6;100;190;10000000;10000000
8630;0;0,1539;26,1117;12,4778;35,6;100;190;10000000;10000000
8631;0;0,1539;26,1117;12,4778;35,6;100;190;10000000;10000000
8632;0;0,1539;26,1117;12,4778;35,6;100;190;10000000;10000000
8633;0;0,1539;26,1117;12,4778;35,6;100;190;10000000;10000000
8634;0;0,1539;26,1117;12,4778;35,6;100;190;10000000;10000000
8635;61,7718;0,1539;26,1117;12,4778;35,6;100;190;10000000;10000000
8636;61,7718;0,1539;26,1116;12,4778;35,6;100;190;10000000;10000000
8637;61,7718;0,1539;26,1116;12,4778;35,6;100;190;10000000;10000000
8638;61,7718;0,1539;26,1116;12,4778;35,6;100;190;10000000;10000000
8639;61,7718;0,1539;26,1116;12,4778;35,6;100;190;10000000;10000000
8640;61,7739;0,1539;26,1116;12,4778;35,6;100;190;10000000;10000000
8641;61,7739;0,1539;26,1116;12,4778;35,6;100;190;10000000;10000000
8642;61,7739;0,1539;26,1115;12,4779;35,6;100;190;10000000;10000000
8643;61,7739;0,1539;26,1115;12,4779;35,6;100;190;10000000;10000000
8644;61,7739;0,1539;26,1115;12,4779;35,6;100;190;10000000;10000000
8645;77,9768;0,1539;26,1115;12,4779;35,6;100;190;10000000;10000000
8646;79,2765;0,1539;26,1115;12,4779;35,6;100;190;10000000;10000000
8647;79,526;0,1539;26,1115;12,4779;35,6;100;190;10000000;10000000
8648;79,526;0,1539;26,1114;12,4779;35,6;100;190;10000000;10000000
8649;79,2765;0,1539;26,1114;12,4779;35,6;100;190;10000000;10000000
8650;79,2765;0,1539;26,1114;12,4779;35,6;100;190;10000000;10000000
8651;79,0985;0,1539;26,1114;12,4779;35,6;100;190;10000000;10000000
8652;79,0985;0,1539;26,1114;12,4779;35,6;100;190;10000000;10000000
8653;79,2765;0,1539;26,1113;12,4779;35,6;100;190;10000000;10000000
8654;79,2765;0,1539;26,1113;12,4779;35,6;100;190;10000000;10000000
8655;82,2931;0,1539;26,1113;12,4779;35,6;100;190;10000000;10000000
8656;83,9217;0,1539;26,1113;12,4779;35,6;100;190;10000000;10000000
8657;84,003;0,1539;26,1113;12,4779;35,6;100;190;10000000;10000000
8658;83,9217;0,1539;26,1113;12,4779;35,6;100;190;10000000;10000000
8659;83,4489;0,1539;26,1112;12,4779;35,6;100;190;10000000;10000000
8660;83,7014;0,1539;26,1112;12,4779;35,6;100;190;10000000;10000000
8661;83,2251;0,1539;26,1112;12,4779;35,6;100;190;10000000;10000000
8662;82,2391;0,1539;26,1112;12,478;35,6;100;190;10000000;10000000
8663;81,9924;0,1539;26,1112;12,478;35,6;100;190;10000000;10000000
8664;80,7327;0,1539;26,1112;12,478;35,6;100;190;10000000;10000000
8665;80,7327;0,1539;26,1111;12,478;35,6;100;190;10000000;10000000
8666;81,4786;0,1539;26,1111;12,478;35,6;100;190;10000000;10000000
8667;82,1433;0,1539;26,1111;12,478;35,6;100;190;10000000;10000000
8668;82,1433;0,1539;26,1111;12,478;35,6;100;190;10000000;10000000
8669;84,0059;0,1539;26,1111;12,478;35,6;100;190;10000000;10000000
8670;88,125;0,1539;26,1111;12,478;35,6;100;190;10000000;10000000
8671;101,0995;0,1539;26,111;12,478;35,6;100;190;10000000;10000000
8672;104,8042;0,1539;26,111;12,478;35,6;100;190;10000000;10000000
8673;101,3122;0,1539;26,111;12,478;35,6;100;190;10000000;10000000
8674;104,8042;0,1539;26,111;12,478;35,6;100;190;10000000;10000000
8675;104,8042;0,1539;26,111;12,478;35,6;100;190;10000000;10000000
8676;101,3122;0,1539;26,1109;12,478;35,6;100;190;10000000;10000000
8677;104,8042;0,1539;26,1109;12,478;35,6;100;190;10000000;10000000
8678;104,8042;0,1539;26,1109;12,478;35,6;100;190;10000000;10000000
8679;122,1049;0,1539;26,1109;12,478;35,6;100;190;10000000;10000000
8680;132,1319;0,1539;26,1109;12,478;35,6;100;190;10000000;10000000
8681;132,1319;0,1539;26,1109;12,478;35,6;100;190;10000000;10000000
8682;128,4603;0,1539;26,1108;12,478;35,6;100;190;10000000;10000000
8683;110,7096;0,1539;26,1108;12,4781;35,6;100;190;10000000;10000000
8684;108,1345;0,1539;26,1108;12,4781;35,6;100;190;10000000;10000000
8685;90,5592;0,1539;26,1108;12,4781;35,6;100;190;10000000;10000000
8686;88,1227;0,1539;26,1108;12,4781;35,6;100;190;10000000;10000000
8687;87,1042;0,1539;26,1108;12,4781;35,6;100;190;10000000;10000000
8688;87,1072;0,1539;26,1107;12,4781;35,6;100;190;10000000;10000000
8689;87,1072;0,1539;26,1107;12,4781;35,6;100;190;10000000;10000000
8690;86,7056;0,1539;26,1107;12,4781;35,6;100;190;10000000;10000000
8691;87,2268;0,1539;26,1107;12,4781;35,6;100;190;10000000;10000000
8692;87,1072;0,1539;26,1107;12,4781;35,6;100;190;10000000;10000000
8693;88,6823;0,1539;26,1107;12,4781;35,6;100;190;10000000;10000000
8694;129,1677;0,1539;26,1106;12,4781;35,6;100;190;10000000;10000000
8695;132,1364;0,1539;26,1106;12,4781;35,6;100;190;10000000;10000000
8696;93,3408;0,1539;26,1106;12,4781;35,6;100;190;10000000;10000000
8697;87,8482;0,1539;26,1106;12,4781;35,6;100;190;10000000;10000000
8698;87,74;0,1539;26,1106;12,4781;35,6;100;190;10000000;10000000
8699;88,128;0,1539;26,1105;12,4781;35,6;100;190;10000000;10000000
8700;87,8482;0,1539;26,1105;12,4781;35,6;100;190;10000000;10000000
8701;88,0334;0,1539;26,1105;12,4781;35,6;100;190;10000000;10000000
8702;88,2235;0,1539;26,1105;12,4781;35,6;100;190;10000000;10000000
8703;97,2649;0,1539;26,1105;12,4782;35,6;100;190;10000000;10000000
8704;100,2157;0,1539;26,1105;12,4782;35,6;100;190;10000000;10000000
8705;98,232;0,1539;26,1104;12,4782;35,6;100;190;10000000;10000000
8706;91,2948;0,1539;26,1104;12,4782;35,6;100;190;10000000;10000000
8707;86,1083;0,1539;26,1104;12,4782;35,6;100;190;10000000;10000000
8708;82,1106;0,1539;26,1104;12,4782;35,6;100;190;10000000;10000000
8709;82,0002;0,1539;26,1104;12,4782;35,6;100;190;10000000;10000000
8710;79,2818;0,1539;26,1104;12,4782;35,6;100;190;10000000;10000000
8711;77,9821;0,1539;26,1103;12,4782;35,6;100;190;10000000;10000000
8712;61,7802;0,154;26,1103;12,4782;35,6;100;190;10000000;10000000
8713;61,7802;0,154;26,1103;12,4782;35,6;100;190;10000000;10000000
8714;61,7802;0,154;26,1103;12,4782;35,6;100;190;10000000;10000000
8715;61,7802;0,154;26,1103;12,4782;35,6;100;190;10000000;10000000
8716;61,7802;0,154;26,1103;12,4782;35,6;100;190;10000000;10000000
8717;61,7802;0,154;26,1102;12,4782;35,6;100;190;10000000;10000000
8718;61,7802;0,154;26,1102;12,4782;35,6;100;190;10000000;10000000
8719;61,7802;0,154;26,1102;12,4782;35,6;100;190;10000000;10000000
8720;61,7802;0,154;26,1102;12,4782;35,6;100;190;10000000;10000000
8721;61,7802;0,154;26,1102;12,4782;35,6;100;190;10000000;10000000
8722;61,7802;0,154;26,1101;12,4782;35,6;100;190;10000000;10000000
8723;61,7802;0,154;26,1101;12,4782;35,6;100;190;10000000;10000000
8724;61,7802;0,154;26,1101;12,4783;35,6;100;190;10000000;10000000
8725;61,7802;0,154;26,1101;12,4783;35,6;100;190;10000000;10000000
8726;61,7802;0,154;26,1101;12,4783;35,6;100;190;10000000;10000000
8727;61,7802;0,154;26,1101;12,4783;35,6;100;190;10000000;10000000
8728;61,7802;0,154;26,11;12,4783;35,6;100;190;10000000;10000000
8729;66,538;0,154;26,11;12,4783;35,6;100;190;10000000;10000000
8730;66,538;0,154;26,11;12,4783;35,6;100;190;10000000;10000000
8731;62,7267;0,154;26,11;12,4783;35,6;100;190;10000000;10000000
8732;61,7802;0,154;26,11;12,4783;35,6;100;190;10000000;10000000
8733;61,7802;0,154;26,11;12,4783;35,6;100;190;10000000;10000000
8734;61,7802;0,154;26,1099;12,4783;35,6;100;190;10000000;10000000
8735;61,7802;0,154;26,1099;12,4783;35,6;100;190;10000000;10000000
8736;61,7823;0,154;26,1099;12,4783;35,6;100;190;10000000;10000000
8737;61,7823;0,154;26,1099;12,4783;35,6;100;190;10000000;10000000
8738;61,7823;0,154;26,1099;12,4783;35,6;100;190;10000000;10000000
8739;61,7823;0,154;26,1099;12,4783;35,6;100;190;10000000;10000000
8740;61,7823;0,154;26,1098;12,4783;35,6;100;190;10000000;10000000
8741;77,8282;0,154;26,1098;12,4783;35,6;100;190;10000000;10000000
8742;62,9272;0,154;26,1098;12,4783;35,6;100;190;10000000;10000000
8743;61,9802;0,154;26,1098;12,4783;35,6;100;190;10000000;10000000
8744;74,6502;0,154;26,1098;12,4784;35,6;100;190;10000000;10000000
8745;66,5154;0,154;26,1097;12,4784;35,6;100;190;10000000;10000000
8746;74,6502;0,154;26,1097;12,4784;35,6;100;190;10000000;10000000
8747;78,7622;0,154;26,1097;12,4784;35,6;100;190;10000000;10000000
8748;79,2872;0,154;26,1097;12,4784;35,6;100;190;10000000;10000000
8749;79,2872;0,154;26,1097;12,4784;35,6;100;190;10000000;10000000
8750;82,1161;0,154;26,1097;12,4784;35,6;100;190;10000000;10000000
8751;83,4852;0,154;26,1096;12,4784;35,6;100;190;10000000;10000000
8752;85,4588;0,154;26,1096;12,4784;35,6;100;190;10000000;10000000
8753;85,7862;0,154;26,1096;12,4784;35,6;100;190;10000000;10000000
8754;86,1141;0,154;26,1096;12,4784;35,6;100;190;10000000;10000000
8755;86,0524;0,154;26,1096;12,4784;35,6;100;190;10000000;10000000
8756;85,4803;0,154;26,1096;12,4784;35,6;100;190;10000000;10000000
8757;84,5634;0,154;26,1095;12,4784;35,6;100;190;10000000;10000000
8758;86,4952;0,154;26,1095;12,4784;35,6;100;190;10000000;10000000
8759;86,4952;0,154;26,1095;12,4784;35,6;100;190;10000000;10000000
