;PV_rooftop_middle;PV_rooftop_north;PV_rooftop_swest;PV_rooftop_east;PV_openfield_middle;PV_openfield_north;PV_openfield_swest;PV_openfield_east;Solarthermal;Wind_east;Wind_swest;Wind_north;Wind_middle;Hydro_power
0;0;0;0;0;0;0;0;0;0;0,03417525;0,065541;0,03417525;0,010715725;0,8
1;0;0;0;0;0;0;0;0;0;0,02629525;0,038689;0,03337725;0,012131;0,8
2;0;0;0;0;0;0;0;0;0;0,012131;0,01959675;0,012131;0,002469958;0,8
3;0;0;0;0;0;0;0;0;0;0,02673775;0,03786275;0,02673775;0,0108305;0,8
4;0;0;0;0;0;0;0;0;0;0,02142625;0,038689;0,038689;0,012131;0,8
5;0;0;0;0;0;0;0;0;0;0,038689;0,038689;0,038689;0,012131;0,8
6;0;0;0;0;0;0;0;0;0;0,02319675;0,034705;0,02585225;0,012131;0,8
7;0;0;0;0;0;0;0;0;0;0,038689;0,07005475;0,04939925;0,028951;0,8
8;0;0;0;0;0;0;0;0;0;0,04633925;0,066833;0,050607;0,02462475;0,8
9;0,075171536;0,020438331;0,019772958;0,078477142;0,06233255;0,019958775;0,01925825;0,06341;0;0,1743525;0,2704625;0,2231075;0,1440795;0,8
10;0,045370275;0,048720138;0,043988384;0,042747596;0,039318;0,0481045;0,04328;0,0381505;0;0,148595;0,21313;0,1995375;0,1147815;0,8
11;0,125250497;0,083127509;0,068641374;0,108940863;0,1232395;0,08203425;0,06803325;0,1067115;0,000109847;0,08684425;0,15705;0,15705;0,08459;0,8
12;0,206898355;0,075677965;0,06487639;0,240009557;0,193835;0,0748865;0,0643825;0,22631975;5,75E-05;0,154795;0,2471225;0,206335;0,134103;0,8
13;0,195200562;0,065322572;0,04394745;0,205555954;0,17999325;0,06497225;0,0434795;0,1879645;1,07E-05;0,2192525;0,33743;0,25902;0,1825425;0,8
14;0,340782118;0,069351703;0,025051496;0,321205934;0,306085;0,06802225;0,02461425;0,2877;0;0,1665675;0,254195;0,2267275;0,16328;0,8
15;0,057902644;0,032538002;0,008038516;0,056431421;0,050074;0,031575975;0,007753075;0,04885475;0;0,32141;0,49937;0,410055;0,3183725;0,8
16;0,000132179;7,78E-05;7,84E-05;0,000107505;0,000103188;7,57E-05;6,70E-05;8,49E-05;0;0,206335;0,32023;0,2814225;0,1876375;0,8
17;0;0;0;0;0;0;0;0;0;0,2301275;0,33295;0,25902;0,1774425;0,8
18;0;0;0;0;0;0;0;0;0;0,15705;0,1927375;0,175745;0,1147815;0,8
19;0;0;0;0;0;0;0;0;0;0,15705;0,15705;0,15705;0,08459;0,8
20;0;0;0;0;0;0;0;0;0;0,1497225;0,1568075;0,15536;0,1328955;0,8
21;0;0;0;0;0;0;0;0;0;0,06478;0,0717445;0,067598;0,0497465;0,8
22;0;0;0;0;0;0;0;0;0;0,0355905;0,02629525;0,03337725;0,012308;0,8
23;0;0;0;0;0;0;0;0;0;0,012131;0,012131;0,012131;0,012131;0,8
24;0;0;0;0;0;0;0;0;0;0,0209835;0,0214935;0,019213;0,01443275;0,8
25;0;0;0;0;0;0;0;0;0;0,10976625;0,13814;0,10877375;0,08731525;0,8
26;0;0;0;0;0;0;0;0;0;0,2703425;0,3531125;0,323055;0,28235;0,8
27;0;0;0;0;0;0;0;0;0;0,25902;0,3710375;0,350875;0,2769425;0,8
28;0;0;0;0;0;0;0;0;0;0,352215;0,5322325;0,454755;0,39344;0,8
29;0;0;0;0;0;0;0;0;0;0,262155;0,38553;0,297105;0,2769425;0,8
30;0;0;0;0;0;0;0;0;0;0,2752425;0,3732775;0,315025;0,32555;0,8
31;0;0;0;0;0;0;0;0;0;0,1186705;0,13370025;0,13200025;0,118635;0,8
32;0;0;0;0;0;0;0;0;0;0,1027035;0,1159875;0,10995;0,08459;0,8
33;0,010929892;0,013596563;0,013136486;0,01401898;0,0104263;0,013125125;0,0126037;0,013554575;0;0,08459;0,08459;0,08459;0,08459;0,8
34;0,026022119;0,036077728;0,032535233;0,029331048;0,02541175;0,03541125;0,03178275;0,02874125;0;0,099082;0,10995025;0,10391275;0,08459;0,8
35;0,031995142;0,054812112;0,044245066;0,034481775;0,03149425;0,0542555;0,043579;0,03401025;0;0,07846975;0,07923475;0,07846975;0,05327525;0,8
36;0,038430963;0,060035799;0,035181991;0,04035439;0,037936;0,05954875;0,03463425;0,03987275;0;0,131688;0,1738625;0,143316;0,1243915;0,8
37;0,046071695;0,051207734;0,030753873;0,048038463;0,04562675;0,05075475;0,03016475;0,047609;0;0,202935;0,25732;0,24395;0,175745;0,8
38;0,030802994;0,035982375;0,022961203;0,031163696;0,03046575;0,0355635;0,0224395;0,03083825;0;0,1068105;0,13437075;0,1176775;0,097873;0,8
39;0,01032474;0,013189629;0,008734036;0,009625367;0,01007175;0,012918725;0,00840545;0,0093817;0;0,151735;0,15705;0,1701625;0,143765;0,8
40;7,15E-05;7,49E-05;0,000116244;4,08E-05;6,40E-05;7,08E-05;0,00010315;3,56E-05;0;0,112365;0,11461925;0,1147815;0,09425;0,8
41;0;0;0;0;0;0;0;0;0;0,107533;0,14634;0,107533;0,084284;0,8
42;0;0;0;0;0;0;0;0;0;0,05475425;0,05628425;0,05322425;0,03497275;0,8
43;0;0;0;0;0;0;0;0;0;0,0209835;0,015672;0,01788525;0,012131;0,8
44;0;0;0;0;0;0;0;0;0;0,01178425;0,002469958;0,00990165;0,002469958;0,8
45;0;0;0;0;0;0;0;0;0;0,001330433;0,000868855;0,00098361;0,000868855;0,8
46;0;0;0;0;0;0;0;0;0;0,000737705;0;0,0002459;0;0,8
47;0;0;0;0;0;0;0;0;0;0;0;0;0;0,8
48;0;0;0;0;0;0;0;0;0;0;0;0;0;0,8
49;0;0;0;0;0;0;0;0;0;0;0;0;0;0,8
50;0;0;0;0;0;0;0;0;0;0;0;0;0;0,8
51;0;0;0;0;0;0;0;0;0;0;0;0;0;0,8
52;0;0;0;0;0;0;0;0;0;0;0;0;0;0,8
53;0;0;0;0;0;0;0;0;0;0;0;0;0;0,8
54;0;0;0;0;0;0;0;0;0;0;0;0;0;0,8
55;0;0;0;0;0;0;0;0;0;0;0;0;0;0,8
56;0;0;0;0;0;0;0;0;0;0;0;0;0;0,8
57;0,21797732;0,03301385;0,007705408;0,256532289;0,143637;0,031250825;0,007184875;0,16568825;3,49E-05;0,000622952;0,000868855;0,000622952;0,000868855;0,8
58;0,355320987;0,057777434;0,021214757;0,380023579;0,2735425;0,055945;0,020492;0,29388;0,000150798;0,007486428;0,008043653;0,008043653;0,008043653;0,8
59;0,339917684;0,049608892;0,036221961;0,352867342;0,29830875;0,0489735;0,0355245;0,30727;0,000159102;0,012131;0,01295725;0,012131;0,012131;0,8
60;0,187671557;0,050660179;0,037141054;0,136958645;0,16827225;0,0501465;0,036523;0,12355375;0,000161124;0,012131;0,03786275;0,02142625;0,0187705;0,8
61;0,126013559;0,03913142;0,032292276;0,119601817;0,12054375;0,0386655;0,03171675;0,11392075;0,000109314;0,012131;0,02452475;0,012131;0,012131;0,8
62;0,100224044;0,026631797;0,027244606;0,109726559;0,09545;0,02619725;0,026694;0,10390025;5,33E-05;0,002469958;0,00469958;0,00377053;0,00377053;0,8
63;0,038601466;0,006222939;0,010086888;0,045159849;0,036159825;0,00608835;0,00977075;0,042228875;0;0,009344225;0,01481425;0,0121585;0,01127325;0,8
64;0,000659234;0;0,00010458;0,000323236;0,00061065;0;9,46E-05;0,00029455;0;0,04859575;0,09663475;0,06658925;0,0744745;0,8
65;0;0;0;0;0;0;0;0;0;0,19788;0,43325;0,303055;0,3338425;0,8
66;0;0;0;0;0;0;0;0;0;0,235225;0,40752;0,3102075;0,3732775;0,8
67;0;0;0;0;0;0;0;0;0;0,1063275;0,19933;0,12965675;0,1876375;0,8
68;0;0;0;0;0;0;0;0;0;0,08459;0,15705;0,0966665;0,15705;0,8
69;0;0;0;0;0;0;0;0;0;0,11236425;0,2471225;0,1910375;0,1961375;0,8
70;0;0;0;0;0;0;0;0;0;0,08459;0,226725;0,15705;0,15705;0,8
71;0;0;0;0;0;0;0;0;0;0,13048;0,25902;0,15705;0,2097325;0,8
72;0;0;0;0;0;0;0;0;0;0,15705;0,204635;0,15705;0,15705;0,8
73;0;0;0;0;0;0;0;0;0;0,15705;0,1876375;0,174045;0,174045;0,8
74;0;0;0;0;0;0;0;0;0;0,2165325;0,3374325;0,297105;0,3195075;0,8
75;0;0;0;0;0;0;0;0;0;0,3239875;0,52033;0,44918;0,44918;0,8
76;0;0;0;0;0;0;0;0;0;0,53929;0,86571;0,7382925;0,70731;0,8
77;0;0;0;0;0;0;0;0;0;0,3324575;0,50067;0,4299525;0,4054075;0,8
78;0;0;0;0;0;0;0;0;0;0,1134975;0,16676825;0,1390235;0,12965675;0,8
79;0;0;0;0;0;0;0;0;0;0,0601095;0,08459;0,0616395;0,0616395;0,8
80;0;0;0;0;0;0;0;0;0;0,038689;0,07234975;0,0669945;0,038689;0,8
81;0,191997099;0,030488282;0,021877723;0,213733405;0,1284215;0,029956;0,021336375;0,1420605;6,07E-05;0,038689;0,038689;0,038689;0,0223115;0,8
82;0,322684382;0,061653423;0,04658867;0,370512395;0,252635;0,06070525;0,04586125;0,2855075;0,000192521;0,038689;0,038689;0,038689;0,0355905;0,8
83;0,43371;0,091831085;0,069656783;0,452012408;0,3672725;0,0900215;0,0690155;0,3823725;0,000310181;0,038689;0,038995;0,038689;0,02186875;0,8
84;0,434025435;0,109185505;0,079383474;0,431253947;0,3696125;0,1066235;0,078815;0,366135;0,000366858;0,06668875;0,0896775;0,07280875;0,07051375;0,8
85;0,375121106;0,092283289;0,067634874;0,380572579;0,3217325;0,09023;0,06714275;0,3248425;0,000326288;0,0323555;0,04046475;0,03521325;0,02603825;0,8
86;0,325581079;0,089548642;0,049866055;0,317822842;0,2777;0,08608425;0,049398;0,2718925;0,000259275;0,012131;0,012131;0,012131;0,012131;0,8
87;0,130687042;0,0280258;0,018332097;0,100736685;0,1049014;0,026642825;0,01804305;0,08232675;6,78E-05;0,012131;0,012131;0,012131;0,012131;0,8
88;0,000521406;0,000132227;0,000205497;0,000246882;0,000351825;0,000128768;0,000198125;0,000166215;0;0,012131;0,01443275;0,01257375;0,012131;0,8
89;0;0;0;0;0;0;0;0;0;0,0355905;0,03860025;0,037361;0,03027875;0,8
90;0;0;0;0;0;0;0;0;0;0,038689;0,040117;0,038689;0,038689;0,8
91;0;0;0;0;0;0;0;0;0;0,038689;0,079796;0,05092925;0,047104;0,8
92;0;0;0;0;0;0;0;0;0;0,03426225;0,035011;0,038689;0,02054075;0,8
93;0;0;0;0;0;0;0;0;0;0,038689;0,038689;0,038689;0,0355905;0,8
94;0;0;0;0;0;0;0;0;0;0,038689;0,038689;0,038689;0,038689;0,8
95;0;0;0;0;0;0;0;0;0;0,044809;0,05117075;0,04710425;0,044809;0,8
96;0;0;0;0;0;0;0;0;0;0,15400775;0,22044;0,185045;0,182631;0,8
97;0;0;0;0;0;0;0;0;0;0,2747;0,45182;0,3710375;0,3777575;0,8
98;0;0;0;0;0;0;0;0;0;0,2012375;0,3019875;0,2733525;0,24635;0,8
99;0;0;0;0;0;0;0;0;0;0,1316885;0,16974;0,14222;0,1370125;0,8
100;0;0;0;0;0;0;0;0;0;0,262185;0,4143675;0,34098;0,3412925;0,8
101;0;0;0;0;0;0;0;0;0;0,25902;0,37328;0,2845575;0,32847;0,8
102;0;0;0;0;0;0;0;0;0;0,33519;0,44918;0,3794;0,3912;0,8
103;0;0;0;0;0;0;0;0;0;0,19104;0,238935;0,212215;0,213055;0,8
104;0;0;0;0;0;0;0;0;0;0,10270425;0,13772825;0,13772825;0,1087425;0,8
105;0,008218915;0,15435135;0,163935494;0,010971765;0,007702525;0,10495795;0,11228625;0,0104708;0;0,081224;0,07540975;0,07234975;0,0616395;0,8
106;0,0278526;0,267777158;0,290548618;0,031023075;0,0271685;0,20824;0,22661;0,03038875;0;0,038995;0,038689;0,038689;0,0355905;0,8
107;0,037580736;0,337153421;0,344049632;0,039668862;0,0370835;0,2883025;0,2952525;0,039188;0;0,038689;0,038689;0,038689;0,012131;0,8
108;0,044315376;0,37241704;0,406394842;0,047412892;0,04384825;0,31904375;0,3485825;0,04694625;0;0,038689;0,038689;0,038689;0,01655725;0,8
109;0,037580254;0,338516289;0,358304369;0,038107583;0,0371755;0,289725;0,3059175;0,03772;0;0,0654645;0,07234975;0,0601095;0,0593445;0,8
110;0,026526813;0,249860013;0,268603066;0,026375357;0,02612;0,2127525;0,2284175;0,0259755;0;0,05628425;0,08459;0,044809;0,044809;0,8
111;0,010086141;0,105477347;0,118620841;0,009396906;0,0097899;0,08425125;0,09264525;0,009112;0;0,05322425;0,08459;0,05322425;0,05322425;0,8
112;8,82E-05;0,000153125;0,000364218;6,37E-05;8,05E-05;0,000104918;0,0002504;5,71E-05;0;0,132368;0,180885;0,162236;0,162236;0,8
113;0;0;0;0;0;0;0;0;0;0,2515425;0,362075;0,3329525;0,34639;0,8
114;0;0;0;0;0;0;0;0;0;0,29393;0,3732775;0,3575925;0,3613975;0,8
115;0;0;0;0;0;0;0;0;0;0,12061;0,14819275;0,14528325;0,124915;0,8
116;0;0;0;0;0;0;0;0;0;0,2264875;0,3069925;0,2386225;0,2892925;0,8
117;0;0;0;0;0;0;0;0;0;0,25902;0,3892575;0,25902;0,3575925;0,8
118;0;0;0;0;0;0;0;0;0;0,2097325;0,2632;0,25902;0,25902;0,8
119;0;0;0;0;0;0;0;0;0;0,294865;0,3144275;0,30773;0,2989625;0,8
120;0;0;0;0;0;0;0;0;0;0,554755;0,786535;0,684785;0,6640425;0,8
121;0;0;0;0;0;0;0;0;0;0,76721;0,94;0,76721;0,76721;0,8
122;0;0;0;0;0;0;0;0;0;0,76721;0,94;0,76721;0,76721;0,8
123;0;0;0;0;0;0;0;0;0;0,6398375;0,8334475;0,76721;0,7431125;0,8
124;0;0;0;0;0;0;0;0;0;0,56066;0,76721;0,76721;0,56066;0,8
125;0;0;0;0;0;0;0;0;0;0,56066;0,6673775;0,5882;0,56066;0,8
126;0;0;0;0;0;0;0;0;0;0,56066;0,76721;0,7431125;0,56066;0,8
127;0;0;0;0;0;0;0;0;0;0,56066;0,7520625;0,7520625;0,56066;0,8
128;0;0;0;0;0;0;0;0;0;0,5044725;0,52023;0,52023;0,480385;0,8
129;0,105541397;0,009215398;0,006904566;0,113283983;0,08550425;0,008721975;0,00638935;0,09251225;0;0,2349775;0,2610275;0,2814225;0,213055;0,8
130;0,200924369;0,019347675;0,009525632;0,240432865;0,17544;0,018701;0,008917375;0,20474475;8,84E-05;0,2769425;0,26126;0,259915;0,22163;0,8
131;0,277594145;0,031220763;0,017521046;0,313786729;0,2488275;0,03053125;0,01685325;0,27713075;0,000127222;0,42967;0,428525;0,4393225;0,3826775;0,8
132;0,323392784;0,040886053;0,026771215;0,313361013;0,28793625;0,0402815;0,02610175;0,277385;9,81E-05;0,6742625;0,81918;0,79207;0,6874725;0,8
133;0,273585;0,301267362;0,257914421;0,266994592;0,2429325;0,26909025;0,234075;0,2358375;0,000117421;0,850725;0,9838;0,9473;0,93136;0,8
134;0,163992079;0,20218129;0,169554557;0,165513146;0,1467325;0,176035;0,1525285;0,14701825;5,61E-05;0,94;0,99475;0,990735;0,9591625;0,8
135;0,10127533;0,093777146;0,095512299;0,090401037;0,084779;0,07637975;0,081576225;0,07562675;0;0,7857475;0,927015;0,8891125;0,8381475;0,8
136;0,000306934;0,000210428;0,000393932;0,000204462;0,000226413;0,00014634;0,0002921;0,000149423;0;0,38781;0,394935;0,400145;0,35552;0,8
137;0;0;0;0;0;0;0;0;0;0,11433;0,07898225;0,08846;0,0674745;0,8
138;0;0;0;0;0;0;0;0;0;0,05628425;0,038689;0,038689;0,0355905;0,8
139;0;0;0;0;0;0;0;0;0;0,03249175;0,01788525;0,02054075;0,012131;0,8
140;0;0;0;0;0;0;0;0;0;0,03839375;0,012131;0,01965575;0,012131;0,8
141;0;0;0;0;0;0;0;0;0;0,013754;0,00469958;0,012131;0,00469958;0,8
142;0;0;0;0;0;0;0;0;0;0,01131355;0,00098361;0,009344225;0,00098361;0,8
143;0;0;0;0;0;0;0;0;0;0,001057933;0,00098361;0,00098361;0,00098361;0,8
144;0;0;0;0;0;0;0;0;0;0,00098361;0,000786888;0,00098361;0,000786888;0,8
145;0;0;0;0;0;0;0;0;0;0,000491803;0;0,000131148;0;0,8
146;0;0;0;0;0;0;0;0;0;0,000868855;0;0;0;0,8
147;0;0;0;0;0;0;0;0;0;0,00098361;0,000622952;0,000868855;0,000622952;0,8
148;0;0;0;0;0;0;0;0;0;0,00098361;0,00098361;0,00098361;0,00098361;0,8
149;0;0;0;0;0;0;0;0;0;0,00098361;0,00037705;0,000868855;0,00037705;0,8
150;0;0;0;0;0;0;0;0;0;0,000508198;0;0;0;0,8
151;0;0;0;0;0;0;0;0;0;0,00098361;0,000622952;0,000622952;0,000622952;0,8
152;0;0;0;0;0;0;0;0;0;0,00098361;0,000131148;0,000131148;0,000131148;0,8
153;0,039347408;0,002572742;0,020181914;0,049945035;0,0388905;0,002072615;0,01965505;0,0494555;0;0,00098361;0;0;0;0,8
154;0,085247901;0,008986697;0,036188491;0,097444611;0,08328475;0,00829395;0,0354815;0,095109;0;0,00098361;0,000868855;0,000868855;0,000868855;0,8
155;0,123393288;0,016459646;0,057023522;0,142267812;0,1197555;0,01585375;0,05632675;0,13789075;0;0,00098361;0,00098361;0,00098361;0,00098361;0,8
156;0,136024141;0,015808551;0,062188457;0,151928045;0,1311955;0,015273;0,06158125;0,14638575;0;0,00098361;0,000655737;0,000737707;0,000655737;0,8
157;0,139767695;0,313724605;0,049538582;0,172835795;0,13299275;0,27701;0,048994;0,16377925;0;0,00098361;0,00098361;0,00098361;0,00098361;0,8
158;0,110616276;0,243917329;0,031916645;0,137762641;0,10475025;0,21116;0,03141375;0,12976175;0;0,007858;0,008043725;0,008043725;0,008043725;0,8
159;0,038346205;0,116157805;0,012526543;0,040759879;0,0362275;0,09416175;0,01218095;0,038382;0;0,00098361;0,00098361;0,00098361;0,00098361;0,8
160;0,000286715;0,000280062;0,00029797;0,000171163;0,000267375;0,000193348;0,00027932;0,000159798;0;0,00098361;0,00098361;0,00098361;0,00098361;0,8
161;0;0;0;0;0;0;0;0;0;0,008043653;0,008043653;0,008043653;0,008043653;0,8
162;0;0;0;0;0;0;0;0;0;0,012131;0,01295725;0,012131;0,012131;0,8
163;0;0;0;0;0;0;0;0;0;0,012131;0,03786275;0,0320495;0,0223115;0,8
164;0;0;0;0;0;0;0;0;0;0,012131;0,038689;0,015672;0,012131;0,8
165;0;0;0;0;0;0;0;0;0;0,028951;0,038689;0,0355905;0,0355905;0,8
166;0;0;0;0;0;0;0;0;0;0,015672;0,038689;0,038689;0,038689;0,8
167;0;0;0;0;0;0;0;0;0;0,03027875;0,038689;0,03786275;0,03337725;0,8
168;0;0;0;0;0;0;0;0;0;0,012131;0,02452475;0,01295725;0,012131;0,8
169;0;0;0;0;0;0;0;0;0;0,012131;0,0355905;0,012131;0,012131;0,8
170;0;0;0;0;0;0;0;0;0;0,02186875;0,038689;0,03364275;0,031164;0,8
171;0;0;0;0;0;0;0;0;0;0,01131355;0,012885225;0,01196125;0,009344225;0,8
172;0;0;0;0;0;0;0;0;0;0,001057933;0,000953007;0,001330433;0,000953007;0,8
173;0;0;0;0;0;0;0;0;0;0,0002459;3,06E-05;0,0002459;3,06E-05;0,8
174;0;0;0;0;0;0;0;0;0;0;0;0;0;0,8
175;0;0;0;0;0;0;0;0;0;0;0;0;0;0,8
176;0;0;0;0;0;0;0;0;0;0,000131148;0,000131148;3,06E-05;0,000131148;0,8
177;0,011499239;0;0,029234491;0,0138054;0,01102355;0;0,028702525;0,0133465;0;0,00098361;0,001057932;0,001138805;0,001057932;0,8
178;0,034235207;0,00350563;0,044400375;0,03673725;0,03358975;0,003176275;0,04372225;0,03611575;0;0,0100874;0,0228218;0,0138754;0,0121398;0,8
179;0,0451278;0,0172216;0,053620927;0,047252045;0,044657;0,01653635;0,05295875;0,0468035;0;0,0355905;0,05322425;0,03936525;0,04250375;0,8
180;0,062304277;0,02246614;0,045373646;0,063326909;0,06188325;0,02187825;0,0447845;0,06292025;0;0,07983725;0,1544955;0,1019585;0,1347015;0,8
181;0,050928178;0,350360723;0,056282372;0,05110877;0,050612;0,311665;0,0555825;0,05079675;0;0,1885325;0,410055;0,281545;0,353;0,8
182;0,032740867;0,244292961;0,043034135;0,032220521;0,03238625;0,2117175;0,042508;0,03187875;0;0,11764025;0,23668;0,158389;0,2057275;0,8
183;0,01317653;0,113044157;0,017901132;0,012424231;0,012867875;0,093304825;0,01758215;0,0121471;0;0,03832775;0,06618875;0,044809;0,05253975;0,8
184;0,000137968;0,000482061;0,000382247;8,75E-05;0,000130108;0,000347075;0,00036695;8,20E-05;0;0,06852475;0,13048;0,10942625;0,1197335;0,8
185;0;0;0;0;0;0;0;0;0;0,1027035;0,2471225;0,15705;0,1825425;0,8
186;0;0;0;0;0;0;0;0;0;0,08459;0,170645;0,1087425;0,151735;0,8
187;0;0;0;0;0;0;0;0;0;0,07005475;0,10270425;0,08459;0,085073;0,8
188;0;0;0;0;0;0;0;0;0;0,09425;0,14079;0,1042535;0,1068205;0,8
189;0;0;0;0;0;0;0;0;0;0,2326075;0,4422375;0,31515;0,3775225;0,8
190;0;0;0;0;0;0;0;0;0;0,3892575;0,6260675;0,5077075;0,562035;0,8
191;0;0;0;0;0;0;0;0;0;0,5372475;0,8977625;0,7382925;0,74862;0,8
192;0;0;0;0;0;0;0;0;0;0,40013;0,624545;0,5466225;0,551475;0,8
193;0;0;0;0;0;0;0;0;0;0,471475;0,7431125;0,6811475;0,6536075;0,8
194;0;0;0;0;0;0;0;0;0;0,56066;0,76721;0,76721;0,7431125;0,8
195;0;0;0;0;0;0;0;0;0;0,518855;0,7520625;0,5882;0,56066;0,8
196;0;0;0;0;0;0;0;0;0;0,3880625;0,534165;0,47705;0,482625;0,8
197;0;0;0;0;0;0;0;0;0;0,262155;0,37776;0,2903825;0,3396725;0,8
198;0;0;0;0;0;0;0;0;0;0,3777575;0,53279;0,480385;0,502135;0,8
199;0;0;0;0;0;0;0;0;0;0,3892575;0,518855;0,518855;0,469235;0,8
200;0;0;0;0;0;0;0;0;0;0,23091;0,271225;0,2814225;0,235145;0,8
201;0;0;0,007973214;0;0;0;0,0074514;0;0;0,3172675;0,362075;0,3374325;0,34639;0,8
202;0,002398502;0,014617535;0,025723058;0,002880052;0,002029133;0,0141236;0,02490325;0,002529805;0;0,39344;0,54115;0,435245;0,42967;0,8
203;0,006716052;0,046588911;0,052482474;0,007059538;0,006137725;0,0458495;0,051715;0,00647925;0;0,42131;0,5554575;0,5461675;0,53279;0,8
204;0,008943258;0,056385431;0,06058841;0,009261558;0,008420075;0,055821;0,05993275;0,008720625;0;0,27115;0,31615;0,300305;0,26203;0,8
205;0,281954842;0,256132579;0,062808489;0,299698619;0,2567025;0,2349285;0,06218625;0,27112;4,30E-05;0,15705;0,15943;0,15943;0,1210615;0,8
206;0,170787158;0,252679658;0,036269396;0,189321928;0,15505575;0,2206925;0,03583175;0,169194;1,11E-05;0,15705;0,15705;0,15705;0,1568075;0,8
207;0,070242865;0,095401271;0,019265325;0,07746012;0,06138125;0,07876325;0,0188375;0,0663667;0;0,112365;0,112365;0,1087425;0,09425;0,8
208;0,000700818;0,001343574;0,000395706;0,000437226;0,000559553;0,000982963;0,000383385;0,000338;0;0,1355775;0,14079;0,142375;0,1068205;0,8
209;0;0;0;0;0;0;0;0;0;0,359185;0,4422375;0,4378675;0,3914575;0,8
210;0;0;0;0;0;0;0;0;0;0,5601025;0,7431125;0,7018;0,60197;0,8
211;0;0;0;0;0;0;0;0;0;0,54115;0,663935;0,5882;0,56066;0,8
212;0;0;0;0;0;0;0;0;0;0,39344;0,56066;0,56066;0,471475;0,8
213;0;0;0;0;0;0;0;0;0;0,3880625;0,4126;0,4570925;0,3798475;0,8
214;0;0;0;0;0;0;0;0;0;0,262155;0,2423;0,27067;0,2047825;0,8
215;0;0;0;0;0;0;0;0;0;0,25902;0,25902;0,25902;0,2097325;0,8
216;0;0;0;0;0;0;0;0;0;0,267235;0,2485375;0,262155;0,18818;0,8
217;0;0;0;0;0;0;0;0;0;0,4876325;0,5581125;0,479475;0,4851925;0,8
218;0;0;0;0;0;0;0;0;0;0,325505;0,32992;0,300305;0,2706125;0,8
219;0;0;0;0;0;0;0;0;0;0,1658875;0,15943;0,15943;0,1210615;0,8
220;0;0;0;0;0;0;0;0;0;0,175745;0,18594;0,206335;0,165645;0,8
221;0;0;0;0;0;0;0;0;0;0,28142;0,25902;0,25902;0,25868;0,8
222;0;0;0;0;0;0;0;0;0;0,2515425;0,2114325;0,2318275;0,19104;0,8
223;0;0;0;0;0;0;0;0;0;0,15773;0,15705;0,15705;0,1087425;0,8
224;0;0;0;0;0;0;0;0;0;0,186835;0,18174;0,18609;0,16389;0,8
225;0,004803509;0;0,014771519;0,007422986;0,004274853;0;0,014234025;0,006919375;0;0,5121075;0,5688975;0,5318175;0,49;0,8
226;0,020594724;0,003602678;0,036578329;0,024743045;0,01984925;0,003226788;0,03582;0,02409715;0;0,8639725;0,976405;0,896805;0,9051575;0,8
227;0,03291857;0,016040576;0,053738432;0,035536674;0,03238125;0,015320075;0,053018;0,0349925;0;0,7712425;0,9504025;0,9112025;0,8346;0,8
228;0,045639959;0,022960071;0,059397707;0,048867502;0,04512625;0,022356825;0,05875;0,04837625;0;0,8986675;0,9923975;0,9722;0,9625725;0,8
229;0,412888934;0,351030119;0,051987892;0,385255934;0,3689425;0,313405;0,05139725;0,344095;7,80E-05;0,99763;1;0,9999125;0,9993875;0,8
230;0,292193211;0,324629961;0,036557139;0,27225825;0,2540575;0,2800275;0,036034;0,2347875;0,000210817;1;1;1;1;0,8
231;0,154557948;0,158109111;0,015079441;0,149258412;0,12047925;0,120713;0,014719575;0,11631975;8,54E-05;1;1;1;1;0,8
232;0,000458995;0,000811899;0,000351447;0,000341608;0,0003186;0,00053061;0,000334763;0,000235478;0;1;1;1;1;0,8
233;0;0;0;0;0;0;0;0;0;1;1;1;1;0,8
234;0;0;0;0;0;0;0;0;0;1;1;1;1;0,8
235;0;0;0;0;0;0;0;0;0;1;1;1;1;0,8
236;0;0;0;0;0;0;0;0;0;0,993625;0,9989775;0,99841;0,991515;0,8
237;0;0;0;0;0;0;0;0;0;0,8251725;0,7563625;0,8345825;0,6760825;0,8
238;0;0;0;0;0;0;0;0;0;0,7018025;0,622625;0,76721;0,56066;0,8
239;0;0;0;0;0;0;0;0;0;0,76721;0,8564875;0,76721;0,723605;0,8
240;0;0;0;0;0;0;0;0;0;0,76721;0,6742625;0,76721;0,5732825;0,8
241;0;0;0;0;0;0;0;0;0;0,7018025;0,6122975;0,76721;0,56066;0,8
242;0;0;0;0;0;0;0;0;0;0,76721;0,76721;0,76721;0,60197;0,8
243;0;0;0;0;0;0;0;0;0;0,7018025;0,5882;0,6646225;0,5327875;0,8
244;0;0;0;0;0;0;0;0;0;0,76721;0,7144725;0,773435;0,598525;0,8
245;0;0;0;0;0;0;0;0;0;0,8939225;0,956185;0,9359675;0,865125;0,8
246;0;0;0;0;0;0;0;0;0;0,9054425;0,94;0,94;0,8334475;0,8
247;0;0;0;0;0;0;0;0;0;0,79889;0,8421475;0,8276875;0,70124;0,8
248;0;0;0;0;0;0;0;0;0;0,9792375;0,9923675;0,9912525;0,96695;0,8
249;0,161584184;0,111055645;0,078764163;0,158156546;0,11452575;0,0888482;0,06802575;0,12413825;0;0,99475;1;0,9999425;0,99475;0,8
250;0,276876592;0,200612065;0,188440157;0,274323502;0,226475;0,17606525;0,1699515;0,2315765;0,000149304;0,9609875;0,9895;0,9841225;0,954075;0,8
251;0,444523855;0,2518995;0,222304066;0,521879882;0,3855875;0,22491;0,2081975;0,4524075;0,000220735;0,8132875;0,8334475;0,8276875;0,6645225;0,8
252;0,378121342;0,297314321;0,232589388;0,390587013;0,33005;0,2665185;0,218585;0,34089;0,000299912;0,7431125;0,717255;0,7391125;0,602275;0,8
253;0,199233063;0,249599961;0,195660711;0,165927304;0,182004;0,2294525;0,18384;0,14839625;0,000226209;0,3759225;0,2721225;0,3254675;0,2290175;0,8
254;0,18737996;0,12620908;0,10420309;0,20259328;0,17185;0,11620425;0,0984395;0,18531575;0,000111102;0,8475725;0,8545425;0,8621575;0,7995175;0,8
255;0,120788187;0,036604334;0,038255355;0,107638674;0,1002385;0,0341015;0,036619525;0,090467;0;0,994915;1;0,9998375;0,99475;0,8
256;0,000943127;0,00035405;0,000585761;0,00046462;0,00068201;0,000333148;0,000574338;0,000341245;0;0,9998375;1;1;0,99659;0,8
257;0;0;0;0;0;0;0;0;0;1;1;1;1;0,8
258;0;0;0;0;0;0;0;0;0;1;1;1;1;0,8
259;0;0;0;0;0;0;0;0;0;0,9999425;1;1;0,997725;0,8
260;0;0;0;0;0;0;0;0;0;0,9950725;0,9973775;0,996065;0,99475;0,8
261;0;0;0;0;0;0;0;0;0;0,99475;0,99475;0,99475;0,9883625;0,8
262;0;0;0;0;0;0;0;0;0;0,99475;0,9948375;0,99475;0,9473;0,8
263;0;0;0;0;0;0;0;0;0;0,9983375;0,9997375;0,9989525;0,99659;0,8
264;0;0;0;0;0;0;0;0;0;1;1;1;1;0,8
265;0;0;0;0;0;0;0;0;0;1;1;1;1;0,8
266;0;0;0;0;0;0;0;0;0;0,9791625;0,9909;0,986075;0,9646;0,8
267;0;0;0;0;0;0;0;0;0;0,8276875;0,8334475;0,8276875;0,6645225;0,8
268;0;0;0;0;0;0;0;0;0;0,76721;0,6398375;0,76721;0,56066;0,8
269;0;0;0;0;0;0;0;0;0;0,7018025;0,5654775;0,6329525;0,5244275;0,8
270;0;0;0;0;0;0;0;0;0;0,7810475;0,7780475;0,802145;0,64142;0,8
271;0;0;0;0;0;0;0;0;0;0,46528;0,289815;0,3587175;0,263675;0,8
272;0;0;0;0;0;0;0;0;0;0,262155;0,112365;0,15943;0,09425;0,8
273;0,217984303;0,066379638;0,038184274;0,219116735;0,146885;0,0593665;0,0375524;0,17599625;2,97E-05;0,2515425;0,08459;0,15705;0,08459;0,8
274;0,371292553;0,114481429;0,06667003;0,38385454;0,2909025;0,10716475;0,0658525;0,3192325;0,000182673;0,1504025;0,082754;0,1087425;0,07081975;0,8
275;0,463519737;0,216215463;0,111066793;0,492363908;0,39239;0,20536925;0,11031025;0,4168075;0,000296297;0,07931525;0,03976;0,04939925;0,027623;0,8
276;0,450772342;0,210850192;0,130523305;0,507976698;0,38158;0,1997075;0,128533;0,42954;0,000297783;0,131688;0,07234975;0,082295;0,0593445;0,8
277;0,404285526;0,184827592;0,091690224;0,43201725;0,3429025;0,1749555;0,09026425;0,36593;0,000228188;0,15705;0,08459;0,122025;0,08459;0,8
278;0,313156343;0,102448697;0,211165145;0,319477066;0,265968;0,09704125;0,1935495;0,2714075;0,000166466;0,13893425;0,08459;0,08459;0,07311475;0,8
279;0,149426724;0,059635607;0,087668317;0,139167648;0,11933225;0,05517125;0,07799475;0,11188375;1,83E-05;0,08459;0,05414225;0,07311475;0,038689;0,8
280;0,00071057;0,000503385;0,003993903;0,000542889;0,000495625;0,000426765;0,003426025;0,000373918;0;0,147655;0,10013725;0,10029025;0,0717455;0,8
281;0;0;0;0;0;0;0;0;0;0,3155675;0,23692;0,23005;0,19834;0,8
282;0;0;0;0;0;0;0;0;0;0,404735;0,42524;0,4220025;0,3574825;0,8
283;0;0;0;0;0;0;0;0;0;0,1514275;0,1326715;0,14780425;0,1019005;0,8
284;0;0;0;0;0;0;0;0;0;0,10874275;0,08459;0,08459;0,0669945;0,8
285;0;0;0;0;0;0;0;0;0;0,0639345;0,044809;0,044809;0,03160675;0,8
286;0;0;0;0;0;0;0;0;0;0,03027875;0,013814275;0,0174395;0,010273275;0,8
287;0;0;0;0;0;0;0;0;0;0,004885355;0,0007541;0,001243708;0,0007541;0,8
288;0;0;0;0;0;0;0;0;0;0,009344225;0,00098361;0,003398905;0,00098361;0,8
289;0;0;0;0;0;0;0;0;0;0,01443275;0,007114803;0,01257375;0,007114803;0,8
290;0;0;0;0;0;0;0;0;0;0,0470155;0,0410275;0,04424625;0,02681975;0,8
291;0;0;0;0;0;0;0;0;0;0,13652025;0,13893425;0,13531275;0,130923;0,8
292;0;0;0;0;0;0;0;0;0;0,12806525;0,12806525;0,12444275;0,09594075;0,8
293;0;0;0;0;0;0;0;0;0;0,21313;0,22557;0,224225;0,19834;0,8
294;0;0;0;0;0;0;0;0;0;0,3575925;0,38672;0,3835825;0,3575925;0,8
295;0;0;0;0;0;0;0;0;0;0,2926225;0,3262275;0,33071;0,2926225;0,8
296;0;0;0;0;0;0;0;0;0;0,25902;0,240325;0,25902;0,1998775;0,8
297;0,112279168;0,124918449;0,075635104;0,133107217;0,09211525;0,09162125;0,0669315;0,11256225;0;0,25902;0,2769425;0,25902;0,25868;0,8
298;0,228335842;0,202644809;0,164834842;0,250053849;0,2025765;0,17693325;0,150725;0,22365225;1,52E-05;0,299345;0,362075;0,25902;0,299005;0,8
299;0,291116882;0,246284289;0,232768776;0,30854089;0,2693375;0,22574;0,2172175;0,27737825;0,000114906;0,174045;0,1706875;0,16729;0,12965675;0,8
300;0,271271013;0,247729026;0,270406579;0,29836946;0,25106;0,22916;0,2538355;0,264225;0,000109831;0,148595;0,08459;0,08459;0,08459;0,8
301;0,282604733;0,238959474;0,240243844;0,289583775;0,252583;0,2221575;0,223677;0,2595955;9,03E-05;0,08459;0,08459;0,08459;0,083162;0,8
302;0,206215236;0,195366947;0,156759967;0,166311845;0,1826415;0,17908725;0,14551625;0,15255225;1,75E-05;0,0631695;0,0616395;0,0616395;0,040117;0,8
303;0,055107561;0,111868382;0,086441495;0,056072163;0,04951675;0,0949675;0,07746525;0,05046375;0;0,038689;0,038689;0,038689;0,038689;0,8
304;0,000641832;0,000597736;0,001272312;0,000463173;0,000565458;0,0004366;0,00105342;0,000394525;0;0,044809;0,042667;0,042667;0,038689;0,8
305;0;0;0;0;0;0;0;0;0;0,1095;0,113652;0,111272;0,087455;0,8
306;0;0;0;0;0;0;0;0;0;0,3638775;0,467345;0,4010325;0,4191975;0,8
307;0;0;0;0;0;0;0;0;0;0,3172675;0,351925;0,3329525;0,3178575;0,8
308;0;0;0;0;0;0;0;0;0;0,175745;0,170645;0,16729;0,12199325;0,8
309;0;0;0;0;0;0;0;0;0;0,1621475;0,16736;0,108293;0,1068205;0,8
310;0;0;0;0;0;0;0;0;0;0,3364775;0,39262;0,3311225;0,3277;0,8
311;0;0;0;0;0;0;0;0;0;0,19763;0,19946;0,191935;0,145478;0,8
312;0;0;0;0;0;0;0;0;0;0,148595;0,148595;0,1425575;0,08459;0,8
313;0;0;0;0;0;0;0;0;0;0,083162;0,080612;0,07770475;0,07311475;0,8
314;0;0;0;0;0;0;0;0;0;0,026838;0,019836;0,02275425;0,01525675;0,8
315;0;0;0;0;0;0;0;0;0;0,012131;0,00098361;0,012131;0,00098361;0,8
316;0;0;0;0;0;0;0;0;0;0,012131;0,00098361;0,002469958;0,00098361;0,8
317;0;0;0;0;0;0;0;0;0;0,005256805;0,00098361;0,00098361;0,00098361;0,8
318;0;0;0;0;0;0;0;0;0;0,00098361;0,00037705;0,00062295;0,00037705;0,8
319;0;0;0;0;0;0;0;0;0;0,00098361;0,000868855;0,00098361;0,000868855;0,8
320;0;0;0;0;0;0;0;0;0;0,006557377;0,00098361;0,002469958;0,00098361;0,8
321;0;0,021144205;0,018243415;0,002047898;0;0,02063025;0,01768115;0;0;0,012131;0,005256878;0,01178425;0,005256878;0,8
322;0,007856527;0,04970593;0,039572546;0,010691558;0,0074974;0,04903025;0,03877975;0,008699575;0;0,00377053;0,00098361;0,001330433;0,00098361;0,8
323;0,018556922;0,072521937;0,057929373;0,019100144;0,0179555;0,0719905;0,05721425;0,01851875;0;0,00098361;0,000786888;0,000953007;0,000786888;0,8
324;0,022323352;0,08058405;0,062806804;0,022132406;0,021788;0,080143;0,062155;0,0215915;0;0,0002459;0;3,06E-05;0;0,8
325;0,020579073;0,074762002;0,057048083;0,019926533;0,020084;0,074365;0,05644925;0,01942775;0;0;0;0;0;0,8
326;0,013607254;0,053534242;0,041018728;0,012633742;0,0131645;0,053147;0,04047825;0,012198775;0;0;0;0;0;0,8
327;0,004046063;0,022374567;0,018547219;0,003629593;0,00386135;0,022077975;0,0181792;0,003450345;0;0,000622952;0;0,000131148;0;0,8
328;0;0,000426867;0,000571552;0;0;0,000415152;0,000549393;0;0;0,00098361;0,000868855;0,00098361;0,000868855;0,8
329;0;0;0;0;0;0;0;0;0;0,00098361;0,00098361;0,00098361;0,00098361;0,8
330;0;0;0;0;0;0;0;0;0;0,001330433;0,00098361;0,001330433;0,00098361;0,8
331;0;0;0;0;0;0;0;0;0;0,01178425;0,01525675;0,0128465;0,0110075;0,8
332;0;0;0;0;0;0;0;0;0;0,0355905;0,05398925;0,03806925;0,03674125;0,8
333;0;0;0;0;0;0;0;0;0;0,038689;0,038689;0,038689;0,038689;0,8
334;0;0;0;0;0;0;0;0;0;0,038689;0,038689;0,038689;0,038689;0,8
335;0;0;0;0;0;0;0;0;0;0,038689;0,038689;0,038689;0,038689;0,8
336;0;0;0;0;0;0;0;0;0;0,038689;0,05016425;0,038689;0,038689;0,8
337;0;0;0;0;0;0;0;0;0;0,04863425;0,08459;0,0639345;0,07311475;0,8
338;0;0;0;0;0;0;0;0;0;0,0890175;0,13218;0,10270425;0,10270425;0,8
339;0;0;0;0;0;0;0;0;0;0,2089275;0,324485;0,28011;0,2980325;0,8
340;0;0;0;0;0;0;0;0;0;0,3239875;0,5759375;0,415735;0,5160675;0,8
341;0;0;0;0;0;0;0;0;0;0,39344;0,76721;0,56066;0,56066;0,8
342;0;0;0;0;0;0;0;0;0;0,42131;0,81041;0,595085;0,691475;0,8
343;0;0;0;0;0;0;0;0;0;0,56066;0,92944;0,76721;0,7637675;0,8
344;0;0;0;0;0;0;0;0;0;0,3731675;0,596675;0,518525;0,5013125;0,8
345;0,005355062;0,011588764;0,005481982;0,007438276;0,004865925;0,011077375;0,004962925;0,00693135;0;0,20003;0,32672;0,2666675;0,29865;0,8
346;0,019025739;0,032004292;0,019584853;0,022279046;0,0183275;0,03124775;0,01879775;0,0215835;0;0,0690875;0,09521975;0,090464;0,08237275;0,8
347;0,027962641;0,043319471;0,031671762;0,03232093;0,02738875;0,042698;0,03094875;0,03175375;0;0,038689;0,038689;0,038689;0,0223115;0,8
348;0,0355569;0,057751429;0,035178138;0,035857646;0,034994;0,057122;0,034502;0,0353345;0;0,03116425;0,02319675;0,038689;0,012131;0,8
349;0,033401593;0,048767574;0,032193312;0,030254957;0,03291375;0,04825425;0,031568;0,029782;0;0,04557425;0,05398925;0,04939925;0,04247575;0,8
350;0,022807338;0,032704026;0,023969147;0,019111701;0,02236825;0,0322245;0,023415;0,0186795;0;0,1433625;0,19231;0,17145325;0,17127775;0,8
351;0,008645522;0,014717269;0,009348025;0,007365317;0,008298775;0,014358225;0,008983125;0,0070026;0;0,4116925;0,6466;0,60085;0,5714525;0,8
352;0,000256713;0,00039869;0,000442648;0,000166528;0,000223843;0,000378858;0,000394878;0,000138808;0;0,42967;0,77009;0,622625;0,5882;0,8
353;0;0;0;0;0;0;0;0;0;0,6771425;0,94596;0,825415;0,825415;0,8
354;0;0;0;0;0;0;0;0;0;0,9541725;0,9993875;0,99438;0,99438;0,8
355;0;0;0;0;0;0;0;0;0;0,99475;1;1;1;0,8
356;0;0;0;0;0;0;0;0;0;0,994915;1;1;1;0,8
357;0;0;0;0;0;0;0;0;0;0,9998375;1;1;1;0,8
358;0;0;0;0;0;0;0;0;0;0,9989525;1;1;1;0,8
359;0;0;0;0;0;0;0;0;0;0,9066975;0,9931;0,97425;0,96801;0,8
360;0;0;0;0;0;0;0;0;0;0,76721;0,9086875;0,8132875;0,7798825;0,8
361;0;0;0;0;0;0;0;0;0;0,76721;0,9388475;0,8766475;0,76721;0,8
362;0;0;0;0;0;0;0;0;0;0,59541;0,6680825;0,6907525;0,5535825;0,8
363;0;0;0;0;0;0;0;0;0;0,21916;0,1995675;0,2118025;0,15871;0,8
364;0;0;0;0;0;0;0;0;0;0,1049585;0,08459;0,08459;0,08459;0,8
365;0;0;0;0;0;0;0;0;0;0,155475;0,1244425;0,13116;0,0966665;0,8
366;0;0;0;0;0;0;0;0;0;0,2515425;0,2318275;0,2515425;0,1910375;0,8
367;0;0;0;0;0;0;0;0;0;0,2515425;0,204635;0,25494;0,15705;0,8
368;0;0;0;0;0;0;0;0;0;0,171325;0,1621475;0,1682675;0,128406;0,8
369;0,001868714;0;0,01569343;0,001945208;0;0;0,01515235;0;0;0,3531125;0,3446925;0,3505325;0,324115;0,8
370;0,009626354;0,002778256;0,031748814;0,011299696;0,00766125;0,00243399;0,03100225;0,0091356;0;0,3105475;0,3262275;0,33071;0,2926225;0,8
371;0,016350087;0,007400207;0,049899043;0,017800121;0,015781;0,006796775;0,04914025;0,0172415;0;0,25902;0,25902;0,25902;0,25902;0,8
372;0,019033926;0,010227075;0,053971034;0,02049913;0,01849725;0,009687975;0,0533015;0,0199615;0;0,292005;0,24871;0,25392;0,242025;0,8
373;0,017899567;0,354369868;0,051683534;0,018820105;0,01739275;0,3174075;0,05104225;0,01832575;0;0,1014655;0,08041025;0,09840525;0,0674745;0,8
374;0,011746337;0,204179842;0,039002838;0,011890401;0,011299575;0,1815625;0,038447;0,01145845;0;0,1039135;0,0952385;0,097873;0,0652625;0,8
375;0,003387744;0,084229603;0,020668646;0,003161821;0,00320397;0,07254225;0,020236;0,002990478;0;0,253225;0,2318275;0,2382825;0,213285;0,8
376;0;0,001860701;0,000825152;0;0;0,00148665;0,000799415;0;0;0,151098;0,12471075;0,12965675;0,1057165;0,8
377;0;0;0;0;0;0;0;0;0;0,06928975;0,0639345;0,0646995;0,04129;0,8
378;0;0;0;0;0;0;0;0;0;0,13048;0,131688;0,13772825;0,1224705;0,8
379;0;0;0;0;0;0;0;0;0;0,15705;0,151735;0,15536;0,1425575;0,8
380;0;0;0;0;0;0;0;0;0;0,090884;0,0651825;0,067598;0,05475425;0,8
381;0;0;0;0;0;0;0;0;0;0,038995;0,038689;0,038689;0,0223115;0,8
382;0;0;0;0;0;0;0;0;0;0,07005475;0,0608745;0,04863425;0,038689;0,8
383;0;0;0;0;0;0;0;0;0;0,08459;0,08459;0,08459;0,07923475;0,8
384;0;0;0;0;0;0;0;0;0;0,1425575;0,148595;0,1244425;0,13048;0,8
385;0;0;0;0;0;0;0;0;0;0,170645;0,1611275;0,1602225;0,15705;0,8
386;0;0;0;0;0;0;0;0;0;0,25902;0,25664;0,2558475;0,2471225;0,8
387;0;0;0;0;0;0;0;0;0;0,1961375;0,2114325;0,22673;0,1905575;0,8
388;0;0;0;0;0;0;0;0;0;0,097873;0,1039135;0,107535;0,07842725;0,8
389;0;0;0;0;0;0;0;0;0;0,05016425;0,05016425;0,05016425;0,03786275;0,8
390;0;0;0;0;0;0;0;0;0;0,038689;0,03381975;0,038689;0,01490475;0,8
391;0;0;0;0;0;0;0;0;0;0,07589275;0,07971475;0,07536725;0,05888525;0,8
392;0;0;0;0;0;0;0;0;0;0,17043;0,22387;0,200755;0,1959225;0,8
393;0,049138799;0,003180684;0;0,162519651;0,04861195;0,0027324;0;0,1433825;0;0,26852;0,3665575;0,301585;0,32555;0,8
394;0,17224875;0,021323088;0,004149429;0,305094711;0,162853;0,020598475;0,0038221;0,26852;0,000118888;0,123098;0,14336025;0,14166025;0,119118;0,8
395;0,294855379;0,031229311;0,011048769;0,35647196;0,2718035;0,03060715;0,01044795;0,31395;0,000185703;0,20145;0,22163;0,22163;0,17043;0,8
396;0,379857434;0,051758179;0,013606917;0,348667974;0,337345;0,05109975;0,013039175;0,3068725;0,000217961;0,1628275;0,180955;0,1995375;0,15943;0,8
397;0,389479382;0,421121527;0,339881566;0,362768846;0,33975;0,3753125;0,3007425;0,31679925;0,000236044;0,317425;0,3551325;0,3144275;0,32155;0,8
398;0,44286;0,305364395;0,292460487;0,245694355;0,381095;0,2647;0,2543675;0,2134075;0,000142892;0,65027;0,8025275;0,7059;0,6749175;0,8
399;0,21631804;0,15332968;0,127778064;0,09242102;0,16393;0,1237095;0,10768525;0,07933675;0;0,760785;0,934625;0,76721;0,76721;0,8
400;0,008741959;0,000950365;0,00229991;0,000872284;0,005693325;0,000679575;0,00187289;0,000688087;0;0,556865;0,72095;0,7155725;0,60951;0,8
401;0;0;0;0;0;0;0;0;0;0,325845;0,3653025;0,3653025;0,33235;0,8
402;0;0;0;0;0;0;0;0;0;0,2386225;0,2471225;0,2471225;0,22673;0,8
403;0;0;0;0;0;0;0;0;0;0,11840525;0,112365;0,112365;0,097873;0,8
404;0;0;0;0;0;0;0;0;0;0,13286;0,12954;0,127615;0,1042535;0,8
405;0;0;0;0;0;0;0;0;0;0,3288725;0,37535;0,323055;0,330805;0,8
406;0;0;0;0;0;0;0;0;0;0,54115;0,677705;0,54115;0,5567575;0,8
407;0;0;0;0;0;0;0;0;0;0,518855;0,6398375;0,56066;0,56066;0,8
408;0;0;0;0;0;0;0;0;0;0,3777575;0,449325;0,4728675;0,3955725;0,8
409;0;0;0;0;0;0;0;0;0;0,206335;0,19933;0,212215;0,1876375;0,8
410;0;0;0;0;0;0;0;0;0;0,1497225;0,1497225;0,1806275;0,1449725;0,8
411;0;0;0;0;0;0;0;0;0;0,05177475;0,036321;0,037166;0,02931675;0,8
412;0;0;0;0;0;0;0;0;0;0,038689;0,01788525;0,01699975;0,01275075;0,8
413;0;0;0;0;0;0;0;0;0;0,06541375;0,06388375;0,044044;0,0429815;0,8
414;0;0;0;0;0;0;0;0;0;0,035641;0,029002;0,0280655;0,01850475;0,8
415;0;0;0;0;0;0;0;0;0;0,0646995;0,0593445;0,038689;0,03674125;0,8
416;0;0;0;0;0;0;0;0;0;0,081224;0,07234975;0,038689;0,038689;0,8
417;0,150299586;0,045400855;0;0,029056644;0,133116;0,042163;0;0,028480075;0;0,042973;0,040117;0,03976;0,0293935;0,8
418;0,266748987;0,094866959;0,00392576;0,096301102;0,23387475;0,0896325;0,003615;0,09403375;0,000122938;0,142002;0,1501195;0,157684;0,129553;0,8
419;0,317095658;0,243763224;0,011062711;0,204052224;0,2790875;0,223765;0,0104602;0,19416325;0,00016219;0,4312025;0,5170275;0,4801775;0,46246;0,8
420;0,326113224;0,171628958;0,013826108;0,339816553;0,28942;0,15745575;0,01324985;0,3078525;0,000169488;0,5567575;0,7224575;0,56066;0,56066;0,8
421;0,28894496;0,053173299;0,424665948;0,349672066;0,25648;0,050836;0,3741275;0,3083925;0,000143255;0,40013;0,441935;0,415735;0,415735;0,8
422;0,218113125;0,059233007;0,272417653;0,431795724;0,19702875;0,05868725;0,23852125;0,37605;8,96E-06;0,4721625;0,6226225;0,5927875;0,5339675;0,8
423;0,098324696;0,035554251;0,132883524;0,216428803;0,0887885;0,0351835;0,11502025;0,167375;0;0,76947;0,9625475;0,896805;0,8805625;0,8
424;0,001184742;0,001090981;0,004145954;0,007010971;0,001008018;0,001073675;0,00353637;0,00454515;0;0,7259;0,88853;0,8132875;0,7798825;0,8
425;0;0;0;0;0;0;0;0;0;0,76721;0,94;0,76721;0,76721;0,8
426;0;0;0;0;0;0;0;0;0;0,7293425;0,888165;0,7741225;0,76721;0,8
427;0;0;0;0;0;0;0;0;0;0,879525;0,9774125;0,9432675;0,9083225;0,8
428;0;0;0;0;0;0;0;0;0;0,94;0,996065;0,99475;0,974675;0,8
429;0;0;0;0;0;0;0;0;0;0,967375;1;0,9973775;0,9964125;0,8
430;0;0;0;0;0;0;0;0;0;0,9993875;1;1;1;0,8
431;0;0;0;0;0;0;0;0;0;1;1;1;1;0,8
432;0;0;0;0;0;0;0;0;0;1;1;1;1;0,8
433;0;0;0;0;0;0;0;0;0;0,9791625;0,99772;0,98625;0,9796875;0,8
434;0;0;0;0;0;0;0;0;0;0,8276875;0,87275;0,8276875;0,7747925;0,8
435;0;0;0;0;0;0;0;0;0;0,76721;0,7798825;0,76721;0,598525;0,8
436;0;0;0;0;0;0;0;0;0;0,8939225;0,948885;0,9198425;0,85975;0,8
437;0;0;0;0;0;0;0;0;0;0,8968025;0,940365;0,94;0,78526;0,8
438;0;0;0;0;0;0;0;0;0;0,94;0,990735;0,9774125;0,948885;0,8
439;0;0;0;0;0;0;0;0;0;0,94;0,99475;0,9682875;0,94;0,8
440;0;0;0;0;0;0;0;0;0;0,9417025;0,99475;0,99475;0,9417025;0,8
441;0;0,055160775;0,001697436;0,005799728;0;0,0509385;0;0,005342075;0;0,9930475;0,99869;0,9973775;0,9930475;0,8
442;0,00688446;0,107947366;0,008869408;0,022709337;0,006512775;0,1021965;0,0071633;0,0220335;0;0,995625;1;1;0,995975;0,8
443;0,02134984;0,138779013;0,016726754;0,028259053;0,0206965;0,1333625;0,01607005;0,02774775;0;1;1;1;1;0,8
444;0,025653446;0,15062104;0,016961235;0,030568705;0,025134675;0,1447475;0,016383425;0,03006725;0;1;1;1;1;0,8
445;0,353072014;0,132994287;0,394733408;0,362282211;0,3145975;0,12826;0,3505325;0,324925;0,000172527;1;1;1;0,9979025;0,8
446;0,297143842;0,094886223;0,331918658;0,253881198;0,2594525;0,09191125;0,28874;0,22325;0,000188226;0,996065;1;0,99869;0,99475;0,8
447;0,173416579;0,036964555;0,169654725;0,144998365;0,1441875;0,035979;0,145113;0,12319675;1,17E-05;0,9883625;0,9958875;0,99475;0,9609875;0,8
448;0,003753523;0,000781913;0,005497537;0,00098878;0,0029172;0,000768923;0,0048474;0,00076957;0;0,9473;0,99475;0,9774125;0,94;0,8
449;0;0;0;0;0;0;0;0;0;0,99475;0,998075;0,9965875;0,9838;0,8
450;0;0;0;0;0;0;0;0;0;0,9950725;0,998425;0,995975;0,99475;0,8
451;0;0;0;0;0;0;0;0;0;0,9999425;1;1;0,9993875;0,8
452;0;0;0;0;0;0;0;0;0;1;1;1;1;0,8
453;0;0;0;0;0;0;0;0;0;0,9982525;1;1;0,99615;0,8
454;0;0;0;0;0;0;0;0;0;1;1;1;1;0,8
455;0;0;0;0;0;0;0;0;0;1;1;1;0,99979;0,8
456;0;0;0;0;0;0;0;0;0;0,995975;0,99764;0,997025;0,988485;0,8
457;0;0;0;0;0;0;0;0;0;0,990735;0,9941425;0,99475;0,94;0,8
458;0;0;0;0;0;0;0;0;0;0,8942875;0,9087875;0,9127425;0,7837625;0,8
459;0;0;0;0;0;0;0;0;0;0,732785;0,5809825;0,65705;0,488425;0,8
460;0;0;0;0;0;0;0;0;0;0,56066;0,350875;0,499345;0,3105475;0,8
461;0;0;0;0;0;0;0;0;0;0,5567575;0,3710375;0,52443;0,303825;0,8
462;0;0;0;0;0;0;0;0;0;0,40013;0,24372;0,303825;0,2165325;0,8
463;0;0;0;0;0;0;0;0;0;0,53679;0,351925;0,4852025;0,322295;0,8
464;0;0;0,020124582;0;0;0;0,01898225;0;0;0,7658325;0,68954;0,7589475;0,57295;0,8
465;0;0,144163547;0,167043147;0;0;0,1260325;0,1483365;0;0;0,6260675;0,47908;0,6088525;0,451965;0,8
466;0,004365104;0,241097684;0,254897329;0,003753547;0,0040393;0,2114075;0,2246425;0,003434853;0;0,56066;0,39344;0,5483975;0,39344;0,8
467;0,010733865;0,299650461;0,499558698;0,009524404;0,01015705;0,2641775;0,43491;0,008961775;0;0,4636725;0,3598325;0,394555;0,2968025;0,8
468;0,011553079;0,308335737;0,356274513;0,011756426;0,011051875;0,2722175;0,318755;0,011225875;0;0,5809875;0,43872;0,5256075;0,419915;0,8
469;0,01033324;0,297981789;0,10143979;0,010330687;0,009846975;0,26176725;0,095073;0,0098466;0;0,84186;0,858745;0,8673175;0,7317275;0,8
470;0,006198547;0,233809228;0,142354255;0,005854604;0,0057546;0,20494275;0,13555475;0,0054398;0;0,94;0,974675;0,9409125;0,94;0,8
471;0,001530494;0,092984467;0,125173686;0,001550768;0,001347487;0,08090975;0,11546;0,00136481;0;0,9839225;0,9963275;0,992975;0,967375;0,8
472;0;0,001278457;0,003892747;0;0;0,001087035;0,003484775;0;0;0,99979;1;1;0,9986;0,8
473;0;0;0;0;0;0;0;0;0;0,996025;0,99869;0,99825;0,986325;0,8
474;0;0;0;0;0;0;0;0;0;0,8707425;0,85923;0,875305;0,74156;0,8
475;0;0;0;0;0;0;0;0;0;0,5882;0,4498675;0,54082;0,42967;0,8
476;0;0;0;0;0;0;0;0;0;0,56066;0,39344;0,5483975;0,39344;0,8
477;0;0;0;0;0;0;0;0;0;0,4449975;0,3245275;0,3609475;0,283785;0,8
478;0;0;0;0;0;0;0;0;0;0,212215;0,12471075;0,16322075;0,1076545;0,8
479;0;0;0;0;0;0;0;0;0;0,122025;0,07540975;0,08459;0,040882;0,8
480;0;0;0;0;0;0;0;0;0;0,1808425;0,11840525;0,16076;0,09920325;0,8
481;0;0;0;0;0;0;0;0;0;0,3441525;0,265045;0,2769425;0,2318275;0,8
482;0;0;0;0;0;0;0;0;0;0,42967;0,4018025;0,4018025;0,3441525;0,8
483;0;0;0;0;0;0;0;0;0;0,6742625;0,680705;0,6680325;0,579015;0,8
484;0;0;0;0;0;0;0;0;0;0,8939225;0,956185;0,8939225;0,865125;0,8
485;0;0;0;0;0;0;0;0;0;0,94;0,94;0,94;0,8334475;0,8
486;0;0;0;0;0;0;0;0;0;0,94;0,9417025;0,94;0,81041;0,8
487;0;0;0;0;0;0;0;0;0;0,9546;0,9938375;0,9582675;0,952775;0,8
488;0;0;0;0;0;0;0;0;0;0,9989525;1;0,999545;0,9988625;0,8
489;0,019545026;0,024026696;0,107228369;0,017358947;0,0191047;0,0235375;0,0962665;0,01694145;0;1;1;1;1;0,8
490;0,041386895;0,095886221;0,207938084;0,038742304;0,0408275;0,09163125;0,19042275;0,03818525;0;0,9986875;1;1;0,9995625;0,8
491;0,059450921;0,200666965;0,259602355;0,060298259;0,059058;0,187172;0,2395225;0,0598395;0;1;1;1;1;0,8
492;0,067422257;0,321959605;0,274601132;0,066925267;0,06712125;0,290365;0,26002;0,0666175;0;1;1;1;1;0,8
493;0,06212826;0,317808395;0,226936855;0,061293683;0,061857;0,2796225;0,21521;0,06101425;0;1;1;1;1;0,8
494;0,04356315;0,368824461;0,17865977;0,039441316;0,04327175;0,3199175;0,16615675;0,03913875;0;1;1;1;1;0,8
495;0,02073703;0,21224629;0,072796678;0,023007193;0,0204365;0,176046;0,06768175;0,02266025;0;1;1;1;1;0,8
496;0,000959014;0,012058735;0,001678115;0,001894582;0,000932915;0,00931131;0,00155376;0,001852485;0;1;1;1;1;0,8
497;0;0;0;0;0;0;0;0;0;1;1;1;1;0,8
498;0;0;0;0;0;0;0;0;0;1;1;1;1;0,8
499;0;0;0;0;0;0;0;0;0;1;1;1;1;0,8
500;0;0;0;0;0;0;0;0;0;1;1;1;1;0,8
501;0;0;0;0;0;0;0;0;0;1;1;1;1;0,8
502;0;0;0;0;0;0;0;0;0;1;1;1;1;0,8
503;0;0;0;0;0;0;0;0;0;1;1;1;1;0,8
504;0;0;0;0;0;0;0;0;0;1;1;1;1;0,8
505;0;0;0;0;0;0;0;0;0;1;1;1;1;0,8
506;0;0;0;0;0;0;0;0;0;1;1;1;1;0,8
507;0;0;0;0;0;0;0;0;0;1;1;1;0,9979025;0,8
508;0;0;0;0;0;0;0;0;0;1;1;1;0,99475;0,8
509;0;0;0;0;0;0;0;0;0;0,9951675;0,979515;0,98803;0,94335;0,8
510;0;0;0;0;0;0;0;0;0;0,6594975;0,421465;0,543345;0,36253;0,8
511;0;0;0;0;0;0;0;0;0;0,3892575;0,204635;0,3102075;0,1565675;0,8
512;0;0;0;0;0;0;0;0;0;0,212215;0,1039135;0,12965675;0,0899025;0,8
513;0;0,020920271;0,022379383;0;0;0,020427675;0,021865225;0;0;0,2471225;0,08459;0,122025;0,08459;0,8
514;0,003822798;0,048181251;0,047257342;0,003650657;0,00349467;0,0475225;0,046536;0,003338833;0;0,170645;0,082754;0,08459;0,07081975;0,8
515;0,010057656;0,074618732;0,064118866;0,010283155;0,00948565;0,0741165;0,06347275;0,009714025;0;0,09425;0,03976;0,05398925;0,02319675;0,8
516;0,012966513;0,101484817;0,071095259;0,011938342;0,0124425;0,10126075;0,07050425;0,011437475;0;0,08459;0,038689;0,038689;0,012131;0,8
517;0,011738968;0,101466517;0,065148241;0,011400659;0,01126375;0,10060375;0,06460225;0,010921;0;0,05628425;0,038689;0,038689;0,012131;0,8
518;0,006936495;0,074135949;0,048287199;0,007075093;0,006525025;0,07312325;0,04778225;0,006660225;0;0,05398925;0,0245245;0,038995;0,01611475;0,8
519;0,001773383;0,039357039;0,024429296;0,001887999;0,001594925;0,0389665;0,02400625;0,001698982;0;0,1413505;0,10942625;0,112622;0,07081975;0,8
520;0;0,003145012;0,001565425;0;0;0,003102988;0,001524668;0;0;0,2553375;0,16736;0,18424;0,1068205;0,8
521;0;0;0;0;0;0;0;0;0;0,5288325;0,4631225;0,46976;0,3970325;0,8
522;0;0;0;0;0;0;0;0;0;0,853415;0,907855;0,84716;0,7805525;0,8
523;0;0;0;0;0;0;0;0;0;0,7054375;0,6435125;0,66049;0,5659025;0,8
524;0;0;0;0;0;0;0;0;0;0,7190125;0,6501625;0,69836;0,5578725;0,8
525;0;0;0;0;0;0;0;0;0;0,443605;0,383225;0,44082;0,33235;0,8
526;0;0;0;0;0;0;0;0;0;0,39344;0,39344;0,39344;0,32847;0,8
527;0;0;0;0;0;0;0;0;0;0,39344;0,34415;0,39344;0,2632;0,8
528;0;0;0;0;0;0;0;0;0;0,4208625;0,3798475;0,4626675;0,362375;0,8
529;0;0;0;0;0;0;0;0;0;0,216955;0,1617835;0,2129275;0,1350455;0,8
530;0;0;0;0;0;0;0;0;0;0,0570895;0,032929;0,04939925;0,0211365;0,8
531;0;0;0;0;0;0;0;0;0;0,07540975;0,038689;0,038689;0,03337725;0,8
532;0;0;0;0;0;0;0;0;0;0,0662295;0,038689;0,038689;0,038689;0,8
533;0;0;0;0;0;0;0;0;0;0,083162;0,038689;0,038689;0,038689;0,8
534;0;0;0;0;0;0;0;0;0;0,040117;0,0320495;0,03786275;0,0187705;0,8
535;0;0;0;0;0;0;0;0;0;0,0320495;0,012131;0,01295725;0,012131;0,8
536;0;0;0;0;0;0;0;0;0;0,038689;0,02541;0,0320495;0,012131;0,8
537;0,027368373;0;0;0,027670322;0,026962;0;0;0,02726975;0;0,038689;0,038689;0,038689;0,015672;0,8
538;0,057401321;0,005180128;0,006789565;0,054357742;0,05693775;0,00482388;0,00642625;0,053877;0;0,07459375;0,046339;0,046339;0,038689;0,8
539;0,074064675;0,011084407;0,013822038;0,075665925;0,07377025;0,010502025;0,013213;0,07537175;0;0,0329855;0,02054075;0,021426;0,015672;0,8
540;0,081819541;0,013446647;0,016347197;0,08334133;0,08163025;0,01289675;0,01577075;0,08317525;0;0,038689;0,02673775;0,0320495;0,012131;0,8
541;0,076634862;0,012217417;0,015363091;0,076553716;0,07646325;0,01171725;0,01482225;0,07640525;0;0,038689;0,038689;0,038689;0,012131;0,8
542;0,057375557;0,008051856;0,010426907;0,053586494;0,05715175;0,0076058;0,009954075;0,05335475;0;0,03839375;0,015672;0,0320495;0,012131;0,8
543;0,027863436;0,002326855;0,003469427;0,025787517;0,02758675;0,002146917;0,00326801;0,02553145;0;0,013754;0,006557377;0,012131;0,006557377;0,8
544;0,001622931;0;0;0,001198385;0,001592563;0;0;0,001174145;0;0,01168525;0,00098361;0,010273275;0,00098361;0,8
545;0;0;0;0;0;0;0;0;0;0,001213105;0,00037705;0,000540985;0,00037705;0,8
546;0;0;0;0;0;0;0;0;0;3,06E-05;0;0;0;0,8
547;0;0;0;0;0;0;0;0;0;0;0;0;0;0,8
548;0;0;0;0;0;0;0;0;0;0;0;0;0;0,8
549;0;0;0;0;0;0;0;0;0;0;0;0;0;0,8
550;0;0;0;0;0;0;0;0;0;0;0;0;0;0,8
551;0;0;0;0;0;0;0;0;0;0;0;0;0;0,8
552;0;0;0;0;0;0;0;0;0;0;0;0;0;0,8
553;0;0;0;0;0;0;0;0;0;0;0;0;0;0,8
554;0;0;0;0;0;0;0;0;0;0;0;0;0;0,8
555;0;0;0;0;0;0;0;0;0;0;0;0;0;0,8
556;0;0;0;0;0;0;0;0;0;0;0;0;0;0,8
557;0;0;0;0;0;0;0;0;0;0;0;0;0;0,8
558;0;0;0;0;0;0;0;0;0;0;0;0;0;0,8
559;0;0;0;0;0;0;0;0;0;0;0,000540985;0;0,000540985;0,8
560;0;0;0;0,003482784;0;0;0;0,002915825;0;0,0007541;0,00098361;0,0007541;0,00098361;0,8
561;0,24762645;0,016916954;0,017081148;0,233979948;0,218478;0,016415275;0,01654;0,206825;0;0;0,000131148;0;0,000131148;0,8
562;0,333806448;0,038273246;0,037529448;0,366026487;0,29237;0,03756875;0,0367525;0,3190175;7,29E-05;0;0;0;0;0,8
563;0,561415105;0,054233013;0,052138385;0,559423776;0,492935;0,0536165;0,05141975;0,497915;0,00020886;0;0;0;0;0,8
564;0,565067882;0,059706158;0,057630793;0,567384277;0,519925;0,059137;0,05694475;0,5352875;0,000213923;0;0;0;0;0,8
565;0,313161158;0,054591548;0,053638745;0,307237737;0,2947775;0,0540665;0,053001;0,29333;0,000325277;0;0;0;0;0,8
566;0,340165698;0,040081575;0,040448297;0,320466711;0,3027925;0,039604;0,039884;0,2845775;0,000263635;0;0;0;0;0,8
567;0,118661294;0,020139872;0,021054632;0,127065087;0,10321975;0,019752475;0,020624025;0,110496825;6,82E-05;0,000868855;0,000868855;0,000868855;0,000868855;0,8
568;0,003066661;0,001268937;0,001670838;0,001681958;0,002722678;0,001228563;0,001616708;0,00151592;0;0,00098361;0,00098361;0,00098361;0,00098361;0,8
569;0;0;0;0;0;0;0;0;0;0,00098361;0,00098361;0,00098361;0,00098361;0,8
570;0;0;0;0;0;0;0;0;0;0,000262295;0,00098361;0,00098361;0,00098361;0,8
571;0;0;0;0;0;0;0;0;0;0,00098361;0,00098361;0,00098361;0,00098361;0,8
572;0;0;0;0;0;0;0;0;0;0,00098361;0,007114803;0,00098361;0,007114803;0,8
573;0;0;0;0;0;0;0;0;0;0,00414208;0,01257375;0,0108305;0,012131;0,8
574;0;0;0;0;0;0;0;0;0;0,012131;0,037361;0,02812475;0,02812475;0,8
575;0;0;0;0;0;0;0;0;0;0,012131;0,0320495;0,01295725;0,01295725;0,8
576;0;0;0;0;0;0;0;0;0;0,012131;0,03851175;0,027623;0,02718025;0,8
577;0;0;0;0;0;0;0;0;0;0,005628377;0,009248053;0,007114803;0,007300553;0,8
578;0;0;0;0;0;0;0;0;0;0,00098361;0,008043725;0,008043725;0,008043725;0,8
579;0;0;0;0;0;0;0;0;0;0,00098361;0,00098361;0,00098361;0,00098361;0,8
580;0;0;0;0;0;0;0;0;0;0,00098361;0,00098361;0,00098361;0,00098361;0,8
581;0;0;0;0;0;0;0;0;0;0,00414208;0,008043653;0,008043653;0,008043653;0,8
582;0;0;0;0;0;0;0;0;0;0,012131;0,03337725;0,02496725;0,02452475;0,8
583;0;0;0;0;0;0;0;0;0;0,012131;0,038689;0,0320495;0,03160675;0,8
584;0;0;0;0;0;0;0;0;0;0,012131;0,015672;0,012131;0,012131;0,8
585;0,045493776;0,164353745;0,004394432;0,036344041;0,045034475;0,14875175;0,0039265;0,0359445;0;0,012131;0,01877025;0,012131;0,012131;0,8
586;0,081836878;0,207432427;0,057342087;0,070960176;0,0813305;0,189377;0,05633475;0,07055525;0;0,002469958;0,003956355;0,003398905;0,003956355;0,8
587;0,147792485;0,326599618;0,134384605;0,143508841;0,1465195;0,2926975;0,1334425;0,1427735;0;0,00098361;0,004142078;0,004327777;0,004142078;0,8
588;0,155713978;0,399898342;0,315525711;0,150478974;0,1548845;0,3628;0,322625;0,1503775;0;0,00098361;0,00098361;0,00098361;0,00098361;0,8
589;0,327740961;0,381778934;0,343799211;0,317187158;0,312015;0,3401325;0,3455625;0,30188;0,000104009;0,00098361;0,00098361;0,00098361;0,00098361;0,8
590;0,234074818;0,208174299;0,496878711;0,226414342;0,21709525;0,1827235;0,45615;0,2063275;0,000172631;0,00098361;0,00098361;0,00098361;0,00098361;0,8
591;0,182032749;0,099368278;0,281177092;0,177449803;0,16611525;0,0901895;0,24337;0,158995;0,000106502;0,00098361;0,00098361;0,00098361;0,00098361;0,8
592;0,004844516;0,001871464;0,037622462;0,003613795;0,0043933;0,001701198;0,032874768;0,003278142;0;0,006371653;0,00990165;0,0108305;0,00990165;0,8
593;0;0;0;0;0;0;0;0;0;0,012131;0,012131;0,012131;0,012131;0,8
594;0;0;0;0;0;0;0;0;0;0,012131;0,012131;0,012131;0,012131;0,8
595;0;0;0;0;0;0;0;0;0;0,00377053;0,008043725;0,0076721;0,008043725;0,8
596;0;0;0;0;0;0;0;0;0;0,008043653;0,012131;0,012131;0,012131;0,8
597;0;0;0;0;0;0;0;0;0;0,012131;0,012131;0,012131;0,012131;0,8
598;0;0;0;0;0;0;0;0;0;0,002469958;0,003956305;0,006743153;0,003956305;0,8
599;0;0;0;0;0;0;0;0;0;0,008043725;0,01131355;0,01178425;0,01131355;0,8
600;0;0;0;0;0;0;0;0;0;0,00098361;0,001057933;0,001330433;0,001057933;0,8
601;0;0;0;0;0;0;0;0;0;0,001429508;0,002110758;0,001801107;0,002110758;0,8
602;0;0;0;0;0;0;0;0;0;0,011871;0,0293815;0,023565;0,023627;0,8
603;0;0;0;0;0;0;0;0;0;0,02054075;0,038689;0,03806925;0,03600375;0,8
604;0;0;0;0;0;0;0;0;0;0,005814178;0,010841552;0,008362803;0,007330053;0,8
605;0;0;0;0;0;0;0;0;0;0,00098361;0,00098361;0,00098361;0,00098361;0,8
606;0;0;0;0;0;0;0;0;0;0,006557377;0,007114803;0,007114803;0,007114803;0,8
607;0;0;0;0;0;0;0;0;0;0,012131;0,012131;0,012131;0,012131;0,8
608;0;0;0;0;0;0;0;0;0;0,005256878;0,012131;0,012131;0,012131;0,8
609;0,154099966;0,067457894;0,14549102;0,155515327;0,13891525;0,0634495;0,12898725;0,14067675;1,09E-06;0,012131;0,02541;0,01443275;0,01295725;0,8
610;0,319012342;0,111130362;0,298097369;0,313640329;0,28129075;0,106109;0,261515;0,2797775;0,000104517;0,0355905;0,038689;0,03860025;0,03786275;0,8
611;0,337134158;0,261302329;0,314788895;0,291933158;0,3105925;0,2472175;0,30025;0,274115;0,000183284;0,038689;0,0547945;0,04557425;0,04710425;0,8
612;0,300276513;0,274974355;0,355778487;0,269631237;0,2973175;0,2629025;0,36447;0,27062;0,000328723;0,07693975;0,200095;0,13531275;0,152755;0,8
613;0,495041487;0,484942776;0,295752079;0,506182816;0,4828275;0,44496;0,30376;0,493365;0,000381931;0,07693975;0,13421775;0,10560275;0,103189;0,8
614;0,441147987;0,340738776;0,187928961;0,450936079;0,398565;0,2961125;0,1822475;0,40742;0,000272879;0,10874275;0,22333;0,1735625;0,1864425;0,8
615;0,289323;0,250582382;0,120220164;0,228201;0,24795;0,215195;0,1107055;0,1957625;0,000123307;0,08459;0,204635;0,15705;0,15705;0,8
616;0,035495311;0,008404553;0,002497709;0,026595318;0,031128525;0,007377725;0,002259558;0,0232133;0;0,09425;0,172345;0,1602225;0,16328;0,8
617;0;0;0;0;0;0;0;0;0;0,24635;0,39213;0,323055;0,355445;0,8
618;0;0;0;0;0;0;0;0;0;0,39344;0,7121275;0,54115;0,58801;0,8
619;0;0;0;0;0;0;0;0;0;0,39344;0,5882;0,47705;0,48541;0,8
620;0;0;0;0;0;0;0;0;0;0,3575925;0,5483975;0,39344;0,39344;0,8
621;0;0;0;0;0;0;0;0;0;0,235225;0,36319;0,33037;0,3482925;0,8
622;0;0;0;0;0;0;0;0;0;0,1068105;0,1791425;0,145357;0,14173325;0,8
623;0;0;0;0;0;0;0;0;0;0,151735;0,2318275;0,22333;0,202935;0,8
624;0;0;0;0;0;0;0;0;0;0,1808425;0,3038275;0,26574;0,288145;0,8
625;0;0;0;0;0;0;0;0;0;0,3441525;0,53279;0,480385;0,502135;0,8
626;0;0;0;0;0;0;0;0;0;0,3952975;0,5732825;0,515575;0,527215;0,8
627;0;0;0;0;0;0;0;0;0;0,65027;0,8931675;0,8381025;0,774295;0,8
628;0;0;0;0;0;0;0;0;0;0,850725;0,9963275;0,9774125;0,96555;0,8
629;0;0;0;0;0;0;0;0;0;0,96555;1;0,9973775;0,9986;0,8
630;0;0;0;0;0;0;0;0;0;0,994915;1;1;1;0,8
631;0;0;0;0;0;0;0;0;0;0,9998375;1;1;1;0,8
632;0;0;0,011477866;0;0;0;0,010858933;0;0;0,9972025;1;1;1;0,8
633;0,008872322;0,222367394;0,26092429;0,009817926;0,008426325;0,19601575;0,2303575;0,009397525;0;1;1;1;1;0,8
634;0,025214992;0,400273974;0,443189882;0,024121567;0,024578;0,3418175;0,37581;0,0235;0;1;1;1;1;0,8
635;0,037849698;0,494254106;0,539303408;0,035826584;0,03732475;0,4310375;0,5215575;0,03529225;0;1;1;1;1;0,8
636;0,039005246;0,528802579;0,576286263;0,039201731;0,03854925;0,5017775;0,6221975;0,03873025;0;1;1;1;1;0,8
637;0,034090733;0,506243013;0,533394434;0,035670552;0,0336475;0,47953;0,571945;0,035222;0;1;1;1;1;0,8
638;0,024502978;0,360112697;0,428684724;0,025400882;0,024079;0,314285;0,4097075;0,02498225;0;1;1;1;1;0,8
639;0,014734799;0,214541013;0,274018421;0,011804752;0,014337975;0,1828;0,2326675;0,01145645;0;1;1;1;1;0,8
640;0,001796899;0,009138302;0,023558794;0,000936765;0,001727935;0,00803435;0,020722525;0,000881572;0;1;1;1;1;0,8
641;0;0;0;0;0;0;0;0;0;1;1;1;1;0,8
642;0;0;0;0;0;0;0;0;0;1;0,7333325;1;1;0,8
643;0;0;0;0;0;0;0;0;0;1;1;1;1;0,8
644;0;0;0;0;0;0;0;0;0;1;1;1;1;0,8
645;0;0;0;0;0;0;0;0;0;1;1;1;1;0,8
646;0;0;0;0;0;0;0;0;0;1;1;1;1;0,8
647;0;0;0;0;0;0;0;0;0;1;1;1;1;0,8
648;0;0;0;0;0;0;0;0;0;1;1;1;1;0,8
649;0;0;0;0;0;0;0;0;0;1;1;1;1;0,8
650;0;0;0;0;0;0;0;0;0;1;1;1;1;0,8
651;0;0;0;0;0;0;0;0;0;1;1;1;1;0,8
652;0;0;0;0;0;0;0;0;0;1;1;1;1;0,8
653;0;0;0;0;0;0;0;0;0;1;0,766665;0,8;1;0,8
654;0;0;0;0;0;0;0;0;0;1;1;1;1;0,8
655;0;0;0;0;0;0;0;0;0;1;1;1;1;0,8
656;0,011589751;0;0;0,01289967;0,010943218;0;0;0,01243565;0;1;1;1;1;0,8
657;0,249757678;0;0;0,238081074;0,22211525;0;0;0,212076;5,68E-05;1;1;1;1;0,8
658;0,390266763;0,018003901;0,006312416;0,417261671;0,3373425;0,0175513;0,005954075;0,3576;0,000303394;0,997725;0,99772;0,997725;0,979425;0,8
659;0,486060039;0,017719529;0,013745226;0,5080995;0,4567325;0,017218675;0,013139575;0,48501;0,000385531;0,9500375;0,9159475;0,9473;0,79889;0,8
660;0,551121355;0,014103954;0,016411247;0,564757263;0,5807375;0,013588775;0,01583525;0,6019425;0,000412698;0,95095;0,9388475;0,94;0,76721;0,8
661;0,540671092;0,454215632;0,34890154;0,493365592;0,5667325;0,43365;0,3616925;0,51655;0,000369032;0,9112025;0,755785;0,8202;0,5999;0,8
662;0,458309053;0,412361605;0,282985421;0,42054604;0,42756;0,3718075;0,2756375;0,3914625;0,000292848;0,94;0,9083225;0,9359675;0,7520625;0,8
663;0,279527684;0,262515908;0,173232135;0,256566;0,238595;0,224575;0,1526395;0,2196225;0,000158694;0,9330875;0,9054425;0,9198425;0,746325;0,8
664;0,026397413;0,027165982;0,011718877;0,014555464;0,023313513;0,023882863;0,010366908;0,01283395;0;0,7368175;0,5754075;0,7224575;0,488425;0,8
665;0;0;0;0;0;0;0;0;0;0,56066;0,3060675;0,44082;0,2769425;0,8
666;0;0;0;0;0;0;0;0;0;0,62951;0,3849175;0,5352475;0,33848;0,8
667;0;0;0;0;0;0;0;0;0;0,9025625;0,8399025;0,8881625;0,7012425;0,8
668;0;0;0;0;0;0;0;0;0;0,85294;0,7409225;0,8490375;0,62293;0,8
669;0;0;0;0;0;0;0;0;0;0,466755;0,2943475;0,42858;0,2577375;0,8
670;0;0;0;0;0;0;0;0;0;0,54115;0,31503;0,39344;0,27918;0,8
671;0;0;0;0;0;0;0;0;0;0,415735;0,2420225;0,2836625;0,208375;0,8
672;0;0;0;0;0;0;0;0;0;0,42967;0,3038275;0,359235;0,287805;0,8
673;0;0;0;0;0;0;0;0;0;0,6742625;0,53279;0,6680325;0,502135;0,8
674;0;0;0;0;0;0;0;0;0;0,7018025;0,5654775;0,6329525;0,5244275;0,8
675;0;0;0;0;0;0;0;0;0;0,79889;0,833825;0,8420875;0,69262;0,8
676;0;0;0;0;0;0;0;0;0;0,732785;0,6742625;0,732785;0,5665925;0,8
677;0;0;0;0;0;0;0;0;0;0,54115;0,419915;0,48541;0,361495;0,8
678;0;0;0;0;0;0;0;0;0;0,42131;0,27679;0,3732775;0,25902;0,8
679;0;0;0;0;0;0;0;0;0;0,5882;0,4852625;0,5216425;0,4139875;0,8
680;0;0;0;0;0;0;0;0;0;0,76721;0,56066;0,7431125;0,56066;0,8
681;0;0,12705979;0,089232004;0;0;0,11456325;0,08396525;0;0;0,6398375;0,5483975;0,5882;0,471475;0,8
682;0,010871428;0,171512175;0,126308527;0,00732635;0,01048105;0,158316;0,1205775;0,006976875;0;0,518855;0,3903725;0,47705;0,3575925;0,8
683;0,015023578;0,238955139;0,29574004;0,014754857;0,0145135;0,23249075;0,300325;0,01420275;0;0,3665575;0,246205;0,329575;0,22503;0,8
684;0,026225827;0,451453776;0,306163816;0,015250883;0,02566575;0,4676;0,31715;0,01475985;0;0,1808425;0,10270425;0,12342575;0,08659975;0,8
685;0,274023237;0,452156881;0,585997303;0,315947092;0,28089;0,459445;0,619875;0,3248975;9,00E-05;0,2165325;0,11961325;0,1534275;0,08459;0,8
686;0,234324276;0,348533132;0,453151342;0,248607908;0,22948;0,32162;0,436535;0,242025;1,89E-05;0,242025;0,13772825;0,15705;0,08459;0,8
687;0,165111509;0,271733329;0,317736158;0,15155145;0,149363;0,234115;0,272765;0,13613125;0;0,148595;0,08459;0,10029025;0,0616395;0,8
688;0,01096707;0,042753175;0,018112589;0,007364202;0,00979954;0,037686458;0,016000535;0,0067043;0;0,105233;0,0890175;0,097873;0,05568;0,8
689;0;0;0;0;0;0;0;0;0;0,3204;0,2276225;0,2386225;0,2187325;0,8
690;0;0;0;0;0;0;0;0;0;0,2926225;0,2114325;0,2471225;0,19104;0,8
691;0;0;0;0;0;0;0;0;0;0,2515425;0,15705;0,15705;0,151735;0,8
692;0;0;0;0;0;0;0;0;0;0,15773;0,1049585;0,15705;0,085073;0,8
693;0;0;0;0;0;0;0;0;0;0,18424;0,17009;0,1825425;0,140333;0,8
694;0;0;0;0;0;0;0;0;0;0,4407125;0,3983925;0,4178675;0,3691925;0,8
695;0;0;0;0;0;0;0;0;0;0,80071;0,873345;0,8414475;0,7668925;0,8
696;0;0;0;0;0;0;0;0;0;0,9828875;0,9993875;0,997295;0,99438;0,8
697;0;0;0;0;0;0;0;0;0;0,989215;0,9988625;0,9983375;0,9890625;0,8
698;0;0;0;0;0;0;0;0;0;0,9026225;0,9555125;0,952775;0,8334475;0,8
699;0;0;0;0;0;0;0;0;0;0,92253;0,9500375;0,9330875;0,8593675;0,8
700;0;0;0;0;0;0;0;0;0;0,6760375;0,700565;0,7075175;0,5857375;0,8
701;0;0;0;0;0;0;0;0;0;0,33869;0,277285;0,30455;0,232135;0,8
702;0;0;0;0;0;0;0;0;0;0,301585;0,25494;0,25902;0,1910375;0,8
703;0;0;0;0;0;0;0;0;0;0,2199325;0,15943;0,20271;0,126858;0,8
704;0;0;0;0;0;0;0;0;0;0,28142;0,2318275;0,2558475;0,1774425;0,8
705;0;0,126671878;0,024373144;0;0;0,11410725;0,02383505;0;0;0,242025;0,170645;0,1825425;0,148595;0,8
706;0,005723542;0,236977295;0,097388507;0,007625032;0,00539615;0,215534;0,095601;0,007262478;0;0,134103;0,090884;0,09692425;0,07005475;0,8
707;0,012887005;0,304957461;0,078632452;0,014360925;0,012311575;0,294575;0,077686;0,0138115;0;0,05169425;0,02748625;0,03368325;0,02054075;0,8
708;0,015919315;0,309012355;0,05544587;0,017427836;0,01541135;0,31565;0,054935;0,01691645;0;0,02319675;0,0099017;0,01319325;0,0099017;0,8
709;0,309518013;0,291350447;0,324078553;0,296221618;0,321815;0,298;0,334835;0,307695;8,11E-05;0,038689;0,03160675;0,03806925;0,0209835;0,8
710;0,232756737;0,162737566;0,357442342;0,237334145;0,231;0,159835;0,348695;0,2389945;1,14E-05;0,038689;0,03337725;0,03786275;0,012131;0,8
711;0,144585652;0,071627404;0,335186171;0,136827896;0,132467;0,067096;0,30189;0,125582;0;0,02541;0,012131;0,01295725;0,012131;0,8
712;0,010845288;0,0028016;0,074879073;0,008351063;0,009678685;0,002615103;0,0668123;0,007521595;0;0,0355905;0,01295725;0,01443275;0,012131;0,8
713;0;0;0;0;0;0;0;0;0;0,038689;0,03786275;0,03860025;0,02541;0,8
714;0;0;0;0;0;0;0;0;0;0,08551475;0,05765275;0,05837725;0,04871475;0,8
715;0;0;0;0;0;0;0;0;0;0,223315;0,2218675;0,227785;0,2005925;0,8
716;0;0;0;0;0;0;0;0;0;0,139692;0,127614;0,131878;0,105716;0,8
717;0;0;0;0;0;0;0;0;0;0,21313;0,22387;0,22163;0,1959225;0,8
718;0;0;0;0;0;0;0;0;0;0,352215;0,383585;0,32847;0,344;0,8
719;0;0;0;0;0;0;0;0;0;0,27037;0,26411;0,262155;0,2359125;0,8
720;0;0;0;0;0;0;0;0;0;0,4978525;0,6137525;0,4939675;0,4954125;0,8
721;0;0;0;0;0;0;0;0;0;0,56066;0,6673775;0,56066;0,56066;0,8
722;0;0;0;0;0;0;0;0;0;0,54115;0,703485;0,638075;0,5437525;0,8
723;0;0;0;0;0;0;0;0;0;0,2993475;0,29265;0,30455;0,24958;0,8
724;0;0;0;0;0;0;0;0;0;0,28142;0,25902;0,25902;0,25868;0,8
725;0;0;0;0;0;0;0;0;0;0,2012375;0,18424;0,1995375;0,16533;0,8
726;0;0;0;0;0;0;0;0;0;0,15705;0,10270425;0,1087425;0,085073;0,8
727;0;0;0;0;0;0;0;0;0;0,15773;0,13048;0,13048;0,10149825;0,8
728;0;0,035611969;0,015675298;0,00597117;0;0,03484525;0,0150628;0,00550115;0;0,2515425;0,2471225;0,2318275;0,2318275;0,8
729;0,024805097;0,215682355;0,169634499;0,019399926;0,024383075;0,1943825;0,1521725;0,0187225;0;0,25902;0,25902;0,25902;0,2335275;0,8
730;0,063382291;0,364237421;0,228857392;0,043868953;0,0629005;0,313185;0,2130415;0,04333225;0;0,170645;0,170645;0,1825425;0,15705;0,8
731;0,083290765;0,526623434;0,278522629;0,0628605;0,08310775;0,5185475;0,277866;0,062455;0;0,134103;0,134103;0,1084365;0,092414;0,8
732;0,095865272;0,482968303;0,451393579;0,100642776;0,09591475;0,51865;0,474145;0,10065275;0;0,0541345;0,038694;0,03718575;0,02603825;0,8
733;0,083969068;0,412072658;0,448730447;0,101215374;0,0840135;0,4400575;0,477165;0,1015535;0;0,01319325;0,00302733;0,005814178;0,00302733;0,8
734;0,052439132;0,212848504;0,417615632;0,062126574;0,0522625;0,21685425;0,419935;0,06218525;0;0,012131;0,00098361;0,0108305;0,00098361;0,8
735;0,021211627;0,098601604;0,290823119;0,018081364;0,02096225;0,09026675;0,26121;0,017909175;0;0,012131;0,001949733;0,012131;0,001949733;0,8
736;0,004160907;0,004407473;0,06707605;0,001518402;0,004042262;0,00404149;0,054830025;0,001459673;0;0,02496725;0,02006125;0,01655725;0,01315625;0,8
737;0;0;0;0;0;0;0;0;0;0,05169425;0,0601095;0,04863425;0,04418925;0,8
738;0;0;0;0;0;0;0;0;0;0,10029025;0,10029025;0,09425;0,08628075;0,8
739;0;0;0;0;0;0;0;0;0;0,21313;0,22333;0,22163;0,19834;0,8
740;0;0;0;0;0;0;0;0;0;0,1670225;0,2386225;0,224225;0,22334;0,8
741;0;0;0;0;0;0;0;0;0;0,05978725;0,074481;0,063007;0,05918275;0,8
742;0;0;0;0;0;0;0;0;0;0,038689;0,038689;0,038689;0,038689;0,8
743;0;0;0;0;0;0;0;0;0;0,038689;0,038689;0,038689;0,02319675;0,8
744;0;0;0;0;0;0;0;0;0;0,0510745;0,06134425;0,04360125;0,041951;0,94
745;0;0;0;0;0;0;0;0;0;0,006888978;0,006113043;0,007699453;0,006814203;0,94
746;0;0;0;0;0;0;0;0;0;0,05631525;0,062122;0,05842075;0,05709275;0,94
747;0;0;0;0;0;0;0;0;0;0,0601095;0,07923475;0,05016425;0,044809;0,94
748;0;0;0;0;0;0;0;0;0;0,04863425;0,05117075;0,04557425;0,037186;0,94
749;0;0;0;0;0;0;0;0;0;0,1658575;0,20685;0,1930475;0,194935;0,94
750;0;0;0;0;0;0;0;0;0;0,15705;0,204635;0,1961375;0,170645;0,94
751;0;0;0;0;0;0;0;0;0;0,1425575;0,15705;0,1449725;0,0995625;0,94
752;0,011172848;0,011010917;0,089305204;0;0,0106374;0,010476325;0,0636738;0;0;0,1649925;0,2096525;0,1864325;0,158785;0,94
753;0,088106554;0,237596124;0,23657325;0,01673234;0,083589;0,21027625;0,1960975;0,0163736;0,000125218;0,05582575;0,064377;0,05837725;0,032296;0,94
754;0,125145995;0,418942382;0,244061562;0,036508981;0,1214555;0,3572325;0,23418525;0,035966;0,000185864;0,01292775;0,03072125;0,03027875;0,009715825;0,94
755;0,14700679;0,506004632;0,296715237;0,045280942;0,14779;0,4890375;0,298505;0,044826;9,70E-05;0,0376265;0,07005475;0,05398925;0,02718025;0,94
756;0,36722321;0,532216974;0,365436553;0,051574938;0,3807425;0,575105;0,3811675;0,05115925;0,00010343;0,038689;0,08459;0,038689;0,015672;0,94
757;0,410649592;0,509951171;0,407654171;0,044657538;0,4345525;0,551265;0,429165;0,0442835;0,000107715;0,04947975;0,0919175;0,0539485;0,0223935;0,94
758;0,326862079;0,396522474;0,408333197;0,032103738;0,33365;0,385735;0,4172975;0,031715;0;0,207505;0,299575;0,2261725;0,19036325;0,94
759;0,299436158;0,229722308;0,32664296;0,017715604;0,2715925;0,1946235;0,30254;0,0173565;0;0,25902;0,32847;0,25902;0,25902;0,94
760;0,066560904;0,024490481;0,097820001;0,001920987;0,059235325;0,021694575;0,079335225;0,001860447;0;0,2688775;0,3973425;0,3015875;0,27918;0,94
761;0;0;0;0;0;0;0;0;0;0,448285;0,644625;0,566395;0,5380325;0,94
762;0;0;0;0;0;0;0;0;0;0,719015;0,92733;0,8276875;0,8449675;0,94
763;0;0;0;0;0;0;0;0;0;0,5013125;0,79889;0,65705;0,568525;0,94
764;0;0;0;0;0;0;0;0;0;0,443605;0,76721;0,5882;0,4103475;0,94
765;0;0;0;0;0;0;0;0;0;0,56066;0,9035225;0,76721;0,584565;0,94
766;0;0;0;0;0;0;0;0;0;0,48541;0,7261325;0,598525;0,451965;0,94
767;0;0;0;0;0;0;0;0;0;0,3575925;0,51104;0,4439475;0,2523425;0,94
768;0;0;0;0;0;0;0;0;0;0,1433425;0,176513;0,1571075;0,0470295;0,94
769;0;0;0;0;0;0;0;0;0;0,0286575;0,04497275;0,03993975;0,004513705;0,94
770;0;0;0;0;0;0;0;0;0;0,005885225;0,011657975;0,01146;0,000637148;0,94
771;0;0;0;0;0;0;0;0;0;0,10088975;0,12115125;0,11758875;0,0385705;0,94
772;0;0;0;0;0;0;0;0;0;0,15705;0,1791425;0,15705;0,038689;0,94
773;0;0;0;0;0;0;0;0;0;0,15705;0,25902;0,22673;0,0639345;0,94
774;0;0;0;0;0;0;0;0;0;0,1774425;0,2836625;0,26574;0,10029025;0,94
775;0;0;0;0;0;0;0;0;0;0,4240425;0,6484475;0,5595675;0,37207;0,94
776;0,020656486;0,015548716;0,082931747;0;0,017179175;0,014928493;0,057946;0;0;0,8605575;0,99508;0,962005;0,9238175;0,94
777;0,055495232;0,262436447;0,257637514;0,015138916;0,05272775;0,23215;0,20768;0,014684375;0;0,79025;0,98924;0,9500375;0,819655;0,94
778;0,128552684;0,432330276;0,39181504;0,056085888;0,12712725;0,37722;0,3663725;0,0554965;0;0,8536075;0,9961525;0,9774125;0,8939225;0,94
779;0,096066091;0,512274789;0,461436908;0,111400046;0,0954825;0,502605;0,483145;0,11165625;0;0,94;0,9948375;0,9546;0,8157875;0,94
780;0,094045626;0,528296921;0,531492198;0,177582237;0,09422075;0,5701825;0,5699875;0,1803125;0;0,94;0,9997375;0,99475;0,934625;0,94
781;0,067695794;0,498978395;0,518280079;0,309000316;0,0676235;0,53862;0,558225;0,31946;0;0,94;0,9998775;0,990735;0,80559;0,94
782;0,061445621;0,409243382;0,407935895;0,351254053;0,06116225;0,4007675;0,43012;0,3432375;0;0,81905;0,99072;0,9485775;0,5966525;0,94
783;0,045053637;0,254875417;0,302857776;0,165768624;0,044777;0,2233115;0,2906125;0,15336375;0;0,9857625;0,9999425;0,999215;0,957085;0,94
784;0,006936909;0,028015157;0,095524122;0,023853015;0,006878338;0,0248568;0,077878075;0,021445275;0;0,88405;0,9861625;0,946125;0,67361;0,94
785;0;0;0;0;0;0;0;0;0;0,46118;0,6663175;0,590655;0,19486;0,94
786;0;0;0;0;0;0;0;0;0;0,5160675;0,663935;0,5882;0,22673;0,94
787;0;0;0;0;0;0;0;0;0;0,672405;0,8586975;0,7431125;0,34098;0,94
788;0;0;0;0;0;0;0;0;0;0,2856925;0,3962625;0,354645;0,08292625;0,94
789;0;0;0;0;0;0;0;0;0;0,1244425;0,18424;0,16839;0,0187705;0,94
790;0;0;0;0;0;0;0;0;0;0,0728195;0,11305;0,076134;0,009344225;0,94
791;0;0;0;0;0;0;0;0;0;0,006508105;0,010497178;0,009169378;0,00016393;0,94
792;0;0;0;0;0;0;0;0;0;0,003027328;0,003770503;0,003770503;0;0,94
793;0;0;0;0;0;0;0;0;0;0,000704928;0,000868855;0,000868855;0;0,94
794;0;0;0;0;0;0;0;0;0;0;0;0;0;0,94
795;0;0;0;0;0;0;0;0;0;0;0;0;0;0,94
796;0;0;0;0;0;0;0;0;0;0;0;0;0;0,94
797;0;0;0;0;0;0;0;0;0;0;0;0;0;0,94
798;0;0;0;0;0;0;0;0;0;0;0;0;0;0,94
799;0;0;0;0;0;0;0;0;0;0;0;0;0;0,94
800;0,093582829;0,076523858;0,001976448;0,012622642;0,071337;0,052286925;0;0,01211855;0;0,000540985;0,000737705;0,000737705;0,000278688;0,94
801;0,114368499;0,270074289;0,029461314;0,08506442;0,0965825;0,2134975;0,027310275;0,0819105;8,36E-05;0,003027328;0,0108305;0,0097779;0,00098361;0,94
802;0,180401881;0,394499842;0,058789954;0,198595934;0,17764;0,3516375;0,0580565;0,1969375;8,76E-05;0,000868855;0,00469958;0,001664858;0,000868855;0,94
803;0,374333724;0,514677869;0,079672903;0,267146289;0,38541;0,51539;0,07903925;0,2723275;5,59E-05;0;0,000786888;0,000131148;0;0,94
804;0,260447526;0,563656855;0,077164358;0,254035303;0,271105;0,60634;0,07662125;0,261035;4,11E-05;0;0;0;0;0,94
805;0,187324579;0,44040154;0,061414559;0,218615171;0,192665;0,471475;0,060875;0,2239675;0;0;0,00042623;0,00042623;0;0,94
806;0,037687406;0,359597408;0,042561466;0,194211158;0,03828225;0,36095;0,0420385;0,1958925;0;0;0,00016393;8,52E-05;1,64E-05;0,94
807;0,009179449;0,193934491;0,023883667;0,080164836;0,008825475;0,176587;0,0234405;0,078723;0;0,000943177;0,005999978;0,00302405;0,002420778;0,94
808;0,001493148;0,044551013;0,00622737;0,003206309;0,001370428;0,038042925;0,006064375;0,003056553;0;0,01131355;0,0355905;0,02408175;0,012131;0,94
809;0;0;0;0;0;0;0;0;0;0,00302733;0,015672;0,012131;0,005256805;0,94
810;0;0;0;0;0;0;0;0;0;0,00098361;0,00990165;0,01045905;0,00098361;0,94
811;0;0;0;0;0;0;0;0;0;0,00018032;0,00034426;0,000295083;0,00018032;0,94
812;0;0;0;0;0;0;0;0;0;0;0,000737705;0,000491803;0,000491803;0,94
813;0;0;0;0;0;0;0;0;0;0,000590173;0,00098361;0,000868855;0,000911477;0,94
814;0;0;0;0;0;0;0;0;0;0;0,000180328;6,55E-06;6,55E-06;0,94
815;0;0;0;0;0;0;0;0;0;0,000672125;0,006912533;0,005742045;0,003234968;0,94
816;0;0;0;0;0;0;0;0;0;0,006557377;0,0187705;0,01788525;0,012131;0,94
817;0;0;0;0;0;0;0;0;0;0,012131;0,038689;0,038689;0,012131;0,94
818;0;0;0;0;0;0;0;0;0;0,012131;0,038689;0,038689;0,012131;0,94
819;0;0;0;0;0;0;0;0;0;0,0358965;0,0677595;0,04333;0,0214935;0,94
820;0;0;0;0;0;0;0;0;0;0,081224;0,148595;0,13646925;0,111975;0,94
821;0;0;0;0;0;0;0;0;0;0,05322425;0,1039135;0,08889475;0,05245925;0,94
822;0;0;0;0;0;0;0;0;0;0,038689;0,0874885;0,04710425;0,038995;0,94
823;0;0;0;0;0;0;0;0;0;0,07923475;0,15536;0,12565;0,081224;0,94
824;0,0112362;0,038825352;0,07644394;0;0,010729025;0,029139025;0,05547665;0;0;0,082754;0,1541525;0,112365;0,079949;0,94
825;0,132930237;0,198010816;0,219234;0,015172506;0,12274275;0,16513;0,1817425;0,01476965;0;0,03976;0,0809255;0,04710425;0,02457575;0,94
826;0,12704775;0,36055575;0,535472448;0,038871849;0,1210445;0,334015;0,535755;0,03825975;0;0,0296785;0,06401775;0,05382725;0,02537325;0,94
827;0,119781446;0,279335053;0,500871;0,050073375;0,12031525;0,27753;0,531385;0,04959;0;0,2862225;0,4705975;0,36707;0,383245;0,94
828;0,132735198;0,220464434;0,144331137;0,048436248;0,13341;0,22685;0,1515;0,048006;0;0,264395;0,4324575;0,3060675;0,29729;0,94
829;0,117565701;0,145143079;0,022677866;0,041497658;0,11816025;0,14755;0,022878025;0,04106725;0;0,25902;0,39344;0,25902;0,25902;0,94
830;0,112859953;0,077918751;0,011263337;0,033434582;0,1133425;0,07827975;0,0107725;0,03299725;0;0,17866;0,3262275;0,25664;0,1597775;0,94
831;0,098654337;0,066747083;0,005685016;0,019794099;0,09645375;0,06583825;0,0053098;0,0194;0;0,0899025;0,170645;0,15026;0,05245925;0,94
832;0,04704304;0,003610951;0,000568632;0,00486166;0,04259775;0,0035246;0,000455863;0,004719235;0;0,13048;0,2318275;0,170645;0,07540975;0,94
833;5,48E-05;0;0;0;4,44E-05;0;0;0;0;0,148595;0,2527875;0,2313425;0,082295;0,94
834;0;0;0;0;0;0;0;0;0;0,045377;0,0918645;0,0579355;0,02089075;0,94
835;0;0;0;0;0;0;0;0;0;0,002710383;0,006508105;0,00377053;0,00037705;0,94
836;0;0;0;0;0;0;0;0;0;0,003584805;0,012142025;0,006371653;0,001314753;0,94
837;0;0;0;0;0;0;0;0;0;0,0307215;0,0677595;0,0355905;0,011871;0,94
838;0;0;0;0;0;0;0;0;0;0,0342625;0,07158475;0,038689;0,012131;0,94
839;0;0;0;0;0;0;0;0;0;0,0108305;0,02673775;0,015672;0,00377053;0,94
840;0;0;0;0;0;0;0;0;0;0,00098361;0,012131;0,012131;0,00098361;0,94
841;0;0;0;0;0;0;0;0;0;0,011142153;0,02606725;0,0192805;0,005154205;0,94
842;0;0;0;0;0;0;0;0;0;0,13038775;0,2498775;0,1783925;0,12721275;0,94
843;0;0;0;0;0;0;0;0;0;0,3265275;0,5216425;0,3777575;0,38328;0,94
844;0;0;0;0;0;0;0;0;0;0,2632;0,44918;0,39344;0,3015875;0,94
845;0;0;0;0;0;0;0;0;0;0,2993475;0,54115;0,443605;0,3015875;0,94
846;0;0;0;0;0;0;0;0;0;0,39344;0,7431125;0,6398375;0,5114225;0,94
847;0;0;0;0;0;0;0;0;0;0,3329525;0,546395;0,4383725;0,2976475;0,94
848;0,115470833;0,009269191;0,127710885;0,115852243;0,086009;0,00877345;0,084207;0,0884435;0;0,17043;0,238935;0,21498;0,091229;0,94
849;0,215507542;0,022569438;0,34720879;0,238239513;0,17600625;0,02189125;0,2704125;0,20154825;0;0,085073;0,15705;0,1328955;0,038689;0,94
850;0,509069882;0,032005015;0,503062185;0,312217263;0,516445;0,0313925;0,4910025;0,2927425;0;0,09425;0,15705;0,15705;0,038689;0,94
851;0,444755013;0,016872672;0,565246066;0,34658996;0,47206;0,01647815;0,6052775;0,36093;0;0,15705;0,2471225;0,1825425;0,0639345;0,94
852;0,140271186;0,016163403;0,350567803;0,384535974;0,147202;0,015627075;0,37178;0,4014125;0;0,206335;0,3598325;0,264395;0,107535;0,94
853;0,037253262;0,363425961;0,317627803;0,167524461;0,03716675;0,3785075;0,3305;0,1739025;0;0,3385475;0,5256075;0,44834;0,2536125;0,94
854;0,040460578;0,326741684;0,069572747;0,256320636;0,03997675;0,3370975;0,07127425;0,263084;0;0,5483975;0,89554;0,7977875;0,5494425;0,94
855;0,055017746;0,258172066;0,029436272;0,229819105;0,05457925;0,2453975;0,0289565;0,2174025;0;0,4432575;0,6715625;0,58918;0,3221025;0,94
856;0,006904031;0,033821603;0,014120834;0,081938467;0,006864718;0,02922;0,0137025;0,07038475;0;0,264395;0,359805;0,3060675;0,112365;0,94
857;0;3,60E-05;6,27E-05;0;0;3,07E-05;5,94E-05;0;0;0,25902;0,39344;0,288145;0,10029025;0,94
858;0;0;0;0;0;0;0;0;0;0,25902;0,39344;0,39344;0,15705;0,94
859;0;0;0;0;0;0;0;0;0;0,25902;0,54115;0,39344;0,192735;0,94
860;0;0;0;0;0;0;0;0;0;0,25902;0,56066;0,39344;0,15705;0,94
861;0;0;0;0;0;0;0;0;0;0,2769425;0,415735;0,39344;0,15705;0,94
862;0;0;0;0;0;0;0;0;0;0,364315;0,507705;0,39344;0,1783375;0,94
863;0;0;0;0;0;0;0;0;0;0,1978375;0,3083075;0,2769425;0,064843;0,94
864;0;0;0;0;0;0;0;0;0;0,25392;0,4012125;0,297105;0,1052565;0,94
865;0;0;0;0;0;0;0;0;0;0,3598325;0,5780025;0,443605;0,204635;0,94
866;0;0;0;0;0;0;0;0;0;0,5160675;0,7665225;0,6811475;0,3575925;0,94
867;0;0;0;0;0;0;0;0;0;0,5437525;0,76721;0,5882;0,3777575;0,94
868;0;0;0;0;0;0;0;0;0;0,33504;0,54316;0,4072675;0,1828525;0,94
869;0;0;0;0;0;0;0;0;0;0,135695;0,214585;0,182585;0,03680325;0,94
870;0;0;0;0;0;0;0;0;0;0,0639345;0,09425;0,08459;0,012131;0,94
871;0;0;0;0;0;0;0;0;0;0,038689;0,081224;0,07081975;0,0108305;0,94
872;0,099650411;0,010806391;0,110940379;0,046890355;0,070090975;0,010328875;0,077016;0,0429979;0;0,018204;0,02748625;0,02673775;0,000786888;0,94
873;0,298342974;0,062341358;0,291853698;0,173937166;0,238585;0,06146025;0,2321775;0,16224175;0;0,001664858;0,00469958;0,005256805;0;0,94
874;0,445850605;0,121364155;0,523023632;0,260498092;0,4427275;0,121512;0,5145225;0,2580425;0;0,002469958;0,008043653;0,008043653;8,52E-05;0,94
875;0,521261053;0,099000111;0,551841316;0,335073;0,55755;0,0991775;0,5903275;0,346925;0;0,012131;0,03027875;0,028951;0,00098033;0,94
876;0,546435592;0,297290723;0,522958618;0,657885;0,586895;0,30385;0,5584975;0,69639;0;0,0355905;0,05016425;0,038689;0,0108305;0,94
877;0,493182592;0,333279841;0,300170566;0,182856489;0,5292875;0,3443055;0,3159875;0,194163;0;0,022754;0,04333;0,039454;0,005442703;0,94
878;0,387476013;0,300433027;0,289580163;0,322539908;0,41323;0,31267;0,29725925;0,3349075;0;0,09956225;0,16705675;0,1221135;0,05250275;0,94
879;0,304779277;0,223911817;0,173588503;0,186377554;0,295465;0,21507875;0,17346175;0,19174;0;0,2318275;0,3374325;0,25494;0,13772825;0,94
880;0,090817362;0,096072688;0,075464625;0,091331447;0,0737285;0,0802961;0,06649625;0,07715225;0;0,25902;0,39344;0,25902;0,18424;0,94
881;8,52E-05;0,000289718;0,000177166;0,000213231;6,11E-05;0,000205285;0,000139178;0,000162938;0;0,2245475;0,319995;0,2454225;0,1216375;0,94
882;0;0;0;0;0;0;0;0;0;0,07621275;0,1147875;0,0929215;0,02370675;0,94
883;0;0;0;0;0;0;0;0;0;0,207505;0,299575;0,2261725;0,11361325;0,94
884;0;0;0;0;0;0;0;0;0;0,22673;0,3105475;0,25664;0,11825225;0,94
885;0;0;0;0;0;0;0;0;0;0,09747025;0,147698;0,1289625;0,031601;0,94
886;0;0;0;0;0;0;0;0;0;0,0209835;0,04939925;0,0374425;0,004513705;0,94
887;0;0;0;0;0;0;0;0;0;0,0355905;0,07540975;0,038689;0,0108305;0,94
888;0;0;0;0;0;0;0;0;0;0,03674125;0,07158475;0,038689;0,012131;0,94
889;0;0;0;0;0;0;0;0;0;0,012308;0,0351475;0,03204925;0,00281678;0,94
890;0;0;0;0;0;0;0;0;0;0,0355905;0,07005475;0,038689;0,01178425;0,94
891;0;0;0;0;0;0;0;0;0;0,03674125;0,07158475;0,038689;0,012131;0,94
892;0;0;0;0;0;0;0;0;0;0,01292775;0,03559025;0,03249175;0,004327878;0,94
893;0;0;0;0;0;0;0;0;0;0,0376265;0,07693975;0,0593445;0,012131;0,94
894;0;0;0;0;0;0;0;0;0;0,05322425;0,0874885;0,08459;0,01788525;0,94
895;0;0;0;0;0;0;0;0;0;0,12565;0,18425;0,1740875;0,06852475;0,94
896;0,080122698;0,024877261;0;0,018120853;0,06127625;0,02419125;0;0,017637;0;0,206335;0,2769425;0,25902;0,148595;0,94
897;0,320688237;0,096655062;0,016274551;0,018720419;0,26848;0,0920945;0,01584595;0,018243;0,000130425;0,2210775;0,353655;0,242025;0,1398375;0,94
898;0,417134053;0,264705888;0,039819115;0,011147782;0,4086975;0,26920325;0,039088;0,0107136;0,000290973;0,0577735;0,10969475;0,0674745;0,025235;0,94
899;0,506466947;0,46074825;0,051427575;0,108106287;0,5400325;0,48318;0,05072125;0,10811125;0,000316863;0,038689;0,038689;0,038689;0,012131;0,94
900;0,393961196;0,441995566;0,056248662;0,340009184;0,41831925;0,4687025;0,05557975;0,350535;0,000314012;0,022754;0,04333;0,039454;0,008972775;0,94
901;0,382436289;0,593813329;0,438677487;0,278265947;0,4021625;0,6329075;0,459;0,2887775;0,000306228;0,07540975;0,13646925;0,1174785;0,0403825;0,94
902;0,291160224;0,316245671;0,368571632;0,092414518;0,3062225;0,33593;0,3884475;0,09466625;0,000264135;0,08459;0,138935;0,08684425;0,03249175;0,94
903;0,244952724;0,215704026;0,25254;0,13835113;0,23322;0,21329;0,240295;0,1318375;0,000116106;0,07693975;0,143765;0,083825;0,0355905;0,94
904;0,093591016;0,101901311;0,095748008;0,089474479;0,07761135;0,085989925;0,081147;0,0779855;0;0,0209835;0,0447705;0,035672;0,006718475;0,94
905;0,000126227;0,0003392;0,000163031;0,000198586;9,12E-05;0,00025365;0,00013147;0,000153495;0;0,028331;0,04710425;0,038689;0,01178425;0,94
906;0;0;0;0;0;0;0;0;0;0,0111809;0,0266635;0,02452475;0,00377053;0,94
907;0;0;0;0;0;0;0;0;0;0,000848465;0,001801108;0,002469958;0,000213123;0,94
908;0;0;0;0;0;0;0;0;0;0,00098033;0,005628428;0,002841528;0,000796722;0,94
909;0;0;0;0;0;0;0;0;0;8,52E-05;0,000278688;0,00018032;6,55E-06;0,94
910;0;0;0;0;0;0;0;0;0;0;0;0;0;0,94
911;0;0;0;0;0;0;0;0;0;0;0;0;0;0,94
912;0;0;0;0;0;0;0;0;0;0;0,000491803;0;0;0,94
913;0;0;0;0;0;0;0;0;0;0,000229507;0,001057932;0,000262295;0,000213123;0,94
914;0;0;0;0;0;0;0;0;0;0,008043653;0,0254778;0,02366675;0,00822945;0,94
915;0;0;0;0;0;0;0;0;0;0,03027875;0,0616395;0,038689;0,01295725;0,94
916;0;0;0;0;0;0;0;0;0;0,055962;0,1111225;0,08869275;0,049056;0,94
917;0;0;0;0;0;0;0;0;0;0,1959125;0,31991;0,23545;0,2044175;0,94
918;0;0;0;0;0;0;0;0;0;0,0751085;0,13659875;0,111915;0,0694475;0,94
919;0;0;0;0;0;0;0;0;0;0,084284;0,15536;0,122025;0,07489975;0,94
920;0,107666268;0,005340638;0,002278502;0,005178202;0,08006495;0,004833063;0;0,00467305;0;0,06363925;0,1218075;0,07005475;0,03618225;0,94
921;0,327553145;0,022797707;0,017724537;0,019872115;0,26565;0,022035;0,015440575;0,01909225;0;0,008366203;0,02462475;0,021426;0,006185753;0,94
922;0,446970277;0,047401816;0,038291065;0,015525214;0,4266575;0,04672725;0,0375395;0,01513415;0;0,00098361;0,0091585;0,00377053;0,00098361;0,94
923;0,55944304;0,075324245;0,051286472;0,055106838;0,600945;0,07473175;0,05057375;0,0544035;0;0,0002459;0,000786888;0,000327868;0,0002459;0,94
924;0,591805145;0,088347584;0,057506787;0,047714842;0,638605;0,08795425;0,05682375;0,04731;2,25E-05;0;0;0;0;0,94
925;0,585831158;0,07086964;0,056174498;0,459717671;0,632325;0,07052;0,055528;0,482835;0,000319527;0;0;0;0;0,94
926;0,448771382;0,05958167;0,044600231;0,358441618;0,48252;0,05910975;0,0440215;0,378485;0;0;0;0;0;0,94
927;0,337444776;0,033194033;0,027042102;0,270117631;0,3262825;0,03279925;0,02656225;0,2586325;0;0,000295083;0,000737705;0,000540985;0,000295083;0,94
928;0,129750371;0,012463817;0,005877045;0,104495889;0,10584;0,012153475;0,0057373;0,0870605;0;0,003213128;0,0108305;0,0091585;0,007486428;0,94
929;0,000259764;8,40E-05;0;0,000188837;0,00019817;7,94E-05;0;0,00013792;0;0,00302733;0,01611475;0,01443275;0,005628428;0,94
930;0;0;0;0;0;0;0;0;0;0,05842075;0,11635025;0,069966;0,060836;0,94
931;0;0;0;0;0;0;0;0;0;0,0601095;0,15705;0,08459;0,07540975;0,94
932;0;0;0;0;0;0;0;0;0;0,05322425;0,117195;0,0919175;0,04710425;0,94
933;0;0;0;0;0;0;0;0;0;0,12565;0,22673;0,21305;0,185045;0,94
934;0;0;0;0;0;0;0;0;0;0,18594;0,3598325;0,25902;0,25902;0,94
935;0;0;0;0;0;0;0;0;0;0,15705;0,3105475;0,242025;0,22673;0,94
936;0;0;0;0;0;0;0;0;0;0,09425;0,18424;0,1244425;0,08639775;0,94
937;0;0;0;0;0;0;0;0;0;0,07464475;0,1413525;0,08459;0,038995;0,94
938;0;0;0;0;0;0;0;0;0;0,12565;0,22673;0,148595;0,081224;0,94
939;0;0;0;0;0;0;0;0;0;0,112365;0,204635;0,15705;0,08459;0,94
940;0;0;0;0;0;0;0;0;0;0,08459;0,15705;0,112365;0,044809;0,94
941;0;0;0;0;0;0;0;0;0;0,08459;0,11840525;0,08459;0,038689;0,94
942;0;0;0;0;0;0;0;0;0;0,08459;0,148595;0,08459;0,038689;0,94
943;0;0;0;0;0;0;0;0;0;0,11743;0,2108475;0,16147675;0,0802095;0,94
944;0;0,01318344;0,007103723;0;0;0,012668275;0,006572625;0;0;0,447245;0,764965;0,589005;0,5549425;0,94
945;0,013923073;0,101033337;0,034649364;0,005072086;0,013548075;0,095131;0,03379525;0,004715875;0;0,7259;0,9883625;0,876645;0,8939225;0,94
946;0,013605063;0,216513079;0,089491816;0,025425611;0,013166175;0,2160675;0,0888025;0,0247363;0;0,76721;0,9948375;0,94;0,83921;0,94
947;0,107345633;0,477237513;0,116241119;0,042844875;0,107142;0,497515;0,11596725;0,04233;0,00011223;0,8536075;0,9997375;0,9774125;0,9646375;0,94
948;0,193341908;0,297427974;0,082518552;0,058168236;0,1956375;0,309358;0,08221125;0,05770675;7,00E-05;0,9435075;0,999995;0,998365;0,9917575;0,94
949;0,326864487;0,589250368;0,088845778;0,477011171;0,3370475;0,6200325;0,08828675;0,50027;8,72E-06;0,6519175;0,89058;0,8389825;0,61856;0,94
950;0,524242026;0,539103553;0,070194707;0,384670816;0,55065;0,5739575;0,069721;0,406575;0;0,471475;0,76721;0,5882;0,3329525;0,94
951;0,137739525;0,110682494;0,033436026;0,250009303;0,14293275;0,1132125;0,03302425;0,24589;0;0,443605;0,8046475;0,5882;0,2993475;0,94
952;0,055270575;0,078323518;0,010389367;0,096240663;0,051417;0,0702825;0,010076175;0,08110525;0;0,535425;0,87602;0,72544;0,3921075;0,94
953;0,000328268;0,000344425;9,98E-05;0,000130404;0,000304725;0,000289025;9,02E-05;0,000100855;0;0,1773475;0,29553;0,24439;0,08767525;0,94
954;0;0;0;0;0;0;0;0;0;0,08459;0,15705;0,112365;0,015672;0,94
955;0;0;0;0;0;0;0;0;0;0,05981425;0,08736475;0,06928975;0,0100874;0,94
956;0;0;0;0;0;0;0;0;0;0,008366203;0,02009825;0,01788525;0,000426223;0,94
957;0;0;0;0;0;0;0;0;0;0,00098361;0,0091585;0,008786825;0;0,94
958;0;0;0;0;0;0;0;0;0;0,00040765;0,00098361;0,000495078;0;0,94
959;0;0;0;0;0;0;0;0;0;0,000953008;0,00284153;0,002466678;8,52E-05;0,94
960;0;0;0;0;0;0;0;0;0;0,00990165;0,027623;0,012131;0,00098033;0,94
961;0;0;0;0;0;0;0;0;0;0,008786825;0,02223725;0,01168525;0,00098361;0,94
962;0;0;0;0;0;0;0;0;0;0,0007541;0,001801108;0,001243708;0,000131148;0,94
963;0;0;0;0;0;0;0;0;0;0,002110758;0,003584805;0,003584805;0,000327868;0,94
964;0;0;0;0;0;0;0;0;0;0,0293815;0,054716;0,03293475;0,010273275;0,94
965;0;0;0;0;0;0;0;0;0;0,038689;0,08459;0,038689;0,012131;0,94
966;0;0;0;0;0;0;0;0;0;0,038689;0,08459;0,038689;0,012131;0,94
967;0;0;0;0;0;0;0;0;0;0,038689;0,08459;0,05551925;0,012131;0,94
968;0,092761737;0,100972417;0,022718294;0,050519389;0,08096125;0,084728;0,022187775;0,048578975;0;0,02540975;0,05628425;0,038689;0,012131;0,94
969;0,197408842;0,220922175;0,050140555;0,09930495;0,1782625;0,19112275;0,04938575;0,09690975;0;0,038689;0,08459;0,0608745;0,015672;0,94
970;0,31389075;0,326091553;0,079320869;0,0868152;0,3150475;0,3127275;0,0786345;0,085566;0;0,038689;0,08459;0,08459;0,038689;0,94
971;0,405186079;0,409149474;0,118579184;0,023703557;0,424605;0,4294225;0,11812775;0,02340525;0;0,03600375;0,07005475;0,05016425;0,015672;0,94
972;0,399489;0,433681105;0,119641066;0,09696231;0,4198325;0,4574575;0,1195375;0,096692;7,65E-06;0,004914855;0,015540975;0,012885225;0,002355203;0,94
973;0,387177434;0,39808279;0,100783397;0,451155198;0,4070875;0,4202575;0,10059725;0,470205;0,000383553;0,00098361;0,00098361;0,00098361;8,52E-05;0,94
974;0,298513934;0,337579618;0,090377439;0,567726197;0,3117625;0,3554825;0,0900665;0,6031225;0,000323005;0,00414208;0,013027275;0,0138854;0,003395625;0,94
975;0,182855526;0,201904863;0,033139133;0,368234526;0,1813325;0,20619375;0,03288775;0,36019;3,51E-05;0,04553575;0,07168675;0,05781425;0,02098375;0,94
976;0,08297509;0,083721658;0,016321602;0,125972384;0,07556075;0,073812525;0,01589565;0,10585825;0;0,011956275;0,0250675;0,01965575;0,005256805;0,94
977;0,000239345;0,000229906;0,000216111;0,000690801;0,000211475;0,000203393;0,000208125;0,0005647;0;0,01443275;0,038789;0,028951;0,009344225;0,94
978;0;0;0;0;0;0;0;0;0;0,03860025;0,082652;0,038689;0,012131;0,94
979;0;0;0;0;0;0;0;0;0;0,015672;0,041494;0,02983625;0,012131;0,94
980;0;0;0;0;0;0;0;0;0;0,01655725;0,044809;0,038689;0,012131;0,94
981;0;0;0;0;0;0;0;0;0;0,06103525;0,1218475;0,0936365;0,047067;0,94
982;0;0;0;0;0;0;0;0;0;0,310075;0,542185;0,4251875;0,4221025;0,94
983;0;0;0;0;0;0;0;0;0;0,3687975;0,535575;0,5079025;0,48387;0,94
984;0;0;0;0;0;0;0;0;0;0,129583;0,228875;0,18523;0,094816;0,94
985;0;0;0;0;0;0;0;0;0;0,13395;0,23884;0,1815125;0,07816375;0,94
986;0;0;0;0;0;0;0;0;0;0,025847;0,047712;0,0380805;0,0111729;0,94
987;0;0;0;0;0;0;0;0;0;0,0355905;0,07311475;0,05854975;0,01205675;0,94
988;0;0;0;0;0;0;0;0;0;0,05245925;0,1051205;0,08459;0,02009825;0,94
989;0;0;0;0;0;0;0;0;0;0,09425;0,1791425;0,13048;0,0601095;0,94
990;0;0;0;0;0;0;0;0;0;0,15705;0,25902;0,15705;0,08459;0,94
991;0;0;0;0;0;0;0;0;0;0,1341025;0,2352225;0,15705;0,08459;0,94
992;0,004846562;0,011641497;0,128955525;0,121303958;0,00435325;0,0111388;0,108863;0,10636375;0;0,202935;0,3374325;0,2471225;0,13772825;0,94
993;0,036487551;0,074499541;0,31122521;0,302094474;0,03578525;0,0736445;0,28706;0,28373;0;0,2688775;0,3973425;0,3015875;0,214025;0,94
994;0,056194725;0,22694745;0,105409927;0,425236619;0,05574275;0,2297415;0,1033965;0,4340975;0;0,392545;0,6434725;0,5216425;0,456045;0,94
995;0,085708291;0,272780763;0,184760171;0,510584447;0,08539;0,2798075;0,185885;0,5431275;0;0,443605;0,8161675;0,5882;0,56066;0,94
996;0,104238485;0,262684461;0,146060487;0,515727711;0,1042805;0,2696375;0,14716;0,55061;0;0,56066;0,94;0,76721;0,5985275;0,94
997;0,102283034;0,314983934;0,319505961;0,444177118;0,10247025;0,3237075;0,3264725;0,47382;0;0,56066;0,94;0,76721;0,56066;0,94
998;0,097589807;0,311075921;0,30909904;0,394201263;0,09774;0,3224825;0,3199925;0,4178175;0;0,6054125;0,9518625;0,76721;0,56066;0,94
999;0,049049297;0,310668987;0,016637613;0,250289823;0,0489635;0,30294825;0,017215625;0,2531795;0;0,73623;0,9865375;0,879525;0,604855;0,94
1000;0,012597528;0,10215662;0,004622412;0,08072443;0,012404625;0,089418;0,00419285;0,072569;0;0,490985;0,8296075;0,6352475;0,360885;0,94
1001;0,000108095;0,002111209;0,000104662;0,000185863;0,00010074;0,00182666;8,96E-05;0,000162735;0;0,7236625;0,9714625;0,854555;0,620005;0,94
1002;0;0;0;0;0;0;0;0;0;0,939425;0,999995;0,990735;0,940105;0,94
1003;0;0;0;0;0;0;0;0;0;0,9500375;1;0,9965;0,9518625;0,94
1004;0;0;0;0;0;0;0;0;0;0,9985125;1;1;0,9993875;0,94
1005;0;0;0;0;0;0;0;0;0;1;1;1;1;0,94
1006;0;0;0;0;0;0;0;0;0;1;1;1;1;0,94
1007;0;0;0;0;0;0;0;0;0;1;1;1;1;0,94
1008;0;0;0;0;0;0;0;0;0;0,9999825;1;1;0,9986;0,94
1009;0;0;0;0;0;0;0;0;0;0,9633725;0,999545;0,99716;0,8103875;0,94
1010;0;0;0;0;0;0;0;0;0;0,511305;0,73851;0,657175;0,200787;0,94
1011;0;0;0;0;0;0;0;0;0;0,2074625;0,3168825;0,288145;0,03956825;0,94
1012;0;0;0;0;0;0;0;0;0;0,25834;0,38672;0,3575925;0,05092925;0,94
1013;0;0;0;0;0;0;0;0;0;0,26126;0,39344;0,2823175;0,040525;0,94
1014;0;0;0;0;0;0;0;0;0;0,38672;0,55905;0,43211;0,1052565;0,94
1015;0;0;0;0;0;0;0;0;0;0,5514775;0,82412;0,6157375;0,211355;0,94
1016;0,005176564;0,027983999;0,081606346;0,08962449;0,004679375;0,0274455;0,0719368;0,081562;0;0,838645;0,99055;0,937665;0,503335;0,94
1017;0,032954448;0,069134752;0,144199184;0,209380895;0,03224075;0,068471;0,1364875;0,203725;1,73E-05;0,9500375;1;0,99475;0,7568825;0,94
1018;0,078341819;0,109405105;0,340835092;0,334389158;0,07791175;0,10924125;0,351895;0,34253;0,000201802;0,896805;0,9985125;0,990735;0,6054125;0,94
1019;0,09545882;0,159778263;0,285973619;0,334172447;0,09540975;0,1605575;0,296675;0,34532;0,000327176;0,764915;0,9701125;0,9202075;0,42967;0,94
1020;0,106585461;0,199094368;0,086961118;0,359977855;0,1067425;0,2018575;0,08864025;0,372575;0,000323571;0,5746575;0,9083225;0,76721;0,2769425;0,94
1021;0,095180226;0,292082447;0,048490666;0,352898645;0,09525825;0,2993325;0,047983;0,36532;0,000307451;0,7520625;0,956425;0,876645;0,380545;0,94
1022;0,064526522;0,209682604;0,045493078;0,251049513;0,0643505;0,2147245;0,04484375;0,258705;0,000195549;0,876645;0,9972;0,9774125;0,5522975;0,94
1023;0,036290826;0,151456579;0,06096019;0,167924653;0,0360025;0,1493425;0,060239;0,17060625;0,000101819;0,94;1;0,9546;0,56066;0,94
1024;0,010423488;0,147654995;0,030595939;0,050302607;0,0101902;0,1361865;0,03021685;0,04867425;0;0,9473;0,9999825;0,9938375;0,5876425;0,94
1025;0,000187689;0,004892289;0,000489921;0,000204312;0,00017048;0,00433005;0,000479875;0,000191253;0;0,7041875;0,9650925;0,8534625;0,334;0,94
1026;0;0;0;0;0;0;0;0;0;0,5601025;0,829945;0,7155725;0,224225;0,94
1027;0;0;0;0;0;0;0;0;0;0,351585;0,422985;0,3653025;0,06271175;0,94
1028;0;0;0;0;0;0;0;0;0;0,177845;0,2391675;0,21455;0,024613;0,94
1029;0;0;0;0;0;0;0;0;0;0,61457;0,8355675;0,7600775;0,3112225;0,94
1030;0;0;0;0;0;0;0;0;0;0,5013125;0,8190475;0,66241;0,2094525;0,94
1031;0;0;0;0;0;0;0;0;0;0,39344;0,705245;0,56066;0,15705;0,94
1032;0;0;0;0;0;0;0;0;0;0,39344;0,4776075;0,42967;0,09425;0,94
1033;0;0;0;0;0;0;0;0;0;0,39344;0,5601025;0,518855;0,148595;0,94
1034;0;0;0;0;0;0;0;0;0;0,39344;0,56066;0,479835;0,1401425;0,94
1035;0;0;0;0;0;0;0;0;0;0,443605;0,663935;0,56066;0,204635;0,94
1036;0;0;0;0;0;0;0;0;0;0,622625;0,8219275;0,7018;0,3015875;0,94
1037;0;0;0;0;0;0;0;0;0;0,844965;0,977945;0,9156225;0,525085;0,94
1038;0;0;0;0;0;0;0;0;0;0,9658725;0,999995;0,99659;0,812735;0,94
1039;0;0;0;0;0;0;0;0;0;0,9999425;1;1;0,99876;0,94
1040;0,023123759;0,079005193;0,015571277;0,101265698;0,0226293;0,0694415;0,015045;0,0936615;0;1;1;1;0,99947;0,94
1041;0,067280191;0,21229204;0,062194717;0,244370013;0,066739;0,1992125;0,061367;0,24902;0,000182591;0,99659;1;1;0,871235;0,94
1042;0,073926703;0,338761895;0,097775937;0,338123803;0,07366125;0,34289;0,09732625;0,35308;0,000340263;0,99475;1;1;0,76239;0,94
1043;0,118722695;0,357680724;0,1011258;0,424841724;0,118789;0,374685;0,1008695;0,44551;0,000207101;0,9591625;1;0,9957725;0,5792475;0,94
1044;0,392520553;0,372720434;0,088840721;0,383091237;0,4070825;0,389975;0,08846325;0,40322;6,97E-05;0,99755;1;0,9999425;0,9095025;0,94
1045;0,406269632;0,342963671;0,059400355;0,339734684;0,4268875;0,3589225;0,0589365;0,35485;1,15E-05;0,9998375;1;1;0,9774125;0,94
1046;0,595908197;0,330118997;0,04710709;0,285244026;0,6344425;0,3457195;0,04652125;0,2948;0;0,994915;1;1;0,75758;0,94
1047;0,409785158;0,208012248;0,034577609;0,198713921;0,4354625;0,2138;0,03403425;0,20308;0;0,99475;1;0,99904;0,5882;0,94
1048;0,133651402;0,080154723;0,014801907;0,075383672;0,13438375;0,07736625;0,01444815;0,07500115;0;0,996675;1;1;0,8449675;0,94
1049;0,002788487;0,00042038;0,000355437;0,000353737;0,002365025;0,0003873;0,00033905;0,000327185;0;0,9609875;0,9998775;0,997725;0,5490175;0,94
1050;0;0;0;0;0;0;0;0;0;0,8248075;0,971235;0,9500375;0,3015875;0,94
1051;0;0;0;0;0;0;0;0;0;0,7293425;0,9083225;0,783825;0,224225;0,94
1052;0;0;0;0;0;0;0;0;0;0,411695;0,5042425;0,4559475;0,063007;0,94
1053;0;0;0;0;0;0;0;0;0;0,19324;0,2202075;0,2137725;0,0187705;0,94
1054;0;0;0;0;0;0;0;0;0;0,0809255;0,09425;0,0706175;0,002469958;0,94
1055;0;0;0;0;0;0;0;0;0;0,08408;0,09438875;0,083825;0,005814303;0,94
1056;0;0;0;0;0;0;0;0;0;0,0286575;0,022847;0,029918;0,00034426;0,94
1057;0;0;0;0;0;0;0;0;0;0,012131;0,001949733;0,012131;0;0,94
1058;0;0;0;0;0;0;0;0;0;0,01832775;0,0209465;0,02054075;0,000311475;0,94
1059;0;0;0;0;0;0;0;0;0;0,0677595;0,07693975;0,06852475;0,008601025;0,94
1060;0;0;0;0;0;0;0;0;0;0,08459;0,0639345;0,08459;0,012131;0,94
1061;0;0;0;0;0;0;0;0;0;0,143765;0,11719775;0,16219;0,03160675;0,94
1062;0;0;0;0;0;0;0;0;0;0,21313;0,15705;0,25902;0,0639345;0,94
1063;0;0;0;0;0;0;0;0;0;0,25902;0,18594;0,25902;0,08459;0,94
1064;0,006384798;0,047789969;0,176288475;0,05436015;0,005883375;0,0452785;0,146098;0,051776;0;0,25902;0,2926225;0,25902;0,08459;0,94
1065;0,052481992;0,11041305;0,429296329;0,132150079;0,05179825;0,1087315;0,4199275;0,13140425;0;0,25902;0,39344;0,25902;0,08459;0,94
1066;0,087405857;0,181921263;0,591908685;0,199450737;0,08708675;0,1832225;0,6308875;0,20277;0;0,175745;0,3262275;0,21313;0,04710425;0,94
1067;0,200493355;0,191779184;0,698063132;0,263204325;0,2028275;0,194335;0,7512925;0,268364;0;0,15705;0,2769425;0,15705;0,038689;0,94
1068;0,20977579;0,232547732;0,724983395;0,308605421;0,2132625;0,23599375;0,7847125;0,3156025;1,76E-05;0,151735;0,3892575;0,15705;0,038689;0,94
1069;0,139665119;0,184904645;0,687646579;0,280437869;0,141355;0,1875575;0,7443225;0,2872075;2,97E-05;0,085073;0,26544;0,106812;0,01649825;0,94
1070;0,071463908;0,212921463;0,577519106;0,213888474;0,07165175;0,21582175;0,62174;0,21873;0;0,134783;0,4257375;0,18765;0,04398275;0,94
1071;0,014473976;0,129224246;0,422602381;0,129267107;0,014330725;0,1307595;0,4506075;0,130968;0;0,285145;0,761085;0,34639;0,13048;0,94
1072;0,002361514;0,052795019;0,197871158;0,045585156;0,002202035;0,0520375;0,1945925;0,0455758;0;0,4326875;0,9594825;0,55672;0,29523;0,94
1073;0;0,000533517;0,001089515;0,000279942;0;0,000498875;0,000909773;0,00026875;0;0,8183225;0,9999425;0,9472175;0,8142525;0,94
1074;0;0;0;0;0;0;0;0;0;0,5942625;0,972615;0,75758;0,478395;0,94
1075;0;0;0;0;0;0;0;0;0;0,81511;0,99666;0,9379875;0,734;0,94
1076;0;0;0;0;0;0;0;0;0;0,98994;1;0,9999425;0,9954275;0,94
1077;0;0;0;0;0;0;0;0;0;1;1;1;1;0,94
1078;0;0;0;0;0;0;0;0;0;1;1;1;1;0,94
1079;0;0;0;0;0;0;0;0;0;1;1;1;1;0,94
1080;0;0;0;0;0;0;0;0;0;1;1;1;1;0,94
1081;0;0;0;0;0;0;0;0;0;1;1;1;1;0,94
1082;0;0;0;0;0;0;0;0;0;1;1;1;1;0,94
1083;0;0;0;0;0;0;0;0;0;1;1;1;1;0,94
1084;0;0;0;0;0;0;0;0;0;1;1;1;1;0,94
1085;0;0;0;0;0;0;0;0;0;1;1;1;1;0,94
1086;0;0;0;0;0;0;0;0;0;1;1;1;1;0,94
1087;0;0;0;0;0;0;0;0;0;1;1;1;1;0,94
1088;0,045399314;0,04181839;0,123324182;0;0,0445045;0,0397805;0,10808025;0;0;1;1;1;1;0,94
1089;0,110232217;0,117532713;0,287208868;0,005216487;0,1104815;0,1165245;0,2799625;0,0048658;0;1;0,99889;1;1;0,94
1090;0,151379527;0,212736778;0,413002106;0,014303617;0,152985;0,2151995;0,43279;0,01368575;0;1;0,10111;0,616667;1;0,94
1091;0,217704987;0,266072368;0,473553434;0,020681649;0,22109;0,27073;0,4991275;0,020114;0;1;0,68333425;1;1;0,94
1092;0,260129684;0,225220027;0,486466974;0,023268932;0,2654675;0,22959;0,51413;0,022756;0;1;1;1;1;0,94
1093;0,247627895;0,216585316;0,441802934;0,348188803;0,252755;0,220235;0,467005;0,360775;0,000136772;1;1;1;1;0,94
1094;0,178017584;0,1888011;0,398458421;0,309074961;0,181254;0,191687;0,41988;0,32053;8,08E-05;1;1;1;1;0,94
1095;0,11091004;0,110829375;0,284463868;0,200477704;0,1122695;0,112019;0,2973925;0,206543;0,000204937;1;0,52777675;1;1;0,94
1096;0,045948892;0,049220017;0,124875347;0,082925246;0,0458405;0,0487895;0,124925;0,081826;2,85E-05;1;0,98889;1;1;0,94
1097;0,000600623;0,000589547;0,00111618;0,000415769;0,00058102;0,000557338;0,00098515;0,00038315;0;1;1;1;1;0,94
1098;0;0;0;0;0;0;0;0;0;1;1;1;1;0,94
1099;0;0;0;0;0;0;0;0;0;1;1;1;1;0,94
1100;0;0;0;0;0;0;0;0;0;1;1;1;1;0,94
1101;0;0;0;0;0;0;0;0;0;1;1;1;1;0,94
1102;0;0;0;0;0;0;0;0;0;1;1;1;0,997725;0,94
1103;0;0;0;0;0;0;0;0;0;1;1;1;0,99475;0,94
1104;0;0;0;0;0;0;0;0;0;1;1;1;0,9838;0,94
1105;0;0;0;0;0;0;0;0;0;1;1;1;0,94;0,94
1106;0;0;0;0;0;0;0;0;0;1;1;1;0,9083225;0,94
1107;0;0;0;0;0;0;0;0;0;1;1;1;0,5490175;0,94
1108;0;0;0;0;0;0;0;0;0;0,9953125;0,9998775;0,9978125;0,2513725;0,94
1109;0;0;0;0;0;0;0;0;0;0,94219;0,9876625;0,9500375;0,1128475;0,94
1110;0;0;0;0;0;0;0;0;0;0,96555;0,9972;0,9774125;0,200755;0,94
1111;0;0;0;0;0;0;0;0;0;0,99475;1;0,99475;0,25902;0,94
1112;0,016236603;0;0,116930258;0,019008692;0,015759675;0;0,1029295;0,01855835;0;0,9774125;0,9985125;0,990735;0,2301275;0,94
1113;0,063330762;0,012392664;0,224741337;0,063058911;0,06273875;0,0120039;0,22068575;0,062511;0;0,8420875;0,9701125;0,9202075;0,1244425;0,94
1114;0,170320026;0,026581473;0,297940855;0,097243311;0,1722475;0,0259375;0,305975;0,097167;0;0,67082;0,7472525;0,732785;0,07311475;0,94
1115;0,2515335;0,03359278;0,310606382;0,113301079;0,2563125;0,032977;0,3189625;0,1135375;0;0,42623;0,5090975;0,4718175;0,0320495;0,94
1116;0,31198129;0,03455353;0,36783;0,099906924;0,3193125;0,033979;0,377715;0,100104;3,82E-05;0,182995;0,197035;0,189945;0,004897678;0,94
1117;0,293062461;0,03451693;0,337557947;0,080833026;0,3020925;0,03394975;0,347515;0,0807805;4,96E-06;0,447245;0,463215;0,4349475;0,04951225;0,94
1118;0,488898947;0,030217394;0,301292645;0,059929851;0,514135;0,02968425;0,31021;0,05967825;0;0,56066;0,598525;0,562035;0,0899025;0,94
1119;0,442515671;0,017709103;0,237588419;0,028197651;0,47029;0,0172815;0,24491675;0,02790425;0;0,7259;0,8893;0,7837425;0,200755;0,94
1120;0,206363803;0,00675807;0,076830383;0,009057392;0,2056425;0,006428775;0,0772735;0,0087707;0;0,9238575;0,99666;0,9711475;0,3745;0,94
1121;0,00878164;0,000215967;0,001021646;0,000180087;0,00741845;0,000186138;0,000949;0,000160665;0;0,994385;1;0,99979;0,649975;0,94
1122;0;0;0;0;0;0;0;0;0;0,99475;1;1;0,7259;0,94
1123;0;0;0;0;0;0;0;0;0;0,99475;1;1;0,56066;0,94
1124;0;0;0;0;0;0;0;0;0;0,99475;1;0,99545;0,56066;0,94
1125;0;0;0;0;0;0;0;0;0;0,99554;1;0,9993875;0,610005;0,94
1126;0;0;0;0;0;0;0;0;0;1;1;1;0,962005;0,94
1127;0;0;0;0;0;0;0;0;0;1;1;1;0,978325;0,94
1128;0;0;0;0;0;0;0;0;0;1;1;1;0,8392075;0,94
1129;0;0;0;0;0;0;0;0;0;0,99825;1;1;0,76721;0,94
1130;0;0;0;0;0;0;0;0;0;1;1;1;0,9067325;0,94
1131;0;0;0;0;0;0;0;0;0;1;1;1;0,999405;0,94
1132;0;0;0;0;0;0;0;0;0;0,9972875;1;1;0,740545;0,94
1133;0;0;0;0;0;0;0;0;0;0,99475;1;1;0,527215;0,94
1134;0;0;0;0;0;0;0;0;0;0,9838;1;1;0,39344;0,94
1135;0;0;0;0;0;0;0;0;0;0,94;1;1;0,350875;0,94
1136;0,18364339;0,004675217;0,002462973;0,186441123;0,15510975;0,00422065;0,002009273;0,1571255;9,36E-07;0,9518625;0,9998375;0,9989775;0,3687975;0,94
1137;0,39331275;0,022300958;0,011019634;0,411412895;0,388585;0,02156775;0,010366025;0,4046975;0,000199137;0,77304;0,94219;0,8389825;0,1777075;0,94
1138;0,570175027;0,041902425;0,021120849;0,581732921;0,6120325;0,041237;0,0204695;0,6247425;0,000366768;0,9427775;0,978465;0,92294;0,4414275;0,94
1139;0,660810592;0,051434077;0,024948679;0,676941079;0,7169775;0,05083075;0,024333;0,7351525;0,000480232;0,99979;1;0,999545;0,9481925;0,94
1140;0,667466013;0,058166069;0,027329846;0,689288763;0,7290575;0,0575825;0,026723275;0,75359;0,000512288;1;1;1;1;0,94
1141;0,64563604;0,055226511;0,371280513;0,650822645;0,7056375;0,054688;0,38497;0,712;0,000482452;1;1;1;1;0,94
1142;0,558482289;0,048924809;0,337721685;0,549739224;0,60702;0,04839375;0,3519575;0,5977175;0,000388361;1;1;1;0,9985125;0,94
1143;0,404945289;0,030467815;0,234268895;0,396734368;0,43556;0,030027;0,2434075;0,4264625;0,000248246;1;1;1;0,9993875;0,94
1144;0,201548013;0,010270851;0,121136369;0,186763539;0,200405;0,00998485;0,1222635;0,1845875;2,22E-05;1;1;1;0,9774125;0,94
1145;0,0028659;0,000321483;0,001100986;0,002143645;0,002400975;0,000295425;0,000980945;0,001799055;0;0,9992125;1;0,9962975;0,79889;0,94
1146;0;0;0;0;0;0;0;0;0;1;1;0,9999425;0,9067325;0,94
1147;0;0;0;0;0;0;0;0;0;1;1;1;0,999615;0,94
1148;0;0;0;0;0;0;0;0;0;1;1;1;1;0,94
1149;0;0;0;0;0;0;0;0;0;1;1;1;1;0,94
1150;0;0;0;0;0;0;0;0;0;1;1;1;1;0,94
1151;0;0;0;0;0;0;0;0;0;1;1;1;1;0,94
1152;0;0;0;0;0;0;0;0;0;1;1;1;0,9993;0,94
1153;0;0;0;0;0;0;0;0;0;0,9999825;1;1;0,7718975;0,94
1154;0;0;0;0;0;0;0;0;0;0,995205;1;0,9978125;0,3653025;0,94
1155;0;0;0;0;0;0;0;0;0;0,99475;1;0,996065;0,2993475;0,94
1156;0;0;0;0;0;0;0;0;0;0,9964125;1;1;0,4818025;0,94
1157;0;0;0;0;0;0;0;0;0;1;1;1;0,9095025;0,94
1158;0;0;0;0;0;0;0;0;0;1;1;1;0,9938375;0,94
1159;0;0;0;0;0;0;0;0;0;1;1;1;0,8486425;0,94
1160;0;0,004825229;0,098603771;0,16533448;0;0,00436315;0,090435;0,14200925;0;0,99755;1;1;0,52154;0,94
1161;0,005777334;0,019908474;0,199597619;0,302845737;0,005430625;0,01918275;0,19745;0,29373;0;0,99475;1;0,9957725;0,3783175;0,94
1162;0,016198197;0,032364273;0,251237329;0,42158625;0,015611275;0,0317195;0,256125;0,4454325;0;0,9964125;1;0,9999425;0,56282;0,94
1163;0,027493824;0,038896891;0,352992553;0,47895675;0,0269115;0,038274;0,36261;0,507935;0;0,907755;0,997115;0,9691625;0,334;0,94
1164;0,031967933;0,045352938;0,381668171;0,475843342;0,0314639;0,04472975;0,39345;0,50457;0;0,76721;0,9473;0,8248075;0,170645;0,94
1165;0,361398513;0,042833799;0,382785434;0,443392145;0,37431;0,04226775;0,39687;0,4697625;0;0,76721;0,94;0,899685;0,18424;0,94
1166;0,32066175;0,033047633;0,264911763;0,421875197;0,3328125;0,03253075;0,27448;0,4476325;0;0,67082;0,859365;0,76721;0,1244425;0,94
1167;0,222272763;0,021088824;0,214630106;0,273929329;0,2290075;0,02063175;0,2193025;0,2894625;0;0,56066;0,76721;0,76721;0,08459;0,94
1168;0,101169142;0,007406853;0,084916816;0,117847425;0,1007285;0,007099425;0,08467375;0,11733925;0;0,56066;0,7431125;0,5882;0,08459;0,94
1169;0,002096578;0,000264137;0,001259103;0,000709419;0,0019311;0,000228933;0,00116678;0,000627963;0;0,5355725;0,56066;0,56066;0,08459;0,94
1170;0;0;0;0;0;0;0;0;0;0,56066;0,691475;0,7018;0,148595;0,94
1171;0;0;0;0;0;0;0;0;0;0,56066;0,7431125;0,5882;0,11840525;0,94
1172;0;0;0;0;0;0;0;0;0;0,4616175;0,5298525;0,5079025;0,079949;0,94
1173;0;0;0;0;0;0;0;0;0;0,1561525;0,2097275;0,1634925;0,013477203;0,94
1174;0;0;0;0;0;0;0;0;0;0,08459;0,09425;0,08459;0,00098361;0,94
1175;0;0;0;0;0;0;0;0;0;0,08459;0,1051205;0,08459;0,00414208;0,94
1176;0;0;0;0;0;0;0;0;0;0,148595;0,15705;0,08459;0,012131;0,94
1177;0;0;0;0;0;0;0;0;0;0,12081925;0,15705;0,08459;0,012131;0,94
1178;0;0;0;0;0;0;0;0;0;0,0919175;0,1184025;0,095458;0,0087869;0,94
1179;0;0;0;0;0;0;0;0;0;0,22325;0,242025;0,2284275;0,02939375;0,94
1180;0;0;0;0;0;0;0;0;0;0,27261;0,3205575;0,18934;0,05535725;0,94
1181;0;0;0;0;0;0;0;0;0;0,6303425;0,83534;0,4680325;0,3575575;0,94
1182;0;0;0;0;0;0;0;0;0;0,76721;0,9482125;0,5732825;0,42131;0,94
1183;0;0;0;0;0;0;0;0;0;0,888165;0,9971;0,808115;0,65175;0,94
1184;0,003356004;0,162166654;0,043443237;0,025052387;0,002889225;0,13690425;0,04275175;0,024615875;0;0,505245;0,735875;0,499015;0,2580375;0,94
1185;0,011977374;0,336736855;0,107346355;0,073611991;0,011298375;0,3268575;0,1069585;0,07314825;0;0,3687975;0,4881975;0,42131;0,10391;0,94
1186;0,021714515;0,525932368;0,167534092;0,116977693;0,0211418;0,560335;0,168635;0,1171125;0;0,502135;0,7121275;0,7155725;0,2141525;0,94
1187;0,033266752;0,626300645;0,23967221;0,089562126;0,03270475;0,6741825;0,2428875;0,0896985;0;0,404085;0,554755;0,6398375;0,12633;0,94
1188;0,028724908;0,661501658;0,215576408;0,107287121;0,0282561;0,7176875;0,21849575;0,10734975;0;0,199985;0,3060675;0,42967;0,04710425;0,94
1189;0,468405356;0,622618974;0,2520825;0,104357917;0,4921625;0,676775;0,2561275;0,1045645;0,000160503;0,1565675;0,2471225;0,3798475;0,03381975;0,94
1190;0,373358526;0,530738526;0,266750432;0,11394182;0,3938325;0,57396;0,27181325;0,11426125;0,000142768;0,08072225;0,111855;0,21498;0,007300553;0,94
1191;0,279713092;0,38196675;0,127193668;0,067351224;0,294095;0,408815;0,12906675;0,06739175;6,03E-05;0,02452475;0,041494;0,09425;0,00098361;0,94
1192;0,132003679;0,169354461;0,060285738;0,023400884;0,129019;0,171019;0,05952225;0,0232102;0;0,0293935;0,03806925;0,07770475;0,00097268;0,94
1193;0,002186248;0,002581594;0,002151127;0,000580647;0,00195005;0,002181225;0,002034625;0,000566488;0;0,004327955;0,007248003;0,02275425;6,01E-05;0,94
1194;0;0;0;0;0;0;0;0;0;0,006557377;0,012778;0,01965575;0,000295083;0,94
1195;0;0;0;0;0;0;0;0;0;0,038612;0,05840225;0,04710425;0,007486428;0,94
1196;0;0;0;0;0;0;0;0;0;0,10239975;0,14328;0,10601975;0,02762275;0,94
1197;0;0;0;0;0;0;0;0;0;0,02656275;0,04875625;0,02789075;0,005442603;0,94
1198;0;0;0;0;0;0;0;0;0;0,03290525;0,044809;0,0258525;0,007300625;0,94
1199;0;0;0;0;0;0;0;0;0;0,004914855;0,009912652;0,003398905;0,000426223;0,94
1200;0;0;0;0;0;0;0;0;0;0,003770503;0,0108305;0,003584702;0,000508198;0,94
1201;0;0;0;0;0;0;0;0;0;0,00098361;0,002469958;0,00098361;0;0,94
1202;0;0;0;0;0;0;0;0;0;0,00098361;0,0108305;0,006557377;0,000622952;0,94
1203;0;0;0;0;0;0;0;0;0;0,00098361;0,0108305;0,009344225;0,00098361;0,94
1204;0;0;0;0;0;0;0;0;0;0,00098361;0,001949733;0,001057932;0,000409835;0,94
1205;0;0;0;0;0;0;0;0;0;0,00990165;0,02050375;0,0188383;0,004327955;0,94
1206;0;0;0;0;0;0;0;0;0;0,0355905;0,06668875;0,038689;0,012131;0,94
1207;0;0;0;0;0;0;0;0;0;0,01554825;0,02748625;0,02629525;0,005628377;0,94
1208;0,138927821;0,049519078;0,096418366;0,039947456;0,11987125;0,0476825;0,08931975;0,03956275;0;0,001664858;0,00469958;0,005256805;0,00098361;0,94
1209;0,273919938;0,103206462;0,208751471;0,093226461;0,277778;0,10227275;0,20496825;0,093087;0;0,001664857;0,008043653;0,003398905;0,00098361;0,94
1210;0,397724013;0,208556672;0,243113092;0,135920842;0,4183525;0,210338;0,2481975;0,136685;0;0,02572875;0,04324075;0,02969975;0,00977825;0,94
1211;0,477326605;0,252792348;0,319290936;0,173951132;0,5064525;0,25750725;0,326132;0,175695;0;0,07234975;0,11719775;0,081224;0,04833675;0,94
1212;0,524945132;0,259633658;0,335015211;0,187196961;0,56027;0,26519;0,3441325;0,1894325;0;0,08459;0,15705;0,0874885;0,038689;0,94
1213;0,433970053;0,239438645;0,260982079;0,162116329;0,4618175;0,2445825;0,2678375;0,1640725;0;0,13048;0,15705;0,15536;0,07923475;0,94
1214;0,367266553;0,208745211;0,2108526;0,129458053;0,38803;0,21266;0,21516925;0,13064475;0;0,122025;0,15705;0,15705;0,08459;0,94
1215;0,254246475;0,108546209;0,155478004;0,095222846;0,267511;0,10960925;0,157712;0,0957345;0;0,151735;0,2430425;0,15705;0,08459;0,94
1216;0,114077215;0,067267092;0,095558266;0,036495979;0,11639425;0,0673376;0,0953655;0,0364965;0;0,088696;0,16113;0,1461825;0,0593445;0,94
1217;0,001186201;0,002277218;0,001592365;0,000752147;0,001107875;0,00224845;0,00146429;0,000742468;0;0,20003;0,32337;0,248815;0,185045;0,94
1218;0;0;0;0;0;0;0;0;0;0,3374325;0,579015;0,4866375;0,3745;0,94
1219;0;0;0;0;0;0;0;0;0;0,5160675;0,883365;0,7520625;0,5914525;0,94
1220;0;0;0;0;0;0;0;0;0;0,471475;0,70892;0,6296175;0,4954125;0,94
1221;0;0;0;0;0;0;0;0;0;0,24635;0,3597275;0,3146425;0,1591975;0,94
1222;0;0;0;0;0;0;0;0;0;0,1341025;0,233525;0,170645;0,05092925;0,94
1223;0;0;0;0;0;0;0;0;0;0,15705;0,25902;0,15705;0,0639345;0,94
1224;0;0;0;0;0;0;0;0;0;0,15705;0,25902;0,1876375;0,08459;0,94
1225;0;0;0;0;0;0;0;0;0;0,240325;0,3598325;0,288145;0,13772825;0,94
1226;0;0;0;0;0;0;0;0;0;0,25902;0,39344;0,39344;0,21313;0,94
1227;0;0;0;0;0;0;0;0;0;0,3015875;0,5514775;0,4103475;0,26574;0,94
1228;0;0;0;0;0;0;0;0;0;0,502135;0,8732025;0,674075;0,4998925;0,94
1229;0;0;0;0;0;0;0;0;0;0,56066;0,93808;0,76721;0,56066;0,94
1230;0;0;0;0;0;0;0;0;0;0,48541;0,77777;0,6398375;0,42967;0,94
1231;0;0;0;0;0;0;0;0;0;0,39344;0,7155725;0,56066;0,32175;0,94
1232;0,064133554;0,054616591;0,032624108;0,067545059;0,060999;0,0521315;0,032061175;0,06423625;0;0,3329525;0,56066;0,42967;0,18424;0,94
1233;0,102641811;0,144565425;0,072144861;0,123664658;0,10054875;0,142752;0,0714215;0,122112;0;0,3112675;0,4810475;0,433835;0,19096;0,94
1234;0,113815646;0,141846671;0,116021278;0,158250695;0,11431025;0,14318;0,11570675;0,160044;0;0,6862725;0,9534925;0,851705;0,6172375;0,94
1235;0,145557719;0,17728438;0,121207883;0,193592329;0,14652075;0,17865;0,12117325;0,19617;0;0,629505;0,93913;0,8029225;0,506985;0,94
1236;0,164892872;0,274220684;0,189436303;0,233479105;0,1663045;0,27998;0,1909075;0,238;0;0,90895;0,99808;0,9895125;0,87273;0,94
1237;0,096918004;0,342990158;0,222672474;0,244497632;0,09747025;0,354765;0,226095;0,24996;0;0,896805;0,9985125;0,991435;0,8343875;0,94
1238;0,238473561;0,390399197;0,254203856;0,233514742;0,2424305;0,40973;0,258705;0,2380215;0;0,76721;0,9701125;0,940365;0,535475;0,94
1239;0,180688421;0,410529197;0,191133869;0,111541149;0,18503;0,4344225;0,1945675;0,11318125;0;0,65705;0,9198425;0,7895625;0,3777575;0,94
1240;0,10988548;0,171728885;0,086262588;0,037063038;0,1091335;0,1756215;0,08464475;0,037041;0;0,4240975;0,6191825;0,508885;0,1961375;0,94
1241;0,007882335;0,005685704;0,004393832;0,000848203;0,007233968;0,005027575;0,004114685;0,000837978;0;0,3105475;0,4126;0,3798475;0,11825225;0,94
1242;0;0;0;0;0;0;0;0;0;0,1789175;0,254645;0,24727;0,04045325;0,94
1243;0;0;0;0;0;0;0;0;0;0,3006525;0,43753;0,34639;0,07693975;0,94
1244;0;0;0;0;0;0;0;0;0;0,2386225;0,3329525;0,2769425;0,07311475;0,94
1245;0;0;0;0;0;0;0;0;0;0,15705;0,25902;0,208035;0,038689;0,94
1246;0;0;0;0;0;0;0;0;0;0,12081925;0,170645;0,15705;0,0223115;0,94
1247;0;0;0;0;0;0;0;0;0;0,08459;0,15705;0,15705;0,015672;0,94
1248;0;0;0;0;0;0;0;0;0;0,08459;0,15705;0,15705;0,03674125;0,94
1249;0;0;0;0;0;0;0;0;0;0,043186;0,1209405;0,09549825;0,0110075;0,94
1250;0;0;0;0;0;0;0;0;0;0,006666653;0,02219125;0,01965575;0,00037705;0,94
1251;0;0;0;0;0;0;0;0;0;0,004324603;0,00953005;0,010273275;0;0,94
1252;0;0;0;0;0;0;0;0;0;8,52E-05;0,000213123;0,0002459;0;0,94
1253;0;0;0;0;0;0;0;0;0;0;0,00047541;0;0;0,94
1254;0;0;0;0;0;0;0;0;0;0;0,00098361;0,000868855;0;0,94
1255;0;0;0;0;0;0;0;0;0;0;0,00098361;0,00098361;0;0,94
1256;0,027750264;0,137475138;0,065929121;0,140019801;0,027347;0,12498325;0,06327075;0,13518275;0;0,000540985;0,00098361;0,00098361;0;0,94
1257;0,070942117;0,383478908;0,154122118;0,282455684;0,07053225;0,39015;0,1529075;0,28994;9,72E-05;0,006136705;0,01733325;0,011142153;0,001996003;0,94
1258;0,110225956;0,300172974;0,216257842;0,449474487;0,11038;0,3145325;0,219575;0,475785;0,000247999;0,11299525;0,127114;0,10693;0,04951225;0,94
1259;0,127632869;0,273736698;0,195472895;0,471290013;0,1282475;0,2834525;0,19822;0,50278;6,61E-05;0,1541525;0,1461825;0,1401435;0,069201;0,94
1260;0,134603724;0,253715053;0,248143184;0,502573382;0,1353775;0,2597375;0,251975;0,53757;9,66E-05;0,06715525;0,051633;0,047808;0,009788178;0,94
1261;0,115990698;0,171928741;0,17862004;0,466527197;0,1165575;0,17506875;0,181235;0,499145;0,000176982;0,038689;0,01295725;0,01295725;0,00098361;0,94
1262;0,091587166;0,181186855;0,252506049;0,381865618;0,09175475;0,18340175;0,255715;0,405875;0;0,038689;0,012131;0,012131;0,00098361;0,94
1263;0,062690743;0,200235711;0,169025061;0,263556119;0,0625695;0,20453;0,17193875;0,2782025;0;0,04863425;0,0214935;0,01788525;0,003956355;0,94
1264;0,028623849;0,068932247;0,10087875;0,101780266;0,02839425;0,069519;0,1012325;0,10412625;0;0,1862525;0,13814;0,1200355;0,054757;0,94
1265;0,001142834;0,001248367;0,001741539;0,001153124;0,001122862;0,001171165;0,00168483;0,001024857;0;0,3743375;0,39213;0,354;0,24116;0,94
1266;0;0;0;0;0;0;0;0;0;0,559545;0,761085;0,674075;0,6188525;0,94
1267;0;0;0;0;0;0;0;0;0;0,5437525;0,915585;0,8183825;0,7138125;0,94
1268;0;0;0;0;0;0;0;0;0;0,235105;0,42848;0,3744575;0,21664;0,94
1269;0;0;0;0;0;0;0;0;0;0,15705;0,39344;0,25902;0,15705;0,94
1270;0;0;0;0;0;0;0;0;0;0,15705;0,3892575;0,25902;0,1541525;0,94
1271;0;0;0;0;0;0;0;0;0;0,1389325;0,26544;0,2386225;0,08676375;0,94
1272;0;0;0;0;0;0;0;0;0;0,1449725;0,3665575;0,2558475;0,1539525;0,94
1273;0;0;0;0;0;0;0;0;0;0,0441055;0,14819275;0,115538;0,03627975;0,94
1274;0;0;0;0;0;0;0;0;0;0,182887;0,3320775;0,2546;0,13859275;0,94
1275;0;0;0;0;0;0;0;0;0;0,509;0,8283925;0,7108925;0,5077175;0,94
1276;0;0;0;0;0;0;0;0;0;0,56066;0,99666;0,971025;0,876645;0,94
1277;0;0;0;0;0;0;0;0;0;0,56066;0,9985125;0,9473;0,9330875;0,94
1278;0;0;0;0;0;0;0;0;0;0,5216375;0,981975;0,94;0,7712425;0,94
1279;0;0;0;0;0;0;0;0;0;0,6531125;0,9962375;0,95688;0,8068375;0,94
1280;0,038397253;0,023096189;0,016733135;0,167989184;0,03800225;0,022596525;0,016217725;0,1742425;0;0,9916875;1;0,9999825;0,9978475;0,94
1281;0,093079098;0,056624534;0,048104681;0,344552882;0,0930315;0,055935;0,04729725;0,3615625;0;0,9782875;1;0,9993;0,968875;0,94
1282;0,139101671;0,086596804;0,074854946;0,422265276;0,1398325;0,08612875;0,0741375;0,4466975;0;0,8570625;0,984675;0,870315;0,6220625;0,94
1283;0,177231648;0,1106235;0,09770683;0,531280303;0,17888925;0,1104425;0,097177;0,5663325;0;0,9135075;0,980055;0,873765;0,4954125;0,94
1284;0,16333978;0,120387513;0,083082482;0,518109118;0,164919;0,120415;0,08265725;0,5551375;3,43E-05;0,5886875;0,55105;0,499015;0,1591975;0,94
1285;0,159178457;0,112181408;0,060809696;0,429953684;0,160393;0,11221;0,060301;0,4575775;6,79E-05;0,622625;0,54115;0,443605;0,107535;0,94
1286;0,1274046;0,091829641;0,077980153;0,37758679;0,1281865;0,0917395;0,0772985;0,397915;3,13E-05;0,80177;0,7431125;0,64672;0,22673;0,94
1287;0,071466797;0,0601704;0,059585282;0,289028033;0,07152525;0,05992725;0,05907225;0,3031855;0;0,76721;0,5882;0,507705;0,170645;0,94
1288;0,034151412;0,027391488;0,034119146;0,12659338;0,033901;0,02705425;0,03367225;0,12797725;0;0,76721;0,56066;0,56066;0,15705;0,94
1289;0,001414463;0,001214911;0,003194345;0,001093765;0,001394303;0,001188885;0,00313715;0,001025008;0;0,63754;0,5298525;0,5079025;0,17116;0,94
1290;0;0;0;0;0;0;0;0;0;0,211245;0,2097275;0,1634925;0,032296;0,94
1291;0;0;0;0;0;0;0;0;0;0,08579775;0,1184025;0,095458;0,012308;0,94
1292;0;0;0;0;0;0;0;0;0;0,161925;0,242025;0,222195;0,04209625;0,94
1293;0;0;0;0;0;0;0;0;0;0,08805;0,1464915;0,1100645;0,0175103;0,94
1294;0;0;0;0;0;0;0;0;0;0,0174425;0,04215275;0,034756;0,00091039;0,94
1295;0;0;0;0;0;0;0;0;0;0,027623;0,0646995;0,038689;0,00098361;0,94
1296;0;0;0;0;0;0;0;0;0;0,015672;0,021011;0,0180859;0,00098361;0,94
1297;0;0;0;0;0;0;0;0;0;0,00302733;0,00098361;0,000556668;0,000131148;0,94
1298;0;0;0;0;0;0;0;0;0;0,00098361;0,003027328;0,00098033;0;0,94
1299;0;0;0;0;0;0;0;0;0;0,000262295;0,000409833;0,000213123;0;0,94
1300;0;0;0;0;0;0;0;0;0;0,000868855;8,52E-05;1,64E-05;8,52E-05;0,94
1301;0;0;0;0;0;0;0;0;0;0,0122034;0,004248075;0,003535625;0,003581525;0,94
1302;0;0;0;0;0;0;0;0;0;0,081416;0,08357075;0,0511325;0,04561925;0,94
1303;0;0;0;0;0;0;0;0;0;0,335315;0,39308;0,29965;0,3257525;0,94
1304;0,057912036;0,151521592;0,165017842;0,041306327;0,05811975;0,1476435;0,169555;0,040913275;0;0,256545;0,3060675;0,262155;0,1591975;0,94
1305;0,137180653;0,311817553;0,343064803;0,084903332;0,1388565;0,319435;0,358065;0,08459575;0,000202171;0,15875;0,2993475;0,25902;0,1063275;0,94
1306;0,18122779;0,424405895;0,443300644;0,13307158;0,18399;0,4473325;0,468755;0,13345475;0,000375962;0,25392;0,490985;0,3777575;0,175745;0,94
1307;0,253457408;0,511769132;0,602409513;0,14691529;0,258535;0,54476;0,6441525;0,1479425;0,000481389;0,25902;0,56066;0,39344;0,1401425;0,94
1308;0,29108293;0,524612842;0,517651619;0,156084553;0,29734675;0,5621375;0,5561375;0,1573675;0,000498849;0,25902;0,56066;0,518855;0,15705;0,94
1309;0,203478663;0,495433974;0,50673904;0,141892421;0,2069205;0,5314275;0,542295;0,1430485;0,00045847;0,26126;0,6926275;0,6054125;0,1611275;0,94
1310;0,166277171;0,463486026;0,41693179;0,113484079;0,1685525;0,496125;0,4438625;0,1141375;0,000370128;0,38672;0,9391925;0,862245;0,25664;0,94
1311;0,102344436;0,291774237;0,308682474;0,081223105;0,10320125;0,3102175;0,325545;0,08135625;0,000223691;0,39344;0,990735;0,9198425;0,25902;0,94
1312;0,045452385;0,127033062;0,173837961;0,034950592;0,0455075;0,13159775;0,1810325;0,03477875;1,42E-05;0,3329525;0,86549;0,732785;0,22673;0,94
1313;0,001578686;0,002085918;0,006131589;0,001278777;0,001563658;0,002050418;0,006303788;0,0012615;0;0,2386225;0,5759375;0,48541;0,107535;0,94
1314;0;0;0;0;0;0;0;0;0;0,1774425;0,4090475;0,315025;0,0930425;0,94
1315;0;0;0;0;0;0;0;0;0;0,362075;0,6978025;0,5104925;0,3097775;0,94
1316;0;0;0;0;0;0;0;0;0;0,42967;0,62951;0,56066;0,350875;0,94
1317;0;0;0;0;0;0;0;0;0;0,51796;0,6069175;0,52572;0,355755;0,94
1318;0;0;0;0;0;0;0;0;0;0,205995;0,236575;0,17197;0,078187;0,94
1319;0;0;0;0;0;0;0;0;0;0,151735;0,15705;0,08459;0,038689;0,94
1320;0;0;0;0;0;0;0;0;0;0,088696;0,1611275;0,107535;0,03072125;0,94
1321;0;0;0;0;0;0;0;0;0;0,20003;0,2902425;0,235225;0,07005475;0,94
1322;0;0;0;0;0;0;0;0;0;0,307925;0,4518675;0,4139875;0,1772225;0,94
1323;0;0;0;0;0;0;0;0;0;0,6640425;0,9289975;0,8266275;0,5905225;0,94
1324;0;0;0;0;0;0;0;0;0;0,80177;0,999615;0,967375;0,862245;0,94
1325;0;0;0;0;0;0;0;0;0;0,67036;0,9510775;0,82694;0,533585;0,94
1326;0;0;0;0;0;0;0;0;0;0,3261975;0,490655;0,38564;0,14260075;0,94
1327;0;0;0;0;0;0;0;0;0;0,25902;0,39344;0,25902;0,08459;0,94
1328;0,001743164;0,14123627;0,001703735;0,017207081;0;0,14504225;0;0,016763875;0;0,25902;0,39344;0,25902;0,08459;0,94
1329;0,011150455;0,267955342;0,012308435;0,04151042;0,00905075;0,2772875;0,010240325;0,04093275;0,000200005;0,25902;0,39344;0,288145;0,08459;0,94
1330;0,020535249;0,246161487;0,021852367;0,064816192;0,019995;0,2544775;0,02123125;0,0643765;0,000201496;0,25902;0,39344;0,39344;0,08459;0,94
1331;0,026255588;0,306493698;0,027066663;0,078538543;0,025755125;0,3150225;0,0264495;0,078239;0,000301627;0,25902;0,39344;0,32175;0,08459;0,94
1332;0,028864638;0,413601671;0,02938667;0,08168205;0,0283775;0,430725;0,02878175;0,0814635;0,000354029;0,25902;0,39344;0,25902;0,08459;0,94
1333;0,427851592;0,40443;0,381523698;0,076391424;0,4466;0,4243025;0,3953575;0,07616875;0,000292028;0,25902;0,3892575;0,25902;0,08459;0,94
1334;0,361728395;0,25355252;0,317064355;0,062535434;0,379325;0,2643185;0,328815;0,06225975;0,000307866;0,1791425;0,25912;0,2386225;0,04451375;0,94
1335;0,278814947;0,189718989;0,215311539;0,042874251;0,29183;0,19410625;0,2212275;0,04254875;0,000201327;0,09425;0,15943;0,1099525;0,013754;0,94
1336;0,134823083;0,046150578;0,124344407;0,018413845;0,14029525;0,047004975;0,127168;0,01813065;4,22E-05;0,08459;0,15705;0,09425;0,012131;0,94
1337;0,005541953;0,001585823;0,005416439;0,001026597;0,005694423;0,001564222;0,00554075;0,00099449;0;0,1184035;0,15705;0,143765;0,03072125;0,94
1338;0;0;0;0;0;0;0;0;0;0,05628425;0,09425;0,0585795;0,0087869;0,94
1339;0;0;0;0;0;0;0;0;0;0,05398925;0,09425;0,0677595;0,012308;0,94
1340;0;0;0;0;0;0;0;0;0;0,13724575;0,2141525;0,148595;0,04286125;0,94
1341;0;0;0;0;0;0;0;0;0;0,08072225;0,12633;0,1020775;0,02319675;0,94
1342;0;0;0;0;0;0;0;0;0;0,02452475;0,04710425;0,03976;0,005256805;0,94
1343;0;0;0;0;0;0;0;0;0;0,012131;0,03674125;0,03381975;0,00098361;0,94
1344;0;0;0;0;0;0;0;0;0;0,005253525;0,008778025;0,00580762;0,000327868;0,94
1345;0;0;0;0;0;0;0;0;0;0,000108195;0,000314752;0,00013224;0;0,94
1346;0;0;0;0;0;0;0;0;0;0,007075458;0,01505145;0,014530125;0,000721313;0,94
1347;0;0;0;0;0;0;0;0;0;0,028331;0,038689;0,038689;0,0108305;0,94
1348;0;0;0;0;0;0;0;0;0;0,01149055;0,03337725;0,02452475;0,002469958;0,94
1349;0;0;0;0;0;0;0;0;0;0,001057933;0,003584805;0,00302733;0,000327868;0,94
1350;0;0;0;0;0;0;0;0;0;0,000131148;0,000721313;0,000688523;0;0,94
1351;0;0;0;0;0;0;0;0;0;0;0;0;0;0,94
1352;0,132061468;0,10103719;0,08979497;0,089620686;0,13573375;0,10262225;0,09106;0,08994385;0;0;0;0;0;0,94
1353;0,246060596;0,374121829;0,162888782;0,153888553;0,25348075;0,390135;0,16494225;0,1557425;0,00015321;0;0;0;0;0,94
1354;0,161678092;0,574417737;0,309402434;0,354072494;0,1653225;0,6122925;0,3162605;0,36510575;0,000360565;0;0;0;0;0,94
1355;0,213185368;0,708523027;0,398248934;0,433644987;0,21577;0,7651;0,410445;0,4530225;0,000376424;0;0;0;0;0,94
1356;0,309142382;0,451422474;0,436825816;0,499614079;0,31631;0,4826525;0,4551575;0,5287775;0,000214012;0;0;0;0;0,94
1357;0,517141145;0,078447043;0,435065645;0,447095487;0,5438825;0,08173325;0,4534575;0,4738525;0,000138338;0;0,000491803;0,00047541;0,0002459;0,94
1358;0,42214729;0,02288439;0,320786961;0,346262487;0,44745;0,02260095;0,331235;0,3640075;2,56E-05;0,000622952;0,003398905;0,00302733;0,00284153;0,94
1359;0,48519079;0,012334585;0,171588987;0,176269934;0,513185;0,011924325;0,1749625;0,18257425;0;0,010273275;0,032492;0,02718025;0,012131;0,94
1360;0,147193642;0,003549574;0,103852982;0,090143392;0,1548125;0,003378553;0,10503325;0,09168175;0;0,012131;0,038689;0,02806575;0,012131;0,94
1361;0,009116073;0;0,008830658;0,002506375;0,009355825;0;0,008937403;0,002535715;0;0,01965575;0,05117075;0,04557425;0,02372125;0,94
1362;0;0;0;0;0;0;0;0;0;0,114258;0,20685;0,18557;0,14765025;0,94
1363;0;0;0;0;0;0;0;0;0;0,112365;0,204635;0,1420305;0,1236775;0,94
1364;0;0;0;0;0;0;0;0;0;0,04710425;0,09425;0,05200025;0,03301625;0,94
1365;0;0;0;0;0;0;0;0;0;0,0669945;0,13040075;0,081224;0,06388375;0,94
1366;0;0;0;0;0;0;0;0;0;0,02496725;0,06019;0,04398275;0,02457575;0,94
1367;0;0;0;0;0;0;0;0;0;0,009344225;0,02541;0,01295725;0,006928927;0,94
1368;0;0;0;0;0;0;0;0;0;0,00098361;0,002469958;0,012131;0,00098361;0,94
1369;0;0;0;0;0;0;0;0;0;0,003584805;0,002655755;0,012131;0,000459015;0,94
1370;0;0;0;0;0;0;0;0;0;0,03010175;0,05747;0,0355905;0,0108305;0,94
1371;0;0;0;0;0;0;0;0;0;0,013813;0,035896;0,02408175;0,010459125;0,94
1372;0;0;0;0;0;0;0;0;0;0,061036;0,06668875;0,07158475;0,012131;0,94
1373;0;0;0;0;0;0;0;0;0;0,03976;0,03412575;0,04710425;0,010273275;0,94
1374;0;0;0;0;0;0;0;0;0;0,038689;0,038689;0,07076875;0,012131;0,94
1375;0,010317079;0;0,00335457;0;0,00975145;0;0,002882427;0;0;0,018204;0,01788525;0,02723125;0,005256805;0,94
1376;0,172792934;0,129189091;0,182516013;0,086449923;0,177335;0,13235675;0,1872225;0,088022;0;0,001664858;0,002469958;0,005256805;0,00098361;0,94
1377;0,262489421;0,241745408;0,389438447;0,185198408;0,2723175;0,24833;0,408375;0,18861;0;0,001330433;0,01127325;0,008043653;0,001429508;0,94
1378;0,334437316;0,300606395;0,47572054;0,228930592;0,3494175;0,309465;0,50566;0,2334975;0;0,01178425;0,043481;0,01788525;0,01269725;0,94
1379;0,456281605;0,336847619;0,506057605;0,269850356;0,4815175;0,34679;0,539355;0,2758775;5,20E-05;0,03027875;0,08459;0,038689;0,03786275;0,94
1380;0,486479013;0,317659105;0,494793474;0,255882158;0,516915;0,3267575;0,527325;0,26173;7,99E-05;0,02009825;0,148595;0,038689;0,040525;0,94
1381;0,594073382;0,371745237;0,444083211;0,282070421;0,6370675;0,38445;0,4717925;0,289415;7,90E-05;0,038689;0,1791425;0,0616395;0,083519;0,94
1382;0,365080184;0,300654553;0,340880842;0,248302828;0,389435;0,3114475;0,3585575;0,25483325;6,26E-05;0,038689;0,25902;0,07923475;0,08459;0,94
1383;0,427102737;0,194194303;0,226149474;0,127978161;0,4513;0,19987;0,2347975;0,13052075;1,93E-05;0,040117;0,1910375;0,05092925;0,0930425;0,94
1384;0,2247789;0,080039143;0,112983478;0,04855905;0,23760225;0,08128375;0,11546;0,04877;0;0,11939125;0,45186;0,19788;0,3097775;0,94
1385;0,005449384;0,002125666;0,002626568;0,001683624;0,0056696;0,002129098;0,00266685;0,00167005;0;0,179145;0,5567575;0,25902;0,3880625;0,94
1386;0;0;0;0;0;0;0;0;0;0,15705;0,3754875;0,240325;0,262155;0,94
1387;0;0;0;0;0;0;0;0;0;0,240325;0,39344;0,34639;0,25902;0,94
1388;0;0;0;0;0;0;0;0;0;0,25902;0,366555;0,2905325;0,1747225;0,94
1389;0;0;0;0;0;0;0;0;0;0,3385475;0,490985;0,4866375;0,2992075;0,94
1390;0;0;0;0;0;0;0;0;0;0,5483975;0,7431125;0,7520625;0,5114225;0,94
1391;0;0;0;0;0;0;0;0;0;0,4463925;0,5882;0,598525;0,3245;0,94
1392;0;0;0;0;0;0;0;0;0;0,4057025;0,80071;0,70468;0,475335;0,94
1393;0;0;0;0;0;0;0;0;0;0,628395;0,99055;0,9596475;0,9095025;0,94
1394;0;0;0;0;0;0;0;0;0;0,8939225;1;0,996065;0,99475;0,94
1395;0;0;0;0;0;0;0;0;0;0,94807;1;0,99979;0,9938375;0,94
1396;0;0;0;0;0;0;0;0;0;0,6452275;0,99825;0,9654325;0,8355625;0,94
1397;0;0;0;0;0;0;0;0;0;0,405705;0,93418;0,7904425;0,5000325;0,94
1398;0;0;0;0;0;0;0;0;0;0,6749175;0,995885;0,97772;0,8283825;0,94
1399;0;0;0;0,008400714;0;0;0;0,00791776;0;0,76721;1;1;0,9536875;0,94
1400;0,001536988;0,063748291;0,053788516;0,075470404;0;0,0638385;0,053296;0,0756825;0;0,76721;0,99968;0,9854125;0,8213075;0,94
1401;0,081100062;0,140382671;0,10871115;0,11345687;0,0791725;0,141545;0,10844725;0,114253;0;0,6702625;0,9152175;0,81799;0,427025;0,94
1402;0,209395342;0,206313237;0,108282304;0,424547961;0,212985;0,20951;0,108172;0,4432325;2,80E-05;0,351585;0,39309;0,344335;0,080241;0,94
1403;0,141198466;0,267623053;0,117775188;0,42771675;0,14372925;0,2726575;0,1175555;0,450835;5,61E-05;0,135695;0,117444;0,09146275;0,007330053;0,94
1404;0,187690579;0,253515197;0,204251357;0,544087895;0,1896975;0,2586875;0,20514375;0,5810375;8,74E-05;0,0639345;0,041494;0,02673775;0,00052459;0,94
1405;0,349806908;0,218473105;0,345823528;0,485951684;0,3607525;0,222345;0,3548335;0,5216125;8,23E-05;0,038689;0,03786275;0,012131;0,0007541;0,94
1406;0,371831921;0,181095356;0,389281934;0,421345461;0,38783;0,183665;0,4047075;0,449975;4,82E-05;0,0342625;0,0121398;0,0091585;0;0,94
1407;0,137938658;0,108919915;0,464388987;0,284928592;0,142945;0,1099155;0,48961;0,301225;2,85E-05;0,012131;0,001057933;0,00098361;0;0,94
1408;0,056832817;0,061794284;0,226952266;0,158350382;0,05759975;0,06192775;0,2393395;0,1657125;0;0,032492;0,0108305;0,0108305;0,000360655;0,94
1409;0,002245145;0,002305076;0,018568415;0,004849645;0,002229425;0,002302275;0,019210063;0,0050019;0;0,015672;0,012131;0,005256805;0;0,94
1410;0;0;0;0;0;0;0;0;0;0,012131;0,012131;0,008043653;0,0002459;0,94
1411;0;0;0;0;0;0;0;0;0;0,01443275;0,0320495;0,028951;0,002469958;0,94
1412;0;0;0;0;0;0;0;0;0;0,03860025;0,07540975;0,05551925;0,012131;0,94
1413;0;0;0;0;0;0;0;0;0;0,038689;0,08459;0,04939925;0,01275075;0,94
1414;0;0;0;0;0;0;0;0;0;0,07234975;0,148595;0,1413505;0,057517;0,94
1415;0;0;0;0;0;0;0;0;0;0,088213;0,19104;0,15705;0,08459;0,94
1416;0;0;0;0;0;0;0;0;0;0,16604;0,355355;0,1534275;0,09666625;0,92
1417;0;0;0;0;0;0;0;0;0;0,08213125;0,13366475;0,055962;0,03913675;0,92
1418;0;0;0;0;0;0;0;0;0;0,02363925;0,02457575;0,0187705;0,007114803;0,92
1419;0;0;0;0;0;0;0;0;0;0,012131;0,012131;0,012131;0,00098361;0,92
1420;0;0;0;0;0;0;0;0;0;0,012131;0,012131;0,006557377;0,002469958;0,92
1421;0;0;0;0;0;0;0;0;0;0,012131;0,012131;0,00098361;0,012131;0,92
1422;0;0;0;0;0;0;0;0;0;0,012131;0,008601025;0,00098361;0,002469958;0,92
1423;0;0,003676191;0;0,003149817;0;0,003171238;0;0,002696525;0;0,01611475;0,0187705;0,00499458;0,0108305;0,92
1424;0,148421187;0,196539592;0,185362145;0,091787021;0,15247;0,20211;0,19084;0,092823;0;0,0628635;0,08297775;0,05083625;0,03381975;0,92
1425;0,249209881;0,403493329;0,464726092;0,184822776;0,256465;0,425075;0,487125;0,1879895;0;0,038995;0,04259525;0,03603275;0,01983275;0,92
1426;0,25909429;0,571516224;0,31527529;0,232759145;0,26612;0,612285;0,329835;0,2373225;6,92E-06;0,07005475;0,10942625;0,114258;0,053047;0,92
1427;0,323486211;0,653418355;0,261316777;0,344781632;0,33249;0,7073075;0,2687075;0,353005;5,10E-05;0,0919175;0,16328;0,1942325;0,04939925;0,92
1428;0,428224816;0,65457896;0,255407803;0,342939111;0,4447025;0,712335;0,26006;0,3523855;7,07E-05;0,24341;0,4084075;0,54802;0,176833;0,92
1429;0,468884526;0,620379632;0,15402821;0,319710632;0,491635;0,6748975;0,1552425;0,32821;4,62E-05;0,49377;0,848185;0,962005;0,4799825;0,92
1430;0,352356869;0,546228513;0,164923934;0,28619081;0,369525;0,59114;0,1658425;0,2936035;0;0,4072275;0,6694425;0,92691;0,4444525;0,92
1431;0,281475671;0,414143448;0,237143921;0,18558945;0,293195;0,4439;0,2418525;0,18939975;0;0,08993;0,09516925;0,2272965;0,07159775;0,92
1432;0,172485446;0,217618303;0,1078419;0,085106558;0,18001625;0,22943;0,11033775;0,086441;0;0,015672;0,006928927;0,042055;0,007114803;0,92
1433;0,035811896;0,017157516;0,002730895;0,00245846;0,036977075;0,017741588;0,00274398;0,002486175;0;0,012131;0,00098361;0,015672;0,00098361;0,92
1434;0;0;0;0;0;0;0;0;0;0,0091585;0,00098361;0,010273275;0,00098361;0,92
1435;0;0;0;0;0;0;0;0;0;0,00098361;0,000459025;0,000540985;0,000868855;0,92
1436;0;0;0;0;0;0;0;0;0;0,00037705;0;0;0;0,92
1437;0;0;0;0;0;0;0;0;0;0,000868855;0;0;0;0,92
1438;0;0;0;0;0;0;0;0;0;0,00098361;0;0;0,000868855;0,92
1439;0;0;0;0;0;0;0;0;0;0,000868855;0;0;0,000786888;0,92
1440;0;0;0;0;0;0;0;0;0;0,000213123;9,95E-05;9,95E-05;9,95E-05;0,92
1441;0;0;0;0;0;0;0;0;0;0,007114803;0,007113708;0,007113708;0,007113708;0,92
1442;0;0;0;0;0;0;0;0;0;0,012131;0,008043725;0,008043725;0,008415275;0,92
1443;0;0;0;0;0;0;0;0;0;0,01699975;0,02372125;0,019213;0,019366;0,92
1444;0;0;0;0;0;0;0;0;0;0,07158475;0,17654275;0,111963;0,1204645;0,92
1445;0;0;0;0;0;0;0;0;0;0,08459;0,2318275;0,15705;0,15705;0,92
1446;0;0;0;0;0;0;0;0;0;0,1127485;0,1936075;0,1557525;0,14922925;0,92
1447;0;0;0;0;0;0;0;0;0;0,6011875;0,8532275;0,7261875;0,7622;0,92
1448;0,060892769;0,027868131;0,028487562;0,046225078;0,06088175;0,027359425;0,0279545;0,04594125;0;0,67801;0,95496;0,74848;0,7588625;0,92
1449;0,123098803;0,098600641;0,062366159;0,073182663;0,123765;0,098132;0,06160225;0,0728655;0;0,21851;0,346745;0,24439;0,2522425;0,92
1450;0,177213829;0,123600367;0,087443901;0,076943313;0,17903;0,12367375;0,08681575;0,0767085;0;0,085073;0,15705;0,09425;0,10270425;0,92
1451;0,17674429;0,160867595;0,114468426;0,118083158;0,178695;0,161483;0,11407825;0,1181625;0;0,085073;0,15705;0,09425;0,09425;0,92
1452;0,205248947;0,30813829;0,127498027;0,148880131;0,2077475;0,3144175;0,1273425;0,1496275;0;0,151735;0,239645;0,15705;0,15705;0,92
1453;0,204798671;0,368029855;0,115807698;0,113936282;0,20763;0,38012;0,11567;0,11448925;0;0,112365;0,1645275;0,112365;0,15705;0,92
1454;0,152150053;0,40105654;0,095978684;0,098689251;0,1539375;0,4193675;0,09573325;0,09890125;0;0,1163725;0,18282;0,117845;0,177985;0,92
1455;0,097133751;0,452318211;0,059056026;0,073372646;0,097794;0,475735;0,058706;0,07335125;0;0,590625;0,7543625;0,611535;0,6712275;0,92
1456;0,046952021;0,013945659;0,031055582;0,043799605;0,046899;0,014653775;0,03062775;0,0435695;0;0,9944125;0,999995;0,9983025;0,99979;0,92
1457;0,002775279;0,001123329;0,002322819;0,004004791;0,002751475;0,001037228;0,002276385;0,003967438;0;0,9319175;0,9906025;0,962625;0,9488025;0,92
1458;0;0;0;0;0;0;0;0;0;0,4300875;0,5814775;0,51223;0,438645;0,92
1459;0;0;0;0;0;0;0;0;0;0,22673;0,22581;0,24897;0,2114325;0,92
1460;0;0;0;0;0;0;0;0;0;0,359385;0,4418575;0,38776;0,4390725;0,92
1461;0;0;0;0;0;0;0;0;0;0,23838;0,26543;0,2800725;0,243415;0,92
1462;0;0;0;0;0;0;0;0;0;0,1353115;0,15875;0,136632;0,15773;0,92
1463;0;0;0;0;0;0;0;0;0;0,2599475;0,2920025;0,242025;0,271705;0,92
1464;0;0;0;0;0;0;0;0;0;0,25902;0,1791425;0,262155;0,24712;0,92
1465;0;0;0;0;0;0;0;0;0;0,3710375;0,26945;0,460525;0,4072675;0,92
1466;0;0;0;0;0;0;0;0;0;0,3929925;0,474265;0,5077075;0,5300025;0,92
1467;0;0;0;0;0;0;0;0;0;0,2587725;0,2603325;0,2892475;0,243415;0,92
1468;0;0;0;0;0;0;0;0;0;0,175745;0,097873;0,16566;0,15705;0,92
1469;0;0;0;0;0;0;0;0;0;0,3172675;0,13772825;0,284065;0,2524975;0,92
1470;0;0;0;0;0;0;0;0;0;0,435245;0,21731;0,42131;0,4432575;0,92
1471;0;0;0,013944769;0,013309012;0;0;0,0133451;0,012830175;0;0,7155725;0,4868025;0,7155725;0,694915;0,92
1472;0,033416523;0,081936083;0,239694122;0,08491489;0,03300225;0,0828965;0,24716175;0,085253;0;0,746325;0,6088525;0,760785;0,7293425;0,92
1473;0,061057228;0,22318969;0,466804106;0,198321434;0,060576;0,226658;0,49151;0,2012575;0;0,3959025;0,4010925;0,438175;0,3956725;0,92
1474;0,102560183;0,232756737;0,600748066;0,264774513;0,1024515;0,23683375;0,6438075;0,270715;0;0,130866;0,15740525;0,1250105;0,12965675;0,92
1475;0,142369184;0,318940105;0,69605254;0,254752856;0,1429175;0,325695;0,753945;0,260255;2,45E-05;0,0662295;0,06928975;0,038995;0,044809;0,92
1476;0,205150224;0,271835905;0,706671355;0,208157684;0,207135;0,277684;0,770195;0,2115875;3,96E-05;0,112365;0,1602675;0,07923475;0,07923475;0,92
1477;0,194935934;0,27158404;0,662404619;0,168670619;0,19738;0,2767875;0,7217125;0,17054;0;0,08459;0,15705;0,0677595;0,05398925;0,92
1478;0,150211697;0,209655395;0,575094355;0,153782605;0,15152375;0,21337;0,622335;0,1552125;0;0,088213;0,210515;0,085073;0,0677595;0,92
1479;0,078139074;0,167219862;0,409727369;0,103565238;0,07840625;0,1693565;0,4383725;0,10425475;0;0,1881325;0,4849425;0,151735;0,148595;0,92
1480;0,033721843;0,056649336;0,225130934;0,045590838;0,033527;0,05669825;0,23703;0,04551925;0;0,15705;0,3879775;0,151735;0,148595;0,92
1481;0,005291238;0,002960868;0,017850179;0,002317384;0,005209433;0,00293235;0,018397175;0,00229566;0;0,112365;0,2386225;0,085073;0,08459;0,92
1482;0;0;0;0;0;0;0;0;0;0,10149825;0,15875;0,10270425;0,10029025;0,92
1483;0;0;0;0;0;0;0;0;0;0,2284275;0,25392;0,27115;0,22333;0,92
1484;0;0;0;0;0;0;0;0;0;0,3329525;0,3777575;0,39344;0,3329525;0,92
1485;0;0;0;0;0;0;0;0;0;0,3986425;0,39344;0,3962275;0,42967;0,92
1486;0;0;0;0;0;0;0;0;0;0,543195;0,39344;0,548395;0,55397;0,92
1487;0;0;0;0;0;0;0;0;0;0,414065;0,294865;0,3872475;0,4224275;0,92
1488;0;0;0;0;0;0;0;0;0;0,81035;0,62508;0,5978025;0,8312625;0,92
1489;0;0;0;0;0;0;0;0;0;0,5997;0,3641525;0,3653025;0,6023875;0,92
1490;0;0;0;0;0;0;0;0;0;0,2903825;0,1791425;0,2352225;0,2225575;0,92
1491;0;0;0;0;0;0;0;0;0;0,262155;0,21313;0,25902;0,19104;0,92
1492;0;0;0;0;0;0;0;0;0;0,46777;0,2386225;0,257885;0,3710375;0,92
1493;0;0;0;0;0;0;0;0;0;0,394555;0,15875;0,16328;0,39344;0,92
1494;0;0;0;0;0;0;0;0;0;0,5090825;0,2718425;0,2417575;0,5160675;0,92
1495;0;0,007266867;0,018845147;0;0;0,006776233;0,0181854;0;0;0,7952625;0,4698675;0,48141;0,7665825;0,92
1496;0,15106939;0,238107079;0,242446106;0,086222376;0,15478675;0,2460565;0,2495125;0,08705425;0;0,9810625;0,952915;0,8990275;0,99374;0,92
1497;0,281215859;0,498318632;0,461265947;0,290839974;0,28878975;0,5246;0,4856;0,300035;0;0,9546;0,95679;0,940365;0,9564825;0,92
1498;0,355361921;0,41043529;0,62627175;0,442910566;0,366755;0,433785;0,6704325;0,46383;0;0,8948625;0,9824275;0,9778175;0,89718;0,92
1499;0,417242408;0,43091925;0,682375697;0,398704026;0,4321975;0,4525425;0,7381375;0,41749;0,000154356;0,37509;0,4988625;0,5280375;0,31529;0,92
1500;0,427593948;0,57202429;0,714607776;0,39201971;0,444065;0,6065875;0,777425;0,4061025;0,000279119;0,12074575;0,1791425;0,19104;0,09425;0,92
1501;0,408911092;0,264360355;0,670444579;0,390907264;0,4245275;0,27947175;0,7297;0,40489;0,00013578;0,08459;0,15705;0,15705;0,08459;0,92
1502;0,313096145;0,336255277;0,570403777;0,509127671;0,3239175;0,3460025;0,617585;0,5340375;8,22E-06;0,08459;0,15705;0,15705;0,07923475;0,92
1503;0,260495684;0,225636833;0,449216842;0,079548173;0,2689925;0,2333375;0,481205;0,08343525;0;0,08459;0,1497225;0,1568075;0,038689;0,92
1504;0,08789779;0,047534972;0,247358211;0,101035745;0,09015275;0,048164;0,2605975;0,101864;0;0,044809;0,06019;0,0717445;0,03160675;0,92
1505;0,003815709;0,002715287;0,022883717;0,013810266;0,003852035;0,002680573;0,023630125;0,014046993;0;0,01788525;0,01788525;0,02319675;0,012131;0,92
1506;0;0;0;0;0;0;0;0;0;0,0108305;0,002469958;0,010273275;0,005256805;0,92
1507;0;0;0;0;0;0;0;0;0;0,00098361;0,000213123;0,000672133;0,000737708;0,92
1508;0;0;0;0;0;0;0;0;0;0,002469958;0,000540985;0,00098361;0,001169407;0,92
1509;0;0;0;0;0;0;0;0;0;0,01443275;0,00377053;0,008601025;0,01157365;0,92
1510;0;0;0;0;0;0;0;0;0;0,03860025;0,012131;0,012131;0,0355905;0,92
1511;0;0;0;0;0;0;0;0;0;0,034705;0,01178425;0,012131;0,03027875;0,92
1512;0;0;0;0;0;0;0;0;0;0,005442603;0,001330433;0,00469958;0,005814178;0,92
1513;0;0;0;0;0;0;0;0;0;0,00098361;0,00098361;0,00098361;0,00098361;0,92
1514;0;0;0;0;0;0;0;0;0;0,009344225;0,001169407;0,002469958;0,00414208;0,92
1515;0;0;0;0;0;0;0;0;0;0,01655725;0,01157365;0,012131;0,012131;0,92
1516;0;0;0;0;0;0;0;0;0;0,00414208;0,003398905;0,005256805;0,005256805;0,92
1517;0;0;0;0;0;0;0;0;0;0,000770495;0,00098361;0,00098361;0,001057932;0,92
1518;0;0;0;0;0;0;0;0;0;0,006483103;0,0091585;0,0100874;0,01131355;0,92
1519;0,00993306;0,009435235;0,003982417;0,046908655;0,009467053;0,008969215;0,003499225;0,041845825;0;0,001057933;0,002469958;0,00469958;0,006928927;0,92
1520;0,044614437;0,036688851;0,103140727;0,175824474;0,04394575;0,03595375;0,104038;0,17353;0;0,00098361;0,00098361;0,00098361;0,00098361;0,92
1521;0,162729379;0,101982288;0,190175526;0,339048434;0,1643625;0,10160825;0,192655;0,3540125;0;0,00098361;0,000459025;0,000491803;0,00098361;0,92
1522;0,362720448;0,144849316;0,253994368;0,341025316;0,372965;0,14505;0,25789;0,3554;6,66E-06;0,00098361;0;0;0,00098361;0,92
1523;0,65300179;0,248855921;0,319387974;0,472652882;0,6968275;0,2522975;0,325355;0,49506;0,000133011;0,00098361;0;0;0,000868855;0,92
1524;0,654795671;0,146296461;0,341269476;0,438614882;0,7071325;0,148295;0,34891175;0,4595925;0,000252979;0,000953007;0;0;0;0,92
1525;0,095156629;0,113315526;0,305236776;0,427509671;0,10205175;0,113497;0,3119575;0,4479;0,000251901;3,06E-05;0;0;0;0,92
1526;0,259409724;0,095550079;0,302250987;0,372578369;0,2643025;0,095425;0,3091;0,3916925;0,000252298;0,000737705;0;0;0;0,92
1527;0,283664447;0,056608883;0,196417753;0,306599645;0,292885;0,05633525;0,20057825;0,3207775;0,000137008;0,00098361;0,000540985;0,000131148;0,000622952;0,92
1528;0,27787924;0,052950328;0,078630766;0,123955772;0,28878275;0,05243725;0,07927625;0,12892775;3,16E-05;0,006743153;0,00098361;0,00098361;0,00098361;0,92
1529;0,016096646;0,006782115;0,003827997;0,003220386;0,016750545;0,00671807;0,003824915;0,003293945;0;0,00098361;0,00098361;0,00098361;0,00098361;0,92
1530;0;0;0;0;0;0;0;0;0;0,00098361;0,00098361;0,00042623;0,00098361;0,92
1531;0;0;0;0;0;0;0;0;0;0,006371653;0,008486403;0,007486428;0,0091585;0,92
1532;0;0;0;0;0;0;0;0;0;0,02142625;0,037361;0,03337725;0,03337725;0,92
1533;0;0;0;0;0;0;0;0;0;0,01832775;0,05249925;0,04333;0,04633925;0,92
1534;0;0;0;0;0;0;0;0;0;0,09097375;0,28797;0,19510925;0,21342675;0,92
1535;0;0;0;0;0;0;0;0;0;0,471065;0,939225;0,79459;0,8770525;0,92
1536;0;0;0;0;0;0;0;0;0;0,2731975;0,60791;0,4344125;0,4795125;0,92
1537;0;0;0;0;0;0;0;0;0;0,1051205;0,20082;0,12965675;0,15400775;0,92
1538;0;0;0;0;0;0;0;0;0;0,05016425;0,0771005;0,0616395;0,0578145;0,92
1539;0;0;0;0;0;0;0;0;0;0,038689;0,038689;0,038689;0,038689;0,92
1540;0;0;0;0;0;0;0;0;0;0,038689;0,07923475;0,038689;0,05245925;0,92
1541;0;0;0;0;0;0;0;0;0;0,041494;0,05483475;0,04333;0,04633925;0,92
1542;0;0;0;0;0;0;0;0;0;0,1215185;0,2109025;0,13646925;0,13893425;0,92
1543;0,019420249;0;0,004557678;0,019281049;0,0189245;0;0,004104055;0,0188254;0;0,1449725;0,22673;0,15705;0,15705;0,92
1544;0,051931788;0,086820257;0,027691271;0,068912021;0,05135175;0,08728275;0,02688075;0,06847675;0;0,07158475;0,104169;0,08945775;0,10239825;0,92
1545;0,02167635;0,351311842;0,043056288;0,114299152;0,02133825;0,364705;0,04237575;0,11443625;0;0,038689;0,03684875;0,03603275;0,043483;0,92
1546;0,524160158;0,246128981;0,0720105;0,109510331;0,5545125;0,25439;0,0712475;0,10981175;0;0,093848;0,13984;0,1230955;0,132907;0,92
1547;0,64215904;0,26912895;0,082485083;0,163175803;0,6881325;0,27377125;0,08184125;0,1641325;0;0,2575525;0,41626;0,3649625;0,333495;0,92
1548;0,364229475;0,369058026;0,116797342;0,230681131;0,389436;0,37969;0,1163025;0,2334575;0;0,616065;0,8583175;0,7443725;0,7779825;0,92
1549;0,366811461;0,172956671;0,112551501;0,204519355;0,379615;0,1773375;0,1123225;0,2074625;6,17E-05;0,9088075;0,9984275;0,9653375;0,99301;0,92
1550;0,400192105;0,12826157;0,090498316;0,181326513;0,4165725;0,129026;0,09018575;0,1835225;0;0,99825;1;1;1;0,92
1551;0,080305938;0,080304253;0,090131353;0,104036704;0,0836495;0,08017875;0,08970975;0,10495075;0;0,99877;0,9999825;0,9997375;1;0,92
1552;0,009363195;0,142993552;0,052328128;0,046403262;0,009169925;0,1450005;0,0519715;0,0463745;0;0,7664625;0,80817;0,808935;0,7819125;0,92
1553;0,002800037;0,059896237;0,018086396;0,002827761;0,002475568;0,06105295;0,0178041;0,002801283;0;0,3944275;0,48541;0,451965;0,48541;0,92
1554;0;0;0;0;0;0;0;0;0;0,2527875;0,304315;0,32141;0,284555;0,92
1555;0;0;0;0;0;0;0;0;0;0,14007;0,12919825;0,15132;0,136632;0,92
1556;0;0;0;0;0;0;0;0;0;0,2599475;0,29131;0,3252275;0,2599475;0,92
1557;0;0;0;0;0;0;0;0;0;0,262155;0,27067;0,278885;0,25554;0,92
1558;0;0;0;0;0;0;0;0;0;0,45495;0,53506;0,50057;0,50918;0,92
1559;0;0;0;0;0;0;0;0;0;0,312785;0,34072;0,3418825;0,3274875;0,92
1560;0;0;0;0;0;0;0;0;0;0,25902;0,25902;0,25902;0,226725;0,92
1561;0;0;0;0;0;0;0;0;0;0,298765;0,306035;0,312755;0,296525;0,92
1562;0;0;0;0;0;0;0;0;0;0,6883875;0,7136625;0,6499;0,6596575;0,92
1563;0;0;0;0;0;0;0;0;0;0,2285675;0,2117825;0,2127075;0,226155;0,92
1564;0;0;0;0;0;0;0;0;0;0,3390525;0,336675;0,32672;0,3412925;0,92
1565;0;0;0;0;0;0;0;0;0;0,334415;0,3384925;0,3478775;0,3306125;0,92
1566;0;0;0;0;0;0;0;0;0;0,04980625;0,037176777;0,051048;0,04252125;0,92
1567;0;0;0,002823589;0;0;0;0,002379763;0;0;0,005256805;0,00098361;0,001664858;0,002469958;0,92
1568;0,010957366;0,018454346;0,036674163;0,011571716;0,010568025;0,017982575;0,0358684;0,011205725;0;0,001429508;0,00098361;0,00098361;0,00098361;0,92
1569;0,024081356;0,052687385;0,10382794;0,028146122;0,0235115;0,0519085;0,10325775;0,0275735;0;0,02060325;0,007983605;0,0161494;0,01658475;0,92
1570;0,02789522;0,024170929;0,134394237;0,043327899;0,02740625;0,02378125;0,1342845;0,0428085;0;0,14688;0,12392325;0,1564265;0,12656475;0,92
1571;0,048314167;0,064921417;0,061407817;0,054363039;0,0478101;0,06415625;0,0611975;0,05391325;0;0,2791825;0,317155;0,25902;0,2785025;0,92
1572;0,072959933;0,099901627;0,033774817;0,053910837;0,072563;0,09948325;0,03328975;0,0535195;0;0,2471225;0,25902;0,25902;0,21313;0,92
1573;0,558359487;0,531646303;0,455183605;0,051783703;0,5877075;0,557845;0,4705525;0,0513825;0,000168194;0,15705;0,25902;0,204635;0,15705;0,92
1574;0,500158263;0,413953224;0,211428328;0,039202212;0,533055;0,437485;0,21810575;0,03882225;0,000150896;0,15705;0,22673;0,1568075;0,15705;0,92
1575;0,381027671;0,334379526;0,125192949;0,025852603;0,40497;0,3513675;0,1260455;0,025471;3,88E-05;0,108741;0,107533;0,094091;0,10391;0,92
1576;0,221818153;0,204733658;0,095851548;0,012709976;0,233837;0,21431;0,0961545;0,01237245;0;0,2906925;0,366245;0,31008;0,366245;0,92
1577;0,061979018;0,055384396;0,025665317;0,001783906;0,062738425;0,056724875;0,02575275;0,001699705;0;0,605425;0,6851675;0,6725275;0,66666;0,92
1578;0;0;0;0;0;0;0;0;0;0,999315;0,9999825;0,9999425;0,9998775;0,92
1579;0;0;0;0;0;0;0;0;0;1;1;1;1;0,92
1580;0;0;0;0;0;0;0;0;0;1;1;1;1;0,92
1581;0;0;0;0;0;0;0;0;0;0,9972;0,99755;0,9973775;0,9763;0,92
1582;0;0;0;0;0;0;0;0;0;0,98015;0,9930475;0,978325;0,94;0,92
1583;0;0;0;0;0;0;0;0;0;0,9473;0,9438925;0,89378;0,940365;0,92
1584;0;0;0;0;0;0;0;0;0;0,9990375;0,99329;0,9978625;0,9906525;0,92
1585;0;0;0;0;0;0;0;0;0;0,9786375;0,87275;0,9787275;0,8454325;0,92
1586;0;0;0;0;0;0;0;0;0;0,8356625;0,7018;0,75758;0,7293425;0,92
1587;0;0;0;0;0;0;0;0;0;0,4830275;0,3902925;0,4295625;0,39284;0,92
1588;0;0;0;0;0;0;0;0;0;0,2320825;0,084573;0,17156525;0,096526;0,92
1589;0;0;0;0;0;0;0;0;0;0,054915;0,005876555;0,0298305;0,009788178;0,92
1590;0;0;0;0;0;0;0;0;0;0,03337725;0,00098361;0,012131;0,00098361;0,92
1591;0,080280896;0,071921649;0,025011188;0;0,08285275;0,07309575;0,0243593;0;0;0,012131;0,00098361;0,009344275;0,001169407;0,92
1592;0,288788448;0,158847612;0,075949093;0,009883132;0,3026675;0,161805;0,07511075;0,009585175;0;0,01965575;0,00098361;0,012131;0,01157365;0,92
1593;0,513172934;0,12788642;0,142494395;0,037444713;0,5457125;0,12905425;0,142415;0,03689575;0;0,012131;0,00098361;0,00469958;0,00469958;0,92
1594;0,658657934;0,443823158;0,236852566;0,049354137;0,70957;0,4584975;0,23966;0,04885925;0;0,012131;0,00098361;0,00098361;0,0108305;0,92
1595;0,735532382;0,444155447;0,415465382;0,052709539;0,8001375;0,46406;0,4281425;0,05228225;0;0,015672;0,016305975;0,00499458;0,01863375;0,92
1596;0,780870632;0,351562264;0,446953421;0,035177175;0,854235;0,36511;0,4629375;0,0347985;0;0,07066675;0,1383655;0,05083625;0,1259065;0,92
1597;0,722876487;0,345802579;0,366409342;0,520203987;0,790955;0,3554375;0,37823;0,54666;0,000192496;0,042667;0,0693475;0,03072125;0,0684755;0,92
1598;0,635344697;0,029997745;0,404764698;0,473555842;0,69165;0,03082085;0,42027;0,5008025;0,000155301;0,038689;0,083162;0,038689;0,084437;0,92
1599;0,484449158;0,111238958;0,368082829;0,353642684;0,52219;0,1109345;0,38478;0,3738475;6,70E-05;0,038689;0,08459;0,038689;0,08459;0,92
1600;0,280929079;0,103046337;0,325494395;0,193021658;0,2989525;0,10362225;0,34051;0,2018575;0;0,05797425;0,11525425;0,05306225;0,11525425;0,92
1601;0,071552278;0,033792659;0,085997479;0,02339197;0,0742695;0,033954325;0,08963475;0,024160715;0;0,3894475;0,766645;0,4156375;0,7263525;0,92
1602;0;0;0,000125625;0;0;0;0,00012954;0;0;0,312785;0,5609325;0,3710075;0,538715;0,92
1603;0;0;0;0;0;0;0;0;0;0,3670525;0,493305;0,461705;0,4806575;0,92
1604;0;0;0;0;0;0;0;0;0;0,9139725;0,9847975;0,9589525;0,96952;0,92
1605;0;0;0;0;0;0;0;0;0;0,91477;0,902885;0,931435;0,8491825;0,92
1606;0;0;0;0;0;0;0;0;0;0,9990325;0,9982125;0,999545;0,994585;0,92
1607;0;0;0;0;0;0;0;0;0;1;1;1;1;0,92
1608;0;0;0;0;0;0;0;0;0;1;1;0,9979875;0,9985125;0,92
1609;0;0;0;0;0;0;0;0;0;1;1;0,99475;0,9884875;0,92
1610;0;0;0;0;0;0;0;0;0;0,999125;0,99979;0,998015;0,9997025;0,92
1611;0;0;0;0;0;0;0;0;0;0,8694025;0,85983;0,814885;0,847585;0,92
1612;0;0;0;0;0;0;0;0;0;0,8576775;0,7231125;0,4885425;0,4748325;0,92
1613;0;0;0;0;0;0;0;0;0;0,3606175;0,2437875;0,132385;0,145172;0,92
1614;0;0;0;0;0;0;0;0;0;0,110065;0,05628425;0,038689;0,042055;0,92
1615;0,092579219;0,076839052;0;0;0,09586725;0,0787295;0;0;0;0,08459;0,038689;0,038689;0,038689;0,92
1616;0,324605882;0,246597316;0,005090048;0,00745713;0,341225;0,25656;0,004772475;0,007104275;0;0,083162;0,05245925;0,038689;0,046339;0,92
1617;0,546943658;0,45664279;0,056999203;0,018282904;0,5831375;0,482955;0,05602325;0,01769775;0;0,026838;0,009912652;0,02054075;0,01832775;0,92
1618;0,698128145;0,591342829;0,043906516;0,02752007;0,75455;0,6328025;0,0433805;0,02698125;5,46E-05;0,01275075;0,001330433;0,0073715;0,007557375;0,92
1619;0,782527263;0,66391196;0,163384808;0,034028609;0,8551475;0,717165;0,163348;0,033507;0,000236222;0,062872;0,0309175;0,08060175;0,09770975;0,92
1620;0,799372895;0,650386816;0,217023553;0,035180546;0,879035;0,7052825;0,21877;0,0347125;0,000224698;0,128788;0,083162;0,222195;0,15705;0,92
1621;0,76572979;0,64698446;0,456873947;0,454299908;0,8423875;0,7011125;0,472035;0,4735325;0,000227316;0,085073;0,05016425;0,16328;0,15705;0,92
1622;0,673548355;0,550880566;0,611306684;0,3926265;0,736845;0,5941925;0,6478925;0,411695;0,000176075;0,08459;0,0677595;0,2386225;0,15705;0,92
1623;0,523678579;0,388354895;0,248233721;0,279602329;0,5665675;0,41447;0,26362975;0,29222;5,38E-05;0,097873;0,085073;0,262155;0,19104;0,92
1624;0,316484053;0,227663076;0,255337974;0,160806434;0,337545;0,24012425;0,2626575;0,166575;2,18E-05;0,2043725;0,2075725;0,46695;0,433005;0,92
1625;0,081086506;0,06193033;0,078389013;0,016609321;0,08539665;0,06438025;0,08091775;0,0170171;0;0,437335;0,51527;0,7773175;0,8263775;0,92
1626;3,86E-05;2,47E-05;0,00010145;0;3,99E-05;2,53E-05;0,000103363;0;0;0,205995;0,2036925;0,2917375;0,31529;0,92
1627;0;0;0;0;0;0;0;0;0;0,121085;0,10587675;0,13818;0,1345955;0,92
1628;0;0;0;0;0;0;0;0;0;0,45382;0,47814;0,41538;0,394245;0,92
1629;0;0;0;0;0;0;0;0;0;0,808115;0,9279125;0,727965;0,6501625;0,92
1630;0;0;0;0;0;0;0;0;0;0,5153675;0,5971625;0,4147675;0,3522075;0,92
1631;0;0;0;0;0;0;0;0;0;0,5554575;0,53279;0,3919475;0,390305;0,92
1632;0;0;0;0;0;0;0;0;0;0,435245;0,26543;0,2661;0,3665575;0,92
1633;0;0;0;0;0;0;0;0;0;0,294865;0,15705;0,16566;0,25902;0,92
1634;0;0;0;0;0;0;0;0;0;0,2454225;0,2250275;0,2487075;0,2386225;0,92
1635;0;0;0;0;0;0;0;0;0;0,1039135;0,0709775;0,08241625;0,074481;0,92
1636;0;0;0;0;0;0;0;0;0;0,085073;0,03249175;0,038689;0,04863425;0,92
1637;0;0;0;0;0;0;0;0;0;0,180775;0,0605925;0,0547945;0,148683;0,92
1638;0;0;0;0;0;0;0;0;0;0,410005;0,15492;0,1826575;0,33349;0,92
1639;0;0,071027934;0;0;0;0,07264535;0;0;0;0,101367;0,03504875;0,04046725;0,08022525;0,92
1640;0,006477574;0,260707579;0,033773854;0,011356643;0,006112595;0,27142;0,03326725;0,0110008;0;0,01788525;0,001330433;0,008043725;0,012131;0,92
1641;0,018118926;0,38873775;0,210624091;0,03024677;0,01753825;0,409205;0,2132085;0,0295805;0;0,012131;0,001949733;0,012131;0,012131;0,92
1642;0,028191632;0,528455842;0,513924198;0,037953719;0,02765025;0,5615275;0,539585;0,03747675;0;0,02541;0,01784825;0,03027875;0,012131;0,92
1643;0,034616858;0,550897421;0,68223604;0,035477439;0,034115;0,588995;0,7301525;0,03503225;0;0,038689;0,038689;0,038689;0,012131;0,92
1644;0,036855478;0,601973684;0,561217658;0,036480569;0,03637775;0,6463925;0,603105;0,0360065;0;0,041494;0,05535775;0,05837725;0,030379;0,92
1645;0,451863119;0,559604369;0,409671987;0,50527504;0,470975;0,60175;0,43152;0,531235;0;0,1232185;0,3073575;0,282655;0,132907;0,92
1646;0,400064487;0,4757085;0,4180635;0,437008816;0,4193925;0,50824;0,4357525;0,4614475;0;0,3440275;0,77439;0,7668325;0,3659325;0,92
1647;0,324593842;0,307762658;0,404372211;0,333084079;0,3395875;0,3242725;0,42337;0,3504825;0;0,9139725;0,9999825;0,999965;0,9540325;0,92
1648;0,187286053;0,170303171;0,133512466;0,179795092;0,1947375;0,17656;0,13820525;0,1874075;0;0,85531;1;0,9979025;0,8607625;0,92
1649;0,053097932;0,047302514;0,011325822;0,047125414;0,054830925;0,0486082;0,011402275;0,0486327;0;0,69836;0,98085;0,9068425;0,65705;0,92
1650;5,12E-05;7,27E-05;2,84E-05;0;5,20E-05;7,34E-05;2,51E-05;0;0;0,42131;0,6732025;0,6122975;0,4240975;0,92
1651;0;0;0;0;0;0;0;0;0;0,3835825;0,4557925;0,492275;0,385225;0,92
1652;0;0;0;0;0;0;0;0;0;0,1798575;0,13646975;0,1525275;0,1661855;0,92
1653;0;0;0;0;0;0;0;0;0;0,07311475;0,03444825;0,044809;0,05322425;0,92
1654;0;0;0;0;0;0;0;0;0;0,0376265;0,01131355;0,0187705;0,0307215;0,92
1655;0;0;0;0;0;0;0;0;0;0,01275075;0,001057933;0,003398905;0,007114803;0,92
1656;0;0;0;0;0;0;0;0;0;0,012131;0,00098361;0,00098361;0,00098361;0,92
1657;0;0;0;0;0;0;0;0;0;0,012131;0,00098361;0,00098361;0,009344225;0,92
1658;0;0;0;0;0;0;0;0;0;0,009344225;0,00098361;0,00098361;0,002469958;0,92
1659;0;0;0;0;0;0;0;0;0;0,00098361;0,000459025;0,000459025;0,00098361;0,92
1660;0;0;0;0;0;0;0;0;0;0,00098361;0;0;0,00098361;0,92
1661;0;0;0;0;0;0;0;0;0;0,00098361;0,000868855;0;0,00098361;0,92
1662;0;0;0;0;0;0;0;0;0;0,00098361;0,000409835;0;0,00098361;0,92
1663;0,02853885;0,0805932;0,005556699;0;0,02834875;0,08289075;0,005076475;0;0;0,005814303;0,00098361;0,000868855;0,006000053;0,92
1664;0,033323818;0,272568869;0,032111925;0,02614155;0,0329985;0,2844275;0,03130175;0,0257755;0;0,000459025;0,000262295;0,000131148;0,000426223;0,92
1665;0,136204733;0,470464106;0,062945499;0,059177144;0,136787;0,498175;0,062159;0,05868075;0;0;0;0;0;0,92
1666;0,081288359;0,596486092;0,101859967;0,063471383;0,08166975;0,6401325;0,10128775;0,06311325;9,41E-05;0;0;0;0;0,92
1667;0,229621177;0,675320566;0,129954079;0,076302091;0,2321435;0,731825;0,1297675;0,07598;0,000188454;0;0;0;0;0,92
1668;0,295569079;0,695929737;0,127854395;0,118025368;0,3018725;0,75944;0,1277775;0,11806;0,000130674;0;0;0;0;0,92
1669;0,423283816;0,677574355;0,111617961;0,152682198;0,4393425;0,7403325;0,1114225;0,153435;0;0;0;0;0;0,92
1670;0,424959711;0,593351013;0,096390193;0,164114881;0,4454575;0,6449525;0,096088;0,165465;0;0;0;0;0;0,92
1671;0,271555145;0,454687579;0,097796886;0,183499398;0,2827775;0,4892775;0,097443;0,18606525;0;0;0;0;0;0,92
1672;0,315178973;0,270700342;0,039273245;0,085510843;0,327725;0,2874575;0,03899425;0,0867145;0;0;0;0;0;0,92
1673;0,087489892;0,076675315;0,01030733;0,0160099;0,0914115;0,08033475;0,010044075;0,01597495;0;0;0;0;0;0,92
1674;0,000496436;0,000122444;4,72E-05;0;0,000513975;0,00012595;4,34E-05;0;0;0;0;0;0;0,92
1675;0;0;0;0;0;0;0;0;0;0;0;0;0;0,92
1676;0;0;0;0;0;0;0;0;0;0;0;0;0;0,92
1677;0;0;0;0;0;0;0;0;0;0;0;0;0;0,92
1678;0;0;0;0;0;0;0;0;0;0;0;0;0;0,92
1679;0;0;0;0;0;0;0;0;0;0;0;0;0;0,92
1680;0;0;0;0;0;0;0;0;0;0;0;0;0;0,92
1681;0;0;0;0;0;0;0;0;0;0;0;0;0;0,92
1682;0;0;0;0;0;0;0;0;0;0;0;0;0;0,92
1683;0;0;0;0;0;0;0;0;0;0;0;0;0;0,92
1684;0;0;0;0;0;0;0;0;0;0;0;0;0;0,92
1685;0;0;0;0;0;0;0;0;0;0;0;0;0;0,92
1686;0;0;0;0;0;0;0;0;0;0;0;0;0;0,92
1687;0,066430686;0,028807619;0,012920161;0,047081807;0,0674685;0,028332175;0,012392375;0,0470755;0;0;0;0;0;0,92
1688;0,10203478;0,268680118;0,203554271;0,143142118;0,10330975;0,2784375;0,20851725;0,1447675;4,60E-06;0;0;0;0;0,92
1689;0,111326605;0,431107066;0,282833724;0,26969625;0,111999;0,4528875;0,2907625;0,2757225;0,000139;0;0;0;0;0,92
1690;0,313264697;0,360184934;0,296031395;0,320355947;0,3208775;0,377015;0,302995;0,3286;0,000246615;0;0;0;0;0,92
1691;0,173332303;0,459390197;0,21507075;0,332848106;0,17769;0,478555;0,2187575;0,34199;0,000329593;0;0;0;0;0,92
1692;0,144596487;0,156284408;0,128180905;0,339936947;0,145585;0,1619925;0,12868525;0,3493325;0,000357811;0;0;0;1,64E-05;0,92
1693;0,219195474;0,104286884;0,173515303;0,300603987;0,22202;0,10438675;0,1739125;0,308245;0,000335866;0,00047541;0,000786888;0,000622952;0,001900553;0,92
1694;0,120577737;0,144842092;0,249231553;0,252234198;0,1221575;0,14515;0,2524975;0,2579225;0,000264481;0,00098361;0,0108305;0,0097779;0,012094;0,92
1695;0,041384968;0,034653939;0,128776137;0,173134856;0,04136725;0,0347115;0,13056225;0,176412;0,000157783;0,00098361;0,002655755;0,001664858;0,005665703;0,92
1696;0,01951093;0,009567047;0,069605736;0,099456888;0,01916;0,00926245;0,069306;0,1006945;3,16E-05;0,006185753;0,01157365;0,00990165;0,012094;0,92
1697;0,003213191;0,009635142;0,036998025;0,026914629;0,003123178;0,00909325;0,036745;0,0270575;0;0,012131;0,0355905;0,012131;0,012131;0,92
1698;0;6,73E-05;0,000563664;3,35E-05;0;6,44E-05;0,00056275;3,30E-05;0;0,0089726;0,015672;0,01200725;0,012131;0,92
1699;0;0;0;0;0;0;0;0;0;0,00098361;0,003398905;0,001664858;0,003956355;0,92
1700;0;0;0;0;0;0;0;0;0;0,00098361;0,009344225;0,002469958;0,0108305;0,92
1701;0;0;0;0;0;0;0;0;0;0,00302733;0,015672;0,012308;0,012131;0,92
1702;0;0;0;0;0;0;0;0;0;0,02054075;0,0677595;0,03674125;0,0355905;0,92
1703;0;0;0;0;0;0;0;0;0;0,012131;0,05016425;0,03337725;0,0376265;0,92
1704;0;0;0;0;0;0;0;0;0;0,005256805;0,01658475;0,004885355;0,01145025;0,92
1705;0;0;0;0;0;0;0;0;0;0,00055737;0,00098361;0,000262295;0,00098361;0,92
1706;0;0;0;0;0;0;0;0;0;0,003027353;0,0091585;0,008043653;0,0100874;0,92
1707;0;0;0;0;0;0;0;0;0;0,00098361;0,00377053;0,00377053;0,006557377;0,92
1708;0;0;0;0;0;0;0;0;0;0,00098361;0,00098361;0,000491803;0,00098361;0,92
1709;0;0;0;0;0;0;0;0;0;0,00098361;0,00098361;0,000131148;0,00098361;0,92
1710;0;0;0;0;0;0;0;0;0;0,00098361;0,002469958;0,00098361;0,0108305;0,92
1711;0;0,061701099;0,004018078;0,050705688;0;0,0625075;0,003610125;0,05088;0;0,008043653;0,012131;0,001429508;0,012131;0,92
1712;0,007745331;0,196987461;0,109844787;0,060327154;0,0073851;0,202685;0,1104355;0,06025925;0;0,012131;0,0355905;0,011871;0,03027875;0,92
1713;0,031593987;0,320324645;0,09568444;0,134286845;0,03093175;0,332105;0,09608675;0,13464825;0;0,012131;0,03160675;0,012131;0,0320495;0,92
1714;0,041374855;0,406878829;0,034823696;0,136916266;0,04090775;0,4246;0,03455625;0,13755125;0;0,00377053;0,006928927;0,012131;0,012131;0,92
1715;0,393976607;0,467947855;0,185602934;0,297081237;0,40589875;0,490835;0,186315;0,3028075;0;0,001169407;0,001429508;0,012308;0,009530075;0,92
1716;0,62321854;0,487049684;0,141088184;0,325455868;0,65793;0,512155;0,1417675;0,3348;0;0,01157365;0,023822;0,03674125;0,024082;0,92
1717;0,365015171;0,458821934;0,353072013;0,265241645;0,3873475;0,4825375;0,361395;0,2721275;0;0,012131;0,038689;0,04710425;0,038689;0,92
1718;0,19979025;0,392506105;0,504677882;0,442681816;0,206235;0,4114675;0,5289275;0,460475;0;0,0355905;0,0608745;0,12565;0,038689;0,92
1719;0,544834342;0,278928119;0,444974132;0,36939754;0,57146;0,29085;0,47131;0,389075;0;0,038689;0,08459;0,15705;0,038689;0,92
1720;0,160993528;0,185251382;0,177194566;0,324244697;0,17019275;0,192015;0,185635;0,3410425;0;0,038689;0,08459;0,15705;0,0677595;0,92
1721;0,005860671;0,061964763;0,005999005;0,089982304;0,005991775;0,06379;0,006127;0,09424425;0;0,044809;0,095458;0,15943;0,08459;0,92
1722;0;0,000234072;0;0,000427931;0;0,000237733;0;0,00044205;0;0,142378;0,29119;0,3142475;0,209475;0,92
1723;0;0;0;0;0;0;0;0;0;0,521465;0,909015;0,7852625;0,7988025;0,92
1724;0;0;0;0;0;0;0;0;0;0,6021625;0,995975;0,7966175;0,952185;0,92
1725;0;0;0;0;0;0;0;0;0;0,9536775;1;0,995045;0,9999425;0,92
1726;0;0;0;0;0;0;0;0;0;0,8869875;0,99965;0,918285;0,9933225;0,92
1727;0;0;0;0;0;0;0;0;0;0,9416825;0,9999125;0,9795425;0,9997025;0,92
1728;0;0;0;0;0;0;0;0;0;0,6829;0,799695;0,842695;0,9138575;0,92
1729;0;0;0;0;0;0;0;0;0;0,9244625;0,9687;0,9895125;0,997585;0,92
1730;0;0;0;0;0;0;0;0;0;0,98356;0,9999125;0,999105;0,999615;0,92
1731;0;0;0;0;0;0;0;0;0;0,55642;0,7007475;0,644345;0,6925425;0,92
1732;0;0;0;0;0;0;0;0;0;0,1798575;0,12517375;0,1899425;0,21966;0,92
1733;0;0;0;0;0;0;0;0;0;0,07923475;0,0355905;0,0639345;0,0771005;0,92
1734;0;0;0;0;0;0;0;0;0;0,038689;0,012131;0,038689;0,038689;0,92
1735;0,082838321;0,011427146;0,083171333;0;0,08445775;0,010971;0,08479925;0;0;0,06066275;0,03209575;0,06356525;0,06401775;0,92
1736;0,105759312;0,044693175;0,254174961;0,014243684;0,1072805;0,04397375;0,26282;0,0138635;0;0,4185175;0,4034775;0,4320325;0,4533875;0,92
1737;0,182215026;0,073644738;0,423628145;0,066552285;0,1849825;0,0730545;0,444655;0,06604175;0;0,4659025;0,581545;0,56066;0,56066;0,92
1738;0,046288887;0,068141254;0,538058526;0,080819061;0,0469255;0,06767025;0,5718775;0,08055075;0;0,598525;0,879295;0,6673775;0,56066;0,92
1739;0,099707791;0,05419232;0,602404697;0,41789254;0,09957675;0,05370175;0,6463525;0,433505;0;0,52443;0,829945;0,5044725;0,527215;0,92
1740;0,160553605;0,1027728;0,604728316;0,432486789;0,1613125;0,10230825;0,6517775;0,4515775;0;0,231595;0,4498675;0,2281825;0,2225575;0,92
1741;0,207839842;0,150474158;0,576738947;0,223987185;0,2102675;0,1507225;0,6212275;0,2312175;0;0,1497225;0,348015;0,13757525;0,1425575;0,92
1742;0,391641672;0,152913356;0,503006803;0,415790447;0,4045125;0,15356;0,53877;0,43215;0;0,04867625;0,08024525;0,0298305;0,03350275;0,92
1743;0,135396162;0,156929724;0,384856224;0,439183145;0,13998825;0,157905;0,4082125;0,463345;0;0,01443275;0,038689;0,012131;0,012131;0,92
1744;0,049420836;0,077513021;0,2405535;0,272604987;0,04965925;0,0777885;0,2521475;0,2884825;0;0,04043625;0,08454725;0,0355905;0,0363555;0,92
1745;0,012568367;0,025620964;0,073279461;0,080337722;0,01236305;0,02541475;0,07587025;0,084025;0;0,083519;0,168465;0,07923475;0,082295;0,92
1746;0,000163718;0,000407175;0,000250806;0,001075944;0,000154048;0,00039815;0,0002551;0,001105275;0;0,0685245;0,101496;0,066471;0,0646995;0,92
1747;0;0;0;0;0;0;0;0;0;0,18746;0,2221225;0,20685;0,1753405;0,92
1748;0;0;0;0;0;0;0;0;0;0,34126;0,4028425;0,4131825;0,433005;0,92
1749;0;0;0;0;0;0;0;0;0;0,81035;0,79558;0,8758725;0,8686225;0,92
1750;0;0;0;0;0;0;0;0;0;0,65403;0,5818375;0,733015;0,764975;0,92
1751;0;0;0;0;0;0;0;0;0;0,8504975;0,821305;0,900455;0,8937325;0,92
1752;0;0;0;0;0;0;0;0;0;0,562295;0,5783625;0,6358325;0,5916675;0,92
1753;0;0;0;0;0;0;0;0;0;0,7472525;0,77661;0,702035;0,726595;0,92
1754;0;0;0;0;0;0;0;0;0;0,9638475;0,987375;0,9780675;0,9859875;0,92
1755;0;0;0;0;0;0;0;0;0;0,99979;1;1;1;0,92
1756;0;0;0;0;0;0;0;0;0;0,985025;0,9978125;0,997725;0,9985125;0,92
1757;0;0;0;0;0;0;0;0;0;0,904755;0,90602;0,898785;0,934995;0,92
1758;0;0;0;0;0;0;0;0;0;0,43457;0,3816825;0,405245;0,3889625;0,92
1759;0,12128927;0,00732248;0,044240009;0,032925793;0,12446075;0,006892025;0,043907;0,03250625;0;0,2318275;0,150035;0,21313;0,170645;0,92
1760;0,099090888;0,026259296;0,137729171;0,0852963;0,100834;0,025586;0,137967;0,084968;0;0,1658875;0,09908275;0,134028;0,15773;0,92
1761;0,167988944;0,066160038;0,214764947;0,175930421;0,16947575;0,065432;0,21728;0,17725;0;0,3505325;0,3069925;0,32672;0,2829075;0,92
1762;0,400127092;0,070064199;0,335856047;0,21133129;0,4138025;0,069553;0,34187275;0,2141875;5,62E-05;0,3486325;0,2666325;0,32141;0,24871;0,92
1763;0,457201421;0,102664686;0,352046732;0,23236425;0,4790475;0,102267;0,36065725;0,23608;6,32E-05;0,16465;0,09299275;0,12965675;0,11851775;0,92
1764;0,070931041;0,119616987;0,388458434;0,232031961;0,0737935;0,119565;0,39935;0,2358125;0;0,08620275;0,0515325;0,06171225;0,06290475;0,92
1765;0,151885184;0,145391092;0,310864027;0,239144882;0,152415;0,1456225;0,3198125;0,2430625;0;0,4637125;0,3888325;0,4197875;0,4432725;0,92
1766;0,255345197;0,113113745;0,302706079;0,179710816;0,2598325;0,11327875;0,30989;0,18229;0;0,42131;0,3219375;0,3710075;0,4240975;0,92
1767;0,074309317;0,10473692;0,201095329;0,166672066;0,0757305;0,10468925;0,204995;0,168675;0;0,39344;0,3777575;0,39344;0,39344;0,92
1768;0,012260109;0,060595394;0,118897267;0,088402003;0,012046925;0,06036075;0,120222;0,08923575;0;0,5077075;0,527215;0,48541;0,5160675;0,92
1769;0,006732474;0,01978596;0,036793643;0,02378687;0,00631745;0,019555675;0,036931975;0,023704;0;0,562035;0,5244275;0,56066;0,5244275;0,92
1770;0,000108454;0,000144077;0,000231738;0,00018733;0,000100095;0,00013969;0,000228705;0,00018285;0;0,7520625;0,7141925;0,650165;0,67403;0,92
1771;0;0;0;0;0;0;0;0;0;0,6400275;0,572885;0,50918;0,5648525;0,92
1772;0;0;0;0;0;0;0;0;0;0,95538;0,952915;0,9312925;0,9486825;0,92
1773;0;0;0;0;0;0;0;0;0;0,9727075;0,9763575;0,96695;0,9526425;0,92
1774;0;0;0;0;0;0;0;0;0;0,626835;0,5609325;0,58288;0,5382675;0,92
1775;0;0;0;0;0;0;0;0;0;0,35532;0,2885925;0,3105425;0,2890625;0,92
1776;0;0;0;0;0;0;0;0;0;0,8043875;0,56316;0,629835;0,7988025;0,92
1777;0;0;0;0;0;0;0;0;0;0,943345;0,622855;0,6570775;0,943345;0,92
1778;0;0;0;0;0;0;0;0;0;0,996855;0,984155;0,981045;0,997205;0,92
1779;0;0;0;0;0;0;0;0;0;0,9161075;0,842725;0,8462175;0,8398775;0,92
1780;0;0;0;0;0;0;0;0;0;0,622625;0,327455;0,34235;0,524655;0,92
1781;0;0;0;0;0;0;0;0;0;0,5849525;0,2247875;0,240325;0,527215;0,92
1782;0;0;0;0;0;0;0;0;0;0,3054875;0,07786475;0,09525775;0,230035;0,92
1783;0,031022714;0,060764909;0,066696758;0,055164146;0,03058305;0,06099475;0,06693575;0,05523325;0;0,42763;0,1687355;0,1944375;0,34167;0,92
1784;0,078882632;0,159207592;0,185895253;0,160752016;0,07844475;0,1611675;0,18820075;0,1623265;0;0,89269;0,7524525;0,7596225;0,8399025;0,92
1785;0,065421537;0,242181237;0,268099816;0,269277276;0,06519125;0,2467475;0,2734075;0,27509;0;0,9558975;0,9244325;0,86024;0,952185;0,92
1786;0,424254197;0,337789105;0,364088132;0,302580869;0,4393;0,3459475;0,3742775;0,3102625;0;0,999965;0,9999825;0,999995;0,9999425;0,92
1787;0,801364224;0,443575145;0,397786618;0,37486346;0,862245;0,46063;0,4115;0,387075;7,97E-05;1;1;1;1;0,92
1788;0,348335684;0,439907921;0,435660395;0,378761842;0,3763125;0,45866;0,4525975;0,392495;6,56E-05;0,9965;1;1;1;0,92
1789;0,226351737;0,418359671;0,417365211;0,342963671;0,2335725;0,4353975;0,43382;0,3542925;6,03E-05;0,989215;1;1;0,99342;0,92
1790;0,169277408;0,37591547;0,367673487;0,321608053;0,171705;0,3897785;0,3812125;0,3322125;1,76E-05;0,76459;0,9686;0,966775;0,682025;0,92
1791;0,172429342;0,298617474;0,256628605;0,216396537;0,1748875;0,30775;0,263945;0,222782;0;0,56066;0,847845;0,79025;0,471475;0,92
1792;0,032013202;0,166793423;0,154312583;0,146556513;0,03228375;0,171412;0,15737875;0,14948;0;0,435245;0,6035525;0,7259;0,294865;0,92
1793;0,09392475;0,053838359;0,054148255;0,049340171;0,09481;0,0545235;0,0546475;0,050159;0;0,30024;0,40366;0,451965;0,1781225;0,92
1794;0,000747603;0,000231567;0,000243583;0,000235266;0,000765025;0,00023165;0,000243218;0,000236365;0;0,437685;0,443605;0,48541;0,32495;0,92
1795;0;0;0;0;0;0;0;0;0;0,7699725;0,5724925;0,6262625;0,622165;0,92
1796;0;0;0;0;0;0;0;0;0;0,412635;0,2292475;0,2579775;0,2753;0,92
1797;0;0;0;0;0;0;0;0;0;0,1808425;0,07013525;0,098356;0,12806525;0,92
1798;0;0;0;0;0;0;0;0;0;0,3099275;0,133388;0,1823225;0,228705;0,92
1799;0;0;0;0;0;0;0;0;0;0,4650075;0,2476875;0,25902;0,3767125;0,92
1800;0;0;0;0;0;0;0;0;0;0,1939175;0,1128695;0,21313;0,145478;0,92
1801;0;0;0;0;0;0;0;0;0;0,08459;0,03976;0,097873;0,04863425;0,92
1802;0;0;0;0;0;0;0;0;0;0,08408;0,038689;0,05628425;0,038689;0,92
1803;0;0;0;0;0;0;0;0;0;0,03954625;0,01658475;0,02319675;0,0209835;0,92
1804;0;0;0;0;0;0;0;0;0;0,0091496;0,000737705;0,006557377;0,003956355;0,92
1805;0;0;0;0;0;0;0;0;0;0,000868855;0;0,00052459;0,0002459;0,92
1806;0;0;0;0;0;0;0;0;0;0;0;0,000131148;0;0,92
1807;0,084027339;0;0,095811576;0,093939197;0,08567925;0;0,097888;0,09593925;0;0,000868855;0;0,00098361;0,000540985;0,92
1808;0,217903398;0,006582607;0,251966921;0,228123948;0,224778;0,006270075;0,2609325;0,235605;0;0,008043653;0,000868855;0,003398905;0,003398905;0,92
1809;0,35086879;0,018295425;0,40194746;0,361583921;0,3669775;0,017692;0,421585;0,378595;8,84E-05;0,01965575;0,014212975;0,015672;0,015672;0,92
1810;0,46299;0,027193318;0,5011455;0,487781684;0,4901975;0,02661275;0,53202;0,5166625;0,000153692;0,097349;0,08144775;0,05322425;0,08112675;0,92
1811;0,493302987;0,032999234;0,558333;0,478528145;0,5250925;0,0324345;0,5978;0,5087575;0,000310006;0,05245925;0,04171025;0,0223115;0,04710425;0,92
1812;0,481013092;0,034920734;0,557938105;0,534636908;0,5110125;0,034375;0,6009775;0,570335;0,000289148;0,07903275;0,0637325;0,0355905;0,0608745;0,92
1813;0,454249342;0,414774316;0,545455579;0,543319777;0,4816575;0,4325175;0,5882275;0,5847175;0,000287718;0,16774;0,2118125;0,0646995;0,148595;0,92
1814;0,408783474;0,344398776;0,475101711;0,49484404;0,4327475;0,3596275;0,509705;0,533355;0,000260847;0,1051205;0,105233;0,038689;0,09425;0,92
1815;0,308588566;0,266720092;0,365215027;0,376963144;0,32467;0,2755525;0,3876875;0,4039075;0,000113526;0,08459;0,08459;0,038689;0,08459;0,92
1816;0,187033224;0,158733237;0,222968645;0,257784395;0,194475;0,1626775;0,2336825;0,2729925;1,44E-05;0,06240425;0,0578145;0,02983625;0,0616395;0,92
1817;0,067707953;0,053263113;0,07788769;0,07740876;0,06979175;0,054143;0,080662;0,08130425;0;0,08459;0,09425075;0,038689;0,09425075;0,92
1818;0,000299277;0,000309029;0,000375572;0,000448422;0,000304475;0,0003101;0,00038205;0,000461925;0;0,05092925;0,0417925;0,02629525;0,0474515;0,92
1819;0;0;0;0;0;0;0;0;0;0,01788525;0,012131;0,012131;0,012308;0,92
1820;0;0;0;0;0;0;0;0;0;0,012131;0,012131;0,012131;0,012131;0,92
1821;0;0;0;0;0;0;0;0;0;0,012131;0,012131;0,012131;0,012131;0,92
1822;0;0;0;0;0;0;0;0;0;0,012131;0,009344225;0,012131;0,012131;0,92
1823;0;0;0;0;0;0;0;0;0;0,02541;0,02496725;0,0355905;0,02496725;0,92
1824;0;0;0;0;0;0;0;0;0;0,05217725;0,0705345;0,0889275;0,10674975;0,92
1825;0;0;0;0;0;0;0;0;0;0,2165925;0,38018;0,4458475;0,4788425;0,92
1826;0;0;0;0;0;0;0;0;0;0,43211;0,66569;0,6054125;0,5654775;0,92
1827;0;0;0;0;0;0;0;0;0;0,7155725;0,957195;0,862245;0,83419;0,92
1828;0;0;0;0;0;0;0;0;0;0,7155725;0,862245;0,9536875;0,9915225;0,92
1829;0;0;0;0;0;0;0;0;0;0,535575;0,7018;0,9054425;0,9695375;0,92
1830;0;0;0;0;0;0;0;0;0;0,312105;0,4010925;0,6425575;0,68776;0,92
1831;0,002948383;0,037950347;0,116461682;0,099627126;0,002525738;0,0374845;0,1203705;0,10134425;0;0,1645275;0,16465;0,30325;0,259105;0,92
1832;0,026619517;0,105642529;0,331131276;0,276980132;0,02596275;0,10554825;0,347155;0,287525;0;0,107533;0,0899025;0,16328;0,15705;0,92
1833;0,035275176;0,173004829;0,535985329;0,419929619;0,03480325;0,1744625;0,5716325;0,4441175;0;0,16112;0,15774;0,14482;0,1473875;0,92
1834;0,031142747;0,24735171;0,653854184;0,459469658;0,03072175;0,25075575;0,7079;0,4879425;3,95E-05;0,039018;0,025260953;0,021387952;0,0284315;0,92
1835;0,055624536;0,275997711;0,717258868;0,502573382;0,05516;0,28095;0,7862125;0,534005;5,28E-05;0,012131;0,00098361;0,00098361;0,002469958;0,92
1836;0,079917786;0,262072855;0,725621487;0,608217355;0,07961825;0,2670325;0,8009325;0,65594;0,000100208;0,01178425;0,008415275;0,00098361;0,00098361;0,92
1837;0,556100882;0,269624013;0,690040026;0,571183934;0,58792;0,2746375;0,7617875;0,62001;6,99E-05;0,000838625;0,000278688;0,000131148;0,00018032;0,92
1838;0,453859263;0,195993;0,593589395;0,402809487;0,4836525;0,1989075;0,650685;0,43035;3,27E-05;0;0;0;0;0,92
1839;0,330526895;0,157733961;0,477781697;0,335272855;0,349435;0,159385;0,517005;0,3534125;0;0;0;0;0;0,92
1840;0,205348393;0,09425415;0,286794711;0,220271803;0,214246;0,09489325;0,30527;0,231155;0;0;0;0;0;0,92
1841;0,070146308;0,028143474;0,091881411;0,077303775;0,07234875;0,02805775;0,096361;0,08046225;0;0;0;0;0;0,92
1842;0,00044;0,00034506;0,000445937;0,000691186;0,000446888;0,000337975;0,0004585;0,0007088;0;0,000131148;0;0;0;0,92
1843;0;0;0;0;0;0;0;0;0;0,00098361;0,000622952;0,000540985;0,000622952;0,92
1844;0;0;0;0;0;0;0;0;0;0,00098361;0,00098361;0,00098361;0,00098361;0,92
1845;0;0;0;0;0;0;0;0;0;0,00098361;0,00098361;0,00098361;0,00098361;0,92
1846;0;0;0;0;0;0;0;0;0;0,00098361;0,000953007;0,00098361;0,00098361;0,92
1847;0;0;0;0;0;0;0;0;0;0,000131148;3,06E-05;0,000590173;0,00098361;0,92
1848;0;0;0;0;0;0;0;0;0;0,000278688;0,000278688;0,00098361;0,00098361;0,92
1849;0;0;0;0;0;0;0;0;0;0,00098361;0,00098361;0,00990165;0,0108305;0,92
1850;0;0;0;0;0;0;0;0;0;0,00098361;0,00098361;0,004117353;0,009344275;0,92
1851;0;0;0;0;0;0;0;0;0;0,01038475;0,0108305;0,01178425;0,012131;0,92
1852;0;0;0;0;0;0;0;0;0;0,001243708;0,002469958;0,006185753;0,01178425;0,92
1853;0;0;0;0;0;0;0;0;0;0,000131148;0,0002459;0,00098361;0,001330433;0,92
1854;0;0;0;0;0;0;0;0;0;0;0;0,00037705;0,00098361;0,92
1855;0,002649238;0,066998226;0,084572487;0,103866466;0,002260203;0,067357;0,085155725;0,1062055;0;0,000229507;0,000229507;0,000868855;0,001540983;0,92
1856;0,01487424;0,165015434;0,213517658;0,241264311;0,01430995;0,1672325;0,2171845;0,2497125;0,000121165;0,008786825;0,0091585;0,0108305;0,0163715;0,92
1857;0,021001417;0,264483158;0,319794908;0,35588925;0,0205;0,270345;0,32999;0,3708925;0,00030413;0,0089726;0,006557377;0,006928927;0,0108305;0,92
1858;0,041437461;0,300278921;0,361829527;0,443570329;0,040934;0,3076575;0,3746275;0,4659125;0,00044926;0,00098361;0,00098361;0,00052459;0,00098361;0,92
1859;0,049470438;0,346462342;0,44900254;0,498544974;0,049043;0,3567175;0,46565;0,5269725;0,00054295;0,00098361;0,00098361;3,06E-05;0,000377048;0,92
1860;0,052223384;0,38234479;0,435474987;0,485954574;0,051825;0,3952625;0,454395;0,51271375;0,000573743;0,006185753;0,008043653;0,000953008;0,00098361;0,92
1861;0,485749421;0,378728131;0,461882368;0,443274158;0,5086275;0,3927125;0,48459;0,4667125;0,000540448;0,012131;0,0140785;0,001169407;0,002469958;0,92
1862;0,432226737;0,301612895;0,412099145;0,392352;0,45631;0,311335;0,43361;0,4127525;0,000449437;0,03160675;0,049222;0,01157365;0,012131;0,92
1863;0,335886869;0,261632451;0,314873171;0,303832974;0,3529725;0,2677795;0,32915;0,31815;0,000308648;0,01959675;0,038689;0,012131;0,012131;0,92
1864;0,196717776;0,138541354;0,180989408;0,178515296;0,2053725;0,1411075;0,186825;0,18523;0,00013305;0,03786275;0,0639345;0,01965575;0,02541;0,92
1865;0,073136431;0,049482959;0,062088047;0,054137179;0,07540975;0,04992025;0,06312625;0,055102;0;0,0712995;0,17477575;0,06055025;0,06066275;0,92
1866;0,000597341;0,000373473;0,000505725;0,000285889;0,00060828;0,000372125;0,00050615;0,0002869;0;0,3216875;0,723655;0,3494425;0,414615;0,92
1867;0;0;0;0;0;0;0;0;0;0,23668;0,5212275;0,3326125;0,354775;0,92
1868;0;0;0;0;0;0;0;0;0;0,101979;0,22975;0,1588725;0,1911875;0,92
1869;0;0;0;0;0;0;0;0;0;0,2425425;0,518195;0,455605;0,4885425;0,92
1870;0;0;0;0;0;0;0;0;0;0,197615;0,3926725;0,398305;0,4718175;0,92
1871;0;0;0;0;0;0;0;0;0;0,05978725;0,11505;0,1283765;0,145478;0,92
1872;0;0;0;0;0;0;0;0;0;0,044809;0,10217575;0,05551925;0,10270425;0,92
1873;0;0;0;0;0;0;0;0;0;0,1249355;0,38684;0,1753405;0,2980325;0,92
1874;0;0;0;0;0;0;0;0;0;0,3099275;0,65705;0,4407125;0,5160675;0,92
1875;0;0;0;0;0;0;0;0;0;0,495445;0,8046475;0,56066;0,622625;0,92
1876;0;0;0;0;0;0;0;0;0;0,3497475;0,904065;0,5007375;0,7770425;0,92
1877;0;0;0;0;0;0;0;0;0;0,15982075;0,43331;0,18269575;0,4021275;0,92
1878;0;0;0;0;0;0;0;0;0;0,05123525;0,10760925;0,04701625;0,10439;0,92
1879;0,004927169;0,121520669;0,015494851;0,118414244;0,004485958;0,12404375;0,01498185;0,121418;0;0,19613225;0,4689375;0,269915;0,44219;0,92
1880;0,010206656;0,325292131;0,056228195;0,275581145;0,0096597;0,339735;0,05536825;0,286065;7,80E-05;0,6214525;0,950625;0,75417;0,8556925;0,92
1881;0,023499608;0,50788279;0,114951931;0,411993197;0,0229425;0,53994;0,11441925;0,43249;0,000229248;0,327455;0,436305;0,4455725;0,3889625;0,92
1882;0,04029034;0,64124404;0,136862329;0,526175566;0,03976925;0,6914975;0,1367625;0,5578925;0,000364022;0,3710375;0,3777575;0,471475;0,3060675;0,92
1883;0,042561225;0,708373737;0,138877737;0,584176934;0,04211825;0,7715775;0,138885;0,6251925;0,000448421;0,3732775;0,2581675;0,4885425;0,2386225;0,92
1884;0,054631279;0,729825671;0,135711355;0,596293461;0,054173;0,79883;0,135705;0,6411925;0,000492068;0,13249275;0,06051325;0,13774025;0,0697695;0,92
1885;0,501581329;0,656389697;0,123074724;0,558475066;0,52458;0,717775;0,12299475;0,600205;0,000415205;0,06928975;0,0110039;0,0561955;0,02983625;0,92
1886;0,447141237;0,588643579;0,096511792;0,472616763;0,4705975;0,63935;0,0962845;0,504675;0,000343099;0,01655725;0,000471423;0,008859128;0,003398905;0,92
1887;0,361456303;0,439168697;0,052349317;0,354210948;0,38015;0,47191;0,0519785;0,37508;0,00024855;0,012131;0,000838252;0,01001305;0,00098361;0,92
1888;0,219486829;0,266681566;0,041376059;0,213707881;0,22954;0,28258;0,04080625;0,2238475;9,27E-05;0,003398905;3,06E-05;0,001057933;0,000590173;0,92
1889;0,081159537;0,090114979;0,016248883;0,072169012;0,08383925;0,0938605;0,015943975;0,074826175;0;0,007114803;0,000540985;0,00302733;0,001057932;0,92
1890;0,001259885;0,000674733;0,000428909;0,000411273;0,00128288;0,000692305;0,000411763;0,000418318;0;0,03027875;0,0091585;0,02718025;0,01131355;0,92
1891;0;0;0;0;0;0;0;0;0;0,0187705;0,012131;0,0223115;0,012131;0,92
1892;0;0;0;0;0;0;0;0;0;0,012131;0,005665703;0,00971585;0,012131;0,92
1893;0;0;0;0;0;0;0;0;0;0,015672;0,02050375;0,015672;0,02496725;0,92
1894;0;0;0;0;0;0;0;0;0;0,038689;0,07005475;0,038689;0,07617475;0,92
1895;0;0;0;0;0;0;0;0;0;0,05857925;0,10270525;0,07923475;0,107533;0,92
1896;0;0;0;0;0;0;0;0;0;0,038689;0,0578145;0,044809;0,048573;0,92
1897;0;0;0;0;0;0;0;0;0;0,038689;0,040117;0,039454;0,017826;0,92
1898;0;0;0;0;0;0;0;0;0;0,07693975;0,1254295;0,1144185;0,0862795;0,92
1899;0;0;0;0;0;0;0;0;0;0,07311475;0,092414;0,07971775;0,07005475;0,92
1900;0;0;0;0;0;0;0;0;0;0,038689;0,03976;0,038689;0,02054075;0,92
1901;0;0;0;0;0;0;0;0;0;0,05245925;0,07234975;0,0677595;0,0320495;0,92
1902;0;0;0;0;0;0;0;0;0;0,038689;0,05016425;0,044809;0,015672;0,92
1903;0,094316274;0,002877076;0,018901155;0,039273245;0,09618775;0,002478845;0,0184038;0,03886925;0;0,038689;0,038689;0,038689;0,012131;0,92
1904;0,233957313;0,015776719;0,049015346;0,105876095;0,24142075;0,01515645;0,04823125;0,105924;8,60E-05;0,038689;0,038689;0,038689;0,0320495;0,92
1905;0,382200316;0,02821571;0,050194251;0,207495513;0,3995875;0,027612;0,04957875;0,2096525;0,000254496;0,038689;0,038689;0,038689;0,038689;0,92
1906;0,478783382;0,033589891;0,075507486;0,225805145;0,5052725;0,033018;0,074784;0,22887;0,000382088;0,015672;0,01532525;0,015672;0,015672;0,92
1907;0,497158026;0,034022349;0,093236092;0,249607184;0,525815;0,03347825;0,0927045;0,2538525;0,000468728;0,00469958;0,001330433;0,002469958;0,012131;0,92
1908;0,527654013;0,034374142;0,124379803;0,256676763;0,5587575;0,03382525;0,124065;0,261605;0,000499452;0,0108305;0,002469958;0,004327955;0,01655725;0,92
1909;0,515402645;0,383859355;0,148179434;0,319770829;0,5465125;0,397335;0,1482375;0,327235;0,000466209;0,02547725;0,03064475;0,030428;0,0725535;0,92
1910;0,433182671;0,335330645;0,152971145;0,222643579;0,457515;0,347495;0,1532625;0,227585;0,000389445;0,11680825;0,203965;0,1348025;0,4299425;0,92
1911;0,290305421;0,265318698;0,107597258;0,141239882;0,3034375;0,27278;0,107626;0,142765;0,000263582;0,10391;0,1808425;0,15705;0,507705;0,92
1912;0,177758013;0,152947066;0,064844846;0,084725629;0,1827125;0,156155;0,06450075;0,08507925;0,000108523;0,18609;0,2938625;0,2502725;0,581545;0,92
1913;0,068516621;0,057407341;0,02961542;0,029750214;0,06992335;0,05804;0,02926175;0,029664625;0;0,536785;0,7544;0,604865;0,912025;0,92
1914;0,000667367;0,000919604;0,000820762;0,000379892;0,000670873;0,000920615;0,000803788;0,00037275;0;0,9897975;0,9999825;0,9985575;1;0,92
1915;0;0;0;0;0;0;0;0;0;1;1;1;1;0,92
1916;0;0;0;0;0;0;0;0;0;1;1;1;0,8500025;0,92
1917;0;0;0;0;0;0;0;0;0;1;1;1;1;0,92
1918;0;0;0;0;0;0;0;0;0;1;1;1;1;0,92
1919;0;0;0;0;0;0;0;0;0;1;1;1;1;0,92
1920;0;0;0;0;0;0;0;0;0;1;1;1;1;0,92
1921;0;0;0;0;0;0;0;0;0;1;1;1;1;0,92
1922;0;0;0;0;0;0;0;0;0;1;1;1;1;0,92
1923;0;0;0;0;0;0;0;0;0;0,999125;0,9923675;0,991515;0,9991525;0,92
1924;0;0;0;0;0;0;0;0;0;0,8629775;0,6776425;0,6985975;0,748745;0,92
1925;0;0;0;0;0;0;0;0;0;0,483475;0,3219375;0,3418825;0,3274875;0,92
1926;0;0;0;0;0;0;0;0;0;0,3295825;0,201235;0,2503125;0,2401175;0,92
1927;0,005646393;0,005731358;0,016181534;0,013184163;0,005253175;0,005323428;0,015699225;0,01275935;0;0,67577;0,4678675;0,488345;0,4799825;0,92
1928;0,023882704;0,010943184;0,053070241;0,073784878;0,0232655;0,01036845;0,05223825;0,073272;9,97E-05;0,598525;0,40366;0,56066;0,507705;0,92
1929;0,046364254;0,031099646;0,090967133;0,171856263;0,0458495;0,030404;0,09038975;0,1732125;0,000279357;0,663935;0,527215;0,56066;0,56066;0,92
1930;0,064743233;0,095007099;0,115193684;0,152891685;0,064348;0,09457925;0,11489;0,154395;0,000409686;0,76721;0,6329525;0,7431125;0,56066;0,92
1931;0,071744909;0,15587025;0,113069921;0,162434171;0,07144275;0,15624;0,1128725;0,1636775;0,000480566;0,7326;0,520745;0,5573925;0,5437525;0,92
1932;0,075875894;0,230437934;0,13848525;0,196802053;0,075616;0,2326325;0,138445;0,1988725;0,000518839;0,3002625;0,18497325;0,2095125;0,19886325;0,92
1933;0,068873976;0,271535881;0,109115676;0,144822829;0,06862625;0,2758;0,10905825;0,1462525;0,000473164;0,15705;0,08459;0,085073;0,08459;0,92
1934;0,062481497;0,204435079;0,096222845;0,116328044;0,06218625;0,207615;0,09594925;0,11684175;0,000402732;0,09425;0,07234975;0,081224;0,07311475;0,92
1935;0,04414875;0,2292075;0,06812488;0,085615346;0,04383875;0,2329475;0,0677545;0,08572625;0,000271113;0,0874885;0,042667;0,04588025;0,04333;0,92
1936;0,025345259;0,145331135;0,032786136;0,080713113;0,02501975;0,14786775;0,0323955;0,080605;0,000108207;0,21824;0,16087375;0,200565;0,13646925;0,92
1937;0,009628834;0,072128487;0,00761516;0,046941908;0,009360125;0,0728585;0,007400625;0,04691675;0;0,25902;0,15875;0,2352225;0,1791425;0,92
1938;0,000300537;0,002915648;0,000232297;0,00095049;0,000280595;0,002941175;0,000200848;0,00095076;0;0,3329525;0,25392;0,25902;0,25902;0,92
1939;0;0;0;0;0;0;0;0;0;0,3486325;0,24871;0,25664;0,24871;0,92
1940;0;0;0;0;0;0;0;0;0;0,167065;0,09299275;0,1164425;0,11851775;0,92
1941;0;0;0;0;0;0;0;0;0;0,07540975;0,038689;0,044809;0,04863425;0,92
1942;0;0;0;0;0;0;0;0;0;0,038689;0,015672;0,038689;0,03337725;0,92
1943;0;0;0;0;0;0;0;0;0;0,0355905;0,012131;0,015672;0,012131;0,92
1944;0;0;0;0;0;0;0;0;0;0,01832775;0,009149775;0,01008745;0,0140785;0,92
1945;0;0;0;0;0;0;0;0;0;0,0677595;0,05663175;0,03027875;0,05840225;0,92
1946;0;0;0;0;0;0;0;0;0;0,097873;0,085073;0,07053775;0,08459;0,92
1947;0;0;0;0;0;0;0;0;0;0,2012375;0,1959225;0,151735;0,1706875;0,92
1948;0;0;0;0;0;0;0;0;0;0,25902;0,25834;0,112365;0,25494;0,92
1949;0;0;0;0;0;0;0;0;0;0,1998775;0,1645275;0,07540975;0,15943;0,92
1950;0;0;0;0,004483861;0;0;0;0,004062175;0;0,2524475;0,2340925;0,1135725;0,2215175;0,92
1951;0,060947909;0,093650009;0,035290828;0,120439283;0,0610405;0,094985;0,03477875;0,122911;0;0,13402875;0,120018;0,06699475;0,12817775;0,92
1952;0,133965632;0,177163263;0,093466287;0,246284289;0,1346975;0,1802425;0,092891;0,254505;0;0,174045;0,168465;0,12565;0,15705;0,92
1953;0,216457698;0,354249474;0,112299395;0,276549118;0,21952;0,3659675;0,112035;0,2857925;0;0,15705;0,107535;0,10391;0,112365;0,92
1954;0,280483619;0,484335987;0,110635539;0,407018487;0,286155;0,50935;0,1104025;0,42275;6,24E-05;0,21082;0,161;0,2415;0,1744425;0,92
1955;0,307820447;0,562941711;0,089068508;0,156982697;0,3153125;0,6001925;0,08870475;0,162195;8,47E-05;0,81324;0,853045;0,937825;0,8615875;0,92
1956;0,339792473;0,554338303;0,093834695;0,082356983;0,349035;0,5941075;0,09335875;0,08271875;9,80E-05;0,8420875;0,87275;0,997725;0,8454325;0,92
1957;0,306927119;0,48857629;0,114309987;0,217964076;0,31457;0,520565;0,1139875;0,22089375;8,30E-05;0,76721;0,76721;0,99475;0,7018025;0,92
1958;0,244379645;0,433880961;0,131304908;0,109270986;0,24961;0,4590425;0,131265;0,11088225;5,99E-05;0,868005;0,8046475;0,9990375;0,76721;0,92
1959;0,173231171;0,314049671;0,137791776;0,068529888;0,1760225;0,33014;0,1380425;0,068458;4,96E-06;0,943345;0,9518625;1;0,869545;0,92
1960;0,104473015;0,162756829;0,082275596;0,014552064;0,10545675;0,16778;0,08221675;0,01436535;0;0,9965925;0,99933;1;0,9991275;0,92
1961;0,036219794;0,051617317;0,034219315;0,029710532;0,03623375;0,05230375;0,03389575;0,02905225;0;0,8694025;0,888545;0,9836;0,86847;0,92
1962;0,00070762;0,000801155;0,001278111;0,000523826;0,000698258;0,000796155;0,001254725;0,00051723;0;0,863185;0,73967;0,8887475;0,7224575;0,92
1963;0;0;0;0;0;0;0;0;0;0,4574425;0,3641525;0,405245;0,3468325;0,92
1964;0;0;0;0;0;0;0;0;0;0,3482925;0,24871;0,25392;0,242025;0,92
1965;0;0;0;0;0;0;0;0;0;0,130866;0,09605275;0,08846;0,093524;0,92
1966;0;0;0;0;0;0;0;0;0;0,07158475;0,0376265;0,03839375;0,038689;0,92
1967;0;0;0;0;0;0;0;0;0;0,03027875;0,007734552;0,01293655;0,01559775;0,92
1968;0;0;0;0;0;0;0;0;0;0,005814178;0,00052459;0,001057933;0,001801108;0,92
1969;0;0;0;0;0;0;0;0;0;0,00098361;0;0,00098361;0,00034427;0,92
1970;0;0;0;0;0;0;0;0;0;0,00098361;0,000606557;0,000953007;0,00098361;0,92
1971;0;0;0;0;0;0;0;0;0;0,00037705;0;3,06E-05;0,000131148;0,92
1972;0;0;0;0;0;0;0;0;0;0;0;0;0;0,92
1973;0;0;0;0;0;0;0;0;0;0,000672125;3,06E-05;0,000213123;0;0,92
1974;0;0;0;0;0;0;0;0;0;0,001330433;0,000953008;0,00098361;0,000540985;0,92
1975;0,131772281;0,049609614;0,006203171;0,063716747;0,13499825;0,04906275;0,00579515;0,06354725;0;0,01178425;0,00377053;0,009344225;0,001949733;0,92
1976;0,294280855;0,106786761;0,019486611;0,146296461;0,306115;0,1064965;0,018825;0,14747;0,000162102;0,015672;0,02009825;0,02009825;0,01253675;0,92
1977;0,434649079;0,169405026;0,035812619;0,225041842;0,4582125;0,1703625;0,035125;0,2287375;0,000271763;0,05092925;0,067437;0,05837725;0,05644375;0,92
1978;0,545164224;0,216029092;0,050168728;0,331167395;0,5825425;0,2182925;0,049478;0,339725;0,000302015;0,1602675;0,27269;0,22892;0,319955;0,92
1979;0,620757671;0,224593974;0,062461512;0,392968421;0,670405;0,2274725;0,06178825;0,4053325;0,000263304;0,15705;0,1927375;0,1808425;0,294865;0,92
1980;0,622488947;0,232198105;0,066733839;0,38260725;0,67596;0,2353725;0,066104;0,39599;0,000123614;0,15705;0,15705;0,15705;0,3329525;0,92
1981;0,584241948;0,23675625;0,065595628;0,346132461;0,63385;0,24004;0,06499025;0,358065;9,19E-05;0,1825425;0,22478;0,1942325;0,4554075;0,92
1982;0,488752066;0,198644092;0,057878325;0,243599487;0,525145;0,2009175;0,0572955;0,2498575;0;0,4016375;0,60447;0,515885;0,88757;0,92
1983;0,378041881;0,142352329;0,040871605;0,147059763;0,401385;0,1434675;0,040351;0,149035;0;0,775035;0,922655;0,834095;0,99979;0,92
1984;0,207878369;0,076999176;0,023331055;0,087064417;0,2180875;0,077069;0,022893;0,08750025;0;0,9990325;1;0,9998375;1;0,92
1985;0,079251762;0,031169283;0,009440681;0,030812192;0,0816995;0,030909975;0,00912165;0,030666725;0;0,953525;0,9933675;0,98004;0,999995;0,92
1986;0,001095173;0,000707998;0,000413719;0,000560365;0,001111605;0,000695193;0,000384715;0,000551225;0;0,4015625;0,46543;0,45813;0,6616375;0,92
1987;0;0;0;0;0;0;0;0;0;0,188785;0,1706875;0,1675575;0,1952625;0,92
1988;0;0;0;0;0;0;0;0;0;0,06389375;0,05628425;0,0585795;0,05628425;0,92
1989;0;0;0;0;0;0;0;0;0;0,038689;0,02452475;0,02629525;0,0187705;0,92
1990;0;0;0;0;0;0;0;0;0;0,03337725;0,012131;0,012131;0,012131;0,92
1991;0;0;0;0;0;0;0;0;0;0,01257375;0,00897265;0,012131;0,009715825;0,92
1992;0;0;0;0;0;0;0;0;0;0,04815175;0,0214935;0,0402625;0,039339;0,92
1993;0;0;0;0;0;0;0;0;0;0,23663;0,153715;0,2207275;0,2339875;0,92
1994;0;0;0;0;0;0;0;0;0;0,564425;0,634895;0,629835;0,6539125;0,92
1995;0;0;0;0;0;0;0;0;0;0,527215;0,67801;0,5737075;0,65519;0,92
1996;0;0;0;0;0;0;0;0;0;0,2580925;0,1952405;0,294075;0,3171775;0,92
1997;0;0;0;0;0;0;0;0;0;0,115988;0,05322425;0,11851775;0,11851775;0,92
1998;0;0;0;0;0;0;0;0;0;0,148595;0,040117;0,09425;0,13048;0,92
1999;0,030718741;0,032005496;0,103326857;0,009795027;0,0303051;0,031518;0,1049165;0,009408975;0;0,15705;0,083162;0,1791425;0,15705;0,92
2000;0,072338937;0,079161225;0,205350079;0,028125655;0,0718985;0,07853475;0,20895;0,0275205;0,000122014;0,2097325;0,148595;0,257885;0,15705;0,92
2001;0,121541617;0,131112276;0,331521355;0,046386165;0,12169775;0,131015;0,3392675;0,04589;0,000301758;0,175745;0,174045;0,16566;0,1645275;0,92
2002;0,157262013;0,156132711;0,389724987;0,059640904;0,1582075;0,156655;0,4021175;0,05923275;0,000426859;0,27212;0,35565;0,25256;0,27144;0,92
2003;0,153746487;0,176814118;0,436098631;0,067411662;0,1548775;0,177885;0,4527075;0,0670795;0,000500715;0,130866;0,2054175;0,1164425;0,12965675;0,92
2004;0,15705975;0,183491211;0,41075554;0,073098869;0,1581675;0,1848575;0,4268075;0,0728045;0,000534468;0,148595;0,25392;0,134103;0,13048;0,92
2005;0,133984895;0,165940066;0,445058408;0,061653663;0,1347885;0,1670625;0,4627025;0,06137325;0,000493444;0,1568075;0,350875;0,143765;0,1497225;0,92
2006;0,111032842;0,148865684;0,357317132;0,053722299;0,1114325;0,14962;0,3708375;0,05338375;0,000400618;0,0937685;0,21877;0,07106125;0,07267175;0,92
2007;0,091676017;0,110790608;0,260278733;0,042987182;0,09177;0,111055;0,2673275;0,04262625;0,000268707;0,223615;0,583605;0,20685;0,212225;0,92
2008;0,063861943;0,070270074;0,18177679;0,022449284;0,0637035;0,070062;0,18512;0,02214175;0,000105697;0,390305;0,76721;0,365065;0,390305;0,92
2009;0,025119158;0,028389007;0,055514495;0,005418883;0,02491225;0,028124625;0,05618225;0,005289615;0;0,2812675;0,5540975;0,2468375;0,2744675;0,92
2010;0,000884526;0,000861634;0,001059642;0;0,000866058;0,000844032;0,001054375;0;0;0,09090825;0,12287875;0,074481;0,074481;0,92
2011;0;0;0;0;0;0;0;0;0;0,03337725;0,02054075;0,0223115;0,0209835;0,92
2012;0;0;0;0;0;0;0;0;0;0,01257375;0,00343608;0,012131;0,012131;0,92
2013;0;0;0;0;0;0;0;0;0;0,037361;0,012094;0,03027875;0,03027875;0,92
2014;0;0;0;0;0;0;0;0;0;0,03851175;0,012131;0,0342625;0,03381975;0,92
2015;0;0;0;0;0;0;0;0;0;0,0140785;0,003597105;0,01083075;0,0110165;0,92
2016;0;0;0;0;0;0;0;0;0;0,0355905;0,0293815;0,0417105;0,053388;0,92
2017;0;0;0;0;0;0;0;0;0;0,038689;0,038689;0,08459;0,07923475;0,92
2018;0;0;0;0;0;0;0;0;0;0,0639345;0,040117;0,044809;0,042667;0,92
2019;0;0;0;0;0;0;0;0;0;0,088213;0,09403;0,09486;0,1066675;0,92
2020;0;0;0;0;0;0;0;0;0;0,20003;0,24635;0,40705;0,394245;0,92
2021;0;0;0;0;0;0;0;0;0;0,32175;0,39344;0,691475;0,694915;0,92
2022;0;0;0;0,002994637;0;0;0;0,002563353;0;0,39344;0,42967;0,76721;0,76721;0,92
2023;0,021339534;0,040971051;0,091129907;0,118438804;0,020946875;0,0404905;0,092173;0,12079275;0;0,5090825;0,581545;0,76721;0,862245;0,92
2024;0,049085416;0,106040073;0,215853075;0,250493289;0,048548;0,10574325;0,219228;0,256865;0;0,8066375;0,89428;0,9318275;0,9596925;0,92
2025;0,088561646;0,155037119;0,301856092;0,384121816;0,0882535;0,1555375;0,3084825;0,39987;0,000117945;0,9978625;0,999965;0,99979;0,999995;0,92
2026;0,114756892;0,19192125;0,389409553;0,431969092;0,11482225;0,1933225;0,4015525;0,4523825;0,000208259;1;1;0,9991275;1;0,92
2027;0,10904055;0,199937131;0,431198566;0,519344369;0,10929625;0,2017525;0,44676;0,5476275;0,000206677;1;1;1;1;0,92
2028;0,104016719;0,211504658;0,468703934;0,487752789;0,10421225;0,213535;0,4878125;0,514435;0,000205118;1;1;1;1;0,92
2029;0,098229825;0,206616632;0,456628342;0,472650474;0,09836325;0,2087075;0,4771925;0,497415;0,000194848;1;1;1;1;0,92
2030;0,101401263;0,160661961;0,427923829;0,393705237;0,1015325;0,161915;0,4479125;0,41276;0,000164124;1;1;1;1;0,92
2031;0,072933687;0,1197735;0,340092497;0,318210513;0,07288025;0,12019025;0,35502;0,3295875;0,00012344;1;1;0,999215;1;0,92
2032;0,050365934;0,075680613;0,205573291;0,187943408;0,05009075;0,07554625;0,212975;0,1932675;8,04E-06;1;1;1;1;0,92
2033;0,026807574;0,028294208;0,067372895;0,071041322;0,02652175;0,02803705;0,068432;0,07234325;0;1;1;0,994675;0,9967625;0,92
2034;0,001653931;0,000843197;0,001134376;0,000845484;0,001623425;0,000825925;0,001139943;0,00085045;0;0,8649725;0,7653525;0,59523;0,65607;0,92
2035;0;0;0;0;0;0;0;0;0;0,782185;0,6742625;0,6752275;0,62951;0,92
2036;0;0;0;0;0;0;0;0;0;0,9522;0,913655;0,95122;0,930895;0,92
2037;0;0;0;0;0;0;0;0;0;0,9990675;0,9955875;0,999575;0,999995;0,92
2038;0;0;0;0;0;0;0;0;0;0,849305;0,6120925;0,850245;0,7819125;0,92
2039;0;0;0;0;0;0;0;0;0;0,697245;0,3777575;0,711015;0,5522975;0,92
2040;0;0;0;0;0;0;0;0;0;0,3333325;0,13646975;0,3097525;0,259105;0,92
2041;0;0;0;0;0;0;0;0;0;0,1645275;0,040066;0,1063275;0,09425;0,92
2042;0;0;0;0;0;0;0;0;0;0,206335;0,112622;0,134103;0,13772825;0,92
2043;0;0;0;0;0;0;0;0;0;0,25902;0,15705;0,18934;0,1645275;0,92
2044;0;0;0;0;0;0;0;0;0;0,37624;0,15705;0,34639;0,3165875;0,92
2045;0;0;0;0;0;0;0;0;0;0,5554575;0,15705;0,39344;0,39344;0,92
2046;0;0;0,002934598;0;0;0;0,002503333;0;0;0,52443;0,1789;0,42549;0,385225;0,92
2047;0,002983533;0,042260672;0,137609017;0,019136021;0,002594898;0,041736675;0,14059625;0,01874845;0;0,231595;0,0679195;0,1967025;0,1806775;0,92
2048;0,010952935;0,115947355;0,309595066;0,048181974;0,010373625;0,1157345;0,32169;0,04764725;0;0,1425575;0,038689;0,081707;0,08459;0,92
2049;0,022429299;0,221343316;0,440350974;0,074841462;0,02191025;0,223295;0,4635575;0,0744995;6,88E-05;0,07005475;0,0342625;0,038995;0,044809;0,92
2050;0,034992489;0,250849658;0,539426211;0,096832765;0,0344965;0,2550475;0,5755675;0,09678775;0,000163371;0,112365;0,0901045;0,07005475;0,07923475;0,92
2051;0,036197882;0,297211263;0,595580724;0,111123379;0,03575725;0,303465;0,6410625;0,1113725;0,000188824;0,08459;0,08459;0,044809;0,04863425;0,92
2052;0,037747121;0,286833718;0,590134066;0,113423159;0,03730225;0,29311925;0,63691;0,113757;0,000214769;0,07923475;0,08459;0,038689;0,038689;0,92
2053;0,418410237;0,270098368;0,551692026;0,114006592;0,4352;0,274965;0,5942475;0,11436;0,000163959;0,040117;0,08459;0,038689;0,038689;0,92
2054;0,444030237;0,204561734;0,455238987;0,099551277;0,46657;0,20754875;0,486585;0,09979425;0,000128995;0,079796;0,14014;0,038689;0,047104;0,92
2055;0,388997803;0,175853369;0,341018092;0,076868427;0,4103025;0,1775525;0,359805;0,0768675;8,89E-05;0,0358965;0,05628425;0,02319675;0,02054075;0,92
2056;0,29531625;0,118915086;0,21891375;0,047197385;0,31058;0,1197665;0,22824;0,046949;0;0,01443275;0,038689;0,012131;0,012131;0,92
2057;0,133695466;0,0434442;0,07944632;0,020592075;0,13906525;0,043453;0,08155875;0,020342975;0;0,04043625;0,04633925;0,0320495;0,02673775;0,92
2058;0,00708732;0,001688454;0,001398085;0,000709903;0,0072628;0,001667115;0,001411425;0,000692058;0;0,1028425;0,11889775;0,0774195;0,0671545;0,92
2059;0;0;0;0;0;0;0;0;0;0,253225;0,2920025;0,235225;0,246725;0,92
2060;0;0;0;0;0;0;0;0;0;0,1927375;0,1853725;0,1961375;0,18764;0,92
2061;0;0;0;0;0;0;0;0;0;0,4524075;0,35198;0,4295075;0,4551925;0,92
2062;0;0;0;0;0;0;0;0;0;0,62841;0,4452725;0,6107875;0,63681;0,92
2063;0;0;0;0;0;0;0;0;0;0,9897975;0,9612725;0,98275;0,9963;0,92
2064;0;0;0;0;0;0;0;0;0;1;0,9991275;1;1;0,92
2065;0;0;0;0;0;0;0;0;0;1;1;1;1;0,92
2066;0;0;0;0;0;0;0;0;0;1;1;1;1;0,92
2067;0;0;0;0;0;0;0;0;0;1;1;1;1;0,92
2068;0;0;0;0;0;0;0;0;0;1;1;1;1;0,92
2069;0;0;0;0;0;0;0;0;0;1;1;1;1;0,92
2070;0;0;0,003675961;0,002855118;0;0;0,003248393;0,002427083;0;1;0,9974625;1;1;0,92
2071;0,002414805;0,003992538;0,123366561;0,098510826;0,002088668;0,003623035;0,12521075;0,09955475;0;1;0,9828875;0,9998775;0,999995;0,92
2072;0,110493715;0,012270535;0,262296789;0,212154067;0,11070575;0,011691775;0,2704525;0,21571325;4,35E-05;0,9707025;0,8248075;0,906765;0,961885;0,92
2073;0,197172869;0,024399198;0,336768158;0,286397408;0,1992675;0,023781;0,3480525;0,293455;0,000218163;0,99177;0,9544575;0,9444675;0,98643;0,92
2074;0,315020053;0,031208724;0,461607868;0,358027461;0,3222075;0,03066075;0,480635;0,369525;0,00029817;0,8869875;0,8449675;0,72269;0,70291;0,92
2075;0,493712329;0,04647574;0,524393724;0,429929605;0,5161775;0,04582675;0,552065;0,447555;0,000399094;0,964515;0,991425;0,8763175;0,9107625;0,92
2076;0,269597526;0,048125629;0,49891579;0,376219105;0,281905;0,04758;0,5265525;0,3915175;0,000451682;1;1;0,999965;1;0,92
2077;0,194837211;0,450719369;0,634550092;0,359351802;0,197965;0,4686525;0,67858;0,371565;0,000418316;1;1;0,9979025;1;0,92
2078;0,143481632;0,413115276;0,509580355;0,328104553;0,144735;0,4331075;0,548345;0,3383375;0,000356255;0,9965;1;0,99475;0,9985125;0,92
2079;0,181320493;0,311714013;0,361913803;0,216115776;0,1831145;0,32444;0,38416;0,2212175;0,000231233;0,99475;1;0,99475;0,9701125;0,92
2080;0,064880242;0,199640961;0,236751434;0,123230996;0,0653325;0,205135;0,2471175;0,12502075;0,000101732;0,99475;1;0,99475;0,94;0,92
2081;0,07413643;0,081283543;0,099003722;0,052105638;0,0743145;0,082813;0,10180625;0,052412;0;0,9963275;1;0,9957125;0,95995;0,92
2082;0,002318634;0,0030331;0,001730783;0,000909712;0,002341725;0,003069255;0,001751745;0,000906383;0;1;1;1;1;0,92
2083;0;0;0;0;0;0;0;0;0;1;1;1;1;0,92
2084;0;0;0;0;0;0;0;0;0;1;1;1;1;0,92
2085;0;0;0;0;0;0;0;0;0;1;0,99545;1;1;0,92
2086;0;0;0;0;0;0;0;0;0;1;0,9945675;1;1;0,92
2087;0;0;0;0;0;0;0;0;0;0,9979175;0,931625;0,996065;0,98959;0,92
2088;0;0;0;0;0;0;0;0;0;0,9995275;0,995885;0,9938375;0,9948425;0,92
2089;0;0;0;0;0;0;0;0;0;0,96283;0,9835875;0,8534625;0,8454325;0,92
2090;0;0;0;0;0;0;0;0;0;0,9701125;0,8248075;0,8075275;0,79889;0,92
2091;0;0;0;0;0;0;0;0;0;0,9986525;0,96632;0,9828875;0,984325;0,92
2092;0;0;0;0;0;0;0;0;0;0,96524;0,98745;0,898785;0,87166;0,92
2093;0;0;0;0;0;0;0;0;0;0,5291125;0,5699775;0,400145;0,34554;0,92
2094;0,004543897;0,003471248;0;0,012483083;0,004120118;0,00306958;0;0,012034163;0;0,191935;0,13830575;0,08846;0,074481;0,92
2095;0,111562098;0,104467477;0,002975142;0,161057819;0,113323;0,10582275;0,002649383;0,165088;0;0,1176875;0,088213;0,05837725;0,05117075;0,92
2096;0,259673148;0,23704279;0,012427097;0,327035448;0,2661465;0,2433175;0,011811;0,3412825;0;0,338605;0,21589;0,22892;0,20277;0,92
2097;0,367098;0,346072263;0,023613261;0,485759053;0,3783575;0,3576175;0,022997;0,514385;0;0,2913875;0,13229125;0,203385;0,180365;0,92
2098;0,494562316;0,406975145;0,032177902;0,620449461;0,5187475;0,422545;0,03153925;0,6681075;0;0,70553;0,3209925;0,53281;0,559215;0,92
2099;0,522195316;0,369486632;0,037597591;0,660220658;0,5524275;0,382165;0,036971;0,71772;0;0,412295;0,13366475;0,3063525;0,2740925;0,92
2100;0,517950198;0,458758125;0,039541003;0,683081211;0,5487225;0,474563;0,0389285;0,74568;0;0,16951;0,03352825;0,10802425;0,08647125;0,92
2101;0,466435697;0,418162224;0,430851829;0,625060579;0,493545;0,4357325;0,446405;0,681875;0,000167433;0,595485;0,1404395;0,421025;0,3906475;0,92
2102;0,425169198;0,404085671;0,374682869;0,533871198;0,4479975;0,421985;0,3893975;0,5782225;0,000121874;0,44105;0,0679195;0,304385;0,243415;0,92
2103;0,303192474;0,307037882;0,280519737;0,388549934;0,315915;0,3195;0,2890825;0,4158525;6,73E-05;0,39344;0,0677595;0,25902;0,19104;0,92
2104;0,214078698;0,176342171;0,178721171;0,2275605;0,2211125;0,1807;0,18253;0,23895;9,58E-07;0,4742625;0,13040075;0,344155;0,366855;0,92
2105;0,084449925;0,08228908;0,078408276;0,082680604;0,08685075;0,08364425;0,07950375;0,085561;0;0,2903825;0,061618;0,19104;0,2037175;0,92
2106;0,001407535;0,001479639;0,003192678;0,001459738;0,001426375;0,001494517;0,003211925;0,001470125;0;0,262155;0,10074775;0,172345;0,174045;0,92
2107;0;0;0;0;0;0;0;0;0;0,4800325;0,336675;0,396065;0,3598325;0,92
2108;0;0;0;0;0;0;0;0;0;0,56066;0,39344;0,39344;0,39344;0,92
2109;0;0;0;0;0;0;0;0;0;0,4310625;0,3892575;0,3665575;0,3482925;0,92
2110;0;0;0;0;0;0;0;0;0;0,2210525;0,2140275;0,1593275;0,13931675;0,92
2111;0;0;0;0;0;0;0;0;0;0,2933975;0,35792;0,24349;0,2108475;0,92
2112;0;0;0;0;0;0;0;0;0;0,67577;0,8243775;0,629835;0,7091275;0,92
2113;0;0;0;0;0;0;0;0;0;0,7677875;0,8852825;0,6329525;0,7741225;0,92
2114;0;0;0;0;0;0;0;0;0;0,9482225;0,95381;0,87423;0,95566;0,92
2115;0;0;0;0;0;0;0;0;0;0,999965;0,99979;0,99979;0,999995;0,92
2116;0;0;0;0;0;0;0;0;0;0,9974625;1;0,9944675;1;0,92
2117;0;0;0;0;0;0;0;0;0;0,9012225;0,9822525;0,778345;0,9954275;0,92
2118;0,002972664;0,005483049;0;0,026863413;0,002546238;0,005036778;0;0,026597375;0;0,510165;0,6713425;0,4383725;0,73446;0,92
2119;0,077727324;0,120425317;0,008000014;0,141540868;0,07784;0,12214675;0,007602575;0,1447775;0;0,32399;0,40366;0,24897;0,4240975;0,92
2120;0,164309921;0,294899684;0,022985763;0,332205197;0,166155;0,3054875;0,022337;0,3474525;0;0,5472125;0,49377;0,38776;0,48541;0,92
2121;0,255942837;0,390182487;0,037388586;0,470006605;0,260277;0,4086125;0,03671375;0,497035;0;0,3701825;0,208065;0,2682075;0,2389875;0,92
2122;0,316792263;0,488455895;0,04928792;0,581725697;0,32429;0,5154275;0,04860925;0,623975;0;0,1195725;0,040738;0,076013;0,05469225;0,92
2123;0,331492461;0,578448553;0,055819334;0,614648842;0,3403975;0,6178625;0,05516775;0,66352;0;0,3179525;0,1120095;0,270415;0,118102;0,92
2124;0,324398803;0,651831553;0,058898791;0,60775504;0,33338;0,7056475;0,058256;0,65628;0;0,212215;0,05628425;0,143628;0,06019;0,92
2125;0,322995;0,502342224;0,047470441;0,580449513;0,33181;0,5418725;0,0469105;0,625695;0,000177282;0,11247825;0,02452475;0,08132775;0,027623;0,92
2126;0,270820737;0,486447711;0,040701367;0,456987118;0,27744;0,5188325;0,0401355;0,488735;0,000128392;0,42988;0,10973975;0,3442025;0,14096875;0,92
2127;0,214629624;0,39739654;0,032996345;0,340950671;0,21841475;0,422155;0,03245325;0,3597825;6,58E-05;0,987095;0,7967075;0,9807475;0,797845;0,92
2128;0,103473979;0,253871566;0,022615911;0,20418225;0,1046585;0,26718;0,02213625;0,21295;5,36E-07;1;0,9993875;1;0,999125;0,92
2129;0,033265307;0,101741017;0,009404972;0,083166517;0,0331695;0,105728;0,009080175;0,085642;0;1;0,9993875;1;0,9993875;0,92
2130;0,001346634;0,004097394;0,000794979;0,001355404;0,001327095;0,0041519;0,000740083;0,001373125;0;0,9786025;0,88078;0,93448;0,8584675;0,92
2131;0;0;0;0;0;0;0;0;0;0,7965875;0,6432775;0,71213;0,6123;0,92
2132;0;0;0;0;0;0;0;0;0;0,94796;0,947095;0,92842;0,9659325;0,92
2133;0;0;0;0;0;0;0;0;0;0,99979;1;0,9998375;1;0,92
2134;0;0;0;0;0;0;0;0;0;0,9972875;0,99968;0,9968125;1;0,92
2135;0;0;0;0;0;0;0;0;0;0,9185025;0,9331625;0,8534625;0,9645225;0,92
2136;0;0;0;0;0;0;0;0;0;0,697245;0,5212275;0,7259;0,605175;0,92
2137;0;0;0;0;0;0;0;0;0;0,3340125;0,2037175;0,4250825;0,243415;0,92
2138;0;0;0;0;0;0;0;0;0;0,19104;0,09425;0,143628;0,13772825;0,92
2139;0;0;0;0;0;0;0;0;0;0,1425575;0,07158475;0,08459;0,07311475;0,92
2140;0;0;0;0;0;0;0;0;0;0,0662295;0,03337725;0,0700545;0,038689;0,92
2141;0;0;0;0;0;0;0;0;0;0,10149825;0,05016425;0,142155;0,04939925;0,92
2142;0,01618033;0,002685765;0;0,030150045;0,01571775;0,00228825;0;0,030003225;0;0,2181175;0,1532275;0,3611225;0,140143;0,92
2143;0,1946571;0,061113332;0,07395095;0,169265368;0,20005;0,06040225;0,0738231;0,1745525;0;0,110065;0,0679195;0,1525275;0,0684755;0,92
2144;0,408612513;0,145411559;0,368181553;0,361971592;0,4302025;0,146144;0,381555;0,38021;0;0,134103;0,0677595;0,09425;0,08669125;0,92
2145;0,578313711;0,220406163;0,367305079;0,518920579;0,6215325;0,22272025;0,3830275;0,5536825;3,79E-05;0,172345;0,12565075;0,1526225;0,14634;0,92
2146;0,702505697;0,230693171;0,238689789;0,653531526;0,7666575;0,234035;0,2465775;0,707665;0,000112232;0,0966665;0,05016425;0,05326425;0,05704925;0,92
2147;0,763685487;0,303657198;0,504434684;0,722418987;0,8434075;0,3092275;0,524635;0,7926675;0,000145721;0,1147825;0,05169425;0,038689;0,082295;0,92
2148;0,770909171;0,291299882;0,585720395;0,711455842;0,8571525;0,2975225;0,6247575;0,7854275;9,92E-05;0,0973465;0,05455225;0,0363555;0,0644975;0,92
2149;0,730824947;0,266469671;0,780933237;0,651010461;0,81267;0,271925;0,8512475;0,71691;5,57E-05;0,3985875;0,31583;0,1291505;0,3153825;0,92
2150;0,648354553;0,251718908;0,459693592;0,573574974;0,7160525;0,25652125;0,5002775;0,626065;4,87E-05;0,3419125;0,2885925;0,091433;0,2705925;0,92
2151;0,514663421;0,184259329;0,217394368;0,427873263;0,5613125;0,18696;0,2275;0,460755;1,37E-05;0,5472125;0,53506;0,22858;0,50918;0,92
2152;0,333702908;0,111353092;0,042174036;0,27646725;0,358065;0,112317;0,04275575;0,2941225;0;0,42131;0,34072;0,13931675;0,3274875;0,92
2153;0,141283946;0,042563633;0,007422312;0,112686343;0,14862175;0,042507;0,00722315;0,11774125;0;0,39344;0,3777575;0,1791425;0,3329525;0,92
2154;0,006840082;0,001502271;0,000823647;0,004237596;0,007011525;0,0014829;0,000680493;0,004321645;0;0,3929925;0,3665575;0,25902;0,3508725;0,92
2155;0;0;0;0;0;0;0;0;0;0,23838;0,1927375;0,204635;0,18934;0,92
2156;0;0;0;0;0;0;0;0;0;0,115988;0,09425;0,112365;0,10270425;0,92
2157;0;0;0;0;0;0;0;0;0;0,08459;0,0578145;0,07693975;0,0616395;0,92
2158;0;0;0;0;0;0;0;0;0;0,1268575;0,11719775;0,167065;0,11719775;0,92
2159;0;0;0;0;0;0;0;0;0;0,15705;0,1449725;0,240325;0,148595;0,92
2160;0;0;0;0;0;0;0;0;0;0,097873;0,05016425;0,08607725;0,05628425;0,95
2161;0;0;0;0;0;0;0;0;0;0,1039135;0,04988225;0,0919175;0,050607;0,95
2162;0;0;0;0;0;0;0;0;0;0,253225;0,215975;0,230045;0,232065;0,95
2163;0;0;0;0;0;0;0;0;0;0,151098;0,13289;0,147698;0,1390245;0,95
2164;0;0;0;0;0;0;0;0;0;0,0585795;0,018750325;0,04939925;0,02462475;0,95
2165;0;0;0;0;0;0;0;0;0;0,06240425;0,012131;0,038689;0,012131;0,95
2166;0,025644079;0,016584857;0,013932469;0,006017281;0,025300675;0,016095375;0,013421405;0,005587925;0;0,040117;0,00971585;0,038689;0,012131;0,95
2167;0,182030341;0,094991688;0,165322922;0,034676092;0,188441;0,09502;0,16867725;0,03402525;0;0,07474675;0,01655725;0,038689;0,01877025;0,95
2168;0,396072198;0,216985026;0,355010368;0,075297758;0,417095;0,2202775;0,37049;0,0748865;0,000103789;0,01965575;0,003101652;0,01437175;0,010459125;0,95
2169;0,569960724;0,283240658;0,518475118;0,109691645;0,60931;0,289175;0,5496575;0,1097145;0,000260881;0,03160675;0,0228218;0,02452475;0,024082;0,95
2170;0,695566145;0,359965816;0,640461474;0,137160908;0,75422;0,3697975;0,6885975;0,1377;0,000404302;0,064538;0,0705345;0,04988225;0,0909555;0,95
2171;0,738845645;0,395855487;0,69982571;0,147856776;0,809755;0,4089325;0,7605075;0,148715;0,000471722;0,264685;0,4477975;0,2790775;0,4626125;0,95
2172;0,768438671;0,414285513;0,676404119;0,153192671;0,8476;0,42875;0,7370225;0,154185;0,000502722;0,8181475;0,993455;0,893845;0,9882475;0,95
2173;0,745243421;0,382479632;0,680974303;0,151439724;0,8226975;0,395345;0,7422025;0,152415;0,000472123;0,92944;1;0,9838;1;0,95
2174;0,65445375;0,35361379;0,603228197;0,128044618;0,7181225;0,3639825;0,65564;0,1287025;0,000401535;0,6083125;0,9744275;0,6930375;0,9540925;0,95
2175;0,509510526;0,258879987;0,483139263;0,095159518;0,5526525;0,26529;0,5199525;0,0953885;0,000277586;0,2757025;0,53531;0,2781275;0,5175075;0,95
2176;0,328330895;0,157355199;0,311059066;0,061618508;0,350885;0,16043725;0,330055;0,06149625;0,00011296;0,3195075;0,6490475;0,3195075;0,6042975;0,95
2177;0,143322951;0,047563145;0,136739526;0,026471673;0,150504;0,047841;0,14275025;0,0262405;0;0,39344;0,7431125;0,392545;0,73623;0,95
2178;0,008051206;0,001753872;0,008558163;0,001177034;0,008247725;0,001733043;0,00871445;0,001154395;0;0,2828925;0,3610725;0,23773;0,419385;0,95
2179;0;0;0;0;0;0;0;0;0;0,0705345;0,05986675;0,0547135;0,0740045;0,95
2180;0;0;0;0;0;0;0;0;0;0,106768;0,07005475;0,07693975;0,07923475;0,95
2181;0;0;0;0;0;0;0;0;0;0,08459;0,05016425;0,08459;0,08459;0,95
2182;0;0;0;0;0;0;0;0;0;0,13048;0,0677595;0,12081925;0,08459;0,95
2183;0;0;0;0;0;0;0;0;0;0,15705;0,08459;0,15705;0,1456975;0,95
2184;0;0;0;0;0;0;0;0;0;0,15705;0,08579775;0,13410525;0,08628075;0,95
2185;0;0;0;0;0;0;0;0;0;0,19104;0,17722;0,174045;0,11505;0,95
2186;0;0;0;0;0;0;0;0;0;0,3710375;0,364315;0,3477375;0,36759;0,95
2187;0;0;0;0;0;0;0;0;0;0,3015875;0,294865;0,2688775;0,29411;0,95
2188;0;0;0;0;0;0;0;0;0;0,2386225;0,1961375;0,2250275;0,144445;0,95
2189;0;0;0;0;0;0;0;0;0;0,3418025;0,3373775;0,3217825;0,1958525;0,95
2190;0,02819977;0,020269104;0,002693192;0;0,02784245;0,0197963;0,002288548;0;0;0,8497975;0,934945;0,894545;0,6549175;0,95
2191;0,195264853;0,107683461;0,043924093;0,010932709;0,20247825;0,10812275;0,0430615;0,010584925;0;0,998075;1;1;0,97849;0,95
2192;0,434059145;0,204722582;0,109896075;0,033251582;0,4573075;0,20705975;0,10941475;0,03266075;0;1;1;1;0,9998375;0,95
2193;0,378961697;0,281206468;0,266751395;0,048655607;0,39894;0,28632225;0,270385;0,048187;0;1;1;1;1;0,95
2194;0,438785842;0,340931408;0,372318316;0,06118894;0,458445;0,3493125;0,3824775;0,060797;0;0,847505;0,762455;0,84726;0,9238475;0,95
2195;0,3842085;0,351066237;0,361723579;0,074067564;0,4004625;0,36084;0,372995;0,073754;1,60E-05;0,35893;0,24573;0,302765;0,511705;0,95
2196;0,169913333;0,360642434;0,337153421;0,0800808;0,175051;0,37126;0,3463025;0,07984025;2,15E-05;0,392545;0,25902;0,3575925;0,6822975;0,95
2197;0,399060395;0,35898821;0,366000722;0,079200955;0,4117;0,3698975;0,3757735;0,07898525;1,34E-05;0,39344;0,25902;0,3038275;0,5732825;0,95
2198;0,481489855;0,264947882;0,139105283;0,065682552;0,5040625;0,271885;0,1412205;0,06543075;2,93E-06;0,39344;0,25902;0,308305;0,723605;0,95
2199;0,341400948;0,170878658;0,134084582;0,051124903;0,35895;0,173595;0,13416225;0,05080725;0;0,3486325;0,22673;0,242025;0,5454125;0,95
2200;0,242219764;0,119135408;0,092544545;0,030927723;0,2521475;0,1198975;0,09242175;0,03060175;0;0,1925325;0,11553825;0,1655475;0,331965;0,95
2201;0,152891684;0,059283091;0,010081759;0,012755919;0,1582395;0,0594025;0,010015025;0,0124674;0;0,61113;0,546335;0,6083475;0,873495;0,95
2202;0,012613853;0,001921669;0,00045293;0,000903502;0,0129225;0,00190995;0,000377288;0,000864438;0;0,74931;0,69836;0,746325;0,899845;0,95
2203;0;0;0;0;0;0;0;0;0;0,5000325;0,4084375;0,46056;0,511705;0,95
2204;0;0;0;0;0;0;0;0;0;0,8168625;0,684785;0,8099775;0,6845925;0,95
2205;0;0;0;0;0;0;0;0;0;0,8939225;0,7545875;0,8939225;0,73623;0,95
2206;0;0;0;0;0;0;0;0;0;0,52541;0,4572475;0,5133675;0,4549525;0,95
2207;0;0;0;0;0;0;0;0;0;0,39344;0,262155;0,2688775;0,262155;0,95
2208;0;0;0;0;0;0;0;0;0;0,3486325;0,25868;0,3571475;0,2780475;0,95
2209;0;0;0;0;0;0;0;0;0;0,180275;0,16098;0,21698;0,14082375;0,95
2210;0;0;0;0;0;0;0;0;0;0,3362975;0,2921825;0,321635;0,340545;0,95
2211;0;0;0;0;0;0;0;0;0;0,12775;0,08292625;0,1019005;0,11448275;0,95
2212;0;0;0;0;0;0;0;0;0;0,0209835;0,015672;0,038689;0,01699975;0,95
2213;0;0;0;0;0;0;0;0;0;0,03337725;0,0374265;0,042055;0,01655725;0,95
2214;0,025446608;0,022111866;0;0,04100404;0,025150875;0,0215992;0;0,04106375;0;0,0700545;0,083366;0,091531;0,044809;0,95
2215;0,154987034;0,092776666;0,008657899;0,193276895;0,15886;0,0926565;0,0082643;0,1999925;0;0,031164;0,03956825;0,044809;0,02248825;0,95
2216;0,315504039;0,193211882;0,023771219;0,400038;0,327675;0,1952625;0,0230975;0,4217125;0;0,0672495;0,04710425;0,05781425;0,04616175;0,95
2217;0,45745425;0,299871987;0,040219306;0,572717763;0,4814225;0,305035;0,03951325;0,6118425;0;0,041494;0,02673775;0,038689;0,038689;0,95
2218;0,623047579;0,369554053;0,052285026;0,683762645;0,6655175;0,380155;0,05159575;0,7396875;0;0,07540975;0,03027875;0,038689;0,05169425;0,95
2219;0,699902763;0,444969316;0,063669312;0,734499395;0,7573625;0,4605225;0,06297425;0,8013675;0;0,05016425;0,01131355;0,0187705;0,038689;0,95
2220;0,6890865;0,389765921;0,059162215;0,746391987;0,74897;0,40406;0,05853675;0,8177675;0;0,0355905;0,001057933;0,006557377;0,0187705;0,95
2221;0,639418855;0,405316105;0,06071025;0,698775868;0,6930475;0,41962;0,06005525;0,7644775;0;0,01295725;0,00098361;0,00098361;0,012131;0,95
2222;0,573620724;0,297078829;0,057103946;0,627940421;0,6185775;0,306205;0,05648225;0,68323;0;0,03786275;0,00098361;0,00098361;0,02673775;0,95
2223;0,376601961;0,232431671;0,045795991;0,499633342;0,400095;0,2367575;0,04522325;0,538765;0;0,038689;0,00098361;0,008043725;0,038689;0,95
2224;0,264632447;0,128470334;0,031183922;0,320572658;0,2767475;0,12986275;0,0306745;0,34121;0;0,01699975;0,00098361;0,00098361;0,015672;0,95
2225;0,117443621;0,065800058;0,014402726;0,135459249;0,12155825;0,06589075;0,014035425;0,141732;0;0,010273275;0,000819673;0,000911477;0,0110039;0,95
2226;0,003240362;0,002210688;0,001445753;0,007571023;0,003305245;0,002204338;0,001385345;0,007739525;0;0,000327868;0;6,55E-06;0,000291075;0,95
2227;0;0;0;0;0;0;0;0;0;0;0;0;0;0,95
2228;0;0;0;0;0;0;0;0;0;0;0;0;0;0,95
2229;0;0;0;0;0;0;0;0;0;0;0;0;0;0,95
2230;0;0;0;0;0;0;0;0;0;0;0;0;0;0,95
2231;0;0;0;0;0;0;0;0;0;0;0;0;0;0,95
2232;0;0;0;0;0;0;0;0;0;0;0;0;0;0,95
2233;0;0;0;0;0;0;0;0;0;0;0;0;0;0,95
2234;0;0;0;0;0;0;0;0;0;0;0;0;0;0,95
2235;0;0;0;0;0;0;0;0;0;0;0;0;0;0,95
2236;0;0;0;0;0;0;0;0;0;0;0;0;0;0,95
2237;0;0;0;0;0;0;0;0;0;0;0;0;0;0,95
2238;0,026937985;0,004260168;0,031777854;0;0,026679675;0,003838625;0,031438975;0;0;0;0;0;0;0,95
2239;0,154822816;0,027368372;0,21754125;0,024000257;0,158559;0,026679125;0,22332;0,023593125;0;0;0;0;0;0,95
2240;0,238652227;0,05972518;0,192869961;0,054813316;0,2448205;0,0590605;0,1978525;0,05430825;0,00010113;0,000508198;0,00042623;0,000508198;0,000540985;0,95
2241;0,376503237;0,08852312;0,401083026;0,128028245;0,387725;0,08801325;0,41482;0,12813775;0,000172492;0;0;0;0,000131148;0,95
2242;0,38348565;0,110427257;0,176852645;0,252407566;0,39662575;0,11019925;0,182445;0,25615;0,000277917;0;0;0;0;0,95
2243;0,454083197;0,116808178;0,429192789;0,374839382;0,47219;0,11677;0,4429475;0,3853725;0,000331907;0;6,55E-06;0;3,93E-05;0,95
2244;0,527540842;0,123342;0,6318075;0,339549277;0,55405;0,1233775;0,6722675;0,350745;0,000441765;0,000163938;0,000911478;0,000196727;0,000960658;0,95
2245;0,490425553;0,113262553;0,676994053;0,351189039;0,517415;0,113285;0,7328375;0,36193;0,000422142;0;0,000262295;0;0,000262295;0,95
2246;0,408200763;0,100760763;0,45847279;0,358013013;0,4290225;0,1006865;0,4921325;0,37027;0,000337727;0;0;0;0;0,95
2247;0,267931263;0,078247669;0,114364406;0,267603789;0,27768;0,07797875;0,1193115;0,27668;0,000243196;0;0;0;0;0,95
2248;0,155615013;0,052040625;0,020710351;0,190189974;0,15862;0,0516505;0,0206125;0,1945575;8,00E-05;0;0,000868855;0;0,000868855;0,95
2249;0,076265732;0,024737748;0,010580531;0,087801714;0,07707875;0,0244085;0,0101793;0,0894665;0;0;0,000737705;0;0,000953007;0,95
2250;0,002589238;0,001848669;0,001297266;0,003786359;0,002598888;0,001806525;0,00123454;0,00383274;0;0;0;0;3,06E-05;0,95
2251;0;0;0;0;0;0;0;0;0;0;0;0;0;0,95
2252;0;0;0;0;0;0;0;0;0;0,000327868;0,001025503;0,000901628;0,0013042;0,95
2253;0;0;0;0;0;0;0;0;0;0,01525675;0,05741175;0,03097825;0,02882725;0,95
2254;0;0;0;0;0;0;0;0;0;0,012131;0,044809;0,038689;0,02328525;0,95
2255;0;0;0;0;0;0;0;0;0;0,03337725;0,0804425;0,07053775;0,0500755;0,95
2256;0;0;0;0;0;0;0;0;0;0,047104;0,152945;0,151735;0,15517;0,95
2257;0;0;0;0;0;0;0;0;0;0,03147;0,098355;0,101496;0,117195;0,95
2258;0;0;0;0;0;0;0;0;0;0,1234915;0,3097775;0,210225;0,22163;0,95
2259;0;0;0;0;0;0;0;0;0;0,130923;0,256545;0,195895;0,22673;0,95
2260;0;0;0;0;0;0;0;0;0;0,02504925;0,0697695;0,0717445;0,097873;0,95
2261;0;0;0;0;0;0;0;0;0;0,015672;0,040984;0,05423075;0,08684425;0,95
2262;0,027018337;0,01743689;0,034158467;0,039262409;0,0266508;0,0169541;0,0338151;0,03915875;0;0,07081975;0,130923;0,201755;0,2142775;0,95
2263;0,135467676;0,068462949;0,197278816;0,1571055;0,1368225;0,0678355;0,2039875;0,1606375;0;0,081224;0,1425575;0,1938825;0,2247875;0,95
2264;0,247156911;0,114037895;0,416970316;0,313914829;0,252681;0,1138635;0,439705;0,3265775;0,000186762;0,03058475;0,05165575;0,057767;0,0662965;0,95
2265;0,307916763;0,123828395;0,587473342;0,436613921;0,3163125;0,1239725;0,630295;0,4590725;0,000365945;0,00414208;0,00414208;0,00478808;0,006666653;0,95
2266;0,404740618;0,127336697;0,69654375;0,523656908;0,4202375;0,12751;0,7593325;0,5564975;0,000505959;0,002110758;0,001540983;0,00098361;0,001169407;0,95
2267;0,447680605;0,113099057;0,750237395;0,560165408;0,4672775;0,11319925;0,8279675;0,5992725;0,000591865;0,015217;0,02608;0,00871275;0,01157365;0,95
2268;0,423767803;0,130283961;0,751857908;0,561968921;0,442145;0,1304525;0,835245;0,602955;0,00061812;0,004885355;0,004914855;0,001046985;0,002469958;0,95
2269;0,421904092;0,121343448;0,719527106;0,537449329;0,44042;0,121535;0,7992275;0,576995;0,000584584;0,00098361;0,000459025;0;0,000131148;0,95
2270;0,371263658;0,123409421;0,637415487;0,475149868;0,386795;0,12354;0,7031425;0,507605;0,000493787;0,00098361;0,000868855;0;0;0,95
2271;0,288049224;0,091804358;0,516495829;0,364179632;0,29804;0,0917775;0,562255;0,3854025;0,00034989;0,00394753;0,00539353;0,000901628;0,0017501;0,95
2272;0,163488829;0,066427315;0,342609711;0,239410954;0,1672075;0,06616275;0,3666075;0,25115225;0,000175157;0,06504675;0,11448475;0,03097825;0,03574175;0,95
2273;0,067991965;0,034129982;0,157066973;0,103113998;0,068778;0,033792;0,16450775;0,10659525;0;0,04710425;0,08454725;0,02319675;0,02319675;0,95
2274;0,002530067;0,005669785;0,012882514;0,005778606;0,002533488;0,0055792;0,013148658;0,005888245;0;0,038689;0,040117;0,028951;0,028951;0,95
2275;0;0;0;0;0;0;0;0;0;0,038689;0,083162;0,0654645;0,07234975;0,95
2276;0;0;0;0;0;0;0;0;0;0,0677595;0,10270425;0,10029025;0,10270425;0,95
2277;0;0;0;0;0;0;0;0;0;0,08459;0,15705;0,15705;0,15705;0,95
2278;0;0;0;0;0;0;0;0;0;0,05628425;0,09845425;0,11840525;0,12081925;0,95
2279;0;0;0;0;0;0;0;0;0;0,02313775;0,03976;0,05092925;0,05628425;0,95
2280;0;0;0;0;0;0;0;0;0;0,03680025;0,038689;0,038689;0,03116425;0,95
2281;0;0;0;0;0;0;0;0;0;0,01275075;0,01788525;0,01788525;0,012131;0,95
2282;0;0;0;0;0;0;0;0;0;0,00860115;0,008415275;0,012131;0,012131;0,95
2283;0;0;0;0;0;0;0;0;0;0,015672;0,01744275;0,01744275;0,01655725;0,95
2284;0;0;0;0;0;0;0;0;0;0,006161;0,006222928;0,0099017;0,004885355;0,95
2285;0;0;0;0;0;0;0;0;0;0,01178425;0,012094;0,012131;0,007114803;0,95
2286;0,047344749;0,017283676;0,028948192;0,015590613;0,04718275;0,016806925;0,02841805;0,015192925;0;0,012131;0,012131;0,012131;0,002469958;0,95
2287;0,149511;0,009142247;0,125639372;0,069274168;0,152297;0,008815925;0,12628275;0,0687525;0;0,005256805;0,002469958;0,009344225;0,00098361;0,95
2288;0,466568132;0,031309374;0,22548971;0,085592471;0,48957;0,03062675;0,2291775;0,085437;0;0,00098361;0,00098361;0,00098361;0,00098361;0,95
2289;0,399050763;0,199544645;0,312147434;0,031629383;0,420485;0,201825;0,31919;0,031457;0;0,00098361;0,00098361;0,00098361;0,00098361;0,95
2290;0,352373724;0,123934342;0,420351;0,034053411;0,367535;0,1251925;0,4346875;0,03356225;0;0,00098361;0,00098361;0,00098361;0,00414208;0,95
2291;0,260380106;0,18532121;0,441920921;0,039132383;0,267875;0,18625;0,4594125;0,03869975;0;0,00098361;0,00098361;0,00098361;0,012131;0,95
2292;0,373256191;0,149010158;0,437271277;0,248486309;0,38384025;0,14998;0,4545175;0,25275975;0;0,003398905;0,00414208;0,0108305;0,028951;0,95
2293;0,531138237;0,451162421;0,431461026;0,42329104;0,55785;0,4679475;0,4486725;0,4387025;0;0,012131;0,02496725;0,012131;0,0608745;0,95
2294;0,604564579;0,150895299;0,377203934;0,689763119;0,64772;0,157165;0,391485;0,738235;0;0,012131;0,03337725;0,02186875;0,08459;0,95
2295;0,283804105;0,385133131;0,294408474;0,422710737;0,30149;0,398025;0,3026925;0,4564075;0;0,006928927;0,01178425;0,00990165;0,044809;0,95
2296;0,11602802;0,273197329;0,171628236;0,294398843;0,11944075;0,285325;0,1749605;0,3121625;0;0,00098361;0,001319503;0,00098361;0,015672;0,95
2297;0,055680158;0,066496662;0,069351944;0,141954063;0,05575925;0,068598;0,06987075;0,1484805;0;0,000327868;6,01E-05;0,000131148;0,002469958;0,95
2298;0,007636132;0,002579262;0,002518612;0,018619242;0,007538622;0,002588515;0,002510883;0,01903645;0;0,000131148;0;0;0,00098361;0,95
2299;0;0;0;0;0;0;0;0;0;0,00098361;0,000311475;0,000622952;0,00098361;0,95
2300;0;0;0;0;0;0;0;0;0;0,008486403;0,01853555;0,01402725;0,0143715;0,95
2301;0;0;0;0;0;0;0;0;0;0,05113125;0,11458625;0,07158475;0,0677595;0,95
2302;0;0;0;0;0;0;0;0;0;0,04710425;0,09650425;0,085073;0,0601095;0,95
2303;0;0;0;0;0;0;0;0;0;0,115988;0,220495;0,151735;0,131688;0,95
2304;0;0;0;0;0;0;0;0;0;0,148595;0,161025;0,13893425;0,15705;0,95
2305;0;0;0;0;0;0;0;0;0;0,083162;0,08347825;0,07540975;0,089609;0,95
2306;0;0;0;0;0;0;0;0;0;0,026838;0,02748625;0,02452475;0,02457575;0,95
2307;0;0;0;0;0;0;0;0;0;0,012131;0,027623;0,02054075;0,0209835;0,95
2308;0;0;0;0;0;0;0;0;0;0,012131;0,003956355;0,004513705;0,007114803;0,95
2309;0;0;0;0;0;0;0;0;0;0,01443275;0,003398905;0,004513705;0,0108305;0,95
2310;0,034118423;0,002567695;0,035805033;0,039853788;0,03406625;0,002186112;0,0354776;0,03956025;0;0,07270325;0,046705;0,04167225;0,04497375;0,95
2311;0,177444987;0,14569232;0,178574289;0,130980565;0,1827925;0,14780125;0,1836975;0,132366;0;0,22325;0,2197075;0,191085;0,20685;0,95
2312;0,447341092;0,141082405;0,355865171;0,241160289;0,470715;0,142997;0,3724825;0,24578;2,30E-05;0,1791425;0,25902;0,1643;0,1995375;0,95
2313;0,432414553;0,101451829;0,518744803;0,322277447;0,4571275;0,101636;0,5526625;0,331405;0,000102547;0,2165325;0,25902;0,25664;0,28366;0,95
2314;0,452315803;0,286811566;0,618879513;0,360199381;0,4765175;0,2920725;0,6679775;0,3730925;0,000142895;0,134103;0,2301275;0,2114325;0,2301275;0,95
2315;0,415304053;0,439241657;0,671766513;0,369582948;0,43565;0,45304975;0,733065;0,3836;0,000179072;0,06928975;0,1497275;0,1477275;0,1497275;0,95
2316;0,236912763;0,475282302;0,668725342;0,422236381;0,244765;0,49835;0,7336525;0,43973;0,000185988;0,13531275;0,32896;0,30619;0,32896;0,95
2317;0,26696329;0,677791066;0,633895145;0,384865855;0,272525;0,7294775;0,6948225;0,400795;0,00017796;0,1808425;0,4598725;0,435145;0,4534425;0,95
2318;0,353064789;0,552590171;0,564422566;0,328395908;0,36456;0,6025475;0,614865;0,340685;0,000136584;0,464155;0,96968;0,9317825;0,9507375;0,95
2319;0,238535684;0,463774974;0,454357697;0,248185322;0,2462275;0,49953;0,4895275;0,25632125;8,14E-05;0,663935;1;1;1;0,95
2320;0,083110654;0,199990105;0,291848882;0,160753461;0,08454525;0,210195;0,309635;0,16383;2,30E-05;0,9006425;1;1;1;0,95
2321;0,121001526;0,047014915;0,138068925;0,065298253;0,122052;0,04816305;0,14404075;0,06610675;0;0,6417575;0,988075;0,974425;0,9746;0,95
2322;0,022420871;0,002431637;0,01229073;0,002165733;0,0227943;0,002399415;0,012511853;0,0021656;0;0,56066;0,8996825;0,94;0,94;0,95
2323;0;0;0;0;0;0;0;0;0;0,7431125;0,93808;0,9083225;0,9112025;0,95
2324;0;0;0;0;0;0;0;0;0;0,76721;0,77777;0,7293425;0,719015;0,95
2325;0;0;0;0;0;0;0;0;0;0,76721;0,7259;0,76721;0,76721;0,95
2326;0;0;0;0;0;0;0;0;0;0,76721;0,56066;0,663935;0,65705;0,95
2327;0;0;0;0;0;0;0;0;0;0,7155725;0,471475;0,56066;0,56066;0,95
2328;0;0;0;0;0;0;0;0;0;0,5483975;0,33071;0,5578725;0,5044725;0,95
2329;0;0;0;0;0;0;0;0;0;0,3497475;0,16729;0,33201;0,219685;0,95
2330;0;0;0;0;0;0;0;0;0;0,174045;0,08459;0,135695;0,1365195;0,95
2331;0;0;0;0;0;0;0;0;0;0,15705;0,08459;0,148595;0,15705;0,95
2332;0;0;0;0;0;0;0;0;0;0,19946;0,07049725;0,1809925;0,10995025;0,95
2333;0;0;0;0;0;0;0;0;0;0,59366;0,2488325;0,53739;0,321055;0,95
2334;0,032075253;0,026885228;0,03976903;0,040947406;0,0316889;0,026375125;0,0394015;0,040668775;0;0,7155725;0,39344;0,76721;0,4519675;0,95
2335;0,136183303;0,080584772;0,164473657;0,119815638;0,137665;0,08005125;0,16828;0,1204095;0;0,56066;0,32175;0,663935;0,39344;0,95
2336;0,259811842;0,13293409;0,352657855;0,226103724;0,26588;0,1331755;0,36949;0,230305;1,27E-06;0,415735;0,25902;0,45754;0,39344;0,95
2337;0,396031263;0,206086895;0,491696921;0,296910276;0,41188;0,2078975;0,522315;0,304385;0,000268892;0,3531125;0,25902;0,3038275;0,3575925;0,95
2338;0,482924961;0,224227974;0,58372425;0,365463039;0,5061625;0,22704;0,6268425;0,3773825;0,000365996;0,24712;0,215615;0,2063325;0,2769425;0,95
2339;0,505101671;0,22848754;0,613430447;0,3520005;0,5332975;0,2315375;0,66329;0,364295;0,000323238;0,3710375;0,5889325;0,4496175;0,6422925;0,95
2340;0,535212395;0,244738421;0,616714816;0,454959671;0,56932;0,24827;0,6681625;0,473345;0,000369945;0,443605;0,77585;0,43803;0,79313;0,95
2341;0,489888592;0,227673671;0,584251579;0,377341184;0,52116;0,231;0,6332675;0,393095;0,000145525;0,6536075;0,966355;0,6260675;0,9792;0,95
2342;0,446259947;0,206876684;0,526859408;0,29203429;0,472315;0,2095275;0,56903;0,3013825;0,000177483;0,8188175;0,9985575;0,81479;0,999615;0,95
2343;0,325910961;0,148234816;0,434275855;0,247350987;0,3413775;0,1495075;0,4650975;0,25374;0,000210448;0,49236;0,723395;0,45422;0,8603275;0,95
2344;0,212484671;0,095743915;0,300514895;0,116794934;0,2191625;0,09597225;0,3184425;0,1188675;6,28E-05;0,3531125;0,471475;0,25902;0,5665925;0,95
2345;0,100251975;0,047085419;0,144275033;0,060855687;0,1026165;0,0468775;0,15073;0,0610975;0;0,21313;0,2873875;0,18424;0,357015;0,95
2346;0,002928226;0,002591627;0,014636653;0,002370144;0,002965178;0,002561945;0,014905375;0,00236371;0;0,143765;0,12097475;0,11376425;0,1859475;0,95
2347;0;0;0;0;0;0;0;0;0;0,02975925;0,010497178;0,015247703;0,02434975;0,95
2348;0;0;0;0;0;0;0;0;0;0,012131;0,00098361;0,003398905;0,003956305;0,95
2349;0;0;0;0;0;0;0;0;0;0,01295725;0,00098361;0,012131;0,012131;0,95
2350;0;0;0;0;0;0;0;0;0;0,04250375;0,00552558;0,02673775;0,01655725;0,95
2351;0;0;0;0;0;0;0;0;0;0,131637;0,06463825;0,0888965;0,07311475;0,95
2352;0;0;0;0;0;0;0;0;0;0,08506975;0,03993975;0,06363925;0,04694525;0,95
2353;0;0;0;0;0;0;0;0;0;0,012983703;0,001994545;0,007437178;0,005442603;0,95
2354;0;0;0;0;0;0;0;0;0;0,002284158;0,000303825;0,000871405;0,001484523;0,95
2355;0;0;0;0;0;0;0;0;0;0,04505475;0,03372925;0,03037475;0,03442275;0,95
2356;0;0;0;0;0;0;0;0;0;0,038689;0,02054075;0,038689;0,02054075;0,95
2357;0;0;0;0;0;0;0;0;0;0,0677595;0,01788525;0,044809;0,02673775;0,95
2358;0,047496687;0,027620864;0,042583859;0,020932214;0,04767125;0,027111775;0,042371;0,020505225;0;0,0919175;0,04710425;0,095458;0,04710425;0,95
2359;0,209395342;0,080128958;0,185400671;0,07427657;0,2173025;0,07955875;0,1907025;0,07381525;0;0,22325;0,1731475;0,256005;0,1731475;0,95
2360;0,407581934;0,14094371;0,365320974;0,143977658;0,430525;0,1412;0,3826175;0,14468;1,15E-06;0,250445;0,1958525;0,2570325;0,1958525;0,95
2361;0,555604855;0,201964579;0,54236625;0,193854789;0,59539;0,2037675;0,5770775;0,1959225;8,68E-05;0,5420225;0,639325;0,639325;0,6289975;0,95
2362;0,661082684;0,245111645;0,629238276;0,217389553;0,7178925;0,24868;0,6792575;0,2204;0,000141973;0,56066;0,82499;0,7293425;0,79313;0,95
2363;0,719835316;0,288906434;0,698450803;0,245017737;0,790855;0,294315;0,7627975;0,24898;0,000155053;0,7431125;0,9915825;0,8334475;0,978325;0,95
2364;0,728831211;0,307297212;0,703372539;0,241131395;0,806005;0,313564;0,77266;0,2453075;0,000152501;0,61574;0,9730125;0,74713;0,98675;0,95
2365;0,689204487;0,285111592;0,660003947;0,217880764;0,7620675;0,29094;0,72386;0,22138;0,000144516;0,8881625;0,9998375;0,9551375;0,9998775;0,95
2366;0,605763711;0,221598553;0,581268197;0,191138684;0,6650075;0,225395;0,63364;0,1937425;0,000107974;0,9112025;1;0,96555;1;0,95
2367;0,483105553;0,173086697;0,468713566;0,139654524;0,52402;0,1748675;0,5054025;0,14106725;6,21E-05;0,76721;0,999615;0,8132875;1;0,95
2368;0,326329934;0,111455909;0,322826448;0,084663265;0,34863;0,1118885;0,343195;0,08487;5,81E-06;0,76721;0,9951075;0,7741225;0,99694;0,95
2369;0,148687741;0,056439608;0,147204237;0,037905248;0,155974;0,05634125;0,153565;0,03776795;0;0,9006425;0,9995575;0,9254075;0,9993875;0,95
2370;0,014726588;0,003111619;0,01592112;0,002287572;0,015084425;0,003081373;0,016250825;0,00225935;0;0,59846;0,6847875;0,589;0,7357375;0,95
2371;0;0;0;0;0;0;0;0;0;0,2012925;0,13966825;0,1876425;0,2075275;0,95
2372;0;0;0;0;0;0;0;0;0;0,2658625;0,2068;0,242025;0,2605625;0,95
2373;0;0;0;0;0;0;0;0;0;0,21313;0,126177;0,178925;0,180885;0,95
2374;0;0;0;0;0;0;0;0;0;0,10149825;0,03956825;0,07818775;0,05628425;0,95
2375;0;0;0;0;0;0;0;0;0;0,1027035;0,05475425;0,08459;0,07923475;0,95
2376;0;0;0;0;0;0;0;0;0;0,08459;0,040117;0,04710425;0,044809;0,95
2377;0;0;0;0;0;0;0;0;0;0,11236425;0,083162;0,044809;0,0639345;0,95
2378;0;0;0;0;0;0;0;0;0;0,08459;0,07923475;0,08459;0,08459;0,95
2379;0;0;0;0;0;0;0;0;0;0,08459;0,040117;0,05628425;0,07923475;0,95
2380;0;0;0;0;0;0;0;0;0;0,11236425;0,083162;0,038689;0,038689;0,95
2381;0;0;0;0;0;0;0;0;0;0,09087;0,08459;0,038689;0,038689;0,95
2382;0,044858116;0,045384241;0,042165367;0,011918646;0,04486175;0,045411;0,04177755;0,011520475;0;0,14948;0,083162;0,038689;0,04939925;0,95
2383;0,178858421;0,204905582;0,096210805;0,040632983;0,18414;0,2122915;0,096265;0,0400635;2,99E-06;0,05483475;0,02462475;0,01699975;0,01699975;0,95
2384;0,359712987;0,405715816;0,347707224;0,066135237;0,3776225;0,4283525;0,35887;0,06575725;0,000199591;0,038689;0,012131;0,012131;0,012131;0,95
2385;0,462821448;0,556582461;0,230394592;0,074952707;0,49087;0,597735;0,2383875;0,074708;0,000199772;0,02780875;0,0140001;0,0192805;0,0201985;0,95
2386;0,571713671;0,66800779;0,153768158;0,104347804;0,6132;0,728705;0,15562425;0,10438575;0,000306794;0,1310605;0,11876575;0,1783925;0,18849125;0,95
2387;0,575958789;0,718571171;0,070544092;0,128107224;0,62172;0,7932875;0,07039725;0,128645;0,000284609;0,15875;0,15773;0,26126;0,2769425;0,95
2388;0,635041303;0,719300763;0,13189725;0,133897488;0,6903475;0,7989175;0,13164;0,134645;0,000145864;0,293665;0,3180975;0,525345;0,55445;0,95
2389;0,586864145;0,681089882;0,331073487;0,138639355;0,639455;0,7562075;0,337575;0,13951;0;0,7230975;0,8634;0,977425;0,9834475;0,95
2390;0,516731803;0,600810671;0,410180053;0,127331882;0,5590825;0,662265;0,4260975;0,1280575;0;0,417115;0,509455;0,8525;0,847475;0,95
2391;0,430851829;0,477581842;0,159931887;0,099255348;0,46246;0,5193775;0,16643475;0,0996155;0;0,24372;0,2183775;0,501375;0,562035;0,95
2392;0,276125329;0,320579882;0,033421098;0,060046875;0,292865;0,3427;0,0333865;0,06001125;0;0,3195075;0,288145;0,56066;0,56066;0,95
2393;0,126006577;0,147275751;0,014936797;0,029395338;0,1311475;0,1542655;0,014597025;0,0291545;0;0,4740275;0,5064525;0,6750025;0,6786375;0,95
2394;0,01378068;0,016700026;0,0043092;0,003057985;0,014092533;0,017039425;0,00414515;0,003009703;0;0,9784875;0,9969175;0,99925;0,9994975;0,95
2395;0;0;0;0;0;0;0;0;0;0,986675;0,9967625;0,9902875;0,995255;0,95
2396;0;0;0;0;0;0;0;0;0;0,6367775;0,6095125;0,6144825;0,6692425;0,95
2397;0;0;0;0;0;0;0;0;0;0,7121275;0,705245;0,7121275;0,7018;0,95
2398;0;0;0;0;0;0;0;0;0;0,76721;0,7086875;0,663935;0,65705;0,95
2399;0;0;0;0;0;0;0;0;0;0,554755;0,4755525;0,44589;0,5044725;0,95
2400;0;0;0;0;0;0;0;0;0;0,245115;0,1561525;0,19918;0,219685;0,95
2401;0;0;0;0;0;0;0;0;0;0,1119765;0,05466125;0,07677725;0,091875;0,95
2402;0;0;0;0;0;0;0;0;0;0,02512325;0,005180328;0,0165139;0,0174425;0,95
2403;0;0;0;0;0;0;0;0;0;0,06486575;0,02876525;0,0355905;0,0409455;0,95
2404;0;0;0;0;0;0;0;0;0;0,041494;0,015672;0,024023;0,024023;0,95
2405;0;0;0;0;0;0;0;0;0;0,038689;0,02673775;0,03786275;0,03786275;0,95
2406;0,042676322;0,048438607;0,039907725;0,059234211;0,04240075;0,04845775;0,03987465;0,0596185;0;0,0376265;0,015672;0,03116425;0,03116425;0,95
2407;0,15141733;0,19305898;0,197967474;0,201615434;0,15352525;0,199331;0,20429;0,207755;0;0,01275075;0,003398905;0,007114803;0,012131;0,95
2408;0,269197816;0,375128329;0,460741027;0,388321184;0,27603;0,394355;0,48536;0,40902;0;0,0108305;0,000953007;0,00098361;0,0089726;0,95
2409;0,374251855;0,514066263;0,455874671;0,550389355;0,3864075;0,549055;0,4835425;0,589765;0;0,00098361;3,06E-05;0,000508198;0,000836065;0,95
2410;0,426613934;0,624595855;0,480760263;0,635325434;0,4433425;0,676985;0,5095725;0,690675;0;0,008043653;0,001054652;0,004327955;0,006185753;0,95
2411;0,4994436;0,685806947;0,461569342;0,674328513;0,524118;0,7529275;0,48669;0,741085;0;0,02496725;0,01157365;0,02452475;0,02452475;0,95
2412;0,498735197;0,694959355;0,30676579;0,659500698;0,525405;0,7686175;0,3190775;0,727235;6,25E-06;0,03600375;0,02718025;0,0355905;0,03600375;0,95
2413;0,408939987;0,659274355;0,33822975;0,625450658;0,42933;0,7296075;0,34648;0,6874875;9,45E-05;0,007330053;0,00302733;0,005256805;0,007330053;0,95
2414;0,419226513;0,576185132;0,389142277;0,544884908;0,4392225;0,6335375;0,402725;0,594425;0,00026053;0,00098361;0,00037705;0,000786888;0,00098361;0,95
2415;0,297986606;0,476731855;0,277844566;0,424451645;0,31037;0,5178825;0,287625;0,4573275;0,00035659;0,000491803;0;0;0,0002459;0,95
2416;0,189128092;0,322929987;0,112506474;0,277167948;0,1944725;0,3452675;0,114805;0,2945175;0,000209752;0;0;0;0;0,95
2417;0,09326595;0,155165459;0,14052257;0,128103612;0,094815;0,162839;0,14160275;0,133832;1,72E-05;0,000540985;0;0;0;0,95
2418;0,009921754;0,020846879;0,026765508;0,010266011;0,009983925;0,021337475;0,02717395;0,01048015;0;0,000262295;0;0;0;0,95
2419;0;0;0;0;0;0;0;0;0;0,00098361;0;0,000540985;0,000868855;0,95
2420;0;0;0;0;0;0;0;0;0;0,00098361;0,000868855;0,00098361;0,00098361;0,95
2421;0;0;0;0;0;0;0;0;0;0,00098361;0,00098361;0,00098361;0,00098361;0,95
2422;0;0;0;0;0;0;0;0;0;0,00098361;0,00098361;0,00098361;0,00098361;0,95
2423;0;0;0;0;0;0;0;0;0;0,00098361;0,00037705;0,00037705;0,00098361;0,95
2424;0;0;0;0;0;0;0;0;0;0,00098361;0,000868855;0;0,00098361;0,95
2425;0;0;0;0;0;0;0;0;0;0,001949733;0,003301655;0,001834978;0,00469958;0,95
2426;0;0;0;0;0;0;0;0;0;0,040952;0,07370925;0,047554;0,05564225;0,95
2427;0;0;0;0;0;0;0;0;0;0,13362275;0,2335275;0,17966;0,2142775;0,95
2428;0;0;0;0;0;0;0;0;0;0,0874885;0,25902;0,1051205;0,1825425;0,95
2429;0;0;0;0;0;0;0;0;0;0,08539525;0,2769425;0,095458;0,1901225;0,95
2430;0,029687657;0,047715083;0,02571398;0,047569887;0,0292664;0,04787925;0,02516555;0,047289;0;0,1815125;0,62164;0,251525;0,50111;0,95
2431;0,067961625;0,205980948;0,091972188;0,155819684;0,06751;0,2130375;0,09141125;0,1577125;0;0,1353135;0,364755;0,1808425;0,309925;0,95
2432;0,170779934;0,40374375;0,157632829;0,267914408;0,1721475;0,4257925;0,158015;0,2742125;0;0,2575525;0,53721;0,33524;0,464305;0,95
2433;0,170806421;0,55976329;0,255976066;0,387972039;0,17276025;0,599795;0,2585825;0,4017875;0;0,616065;0,946305;0,8618625;0,880465;0,95
2434;0,235058684;0,648946895;0,281779066;0,456269566;0,2381875;0,705205;0,286355;0,4767975;3,13E-06;0,868005;0,9930475;0,99475;0,934625;0,95
2435;0,230909882;0,708787895;0,310811053;0,505884237;0,23451;0,778275;0,3169075;0,53074;6,23E-05;0,94;0,9417025;0,99496;0,7795;0,95
2436;0,236816448;0,722142079;0,349164;0,436987145;0,240435;0,796875;0,3576475;0,4581525;7,11E-05;0,974675;0,9810625;0,9998775;0,9359675;0,95
2437;0,247317277;0,671932658;0,322356908;0,450685658;0,2514125;0,74085;0,330405;0,4710025;0,000154877;0,99475;0,9930475;1;0,94;0,95
2438;0,183207079;0,588133105;0,304969259;0,38211604;0,1859375;0,6437475;0,31161975;0,3980225;0,000158767;0,9957125;0,9472375;1;0,9536875;0,95
2439;0,175766684;0,474617724;0,202342619;0,297962526;0,1775925;0,5130225;0,205875;0,30775;0,000169005;0,99947;0,9903825;0,999995;0,978855;0,95
2440;0,113764599;0,314519211;0,141874362;0,204061856;0,1146805;0,3349775;0,1429145;0,2092625;0,000111382;0,844545;0,5649025;0,874355;0,534945;0,95
2441;0,072121986;0,141981513;0,06782293;0,098491804;0,07228825;0,14857;0,0678465;0,10035525;0;0,73967;0,3798475;0,73967;0,4324575;0,95
2442;0,003660393;0,025922022;0,003819769;0,012453475;0,003656455;0,02658045;0,003792702;0,01262252;0;0,397705;0,2047825;0,3641525;0,3015875;0,95
2443;0;0;0;0;0;0;0;0;0;0,21313;0,15705;0,18424;0,1825425;0,95
2444;0;0;0;0;0;0;0;0;0;0,134103;0,112365;0,134103;0,1497225;0,95
2445;0;0;0;0;0;0;0;0;0;0,0600075;0,05092925;0,04939925;0,06631;0,95
2446;0;0;0;0;0;0;0;0;0;0,082652;0,07923475;0,0624045;0,08459;0,95
2447;0;0;0;0;0;0;0;0;0;0,041494;0,044809;0,038689;0,05628425;0,95
2448;0;0;0;0;0;0;0;0;0;0,05628425;0,02452475;0,0355905;0,038689;0,95
2449;0;0;0;0;0;0;0;0;0;0,038689;0,01178425;0,012131;0,03851175;0,95
2450;0;0;0;0;0;0;0;0;0;0,01611475;0,00245758;0,012131;0,0140785;0,95
2451;0;0;0;0;0;0;0;0;0;0,045011;0,02743375;0,0336425;0,03381975;0,95
2452;0;0;0;0;0;0;0;0;0;0,038689;0,005991178;0,0140785;0,038689;0,95
2453;0;0;0;0;0;0;0;0;0;0,038689;0,002469958;0,012131;0,038689;0,95
2454;0,03134371;0;0,058165587;0,03030769;0,030916075;0;0,058386;0,0298815;0;0,038689;0,01131355;0,012131;0,038689;0,95
2455;0,132407483;0,008052096;0,233647658;0,079062501;0,13331075;0,00772165;0,24197;0,078616;0;0,01699975;0,001057933;0,003398905;0,01788525;0,95
2456;0,231569645;0,020598648;0,441831829;0,137346316;0,23588;0,01998705;0,4666375;0,137795;0;0,01699975;0,007300525;0,01070675;0,012131;0,95
2457;0,386146856;0,092868647;0,603582158;0,188001197;0,39906;0,0922305;0,6478375;0,189675;0;0,005814178;0,00098361;0,001664858;0,005256805;0,95
2458;0,400088566;0,75161471;0,707995697;0,220750974;0,416835;0,80735;0,7714975;0,223645;0;0,00098361;0,00098361;0,004327778;0,00098361;0,95
2459;0,285058619;0,80969554;0,755144684;0,238764434;0,29466;0,8925225;0,832455;0,2423925;0;0,00098361;0,00098361;0,00098361;0,00098361;0,95
2460;0,375629171;0,795269842;0,761044027;0,229416987;0,38691;0,88505;0,844135;0,232945;0;0,000590173;0,0002459;0,00098361;0,0002459;0,95
2461;0,268721053;0,397232803;0,720584171;0,219626487;0,27638;0,431005;0,798865;0,222845;1,98E-05;0,001169407;0,002903825;0,004027305;0,001834978;0,95
2462;0,217820566;0,455053579;0,636288592;0,209029101;0,2213725;0,4773975;0,7004275;0,211789;0,000103629;0,0146719;0,06581175;0,0662785;0,02563825;0,95
2463;0,133841384;0,213406895;0,51803929;0,164541801;0,13540625;0,2227825;0,5629375;0,16633875;0,000120448;0,009530075;0,044809;0,042667;0,012308;0,95
2464;0,065081542;0,022970594;0,349498697;0,122536559;0,065179;0,0231685;0,3734625;0,1233725;4,62E-05;0,012131;0,038689;0,038689;0,012131;0,95
2465;0,013472942;0,009404804;0,163506647;0,061450196;0,0133513;0,0091046;0,17173575;0,06163725;0;0,00377053;0,0170678;0,0177615;0,006557377;0,95
2466;0,002054476;0,00149558;0,027688839;0,00692171;0,001934418;0,001394325;0,028480275;0,006881953;0;0,00098361;0,001057933;0,001664858;0,00098361;0,95
2467;0;0;0;0;0;0;0;0;0;0,008043653;0,00487658;0,006734377;0,009521225;0,95
2468;0;0;0;0;0;0;0;0;0;0,04859575;0,06105925;0,052283;0,06291175;0,95
2469;0;0;0;0;0;0;0;0;0;0,2180425;0,2941775;0,226015;0,321325;0,95
2470;0;0;0;0;0;0;0;0;0;0,70288;0,8874;0,7903675;0,9088125;0,95
2471;0;0;0;0;0;0;0;0;0;0,999205;1;0,9999825;1;0,95
2472;0;0;0;0;0;0;0;0;0;1;1;1;1;0,95
2473;0;0;0;0;0;0;0;0;0;1;1;1;1;0,95
2474;0;0;0;0;0;0;0;0;0;1;0,733335;1;1;0,95
2475;0;0;0;0;0;0;0;0;0;1;1;1;1;0,95
2476;0;0;0;0;0;0;0;0;0;1;1;1;1;0,95
2477;0;0;0;0;0;0;0;0;0;1;1;1;1;0,95
2478;0,034356324;0,031785174;0,054849194;0,039846805;0,03393025;0,03130625;0,0550515;0,0395195;0;1;0,9883475;1;1;0,95
2479;0,102040078;0,105688038;0,22934475;0,10183035;0,10202475;0,105637;0,237285;0,1018985;0;1;0,999995;1;1;0,95
2480;0,207164428;0,123520184;0,440529158;0,210303119;0,209348;0,12396;0,4649025;0,21327;0;1;1;1;1;0,95
2481;0,271470628;0,245051448;0,597215685;0,155049158;0,2763425;0,2476975;0,6408325;0,157275;0;1;1;1;1;0,95
2482;0,27134325;0,423252513;0,705118263;0,252112117;0,2765725;0,437965;0,7681225;0,2558265;0;0,9999825;1;0,999995;1;0,95
2483;0,354290408;0,272318448;0,753777;0,354988697;0,363545;0,281045;0,830505;0,364575;8,68E-05;0,9815175;0,99764;0,9679675;0,971815;0,95
2484;0,338639092;0,1889292;0,754133369;0,433091171;0,3482975;0,19220975;0,8358625;0,4494375;0,000258538;0,998075;1;0,9984525;0,998775;0,95
2485;0,29166829;0,082309547;0,713119698;0,51790204;0,29885;0,082561;0,7900075;0,54492;0,000151092;0,996065;1;0,9955425;0,9969375;0,95
2486;0,248446579;0,061231078;0,630384434;0,567668408;0,25341;0,0607925;0,69336;0,60678;2,47E-05;0,93196;0,9928025;0,88118;0,88284;0,95
2487;0,220100842;0,084855655;0,50330779;0,388424724;0,2238025;0,08429825;0,54651;0,4143225;0;0,478425;0,577165;0,3541525;0,38825;0,95
2488;0,144846908;0,083116192;0,346609224;0,269409711;0,14678;0,0827235;0,37025;0,28272;0;0,52033;0,6490475;0,4731175;0,499345;0,95
2489;0,078352172;0,069854471;0,160226132;0,153088409;0,0788735;0,06950325;0,168225;0,15878125;0;0,848815;0,8879725;0,7431125;0,7259;0,95
2490;0,020850659;0,034351267;0,031533091;0,031515273;0,02075005;0,033991;0,032430875;0,032216825;0;0,8042675;0,67101;0,741605;0,742015;0,95
2491;0;0,00015445;0;0;0;0,000149818;0;0;0;0,9794025;0,946305;0,97505;0,9853625;0,95
2492;0;0;0;0;0;0;0;0;0;0,994335;0,95496;0,98616;0,993575;0,95
2493;0;0;0;0;0;0;0;0;0;0,6021125;0,373935;0,5324075;0,562245;0,95
2494;0;0;0;0;0;0;0;0;0;0,4498675;0,25902;0,4018025;0,418525;0,95
2495;0;0;0;0;0;0;0;0;0;0,82745;0,4139875;0,69213;0,6822975;0,95
2496;0;0;0;0;0;0;0;0;0;0,7795;0,56066;0,76721;0,5732825;0,95
2497;0;0;0;0;0;0;0;0;0;0,951515;0,7126125;0,9050175;0,6594775;0,95
2498;0;0;0;0;0;0;0;0;0;0,999615;0,9958625;0,999215;0,9953425;0,95
2499;0;0;0;0;0;0;0;0;0;0,9990375;0,9858125;0,9985125;0,99895;0,95
2500;0;0;0;0;0;0;0;0;0;1;1;1;1;0,95
2501;0;0;0;0;0;0;0;0;0;1;1;1;1;0,95
2502;0,050244336;0,01497489;0,028853851;0,044884843;0,05025175;0,01452885;0,02830445;0,0445875;0;1;1;1;0,98829;0,95
2503;0,171853855;0,043704975;0,075703729;0,099434495;0,1751;0,04302975;0,07490875;0,09943475;0;1;1;1;0,995625;0,95
2504;0,201983842;0,076016274;0,13025025;0,150825711;0,20624;0,075407;0,12994;0,1517175;0,000176319;1;1;1;1;0,95
2505;0,479674303;0,073788008;0,165636671;0,165041681;0,502245;0,07333775;0,16606;0,16634475;0,000347573;1;1;1;1;0,95
2506;0,451326158;0,123507182;0,157620789;0,329944184;0,47425;0,12329375;0,1581175;0,337595;0,000476637;1;1;1;1;0,95
2507;0,549105947;0,138983684;0,14736075;0,573189711;0,5789;0,139245;0,147655;0,604015;0,00055969;1;1;1;1;0,95
2508;0,403006934;0,141827408;0,121755438;0,326905421;0,42315;0,142265;0,121805;0,343105;0,000584042;1;1;1;1;0,95
2509;0,542725026;0,130397131;0,12948454;0,261767053;0,5708825;0,1307175;0,1294;0,26789;0,00055046;0,997715;0,9445825;0,9972875;1;0,95
2510;0,67522425;0,136852698;0,112479024;0,275776184;0,725395;0,1370875;0,11236675;0,2820125;0,000462225;0,9998375;0,973425;0,99764;1;0,95
2511;0,347099953;0,143419026;0,105537063;0,562578118;0,37271375;0,143795;0,105288;0,593185;0,000324624;1;1;1;1;0,95
2512;0,147006789;0,087428491;0,069645948;0,312869803;0,15200675;0,08746325;0,06929625;0,333245;0,000152574;1;1;1;1;0,95
2513;0,020229494;0,051057722;0,039599033;0,125048957;0,020326725;0,050717;0,03916;0,130487;0;1;1;1;1;0,95
2514;0,002037344;0,013238918;0,010630976;0,020349311;0,001976275;0,0130429;0,0104057;0,02064645;0;0,99764;0,8927475;0,9865525;1;0,95
2515;0;4,43E-05;1,90E-05;0;0;4,20E-05;1,77E-05;0;0;0,99475;0,7545875;0,9838;0,9896775;0,95
2516;0;0;0;0;0;0;0;0;0;0,9069825;0,4572475;0,709945;0,721465;0,95
2517;0;0;0;0;0;0;0;0;0;0,622625;0,262155;0,415735;0,4240975;0,95
2518;0;0;0;0;0;0;0;0;0;0,598525;0,25902;0,4603275;0,3880625;0,95
2519;0;0;0;0;0;0;0;0;0;0,41743;0,1825475;0,253125;0,22591;0,95
2520;0;0;0;0;0;0;0;0;0;0,081866;0,019333303;0,0352715;0,04916125;0,95
2521;0;0;0;0;0;0;0;0;0;0,013931;0,00098361;0,001924955;0,012131;0,95
2522;0;0;0;0;0;0;0;0;0;0,03674125;0,00098361;0,020095;0,02186875;0,95
2523;0;0;0;0;0;0;0;0;0;0,038689;0,00098361;0,012131;0,012131;0,95
2524;0;0;0;0;0;0;0;0;0;0,01959675;0,0108305;0,012131;0,028951;0,95
2525;0;0;0;0;0;0;0;0;0;0,03786275;0,0355905;0,012131;0,038689;0,95
2526;0,045989826;0,051503905;0,035095307;0,065094834;0,045655;0,0512195;0,03452125;0,065288275;0;0,05092925;0,04710425;0,028951;0,07001375;0,95
2527;0,130821643;0,092599927;0,079980632;0,181367448;0,13159875;0,09236325;0,07920425;0,184975;0;0,1425575;0,1595525;0,10942625;0,2142775;0,95
2528;0,237594197;0,147363158;0,137495605;0,358480145;0,2416575;0,147643;0,1372075;0,37367;0;0,1774425;0,16328;0,16328;0,208035;0,95
2529;0,308875105;0,285896566;0,181109803;0,454637013;0,3165075;0,290465;0,18175;0,47812;0;0,362075;0,3183725;0,3421225;0,384525;0,95
2530;0,407093132;0,246233724;0,170854579;0,522178461;0,4212875;0,2508775;0,171645;0,55248;0;0,274895;0,161922;0,22798;0,2025575;0,95
2531;0,399380645;0,437755263;0,173416579;0,562166369;0,41425;0,4517175;0,17411;0,5989275;1,97E-05;0,03490055;0,00839346;0,019759677;0,01333725;0,95
2532;0,426517619;0,424832092;0,164675921;0,577829724;0,44246;0,4419925;0,1652525;0,61786;0;0,001057933;0;0,000590173;3,06E-05;0,95
2533;0,321983684;0,535178684;0,252946934;0,464015763;0,3322925;0,563505;0,25561;0,4932175;0;0,00469958;1,64E-05;0,001664857;0,000540985;0,95
2534;0,32687171;0,496291184;0,150647527;0,383914737;0,3362275;0,5268625;0,152325;0,400965;0;0,03293475;0,00093443;0,02794175;0,008043653;0,95
2535;0,26636854;0,46266975;0,179802316;0,3163155;0,27375;0,491;0,1806375;0,3271475;0;0,038689;0,00098361;0,038689;0,012131;0,95
2536;0,178107158;0,35384254;0,08874898;0,171523011;0,181635;0,3744625;0,08894725;0,17608675;0;0,038689;0,00098361;0,038689;0,012131;0,95
2537;0,088357697;0,179010118;0,057371223;0,0674721;0,0893355;0,1875775;0,05692325;0,0678985;0;0,038689;0,002469958;0,038689;0,012131;0,95
2538;0,025373143;0,03144412;0,006298287;0,018508192;0,02533005;0,032275;0,006227928;0,018424428;0;0,03160675;0,012131;0,03116425;0,012131;0,95
2539;7,05E-05;0,000287021;0;0;6,85E-05;0,000273075;0;0;0;0,012131;0,002469958;0,009530075;0,012131;0,95
2540;0;0;0;0;0;0;0;0;0;0,015672;0,01663575;0,01699975;0,01788525;0,95
2541;0;0;0;0;0;0;0;0;0;0,06939175;0,118999;0,07015675;0,11063225;0,95
2542;0;0;0;0;0;0;0;0;0;0,026838;0,05785475;0,026838;0,05628425;0,95
2543;0;0;0;0;0;0;0;0;0;0,012131;0,02452475;0,012131;0,03116425;0,95
2544;0;0;0;0;0;0;0;0;0;0,006185753;0,012131;0,012131;0,0108305;0,95
2545;0;0;0;0;0;0;0;0;0;0,002655755;0,004885253;0,012131;0,003584805;0,95
2546;0;0;0;0;0;0;0;0;0;0,02777025;0,032492;0,03381975;0,0307215;0,95
2547;0;0;0;0;0;0;0;0;0;0,013754;0,01788525;0,01788525;0,01788525;0,95
2548;0;0;0;0;0;0;0;0;0;0,006185753;0,012131;0,012131;0,012131;0,95
2549;0;0;0;0;0;0;0;0;0;0,00098361;0,010273275;0,01168525;0,002469958;0,95
2550;0,072674838;0,059816921;0,034452086;0,076656051;0,07301075;0,05972025;0,033872575;0,0770775;0;0,00052459;0,000540985;0,001046985;0,00037705;0,95
2551;0,240539053;0,211894737;0,086036246;0,199946763;0,248795;0,217515;0,085283;0,204805;0;0;0;0;0;0,95
2552;0,429874224;0,475624224;0,147864481;0,359349395;0,4539;0,4995225;0,14791875;0,3746875;0;0;0;0;0;0,95
2553;0,59662575;0,440849408;0,204355619;0,539787395;0,6398725;0,4661225;0,2054125;0,573725;0;0;0;0;0;0,95
2554;0,694309224;0,448708776;0,257517119;0,57173775;0,75481;0,4721275;0,2603125;0,6138425;0;0;0;0;0;0,95
2555;0,729522276;0,486820934;0,284225487;0,653341303;0,80189;0,511435;0,288625;0,7067375;0;0;0;0;0;0,95
2556;0,746163237;0,361282934;0,285087513;0,52928175;0,825265;0,3753875;0,2899625;0,5709275;0;0;0;0;0;0,95
2557;0,690129119;0,173222503;0,276638211;0,523558184;0,7630225;0,177464;0,2810425;0,558;0;0,000360655;0;0;0,000377048;0,95
2558;0,615173763;0,149434911;0,225388579;0,418663066;0,6755025;0,150217;0,2284125;0,443595;0;0;0;0;0;0,95
2559;0,491032342;0,128338382;0,167820632;0,158086717;0,5321625;0,128735;0,169165;0,163839;0;0;0;0;0,000622952;0,95
2560;0,327745776;0,104889581;0,128916517;0,142849318;0,3497475;0,10499225;0,12922825;0,1442395;0;0;0;0;0,000131148;0,95
2561;0,157524474;0,074399372;0,057794289;0,048462012;0,16539475;0,0742015;0,05762975;0,04858525;0;0,000672133;0;0;0,0007541;0,95
2562;0,02950745;0,024394502;0,016677753;0,003504859;0,030312425;0,024173175;0,0164468;0,0034757;0;0;0;0;3,06E-05;0,95
2563;6,12E-05;0,000253527;6,92E-05;0;5,81E-05;0,000247038;6,65E-05;0;0;0,000737705;0,000786888;0,000491803;0,000953008;0,95
2564;0;0;0;0;0;0;0;0;0;0,00098361;0,001429508;0,00098361;0,00098361;0,95
2565;0;0;0;0;0;0;0;0;0;0,00098361;0,014412;0,0082297;0,006743275;0,95
2566;0;0;0;0;0;0;0;0;0;0,000131148;0,000530053;0,000295083;0,000213123;0,95
2567;0;0;0;0;0;0;0;0;0;0;0;0;0;0,95
2568;0;0;0;0;0;0;0;0;0;0;0;0;0;0,95
2569;0;0;0;0;0;0;0;0;0;0;0;0;0;0,95
2570;0;0;0;0;0;0;0;0;0;0;0;0;0;0,95
2571;0;0;0;0;0;0;0;0;0;0;0;0;0;0,95
2572;0;0;0;0;0;0;0;0;0;0;0,000868855;0,000491803;0;0,95
2573;0;0;0;0;0;0;0;0;0;0;0,000911477;0,000737705;0;0,95
2574;0,074357475;0,009124717;0,014898199;0,077061541;0,07482825;0,008716225;0,0144388;0,07756575;0;0;6,55E-06;0;0;0,95
2575;0,180203712;0,045591561;0,043829463;0,237856658;0,18363875;0,04480775;0,04306625;0,24536;0;0;0;0;0;0,95
2576;0,342780671;0,095303511;0,103554162;0,421374355;0,35571;0,0948645;0,10294775;0,4438075;0;0,00052459;0,0007541;0,000672125;0,0007541;0,95
2577;0,442982803;0,134830066;0,108650953;0,583967448;0,46368;0,1348625;0,10833825;0,6244375;0,000110926;0,00098361;0,00377053;0,00098361;0,00414208;0,95
2578;0,492561355;0,151682921;0,169958842;0,678689211;0,5174825;0,15213;0,17020575;0,7356875;0,000201283;0,004513705;0,0187705;0,007114803;0,01655725;0,95
2579;0,548785697;0,149802355;0,185092461;0,710446934;0,5809925;0,1503675;0,18589;0,77721;0,00042198;0,02939375;0,044809;0,03160675;0,0593445;0,95
2580;0,536767895;0,150308976;0,1539945;0,7075695;0,5690875;0,15086975;0,1544875;0,77655;0,000614381;0,07540975;0,08459;0,038689;0,13772825;0,95
2581;0,466551277;0,111854175;0,114199224;0,67568175;0,4908125;0,11202675;0,1141875;0,7404375;0,00024806;0,07005475;0,07693975;0,03851175;0,148595;0,95
2582;0,420233013;0,126660079;0,13268704;0,594788527;0,438955;0,126665;0,1325075;0,6480675;8,40E-05;0,02363925;0,014125678;0,01184915;0,05628425;0,95
2583;0,396255197;0,133038592;0,079039145;0,477023211;0,4137175;0,1332075;0,078802;0,514375;0,000128677;0,012131;0,00098361;0,00098361;0,0187705;0,95
2584;0,150350873;0,081651951;0,067799815;0,318838974;0,15593325;0,0815845;0,067236;0,3392825;0;0,002469958;0,00098361;0,00098361;0,012131;0,95
2585;0,045166567;0,053651266;0,036487311;0,145503782;0,0455069;0,0532495;0,036051;0,15228825;0;0,00098361;0,00098361;0,00098361;0,012131;0,95
2586;0,003831731;0,017675898;0,007519808;0,028875233;0,003793122;0,017427025;0,007342625;0,02962075;0;0,00098361;0,00098361;0,00097268;0,00990165;0,95
2587;0;9,21E-05;4,19E-05;2,02E-05;0;8,91E-05;3,66E-05;1,97E-05;0;0,00018032;0,000131148;6,01E-05;0,00034426;0,95
2588;0;0;0;0;0;0;0;0;0;0;0;0;0,000540985;0,95
2589;0;0;0;0;0;0;0;0;0;0,00062295;0,0007541;0,000672133;0,000786888;0,95
2590;0;0;0;0;0;0;0;0;0;0;0;0;0;0,95
2591;0;0;0;0;0;0;0;0;0;0;0;0;0;0,95
2592;0;0;0;0;0;0;0;0;0;0;0;0;0;0,95
2593;0;0;0;0;0;0;0;0;0;0;0;0;0;0,95
2594;0;0;0;0;0;0;0;0;0;0;0;0;0;0,95
2595;0;0;0;0;0;0;0;0;0;0;0;0;0;0,95
2596;0;0;0;0;0;0;0;0;0;0,00016393;6,55E-06;0,000229507;7,21E-05;0,95
2597;0;0;0,002460741;0;0;0;0,00212828;0;0;0,00098361;0,000911478;0,0091585;0,003020795;0,95
2598;0,069568413;0,011324353;0,083911279;0,037044738;0,069892;0,010903675;0,083724;0,036625575;0;0,00098361;0,00098361;0,003398905;0,00098361;0,95
2599;0,250669066;0,033738939;0,255458368;0,12555004;0,257885;0,03306325;0,263655;0,1258975;0;0,002655755;0,002655755;0,00499458;0,00321313;0,95
2600;0,269953895;0,060773818;0,498094698;0,155465724;0,279;0,0601235;0,525295;0,15664;0;0,0280655;0,060836;0,0592515;0,0516175;0,95
2601;0,599582645;0,087128226;0,578472632;0,270254882;0,634485;0,08658125;0,6161225;0,27402;0;0,038689;0,08459;0,05628425;0,08459;0,95
2602;0,672272171;0,102174679;0,404808039;0,297625421;0,725205;0,1018695;0,42529;0,3034125;5,88E-05;0,01959675;0,08579775;0,038689;0,08459;0,95
2603;0,579445421;0,109217289;0,470078843;0,269595118;0,6234625;0,1090775;0,488115;0,274715;0,000522027;0,03786275;0,1534275;0,044809;0,13772825;0,95
2604;0,613613447;0,098591491;0,500875816;0,424933224;0,6553375;0,09845225;0,52341;0,4373425;0,000483721;0,05217725;0,253715;0,097988;0,2031175;0,95
2605;0,35009104;0,088184088;0,415308869;0,433343518;0,3676525;0,08789475;0,433165;0,44865125;0,000465027;0,2112175;0,8538575;0,3248825;0,7527375;0,95
2606;0,342034224;0,082971478;0,473002027;0,454055265;0,3522375;0,0825485;0,493095;0,47111725;0,000318016;0,288145;0,99275;0,4965575;0,92733;0,95
2607;0,333341723;0,065363266;0,296703197;0,320889537;0,343245;0,06493325;0,308935;0,3321155;0,000105026;0,174045;0,6516225;0,2650425;0,61689;0,95
2608;0,18996604;0,047319225;0,231097698;0,26270854;0,19466;0,04687325;0,2359025;0,2715625;0;0,2165325;0,7190125;0,303825;0,56066;0,95
2609;0,122566658;0,027005985;0,107996005;0,126443369;0,12457;0,02661325;0,10952875;0,130588;0;0,1961375;0,5859025;0,25902;0,54115;0,95
2610;0,025600279;0,006849449;0,026567747;0,036913027;0,0259278;0,00664875;0,02650325;0,03735725;0;0,130923;0,2828;0,1697475;0,283365;0,95
2611;9,88E-05;6,31E-05;0,000117691;0,000174736;9,67E-05;5,52E-05;0,000114668;0,000171698;0;0,02504925;0,03879275;0,03241525;0,0426415;0,95
2612;0;0;0;0;0;0;0;0;0;0,006185753;0,001330433;0,006557377;0,0108305;0,95
2613;0;0;0;0;0;0;0;0;0;0,00098361;0,000953007;0,00098361;0,00098361;0,95
2614;0;0;0;0;0;0;0;0;0;0,00098361;3,06E-05;0,000672135;0,00070492;0,95
2615;0;0;0;0;0;0;0;0;0;0,00098361;0,00042623;0,00098361;0,00098361;0,95
2616;0;0;0;0;0;0;0;0;0;0,00098361;0;0,000911477;0,00098361;0,95
2617;0;0;0;0;0;0;0;0;0;0,000131148;0;6,55E-06;0,000213123;0,95
2618;0;0;0;0;0;0;0;0;0;0,00062295;0,000196727;0,00021312;0,00082951;0,95
2619;0;0;0;0;0;0;0;0;0;0;0;0;2,30E-05;0,95
2620;0;0;0;0;0;0;0;0;0;0;0;0;0;0,95
2621;0;0;0;0;0;0;0;0;0;0,000377048;0;0;0,00042623;0,95
2622;0,01888967;0,018369155;0,055259258;0,022820582;0,0184676;0,0179105;0,05497275;0,02242275;0;0;0;0;0;0,95
2623;0,051620447;0,048609134;0,170032042;0,058109001;0,051102;0,0478905;0,17142025;0,05759225;0;0,000622952;1,64E-05;0,000295083;0,000622952;0,95
2624;0,085611012;0,084714794;0,287895118;0,099845522;0,08526025;0,0841485;0,2928825;0,099699;0,000178771;0,00098361;0,00093443;0,006185753;0,008043653;0,95
2625;0,116669483;0,111914372;0,362577418;0,135371842;0,1168;0,1115715;0,37239375;0,135848;0,000289576;0,00098361;0,004327955;0,005256878;0,012131;0,95
2626;0,139929987;0,135919879;0,409987421;0,168278132;0,140495;0,1360045;0,422995;0,169405;0,00051675;0,0121585;0,0428;0,019213;0,019366;0,95
2627;0,157924184;0,146142355;0,503575066;0,180510237;0,158865;0,14651;0,5240125;0,1821425;6,85E-05;0,06868425;0,265025;0,10730125;0,1340595;0,95
2628;0,156017132;0,147264434;0,544075856;0,187546105;0,1570475;0,147755;0,5712175;0,189295;0;0,205755;0,684785;0,27408;0,3441525;0,95
2629;0,148644158;0,140387487;0,502125513;0,185130987;0,1495775;0,1408045;0,528655;0,1869025;2,16E-05;0,1602225;0,608855;0,25902;0,2769425;0,95
2630;0,131740737;0,124170316;0,439705658;0,176462566;0,132445;0,1243575;0,46137;0,1781675;0;0,1825425;0,80872;0,27067;0,3329525;0,95
2631;0,107037663;0,102219707;0,380415825;0,14796754;0,10738225;0,1021695;0,39681025;0,14914;0;0,240325;0,9145625;0,3621675;0,3974725;0,95
2632;0,076410928;0,072279943;0,273219;0,106782667;0,07640025;0,07200775;0,2836075;0,1072605;0;0,067177;0,238985;0,08226125;0,0919175;0,95
2633;0,042567245;0,041069293;0,160348934;0,068001115;0,042338;0,040703;0,165335;0,06796775;0;0,01275075;0,044809;0,01275075;0,01275075;0,95
2634;0,011797962;0,01194754;0,041301655;0,019950155;0,011589925;0,011718775;0,04203675;0,019791475;0;0,03160675;0,05169425;0,03381975;0,03381975;0,95
2635;0,000105362;0,000122856;0,000679026;5,81E-05;0,000100003;0,00011619;0,0006551;5,64E-05;0;0,038689;0,04333;0,03976;0,044809;0,95
2636;0;0;0;0;0;0;0;0;0;0,08321975;0,1243915;0,114152;0,13048;0,95
2637;0;0;0;0;0;0;0;0;0;0,1671175;0,208035;0,19104;0,214025;0,95
2638;0;0;0;0;0;0;0;0;0;0,3171525;0,369855;0,39661;0,456045;0,95
2639;0;0;0;0;0;0;0;0;0;0,5077075;0,6576875;0,7121275;0,7018;0,95
2640;0;0;0;0;0;0;0;0;0;0,5950825;0,9479275;0,6611475;0,85361;0,95
2641;0;0;0;0;0;0;0;0;0;0,4218675;0,613885;0,372295;0,595085;0,95
2642;0;0;0;0;0;0;0;0;0;0,5622625;0,694915;0,6502725;0,6639325;0,95
2643;0;0;0;0;0;0;0;0;0;0,3340125;0,37645;0,3641525;0,44082;0,95
2644;0;0;0;0;0;0;0;0;0;0,3329525;0,3015875;0,2420225;0,4057025;0,95
2645;0;0;0;0;0;0;0;0;0;0,5077075;0,5077075;0,3195075;0,559545;0,95
2646;0,005220725;0,07985205;0,056637296;0,049604799;0,0048644;0,0801025;0,056384;0,04927325;0;0,56066;0,61574;0,3777575;0,56066;0,95
2647;0,019770983;0,243943816;0,165106934;0,089571276;0,01918375;0,2515825;0,1665325;0,0892865;0;0,459825;0,4697275;0,25392;0,5201475;0,95
2648;0,032085438;0,438005684;0,115184534;0,160474145;0,03158125;0,4613675;0,11571725;0,161065;0,000113423;0,1643825;0,14361825;0,115273;0,1915175;0,95
2649;0,045322599;0,608241434;0,461911263;0,239578303;0,044845;0,651025;0,47778;0,2425775;0,000247739;0,214025;0,200755;0,21844;0,2446525;0,95
2650;0,058609121;0,700158;0,352441145;0,354328934;0,058195;0,76048;0,3663425;0,3628175;0,000344918;0,3753675;0,362075;0,4920925;0,4588325;0,95
2651;0,064924547;0,755761105;0,504875329;0,411278053;0,06457675;0,82943;0,5252025;0,42508;0,000417362;0,1661855;0,13646975;0,24754;0,1685725;0,95
2652;0,065486309;0,763442289;0,237989092;0,439696027;0,0651705;0,84263;0,246075;0,45672;0,000426418;0,0585795;0,0317925;0,094507;0,04986675;0,95
2653;0,062891803;0,725580553;0,48151875;0,403283842;0,0625835;0,8004775;0,497905;0,4187275;0,000379412;0,01832775;0,005083503;0,040066;0,01275075;0,95
2654;0,054991982;0,649577763;0,747713921;0,384336118;0,0546665;0,7119675;0,7953925;0,3985625;0,000316638;0,05813675;0,0293815;0,114152;0,03993975;0,95
2655;0,041428551;0,53048329;0,309277224;0,296931947;0,041082;0,57509;0,3273625;0,3065575;0,000212374;0,10029025;0,08454725;0,22163;0,107535;0,95
2656;0,027537407;0,372327947;0,068736726;0,2529975;0,02718475;0,39789;0,07034225;0,260325;7,96E-05;0,21313;0,200755;0,407815;0,2365875;0,95
2657;0,016220542;0,177695408;0,012026326;0,144059526;0,0158775;0,1866475;0,011822075;0,14841;0;0,3687975;0,4139875;0,7121275;0,4650075;0,95
2658;0,003933036;0,041327901;0,001875731;0,041904833;0,003813803;0,042482;0,00176072;0,042801;0;0,42967;0,56066;0,76721;0,56066;0,95
2659;0;0,000532145;0;0,000384782;0;0,00050575;0;0,0003778;0;0,535575;0,54115;0,6611475;0,56066;0,95
2660;0;0;0;0;0;0;0;0;0;0,312785;0,3105475;0,33235;0,397215;0,95
2661;0;0;0;0;0;0;0;0;0;0,2558475;0,2301275;0,2114325;0,25902;0,95
2662;0;0;0;0;0;0;0;0;0;0,1602225;0,1341025;0,1232355;0,1825425;0,95
2663;0;0;0;0;0;0;0;0;0;0,154795;0,1425575;0,084437;0,1497225;0,95
2664;0;0;0;0;0;0;0;0;0;0,0590085;0,05475425;0,03558475;0,0446925;0,95
2665;0;0;0;0;0;0;0;0;0;0,017295;0,019213;0,01443275;0,013754;0,95
2666;0;0;0;0;0;0;0;0;0;0,08652;0,073072;0,0917035;0,0934695;0,95
2667;0;0;0;0;0;0;0;0;0;0,192735;0,1888575;0,1944375;0,2148325;0,95
2668;0;0;0;0;0;0;0;0;0;0,11840525;0,15705;0,1051205;0,112365;0,95
2669;0;0;0;0,003029621;0;0;0;0,002638988;0;0,07311475;0,12081925;0,05628425;0,07234975;0,95
2670;0,0708576;0,07901314;0,016643007;0,096171797;0,07128075;0,0794625;0,016171;0,09712;0;0,040984;0,0677595;0,038689;0,040117;0,95
2671;0,213300948;0,256224079;0,046665963;0,250442724;0,21887;0,265335;0,045891;0,2588175;0;0,0922785;0,151215;0,08527275;0,1133545;0,95
2672;0,371046947;0,448020118;0,081597052;0,440594171;0,386555;0,472955;0,0808685;0,46492;4,95E-05;0,05169425;0,0562435;0,044809;0,05016425;0,95
2673;0,482320579;0,60128021;0,105910768;0,597136224;0,508505;0,6452175;0,10541825;0,63975;0,000176447;0,038689;0,0223115;0,038689;0,038689;0,95
2674;0,551586079;0,707918645;0,116260382;0,682204737;0,585915;0,7713375;0,1159775;0,7408725;0,000276763;0,07540975;0,038689;0,0654645;0,0735575;0,95
2675;0,607415526;0,759394619;0,112364408;0,720239842;0,64973;0,8370875;0,1121325;0,7892675;0,000431137;0,148595;0,05857925;0,1425575;0,1534275;0,95
2676;0,616994132;0,76184104;0,133888579;0,727006027;0,6639125;0,844995;0,1337275;0,8011475;0,000349579;0,148595;0,038689;0,11840525;0,12081925;0,95
2677;0,571181526;0,726011566;0,131702211;0,692344381;0,6137775;0,8050125;0,1317075;0,763245;0,000285197;0,08459;0,038689;0,08459;0,08459;0,95
2678;0,509349197;0,641333132;0,103153729;0,601400605;0,5435575;0,706215;0,1030375;0,6584075;0,000189995;0,0966665;0,038689;0,10029025;0,10270425;0,95
2679;0,410420842;0,520281039;0,075568165;0,488402921;0,434725;0,56572;0,07517575;0,5282925;0,000164346;0,15705;0,05551925;0,15705;0,15705;0,95
2680;0,274480737;0,360156039;0,053494512;0,318655973;0,287085;0,385275;0,0529925;0,33942;6,52E-05;0,13652025;0,038689;0,13652025;0,1541525;0,95
2681;0,140517513;0,176450527;0,024788072;0,154746967;0,1452625;0,18545;0,02440575;0,162279;0;0,07923475;0,02541;0,0639345;0,0809255;0,95
2682;0,040353715;0,040229179;0,00737071;0,031320209;0,041138075;0,04131425;0,007126675;0,0319785;0;0,038689;0,0355905;0,038689;0,038689;0,95
2683;0,000295208;0,000563445;0,000101288;0,000114902;0,0002873;0,000536053;9,08E-05;0,0001123;0;0,040117;0,040117;0,038689;0,040117;0,95
2684;0;0;0;0;0;0;0;0;0;0,079796;0,083162;0,0654645;0,081326;0,95
2685;0;0;0;0;0;0;0;0;0;0,0323555;0,044809;0,03337725;0,03444825;0,95
2686;0;0;0;0;0;0;0;0;0;0,01131355;0,0136284;0,0108305;0,01168525;0,95
2687;0;0;0;0;0;0;0;0;0;0,000812028;0,000426223;0,00037705;0,000735508;0,95
2688;0;0;0;0;0;0;0;0;0;0;0;0;0;0,95
2689;0;0;0;0;0;0;0;0;0;0;0;0;0;0,95
2690;0;0;0;0;0;0;0;0;0;6,55E-06;0;0;6,55E-06;0,95
2691;0;0;0;0;0;0;0;0;0;0,0012583;0,00090711;0,00090711;0,004069948;0,95
2692;0;0;0;0;0;0;0;0;0;0,01196125;0,0199834;0,0159999;0,01655725;0,95
2693;0;0,001879172;0;0,004622294;0;0,00154919;0;0,004211435;0;0,0489815;0,08213125;0,05423075;0,06159875;0,95
2694;0,0590358;0,077150151;0,077068283;0,088527213;0,059109;0,07719575;0,07711875;0,08901;0;0,189895;0,311885;0,23384;0,2603425;0,95
2695;0,198006482;0,231627434;0,212580987;0,241832092;0,20134775;0,23852;0,2174375;0,2491675;0;0,6599675;0,934945;0,8339825;0,836765;0,95
2696;0,326842815;0,399072434;0,393763026;0,394906777;0,3358575;0,4187825;0,41157;0,4131775;0,000102272;0,9695225;1;0,999125;0,9993875;0,95
2697;0,41903629;0,530519408;0,499813934;0,518188579;0,4340775;0,56465;0,5282275;0,5498825;0,00021032;0,9999425;1;1;1;0,95
2698;0,461547671;0,622048303;0,611508948;0,601800316;0,4811575;0,67049;0,6544675;0,6463475;0,00028626;1;1;1;1;0,95
2699;0,492221842;0,656760513;0,641797856;0,646827948;0,5153675;0,7138175;0,6936875;0,701305;0,000342457;1;1;1;1;0,95
2700;0,503211474;0,656849605;0,638284737;0,629435724;0,5292575;0,716375;0,6919825;0,68601;0,000370497;0,99979;1;1;1;0,95
2701;0,434186763;0,618140289;0,523377592;0,596541474;0,4559025;0,6734675;0,5618325;0,6487875;0,000327716;0,99601;1;1;1;0,95
2702;0,412513303;0,541747421;0,523632829;0,53007154;0,4298725;0,58617;0,55818;0,5713475;0,000266401;1;1;1;1;0,95
2703;0,337124527;0,428299461;0,413298276;0,422130434;0,3494175;0,4583;0,4395175;0,4503675;0,000172051;0,997725;0,999615;0,9989525;1;0,95
2704;0,21456437;0,290413776;0,288509132;0,277365395;0,220405;0,305745;0,30246;0,2919575;7,20E-05;0,9883625;0,98566;0,9941425;0,996065;0,95
2705;0,104898249;0,147859184;0,146264194;0,134852218;0,10650525;0,1536;0,1514025;0,13992325;0;0,94;0,862245;0,943345;0,9473;0,95
2706;0,029465095;0,040572545;0,035002603;0,032957241;0,029556825;0,04136175;0,03546225;0,03358515;0;0,9112025;0,76721;0,934625;0,934625;0,95
2707;0,000256902;0,000273053;0,000638911;0,000120681;0,000252273;0,000264525;0,000609525;0,00011841;0;0,76913;0,79313;0,7956275;0,7985075;0,95
2708;0;0;0;0;0;0;0;0;0;0,9559025;0,98725;0,974885;0,9792;0,95
2709;0;0;0;0;0;0;0;0;0;0,9979875;0,9998375;0,99986;1;0,95
2710;0;0;0;0;0;0;0;0;0;0,937435;0,904635;0,943365;0,94649;0,95
2711;0;0;0;0;0;0;0;0;0;0,478425;0,3187825;0,4095775;0,481215;0,95
2712;0;0;0;0;0;0;0;0;0;0,39344;0,15705;0,25902;0,39344;0,95
2713;0;0;0;0;0;0;0;0;0;0,39344;0,15773;0,27067;0,39344;0,95
2714;0;0;0;0;0;0;0;0;0;0,39344;0,2512025;0,3813425;0,418075;0,95
2715;0;0;0;0;0;0;0;0;0;0,263265;0,134267;0,19467;0,2192025;0,95
2716;0;0;0;0;0;0;0;0;0;0,11840525;0,024278;0,0651825;0,07766225;0,95
2717;0;0;0,002048204;0;0;0;0,001689295;0;0;0,0646995;0,00245758;0,038689;0,038689;0,95
2718;0,016826056;0,018378883;0,0809775;0,056574547;0,01641885;0,017962575;0,080961;0,056341325;0;0,091684;0,0253975;0,07464475;0,07780675;0,95
2719;0,014273326;0,044009574;0,231716526;0,114681284;0,013894875;0,0433665;0,237835;0,11465625;0;0,03647;0,003584703;0,02794525;0,02816575;0,95
2720;0,060873987;0,074634383;0,419086855;0,233587461;0,0603095;0,0740265;0,4392175;0,23668;0,000166264;0,0677595;0,0235244;0,05092925;0,05857925;0,95
2721;0,191446895;0,094211049;0,564981198;0,31974675;0,19241;0,09383175;0,6007475;0,3275275;0,00033131;0,017470175;0,003398905;0,009726753;0,013399025;0,95
2722;0,276221645;0,115260383;0,658576066;0,432055776;0,2803025;0,115122;0,7092525;0,447305;0,000458527;0,01295725;0,004327955;0,007114803;0,012131;0,95
2723;0,252503882;0,120430855;0,71804625;0,403185119;0,2567125;0,12042;0,78151;0,4192175;0,000537609;0,03786275;0,03624775;0,02496725;0,02496725;0,95
2724;0,311795882;0,124025842;0,732317842;0,293599421;0,3176975;0,124065;0,8028075;0,3028025;0,000559761;0,0771005;0,1306215;0,0659475;0,07766225;0,95
2725;0,288552473;0,126243513;0,683584461;0,32615175;0,29437;0,126345;0,7492825;0,33423;0,000524829;0,179645;0,3385375;0,180625;0,200755;0,95
2726;0,287957724;0,119981542;0,598007882;0,228275645;0,2938325;0,12006275;0,6501975;0,2331825;0,000433143;0,25902;0,54115;0,25902;0,297105;0,95
2727;0,210182724;0,082597291;0,47105404;0,187162046;0,2140425;0,08239975;0,5054975;0,1896225;0,000294983;0,25902;0,507705;0,25902;0,25902;0,95
2728;0,119159005;0,053684495;0,322701237;0,099435699;0,1203085;0,0532935;0,34088;0,10006775;0,000127905;0,26126;0,56066;0,27067;0,3329525;0,95
2729;0,074470646;0,02457377;0,15614475;0,040388341;0,074518;0,0242325;0,1623925;0,04032025;0;0,385825;0,6054125;0,3920975;0,42131;0,95
2730;0,025277838;0,006711212;0,043416244;0,003922728;0,0251042;0,006484275;0,04433615;0,003877168;0;0,241685;0,34783;0,243385;0,2845925;0,95
2731;0,000528091;0,000130659;0,00032769;0;0,0005171;0,000114103;0,000314823;0;0;0,0876075;0,0741575;0,077541;0,090464;0,95
2732;0;0;0;0;0;0;0;0;0;0,038689;0,03027875;0,038689;0,038689;0,95
2733;0;0;0;0;0;0;0;0;0;0,0771005;0,040525;0,05398925;0,0613575;0,95
2734;0;0;0;0;0;0;0;0;0;0,1881425;0,108804;0,1789625;0,2001025;0,95
2735;0;0;0;0;0;0;0;0;0;0,3710375;0,3153675;0,419565;0,4672925;0,95
2736;0;0;0;0;0;0;0;0;0;0,2912775;0,197455;0,2626525;0,2935525;0,95
2737;0;0;0;0;0;0;0;0;0;0,110065;0,05177475;0,077541;0,10270425;0,95
2738;0;0;0;0;0;0;0;0;0;0,08408;0,038689;0,038689;0,07234975;0,95
2739;0;0;0;0;0;0;0;0;0;0,041494;0,02541;0,038689;0,038689;0,95
2740;0;0;0;0;0;0;0;0;0;0,038689;0,006557377;0,038689;0,038689;0,95
2741;0;0;0,003450265;0;0;0;0,003078675;0;0;0,04333;0,003584805;0,038689;0,040117;0,95
2742;0,055852804;0,011682696;0,087853485;0,003943795;0,055588;0,01129145;0,08792125;0,003630125;0;0,131637;0,054716;0,10942625;0,1254295;0,95
2743;0,169857711;0,036262413;0,234167763;0,015541853;0,171715;0,035581;0,24039;0,01500095;2,52E-05;0,15705;0,08459;0,15705;0,18424;0,95
2744;0,361918618;0,063593945;0,396028855;0,028713904;0,37495;0,06297075;0,4139825;0,028210425;0,000212395;0,13893425;0,08459;0,1232355;0,1244425;0,95
2745;0,514957184;0,083627147;0,537052027;0,052238313;0,5439975;0,0831345;0,569715;0,0517815;0,00038907;0,08459;0,0608745;0,07693975;0,08459;0,95
2746;0,591046658;0,09131989;0,613331724;0,765296369;0,63239;0,0909905;0,658445;0,83273;0,000498191;0,148595;0,13772825;0,11840525;0,13772825;0,95
2747;0,325243974;0,104500224;0,641790631;0,849945908;0,342915;0,104325;0,6945625;0,943395;0,000193891;0,13893425;0,15705;0,09425;0,11840525;0,95
2748;0,080069724;0,105571737;0,640102697;0,824246448;0,081928;0,1054775;0,6954975;0,9223575;0,000197944;0,08459;0,15705;0,08459;0,08459;0,95
2749;0,198051028;0,113356461;0,614884816;0,399265066;0,200176;0,1133025;0,6669875;0,4319875;0,000187886;0,07617475;0,148595;0,07234975;0,07617475;0,95
2750;0,721349882;0,08571094;0,546991816;0,447673382;0,7695975;0,08553025;0,58954;0,4679575;0,000136196;0,0188383;0,0383335;0,012797928;0,01521315;0,95
2751;0,113402211;0,058282611;0,443469197;0,194497697;0,1227805;0,0579085;0,4733475;0,202035;9,79E-05;0,001057933;0,003398905;0,00098361;0,00098361;0,95
2752;0,130506691;0,043222433;0,303454934;0,026944752;0,13111475;0,042773;0,31976;0,0273003;2,29E-05;0,00098361;0,00098361;0,00098361;0,00098361;0,95
2753;0,014809155;0,028432662;0,154329197;0,010451202;0,014855275;0,02800875;0,159995;0,01013185;0;0,005180355;0,016142;0,00499458;0,007409803;0,95
2754;0,0024471;0,009063292;0,037843678;0,002123462;0,002322575;0,0088258;0,0383135;0,002022825;0;0,0618015;0,095054;0,0558855;0,0630765;0,95
2755;0;0,000236987;0,000400111;0;0;0,000221195;0,0003867;0;0;0,04119875;0,041552;0,038995;0,044809;0,95
2756;0;0;0;0;0;0;0;0;0;0,013754;0,008415275;0,015672;0,015672;0,95
2757;0;0;0;0;0;0;0;0;0;0,01699975;0,0100874;0,01832775;0,01832775;0,95
2758;0;0;0;0;0;0;0;0;0;0,004216403;0,000606568;0,003101652;0,006012503;0,95
2759;0;0;0;0;0;0;0;0;0;0,02370155;0,022595803;0,03051205;0,0350615;0,95
2760;0;0;0;0;0;0;0;0;0;0,264375;0,39817;0,2985525;0,35047;0,95
2761;0;0;0;0;0;0;0;0;0;0,3575925;0,471475;0,3777575;0,39344;0,95
2762;0;0;0;0;0;0;0;0;0;0,25902;0,3687975;0,27067;0,39344;0,95
2763;0;0;0;0;0;0;0;0;0;0,3239875;0,39344;0,3929925;0,4742625;0,95
2764;0;0;0;0;0;0;0;0;0;0,3531125;0,39344;0,3880625;0,5077075;0,95
2765;0,013985414;0;0;0,003774786;0,013654525;0;0;0,003378368;0;0,24372;0,2769425;0,250255;0,2836625;0,95
2766;0,092185046;0,025060405;0,01013035;0,077569125;0,092755;0,0246378;0,0097187;0,0776175;0;0,3195075;0,369855;0,3195075;0,369855;0,95
2767;0,260450897;0,015968002;0,02881335;0,308477803;0,269324;0,015578875;0,028123;0,31955;0;0,5077075;0,6077375;0,54115;0,559545;0,95
2768;0,504764566;0,084769212;0,051644767;0,417829934;0,53304;0,08408225;0,050936;0,4394175;0;0,56066;0,56066;0,56066;0,56066;0,95
2769;0,520976921;0,132136836;0,076107774;0,406678974;0,5557575;0,13209225;0,07540925;0,426885;0;0,56066;0,6742625;0,6260675;0,622625;0,95
2770;0,382308671;0,247810895;0,082564544;0,503110342;0,4038725;0,2501225;0,08197075;0,528165;8,12E-06;0,7431125;0,8879725;0,82481;0,8305675;0,95
2771;0,464644224;0,232236632;0,085320379;0,47951779;0,484165;0,23537;0,084757;0,5046075;3,36E-05;0,5882;0,633145;0,622625;0,6191825;0,95
2772;0,167030842;0,360820618;0,081339647;0,485802394;0,1725775;0,3692075;0,080791;0,509995;3,50E-05;0,471475;0,471475;0,54115;0,56066;0,95
2773;0,205321184;0,257774763;0,085474966;0,364282208;0,207535;0,2640925;0,08490875;0,38027925;3,91E-06;0,3665575;0,33071;0,3777575;0,415735;0,95
2774;0,250955605;0,237534;0,071700123;0,307052329;0,2545475;0,2407775;0,07118175;0,3155825;0;0,2688775;0,25902;0,2836625;0,39344;0,95
2775;0,134979355;0,278282803;0,06128357;0,035055095;0,1366575;0,2833375;0,06071775;0,035971;0;0,4489725;0,434185;0,50082;0,526395;0,95
2776;0,085328325;0,198988421;0,043717978;0,018394534;0,0855065;0,20272;0,04320125;0,01801485;0;0,82745;0,850105;0,85419;0,8559225;0,95
2777;0,078191325;0,124407012;0,026106636;0,009144101;0,07801975;0,12596775;0,0256645;0,008842925;0;0,7725875;0,847845;0,9083225;0,9112025;0,95
2778;0,012649056;0,037878352;0,007427561;0,001745815;0,012554075;0,037979;0,007190025;0,00163569;0;0,76721;0,6054125;0,677705;0,6742625;0,95
2779;0,00023831;0,001465572;0,000165143;0;0,000224957;0,001436455;0,000147983;0;0;0,76721;0,581545;0,62951;0,62951;0,95
2780;0;0;0;0;0;0;0;0;0;0,9112025;0,879295;0,9025625;0,9112025;0,95
2781;0;0;0;0;0;0;0;0;0;0,94;0,8996825;0,94;0,94;0,95
2782;0;0;0;0;0;0;0;0;0;0,960075;0,9573375;0,97285;0,981975;0,95
2783;0;0;0;0;0;0;0;0;0;0,8017675;0,6940875;0,761585;0,7903175;0,95
2784;0;0;0;0;0;0;0;0;0;0,9106275;0,8504975;0,746325;0,9106275;0,95
2785;0;0;0;0;0;0;0;0;0;0,6976275;0,5097275;0,3962425;0,68386;0,95
2786;0;0;0;0;0;0;0;0;0;0,239975;0,1395135;0,1791425;0,236575;0,95
2787;0;0;0;0;0;0;0;0;0;0,25392;0,152945;0,154795;0,18424;0,95
2788;0;0;0;0;0;0;0;0;0;0,1791425;0,08454725;0,06006875;0,1244425;0,95
2789;0;0,008338874;0;0;0;0,007955585;0;0;0;0,13286;0,05608225;0,04557425;0,10319575;0,95
2790;0,025256769;0,094744398;0,051623096;0,052629596;0,024862075;0,09512475;0,0511715;0,0522805;0;0,3445525;0,281065;0,1760525;0,35971;0,95
2791;0,066079133;0,27185854;0,085018429;0,120041258;0,06559525;0,2817275;0,08440675;0,12021375;0;0,2836625;0,1883175;0,148595;0,2836625;0,95
2792;0,115116632;0,453681079;0,144680763;0,172768855;0,1151325;0,480195;0,144455;0,1741125;7,89E-05;0,3966675;0,29635;0,2819675;0,3826775;0,95
2793;0,141213395;0,612842921;0,174639789;0,249510868;0,141805;0,6592625;0,175175;0,2528475;0,000178732;0,6900975;0,55836;0,6778125;0,65361;0,95
2794;0,178061408;0,709531934;0,189460382;0,284442197;0,179405;0,7748;0,1904125;0,29022;0,000238146;0,4958025;0,3597275;0,56869;0,4549525;0,95
2795;0,206313237;0,752120368;0,223782513;0,339790066;0,2085475;0,8304975;0,225535;0,348135;0,000286347;0,2666675;0,195655;0,3508725;0,229865;0,95
2796;0,208899316;0,750150711;0,206493829;0,37809004;0,2115025;0,832985;0,2082625;0,3894575;0,000297069;0,13893425;0,08072225;0,1927375;0,107535;0,95
2797;0,233835474;0,711513632;0,180435592;0,340485947;0,23697;0,789515;0,18147;0,3510875;0,000279239;0,08459;0,038689;0,15705;0,05628425;0,95
2798;0,225352461;0,632103671;0,156465;0,296996961;0,228565;0,696465;0,15699;0,3042125;0,000231788;0,150295;0,08889475;0,229845;0,1087425;0,95
2799;0,172039263;0,501954553;0,165241776;0,259684224;0,1741525;0,54587;0,16584;0,2659175;0,000157948;0,25616;0,22163;0,509;0,30313;0,95
2800;0,124143829;0,354759948;0,049186788;0,179161816;0,12507;0,379665;0,04929075;0,1829075;6,43E-05;0,38672;0,25902;0,56066;0,39344;0,95
2801;0,067866032;0,172137987;0,013230732;0,091068987;0,06800725;0,1808175;0,012963075;0,09203275;0;0,42131;0,3038275;0,62951;0,418525;0,95
2802;0,0232593;0,050514983;0,002385956;0,028422067;0,023067;0,051911;0,002271063;0,02830525;0;0,68046;0,55836;0,876645;0,65361;0,95
2803;0,000434502;0,000914735;0;0,000517842;0,000424783;0,000865805;0;0,00050865;0;0,4638025;0,3597275;0,455465;0,46033;0,95
2804;0;0;0;0;0;0;0;0;0;0,3665575;0,25902;0,25902;0,3665575;0,95
2805;0;0;0;0;0;0;0;0;0;0,2688775;0,25902;0,226725;0,2688775;0,95
2806;0;0;0;0;0;0;0;0;0;0,392545;0,352215;0,27918;0,412055;0,95
2807;0;0;0;0;0;0;0;0;0;0,3015875;0,229865;0,21313;0,3015875;0,95
2808;0;0;0;0;0;0;0;0;0;0,1791425;0,107535;0,094507;0,170645;0,95
2809;0;0;0;0;0;0;0;0;0;0,1087425;0,05016425;0,038995;0,09425;0,95
2810;0;0;0;0;0;0;0;0;0;0,08459;0,0677595;0,07005475;0,08459;0,95
2811;0;0;0;0;0;0;0;0;0;0,13048;0,08459;0,08459;0,08459;0,95
2812;0;0;0;0;0;0;0;0;0;0,12771;0,06719675;0,04694525;0,07846975;0,95
2813;0;0,008177523;0;0,013464562;0;0,007778275;0;0,01303595;0;0,011650353;0,00338248;0,002131158;0,009355178;0,95
2814;0,051229646;0,085690232;0,017451579;0,075595615;0,05086175;0,08596025;0,0169919;0,0752125;0;0,00098361;0,000213123;0,000131148;0,00098361;0,95
2815;0,106506;0,247998711;0,015205566;0,161047224;0,1064025;0,255465;0,014759025;0,162317;8,92E-06;0,013929;0,003841505;0,00320438;0,009991153;0,95
2816;0,155883012;0,400471421;0,061748294;0,249332684;0,1567285;0,41942;0,06091275;0,25322;6,27E-05;0,10209775;0,07685675;0,06504675;0,11267125;0,95
2817;0,21435079;0,518918171;0,189241263;0,343690855;0,21646;0,5507425;0,1896175;0,3532775;0,000331604;0,1526225;0,1425575;0,12806525;0,148595;0,95
2818;0,181451724;0,612024237;0,271911513;0,40191375;0,1834025;0,657015;0,2747925;0,4156175;0,000505087;0,06167975;0,05475425;0,07770475;0,05628425;0,95
2819;0,239917816;0,655176119;0,251456447;0,405190895;0,242855;0,70988;0,25461;0,4194675;0,000259313;0,06856475;0,05117075;0,12463525;0,06618875;0,95
2820;0,267769934;0,643468934;0,300649737;0,414379421;0,272185;0,7002325;0,3049775;0,4303275;0;0,2019075;0,20685;0,3430175;0,2142775;0,95
2821;0,274646882;0,613090935;0,283120263;0,355848316;0,2795125;0,6650725;0,287625;0,368795;0;0,2527875;0,2471225;0,4965575;0,2471225;0,95
2822;0,231569645;0,538951856;0,295381263;0,305378843;0,2353625;0,58033;0,3002175;0,313395;0;0,136446;0,1176775;0,268445;0,122025;0,95
2823;0,172703842;0,428268158;0,21583622;0,220305514;0,174795;0,4565875;0,21901725;0,2245475;0;0,196135;0,1718625;0,419565;0,22163;0,95
2824;0,124646357;0,293755934;0,121820451;0,138279134;0,12554275;0,3090775;0,1223315;0,14002975;0;0,15705;0,1425575;0,288145;0,170645;0,95
2825;0,05545189;0,147733974;0,077668571;0,06083546;0,05548775;0,153;0,07738725;0,0609355;0;0,19104;0,1791425;0,3239875;0,214025;0,95
2826;0,023699463;0,040766621;0,0284931;0,0112264;0,0234345;0,04135775;0,02818425;0,011093925;0;0,3854625;0,3798325;0,5119675;0,4567325;0,95
2827;0,001078609;0,000626154;0,00103257;0,000203662;0,001056415;0,000608268;0,00100938;0,000190843;0;0,7052725;0,833355;0,85419;0,8357075;0,95
2828;0;0;0;0;0;0;0;0;0;0,9359675;0,997195;0,9831925;0,9883625;0,95
2829;0;0;0;0;0;0;0;0;0;0,864215;0,93205;0,8543075;0,91961;0,95
2830;0;0;0;0;0;0;0;0;0;0,271135;0,2180375;0,1885085;0,29258;0,95
2831;0;0;0;0;0;0;0;0;0;0,15705;0,08459;0,06240425;0,13410525;0,95
2832;0;0;0;0;0;0;0;0;0;0,15705;0,08579775;0,08459;0,15705;0,95
2833;0;0;0;0;0;0;0;0;0;0,2165325;0,1566;0,12081925;0,21313;0,95
2834;0;0;0;0;0;0;0;0;0;0,2881425;0,2558475;0,2471225;0,297105;0,95
2835;0;0;0;0;0;0;0;0;0;0,242025;0,22673;0,231585;0,2515425;0,95
2836;0;0;0;0;0;0;0;0;0;0,1328965;0,09988475;0,06500475;0,125565;0,95
2837;0;0,014904002;0;0,013173087;0;0,0143284;0;0,012759025;0;0,04633925;0,015612025;0,008362803;0,02726225;0,95
2838;0,020568237;0,090061524;0,022225735;0,066378194;0,02020345;0,09039475;0,021745725;0,0657975;0;0,038689;0,0140785;0,004513705;0,01788525;0,95
2839;0,056107078;0,234037737;0,058018224;0,154668711;0,05557025;0,240435;0,05727225;0,1555825;0;0,0646995;0,04386675;0,02921625;0,0631695;0,95
2840;0,083986165;0,396390039;0,097901147;0,243349066;0,08366975;0,413635;0,09724875;0,247175;0,000125997;0,02496725;0,012355178;0,01275075;0,0223115;0,95
2841;0,109725355;0,534374448;0,127582303;0,303592185;0,10974925;0,5648075;0,127275;0,30982;0,000266958;0,01131355;0,00098361;0,002469958;0,009344225;0,95
2842;0,113698382;0,61187254;0,146147171;0,356276921;0,11393;0,6534425;0,1461625;0,36516;0,000370203;0,001057933;0,0002459;0,00098361;0,00098361;0,95
2843;0,13140604;0,656604;0,138396158;0,389621447;0,131805;0,707595;0,138485;0,4011675;0,000427441;0,002469958;0,000868855;0,00990165;0,002469958;0,95
2844;0,127801421;0,690709421;0,123207158;0,391210658;0,1282575;0,7489925;0,123105;0,4040225;0,000422293;0,0108305;0,00098361;0,01832775;0,010273275;0,95
2845;0,104122184;0,655611948;0,130760724;0,401985987;0,10437925;0,7124325;0,1305915;0,41572;0,000395311;0,00098361;0,000213123;0,003584805;0,000540985;0,95
2846;0,108225237;0,600485605;0,155282724;0,321892184;0,108405;0,6506125;0,155285;0,3317325;0,000311529;0,00098361;0;0,00098361;0,000278688;0,95
2847;0,073790657;0,492339829;0,090447991;0,243895658;0,07375425;0,5288375;0,09027925;0,24954;0,000206474;0,00098361;0,000737705;0,01165675;0,00377053;0,95
2848;0,053636578;0,346130053;0,069756229;0,172696618;0,053347;0,367275;0,06924325;0,1752775;6,75E-05;0,0108305;0,008601025;0,03786275;0,012131;0,95
2849;0,034777465;0,17645775;0,02746204;0,099192742;0,03444975;0,1844725;0,027127;0,10002;0;0,012131;0,012131;0,038689;0,012131;0,95
2850;0,013897935;0,050756254;0,009134662;0,034741226;0,0136389;0,052045;0,008865025;0,034730425;0;0,012131;0,02673775;0,038689;0,02363925;0,95
2851;0,000344832;0,001595772;0,000314794;0,000416609;0,00033143;0,001523775;0,000291237;0,000409865;0;0,012131;0,015672;0,0187705;0,012131;0,95
2852;0;0;0;0;0;0;0;0;0;0,012131;0,012131;0,012131;0,012131;0,95
2853;0;0;0;0;0;0;0;0;0;0,012131;0,02142625;0,012131;0,02142625;0,95
2854;0;0;0;0;0;0;0;0;0;0,013459;0,015672;0,01008745;0,0140785;0,95
2855;0;0;0;0;0;0;0;0;0;0,06103525;0,079836;0,04167225;0,06685475;0,95
2856;0;0;0;0;0;0;0;0;0;0,2384;0,278335;0,1964975;0,33486;0,95
2857;0;0;0;0;0;0;0;0;0;0,4815075;0,56869;0,4536075;0,65361;0,95
2858;0;0;0;0;0;0;0;0;0;0,394555;0,48541;0,39344;0,46033;0,95
2859;0;0;0;0;0;0;0;0;0;0,3486325;0,3613975;0,3432175;0,3777575;0,95
2860;0;0;0;0;0;0;0;0;0;0,151098;0,10562975;0,0911405;0,18881;0,95
2861;0;0,018376956;0,012093338;0,01554142;0;0,017759325;0,011633425;0,015133025;0;0,0646995;0,03249175;0,0254985;0,06631;0,95
2862;0,01469124;0,098996499;0,09706633;0,08260933;0,014365475;0,09964225;0,097152;0,08226125;0;0,08459;0,038689;0,03860025;0,10029025;0,95
2863;0,049723749;0,264078632;0,238706645;0,173597171;0,04915875;0,2728025;0,2445825;0,17493;0;0,09087;0,0639345;0,05245925;0,15705;0,95
2864;0,078257542;0,451790882;0,406404474;0,250488474;0,07788475;0,475305;0,4237825;0,2545525;1,12E-05;0,1568075;0,13048;0,11840525;0,1602225;0,95
2865;0,097152774;0,586955645;0,514648974;0,331759737;0,09705625;0,62592;0,542925;0,3393;5,89E-05;0,15705;0,1825425;0,2184575;0,24837;0,95
2866;0,117977211;0,678349698;0,555980487;0,389505868;0,118185;0,73162;0,5882425;0,40077;9,89E-05;0,1147815;0,15705;0,1602225;0,1420325;0,95
2867;0,127606382;0,721082605;0,60729754;0,398549921;0,1279875;0,78374;0,64553;0,4113925;0,000139961;0,13048;0,208035;0,2335275;0,15705;0,95
2868;0,110674066;0,706281276;0,5487255;0,375747158;0,1109775;0,7697;0,582605;0,3877725;0,000168138;0,13893425;0,2335275;0,2558475;0,1541525;0,95
2869;0,10014675;0,666835145;0,536483763;0,396658039;0,100293;0,726325;0,5666575;0,4088945;0,000129131;0,08408;0,154795;0,1602225;0,0771005;0,95
2870;0,096396213;0,618720592;0,488135645;0,302905935;0,09648025;0,671395;0,514415;0,3113;0,000125413;0,04119875;0,08684425;0,11840525;0,038689;0,95
2871;0,065388308;0,495547145;0,382725237;0,178834342;0,0652755;0,532455;0,4005575;0,181825;6,53E-05;0,013754;0,044809;0,05092925;0,015672;0,95
2872;0,046967432;0,339975474;0,265246461;0,141451777;0,046645;0,3603475;0,2744575;0,1425925;2,48E-06;0,03337725;0,05475425;0,07168675;0,02363925;0,95
2873;0,026554504;0,172836276;0,153888553;0,083428015;0,02623;0,1803775;0,157675;0,0836825;0;0,02363925;0,038689;0,040117;0,01655725;0,95
2874;0,007458021;0,049896876;0,043294188;0,028144413;0,007248025;0,05096125;0,043761;0,02799145;0;0,05322425;0,07923475;0,07168675;0,05398925;0,95
2875;0,000296114;0,001409456;0,000827622;0,000439788;0,00026737;0,001356838;0,000810607;0,00043153;0;0,038689;0,05016425;0,040117;0,038689;0,95
2876;0;0;0;0;0;0;0;0;0;0,03839375;0,03116425;0,03160675;0,038689;0,95
2877;0;0;0;0;0;0;0;0;0;0,013931;0,006743153;0,012131;0,01611475;0,95
2878;0;0;0;0;0;0;0;0;0;0,0451565;0,02452475;0,02496725;0,04807125;0,95
2879;0;0;0;0;0;0;0;0;0;0,115988;0,094935;0,09264;0,13772825;0,95
2880;0;0;0;0;0;0;0;0;0;0,13893425;0,1398375;0,1425575;0,1425575;0,83
2881;0;0;0;0;0;0;0;0;0;0,04706575;0,020775953;0,03241525;0,03064475;0,83
2882;0;0;0;0;0;0;0;0;0;0,010273275;0,00052459;0,003398905;0,00469958;0,83
2883;0;0;0;0;0;0;0;0;0;0,000786888;0;0,0002459;0,000327868;0,83
2884;0;0;0;0;0;0;0;0;0;0;0;0;0;0,83
2885;0,020817574;0,017177006;0,015348884;0,023066572;0,020246175;0,01662215;0,014763575;0,022442325;0;0,000311475;0;0,00016393;0,000131148;0,83
2886;0,105589796;0,099492525;0,091183843;0,113697178;0,107271;0,10016725;0,091338;0,115689;0;0,007300553;0,000786888;0,003770503;0,00098361;0,83
2887;0,285109184;0,250527;0,231379421;0,29366925;0,2973075;0,2585575;0,2369975;0,3062925;0;0,008972775;0,001169407;0,00284153;0,00302733;0,83
2888;0,487487921;0,419729763;0,372361658;0,497526434;0,5178375;0,4413925;0,3867675;0,528615;0;0,0460205;0,0406744;0,04585975;0,050128;0,83
2889;0,640866;0,558595461;0,496751092;0,624188921;0,6921425;0,59621;0,522655;0,6737625;0;0,2287475;0,345245;0,2597075;0,2943825;0,83
2890;0,739912342;0,634229842;0,579529697;0,721638829;0,81106;0,6849675;0,617335;0,790905;0;0,6422925;0,9666875;0,81697;0,8791525;0,83
2891;0,779933961;0,669178027;0,591848487;0,772349092;0,8644;0,7290175;0,634565;0,855555;0;0,7953225;0,999615;0,9783525;0,9907975;0,83
2892;0,778248434;0,670841882;0,623574908;0,769705224;0,8672075;0,7337675;0,672205;0,8571175;0,000102588;0,4977375;0,7361;0,6503975;0,682025;0,83
2893;0,731528053;0,649298448;0,556071987;0,729375395;0,8143725;0,71086;0,5998125;0,811915;0,000484802;0,4642925;0,64638;0,6297425;0,6249675;0,83
2894;0,650786526;0,583459382;0,492190539;0,642084395;0,719275;0,6362475;0,5264975;0,7096375;0,000486279;0,93783;0,9967575;0,987735;0,9905875;0,83
2895;0,525768632;0,481013092;0,396919776;0,508280092;0,57382;0,5188025;0,4190475;0,554155;0,000343981;0,71944;0,885155;0,822165;0,8332925;0,83
2896;0,369710566;0,333298382;0,275795447;0,357909474;0,39692;0,354485;0,2876775;0,3838575;0,00012936;0,76876;0,9522225;0,848785;0,914215;0,83
2897;0,191935698;0,177553342;0,142056158;0,173269698;0,2026325;0,186135;0,14609;0,18253;0;0,3770525;0,3142925;0,3475525;0,40027;0,83
2898;0,049713635;0,044574947;0,038951069;0,042781307;0,05126725;0,045632;0,039352;0,0439945;0;0,1798125;0,0717455;0,1244425;0,1352765;0,83
2899;0,001454947;0,001900843;0,000801516;0,001299948;0,001371275;0,001802125;0,000779778;0,001231428;0;0,06167975;0,012355178;0,0417105;0,033743;0,83
2900;0;0;0;0;0;0;0;0;0;0,034705;0,00098361;0,012131;0,012131;0,83
2901;0;0;0;0;0;0;0;0;0;0,0646995;0,0108305;0,03160675;0,03160675;0,83
2902;0;0;0;0;0;0;0;0;0;0,08459;0,0355905;0,040117;0,05016425;0,83
2903;0;0;0;0;0;0;0;0;0;0,134103;0,0608745;0,083162;0,08459;0,83
2904;0;0;0;0;0;0;0;0;0;0,1876375;0,08459;0,0874885;0,0966665;0,83
2905;0;0;0;0;0;0;0;0;0;0,27918;0,148595;0,15536;0,18254;0,83
2906;0;0;0;0;0;0;0;0;0;0,21313;0,1449725;0,15705;0,151735;0,83
2907;0;0;0;0;0;0;0;0;0;0,1147815;0,041754;0,07894975;0,06473975;0,83
2908;0;0;0;0;0;0;0;0;0;0,04710425;0,002469958;0,011912678;0,008814428;0,83
2909;0,020172548;0,018366627;0,017002025;0,007646366;0,019615025;0,017770425;0,016375075;0,007237025;0;0,03204925;0,000377048;0,001169407;0,001330433;0,83
2910;0,097099318;0,100426548;0,091886226;0,037516204;0,09786425;0,10142625;0,09211475;0,036864;0;0,05092925;0,004251355;0,0177704;0,014086;0,83
2911;0,235838842;0,257683263;0,236505829;0,064198326;0,24266;0,2669125;0,24251;0,06378775;4,37E-06;0,1748475;0,07756925;0,08225225;0,08610925;0,83
2912;0,399541974;0,431203382;0,389082079;0,104616525;0,4182475;0,4545425;0,4056075;0,10458175;0,000122968;0,34639;0,297135;0,262185;0,236925;0,83
2913;0,520346053;0,566926776;0,516714948;0,156221803;0,55212;0,606505;0,54648;0,1571225;0,000132655;0,28945;0,23612;0,242025;0,24871;0,83
2914;0,610037724;0,642180711;0,580743276;0,168417789;0,6553175;0,696105;0,6202275;0,1698575;0,000163549;0,12399175;0,10029025;0,1449725;0,120772;0,83
2915;0,635154474;0,695973079;0,631277763;0,169157013;0,6875775;0,7623825;0,6800425;0,1706225;0,000222804;0,1341025;0,12565075;0,15705;0,14948;0,83
2916;0,601954421;0,687095171;0,630483158;0,146005105;0,6523575;0,75622;0,6836875;0,1470925;0,00029964;0,0601095;0,041754;0,07971475;0,0651825;0,83
2917;0,56575654;0,652067526;0,577791197;0,134594092;0,61027;0,7170225;0,626485;0,1353925;0,000377867;0,0136284;0,002955198;0,02098025;0,013814275;0,83
2918;0,479821184;0,583671276;0,519691106;0,1338645;0,5125775;0,63834;0,559425;0,134572;0,000431365;0,000557378;6,55E-06;0,001243708;0,000540985;0,83
2919;0,387394145;0,485472513;0,416103474;0,081568157;0,4094875;0,5255575;0,441935;0,08183;0,000310954;0;0;0,00098361;0;0,83
2920;0,268769211;0,342901066;0,286281829;0,06752098;0,2809225;0,3657725;0,300425;0,06731925;0,000131748;0,000213123;0;0,00098361;0,0002459;0,83
2921;0,143874118;0,181781605;0,148104308;0,041559059;0,148165;0,1907475;0,15284725;0,04131025;0;0,00098361;0,000229508;0,00098361;0,00098361;0,83
2922;0,047189921;0,059705435;0,045159368;0,009754839;0,04769425;0,06134775;0,045814475;0,009596875;0;0,0002459;0;0,00018032;0,000213123;0,83
2923;0,000806455;0,002184806;0,000924174;0,000297695;0,000794333;0,00206074;0,000906225;0,000276093;0;0;0;0;0;0,83
2924;0;0;0;0;0;0;0;0;0;0;0;0;0;0,83
2925;0;0;0;0;0;0;0;0;0;0;0;0;0;0,83
2926;0;0;0;0;0;0;0;0;0;0;0;0;0;0,83
2927;0;0;0;0;0;0;0;0;0;0,000491803;0;0;0,0002459;0,83
2928;0;0;0;0;0;0;0;0;0;0,00098361;0,000622952;0,000868855;0,001330433;0,83
2929;0;0;0;0;0;0;0;0;0;0,00098361;0,00098361;0,00098361;0,01178425;0,83
2930;0;0;0;0;0;0;0;0;0;0,0108305;0,007114803;0,0108305;0,012131;0,83
2931;0;0;0;0;0;0;0;0;0;0,01178425;0,002469958;0,012131;0,012131;0,83
2932;0;0;0;0;0;0;0;0;0;0,001330433;0,00098361;0,002469958;0,012131;0,83
2933;0,009852022;0,021563468;0,019787357;0,021797852;0,0094331;0,02092715;0,01916935;0,021231925;0;0,000737705;0,000704928;0,000721313;0,006185753;0,83
2934;0,047829217;0,094702741;0,09891752;0,115078587;0,047216;0,09575625;0,1000065;0,11716775;0;0;0;0;0,00037705;0,83
2935;0,09956115;0,267921632;0,273907658;0,297276277;0,09943825;0,2782625;0,284425;0,3106425;0;0;0;0;0;0,83
2936;0,140950934;0,448605237;0,475241369;0,479036211;0,141545;0,47408;0,502755;0,5097175;3,21E-05;0;0;0;0;0,83
2937;0,179845658;0,580907013;0,609146803;0,631581158;0,181275;0,6235175;0,654885;0,68298;8,31E-05;0;0;0;0;0,83
2938;0,199417027;0,675159237;0,696329447;0,720471;0,2016075;0,73478;0,7595825;0,791045;0,000187374;0;0;0;0;0,83
2939;0,210647448;0,69028804;0,734966526;0,758872105;0,213345;0,7582675;0,810335;0,84186;5,09E-05;0,000622952;0,000491803;0,000737705;0;0,83
2940;0,217355842;0,693974526;0,739565605;0,761780842;0,22034;0,7657975;0,8199575;0,84941;8,06E-06;0,00098361;0,00098361;0,00098361;0;0,83
2941;0,20326725;0,669885947;0,697579145;0,722977619;0,2060175;0,73925;0,7729525;0,8058075;0;0,00098361;0,001330433;0,00377053;0,0002459;0,83
2942;0,181266316;0,598219776;0,623822921;0,639402;0,1834;0,6562875;0,6864075;0,7074775;0,000225253;0,0087869;0,00974065;0,0110039;0,000960657;0,83
2943;0,143211947;0,487750382;0,510254566;0,518691829;0,1444325;0,5286075;0,554425;0,5662;0,000310383;0,000278688;0,000196718;0,000291075;3,93E-05;0,83
2944;0,105194901;0,340907329;0,360642434;0,358203237;0,105688;0,3639225;0,3856375;0,384785;0,000189051;0;0;0;0;0,83
2945;0,061529656;0,179388158;0,188480369;0,177582237;0,0615085;0,1882175;0,1981325;0,1872075;0;0;0;0;0;0,83
2946;0,022903654;0,049660421;0,044774562;0,057624533;0,022707475;0,05085425;0,0459745;0,05941425;0;0;0;0;0;0,83
2947;0,000753416;0,002507529;0,001603126;0,001546825;0,000736715;0,00245399;0,001496075;0,001455533;0;0;0;0;0;0,83
2948;0;0;0;0;0;0;0;0;0;0;0;0;0;0,83
2949;0;0;0;0;0;0;0;0;0;0;0;0;0;0,83
2950;0;0;0;0;0;0;0;0;0;0;0;0;0;0,83
2951;0;0;0;0;0;0;0;0;0;2,30E-05;3,93E-05;3,93E-05;0,000213123;0,83
2952;0;0;0;0;0;0;0;0;0;0,002430613;0,000960658;0,000960658;0,00822945;0,83
2953;0;0;0;0;0;0;0;0;0;0,01131355;0,0108305;0,00098361;0,012131;0,83
2954;0;0;0;0;0;0;0;0;0;0,001057933;0,002469958;0,00098361;0,00897265;0,83
2955;0;0;0;0;0;0;0;0;0;0,003398905;0,0108305;0,0108305;0,012131;0,83
2956;0;0;0;0;0;0;0;0;0;0,012308;0,01275075;0,012131;0,02541;0,83
2957;0,01156548;0,021511987;0,01799858;0,006685636;0,011143325;0,02085245;0,0174206;0,006297723;0;0,03674125;0,0452765;0,03160675;0,07617475;0,83
2958;0,058390243;0,104140003;0,095892723;0,032429286;0,057795;0,10555725;0,096705;0,03181;0;0,038689;0,038689;0,038689;0,0616395;0,83
2959;0,117406539;0,277444855;0,262903579;0,068311974;0,1174775;0,288935;0,27214;0,06788725;0;0,038689;0,038689;0,038689;0,038689;0,83
2960;0,172727921;0,458504092;0,439558777;0,097513476;0,174;0,485935;0,4629;0,0974535;0;0,04333;0,05455225;0,04633925;0,05765275;0,83
2961;0,241769487;0,596478868;0,562127842;0,109355021;0,2450525;0,6425175;0,6006575;0,1096055;2,02E-05;0,131637;0,31583;0,2080775;0,22504;0,83
2962;0,279927395;0,691227119;0,658954106;0,112256052;0,28497;0,7535925;0,7134875;0,1125775;4,62E-05;0,13772825;0,348015;0,2454225;0,2197075;0,83
2963;0,278747527;0,385308908;0,696851961;0,131625158;0,28423;0,41423;0,762015;0,1321575;5,50E-05;0,03527325;0,08024525;0,077662;0,04227875;0,83
2964;0,308836579;0,430028329;0,694171974;0,170710105;0,3154375;0,447765;0,7624425;0,1718575;4,54E-05;0,01965575;0,0639345;0,0677595;0,0355905;0,83
2965;0,277047553;0,398130947;0,643668789;0,12035621;0,283085;0,41407;0,7050975;0,1211225;4,67E-05;0,038689;0,13772825;0,13772825;0,06240425;0,83
2966;0,250953198;0,343098513;0,578263145;0,114600379;0,255795;0,35534;0,628745;0,1150045;3,28E-05;0,038689;0,09425;0,09425;0,038689;0,83
2967;0,214959987;0,295321066;0,466016724;0,071696752;0,2184625;0,30399;0,5011425;0,0717545;8,77E-06;0,0258525;0,044809;0,08459;0,015672;0,83
2968;0,144899882;0,215292276;0,332653066;0,056722054;0,14657;0,2202725;0,35276;0,05644675;0;0,038689;0,05475425;0,08459;0,0355905;0,83
2969;0,092254153;0,12472654;0,173397316;0,035439636;0,09264975;0,126365;0,1809125;0,035139;0;0,038689;0,04633925;0,08459;0,038995;0,83
2970;0,031873543;0,047749998;0,054934433;0,017578402;0,03176625;0,04781075;0,05610575;0,017289375;0;0,07923475;0,13450675;0,1473875;0,09209225;0,83
2971;0,000928458;0,002198904;0,002464793;0,000576532;0,000914178;0,002159645;0,002409;0,000560505;0;0,05628425;0,046182;0,0644975;0,0639345;0,83
2972;0;0;0;0;0;0;0;0;0;0,02629525;0,006928927;0,0220515;0,01913875;0,83
2973;0;0;0;0;0;0;0;0;0;0,003584805;0,00018032;0,001003275;0,001801108;0,83
2974;0;0;0;0;0;0;0;0;0;0,00098361;0;0,000672133;0,00098361;0,83
2975;0;0;0;0;0;0;0;0;0;0,000491803;0;0;0,0002459;0,83
2976;0;0;0;0;0;0;0;0;0;0;0;0;0;0,83
2977;0;0;0;0;0;0;0;0;0;0;0;0;0;0,83
2978;0;0;0;0;0;0;0;0;0;0;0;0;0;0,83
2979;0;0;0;0;0;0;0;0;0;0;0;0;0;0,83
2980;0;0;0;0;0;0;0;0;0;0;0;0;0;0,83
2981;0,018413436;0,018418276;0,010512074;0,025452892;0,017981;0,0179243;0,010052725;0,0249115;0;0;0;0;0;0,83
2982;0,076721305;0,062860259;0,054650783;0,118955298;0,076321;0,062138;0,0537925;0,12073725;0;0;0;0;0;0,83
2983;0,163506888;0,120105308;0,101155658;0,266924763;0,1647725;0,11997175;0,1005915;0,2763525;4,04E-05;0;0;0;0;0,83
2984;0,282978198;0,186871895;0,154468855;0,403327184;0,2887925;0,1880125;0,15458;0,4227025;0,000218297;0;0;0;0;0,83
2985;0,374324092;0,185217671;0,200086421;0,51903375;0,3864;0,1867525;0,2012625;0,5504025;0,000392792;0;0;0;0;0,83
2986;0,408937579;0,195814816;0,157779711;0,596144171;0,424885;0,1974875;0,15876;0,63873;0,000500901;0;0;0;0;0,83
2987;0,383676355;0,215282645;0,123575566;0,628482198;0,3980775;0,2175175;0,123825;0,6812375;0,000231111;0;0;0;0;0,83
2988;0,396996829;0,182475079;0,126337421;0,684253855;0,41161;0,1841775;0,126315;0,7488;0,000226385;0;0;0;0;0,83
2989;0,333240592;0,151829803;0,136108658;0,637451605;0,34452;0,1527175;0,13617;0,7012575;0,000218791;0;0;0;0;0,83
2990;0,254309803;0,102458329;0,09885973;0,571037053;0,2603725;0,10266025;0,09879975;0,6244825;0,000187487;0;0;0;0;0,83
2991;0,203544158;0,094304957;0,095970256;0,453127263;0,2069725;0,09419475;0,095689;0,489055;0,000117145;0;0;0;0;0,83
2992;0,156000276;0,087962081;0,084122211;0,311865711;0,157795;0,08772175;0,0837425;0,33129;4,62E-05;0;0;0;0;0,83
2993;0,084873955;0,067845565;0,050632007;0,167552151;0,085343;0,067477;0,0502185;0,174931;0;0,0007541;0,0007541;0;0;0,83
2994;0,030484622;0,022062095;0,030114576;0,043454072;0,030370375;0,021832;0,02967625;0,0443025;0;0;0;0;0;0,83
2995;0,00105298;0,001828399;0,003091357;0,001422875;0,00103584;0,001781738;0,003030973;0,00138005;0;0;0;0;0;0,83
2996;0;0;0;0;0;0;0;0;0;0;0,000540985;0;0,000622952;0,83
2997;0;0;0;0;0;0;0;0;0;7,21E-05;0,000459015;0,000327868;0,000459015;0,83
2998;0;0;0;0;0;0;0;0;0;0,004135523;0,021781525;0,02189625;0,01835525;0,83
2999;0;0;0;0;0;0;0;0;0;0,012131;0,07234975;0,038689;0,038689;0,83
3000;0;0;0;0;0;0;0;0;0;0,012131;0,1313825;0,046339;0,0355905;0,83
3001;0;0;0;0;0;0;0;0;0;0,002469958;0,020775953;0,015098475;0,006371653;0,83
3002;0;0;0;0;0;0;0;0;0;0,00098361;0,00098361;0,00098361;0,00098361;0,83
3003;0;0;0;0;0;0;0;0;0;0,00034427;0,00042623;0,00098361;0,00098361;0,83
3004;0;0;0;0;0;0;0;0;0;0,00098361;0,006185753;0,0091585;0,00098361;0,83
3005;0,023765801;0,011075618;0,0170445;0,027214026;0,023200525;0,0106305;0,0165515;0,02674825;0;0,00098361;0,01699975;0,01832775;0,0087869;0,83
3006;0,109790369;0,044164883;0,123732561;0,117278921;0,111301;0,0434575;0,124564;0,11887325;0;0,000409833;0,002469958;0,003584805;0,000426223;0,83
3007;0,259168934;0,098014319;0,121739787;0,254020855;0,2683325;0,09757175;0,122922;0,262505;3,07E-05;0,00016393;0,00098361;0,00098361;0,00018032;0,83
3008;0,41983571;0,15019725;0,032636124;0,412429027;0,4416;0,150515;0,03276875;0,43299;0,000188584;0,00098361;0,006371653;0,00990165;0,007300553;0,83
3009;0,541614987;0,181536;0,03625832;0,576375355;0,5773575;0,1826575;0,0356315;0,6157375;0,000331481;0,002469958;0,002469958;0,012131;0,012131;0,83
3010;0,637494947;0,194488066;0,126228825;0,608320894;0,6891075;0,1961125;0,12558825;0,6584375;0,00043314;0,012131;0,00098361;0,002469958;0,012131;0,83
3011;0,706319803;0,197507566;0,176973039;0,650639645;0,77243;0,1993125;0,1774275;0,708985;0,000483145;0,008415275;0,00098361;0,00098361;0,012131;0,83
3012;0,685024381;0,191957368;0,096073074;0,675214618;0,753735;0,1936075;0,096273;0,7404625;0,0004959;0,0187705;0,00520433;0,007557553;0,02372125;0,83
3013;0,623724198;0,199320711;0,317039554;0,632298711;0,684145;0,2010325;0,324754;0,6938825;0,000472844;0,090023;0,0911725;0,0564865;0,17654275;0,83
3014;0,542144724;0,18127354;0,654371881;0,520386987;0,58932;0,18285;0,697295;0,5644125;0,000408897;0,202935;0,185385;0,1441675;0,362075;0,83
3015;0,458682276;0,149616947;0,56818129;0,427651737;0,493015;0,150545;0,615365;0,45711;0,00029382;0,09670525;0,04409025;0,04883775;0,12210525;0,83
3016;0,315048948;0,115506711;0,400916882;0,291408237;0,334215;0,1158165;0,4296175;0,307845;0,000151269;0,03559;0,003844803;0,010459125;0,02411125;0,83
3017;0,180958105;0,07896739;0,188872856;0,147424318;0,1891425;0,07884525;0,198485;0,1531545;0;0,073152;0,0366655;0,03551475;0,081305;0,83
3018;0,049803691;0,028055345;0,052266244;0,046413375;0,051047;0,02781075;0,053424;0,047122;0;0,2872925;0,47005;0,29651;0,4670875;0,83
3019;0,004539681;0,001149411;0,004184695;0,001638332;0,004458477;0,0011263;0,004082987;0,001601675;0;0,4671925;0,95852;0,76407;0,86008;0,83
3020;0;0;0;0;0;0;0;0;0;0,0998405;0,1849075;0,1572125;0,165986;0,83
3021;0;0;0;0;0;0;0;0;0;0,0376265;0,03116425;0,038689;0,03600375;0,83
3022;0;0;0;0;0;0;0;0;0;0,01275075;0,006222928;0,019213;0,010674375;0,83
3023;0;0;0;0;0;0;0;0;0;0,02054075;0,0209465;0,0358965;0,02009825;0,83
3024;0;0;0;0;0;0;0;0;0;0,0646995;0,09867725;0,1017545;0,0654645;0,83
3025;0;0;0;0;0;0;0;0;0;0,08459;0,1995375;0,15705;0,12081925;0,83
3026;0;0;0;0;0;0;0;0;0;0,148595;0,1244425;0,1232355;0,15705;0,83
3027;0;0;0;0;0;0;0;0;0;0,1401435;0,08459;0,08459;0,134103;0,83
3028;0;0;0;0;0;0;0;0;0;0,049774;0,048244;0,07005475;0,038694;0,83
3029;0,02421692;0,008217037;0,017291165;0,032264586;0,023713925;0,007792;0,016784325;0,031541025;0;0,0111345;0,00777275;0,02629475;0,006929075;0,83
3030;0,112356221;0,038235443;0,061986916;0,128331399;0,113483;0,03751275;0,061148;0,1309145;0;0,0478625;0,06439175;0,07143175;0,03116425;0,83
3031;0,267623052;0,076580684;0,106654085;0,315451066;0,276755;0,0759915;0,10612125;0,33017;2,01E-05;0,02009825;0,018750325;0,042667;0,015672;0,83
3032;0,415289605;0,109716446;0,169472447;0,504227605;0,4365325;0,1094285;0,1696775;0,5373075;0,000180812;0,03337725;0,01788525;0,038689;0,02496725;0,83
3033;0,514246855;0,146802119;0,215978526;0,646329513;0,545485;0,1470625;0,21745;0,7002;0,000328307;0,07005475;0,040525;0,0616395;0,05322425;0,83
3034;0,601378934;0,167618368;0,263722263;0,733805921;0,644185;0,16845;0,266665;0,8065775;0,000425076;0,15906;0,106464;0,107535;0,151098;0,83
3035;0,641427039;0,178208289;0,333553618;0,769189934;0,693095;0,1792575;0,3395325;0,8539075;0,000491354;0,32608;0,224915;0,2289925;0,3598325;0,83
3036;0,663610974;0,179390566;0,330544472;0,762117947;0,7219775;0,180445;0,337211;0,8493775;0,000510661;0,2455675;0,105233;0,117604;0,2769425;0,83
3037;0,599972724;0,174846868;0,298901606;0,710721434;0,651975;0,1758575;0,3045475;0,7902375;0,000475042;0,27694;0,14328;0,1541525;0,33519;0,83
3038;0,541162303;0,158641737;0,312831276;0,628000619;0,5839775;0,1595;0,318985;0,6919825;0,000399996;0,1927375;0,04875625;0,0659255;0,1825425;0,83
3039;0,439378184;0,133067487;0,244909382;0,499438303;0,469095;0,13357;0,2494575;0,5425275;0,00027971;0,2471225;0,04786925;0,083162;0,179145;0,83
3040;0,300955539;0,094861421;0,179508552;0,34048354;0,31742;0,0948895;0,1815625;0,363805;0,000135347;0,170645;0,038689;0,05016425;0,148595;0,83
3041;0,16452904;0,05694045;0,096095467;0,173837961;0,170445;0,05668275;0,09647525;0,18236;0;0,15705;0,02408175;0,044809;0,08684425;0,83
3042;0,049890616;0,022504545;0,036507296;0,053012211;0,05066575;0,0222198;0,036291;0,05423425;0;0,15705;0,07005475;0,08459;0,14948;0,83
3043;0,00297801;0,001092604;0,001157107;0,001107988;0,002917498;0,00106586;0,00113658;0,00106542;0;0,10149825;0,044809;0,08459;0,0713025;0,83
3044;0;0;0;0;0;0;0;0;0;0,08459;0,05475425;0,08459;0,083162;0,83
3045;0;0;0;0;0;0;0;0;0;0,07540975;0,03674125;0,07005475;0,0390545;0,83
3046;0;0;0;0;0;0;0;0;0;0,02452475;0,005991178;0,02363925;0,010893025;0,83
3047;0;0;0;0;0;0;0;0;0;0,003956355;0,000358467;0,003398905;0,000836065;0,83
3048;0;0;0;0;0;0;0;0;0;0,009344225;0,002810928;0,01481425;0,007929178;0,83
3049;0;0;0;0;0;0;0;0;0;0,0505685;0,0607155;0,08072225;0,068404;0,83
3050;0;0;0;0;0;0;0;0;0;0,211775;0,25415;0,249285;0,2225675;0,83
3051;0;0;0;0;0;0;0;0;0;0,1134975;0,08208125;0,11505;0,1000035;0,83
3052;0;0;0;0;0;0;0;0;0;0,08459;0,083519;0,08459;0,10995025;0,83
3053;0,016007949;0,014391216;0,008398689;0,027788478;0,0155533;0,013926275;0,007953425;0,0273105;0;0,046237;0,08459;0,08459;0,08459;0,83
3054;0,061782245;0,05533005;0,037537394;0,129915553;0,0612315;0,0546055;0,036745;0,13214325;0;0,08485275;0,107535;0,107535;0,13048;0,83
3055;0,115403894;0,115756168;0,085373834;0,273488684;0,11537675;0,11541;0,08463375;0,283565;0;0,18474;0,2531475;0,237465;0,2852075;0,83
3056;0,160387461;0,171649907;0,125891961;0,415523171;0,1613525;0,1723785;0,125465;0,4361675;0,000126049;0,3195075;0,39344;0,38672;0,39344;0,83
3057;0,204538618;0,203809026;0,155468132;0,538017592;0,2065775;0,20532;0,1556275;0,571005;0,000247149;0,3486325;0,344275;0,3423125;0,3609425;0,83
3058;0,2376255;0,25744729;0,187875987;0,392038974;0,240815;0,2604775;0,1885675;0,4126625;0,000376462;0,162236;0,05679475;0,0856355;0,09496275;0,83
3059;0,269927408;0,257180013;0,204447118;0,501887132;0,2743425;0,2608;0,2056675;0,523895;0,000405715;0,05245925;0,001801108;0,015672;0,01215875;0,83
3060;0,293967829;0,26448075;0,205879816;0,647776658;0,2995925;0,2685;0,20746;0,69307;0,000391416;0,07540975;0,00098361;0,02496725;0,012131;0,83
3061;0,2736765;0,255114039;0,206684053;0,41658746;0,279165;0,2590425;0,2083225;0,445175;0,000332016;0,08459;0,008043725;0,03160675;0,012131;0,83
3062;0,236662343;0,218494536;0,181719;0,380591842;0,240655;0,22146775;0,1829375;0,39588;0,000268601;0,05628425;0,00098361;0,00990165;0,007114803;0,83
3063;0,176404776;0,184423066;0,144230487;0,306431092;0,178645;0,186075;0,14469;0,31671575;0,000237248;0,038689;0,00062295;0,001169407;0,00098361;0,83
3064;0,131117333;0,125219436;0,103856353;0,204225592;0,13206225;0,12586725;0,10380775;0,2089675;0,000121431;0,0682425;0,004251355;0,0177704;0,01313225;0,83
3065;0,080194694;0,072889141;0,062216629;0,126655263;0,0803435;0,07279125;0,0618845;0,1284425;0;0,1823225;0,0739445;0,0786275;0,08490125;0,83
3066;0,03516947;0,028158885;0,026114341;0,047589873;0,034965;0,027844;0,02575725;0,0479125;0;0,303825;0,2284275;0,2284275;0,22333;0,83
3067;0,001332965;0,001374161;0,001112744;0,001970407;0,001314765;0,001348108;0,001087723;0,0019401;0;0,25902;0,25902;0,25902;0,288145;0,83
3068;0;0;0;0;0;0;0;0;0;0,2632;0,38166;0,3329525;0,39344;0,83
3069;0;0;0;0;0;0;0;0;0;0,3892575;0,58495;0,4547525;0,54115;0,83
3070;0;0;0;0;0;0;0;0;0;0,2926225;0,4849625;0,392545;0,415735;0,83
3071;0;0;0;0;0;0;0;0;0;0,2538425;0,2952025;0,28456;0,323005;0,83
3072;0;0;0;0;0;0;0;0;0;0,52481;0,8717375;0,59541;0,801045;0,83
3073;0;0;0;0;0;0;0;0;0;0,3761625;0,5586375;0,333735;0,5184375;0,83
3074;0;0;0;0;0;0;0;0;0;0,130866;0,07956525;0,09987775;0,1019005;0,83
3075;0;0;0;0;0;0;0;0;0;0,08459;0,02363925;0,038689;0,05016425;0,83
3076;0;0;0;0;0;0;0;0;0;0,08408;0,046339;0,038689;0,08459;0,83
3077;0,006058095;0,02477442;0,023162117;0,028437959;0,005665975;0,02411365;0,022611275;0,027879;0;0,041494;0,024023;0,02313775;0,04863425;0,83
3078;0,031306966;0,11425894;0,083002058;0,135881112;0,03071525;0,11602425;0,08225625;0,1383525;0;0,0616395;0,03680025;0,03680025;0,0639345;0,83
3079;0,058827276;0,305566658;0,13936654;0,305287342;0,05834375;0,318395;0,1392555;0,3182225;0;0,03072125;0,007734552;0,01275075;0,021426;0,83
3080;0,100330231;0,496440474;0,199084737;0,478289763;0,10020075;0,5266925;0,200035;0,5069375;0;0,038689;0,00098361;0,012131;0,012131;0,83
3081;0,112340329;0,640386829;0,297932909;0,610490408;0,11256475;0,6906075;0,30201375;0,655635;2,92E-05;0,040117;0,008043653;0,0355905;0,012131;0,83
3082;0,129344881;0,729608961;0,336695921;0,704169553;0,1298125;0,79815;0,34268;0,766175;6,19E-05;0,083162;0,012131;0,038689;0,0355905;0,83
3083;0,124688013;0,769808763;0,335975961;0,738120869;0,1251825;0,8505675;0,343175;0,8115175;6,19E-05;0,09087;0,01295725;0,0677595;0,038689;0,83
3084;0,134016197;0,768549434;0,356647737;0,730025526;0,1345675;0,85313;0,36486;0,80653;8,95E-05;0,1568075;0,03786275;0,13772825;0,05016425;0,83
3085;0,138461171;0,726866369;0,317117329;0,721229487;0,1391525;0,805815;0,323935;0,79681;7,00E-05;0,2471225;0,0639345;0,2335275;0,08459;0,83
3086;0,122949513;0,647104855;0,328128632;0,644658434;0,1234825;0,7121225;0,335325;0,70784;5,24E-05;0,29729;0,097799;0,28198;0,1068205;0,83
3087;0,120953368;0,52270579;0,263322553;0,522089369;0,121365;0,5679675;0,2686325;0,566295;2,75E-05;0,6539125;0,46437;0,75734;0,3970325;0,83
3088;0,09993919;0,365446184;0,210931579;0,354817737;0,10017525;0,3908025;0,214155;0,379015;0;0,9048675;0,9021825;0,9910475;0,742365;0,83
3089;0,046691487;0,196110987;0,121239908;0,184244882;0,04660625;0,2060475;0,1222685;0,1934075;0;0,63708;0,4644275;0,721725;0,461265;0,83
3090;0,015898366;0,063404684;0,045159103;0,056027858;0,015674125;0,06503325;0,04507775;0,05752;0;0,325845;0,1438525;0,2808075;0,1953325;0,83
3091;0,000988417;0,005345334;0,001475741;0,004304762;0,000954423;0,005227125;0,001451658;0,004221775;0;0,170645;0,05092925;0,1099525;0,0890175;0,83
3092;0;0;0;0;0;0;0;0;0;0,09425;0,038689;0,07923475;0,08459;0,83
3093;0;0;0;0;0;0;0;0;0;0,082754;0,03160675;0,038689;0,05628425;0,83
3094;0;0;0;0;0;0;0;0;0;0,03489075;0,006928927;0,02223725;0,02629525;0,83
3095;0;0;0;0;0;0;0;0;0;0,010459025;0,000262295;0,001801108;0,004513705;0,83
3096;0;0;0;0;0;0;0;0;0;0,012131;0,000540985;0,00098361;0,00098361;0,83
3097;0;0;0;0;0;0;0;0;0;0,02326225;0,00571803;0,005579355;0,005154205;0,83
3098;0;0;0;0;0;0;0;0;0;0,133032;0,11903075;0,11540975;0,10851775;0,83
3099;0;0;0;0;0;0;0;0;0;0,13772825;0,1185945;0,11788025;0,12771;0,83
3100;0;0;0;0;0;0;0;0;0;0,03527325;0,011990853;0,012125652;0,011579128;0,83
3101;0,029497192;0,027872465;0,024343575;0,021367802;0,02901775;0,027155925;0,023799525;0,02094055;0;0,012131;0,000737707;0,000737707;0,000377048;0,83
3102;0,089647848;0,1176873;0,094477603;0,068512552;0,0896515;0,119266;0,09403325;0,06800925;0;0,028951;0,00098361;0,00098361;0,00098361;0,83
3103;0,232535211;0,297933631;0,176390329;0,141839447;0,23669;0,310145;0,1774225;0,142175;0;0,03072125;0,002469958;0,002469958;0,00302733;0,83
3104;0,358366974;0,488867645;0,258631974;0,240368092;0,370355;0,5182075;0,2618425;0,24351;0;0,0646995;0,02452475;0,028951;0,02363925;0,83
3105;0,445686869;0,632149421;0,336069869;0,287786763;0,4643225;0,6808825;0,34277;0,2930175;2,67E-05;0,08459;0,0608745;0,0616395;0,06945025;0,83
3106;0,5187135;0,728727671;0,385848276;0,308554855;0,543335;0,79602;0,39623;0,3154425;5,47E-05;0,148595;0,13483075;0,148595;0,1711475;0,83
3107;0,543719487;0,772587474;0,406751211;0,362229237;0,573165;0,85241;0,420065;0,3710575;8,12E-05;0,09425;0,08628075;0,15705;0,15705;0,83
3108;0,535417066;0,76614154;0,371107145;0,324167645;0,565065;0,849055;0,3829775;0,33233;7,81E-05;0,1196105;0,083825;0,2097325;0,21653;0,83
3109;0,534386487;0,727856013;0,379623868;0,312624197;0,5651875;0,8054875;0,39011;0,3202525;6,74E-05;0,07081975;0,03449725;0,10761775;0,1171955;0,83
3110;0,463132066;0,649271961;0,326878935;0,269363961;0,48874;0,71352;0,335195;0,2750675;3,01E-05;0,13531275;0,1204645;0,2906125;0,315415;0,83
3111;0,354851448;0,531867829;0,265523369;0,21755329;0,3702125;0,57756;0,2706625;0,2211775;0;0,15705;0,11840525;0,3575925;0,32175;0,83
3112;0,269404895;0,371198644;0,163839418;0,169376132;0,278;0,396905;0,16608125;0,1714575;0;0,1087425;0,07234975;0,242025;0,2318275;0,83
3113;0,15213079;0,203341895;0,095969294;0,104740532;0,1554075;0,2138425;0,09605625;0,1054805;0;0,082754;0,03116425;0,1242895;0,1328965;0,83
3114;0,053102266;0,059415043;0,033203905;0,040301151;0,05352625;0,0609595;0,0329825;0,040323775;0;0,033563;0,005256805;0,03381425;0,033706;0,83
3115;0,004149357;0,005922685;0,001524628;0,001689682;0,004077975;0,005778725;0,001495298;0,0016693;0;0,004327955;0,000131148;0,002060118;0,001457925;0,83
3116;0;0;0;0;0;0;0;0;0;0,00098361;0;0;0;0,83
3117;0;0;0;0;0;0;0;0;0;0,00098361;0;0;0;0,83
3118;0;0;0;0;0;0;0;0;0;0,00098361;0;0,000540985;0,000540985;0,83
3119;0;0;0;0;0;0;0;0;0;0,00098361;0;0,000131148;0,000131148;0,83
3120;0;0;0;0;0;0;0;0;0;0,000229523;0;0;0;0,83
3121;0;0;0;0;0;0;0;0;0;0,00093443;0;0;0,000710383;0,83
3122;0;0;0;0;0;0;0;0;0;0,000557375;0;6,01E-05;0,00012022;0,83
3123;0;0;0;0;0;0;0;0;0;0,008043653;0,0042132;0,007661273;0,007661273;0,83
3124;0;0;0;0;0;0;0;0;0;0,03337725;0,03160675;0,012131;0,03337725;0,83
3125;0,012386211;0,024282414;0,010461267;0,015501665;0,012039525;0,02367535;0,01001772;0,015080125;0;0,038689;0,038689;0,012131;0,038689;0,83
3126;0,021042905;0,117609766;0,046027149;0,057229157;0,020578875;0,119304;0,04518775;0,056665;0;0,038689;0,0639345;0,028951;0,038689;0,83
3127;0,089648811;0,294179724;0,08680292;0,109431111;0,0893045;0,306215;0,086142;0,1093985;0;0,038689;0,08459;0,038689;0,038689;0,83
3128;0,289308553;0,479317934;0,123647803;0,153563487;0,29524;0,50822;0,1232875;0,154355;0;0,044809;0,08459;0,038995;0,05245925;0,83
3129;0,418306697;0,625811842;0,101685395;0,186219356;0,43311;0,6741225;0,1014785;0,1878525;0;0,09087;0,1063275;0,104169;0,11840525;0,83
3130;0,499597223;0,705036395;0,121133238;0,210098447;0,5228875;0,77073;0,1209005;0,2125825;0;0,1568075;0,2165325;0,235225;0,206335;0,83
3131;0,533324605;0,747453868;0,184984105;0,219022105;0,5615775;0,8258275;0,1853975;0,22201;0;0,19104;0,2933475;0,3552475;0,2769425;0,83
3132;0,576264592;0,742666974;0,196850211;0,2167635;0,6127825;0,824575;0,1978475;0,21979;7,77E-05;0,4474325;0,84571;0,84273;0,6422925;0,83
3133;0,442532526;0,702255276;0,222135513;0,212258329;0,467985;0,77873;0,2237825;0,2151375;0,000103751;0,56066;0,9792375;0,9930475;0,8132875;0,83
3134;0,428443934;0,6255855;0,17728125;0,186529974;0,44833;0,688865;0,178555;0,18876;9,16E-05;0,54115;0,862245;0,9536875;0,6742625;0,83
3135;0,269789436;0,508272869;0,160478961;0,150748658;0,28020425;0,5526525;0,1611025;0,15211;0,000187227;0,39344;0,6054125;0,94;0,56066;0,83
3136;0,106084618;0,35881725;0,119493944;0,107110382;0,10771;0,38372;0,11969125;0,1076325;7,51E-05;0,3912;0,5201475;0,8691975;0,527215;0,83
3137;0,019917455;0,191434855;0,060420821;0,064814025;0,01988405;0,201125;0,0601245;0,06480125;0;0,2232525;0,1685725;0,3663075;0,2217525;0,83
3138;0,038413626;0,064376751;0,028017541;0,024594719;0,0377725;0,0660435;0,027648;0,0243825;0;0,126858;0,044809;0,14543;0,0890175;0,83
3139;0,001814072;0,005639026;0,00140492;0,0010612;0,0017946;0,0055211;0,001374822;0,001039548;0;0,15705;0,07923475;0,15705;0,1425575;0,83
3140;0;0;0;0;0;0;0;0;0;0,15705;0,08459;0,11840525;0,15705;0,83
3141;0;0;0;0;0;0;0;0;0;0,15705;0,08459;0,08459;0,15705;0,83
3142;0;0;0;0;0;0;0;0;0;0,15705;0,08459;0,08459;0,151735;0,83
3143;0;0;0;0;0;0;0;0;0;0,1133535;0,0368415;0,05628425;0,06473975;0,83
3144;0;0;0;0;0;0;0;0;0;0,026838;0,003956355;0,0126995;0,008814428;0,83
3145;0;0;0;0;0;0;0;0;0;0,003956355;0,000459025;0,00098361;0,000803278;0,83
3146;0;0;0;0;0;0;0;0;0;0,0108305;0,000868855;0,00098361;0,002469958;0,83
3147;0;0;0;0;0;0;0;0;0;0,01194525;0,000953007;0,007300525;0,00990165;0,83
3148;0;0;0;0;0;0;0;0;0;0,001131143;3,06E-05;0,000311475;0,00034426;0,83
3149;0,025371506;0,02943189;0,012462108;0,028668876;0,02492875;0,028779475;0,01198045;0,02813275;0;0,000213123;0;0;0;0,83
3150;0,108243296;0,139100227;0,077603317;0,120421946;0,10890025;0,141242;0,076705;0,1219075;0;0,001243707;0,000491803;0,000491803;0,000311475;0,83
3151;0,255985698;0,332879408;0,143936724;0,289773276;0,262935;0,346585;0,1439825;0,30003;0;0,01168525;0,0100874;0,0100874;0,00953005;0,83
3152;0,370295684;0,532934526;0,402746882;0,473353579;0,384815;0,56593;0,415435;0,4994375;3,62E-05;0,012131;0,0108305;0,012131;0,012131;0,83
3153;0,486170803;0,692838;0,676941079;0,606907461;0,50968;0,7495575;0,72167;0,650715;0,000101926;0,012094;0,000977053;0,01131355;0,0110039;0,83
3154;0,534136066;0,780947684;0,420950566;0,68635354;0,564075;0,8555625;0,4485675;0,744545;0,000141745;0,001949733;7,21E-05;0,0006317;0,000471423;0,83
3155;0,578077737;0,434523868;0,295638908;0,701215066;0,6138525;0,468945;0,304455;0,7653825;0,000120128;0,00098361;0;0,000131148;0;0,83
3156;0,663297947;0,41893275;0,4612515;0,709900342;0,71203;0,43656;0,4742025;0,7764475;0,000138999;0,002469958;0;0,001243707;0,000943177;0,83
3157;0,693822829;0,405975869;0,481586171;0,654836605;0,7530525;0,4204375;0,502155;0,7140225;9,35E-05;0,02629525;0,000786888;0,0231935;0,01131355;0,83
3158;0,610878079;0,343613803;0,344121869;0,553013961;0,6622625;0,3539725;0,357195;0,596655;4,47E-05;0,038689;0,00098361;0,038689;0,01965575;0,83
3159;0,451309303;0,283577763;0,185499395;0,45364496;0,4825075;0,29027;0,188065;0,483485;8,45E-06;0,0643935;0,0108305;0,04863425;0,038689;0,83
3160;0,308985868;0,214196684;0,110489862;0,324586619;0,324705;0,21800825;0,11067175;0,3421375;0;0,04588025;0,013628475;0,04633925;0,044809;0,83
3161;0,171924407;0,124271448;0,140629721;0,170423566;0,177892;0,125465;0,140888;0,17701;0;0,13047925;0,11132975;0,181385;0,19109;0,83
3162;0,061820049;0,045726884;0,046629363;0,057894458;0,06263375;0,04570975;0,0467505;0,05896825;0;0,032352;0,017072725;0,03374525;0,037248;0,83
3163;0,006221642;0,003149187;0,00172823;0,002781747;0,006107625;0,00310975;0,001703285;0,002734673;0;0,03674125;0,02876525;0,0355905;0,0417105;0,83
3164;0;0;0;0;0;0;0;0;0;0,07923475;0,07923475;0,0677595;0,08459;0,83
3165;0;0;0;0;0;0;0;0;0;0,08459;0,0874885;0,08459;0,08459;0,83
3166;0;0;0;0;0;0;0;0;0;0,10270425;0,19777;0,1090825;0,12399175;0,83
3167;0;0;0;0;0;0;0;0;0;0,2335275;0,513005;0,2658625;0,3118575;0,83
3168;0;0;0;0;0;0;0;0;0;0,16219;0,259105;0,21313;0,16201275;0,83
3169;0;0;0;0;0;0;0;0;0;0,09087;0,11840625;0,11840625;0,0853135;0,83
3170;0;0;0;0;0;0;0;0;0;0,2623325;0,3480425;0,31494;0,3468375;0,83
3171;0;0;0;0;0;0;0;0;0;0,6188525;0,9308675;0,797775;0,872185;0,83
3172;0;0;0;0;0;0;0;0;0;0,847845;1;0,9990375;0,99589;0,83
3173;0,031206316;0;0,025179837;0,037553045;0,0305857;0;0,02461775;0,0371215;0;0,882405;1;0,999545;0,9789975;0,83
3174;0,138461412;0,010340391;0,086121967;0,113296745;0,1411965;0,010013775;0,085438;0,1138515;0;0,595085;0,9676;0,8521425;0,65595;0,83
3175;0,340305355;0,02749262;0,183173368;0,324632369;0,3558025;0,02688925;0,18415;0,3367225;7,29E-06;0,56066;0,93828;0,7960125;0,56066;0,83
3176;0,493172961;0,047189921;0,258135947;0,49834271;0,52443;0,046575;0,2618425;0,5292575;0,000176974;0,4302275;0,5125275;0,6054125;0,479835;0,83
3177;0,639069711;0,056585286;0,331591184;0,728289434;0,6907575;0,05604625;0,3383725;0,7915275;0,000364884;0,68059;0,6799025;0,6912425;0,736295;0,83
3178;0,735792434;0,068010746;0,412214724;0,800427553;0,804895;0,06748825;0,42365;0,8842725;0,000438422;0,609085;0,4498675;0,476905;0,61367;0,83
3179;0,394750263;0,073263569;0,436510382;0,419212066;0,4273975;0,0727835;0,452575;0,4545225;0,00058216;0,783575;0,4867025;0,5220125;0,760725;0,83
3180;0,469185513;0,080274636;0,434562876;0,338487395;0,4896;0,07981725;0,45128025;0,3523675;0,000608822;0,4954975;0,1662775;0,2353125;0,39043;0,83
3181;0,422624053;0,073997976;0,443221184;0,327153434;0,4406425;0,073579;0,460475;0,33556;0,000571991;0,25384;0,02219125;0,056268;0,140411;0,83
3182;0,379467355;0,065525799;0,361567065;0,335022434;0,39425;0,065086;0,37465;0,3442425;0,000478794;0,27694;0,03231475;0,081224;0,21302;0,83
3183;0,346650158;0,050511131;0,288198513;0,221259039;0,3595075;0,0500645;0,2959375;0,2262925;0,000326548;0,1927375;0,007734552;0,04710425;0,11851775;0,83
3184;0,240115263;0,041076517;0,232361842;0,174427895;0,2473475;0,0405985;0,2370975;0,1767225;0,000169043;0,140525;0,00889058;0,04637925;0,0737645;0,83
3185;0,13436775;0,024412682;0,135376658;0,160844961;0,1366825;0,024026;0,1369075;0,1635925;0;0,5029375;0,2584855;0,2985525;0,5630425;0,83
3186;0,055829688;0,009349374;0,050546526;0,059695804;0,0561765;0,00906825;0,05050975;0,060579;0;0,56066;0,39344;0,3986425;0,5732825;0,83
3187;0,004523032;0,00109746;0,004835351;0,008757465;0,004460475;0,001031363;0,004759825;0,00852135;0;0,5300025;0,472765;0,510515;0,5134775;0,83
3188;0;0;0;0;0;0;0;0;0;0,2264975;0,1018145;0,167435;0,14363525;0,83
3189;0;0;0;0;0;0;0;0;0;0,15705;0,038689;0,08459;0,05628425;0,83
3190;0;0;0;0;0;0;0;0;0;0,09425;0,038689;0,08459;0,044809;0,83
3191;0;0;0;0;0;0;0;0;0;0,148595;0,0639345;0,1051205;0,08459;0,83
3192;0;0;0;0;0;0;0;0;0;0,2318275;0,08459;0,15705;0,1425575;0,83
3193;0;0;0;0;0;0;0;0;0;0,25902;0,07540975;0,15705;0,18254;0,83
3194;0;0;0;0;0;0;0;0;0;0,18424;0,038689;0,1039135;0,1147815;0,83
3195;0;0;0;0;0;0;0;0;0;0,12685675;0,0329345;0,0624045;0,07693975;0,83
3196;0;0;0;0;0;0;0;0;0;0,2335275;0,07005475;0,19788;0,1910825;0,83
3197;0;0,016030198;0,035836216;0,030446047;0;0,01557595;0,03513725;0,03002485;0;0,25902;0,082754;0,2558475;0,25494;0,83
3198;0,037257115;0,05302714;0,116857058;0,096310733;0,0369045;0,0523;0,11793225;0,0961005;0;0,2106275;0,03134975;0,1469375;0,1347665;0,83
3199;0,035612763;0,092022513;0,289946645;0,173298592;0,0352465;0,0915865;0,30027;0,1745725;2,22E-05;0,066832;0,002996727;0,039459;0,02644425;0,83
3200;0,125078815;0,133004882;0,520338829;0,300050171;0,12517325;0,1329825;0,5493675;0,30682;0,000197705;0,01862275;0,000161748;0,006000053;0,004526053;0,83
3201;0,272583316;0,166879145;0,550683118;0,314001513;0,2766075;0,167455;0,5872725;0,322315;0,000352059;0,06210925;0,012469903;0,028951;0,023627;0,83
3202;0,273500724;0,197064513;0,566816013;0,362063092;0,2788375;0,1984025;0,605545;0,3721875;0,000469909;0,09087;0,0593445;0,044809;0,05245925;0,83
3203;0,119494184;0,204897395;0,147305609;0,369515526;0,121085;0,2067275;0,15593875;0,380345;0,000538238;0,1755025;0,2023925;0,1161825;0,13030025;0,83
3204;0,075866021;0,206980224;0,183845412;0,341139932;0,075882;0,2089425;0,18466;0,35025025;0,000552845;0,355355;0,763045;0,3742775;0,44293;0,83
3205;0,159795119;0,197606289;0,299710658;0,38617575;0,1603575;0,1994075;0,3037475;0,3972;0,000517265;0,39344;0,77777;0,39344;0,3654325;0,83
3206;0,15780379;0,16919554;0,453194684;0,321434684;0,1588775;0,1704225;0,467705;0,3310875;0,00042962;0,3919475;0,74931;0,3531125;0,3777575;0,83
3207;0,184396579;0,14256904;0,209828763;0,247216145;0,186085;0,1431975;0,21653;0,2529925;0,000299894;0,267235;0,4498675;0,226725;0,1961375;0,83
3208;0,284360329;0,111731132;0,294314566;0,184480856;0,2912475;0,1118705;0,3011025;0,18734;0,000138957;0,311805;0,467505;0,296505;0,248945;0,83
3209;0,183756079;0,070013633;0,149985355;0,117329487;0,18927;0,06979375;0,1535925;0,11848325;0;0,812755;0,9848375;0,871305;0,8522775;0,83
3210;0,067584308;0,02928313;0,057709532;0,039911578;0,0686585;0,02899225;0,057865;0,04002425;0;0,9546;1;0,99256;0,99589;0,83
3211;0,010435659;0,001875288;0,00448631;0,001743932;0,01021637;0,00183905;0,004400052;0,001723195;0;0,94;0,996065;0,94219;0,988365;0,83
3212;0;0;0;0;0;0;0;0;0;0,9787275;0,9993875;0,994725;0,999125;0,83
3213;0;0;0;0;0;0;0;0;0;1;1;1;1;0,83
3214;0;0;0;0;0;0;0;0;0;1;1;1;1;0,83
3215;0;0;0;0;0;0;0;0;0;1;1;1;1;0,83
3216;0;0;0;0;0;0;0;0;0;1;1;1;1;0,83
3217;0;0;0;0;0;0;0;0;0;1;1;1;1;0,83
3218;0;0;0;0;0;0;0;0;0;1;1;1;1;0,83
3219;0;0;0;0;0;0;0;0;0;0,9991275;0,997025;0,9990375;1;0,83
3220;0;0;0;0;0;0;0;0;0;1;0,99475;0,963725;1;0,83
3221;0,016960247;0,032850956;0,016060634;0,039358484;0,0165542;0,032221125;0,01558605;0,0387245;0;0,9989525;0,963725;0,80081;0,996035;0,83
3222;0,04403582;0,115237508;0,054661859;0,146378329;0,04349;0,11624975;0,0538115;0,1488375;0;1;0,99869;0,97233;0,9999425;0,83
3223;0,042952267;0,264167724;0,103648552;0,229518118;0,04257925;0,2726125;0,10310275;0,2357775;3,69E-05;1;1;1;1;0,83
3224;0,088679392;0,389228961;0,156065289;0,364834579;0,08837225;0,406675;0,1561725;0,3791275;0,000215556;1;1;1;1;0,83
3225;0,165973776;0,529021697;0,170305579;0,351728408;0,1667275;0,5605175;0,1709125;0,365865;0,00037643;1;1;1;1;0,83
3226;0,175708895;0,608357013;0,212559316;0,355903697;0,1771425;0,6556;0,2139375;0,3678625;0,000496908;1;1;1;1;0,83
3227;0,177141592;0,665503579;0,237550855;0,159946816;0,17872;0,725275;0,2400775;0,163825;0,000567026;0,9998775;0,9374525;1;0,9976425;0,83
3228;0,219185842;0,609548921;0,237341368;0,20298071;0,2217775;0,6652025;0,2401425;0,205155;0,000585015;0,97671;0,5212275;0,9858125;0,8041225;0,83
3229;0,179896224;0,576698013;0,236236145;0,138596013;0,1820725;0,62464;0,2390125;0,139885;0,000548719;0,79601;0,2054175;0,7787975;0,4190175;0,83
3230;0,139166684;0,440363013;0,213207762;0,298834184;0,140275;0,46978;0,215508;0,3051925;0,000461841;0,847845;0,25392;0,8939225;0,5077075;0,83
3231;0,139795145;0,375426908;0,170782342;0,326729645;0,14065;0,3941775;0,171955;0,336965;0,000327896;0,8910425;0,25902;0,94;0,56066;0,83
3232;0,162174118;0,25652025;0,121427724;0,254100316;0,163415;0,2660775;0,121768;0,26231;0,000165034;0,7259;0,2558475;0,79025;0,415735;0,83
3233;0,100738852;0,156657632;0,077700596;0,114362961;0,10141225;0,1602725;0,07748;0,1166255;0;0,6054125;0,182315;0,622625;0,37046;0,83
3234;0,056047602;0,059024242;0,034689335;0,050174988;0,05595825;0,0597995;0,0343225;0,050198;0;0,912885;0,444645;0,8622475;0,63659;0,83
3235;0,010300427;0,005107436;0,001999946;0,007712559;0,010165205;0,00501653;0,001964995;0,007574725;0;0,79601;0,2993475;0,5780325;0,46033;0,83
3236;0;0;0;0;0;0;0;0;0;0,7018;0,235225;0,3508725;0,3777575;0,83
3237;0;0;0;0;0;0;0;0;0;0,44082;0,101498;0,1944375;0,2097325;0,83
3238;0;0;0;0;0;0;0;0;0;0,54115;0,189115;0,25392;0,338775;0,83
3239;0;0;0;0;0;0;0;0;0;0,44918;0,1449725;0,242025;0,262155;0,83
3240;0;0;0;0;0;0;0;0;0;0,499345;0,19104;0,4407125;0,4334975;0,83
3241;0;0;0;0;0;0;0;0;0;0,7018;0,4072675;0,7121275;0,7558225;0,83
3242;0;0;0;0;0;0;0;0;0;0,8104125;0,56066;0,65705;0,6742625;0,83
3243;0;0;0;0;0;0;0;0;0;0,76721;0,471475;0,56066;0,56066;0,83
3244;0;0;0;0;0;0;0;0;0;0,7712425;0,424325;0,7751575;0,7665825;0,83
3245;0,027413641;0,012191677;0,031560517;0,027206321;0,026977375;0,011786175;0,03093;0,02679475;0;0,954075;0,862675;0,9940725;0,99374;0,83
3246;0,088398872;0,036046906;0,108164076;0,09441283;0,0880595;0,03535775;0,108467;0,09433175;0;0,8248075;0,5904575;0,958415;0,9564825;0,83
3247;0,196941711;0,067713853;0,232359434;0,189453158;0,19911;0,067118;0,2372625;0,1912675;2,00E-05;0,8536075;0,56066;0,94;0,94;0,83
3248;0,262152316;0,110232458;0,376587513;0,269185776;0,2671325;0,10993275;0,3911625;0,274532;0,00015011;0,945535;0,6570425;0,833915;0,8678;0,83
3249;0,35232075;0,095158315;0,504882553;0,304381974;0,362195;0,095061;0,5309575;0,311235;0,000278986;0,99889;0,998475;0,998605;0,999485;0,83
3250;0,384316856;0,123036679;0,606560724;0,458270526;0,396485;0,1230215;0,648175;0,473255;0,000344332;1;1;1;1;0,83
3251;0,408588434;0,148803079;0,646514921;0,523972342;0,42254;0,1491425;0,698915;0,5505375;0,000412138;1;0,333335;1;1;0,83
3252;0,42021375;0,140587342;0,651771355;0,56679675;0,434935;0,141045;0,70863;0,60207;0,000416787;1;0,85;1;1;0,83
3253;0,394950118;0,204199105;0,641422224;0,533579842;0,4089825;0,2056225;0,6974625;0,56875;0,000381651;1;1;1;1;0,83
3254;0,363524684;0,206371026;0,560825171;0,392246053;0,375695;0,2082975;0,606615;0,41265;0,000277889;1;1;1;1;0,83
3255;0,280808684;0,181641948;0,435691698;0,382284592;0,2887775;0,18317;0,4651175;0,398825;0,000224703;1;1;1;1;0,83
3256;0,2154825;0,128805513;0,332951645;0,254779342;0,220195;0,129465;0,3510275;0,2645125;9,35E-05;1;1;1;1;0,83
3257;0,122593145;0,085106799;0,172448605;0,160641253;0,1242125;0,085062;0,1792025;0,164697;0;1;1;1;1;0,83
3258;0,052268171;0,047782986;0,056169683;0,078079117;0,05234025;0,04744775;0,05710375;0,07932875;0;0,999545;0,97108;0,99261;0,9850075;0,83
3259;0,005437043;0,004808994;0,006356842;0,010985584;0,00539079;0,004750413;0,00618131;0,010747405;0;0,858815;0,31889;0,6003175;0,5001375;0,83
3260;0;0;0;0;0;0;0;0;0;0,7805075;0,230135;0,5323425;0,460525;0,83
3261;0;0;0;0;0;0;0;0;0;0,401695;0,03975625;0,201595;0,15096275;0,83
3262;0;0;0;0;0;0;0;0;0;0,4659025;0,07326175;0,30619;0,2726125;0,83
3263;0;0;0;0;0;0;0;0;0;0,73942;0,2782525;0,5897475;0,5838575;0,83
3264;0;0;0;0;0;0;0;0;0;0,99301;0,9535725;0,99328;0,9963;0,83
3265;0;0;0;0;0;0;0;0;0;0,9564825;0,6179975;0,9626875;0,8968775;0,83
3266;0;0;0;0;0;0;0;0;0;0,9883625;0,79558;0,9719375;0,9562325;0,83
3267;0;0;0;0;0;0;0;0;0;0,9343;0,5155525;0,810785;0,709945;0,83
3268;0;0;0;0;0;0;0;0;0;0,5683575;0,1561525;0,512525;0,441015;0,83
3269;0,017550832;0,029695795;0,032442529;0,036981892;0,017138525;0,029214975;0,03185875;0,0365325;0;0,39344;0,05092925;0,3015875;0,262155;0,83
3270;0,050351246;0,093880686;0,097805313;0,128614567;0,04981875;0,09363125;0,09749575;0,1296765;0;0,39344;0,08656225;0,3329525;0,3015875;0,83
3271;0,108264004;0,196250645;0,220654658;0,252607421;0,1081845;0,198165;0,2234075;0,25913;0;0,54115;0,2098775;0,5093775;0,495445;0,83
3272;0,160924421;0,265961605;0,379359;0,384030316;0,1618525;0,27051;0,3915775;0,3997325;0;0,44918;0,157325;0,357015;0,3363075;0,83
3273;0,195614961;0,35720396;0,453859263;0,536252605;0,1974825;0,36669;0,4740825;0,5674775;0;0,4240975;0,103946;0,2510575;0,2102725;0,83
3274;0,200197184;0,352799921;0,489886184;0,607352921;0,20244;0,36373;0,5140075;0,653585;0;0,8410275;0,546335;0,4954125;0,5009875;0,83
3275;0,199197908;0,425655592;0,553103053;0,632842895;0,2014;0,4411175;0,5841825;0,6862125;0;0,94404;0,7231125;0,5437525;0,5483975;0,83
3276;0,211035119;0,383016592;0,497408448;0,568383552;0,2133525;0,3973225;0,524995;0,6132175;0;0,6301;0,2625525;0,2730325;0,236575;0,83
3277;0,202771224;0,365915724;0,476322513;0,562657579;0,2050075;0,377175;0,50024;0,6026325;0;0,6866525;0,310435;0,25902;0,2430425;0,83
3278;0,189713211;0,342852908;0,396223895;0,458126053;0,191735;0,352695;0,413695;0,48761;0;0,542525;0,21313;0,1791425;0,150975;0,83
3279;0,157488355;0,28361629;0,339787658;0,345383605;0,158945;0,2906225;0,3515625;0,36147;0;0,39344;0,1449725;0,11840525;0,084284;0,83
3280;0,111938211;0,220098434;0,290259671;0,240006908;0,112555;0,2243275;0,3000825;0,2476075;0;0,2836625;0,05016425;0,04710425;0,042055;0,83
3281;0,064886744;0,14256928;0,166481842;0,142913369;0,0648965;0,1445615;0,17135;0,1455725;0;0,25902;0,038689;0,040117;0,038689;0,83
3282;0,03031708;0,054579509;0,06266835;0,05389061;0,0300685;0,0547005;0,06335175;0,05427375;0;0,25902;0,0639345;0,083162;0,07311475;0,83
3283;0,002163888;0,012041593;0,008925512;0,002162117;0,00213051;0,011859275;0,00870268;0,002135975;0;0,25902;0,08459;0,1063275;0,0966665;0,83
3284;0;0;0;0;0;0;0;0;0;0,270345;0,1177765;0,1823175;0,160965;0,83
3285;0;0;0;0;0;0;0;0;0;0,074942;0,012453453;0,03865575;0,032296;0,83
3286;0;0;0;0;0;0;0;0;0;0,0329345;0,000442623;0,012131;0,009901725;0,83
3287;0;0;0;0;0;0;0;0;0;0,0608745;0,006929075;0,03476425;0,03160675;0,83
3288;0;0;0;0;0;0;0;0;0;0,0209835;0,000295083;0,006454628;0,006256927;0,83
3289;0;0;0;0;0;0;0;0;0;0,012131;0;0,00098361;0,00098361;0,83
3290;0;0;0;0;0;0;0;0;0;0,00302733;0;0,000262295;0,000213123;0,83
3291;0;0;0;0;0;0;0;0;0;0,00098361;0;3,06E-05;3,06E-05;0,83
3292;0;0;0;0;0;0;0;0;0;0,008601025;0;0,000953008;0,000953008;0,83
3293;0,021803511;0,02465417;0,029242702;0,025966255;0,021372475;0,02415135;0,028574675;0,025538;0;0,012131;0;0,00098361;0,00098361;0,83
3294;0,063417928;0,070074553;0,11842243;0,077237076;0,06289775;0,06935;0,11962225;0,076752;0;0,012131;0;0,00098361;0,00098361;0,83
3295;0,114940855;0,127720516;0,284285684;0,141536053;0,114961;0,12760075;0,29442;0,1419675;0;0,0099848;0,000506;0,003428505;0,003584805;0,83
3296;0,172097052;0,180536724;0,44364979;0,182085;0,1731875;0,1813625;0,46671;0,183485;0;0,07321325;0,05789525;0,06048425;0,062366;0,83
3297;0,224538592;0,230462013;0,556589684;0,235299474;0,2270775;0,2328;0,5926975;0,23833;2,28E-05;0,1568075;0,1859475;0,148595;0,13048;0,83
3298;0,251275856;0,255576355;0,62581425;0,273495908;0,255135;0,2590675;0,6741975;0,2781375;5,41E-05;0,2607125;0,3847125;0,2417425;0,2611375;0,83
3299;0,266308342;0,265036974;0,658407513;0,262826526;0,27081;0,26911;0,71488;0,26765;6,28E-05;0,501985;0,9460775;0,509;0,6330275;0,83
3300;0,239243605;0,253984737;0,636933908;0,288542842;0,24312;0,2578525;0,6924675;0,2941075;8,39E-05;0,4463925;0,9741475;0,52033;0,5648525;0,83
3301;0,209749302;0,249888908;0,594615158;0,267844579;0,2126675;0,2534875;0,6434925;0,273235;8,51E-05;0,81223;0,999965;0,90719;0,94359;0,83
3302;0,199705974;0,258622342;0,520567579;0,25115546;0,2021075;0,2624075;0,5583625;0,255745;5,45E-05;0,5204925;0,9733125;0,597445;0,654155;0,83
3303;0,175309184;0,197953026;0,437788974;0,195694421;0,1771975;0,2003225;0,4655825;0,1985525;1,47E-05;0,3105475;0,55378;0,2666675;0,26543;0,83
3304;0,119661292;0,135903987;0,312819237;0,143130079;0,1203855;0,13676525;0,3290125;0,14451475;0;0,18424;0,2281825;0,1244425;0,15705;0,83
3305;0,076870836;0,079839529;0,183329882;0,077368788;0,07696075;0,0797785;0,1898275;0,07759725;0;0,15705;0,15705;0,08459;0,13652025;0,83
3306;0,035312499;0,039841989;0,060573963;0,034874262;0,0351045;0,0395305;0,061506;0,0346515;0;0,1087425;0,08047975;0,07311475;0,0639345;0,83
3307;0,002249451;0,002417717;0,007279275;0,001971873;0,002220043;0,002382938;0,007071055;0,00194578;0;0,08459;0,02319675;0,038689;0,038689;0,83
3308;0;0;0;0;0;0;0;0;0;0,0608335;0,0146665;0,04658075;0,02960825;0,83
3309;0;0;0;0;0;0;0;0;0;0,2642575;0,1760125;0,2473325;0,20731;0,83
3310;0;0;0;0;0;0;0;0;0;0,25902;0,1961375;0,25902;0,25902;0,83
3311;0;0;0;0;0;0;0;0;0;0,25902;0,15705;0,25902;0,2318275;0,83
3312;0;0;0;0;0;0;0;0;0;0,240325;0,08583475;0,192515;0,1323865;0,83
3313;0;0;0;0;0;0;0;0;0;0,1051205;0,012401525;0,055962;0,02644425;0,83
3314;0;0;0;0;0;0;0;0;0;0,07311475;0,01065715;0,0355905;0,01832775;0,83
3315;0;0;0;0;0;0;0;0;0;0,0187705;0,000502023;0,006383953;0,004885355;0,83
3316;0;0;0;0;0;0;0;0;0;0,0370185;0,000953008;0,0267255;0,009344225;0,83
3317;0,032692902;0,010119731;0,031992975;0,015186712;0,0322647;0,0097102;0,03142775;0,014799025;0;0,083162;0,007114803;0,038689;0,012131;0,83
3318;0,11031553;0,046444678;0,100541885;0,048685946;0,11058225;0,045684;0,10018475;0,0481465;0;0,08628075;0,01655725;0,0677595;0,02009825;0,83
3319;0,233780092;0,088612212;0,216415559;0,091365399;0,237955;0,08809475;0,2189235;0,09113875;3,18E-05;0,1533475;0,044809;0,12565075;0,05628425;0,83
3320;0,360314961;0,123476842;0,315147671;0,143339566;0,372315;0,123345;0,32236;0,14391;0,000190957;0,06826;0,01551365;0,05016425;0,02248825;0,83
3321;0,480548368;0,145367013;0,381552592;0,181381895;0,5048;0,1457425;0,3936875;0,1829425;0,000318969;0,082652;0,02186875;0,038689;0,03806925;0,83
3322;0,556226092;0,174090789;0,464352869;0,200062342;0,5907675;0,17493;0,48293;0,202305;0,000416313;0,03880875;0,01168525;0,03027875;0,0307215;0,83
3323;0,543806171;0,167408882;0,534453908;0,191112198;0,5790975;0,168295;0,5626075;0,1932825;0,000460471;0,009745325;0,001243708;0,003584805;0,0099017;0,83
3324;0,545710816;0,169219618;0,524954763;0,192063316;0,5806625;0,17011;0,5553;0,194085;0,000480969;0,012131;0,00098361;0,00098361;0,012131;0,83
3325;0,499411816;0,144541105;0,468477592;0,187091014;0,5301475;0,14520075;0,492605;0,189035;0,000450102;0,01295725;0,008663403;0,0108305;0,02009825;0,83
3326;0,492125526;0,108028753;0,433047829;0,155499434;0,521385;0,10822125;0,452775;0,15693;0,000389022;0,044748;0,067177;0,02680325;0,0788625;0,83
3327;0,361095119;0,079483883;0,361080671;0,107552471;0,3804825;0,0792585;0,375235;0,10816;0,000281128;0,13893425;0,330015;0,133032;0,3338425;0,83
3328;0,25817929;0,088903086;0,269768487;0,07846414;0,26664;0,0885125;0,27778;0,078495;0,000144101;0,15705;0,3105475;0,143765;0,294865;0,83
3329;0,13451102;0,054751433;0,16578572;0,054150422;0,1370225;0,0544325;0,16916075;0,0539415;0;0,15077;0,32079;0,14613;0,2391175;0,83
3330;0,062105866;0,022422364;0,046511858;0,024685737;0,0625665;0,022134725;0,04660575;0,02444025;0;0,0376895;0,033504578;0,0251659;0,039623;0,83
3331;0,002714318;0,002424507;0,005674288;0,001743831;0,002683385;0,002364705;0,005558945;0,001710918;0;0,012131;0,00062295;0,00098361;0,00377053;0,83
3332;0;0;0;0;0;0;0;0;0;0,012131;0,00098361;0,007114803;0,00098361;0,83
3333;0;0;0;0;0;0;0;0;0;0,012131;0,00098361;0,012131;0,00098361;0,83
3334;0;0;0;0;0;0;0;0;0;0,012131;0,00098361;0,012131;0,00098361;0,83
3335;0;0;0;0;0;0;0;0;0;0,01131355;0,000459025;0,006185753;0,00098361;0,83
3336;0;0;0;0;0;0;0;0;0;0,001057933;0;0,00052459;0,0002459;0,83
3337;0;0;0;0;0;0;0;0;0;0,000459025;0;0;0;0,83
3338;0;0;0;0;0;0;0;0;0;0;0;0;0;0,83
3339;0;0;0;0;0;0;0;0;0;0;0;0;0;0,83
3340;0;0;0;0;0;0;0;0;0;0;0;0;0;0,83
3341;0,031624567;0,010635888;0,027497123;0,035392441;0,031183;0,01023935;0,026804225;0,03498;0;0,000868855;0;0,000508198;0;0,83
3342;0,12588859;0,029107836;0,122768921;0,104119536;0,12751125;0,02849025;0,12466825;0,1041775;0;0,000131148;0;0;0;0,83
3343;0,233854737;0,06047837;0,294266408;0,188482776;0,2403425;0,059859;0,3065375;0,1906575;0;0;0;0;0;0,83
3344;0,313861855;0,083091391;0,476758342;0,266606921;0,324315;0,0826155;0,5061925;0,2720825;3,14E-05;0;0;0;0;0,83
3345;0,445619447;0,109201157;0,612534711;0,313483816;0,46556;0,10900375;0,6617875;0,3217625;7,09E-05;0,00062295;0,0002459;0,000377048;0,000344262;0,83
3346;0,544706724;0,149691592;0,693338842;0,360117513;0,578165;0,1501025;0,7607525;0,3715425;0,000100775;2,30E-05;6,01E-05;2,30E-05;0,00014754;0,83
3347;0,552221763;0,181738263;0,727899356;0,358492184;0,5907475;0,1828225;0,807495;0,37091;0,00012801;0,000944265;0,007661273;0,002988008;0,008786825;0,83
3348;0,582055579;0,172075382;0,724776316;0,375771237;0,6260025;0,173285;0,808355;0,38916;0,000124454;0,00098361;0,008601025;0,00098361;0,012131;0,83
3349;0,496368237;0,138644171;0,689941303;0,352005316;0,5320775;0,139385;0,7687525;0,3641625;0,000109122;0,00098361;0,012131;0,00098361;0,012131;0,83
3350;0,505195579;0,114257013;0,618804868;0,315424579;0,5391025;0,11453875;0,684345;0,3247625;7,77E-05;0,000491803;0,002469958;0,00052459;0,006557377;0,83
3351;0,455265474;0,091420058;0,514232408;0,229255658;0,4867225;0,091376;0,5612575;0,234535;5,73E-05;1,64E-05;0,000770495;6,55E-06;0,00098361;0,83
3352;0,34080379;0,089354325;0,37208475;0,190110513;0,3619875;0,0891495;0,39934;0,1931825;4,94E-05;0,00093443;0,008601025;0,000911478;0,0100874;0,83
3353;0,180380211;0,050565549;0,205509;0,109484565;0,188735;0,05030525;0,2165675;0,1106465;0;0,00098361;0,009344225;0,00098361;0,012131;0,83
3354;0,058938521;0,023190916;0,061040132;0,042428791;0,0598645;0,02287;0,06271775;0,0424325;0;0,0122034;0,02777225;0,01747;0,02527325;0,83
3355;0,010209156;0,004385282;0,011509063;0,002289541;0,01000062;0,004287113;0,011255875;0,002266563;0;0,0569605;0,12514;0,07081975;0,087043;0,83
3356;0;0;0;0;0;0;0;0;0;0,01965575;0,023972702;0,02440425;0,02241175;0,83
3357;0;0;0;0;0;0;0;0;0;0,005256805;0,00098361;0,006185753;0,002469958;0,83
3358;0;0;0;0;0;0;0;0;0;0,00098361;0,00098361;0,00098361;0,00098361;0,83
3359;0;0;0;0;0;0;0;0;0;0,00098361;0,000508198;0,00098361;0,00098361;0,83
3360;0;0;0;0;0;0;0;0;0;0,004327955;0,00098361;0,00098361;0,004327955;0,83
3361;0;0;0;0;0;0;0;0;0;0,012131;0,006557377;0,0108305;0,0174425;0,83
3362;0;0;0;0;0;0;0;0;0;0,012308;0,007011928;0,01481625;0,013459;0,83
3363;0;0;0;0;0;0;0;0;0;0,03674125;0,06280225;0,04630925;0,06272675;0,83
3364;0;0;0;0;0;0;0;0;0;0,07971775;0,042565;0,040117;0,0919175;0,83
3365;0,037325258;0,031007664;0,02950273;0,036772646;0,0368635;0,03046075;0,0289565;0,0363565;0;0,151735;0,1348025;0,122532;0,230045;0,83
3366;0,157158955;0,113863323;0,127172961;0,10111665;0,15944175;0,11474375;0,12820925;0,10113375;0;0,1147815;0,1005475;0,0740405;0,183435;0,83
3367;0,19216204;0,250967645;0,265431869;0,113522605;0,1958725;0,258345;0,27337;0,113986;7,96E-05;0,08459;0,02748625;0,038689;0,0890175;0,83
3368;0,245588408;0,34812379;0,405487066;0,135106974;0,25061;0,361155;0,4246025;0,13575;0,000230274;0,08459;0,0355905;0,044809;0,0700545;0,83
3369;0,536389855;0,387372474;0,528193382;0,35523671;0,564415;0,40279;0,5615925;0,365575;0,000371797;0,081785;0,07586875;0,082295;0,09023825;0,83
3370;0,632248145;0,466541645;0,579529697;0,314774688;0,6812475;0,4886675;0,6223225;0,32531075;0,000480386;0,0228215;0,014316928;0,02440425;0,017236975;0,83
3371;0,428682316;0,474998171;0,60327154;0,05257879;0,4572025;0,50093;0,6516425;0,05333;0,00014224;0,012131;0,005814303;0,03122325;0,012131;0,83
3372;0,341201092;0,5803845;0,634778842;0,221976592;0,35498;0,62022;0,6889275;0,22475;0,00017502;0,0107334;0,00571803;0,019205;0,004885253;0,83
3373;0,331875316;0,511232171;0,565183461;0,372609671;0,34166;0,5482125;0,612505;0,38252;0,000151594;0,05857275;0,14962075;0,1564265;0,05600525;0,83
3374;0,294613145;0,478188631;0,532241053;0,421511605;0,3025825;0,508355;0,5726975;0,439405;0,000132659;0,13048;0,341335;0,3195075;0,12081925;0,83
3375;0,157045302;0,402060632;0,433259724;0,178198417;0,159995;0,4249025;0,4621075;0,18519875;0,000117542;0,15705;0,558915;0,4153875;0,2131325;0,83
3376;0,030000322;0,346026513;0,314138763;0,143693527;0,030212725;0,3640375;0,3311325;0,14506725;5,50E-05;0,094507;0,22812;0,2054125;0,07995725;0,83
3377;0,014655964;0,220214013;0,173763316;0,10981204;0,0142971;0,230385;0,1801425;0,1105;0;0,0379325;0,05318575;0,0709805;0,03027875;0,83
3378;0,00553185;0,066381083;0,06393105;0,019458703;0,00526515;0,0682875;0,06485525;0,019479975;0;0,01275075;0,00414208;0,0156559;0,005814178;0,83
3379;0,000837105;0,014956421;0,008038509;0,005874866;0,00074699;0,01446635;0,007850753;0,005639927;0;0,0076721;0,000508198;0,00098361;0,00098361;0,83
3380;0;0;0;0;0;0;0;0;0;0,012131;0,00098361;0,00377053;0,00377053;0,83
3381;0;0;0;0;0;0;0;0;0;0,015672;0,00098361;0,012131;0,012131;0,83
3382;0;0;0;0;0;0;0;0;0;0,038689;0,0124535;0,01699975;0,0209835;0,83
3383;0;0;0;0;0;0;0;0;0;0,07923475;0,07326175;0,0585795;0,10942625;0,83
3384;0;0;0;0;0;0;0;0;0;0,148595;0,21305;0,1740875;0,206335;0,83
3385;0;0;0;0;0;0;0;0;0;0,172345;0,354775;0,2688775;0,3015875;0,83
3386;0;0;0;0;0;0;0;0;0;0,3195075;0,558915;0,4061325;0,4742625;0,83
3387;0;0;0;0;0;0;0;0;0;0,1978375;0,25357;0,21862;0,2361525;0,83
3388;0;0;0;0;0;0;0;0;0;0,1791425;0,3598325;0,3171525;0,3441525;0,83
3389;0,0133407;0,016257094;0,001845076;0,047534708;0,012950775;0,015816575;0,00151438;0,047109725;0;0,25902;0,4463925;0,415735;0,4463925;0,83
3390;0,035960463;0,051109733;0,012317923;0,155492211;0,03539825;0,0504105;0,011752575;0,1586425;0;0,310545;0,7141925;0,56066;0,67403;0,83
3391;0,068661841;0,095125326;0,026189948;0,327218447;0,06826075;0,09471525;0,02558675;0,3425375;0;0,2903825;0,552885;0,49377;0,544165;0,83
3392;0,095924988;0,138947566;0,042808998;0,507793697;0,095893;0,13907;0,0421405;0,5427825;3,70E-05;0,5104925;0,821305;0,6866525;0,750065;0,83
3393;0,140767934;0,170394671;0,058981382;0,651133263;0,141395;0,17121;0,058325;0,708355;8,93E-05;0,5057725;0,6018375;0,5781;0,6398325;0,83
3394;0,15322879;0,199922684;0,073481001;0,720170013;0,15426;0,20155;0,07286675;0,79315;0,000107653;0,90364;0,954665;0,8889675;0,93524;0,83
3395;0,165778737;0,209053421;0,075470645;0,381369592;0,1670375;0,211245;0,0749215;0,4134175;0,000131606;0,9993875;1;0,999545;0,9999825;0,83
3396;0,137909763;0,217057263;0,070762488;0,430709763;0,13888;0,21956;0,0702255;0,4477935;0,000122225;0,999965;0,9999425;0,9997375;0,99979;0,83
3397;0,155576487;0,209453132;0,063979449;0,395619513;0,1566275;0,2118775;0,063436;0,411425;0,000159032;0,96995;0,7564775;0,7338375;0,8258325;0,83
3398;0,111530072;0,208042106;0,054883626;0,371538158;0,11216375;0,2103225;0,05434225;0,3856925;0,000129872;0,98885;0,7019975;0,6938025;0,7632725;0,83
3399;0,091545991;0,176527579;0,046966709;0,287074027;0,0916705;0,1781275;0,04642525;0,29622;8,15E-05;0,698555;0,21793;0,32057;0,3428975;0,83
3400;0,067572268;0,134560863;0,03508736;0,202973728;0,067431;0,13535425;0,034596;0,20786575;2,66E-05;0,6088525;0,15705;0,25902;0,25902;0,83
3401;0,047822956;0,087635329;0,02274666;0,119158042;0,04754475;0,0876185;0,02231075;0,120634;0;0,49656;0,1477275;0,242025;0,25902;0,83
3402;0,017188347;0,044123708;0,009149109;0,049226278;0,01697965;0,04381075;0,008851125;0,049336275;0;0,580755;0,283785;0,384525;0,3777575;0,83
3403;0,002874747;0,011171332;0,001414358;0,002606197;0,00278593;0,010981225;0,001326188;0,002584128;0;0,3429625;0,1438525;0,2281825;0,2446525;0,83
3404;0;0;0;0;0;0;0;0;0;0,15252925;0,03639875;0,09855825;0,091553;0,83
3405;0;0;0;0;0;0;0;0;0;0,05016425;0,00302733;0,0257935;0,01965575;0,83
3406;0;0;0;0;0;0;0;0;0;0,038689;0,006557377;0,03786275;0,02541;0,83
3407;0;0;0;0;0;0;0;0;0;0,07923475;0,012131;0,038689;0,038689;0,83
3408;0;0;0;0;0;0;0;0;0;0,13048;0,012131;0,07540975;0,07311475;0,83
3409;0;0;0;0;0;0;0;0;0;0,1621475;0,0229035;0,0919175;0,0919175;0,83
3410;0;0;0;0;0;0;0;0;0;0,3334925;0,2317325;0,2906125;0,2748525;0,83
3411;0;0;0;0;0;0;0;0;0;0,54115;0,6188525;0,5369525;0,603115;0,83
3412;0;0;0;0;0;0;0;0;0;0,7431125;0,76721;0,84186;0,847845;0,83
3413;0,018711582;0,011681805;0,029992737;0,026284001;0,01831265;0,01127815;0,02944325;0,02586765;0;0,8104125;0,7086875;0,8881625;0,94;0,83
3414;0,037739657;0,045108537;0,122251464;0,067570102;0,03719625;0,044431;0,12318275;0,0670805;0;0,76721;0,48541;0,719015;0,8132875;0,83
3415;0,14265765;0,095430407;0,278569342;0,127778065;0,143267;0,09502725;0,28785;0,12807325;0;0,782185;0,47664;0,79313;0,8078925;0,83
3416;0,184244882;0,140719776;0,423519789;0,245537842;0,18599;0,1409325;0,4451375;0,2489675;0;0,9713625;0,9648025;0,98725;0,99406;0,83
3417;0,321827171;0,178355171;0,554663369;0,259633658;0,32883;0,1793825;0,5917575;0,264625;3,49E-05;0,99475;1;1;1;0,83
3418;0,349017119;0,193101118;0,613697724;0,335477527;0,359705;0,1947075;0,662155;0,3432375;5,60E-05;0,99475;1;0,9964125;0,9985125;0,83
3419;0,120576774;0,210151421;0,64173525;0,322739763;0,1237265;0,2123125;0,6983825;0,3308975;5,68E-05;0,9792375;0,9993875;0,9536875;0,9701125;0,83
3420;0,449614145;0,209311066;0,662852487;0,303113013;0,466745;0,2115725;0,725215;0,3106275;5,73E-05;0,94;0,99475;0,79025;0,8132875;0,83
3421;0,336941526;0,151259132;0,624877579;0,294991184;0,350525;0,1524025;0,6842875;0,30237;5,93E-05;0,8712625;0,9491075;0,71167;0,712785;0,83
3422;0,320510053;0,106460972;0,576551132;0,271504579;0,32937;0,1067605;0,6281675;0,27768;4,56E-05;0,4512125;0,3820975;0,296995;0,2658375;0,83
3423;0,327740238;0,070819555;0,479236066;0,231112145;0,33758875;0,0706215;0,5165025;0,2356275;2,74E-05;0,471475;0,4922775;0,3575925;0,3441525;0,83
3424;0,238593474;0,046221225;0,352294263;0,161661237;0,2454575;0,04583425;0,37489;0,163895;8,90E-06;0,5882;0,589255;0,4379325;0,4109075;0,83
3425;0,196248237;0,016825165;0,20326725;0,111260388;0,2014425;0,016527675;0,2130625;0,11211125;0;0,953605;0,993455;0,934895;0,94746;0,83
3426;0,076454751;0,006384942;0,064504611;0,044301892;0,07798675;0,006105925;0,06609325;0,0443;0;0,9613525;0,9708775;0,8662625;0,9568475;0,83
3427;0,011685224;0,000934492;0,0135577;0,002748022;0,011408525;0,000847305;0,012999125;0,00272059;0;0,994385;0,9934725;0,98725;0,99301;0,83
3428;0;0;0;0;0;0;0;0;0;0,99475;0,99475;0,9998375;1;0,83
3429;0;0;0;0;0;0;0;0;0;0,99475;0,975925;0,992725;0,9983375;0,83
3430;0;0;0;0;0;0;0;0;0;0,92566;0,60725;0,8599175;0,8583925;0,83
3431;0;0;0;0;0;0;0;0;0;0,4934425;0,11099475;0,313295;0,2692075;0,83
3432;0;0;0;0;0;0;0;0;0;0,471065;0,28442;0,337545;0,321745;0,83
3433;0;0;0;0;0;0;0;0;0;0,965975;0,9831;0,95582;0,952835;0,83
3434;0;0;0;0;0;0;0;0;0;1;1;1;1;0,83
3435;0;0;0;0;0;0;0;0;0;1;1;1;1;0,83
3436;0;0;0;0;0;0;0;0;0;1;1;1;1;0,83
3437;0,031800079;0,034569663;0,017626055;0,051688109;0,031391725;0,03413375;0,017157;0,05123675;0;1;1;1;1;0,83
3438;0,136763605;0,132941072;0,039202453;0,162701447;0,1384175;0,135011;0,038493;0,16627425;0;1;1;1;1;0,83
3439;0,26495029;0,305203066;0,074401299;0,330201829;0,27321;0,31837;0,073679;0,3459325;0;0,9969375;0,9733;0,9690375;0,9674925;0,83
3440;0,335730355;0,48023775;0,14147104;0,505441184;0,3481575;0,51012;0,141255;0,53932;0;0,9989525;0,952775;0,9937625;0,9915225;0,83
3441;0,4940085;0,610199053;0,145458513;0,667889803;0,517775;0,6588175;0,14571;0,7259775;2,67E-05;0,9972;0,73812;0,963725;0,9701125;0,83
3442;0,644222605;0,69769954;0,160454882;0,774930355;0,6904725;0,76435;0,1608375;0,8560175;4,41E-05;0,9838;0,34072;0,79025;0,8109925;0,83
3443;0,231355342;0,737018053;0,112501658;0,402501276;0,2459825;0,815925;0,1126125;0,4382375;5,13E-05;0,9083225;0,16193;0,55182;0,52834;0,83
3444;0,351331105;0,734879842;0,189178658;0,436332198;0,3601225;0,817725;0,189835;0,45613;5,75E-05;0,507935;0,02611465;0,240315;0,18094;0,83
3445;0,426654869;0,697400961;0,192906079;0,354011092;0,4423425;0,7752225;0,194025;0,36824;5,18E-05;0,68059;0,0705245;0,46246;0,3412925;0,83
3446;0,356296184;0,626844829;0,167406474;0,245179066;0,3705225;0,6919125;0,1682275;0,2510775;4,74E-05;0,7259;0,05092925;0,435245;0,33071;0,83
3447;0,267204079;0,522091777;0,09385444;0,254890105;0,27446;0,56921;0,0939715;0,25962;1,97E-05;0,56066;0,0639345;0,39344;0,25902;0,83
3448;0,2619645;0,383399448;0,127813461;0,192039237;0,26842;0,411325;0,127655;0,1950675;0;0,56066;0,08459;0,39344;0,3015875;0,83
3449;0,1911435;0,212749539;0,099715255;0,100495895;0,1963075;0,224305;0,09961175;0,10164225;0;0,7431125;0,148595;0,5093775;0,495445;0,83
3450;0,067055534;0,061996066;0,047453826;0,04019908;0,06807675;0,06392;0,047173;0,040128;0;0,5712925;0,1449725;0,352195;0,3312075;0,83
3451;0,018098435;0,014482259;0,005967736;0,003903438;0,0176298;0,013999475;0,005887985;0,00387;0;0,3062525;0,05016425;0,12603525;0,11165;0,83
3452;0;5,18E-05;0;0;0;5,00E-05;0;0;0;0,20238;0,03027875;0,07617475;0,07234975;0,83
3453;0;0;0;0;0;0;0;0;0;0,05930375;0,002273235;0,016868975;0,011027428;0,83
3454;0;0;0;0;0;0;0;0;0;0,0187705;0;0,00098361;0,00098361;0,83
3455;0;0;0;0;0;0;0;0;0;0,012308;0;0,00098361;0,00098361;0,83
3456;0;0;0;0;0;0;0;0;0;0,03674125;0,000360655;0,003027353;0,00098361;0,83
3457;0;0;0;0;0;0;0;0;0;0,015672;0;0,000311475;0,000262295;0,83
3458;0;0;0;0;0;0;0;0;0;0,012131;0;0,000737705;0,000540985;0,83
3459;0;0;0;0;0;0;0;0;0;0,005256805;0;0,000704928;0,000131148;0,83
3460;0;0;0;0;0;0;0;0;0;0,000836065;0;0;0;0,83
3461;0,041582898;0,031410024;0,028489007;0,002489419;0,041209;0,03102275;0,02782775;0,002169968;0;0,00098361;0;0;0;0,83
3462;0,146783337;0,137053034;0,132040279;0,015307444;0,14971425;0,1393005;0,13367425;0,014753975;0;0,00098361;0;0;0;0,83
3463;0,326623697;0,317769868;0,334743118;0,029846337;0,3422375;0,3318575;0,3479725;0,02934975;3,10E-05;0,001949733;6,55E-06;8,52E-05;8,52E-05;0,83
3464;0,519768158;0,497102645;0,550827592;0,048974894;0,5551775;0,52898;0,5859375;0,0485335;0,00016223;0,027586;0,005742045;0,00841195;0,00841195;0,83
3465;0,655958685;0,63221925;0,689613829;0,063736974;0,7129225;0,68452;0,7497775;0,06339;0,000280245;0,03674125;0,012131;0,02363925;0,012131;0,83
3466;0,784412645;0,711951869;0,747742816;0,07425514;0,86677;0,7826775;0,8246;0,07399525;0,000382572;0,012308;0,00377053;0,012131;0,012131;0,83
3467;0,526007013;0,743509737;0,33841275;0,080800279;0,5761875;0,8261025;0,36709;0,08062325;0,000425639;0,002469958;0,00098361;0,006185753;0,006743153;0,83
3468;0,469346842;0,739413908;0,226033895;0,081872274;0,49813;0,82549;0,2314875;0,08173375;0,000455825;0,00478808;0,007013205;0,0143715;0,0152295;0,83
3469;0,447882868;0,696620803;0,276289066;0,074868671;0,4709675;0,776485;0,2803275;0,0747105;0,000424157;0,05857275;0,13474625;0,11284825;0,11361325;0,83
3470;0,37699204;0,621036987;0,185547553;0,063771888;0,3937975;0,6869675;0,1878875;0,0635525;0,000369812;0,09087;0,2814225;0,1914875;0,22478;0,83
3471;0,292337684;0,509599619;0,157885658;0,051224348;0,3016825;0,5562225;0,1587425;0,050943;0,000272653;0,21221;0,6340975;0,45425;0,5184075;0,83
3472;0,201119408;0,366033711;0,154846895;0,038322126;0,2056375;0,392755;0,15542;0,0379955;0,000157845;0,15943;0,3641525;0,3105475;0,3597275;0,83
3473;0,133151763;0,206541987;0,111897758;0,023780368;0,1347225;0,2176225;0,1121095;0,02345925;5,11E-06;0,15705;0,25902;0,25902;0,25902;0,83
3474;0,059206279;0,062460549;0,064918768;0,010872969;0,05942325;0,0642885;0,0646975;0,010597525;0;0,13893425;0,19958;0,20272;0,1561525;0,83
3475;0,016489022;0,014484859;0,017460849;0,001845517;0,0163349;0,014047175;0,01718925;0,001757655;0;0,0482165;0,027552;0,0438875;0,03064475;0,83
3476;3,68E-05;8,58E-05;0;0;3,57E-05;8,28E-05;0;0;0;0,01218425;0,000737705;0,007114803;0,00469958;0,83
3477;0;0;0;0;0;0;0;0;0;0,001664858;0;0,00040765;0,000358467;0,83
3478;0;0;0;0;0;0;0;0;0;0,008601025;0,000131148;0,000953008;0,000953008;0,83
3479;0;0;0;0;0;0;0;0;0;0,012131;0,00098361;0,00377053;0,001949733;0,83
3480;0;0;0;0;0;0;0;0;0;0,03337725;0,004327778;0,012131;0,012094;0,83
3481;0;0;0;0;0;0;0;0;0;0,0329345;0,003301655;0,01257375;0,010273325;0,83
3482;0;0;0;0;0;0;0;0;0;0,0608745;0,0524525;0,041186;0,04706575;0,83
3483;0;0;0;0;0;0;0;0;0;0,02016605;0,010386907;0,014355275;0,015470025;0,83
3484;0;0;0;0;0;0;0;0;0;0,001057933;2,30E-05;0,000229507;0,000278688;0,83
3485;0,03638329;0,036284807;0,009030612;0,002269253;0,03606825;0,03583575;0,008634968;0,001968443;0;0,00098361;0;0;0;0,83
3486;0,130041245;0,12823123;0,01088537;0,010983347;0,1314985;0,1293655;0,010430275;0,010457375;0;0,00098361;0;0;0;0,83
3487;0,276161447;0,24321904;0,021607893;0,024627466;0,28563;0,2492525;0,021038675;0,0241195;9,00E-05;0,003398905;3,06E-05;0,000491803;0,000278688;0,83
3488;0,410201724;0,197574987;0,033599763;0,033658997;0,43041;0,201795;0,032999725;0,03319875;0,000178503;0,013754;0,003271052;0,00478808;0,00469958;0,83
3489;0,534856026;0,577909184;0,174928737;0,042846079;0,568195;0,6117975;0,175105;0,04242075;0,000248625;0,06210925;0,06453125;0,05551275;0,057776;0,83
3490;0,622900698;0,768467566;0,098751375;0,050396996;0,67083;0,8429525;0,09908775;0,050013;0,000287727;0,08459;0,1859475;0,13942825;0,146635;0,83
3491;0,66604054;0,745734632;0,330180158;0,053796221;0,7272375;0,8309;0,3362225;0,05345;0,00015332;0,148595;0,341335;0,25616;0,294725;0,83
3492;0,679182829;0,412864855;0,426377961;0,055518829;0,746865;0,45003;0,44021;0,05518675;0,000153193;0,19104;0,6693925;0,4313125;0,4554075;0,83
3493;0,627986171;0,230878579;0,776006684;0,051826563;0,6891825;0,2389625;0,838375;0,05150275;1,39E-05;0,362075;0,9816625;0,757515;0,8517275;0,83
3494;0,556849737;0,275441487;0,723061895;0,046288646;0,605685;0,279975;0,800455;0,04594875;0;0,2572425;0,68187;0,5581975;0,6055025;0,83
3495;0,453346382;0,242343048;0,588655619;0,038118419;0,487595;0,2464145;0,6466325;0,0377675;0;0,3788075;0,9648025;0,86226;0,9146525;0,83
3496;0,347950421;0,240729276;0,383469276;0,028014651;0,369645;0,24529;0,413075;0,02765875;0;0,5601025;0,9998375;0,984835;0,995715;0,83
3497;0,211894737;0,141047009;0,252017487;0,01734527;0,22247;0,1435555;0,2651675;0,017019;0;0,44918;0,9071575;0,7777375;0,87166;0,83
3498;0,071644982;0,041633945;0,066350984;0,007147908;0,073843;0,04183475;0,06806775;0,00688075;0;0,2836625;0,355245;0,344045;0,365935;0,83
3499;0,016222709;0,00319347;0,007732641;0,000981469;0,015773125;0,0031519;0,007556;0,000895308;0;0,25494;0,1938825;0,2386225;0,22673;0,83
3500;3,96E-05;0;0;0;3,86E-05;0;0;0;0;0,154115;0,06006875;0,1094425;0,096143;0,83
3501;0;0;0;0;0;0;0;0;0;0,083237;0,01864675;0,0404315;0,03160675;0,83
3502;0;0;0;0;0;0;0;0;0;0,042565;0,003337003;0,0150525;0,013459;0,83
3503;0;0;0;0;0;0;0;0;0;0,12997;0,060836;0,069966;0,068082;0,83
3504;0;0;0;0;0;0;0;0;0;0,1425575;0,07081975;0,082754;0,0616395;0,83
3505;0;0;0;0;0;0;0;0;0;0,0601095;0,02319675;0,03976;0,01699975;0,83
3506;0;0;0;0;0;0;0;0;0;0,038689;0,012131;0,038689;0,012131;0,83
3507;0;0;0;0;0;0;0;0;0;0,041494;0,013754;0,038689;0,01788525;0,83
3508;0;0;0;0;0;0;0;0;0;0,1215185;0,06593425;0,07234975;0,038689;0,83
3509;0,043581209;0,018122972;0,033484425;0,017963376;0,04319;0,017684875;0,0329395;0,017585075;0;0,15705;0,10029025;0,148595;0,044809;0,83
3510;0,137214363;0,049785391;0,106563308;0,024227514;0,13961025;0,04909875;0,10635725;0,02377925;0;0,15705;0,15705;0,15705;0,08459;0,83
3511;0,306922303;0,107644934;0,186669632;0,023074374;0,320675;0,1072805;0,188045;0,02267375;0;0,15705;0,11840525;0,15705;0,08459;0,83
3512;0,4786365;0,145610211;0,29541979;0,079050221;0,50883;0,1459675;0,3013375;0,07862175;5,32E-05;0,15705;0,08459;0,0971485;0,08459;0,83
3513;0,615409737;0,176958592;0,312874619;0,132216296;0,664525;0,1779825;0,3205325;0,13258875;0,00015335;0,15705;0,13772825;0,15536;0,1425575;0,83
3514;0,692269737;0,181873105;0,314179697;0,201384276;0,75819;0,183165;0,32096;0,2033775;0,000218156;0,15705;0,11840525;0,1541525;0,18594;0,83
3515;0,708836052;0,195771474;0,400065209;0,210322382;0,783535;0,1973025;0,40956275;0,21305;0,000171049;0,128066;0,060955;0,08990375;0,168945;0,83
3516;0,693697618;0,189407408;0,411518842;0,385737513;0,7693875;0,190995;0,425675;0,39657;0,000156893;0,2980325;0,2400275;0,23198;0,46001;0,83
3517;0,661814684;0,172997605;0,362426684;0,330815842;0,733015;0,17431;0,3749325;0,341575;0;0,4079325;0,5055775;0,4650075;0,833825;0,83
3518;0,603351;0,198694658;0,356264882;0,299527658;0,6637825;0,200435;0,36778;0,30729;3,99E-05;0,5601025;0,7389825;0,56066;0,963725;0,83
3519;0,495330434;0,163353987;0,257834961;0,234789;0,5385175;0,164755;0,264845;0,2399625;0;0,415735;0,427465;0,3888525;0,8068025;0,83
3520;0,368754632;0,119930013;0,233585053;0,162764053;0,3950275;0,1204275;0,2378425;0,165085;0;0,277325;0,2009025;0,237415;0,4614025;0,83
3521;0,208306974;0,095059591;0,15715125;0,116053544;0,21936;0,095086;0,159365;0,116919;0;0,06991725;0,018945378;0,042601;0,07159775;0,83
3522;0,066984261;0,052703037;0,064560473;0,056576858;0,06903175;0,052444;0,06486575;0,05667375;0;0,013754;0,0002459;0,003398905;0,00860115;0,83
3523;0,014637472;0,01621787;0,016863498;0,013964249;0,0142204;0,015994425;0,0165316;0,013792275;0;0,01965575;0,000868855;0,007114803;0,012131;0,83
3524;6,44E-05;0,000100773;4,54E-05;0;6,25E-05;9,71E-05;4,39E-05;0;0;0,038689;0,006557377;0,028951;0,012131;0,83
3525;0;0;0;0;0;0;0;0;0;0,0738795;0,012131;0,038689;0,012131;0,83
3526;0;0;0;0;0;0;0;0;0;0,0355905;0,00377053;0,0187705;0,0108305;0,83
3527;0;0;0;0;0;0;0;0;0;0,012131;0,000557375;0,004885253;0,001169407;0,83
3528;0;0;0;0;0;0;0;0;0;0,0355905;0,0091585;0,028951;0,0159999;0,83
3529;0;0;0;0;0;0;0;0;0;0,02629525;0,00469958;0,01554825;0,01168525;0,83
3530;0;0;0;0;0;0;0;0;0;0,007114803;0,000327868;0,001664858;0,001128953;0,83
3531;0;0;0;0;0;0;0;0;0;0,00098361;0;0,000508198;3,06E-05;0,83
3532;0;0;0;0;0;0;0;0;0;0,00469958;0,00036502;0,001664857;0,002625153;0,83
3533;0,03964406;0,036810209;0,0315858;0,04006496;0,03929475;0,03628875;0,03114725;0,03966625;0;0,045175;0,036682925;0,034827;0,038011;0,83
3534;0,142905182;0,126423624;0,131295036;0,122362228;0,1453105;0,12740475;0,13316425;0,12287925;0;0,1417525;0,191725;0,1653725;0,1804;0,83
3535;0,296862118;0,284485539;0,311201132;0,239742039;0,309485;0,2944425;0,324495;0,244455;6,50E-05;0,066832;0,048679;0,062362;0,06083175;0,83
3536;0,461523592;0,444201198;0,488231961;0,308607829;0,490065;0,4687325;0,519085;0,3174625;0,000237457;0,038689;0,012131;0,038689;0,03337725;0,83
3537;0,593192092;0,506633092;0,62370975;0,367500119;0,639985;0,54085;0,6751675;0,3801875;0,000389539;0,038689;0,0099017;0,02363925;0,01319325;0,83
3538;0,667940368;0,568390776;0,700625132;0,427528934;0,7308025;0,6115075;0,77056;0,4453775;0,000504955;0,07234975;0,03160675;0,046339;0,03806925;0,83
3539;0,713309921;0,450074053;0,731877197;0,48957075;0,78805;0,479715;0,8139375;0,5148525;0,000575578;0,05016425;0,01832475;0,0342625;0,0307215;0,83
3540;0,682580368;0,525041448;0,725975448;0,578995145;0,757385;0,55648;0,8116425;0,619075;0,000597694;0,01699975;0,001046985;0,007114803;0,007114803;0,83
3541;0,668171526;0,429462474;0,685910487;0,547552856;0,7407275;0,454155;0,7657525;0,5890625;0,000560355;0,002915855;1,64E-05;0,00098361;0,00098361;0,83
3542;0,582175974;0,385568961;0,614070948;0,490842119;0,640605;0,4031725;0,6796875;0,5265675;0,00047882;0,011871;0,00093443;0,00990165;0,008043653;0,83
3543;0,487350671;0,363661934;0,506984645;0,372518171;0,529435;0,3795225;0,553105;0,395625;0,00035058;0,012131;0,00098361;0,012131;0,006743153;0,83
3544;0,36147075;0,291068724;0,3681045;0,301109645;0,387085;0,3035225;0,39447;0,315305;0,000193186;0,0110039;0,00097268;0,008786825;0,0100874;0,83
3545;0,213866803;0,191791224;0,201723789;0,199852855;0,2255775;0,1986;0,2121175;0,2079675;2,68E-05;0,000569775;6,01E-05;0,000409833;0,000426223;0,83
3546;0,061237338;0,068836895;0,060490891;0,070058179;0,0631605;0,07010375;0,062134;0,0718005;0;0;0;0;0;0,83
3547;0,017959692;0,024804856;0,013626469;0,017510403;0,01747;0,02435285;0,0131882;0,016817075;0;0;0;0;0;0,83
3548;7,37E-05;0,00046588;6,85E-05;0;7,17E-05;0,000452475;6,61E-05;0;0;0;0;0;0;0,83
3549;0;0;0;0;0;0;0;0;0;0;0;0;0;0,83
3550;0;0;0;0;0;0;0;0;0;0;0;0;0;0,83
3551;0;0;0;0;0;0;0;0;0;0;0;0;0;0,83
3552;0;0;0;0;0;0;0;0;0;0;0;0;0,00021312;0,83
3553;0;0;0;0;0;0;0;0;0;0;0;0;0;0,83
3554;0;0;0;0;0;0;0;0;0;0;0;0;0;0,83
3555;0;0;0;0;0;0;0;0;0;0;0;0;0;0,83
3556;0;0;0;0;0;0;0;0;0;0;0;0;0;0,83
3557;0,001205094;0,034849461;0,027254238;0,031352981;0;0,03442675;0,026816;0,030960575;0;0;0;0;0,000131148;0,83
3558;0,063966446;0,138882794;0,115185738;0,078750438;0,0617235;0,14060925;0,11533725;0,078329;0;0,000868855;0,000672125;0,000377048;0,00098361;0,83
3559;0,219648158;0,283743908;0,327584448;0,153475117;0,2231625;0,2940275;0,338085;0,15422625;4,93E-05;0,000770495;0,00034427;0,000213123;0,00098361;0,83
3560;0,124107951;0,434128973;0,542255487;0,186823737;0,1258145;0,45805;0,573955;0,1886175;0,000222051;0,007300553;0,00822945;0,00822945;0,0100874;0,83
3561;0,123171762;0,562257869;0,494181868;0,257808474;0,12371175;0,6016475;0,5265675;0,261735;0,000373852;0,012131;0,02009825;0,01295725;0,012131;0,83
3562;0,408918316;0,634386355;0,522074921;0,286763408;0,42122;0,688045;0,55443;0,29254;0,000492476;0,012131;0,04710425;0,03786275;0,01965575;0,83
3563;0,446341816;0,674523553;0,40869679;0,258930553;0,4654775;0,73818;0,42946;0,2641625;0,000560619;0,009344225;0,034705;0,038689;0,012131;0,83
3564;0,316045816;0,662558724;0,352246106;0,261155448;0,3278025;0,72779;0,3633425;0,266095;0,000582795;0,012131;0,046339;0,038689;0,012131;0,83
3565;0,35182954;0,613899987;0,206638302;0,179549487;0,3612325;0,6735375;0,2107725;0,1822875;0,000548879;0,002915855;0,028951;0,038689;0,0099017;0,83
3566;0,253334605;0,560820355;0,210500566;0,148709171;0,259265;0,61085;0,212405;0,1500175;0,000466221;0,011871;0,06852475;0,0601095;0,012131;0,83
3567;0,205809987;0,471205737;0,199734869;0,080212271;0,20907;0,507505;0,2014725;0,08053175;0,000337908;0,0211365;0,1218475;0,10217575;0,0395685;0,83
3568;0,198571855;0,342874579;0,198586303;0,050134535;0,20143;0,3643725;0,2005655;0,0499275;0,000178994;0,10114275;0,4856275;0,318305;0,14897875;0,83
3569;0,023475023;0,201983842;0,141081201;0,034832846;0,023769425;0,2111775;0,14240975;0,034506;1,04E-05;0,0601095;0,25685;0,1926575;0,096143;0,83
3570;0,007919951;0,06430018;0,051342817;0,00847721;0,0076207;0,0657225;0,05146;0,008303825;0;0,0355905;0,0573835;0,06019;0,03160675;0,83
3571;0,001486754;0,019637826;0,012543398;0,00136217;0,001388348;0,0192375;0,01232255;0,001242612;0;0,012131;0,004914855;0,015672;0,012131;0,83
3572;0;0,000110982;5,01E-05;0;0;0,000107713;4,74E-05;0;0;0,015672;0,008426355;0,01699975;0,01611475;0,83
3573;0;0;0;0;0;0;0;0;0;0,07081975;0,11658975;0,07143175;0,10427275;0,83
3574;0;0;0;0;0;0;0;0;0;0,046237;0,043556;0,042667;0,05159225;0,83
3575;0;0;0;0;0;0;0;0;0;0,1012755;0,1071795;0,07693975;0,1201145;0,83
3576;0;0;0;0;0;0;0;0;0;0,04706575;0,03680325;0,07005475;0,0651825;0,83
3577;0;0;0;0;0;0;0;0;0;0,012131;0,003584703;0,02363925;0,019213;0,83
3578;0;0;0;0;0;0;0;0;0;0,028951;0,01157365;0,0355905;0,02673775;0,83
3579;0;0;0;0;0;0;0;0;0;0,03337725;0,0114498;0,03674125;0,03027875;0,83
3580;0;0;0;0;0;0;0;0;0;0,003584805;0,000517315;0,007477553;0,005814178;0,83
3581;0,036361907;0,036251096;0,02690454;0,042478393;0,035964025;0,035747;0,026423375;0,042057;0;0,00098361;0;0,003398905;0,00098361;0,83
3582;0,113531996;0,120079303;0,120439042;0,150050369;0,11374325;0,12041;0,120625;0,15252375;0;0,00098361;0,000540985;0,012131;0,0108305;0,83
3583;0,198928224;0,187668908;0,222368116;0,309640816;0,201365;0,18975;0,2258975;0,3225275;0;0,00098361;0,00098361;0,012131;0,012131;0,83
3584;0,253349053;0,307822855;0,538836276;0,485525487;0,25803;0,315035;0,56635;0,51442;3,91E-05;0,00098361;0,000131148;0,002469958;0,002469958;0,83
3585;0,283739092;0,283017928;0,563507566;0,609505579;0,28981;0,2893775;0,603555;0,65663;0,00014821;0,000737705;0;0,0002459;0,000327868;0,83
3586;0,378133382;0,385723066;0,663781934;0,66956329;0,3895825;0,3972575;0,7205575;0,732155;0,000159723;0,00098361;0;0,000622952;0;0,83
3587;0,429402276;0,40026675;0,578183684;0,715202526;0,445895;0,4153725;0,627;0,789435;0,000280742;0,004513705;0,000868855;0,00098361;0,000311475;0,83
3588;0,412238803;0,466498303;0,244553013;0,70895404;0,42889;0,4863025;0,25721;0,7857;0,000325085;0,02718025;0,01805465;0,0091585;0,008601025;0,83
3589;0,376464711;0,326286592;0,235362079;0,660374763;0,38917;0,3385;0,23902;0,7309975;0,000483118;0,040117;0,0601095;0,02673775;0,012131;0,83
3590;0,290406553;0,231971763;0,179260539;0,609050487;0,2988025;0,236885;0,180815;0,6695125;0,000443681;0,083162;0,107535;0,038689;0,0355905;0,83
3591;0,240912276;0,219212329;0,167071776;0,487131552;0,2456575;0,22204;0,1679275;0,5285375;0,000326237;0,148595;0,2289925;0,07051375;0,07586875;0,83
3592;0,270120039;0,216303592;0,281417882;0,348670381;0,276875;0,2193425;0,286405;0,3722875;0,000155386;0,09425;0,1128695;0,03976;0,03674325;0,83
3593;0,193212363;0,195574027;0,206505869;0,206511166;0,19873375;0,19944;0,2116425;0,2169365;1,68E-05;0,04706575;0,030089825;0,0294895;0,011164925;0,83
3594;0,069876624;0,075510857;0,011376243;0,061208444;0,07106075;0,076806;0,011563825;0,06259775;0;0,002956285;0,00033662;0,00067467;0,00036502;0,83
3595;0,025245091;0,026545836;0,001305539;0,017604865;0,024877;0,026084;0,001202608;0,0170231;0;0;0;0;0;0,83
3596;0,000482301;0,000532386;0;2,73E-05;0,00047365;0,0005202;0;2,65E-05;0;0;0;0;0;0,83
3597;0;0;0;0;0;0;0;0;0;0;0;0,000213123;0,000213123;0,83
3598;0;0;0;0;0;0;0;0;0;0,002629525;0,004588615;0,00682733;0,00614058;0,83
3599;0;0;0;0;0;0;0;0;0;0,093836;0,2272035;0,1773235;0,1860845;0,83
3600;0;0;0;0;0;0;0;0;0;0,085073;0,226725;0,14543;0,25902;0,83
3601;0;0;0;0;0;0;0;0;0;0,105233;0,28776;0,1791425;0,3038275;0,83
3602;0;0;0;0;0;0;0;0;0;0,3204;0,7795;0,46246;0,54115;0,83
3603;0;0;0;0;0;0;0;0;0;0,3446925;0,6827325;0,4904825;0,53279;0,83
3604;0,002593929;0;0;0,002005006;0,00222165;0;0;0,001625625;0;0,1295385;0,185555;0,162645;0,310545;0,83
3605;0,035843199;0,034466124;0,027403841;0,047222187;0,03514375;0,034054;0,02690925;0,04658925;0;0,294595;0,512885;0,3927425;0,6876825;0,83
3606;0,016332678;0,145092032;0,119731844;0,158131263;0,016098225;0,14694225;0,1199655;0,1611375;0;0,6675725;0,99261;0,919695;0,997585;0,83
3607;0,033475371;0,293488658;0,25917375;0,33645754;0,032939975;0,3048375;0,2655475;0,3525225;0;0,69836;0,98668;0,8836825;0,991585;0,83
3608;0,035908694;0,454738145;0,39382804;0,509322711;0,0355055;0,4805875;0,4098;0,54335;2,72E-05;0,42131;0,5341325;0,5296725;0,6302575;0,83
3609;0,045481761;0,567035132;0,494097592;0,641032145;0,04501975;0,608135;0,5203075;0,695325;5,05E-05;0,5216425;0,6021625;0,56066;0,56066;0,83
3610;0,234353171;0,650769671;0,620829908;0,718128118;0,2370225;0,70741;0,664725;0,7905975;6,13E-05;0,5077075;0,5146725;0,527215;0,4697275;0,83
3611;0,315605171;0,698554342;0,797436948;0,750095329;0,322265;0,7675;0,8781225;0,8343;8,83E-05;0,297105;0,15049425;0,25253;0,1312855;0,83
3612;0,518376395;0,685980316;0,767092658;0,743820355;0,54096;0,757665;0,85714;0,830935;0,000104095;0,25902;0,148595;0,25902;0,08459;0,83
3613;0,373736566;0,667307092;0,281593658;0,702818724;0,3914275;0,7364975;0,3075075;0,784005;9,30E-05;0,259915;0,1428975;0,2301275;0,08628075;0,83
3614;0,409496211;0,604032434;0,115407265;0,629353855;0,426055;0,662655;0,11787725;0,6967425;8,07E-05;0,398075;0,3212925;0,3798875;0,19834;0,83
3615;0,353690842;0,4952895;0,038418201;0,517367487;0,368255;0,53712;0,038238;0,5652725;4,29E-05;0,604855;0,6693925;0,639865;0,316285;0,83
3616;0,325193408;0,366269684;0,026456984;0,371921013;0,33831;0,3915925;0,025989;0,39983;1,96E-05;0,9156225;0,9866375;0,9773425;0,723545;0,83
3617;0,192431724;0,211367408;0,016619193;0,201747868;0,1997925;0,2223775;0,016220975;0,2129725;0;0,896805;0,9838;0,9086675;0,6742625;0,83
3618;0,074957522;0,072706863;0,006760357;0,060094311;0,0764995;0,0749;0,0064445;0,0618885;0;0,7431125;0,89142;0,746325;0,56066;0,83
3619;0,021800116;0,017753408;0,001237566;0,015624348;0,02145175;0,017342675;0,001137677;0,01498595;0;0,4742625;0,3823625;0,4717025;0,4463925;0,83
3620;0,00136819;0,00035124;0;4,62E-05;0,0013351;0,000340975;0;4,48E-05;0;0,39344;0,355355;0,392545;0,39344;0,83
3621;0;0;0;0;0;0;0;0;0;0,3939975;0,25554;0,2770925;0,3879775;0,83
3622;0;0;0;0;0;0;0;0;0;0,63223;0,59366;0,5537525;0,7725025;0,83
3623;0;0;0;0;0;0;0;0;0;0,76721;0,7545875;0,76721;0,93712;0,83
3624;0;0;0;0;0;0;0;0;0;0,899685;0,43798;0,56869;0,6685725;0,71
3625;0;0;0;0;0;0;0;0;0;0,624;0,1777075;0,33519;0,400635;0,71
3626;0;0;0;0;0;0;0;0;0;0,7952625;0,4205425;0,61328;0,6675725;0,71
3627;0;0;0;0;0;0;0;0;0;0,94;0,6211475;0,7431125;0,79983;0,71
3628;0;0;0;0;0;0;0;0;0;0,7819875;0,242185;0,354645;0,4769475;0,71
3629;0,045865579;0,041572303;0,034762295;0,040653209;0,04548325;0,04101225;0,034223;0,0402795;0;0,5654775;0,09425;0,19104;0,2769425;0,71
3630;0,161855554;0,130406763;0,133720026;0,068409494;0,16492325;0,131356;0,13432775;0,06798225;0;0,535425;0,12697825;0,1774875;0,2454225;0,71
3631;0,349132698;0,259457882;0,260784632;0,050418186;0,3651775;0,266475;0,2670275;0,050125;6,52E-06;0,1773475;0,010939927;0,02931675;0,06594425;0,71
3632;0,544896948;0,386440618;0,396809013;0,207117473;0,5816625;0,4025775;0,412815;0,2094725;4,06E-05;0,08459;0,000868855;0,012131;0,038689;0,71
3633;0,703090816;0,481964211;0,502874369;0,104705376;0,7658475;0,5069125;0,52978;0,106073;2,38E-05;0,1051205;0,00302733;0,0320495;0,07311475;0,71
3634;0,788392895;0,564632053;0,571980948;0,10343473;0,87123;0,60069;0,60983;0,1036565;0,000120757;0,1568075;0,0275935;0,07433875;0,1372425;0,71
3635;0,390572565;0,597261435;0,602578066;0,46843425;0,4254275;0,6428325;0,6476925;0,4859;0;0,09087;0,004914855;0,0353335;0,0713025;0,71
3636;0,348730579;0,618766342;0,607516658;0,543283658;0,3605075;0,6691475;0,6552875;0,5731875;0;0,08459;0,00632233;0,04557425;0,0890175;0,71
3637;0,290079079;0,582147079;0,569837921;0,497261566;0,296945;0,62984;0,6140425;0,5262325;0,000179194;0,1312055;0,0705245;0,13483025;0,217425;0,71
3638;0,237919263;0,526941277;0,516153908;0,489577974;0,242335;0,5674725;0,5532375;0,51738;0,000292932;0,08628075;0,0417105;0,0899025;0,170645;0,71
3639;0,215294684;0,430490645;0,425600211;0,594244342;0,21846;0,4588975;0,45138;0,635925;0,000181874;0,08459;0,01788525;0,05857925;0,11236425;0,71
3640;0,14911129;0,313529566;0,319344632;0,297579671;0,15079775;0,329355;0,3345725;0,3177225;0,000137127;0,08459;0,06852475;0,10995025;0,15705;0,71
3641;0,106113514;0,181694921;0,190842513;0,124191987;0,106655;0,1879575;0,1972275;0,1276;3,87E-06;0,08459;0,07311475;0,08459;0,15705;0,71
3642;0,043558093;0,073515916;0,074350733;0,010327678;0,043551525;0,07463925;0,075419;0,010343625;0;0,16559;0,12674;0,144075;0,198115;0,71
3643;0,01242192;0,02170941;0,021055475;0,000944656;0,0121993;0,0213939;0,020688725;0,00084482;0;0,416175;0,608785;0,422295;0,504015;0,71
3644;0,000101356;0,000191685;9,79E-05;0;9,75E-05;0,000187028;9,51E-05;0;0;0,3351925;0,3427475;0,25531;0,351925;0,71
3645;0;0;0;0;0;0;0;0;0;0,2318275;0,10318475;0,10942625;0,1697475;0,71
3646;0;0;0;0;0;0;0;0;0;0,0837825;0,008819645;0,016568275;0,03350275;0,71
3647;0;0;0;0;0;0;0;0;0;0,012513775;0;0,000229507;0,002469958;0,71
3648;0;0;0;0;0;0;0;0;0;0,012131;0;0;0,00098361;0,71
3649;0;0;0;0;0;0;0;0;0;0,008972775;0;0,000311475;0,002110758;0,71
3650;0;0;0;0;0;0;0;0;0;0,03160675;0,000868855;0,008601025;0,0205285;0,71
3651;0;0;0;0;0;0;0;0;0;0,03337725;0,00098361;0,012131;0,015672;0,71
3652;0;0,001918936;0;0;0;0,001555868;0;0;0;0,0593445;0,002469958;0,028951;0,05245925;0,71
3653;0,027645762;0,051339446;0,037287695;0,041283957;0,02724125;0,05046525;0,0367735;0,040875525;0;0,107535;0,02452475;0,08825125;0,11840525;0,71
3654;0,106185269;0,103744386;0,134507167;0,064430688;0,10629175;0,10364175;0,13600725;0,06399575;0;0,18764;0,07459375;0,1628175;0,21143;0,71
3655;0,17080016;0,188208036;0,296392579;0,06482775;0,172274;0,1901035;0,3075275;0,06454075;5,21E-05;0,0837825;0,011990853;0,040346;0,06782175;0,71
3656;0,138886887;0,394714145;0,469604487;0,077593685;0,1401105;0,4086275;0,496345;0,07733975;0,000254806;0,01788525;0,000131148;0,002469958;0,012308;0,71
3657;0,161223;0,52254446;0,602599737;0,092639175;0,16231775;0,5532625;0,64729;0,092508;0,000404069;0,012131;0,000540985;0,00098361;0,012131;0,71
3658;0,260681092;0,405279987;0,689163553;0,160719028;0,2642725;0,4275925;0,7509475;0,161621;0,00051446;0,02054075;0,00552558;0,008043653;0,01699975;0,71
3659;0,224423013;0,371906566;0,721429342;0,253960658;0,2281175;0,3855825;0,794;0,257265;0,000158616;0,05934425;0,05999725;0,03381975;0,05934425;0,71
3660;0,227324527;0,383820829;0,720037579;0,305036921;0,2305925;0,3963025;0,7959775;0,3113475;0,000105539;0,03381975;0,02413;0,0170678;0,03027875;0,71
3661;0,288381513;0,36171154;0,682508132;0,180912355;0,2936775;0,3733475;0,753795;0,1842125;9,42E-05;0,0110165;0,00180108;0,00095957;0,008415375;0,71
3662;0,413493316;0,245453084;0,596765408;0,16969879;0,427925;0,2508525;0,65459;0,1712775;6,94E-05;0,03054425;0,030152;0,010273275;0,0258525;0,71
3663;0,329050855;0,089267159;0,507386763;0,203474329;0,3413875;0,09038775;0,54986;0,205685;4,34E-05;0,0114505;0,00552558;0,002469958;0,007858;0,71
3664;0,285441715;0,077193494;0,373271842;0,153375671;0,29416;0,0768315;0,39839;0,1550225;3,01E-05;0,012131;0,0097779;0,003398878;0,012131;0,71
3665;0,181350592;0,018792728;0,214391724;0,086728515;0,185765;0,018529575;0,225115;0,08707425;0;0,012131;0,001664858;0,00098361;0,012131;0,71
3666;0,078866258;0,007451616;0,067156907;0,042076275;0,07973825;0,007141975;0,0689755;0,0418985;0;0,00960105;0,002499458;0,002110758;0,01275075;0,71
3667;0,025261946;0,001308884;0,018386925;0,011524858;0,02495075;0,001205363;0,01790135;0,0113449;0;0,08180975;0,10722425;0,06626575;0,092512;0,71
3668;0,000965831;0;0,000142343;5,99E-05;0,000949525;0;0,000138105;5,63E-05;0;0,3165725;0,6386425;0,4288375;0,43325;0,71
3669;0;0;0;0;0;0;0;0;0;0,3643175;0,594625;0,4279975;0,5104925;0,71
3670;0;0;0;0;0;0;0;0;0;0,475935;0,8610025;0,590525;0,6866525;0,71
3671;0;0;0;0;0;0;0;0;0;0,394555;0,6128725;0,5355725;0,5654775;0,71
3672;0;0;0;0;0;0;0;0;0;0,5077075;0,691475;0,65705;0,7121275;0,71
3673;0;0;0;0;0;0;0;0;0;0,56066;0,5842975;0,7018;0,746325;0,71
3674;0;0;0;0;0;0;0;0;0;0,416775;0,33871;0,37929;0,4879775;0,71
3675;0;0;0;0;0;0;0;0;0;0,206335;0,116118;0,1791425;0,2281825;0,71
3676;0;0;0;0;0;0;0;0;0;0,2471225;0,041188;0,15875;0,19104;0,71
3677;0,025810826;0,034850038;0,03876542;0,033313705;0,02542095;0,034356825;0,03823825;0,03291675;0;0,34191;0,1133545;0,26512;0,37059;0,71
3678;0,066845566;0,051938049;0,136156816;0,10192787;0,06638275;0,05132175;0,1376;0,10181325;0;0,243645;0,0637325;0,1961375;0,28198;0,71
3679;0,080552747;0,049222907;0,294788921;0,203717526;0,08029725;0,04872925;0,306165;0,20614;0;0,5710375;0,3822975;0,481725;0,665305;0,71
3680;0,145354974;0,1783335;0,472662513;0,302886671;0,1458275;0,1789575;0,4999225;0,30972;0;0,3462825;0,15473175;0,2433725;0,365935;0,71
3681;0,142270461;0,200734145;0,600237592;0,299544513;0,1431635;0,2024175;0,6451275;0,3071775;3,26E-05;0,25902;0,109875;0,175745;0,264395;0,71
3682;0,053663065;0,356180605;0,684075671;0,378879829;0,05378375;0,3635075;0,745575;0,3898675;5,88E-05;0,38166;0,36519;0,3172675;0,4432575;0,71
3683;0,116702712;0,346765737;0,716184947;0,435910816;0,11681575;0,3571225;0,7882575;0,4534;8,94E-05;0,55397;0,82663;0,4965575;0,663935;0,71
3684;0,189566329;0,052098174;0,719300763;0,3316875;0,1911225;0,05334525;0,7952525;0,34389;7,68E-05;0,405575;0,466515;0,29525;0,433445;0,71
3685;0,259763684;0,401424948;0,678417118;0,305783369;0,2636275;0,41472;0,7494575;0,313855;5,71E-05;0,14846;0,09531675;0,07035775;0,1371875;0,71
3686;0,251588882;0,2597685;0,614316553;0,280418605;0,25602;0,26786;0,6744175;0,28685;3,90E-05;0,05322425;0,009020225;0,010778075;0,0268645;0,71
3687;0,211237382;0,254408526;0,503416145;0,209060645;0,2145425;0,258845;0,546355;0,21282;1,53E-05;0,0639345;0,01178425;0,012131;0,03786275;0,71
3688;0,179631355;0,245193513;0,374868277;0,170486171;0,18177;0,2496425;0,400705;0,17254;0;0,08459;0,028951;0,02009825;0,05245925;0,71
3689;0,106017197;0,1574715;0,215484908;0,095944974;0,106781;0,160075;0,22646;0,0965675;0;0,15132325;0,11834225;0,0703275;0,12871525;0,71
3690;0,040978757;0,084272463;0,068641615;0,032242192;0,040973;0,08472875;0,07051825;0,0321155;0;0,39213;0,587155;0,3851;0,4436125;0,71
3691;0,009135191;0,024429055;0,016075876;0,003117357;0,00895785;0,02410175;0,01564875;0,003072087;0;0,691475;0,9330625;0,732785;0,82694;0,71
3692;0,000159244;0,000689918;0,000221095;0;0,000145683;0,000673275;0,000214085;0;0;0,76721;0,97533;0,873765;0,92253;0,71
3693;0;0;0;0;0;0;0;0;0;0,598525;0,5321575;0,532295;0,6572425;0,71
3694;0;0;0;0;0;0;0;0;0;0,518855;0,252665;0,3665575;0,518855;0,71
3695;0;0;0;0;0;0;0;0;0;0,2926225;0,06083175;0,143628;0,238935;0,71
3696;0;0;0;0;0;0;0;0;0;0,2471225;0,0342625;0,1061735;0,1425575;0,71
3697;0;0;0;0;0;0;0;0;0;0,09714725;0,002431695;0,031601;0,03350275;0,71
3698;0;0;0;0;0;0;0;0;0;0,02452475;0;0,00302733;0,012131;0,71
3699;0;0;0;0;0;0;0;0;0;0,02540425;0,000740985;0,006275455;0,015672;0,71
3700;0,003150502;0,011462489;0;0;0,002804898;0,01109125;0;0;0;0,21471;0,072533;0,13981325;0,10724375;0,71
3701;0,040373652;0,048656088;0,03341267;0,002142776;0,03975425;0,0478925;0,03295675;0,001867505;0;0,4952475;0,36768;0,428685;0,3677025;0,71
3702;0,150806448;0,146495353;0,133761442;0,012717705;0,1534675;0,14884775;0,13508625;0,012222975;0;0,8426725;0,8710725;0,843715;0,7126325;0,71
3703;0,308162368;0,306551487;0,293296026;0,025075575;0,3212475;0,318885;0,3038975;0,024510025;2,78E-05;0,4934425;0,266755;0,396535;0,37131;0,71
3704;0,467914145;0,412640921;0,473842382;0,038398938;0,4951475;0,4329725;0,499685;0,037937;0,000215991;0,3892575;0,2301275;0,34628;0,3861225;0,71
3705;0,732522513;0,263871553;0,589211842;0,048395554;0,791875;0,272975;0,6301525;0,04797675;0,000269638;0,212215;0,0741575;0,122675;0,2037175;0,71
3706;0,678226895;0,633247421;0,669979855;0,264981592;0,7415175;0,6705925;0,72537;0,2686275;0,000277803;0,15705;0,07923475;0,08459;0,1791425;0,71
3707;0,241444662;0,76882875;0,69829429;0,28402804;0,2604205;0,84038;0,7626325;0,2893;0,000186276;0,1658875;0,0966665;0,08459;0,27261;0,71
3708;0,362864921;0,531135829;0,702484026;0,465366592;0,371825;0,5783925;0,7703875;0,4810775;0,000337028;0,25868;0,276095;0,1526025;0,4852625;0,71
3709;0,426149211;0,04690603;0,680921329;0,514410592;0,4407625;0,0494845;0,746595;0,540465;0,000269528;0,4028425;0,6067075;0,2911575;0,749565;0,71
3710;0,3152175;0,040337534;0,616960421;0,295838763;0,32569;0,039843;0,6731725;0,307765;0;0,76741;0,992715;0,7022525;0,9912525;0,71
3711;0,196698513;0,36284325;0,50985004;0,298687303;0,20082975;0,374285;0,5505275;0,3061275;0;0,9536875;1;0,94;1;0,71
3712;0,181938119;0,060250101;0,380004316;0,28155754;0,18391;0,06220475;0,40456;0,2894325;0;0,9473;1;0,944745;1;0,71
3713;0,183821815;0,018448712;0,219441079;0,165639079;0,186406;0,01820645;0,2301475;0,169773;0;0,99755;1;0,9980675;1;0,71
3714;0,063190382;0,006958768;0,072250086;0,063602132;0,06381975;0,00665915;0,07404775;0,0640195;0;1;1;1;1;0,71
3715;0,029926038;0,001258096;0,01907238;0,010867792;0,029638925;0,001159173;0,018600775;0,010740775;0;1;1;1;1;0,71
3716;0,000696363;0;0,000259523;8,77E-05;0,000685275;0;0,00025165;8,26E-05;0;0,9775525;0,821185;0,8744525;0,9353925;0,71
3717;0;0;0;0;0;0;0;0;0;0,7041875;0,2301075;0,4033325;0,5249625;0,71
3718;0;0;0;0;0;0;0;0;0;0,44695;0,05628425;0,22673;0,26262;0,71
3719;0;0;0;0;0;0;0;0;0;0,6564925;0,211475;0,3598325;0,4601975;0,71
3720;0;0;0;0;0;0;0;0;0;0,451745;0,16155225;0,3478775;0,3553175;0,71
3721;0;0;0;0;0;0;0;0;0;0,12348025;0,008458942;0,053857;0,06202975;0,71
3722;0;0;0;0;0;0;0;0;0;0,2019075;0,015278653;0,05903275;0,1340595;0,71
3723;0;0;0;0;0;0;0;0;0;0,3575925;0,1204645;0,1959225;0,3441525;0,71
3724;0;0;0;0,001890079;0;0;0;0,001543483;0;0,3973425;0,21985;0,3787425;0,40013;0,71
3725;0,035754829;0,031141544;0,040274929;0,046215446;0,03540425;0,03067525;0,039682;0,045532;0;0,55397;0,4998925;0,7155725;0,5567575;0,71
3726;0,138658619;0,064758403;0,113252199;0,14095575;0,1403475;0,06411775;0,11325725;0,14238;0;0,62951;0,567085;0,8046475;0,6054125;0,71
3727;0,299096645;0,137221105;0,250787053;0,275251263;0,310295;0,1371225;0,256305;0,2834875;2,25E-05;0,8939225;0,8759775;0,9755875;0,879525;0,71
3728;0,458241632;0,226154289;0,359999526;0,410741092;0,4833925;0,2279175;0,37211;0,42914;0,00016898;0,9701125;0,949125;0,9774125;0,9555125;0,71
3729;0,564894513;0,310131786;0,428143911;0,523457053;0,6035625;0,31563725;0,444728;0,5535125;0,00029518;0,9958875;0,997115;0,995625;0,9965;0,71
3730;0,631547448;0,239832095;0,456137132;0,599837882;0,68166;0,24399125;0,47486;0,6415775;0,000386632;1;1;1;1;0,71
3731;0,658137829;0,243452605;0,474066316;0,617290303;0,715495;0,24664;0,4947925;0,666715;0,000443228;1;1;0,994675;1;0,71
3732;0,639606671;0,222641171;0,487155631;0,614749974;0,696005;0,225465;0,5091925;0,666395;0,000427531;0,971265;0,7366;0,5468425;0,9297575;0,71
3733;0,6550485;0,20573462;0,444167487;0,585689092;0,7130475;0,2078455;0,46427;0,63383;0,000417779;0,6417725;0,130049;0,122675;0,49236;0,71
3734;0,54580954;0,211581711;0,414035092;0,520473671;0,59112;0,213735;0,4313175;0,559945;0,000344385;0,531895;0,07685125;0,07617475;0,369905;0,71
3735;0,478742448;0,17537179;0,325723145;0,429527487;0,5126225;0,176955;0,3369125;0,45713;0,00025596;0,163683;0,00576605;0,00868305;0,089165;0,71
3736;0,355395632;0,122204992;0,260353618;0,310315026;0,3767275;0,122807;0,2669225;0,3258875;0,000139434;0,08459;1,64E-05;0,00016393;0,02363925;0,71
3737;0,208889685;0,034509466;0,153339794;0,190189974;0,21837;0,03434975;0,1557395;0,1972525;4,22E-06;0,10029025;0,00093443;0,005999978;0,0646995;0,71
3738;0,088024926;0,015927718;0,070900942;0,0732;0,090193;0,0155968;0,07109475;0,0744805;0;0,13862825;0,004513678;0,0218315;0,07693975;0,71
3739;0,021670571;0,002289658;0,021448804;0,019193811;0,02138545;0,002214083;0,021186625;0,018851;0;0,0256775;0,00018032;0,001408743;0,009912652;0,71
3740;0,00035856;0;0,000194597;0,000118346;0,000350675;0;0,000189715;0,000115358;0;0,012131;0;0,000540985;0,00098361;0,71
3741;0;0;0;0;0;0;0;0;0;0,012131;0;0,000262295;0,00098361;0,71
3742;0;0;0;0;0;0;0;0;0;0,012131;0;0,00098361;0,00098361;0,71
3743;0;0;0;0;0;0;0;0;0;0,008972775;0,000196718;0,00098361;0,002655755;0,71
3744;0;0;0;0;0;0;0;0;0;0,054716;0,024879775;0,0143715;0,0280655;0,71
3745;0;0;0;0;0;0;0;0;0;0,07081975;0,037361;0,0342625;0,038689;0,71
3746;0;0;0;0;0;0;0;0;0;0,03559025;0,005141953;0,01091925;0,0193015;0,71
3747;0;0;0;0;0;0;0;0;0;0,07642975;0,03097825;0,04021225;0,06456;0,71
3748;0;0,003105883;0;0,003429489;0;0,00275291;0;0,003053725;0;0,02831075;0,010838272;0,01026125;0,0174774;0,71
3749;0,033725214;0,041728334;0,041319715;0,048392424;0,03338975;0,0409945;0,040762;0,0476865;0;0,000838625;8,52E-05;3,93E-05;0,00034426;0,71
3750;0,147321983;0,138791053;0,139653079;0,177758013;0,149275;0,14077;0,141155;0,1811375;0;0;0;0;0;0,71
3751;0,302477329;0,311627329;0,318509092;0,336760934;0,314055;0,3249225;0,3313725;0,202755;6,67E-05;0,000672125;0;0;0,00047541;0,71
3752;0,464148198;0,486259895;0,501586145;0,491993092;0,49049;0,5163425;0,530295;0,388755;8,26E-05;0,00098361;0;7,21E-05;0,00098361;0,71
3753;0,60980175;0,623538789;0,360512407;0,459310737;0,6541175;0,6730075;0,3779;0,48711;9,55E-05;0,01313225;0,000868855;0,00580762;0,0143715;0,71
3754;0,678323211;0,713076355;0,392212342;0,463238013;0,73761;0,78078;0,405285;0,48613;0,000282758;0,03860025;0,008043653;0,028951;0,038689;0,71
3755;0,725806894;0,747964342;0,384297592;0,42433125;0,797535;0,8273575;0,3968;0,4433875;9,00E-05;0,05169425;0,002469958;0,038689;0,038689;0,71
3756;0,732450277;0,746430513;0,352925132;0,430139092;0,8090025;0,8296275;0,3620125;0,4477375;0,000186817;0,038689;0,00098361;0,028951;0,038689;0,71
3757;0,697097566;0,709784763;0,278772087;0,358525895;0,769725;0,787985;0,284538;0,3707375;0,000113241;0,063773;0,006275455;0,04871475;0,06006775;0,71
3758;0,630430184;0,639929329;0,27866325;0,317844513;0,69214;0,705675;0,2827975;0,3264725;0;0,21824;0,11267125;0,2109025;0,3075925;0,71
3759;0,532202527;0,5348175;0,275485311;0,316350414;0,577725;0,5827875;0,27983375;0,32463825;0,00012418;0,25902;0,18424;0,294865;0,39344;0,71
3760;0,389315644;0,391280487;0,139082408;0,226633461;0,4166675;0,4196975;0,140794;0,2321325;5,30E-05;0,25902;0,1244425;0,25902;0,32175;0,71
3761;0,22647454;0,225920724;0,075598504;0,133579887;0,23868;0,2381925;0,075471;0,13559375;0;0,25902;0,109875;0,25902;0,297105;0,71
3762;0,075476905;0,073554924;0,010614867;0,048235911;0,077914;0,075931;0,0104855;0,0483455;0;0,25902;0,3132775;0,32623;0,3929925;0,71
3763;0,020326316;0,020015625;0,001156965;0,014059938;0,01996125;0,01965875;0,001061692;0,013933375;0;0,163885;0,17452075;0,157212;0,21852;0,71
3764;0,000659681;0,000767649;0;8,12E-05;0,000645213;0,000747163;0;7,78E-05;0;0,02828025;0,01123501;0,01598915;0,0284315;0,71
3765;0;0;0;0;0;0;0;0;0;0,03027875;0,006185753;0,015672;0,03160675;0,71
3766;0;0;0;0;0;0;0;0;0;0,0608745;0,03337725;0,038689;0,038689;0,71
3767;0;0;0;0;0;0;0;0;0;0,07081975;0,03027875;0,03381975;0,038689;0,71
3768;0;0;0;0;0;0;0;0;0;0,0351475;0,003101652;0,007300525;0,015672;0,71
3769;0;0;0;0;0;0;0;0;0;0,05398925;0,0143748;0,012131;0,03054425;0,71
3770;0;0;0;0;0;0;0;0;0;0,02009825;0,001539893;0,005256805;0,012404;0,71
3771;0;0;0;0;0;0;0;0;0;0,006185753;0;0,000491803;0,001330433;0,71
3772;0;0;0;0;0;0;0;0;0;0,00098361;0;0;0,000868855;0,71
3773;0,037664506;0,034608671;0,049856424;0,012063962;0,0373098;0,0341615;0,049208;0,01169645;0;0,00098361;0;0;0;0,71
3774;0,135464065;0,135076635;0,162240336;0,010976653;0,136852;0,136101;0,164248;0,010600525;0;0,008601025;0,000327868;0,000213123;0,000943177;0,71
3775;0,276464842;0,268109447;0,304446987;0,039148275;0,2849925;0,2754825;0,31469;0,0385845;0;0,03718575;0,023209525;0,0109147;0,01795305;0,71
3776;0,419850158;0,402804671;0,296199947;0,12203957;0,4394425;0,42047;0,3058975;0,12208975;0;0,082856;0,10548025;0,04324925;0,08154975;0,71
3777;0,528378789;0,510338842;0,316671869;0,157237934;0,5597875;0,53948;0,324485;0,1581575;6,62E-05;0,02418225;0,012453453;0,012885425;0,0228545;0,71
3778;0,585010066;0,576488526;0,524754908;0,182597882;0,62517;0,6158325;0,546935;0,184105;0,000197876;0,0355905;0,0091585;0,03160675;0,0610765;0,71
3779;0,593093369;0,611154987;0,30255679;0,263498329;0,63644;0,65882;0,31554;0,2673725;0,00026482;0,0639345;0,028951;0,0639345;0,12081925;0,71
3780;0,501894355;0,628862645;0,422857619;0,287806026;0,5334675;0,6810575;0,4355275;0,2932275;0,00028545;0,08459;0,038689;0,11961325;0,15705;0,71
3781;0,5093805;0,594217855;0,336257684;0,220914711;0,5386925;0,6435975;0,346995;0,2247125;0,000313125;0,07540975;0,0355905;0,134103;0,15705;0,71
3782;0,503967553;0,52983075;0,132701005;0,24178875;0,5344075;0,5705925;0,13439325;0,2454625;0,000226565;0,03027875;0,005108203;0,0601095;0,1023005;0,71
3783;0,3920775;0,440798842;0,334593829;0,188297369;0,413275;0,469865;0,341225;0,1909475;0,000107795;0,0639345;0,03201225;0,13531275;0,217425;0,71
3784;0,308769158;0,32391;0,24605554;0,123739303;0,3218275;0,3406125;0,25264725;0,12476;4,21E-05;0,08459;0,04863425;0,1808425;0,238625;0,71
3785;0,198030079;0,196481803;0,040063516;0,095093542;0,20454;0,2036275;0,04054525;0,09533675;3,57E-06;0,14328;0,173055;0,3032075;0,3475025;0,71
3786;0,084243087;0,079555638;0,010511472;0,046644533;0,085589;0,08091975;0,010284925;0,046512;0;0,0525245;0,025936303;0,0586725;0,0881025;0,71
3787;0,027635167;0,02524172;0,00157053;0,020900406;0,02744575;0,0249115;0,00146102;0,020632525;0;0,013636;0,00080328;0,007300525;0,01275075;0,71
3788;0,000346114;0,000375388;0;0,000496026;0,00034005;0,000367098;0;0,00048365;0;0,05813675;0,012142025;0,02718025;0,0417105;0,71
3789;0;0;0;0;0;0;0;0;0;0,08459;0,038689;0,038689;0,083162;0,71
3790;0;0;0;0;0;0;0;0;0;0,08459;0,02850825;0,034705;0,040882;0,71
3791;0;0;0;0;0;0;0;0;0;0,08459;0,07183975;0,05016425;0,082295;0,71
3792;0;0;0;0;0;0;0;0;0;0,04135;0,015963428;0,03638725;0,06155075;0,71
3793;0;0;0;0;0;0;0;0;0;0,005256805;0,00018032;0,00478808;0,011645975;0,71
3794;0;0;0;0;0;0;0;0;0;0,00098361;0;0,000131148;0,00098361;0,71
3795;0;0;0;0;0;0;0;0;0;0,00098361;0;0;0,00098361;0,71
3796;0;0,004184451;0;0,002890714;0;0,00378502;0;0,00249189;0;0,00098361;0;0,000295083;0,00098361;0,71
3797;0,022918944;0,041643576;0,03476309;0,045441549;0,02252345;0,0408275;0,034242575;0,04475725;0;0,00469958;0,00036502;0,007808753;0,0143715;0,71
3798;0,05447308;0,140336921;0,107264728;0,127403155;0,05396775;0,141437;0,10689475;0,1283375;0;0,03160675;0,026656925;0,06746425;0,10407125;0,71
3799;0,097587158;0,231557605;0,097233679;0,267242605;0,09747225;0,2363775;0,097082;0,274275;2,91E-05;0,05475425;0,038689;0,084284;0,151735;0,71
3800;0,135022697;0,348906355;0,19842377;0,377256908;0,13543;0,36029;0,19921875;0,391565;0,00019881;0,038689;0,0223115;0,0389565;0,0651825;0,71
3801;0,191858645;0,359156763;0,343897934;0,486021513;0,1933175;0,3712475;0,3495675;0,50957;0,000350713;0,02673775;0,002915855;0,012131;0,0258525;0,71
3802;0,217714619;0,173414171;0,505542316;0,559012027;0,2202325;0,1776525;0,5266625;0,5925875;0,000466459;0,05857925;0,0158545;0,02408175;0,038689;0,71
3803;0,231629842;0,179864921;0,580184645;0,557974224;0,2348675;0,181005;0,613055;0,593575;0,000532978;0,038689;0,004402253;0,006161;0,015672;0,71
3804;0,220392197;0,157129579;0,58723496;0,533423329;0,2233625;0,157935;0,625315;0,5665375;0,000550713;0,05169425;0,01674;0,01178425;0,01832775;0,71
3805;0,236513053;0,170187592;0,605657763;0,518802592;0,2396425;0,171025;0,64847;0,548685;0,000516806;0,03851175;0,006928927;0,006185753;0,01168525;0,71
3806;0,248593461;0,344912621;0,481159974;0,457191789;0,2523925;0,35043475;0,5124075;0,480855;0,000435686;0,0140785;0,00037705;0,000262295;0,001243708;0,71
3807;0,199792658;0,338564448;0,340276461;0,390093395;0,20257;0,3482525;0,3558;0,4080275;0,000311844;0,005256805;0;0;0,000131148;0,71
3808;0,16907996;0,053161018;0,238783697;0,27757729;0,170765;0,05463875;0,2443175;0,2877375;0,000155125;0,00098361;0;0;0;0,71
3809;0,105399091;0,019172621;0,206188027;0,170259829;0,10601875;0,01885695;0,2101075;0,1739075;0;0,000737705;0;0;0;0,71
3810;0,046129725;0,007638589;0,083363001;0,076497371;0,0460435;0,007300525;0,084443;0,07720775;0;0;0;0;0;0,71
3811;0,016514739;0,002088396;0,025814799;0,019899564;0,01628115;0,001947765;0,02537;0,019694;0;0;0;0;0;0,71
3812;0,000302721;0;0,001576738;0,000169463;0,000293225;0;0,00153354;0,000165795;0;0;0;0;0;0,71
3813;0;0;0;0;0;0;0;0;0;0;0;0;0;0,71
3814;0;0;0;0;0;0;0;0;0;0;0;0;0;0,71
3815;0;0;0;0;0;0;0;0;0;0;0;0;0;0,71
3816;0;0;0;0;0;0;0;0;0;0;0;0;0,000131148;0,71
3817;0;0;0;0;0;0;0;0;0;0;0;0;0,00098361;0,71
3818;0;0;0;0;0;0;0;0;0;0,000508198;0;0;0,00098361;0,71
3819;0;0;0;0;0;0;0;0;0;0;0;0;0,000672132;0,71
3820;0;0,002867955;0;0;0;0,002546885;0;0;0;0,000868855;0,000812028;0,000540985;0,007486428;0,71
3821;0,001224634;0,039196192;0,042246273;0,04437124;0;0,03836875;0,04161225;0,04398375;0;0,007696903;0,0157398;0,0091585;0,0355905;0,71
3822;0,009106369;0,139816816;0,118386553;0,145400242;0,007502025;0,14148225;0,1187;0,14644025;0;0,001330433;0,009344225;0,008601025;0,038689;0,71
3823;0,057714829;0,287288329;0,235761789;0,253787289;0,05711775;0,2977875;0,2394375;0,258795;2,41E-05;0,009344225;0,015672;0,01257375;0,038689;0,71
3824;0,099479281;0,456243079;0,344991118;0,300835145;0,099348;0,48139;0,35415;0,30882;0,000185963;0,028951;0,038689;0,037361;0,07311475;0,71
3825;0,106421724;0,586577605;0,465027079;0,358590908;0,106608;0,6283775;0,484555;0,369305;0,000332361;0,0320495;0,03600375;0,037361;0,0543365;0,71
3826;0,103869596;0,658219697;0,527367474;0,322849082;0,1040745;0,7140225;0,555565;0,33217625;0,000445326;0,00377053;0,002160658;0,004191127;0,004679858;0,71
3827;0,226436013;0,686103119;0,508691842;0,429932013;0,228685;0,7500525;0,536465;0,4436825;0,000511907;0,001429508;0,00016393;0,0004153;0,000196718;0,71
3828;0,244492816;0,684790816;0,487897263;0,417680645;0,247985;0,75106;0,5121375;0,4335875;0,000528049;0,03513375;0,04902925;0,0467125;0,021645025;0,71
3829;0,295918223;0,659991908;0,468407763;0,488932658;0,30133;0,72281;0,489625;0,51144;0,000499101;0,1280675;0,2829475;0,2146525;0,09209225;0,71
3830;0,314203776;0,601155;0,45156454;0,444584053;0,321155;0,6547325;0,4719475;0,4664025;0,000426459;0,09425;0,14725;0,12199325;0,0639345;0,71
3831;0,284868395;0,488776144;0,397476;0,375017566;0,291805;0,52723;0,415255;0,3915575;0,000307555;0,08459;0,1063275;0,09087;0,038689;0,71
3832;0,211203671;0,367083553;0,304991171;0,354167605;0,21551;0,3909425;0,31694;0,36997;0,000158703;0,113125;0,23821;0,1896375;0,08651275;0,71
3833;0,149024605;0,220616132;0,185236934;0,213727145;0,1507825;0,2313475;0,19081075;0,22311;0;0,34098;0,848465;0,5128975;0,3338425;0,71
3834;0,083420069;0,079057926;0,06849377;0,073705176;0,08376925;0,081101;0,06913525;0,07539675;0;0,2769425;0,5321575;0,3274875;0,294865;0,71
3835;0,0285663;0,022648899;0,020938956;0,021013457;0,028352;0,02233225;0,0206648;0,02041275;0;0,170645;0,32175;0,2471225;0,25902;0,71
3836;0,001029623;0,000817755;0,000279954;0,001182584;0,001010348;0,000797933;0,000273675;0,001153225;0;0,15705;0,25902;0,15705;0,25902;0,71
3837;0;0;0;0;0;0;0;0;0;0,190775;0,325085;0,24011;0,325575;0,71
3838;0;0;0;0;0;0;0;0;0;0,4995425;0,93947;0,7281925;0,83358;0,71
3839;0;0;0;0;0;0;0;0;0;0,463115;0,867505;0,60918;0,877585;0,71
3840;0;0;0;0;0;0;0;0;0;0,2769425;0,3464325;0,2859025;0,5103925;0,71
3841;0;0;0;0;0;0;0;0;0;0,3777575;0,62067;0,3710375;0,7391725;0,71
3842;0;0;0;0;0;0;0;0;0;0,54115;0,5882;0,42967;0,6531475;0,71
3843;0;0;0;0;0;0;0;0;0;0,5300025;0,55044;0,54115;0,760785;0,71
3844;0;0,003021058;0,00367476;0,004572828;0;0,00267827;0,003365815;0,00420749;0;0,3351925;0,2942475;0,3002375;0,607095;0,71
3845;0,021698599;0,038496699;0,047807305;0,043442274;0,02131015;0,03777975;0,04685175;0,04283625;0;0,1808425;0,0697695;0,105233;0,32023;0,71
3846;0,057796698;0,140304655;0,155066013;0,166007487;0,05728425;0,14191675;0,157115;0,1691525;0;0,23091;0,101429;0,12845075;0,4139875;0,71
3847;0,094369007;0,29074125;0,324644408;0,32185125;0,09425;0,3014925;0,3380725;0,33589;2,21E-05;0,4742425;0,4986575;0,4062725;0,8283825;0,71
3848;0,137266855;0,448513737;0,491600605;0,495436382;0,13776;0,472925;0,521145;0,52663;0,000143675;0,8134525;0,918895;0,79304;0,9593725;0,71
3849;0,184620513;0,572077263;0,589084224;0,611858092;0,186025;0,6119675;0,6325275;0,6603625;0,000238651;0,995165;1;0,9993275;0,9998775;0,71
3850;0,199898605;0,652739329;0,75433804;0,689267092;0,20189;0,70759;0,8238225;0,7535775;0,000373518;0,9988625;0,9998375;0,9986725;0,9922775;0,71
3851;0,201049579;0,688792737;0,261873;0,724022645;0,203145;0,753985;0,2827025;0,79863;0,000370009;0,9609875;0,7579325;0,8288225;0,70832;0,71
3852;0,203339487;0,693266605;0,328082882;0,728246092;0,2055;0,7626725;0,33504;0,806815;0,000407471;0,914995;0,666805;0,79031;0,6220625;0,71
3853;0,188723566;0,655481921;0,35945462;0,707511711;0,19065;0,7205875;0,36792125;0,78323;0,000404719;0,99471;0,9983525;0,99226;0,95965;0,71
3854;0,181446908;0,599182934;0,289087026;0,641005658;0,1831625;0,654795;0,295385;0,7058025;0,000329516;0,9311525;0,6618875;0,75712;0,6178375;0,71
3855;0,180476527;0,50211829;0,209330329;0,531494605;0,1821575;0,5432925;0,21215;0,579085;0,000223476;0,4934425;0,106393;0,2433725;0,214585;0,71
3856;0,129123596;0,379014671;0,171495079;0,382891382;0,1301015;0,4043425;0,1726625;0,410715;0,000119922;0,256465;0,029279;0,10032725;0,095819;0,71
3857;0,094688293;0,220067132;0,118443379;0,218648882;0,094898;0,2309825;0,1188935;0,230635;3,48E-06;0,064377;0,000530053;0,00987225;0,0135139;0,71
3858;0,047108293;0,084591991;0,061286459;0,072173274;0,0469655;0,0870305;0,06104875;0,074344;0;0,093083;0,006495883;0,0234138;0,0426805;0,71
3859;0,016062175;0,021620487;0,016861235;0,019763278;0,01584055;0,0213128;0,0166226;0,0192035;0;0,3165725;0,1787175;0,1981275;0,2984825;0,71
3860;0,000424543;0,001001;0,000242943;0,000409005;0,000410423;0,000975987;0,000234513;0,00039845;0;0,32175;0,25902;0,25902;0,39344;0,71
3861;0;0;0;0;0;0;0;0;0;0,297105;0,25902;0,25902;0,40013;0,71
3862;0;0;0;0;0;0;0;0;0;0,39344;0,3575925;0,32175;0,5567575;0,71
3863;0;0;0;0;0;0;0;0;0;0,3777575;0,3018475;0,3412925;0,54115;0,71
3864;0;0;0;0;0;0;0;0;0;0,153407;0,036092975;0,0779435;0,2189025;0,71
3865;0;0;0;0;0;0;0;0;0;0,035142;0,000311475;0,00478808;0,04706575;0,71
3866;0;0;0;0;0;0;0;0;0;0,03674125;0;0,00098361;0,012131;0,71
3867;0;0;0;0;0;0;0;0;0;0,01218425;0;0,000737705;0,0108305;0,71
3868;0;0,001826309;0,001835005;0,003967816;0;0,001482785;0,00148333;0,003651833;0;0,001664858;0;0;0,00098361;0,71
3869;0,027268011;0,040789737;0,03732285;0,0432978;0,0268672;0,0399385;0,036534;0,04263475;0;0,00098361;0;0;0,00098361;0,71
3870;0,065647638;0,135437337;0,140214359;0,158827145;0,0651635;0,13623275;0,1419095;0,16149125;0;0,000131148;0;0;0,000213123;0,71
3871;0,097596308;0,254974382;0,311930724;0,314239895;0,097515;0,26128;0,3247525;0,3273425;7,22E-05;0,000986883;0;9,95E-05;0,002224053;0,71
3872;0,157045303;0,381355145;0,493086276;0,473642527;0,157765;0,39644;0,5232375;0,50183;0,000133717;0,0282485;0,005513623;0,0089715;0,0307215;0,71
3873;0,205268211;0,489457579;0,617112118;0,599551342;0,20735;0,5153125;0,666205;0,64525;0,000259163;0,03851175;0,008601025;0,012131;0,034705;0,71
3874;0,299855132;0,544184211;0,688092039;0,663069198;0,305115;0,578955;0,7521225;0,7236875;0,000137658;0,0140785;0,000311475;0,002469958;0,005442603;0,71
3875;0,309402434;0,584114329;0,426541697;0,717126435;0,3162325;0,6271675;0,45927;0,79094;0,000202917;0,01970675;0,002841485;0,005390205;0,003956355;0,71
3876;0,416991987;0,557865869;0,461290026;0,7196475;0,4294775;0,600585;0,4824525;0,798215;0,000123201;0,1185945;0,107251;0,098418;0,05644825;0,71
3877;0,294143605;0,546654711;0,438619697;0,665886434;0,302605;0,5870575;0,4580075;0,7372825;3,00E-05;0,15705;0,15705;0,15705;0,08459;0,71
3878;0,269005184;0,492989961;0,393912316;0,603430461;0,2745125;0,52679;0,4095625;0,6621325;8,93E-05;0,143765;0,11503925;0,1318255;0,0561955;0,71
3879;0,184386948;0,396252789;0,327519434;0,495768671;0,1871825;0,41896;0,3383725;0,5375325;8,43E-05;0,04859575;0,014316928;0,02547225;0,01146025;0,71
3880;0,146877004;0,288492276;0,239188705;0,367023356;0,148242;0,3011;0,2444245;0,3924375;1,90E-05;0,012131;0,000213123;0,001243708;0,00098361;0,71
3881;0,103813492;0,188275697;0,162678091;0,218576645;0,10429025;0,19416;0,164996;0,2302025;0;0,01832775;0,00240985;0,00478808;0,006460153;0,71
3882;0,062532304;0,077225037;0,074505561;0,068413587;0,062487;0,07828725;0,0747085;0,07044725;0;0,07371825;0,07653625;0,05599575;0,06376525;0,71
3883;0,026994185;0,029627218;0,025024359;0,022054125;0,026757;0,0293705;0,024754675;0,02146465;0;0,15536;0,29417;0,1636325;0,213345;0,71
3884;0,000998482;0,000463657;0,000328345;0,000606525;0,00097935;0,000454808;0,000320875;0,000592925;0;0,11599;0,150606;0,1052005;0,16566;0,71
3885;0;0;0;0;0;0;0;0;0;0,22503;0,37922;0,26373;0,35198;0,71
3886;0;0;0;0;0;0;0;0;0;0,25902;0,39344;0,25902;0,39344;0,71
3887;0;0;0;0;0;0;0;0;0;0,25494;0,3609425;0,2437225;0,3777575;0,71
3888;0;0;0;0;0;0;0;0;0;0,1449375;0,10535075;0,0709775;0,1312855;0,71
3889;0;0;0;0;0;0;0;0;0;0,15705;0,08459;0,038689;0,08459;0,71
3890;0;0;0;0;0;0;0;0;0;0,11611025;0,05742425;0,06272675;0,102823;0,71
3891;0;0;0;0;0;0;0;0;0;0,02219125;0,002160658;0,006213105;0,01912025;0,71
3892;0,004192744;0,003670366;0;0,00273275;0,003808683;0,0033198;0;0,002348627;0;0,012131;0,000540985;0,00098361;0,00098361;0,71
3893;0,039175966;0,043711236;0,036640284;0,031388112;0,0386445;0,0428355;0,0361056;0,03068725;0;0,012131;0,00098361;0,00098361;0,005256878;0,71
3894;0,15188085;0,136160187;0,140685584;0,057018948;0,15485625;0,13741825;0,1418375;0,05657475;0;0,012131;0,000131148;0,000131148;0,00098361;0,71
3895;0,337557947;0,278550079;0,342867355;0,17175754;0,3536175;0,287585;0,355215;0,17286;7,25E-05;0,01699975;0,002125678;0,001471403;0,004770455;0,71
3896;0,526214092;0,428350026;0,345677368;0,276240908;0,561965;0,4501175;0,3601075;0,2814675;0,000245366;0,10427325;0,0892345;0,0596325;0,07718;0,71
3897;0,665498763;0,556902711;0,500025829;0,142985605;0,7235575;0,5949125;0,5242075;0,1456875;0,000345034;0,05474775;0,023865275;0,035858;0,06310825;0,71
3898;0,749457237;0,629409237;0,270064658;0,235366895;0,827735;0,6818575;0,28209;0,2383575;0,000295486;0,005716877;0,000229507;0,003153;0,007383628;0,71
3899;0,786690513;0,618027118;0,378838895;0,279551763;0,8786775;0,67192;0,3886025;0,2846525;0;0,000327868;0;0;0,000491803;0,71
3900;0,785508237;0,588682105;0,241092868;0,242910829;0,88231;0,638615;0,246555;0,2474725;6,45E-06;0,000131148;0;0;0,000868855;0,71
3901;0,744629408;0,558450987;0,097119786;0,310331881;0,8354275;0,603725;0,0978705;0,3170075;9,28E-05;0,00098361;0;0,000540985;0,00098361;0,71
3902;0,669064855;0,499698355;0,207688145;0,268928132;0,7448975;0,5369925;0,208785;0,275315;0,000127429;0,000868855;0;0,000868855;0,00098361;0,71
3903;0,556519855;0,412048579;0,222915671;0,099195873;0,6113125;0,4380725;0,22508;0,10071225;0,000169405;0;0;0;0,00098361;0,71
3904;0,407673434;0,303758329;0,137530038;0,08513473;0,44009;0,3182275;0,1384735;0,085211;2,67E-05;0;0;0;0,00098361;0,71
3905;0,234367618;0,184300263;0,125603736;0,105005882;0,248275;0,190125;0,12576625;0,1051225;7,39E-06;0;0;0;0,00037705;0,71
3906;0,075428507;0,081757176;0,060051932;0,060078178;0,0780905;0,08279975;0,059976;0,06006275;0;0;0;0;0;0,71
3907;0,020391738;0,02358569;0,012441614;0,023615067;0,0201;0,023357625;0,012285655;0,02340875;0;0;0;0;0;0,71
3908;0,000684706;0,000722532;0,000172316;0,00059332;0,000668783;0,000708253;0,000162568;0,000580903;0;0;0;0;0;0,71
3909;0;0;0;0;0;0;0;0;0;0;0;0;0;0,71
3910;0;0;0;0;0;0;0;0;0;0;0;0;0;0,71
3911;0;0;0;0;0;0;0;0;0;0;0;0;0;0,71
3912;0;0;0;0;0;0;0;0;0;0;0;0;0;0,71
3913;0;0;0;0;0;0;0;0;0;0;0;0;0;0,71
3914;0;0;0;0;0;0;0;0;0;0;0,00057377;0,000131148;0,00047541;0,71
3915;0;0;0;0;0;0;0;0;0;0,00034427;0,000977053;0,000819673;0,000944265;0,71
3916;0,004526221;0,00445566;0,002500021;0,005246295;0,004166898;0,00408664;0,002135;0,004874903;0;0;7,21E-05;0;2,30E-05;0,71
3917;0,044975621;0,041266982;0,046275162;0,046593967;0,04436925;0,0405835;0,045415175;0,04596925;0;0;0;0;0;0,71
3918;0,149606594;0,140998852;0,113498526;0,154105263;0,152559;0,14306175;0,11322;0,1572;0;0;0;0;0;0,71
3919;0,330683408;0,300512487;0,216594947;0,331068671;0,3464775;0,313145;0,2190575;0,3471925;4,64E-05;0;0;0;0;0,71
3920;0,516895539;0,473579921;0,297545961;0,510473684;0,5521025;0,503;0,3041075;0,54552;0,000187576;0;0;0;0;0,71
3921;0,650283276;0,605132842;0,31945395;0,627039869;0,70707;0,65354;0,32765225;0,6825175;0,000305145;7,21E-05;0,000213123;0,000131148;0,000311475;0,71
3922;0,730750303;0,687085539;0,219083506;0,729170724;0,807195;0,7537825;0,22325;0,8049475;0,000399646;0,000977053;0,0081057;0,008043653;0,008601025;0,71
3923;0,762758448;0,72463425;0,198032487;0,37665975;0,852245;0,8040625;0,1997075;0,408485;0,000460444;0,00098361;0,001664858;0,00377053;0,0108305;0,71
3924;0,762556184;0,720998329;0,271945224;0,413806342;0,8571025;0,8044725;0,2752225;0,4306725;0,000475397;0,00098361;0,000131148;0,00098361;0,00098361;0,71
3925;0,724162303;0,686866421;0,400741105;0,377743303;0,8133925;0,7656925;0,4110425;0,3913775;0,00045808;0,000704918;6,01E-05;0,000756653;0,001949733;0,71
3926;0,65140054;0,621595619;0,423088777;0,336539408;0,7260325;0,687915;0,440195;0,347765;0,000400064;0,010273275;0,01080315;0,030286;0,030153;0,71
3927;0,544439448;0,520933579;0,446363487;0,266785587;0,5985075;0,5694325;0,4680675;0,27416475;0,000287165;0,004513705;0,001032783;0,008859128;0,01313225;0,71
3928;0,404095303;0,393642632;0,235542671;0,202857908;0,4366625;0,4235525;0,2449825;0,20673;0,00016785;0,00098361;0;0,00098361;0,00098361;0,71
3929;0,231097697;0,230298276;0,189412223;0,123904725;0,2451925;0,2433775;0,19332;0,1253245;3,08E-05;0,000672135;0;0,000216393;0,00098361;0,71
3930;0,074025667;0,087297742;0,072631978;0,063169192;0,076819;0,09028825;0,07346725;0,06350325;0;0,00098361;0,000491803;0,001327153;0,006371653;0,71
3931;0,018144932;0,02202092;0,030315636;0,020295182;0,017884;0,0217205;0,029929;0,02011475;0;0,00098361;0,0091585;0,01178425;0,012131;0,71
3932;0,00085926;0,00148283;0,001192558;0,000227626;0,00083917;0,001444575;0,001170298;0,000222193;0;0,00414208;0,013754;0,012131;0,012131;0,71
3933;0;0;0;0;0;0;0;0;0;0,01443275;0,07559425;0,03458475;0,03414225;0,71
3934;0;0;0;0;0;0;0;0;0;0,0485455;0,27731;0,105998;0,1045255;0,71
3935;0;0;0;0;0;0;0;0;0;0,1862875;0,9132775;0,34098;0,3412925;0,71
3936;0;0;0;0;0;0;0;0;0;0,1407725;0,739205;0,27108;0,3134725;0,71
3937;0;0;0;0;0;0;0;0;0;0,0278345;0,0822068;0,0383339;0,04755425;0,71
3938;0;0;0;0;0;0;0;0;0;0,001243708;0,000295083;0,000471423;0,00302733;0,71
3939;0;0;0;0;0;0;0;0;0;0,000721313;0;0;0,000737705;0,71
3940;0,004636748;0,004756864;0;0,007153013;0,00427038;0,004441995;0;0,0067407;0;0;0;0;0;0,71
3941;0,043915184;0,055619479;0,025585086;0,047823197;0,0433385;0,054716;0,025079975;0,04722575;0;0,000131148;9,95E-05;6,55E-06;0,000131148;0,71
3942;0,156200132;0,139128158;0,07923876;0,164073947;0,15922225;0,1411115;0,07843575;0,1666125;0;0,006928928;0,02003735;0,005742045;0,008043653;0,71
3943;0,342318355;0,300948316;0,145615027;0,179244407;0,3585975;0,3139275;0,145499;0,18280225;1,65E-05;0,01443275;0,04863425;0,02009825;0,02541;0,71
3944;0,536163513;0,473854421;0,160401908;0,322058329;0,572815;0,5036075;0,160845;0,33112;7,33E-05;0,03936525;0,0899025;0,05245925;0,0677595;0,71
3945;0,674393526;0,589914947;0,202585816;0,56932504;0,733805;0,6371475;0,2037325;0,6023225;0,000142374;0,082295;0,1718625;0,11840525;0,1425575;0,71
3946;0,756895224;0,684590961;0,170551184;0,792202185;0,836915;0,7488375;0,17159;0,867825;0,000188388;0,08459;0,1221475;0,13652025;0,156245;0,71
3947;0,793863632;0,390151184;0,206693684;0,447394066;0,88803;0,4210725;0,2079575;0,4870325;0,000204262;0,08459;0,02219125;0,07540975;0,0890175;0,71
3948;0,789421066;0,427382053;0,243553737;0,384591355;0,88825;0,444425;0,2459925;0,4026325;0,000224572;0,1202625;0,0591875;0,1279775;0,1832825;0,71
3949;0,749382592;0,378482526;0,215405447;0,41197875;0,8421675;0,39233;0,2177475;0,4282225;0,000175348;0,4734925;0,596675;0,6973875;0,76164;0,71
3950;0,674364632;0,362652785;0,252491842;0,212583395;0,751965;0,37488275;0,255425;0,219375;0,00015571;0,5483975;0,5352475;0,7086875;0,79025;0,71
3951;0,561667934;0,308477803;0,218012475;0,418191119;0,617785;0,3175175;0,22057225;0,435065;0,000128569;0,3984575;0,3217475;0,5411475;0,6467225;0,71
3952;0,41761804;0,220647434;0,192432928;0,380577395;0,451315;0,225485;0,194059;0,40106;8,33E-05;0,5394775;0,46326;0,6965025;0,7665875;0,71
3953;0,242272737;0,146754442;0,125879921;0,196542;0,2570275;0,14870775;0,1265;0,205835;1,84E-05;0,2450525;0,1041095;0,2614375;0,365935;0,71
3954;0,076824123;0,069754303;0,072197353;0,072660632;0,0797355;0,0698765;0,07198775;0,07401175;0;0,15705;0,05169425;0,15705;0,204635;0,71
3955;0,019461809;0,022890651;0,024055013;0,012131744;0,01920775;0,022694525;0,02378575;0,0120019;0;0,15705;0,1087425;0,15705;0,18594;0,71
3956;0,000761677;0,000430397;0,000442778;0,000824297;0,00074395;0,000421585;0,00043163;0,000784348;0;0,2192525;0,241685;0,175745;0,25902;0,71
3957;0;0;0;0;0;0;0;0;0;0,15773;0,135695;0,1147815;0,18424;0,71
3958;0;0;0;0;0;0;0;0;0;0,091445;0,0618415;0,06928975;0,1314685;0,71
3959;0;0;0;0;0;0;0;0;0;0,03305275;0,00843705;0,0146908;0,02595275;0,71
3960;0;0;0;0;0;0;0;0;0;0,1185945;0,18315725;0,098418;0,15280725;0,71
3961;0;0;0;0;0;0;0;0;0;0,23091;0,4650075;0,2078275;0,30773;0,71
3962;0;0;0;0;0;0;0;0;0;0,4742425;0,723155;0,5075225;0,674485;0,71
3963;0;0;0;0;0;0;0;0;0;0,7520625;0,98494;0,8219275;0,9359675;0,71
3964;0,002056648;0;0;0,005328951;0,001677013;0;0;0,004956578;0;0,562295;0,9770325;0,60918;0,7719775;0,71
3965;0,036410499;0,03665962;0,036523188;0,0514779;0,035804;0,036174;0,03598175;0,050705;0;0,3105475;0,5321575;0,2859025;0,405575;0,71
3966;0,130548829;0,126217027;0,088868412;0,148844013;0,1316445;0,1265585;0,08828675;0,1513175;0;0,288145;0,48541;0,25902;0,39344;0,71
3967;0,254957527;0,178099934;0,202058487;0,314288053;0,261645;0,179915;0,2035575;0,327895;4,34E-05;0,39344;0,56066;0,3329525;0,44082;0,71
3968;0,393563171;0,290162874;0,26423996;0,477986369;0,410235;0,29655475;0,2683775;0,50734;0,000215256;0,4594325;0,47341;0,3710375;0,538365;0,71
3969;0,479028987;0,305877276;0,259291737;0,598776;0,5038875;0,3123945;0,26344;0,64538;0,000369959;0,209395;0,05516475;0,1201635;0,21406;0,71
3970;0,544357579;0,311227619;0,280517329;0,683006566;0,5781275;0,317505;0,2849875;0,746535;0,000488919;0,2471225;0,030692;0,09545825;0,2215175;0,71
3971;0,592346921;0,410305264;0,132428191;0,716295711;0,6339475;0,4232625;0,13430825;0,7908725;0,000559185;0,18764;0,0101891;0,06759775;0,1443325;0,71
3972;0,600040145;0,493969974;0,329012329;0,714976184;0,64616;0,51713;0,3343925;0,7930975;0,00057845;0,4468325;0,16429475;0,302445;0,434625;0,71
3973;0,563772434;0,49057725;0,284825534;0,674896776;0,6073425;0,51783;0,2907375;0,7478275;0,000548026;0,7351675;0,3183275;0,59394;0,82694;0,71
3974;0,510213632;0,550856487;0,342879395;0,603919263;0,5468075;0,587485;0,3507975;0,6645075;0,000466107;0,978325;0,8227;0,964885;0,9883625;0,71
3975;0,421802961;0,445778368;0,245000882;0,513038092;0,44764;0,4763175;0,2503425;0,5583375;0,000340741;0,995205;0,945535;0,995625;0,9965;0,71
3976;0,319332592;0,299626382;0,110721742;0,373464474;0,3347925;0,3150725;0,11192425;0,4005175;0,000186415;0,9999825;0,9988025;1;1;0,71
3977;0,199537421;0,193799408;0,051619725;0,216898342;0,2068625;0,2003575;0,05137225;0,2286675;2,35E-05;1;1;1;1;0,71
3978;0,08274971;0,080819061;0,011057823;0,07529222;0,08419975;0,0821965;0,0108431;0,077541;0;1;1;1;1;0,71
3979;0,02642231;0,031435788;0,011940774;0,019392944;0,0262325;0,031142;0,01142655;0,018957125;0;0,9990375;0,9999125;0,9983025;0,9998375;0,71
3980;0,000417796;0,003912347;0,00027214;0,000668793;0,000410798;0,0038492;0,000262663;0,00065286;0;0,8724275;0,6985525;0,69988;0,896255;0,71
3981;0;0;0;0;0;0;0;0;0;0,9774125;0,9655025;0,914315;0,9810625;0,71
3982;0;0;0;0;0;0;0;0;0;0,8707425;0,8319625;0,6745225;0,9127425;0,71
3983;0;0;0;0;0;0;0;0;0;0,732785;0,5034275;0,4672925;0,746325;0,71
3984;0;0;0;0;0;0;0;0;0;0,417815;0,192036;0,2025525;0,48021;0,71
3985;0;0;0;0;0;0;0;0;0;0,13290225;0,018329803;0,037246;0,163908;0,71
3986;0;0;0;0;0;0;0;0;0;0,03718575;0,000131148;0,002955198;0,02370175;0,71
3987;0;0;0;0;0;0;0;0;0;0,007300553;0;6,55E-06;0,001243708;0,71
3988;0;0,00331342;0;0,004736435;0;0,002932502;0;0,004406495;0;0,003398905;0;0;0,006371653;0,71
3989;0,007170084;0,039850417;0,0116401;0,044744945;0,006835025;0,03905875;0,0112309;0,04415025;0;0,012131;0;0;0,012131;0,71
3990;0,02401273;0,129958895;0,012519054;0,152361947;0,023472;0,130735;0,0120666;0,15498;0;0,013754;0,00036502;0,001054652;0,01832775;0,71
3991;0,039446132;0,260336764;0,098836855;0,312985382;0,038982;0,2672225;0,0980805;0,3265825;0;0,06210925;0,026656925;0,02529515;0,074604;0,71
3992;0,049745901;0,389527539;0,260536619;0,478937487;0,04935175;0,40556;0,26374;0,50872;4,75E-05;0,10029025;0,038689;0,038689;0,154795;0,71
3993;0,062944536;0,474962053;0,379989868;0,60516896;0,06259075;0,499755;0,3905275;0,652965;8,22E-05;0,15705;0,038689;0,07923475;0,15705;0,71
3994;0,076738161;0,550170237;0,349503513;0,680353066;0,07649;0,585765;0,3600125;0,744765;0,000143148;0,174045;0,040525;0,0966665;0,15705;0,71
3995;0,076330504;0,591629369;0,461029973;0,712419;0,0761525;0,6360125;0,47781;0,7874925;0,000163284;0,25902;0,083519;0,1910375;0,15705;0,71
3996;0,08260307;0,563676119;0,462568619;0,721520842;0,08243925;0,60575;0,48243;0,8026;0,000166401;0,25902;0,0631695;0,15705;0,156245;0,71
3997;0,081344945;0,524781395;0,394552816;0,689271908;0,08120325;0,56067;0,4104275;0,76707;0,000145751;0,19104;0,014212975;0,1087425;0,08366225;0,71
3998;0,07459682;0,494928316;0,445024697;0,610353158;0,074427;0,5267075;0,46383;0,6742325;0,000118022;0,1461825;0,00098361;0,05200025;0,038689;0,71
3999;0,061867966;0,397993697;0,435886737;0,519426237;0,06164025;0,42037;0,4573475;0,566325;7,78E-05;0,18934;0,0090842;0,091378;0,05781425;0,71
4000;0,049102753;0,302385829;0,260789447;0,366910184;0,04880725;0,31548;0,27104;0,39377;2,15E-05;0,097349;0,0006317;0,031601;0,01965575;0,71
4001;0,03446805;0,176770776;0,138298398;0,21543675;0,0341455;0,181545;0,14055325;0,227285;0;0,03293475;0;0,008601025;0,0089726;0,71
4002;0,015794345;0,089921144;0,070806553;0,075405391;0,015519;0,09082175;0,0709715;0,07776;0;0,005256805;0;0,000311475;0,000836065;0,71
4003;0,003568991;0,026234495;0,017346955;0,020320465;0,003458183;0,0260305;0,0171065;0,01986125;0;0,01001305;0;0,000665573;0,005628453;0,71
4004;0;0,000600185;0,000851215;0,000607479;0;0,00058936;0,000822708;0,000593;0;0,001057933;0;6,55E-06;0,000672133;0,71
4005;0;0;0;0;0;0;0;0;0;0,00098361;0;0;0,00098361;0,71
4006;0;0;0;0;0;0;0;0;0;0,00098361;0;0;0,00098361;0,71
4007;0;0;0;0;0;0;0;0;0;0,00098361;0;0;0,003770503;0,71
4008;0;0;0;0;0;0;0;0;0;0,000688523;0;0;0,000819673;0,71
4009;0;0;0;0;0;0;0;0;0;0;0;0;0;0,71
4010;0;0;0;0;0;0;0;0;0;0;0;0;0;0,71
4011;0;0;0;0;0;0;0;0;0;0;0;0;0;0,71
4012;0;0,005502088;0;0,005159191;0;0,00516811;0;0,00479483;0;0;0;0;0;0,71
4013;0,033189458;0,038228941;0,035361644;0,04592987;0,03284175;0,03754675;0,034832675;0,04529425;0;0;0;0;0;0,71
4014;0,080752362;0,14068727;0,129800455;0,149944421;0,08037125;0,142463;0,130571;0,15231;0;0;0;0;0;0,71
4015;0,122508868;0,340459461;0,305239184;0,308333329;0,1227025;0,3538875;0,31563;0,32113;3,05E-05;0;0;0;0;0,71
4016;0,176436079;0,424367368;0,519089132;0,459183118;0,177735;0,4468;0,550265;0,4859225;0,000183844;0;0;0;0;0,71
4017;0,264825079;0,507131526;0,613408776;0,583685724;0,2691425;0,5388025;0,661235;0,62734;0,000321444;0;0;0;0;0,71
4018;0,179277395;0,535674711;0,567540789;0,661684658;0,1821075;0,5720425;0,613165;0,72107;0,000428718;0,000491803;0,00036502;0,000327868;0,000491803;0,71
4019;0,185643868;0,373483737;0,507981513;0,695050855;0,18746;0,3930375;0,5427625;0,7652525;0,000494373;0,008601025;0,023971675;0,010273275;0,007226203;0,71
4020;0,225860526;0,430726618;0,387483237;0,687798276;0,22866;0,447815;0,40617;0,7603425;0,000509019;0,002469958;0,004914855;0,005256805;0,001057933;0,71
4021;0,18725475;0,397724013;0,384981434;0,659991908;0,1896975;0,4136;0,39804;0,729025;0,000487305;0,00098361;0,00098361;0,00098361;0,00098361;0,71
4022;0,177606316;0,294432553;0,298268329;0,596536658;0,17935;0,3034725;0,30674;0,65508;0,000417006;0,003398905;0,00098361;0,003398905;0,00098361;0,71
4023;0,118205961;0,240138861;0,31449754;0,495306355;0,1190525;0,2447675;0,322145;0,5377625;0,000311879;0,012131;0,008043653;0,012131;0,00098361;0,71
4024;0,11200804;0,112581841;0,186216948;0,369445698;0,112405;0,11362175;0,189695;0,3953625;0,000169391;0,01443275;0,02541;0,02009825;0,0108305;0,71
4025;0,098682991;0,108003951;0,178331092;0,218463474;0,09892625;0,10803775;0,180615;0,2304025;1,66E-05;0,03860025;0,094935;0,05016425;0,02496725;0,71
4026;0,055232049;0,062068062;0,087939446;0,070276334;0,05516575;0,06192825;0,08886375;0,0724585;0;0,05016425;0,148595;0,084284;0,0663315;0,71
4027;0,026462041;0,026309862;0,025985518;0,024558046;0,02619425;0,02606825;0,025648;0,0239974;0;0,03559025;0,0674775;0,04435;0,04776725;0,71
4028;0,001838909;0,00053313;0,002852079;0,000846866;0,0018039;0,00052205;0,00278045;0,000825977;0;0,07234975;0,24544;0,130923;0,16102675;0,71
4029;0;0;0;0;0;0;0;0;0;0,113125;0,464585;0,23522;0,2993125;0,71
4030;0;0;0;0;0;0;0;0;0;0,34098;0,9771725;0,6593575;0,794625;0,71
4031;0;0;0;0;0;0;0;0;0;0,39344;0,97069;0,6239975;0,7819875;0,71
4032;0;0;0;0;0;0;0;0;0;0,4714775;0,97533;0,7497675;0,5320325;0,71
4033;0;0;0;0;0;0;0;0;0;0,3105475;0,5321575;0,4190175;0,3060675;0,71
4034;0;0;0;0;0;0;0;0;0;0,2454225;0,3018475;0,2437225;0,34852;0,71
4035;0;0;0;0;0;0;0;0;0;0,1039135;0,039623;0,0709775;0,123883;0,71
4036;0,001888938;0;0;0;0,001537765;0;0;0;0;0,08459;0,03337725;0,0639345;0,05628425;0,71
4037;0,039406642;0,0473055;0,038459136;0,012830274;0,03869225;0,04678575;0,0378825;0,01250755;0;0,1051205;0,05322425;0,08459;0,05245925;0,71
4038;0,133651883;0,119270732;0,112090149;0,040038233;0,13506275;0,11959425;0,1119865;0,03947175;0;0,15705;0,134103;0,143765;0,10995025;0,71
4039;0,281470855;0,15495525;0,179956421;0,051196658;0,2908075;0,156105;0,18135;0,05079675;0;0,15705;0,10391;0,15705;0,10029025;0,71
4040;0,414018237;0,188694671;0,271473276;0,032612286;0,43425;0,1902275;0,2760775;0,03228275;4,82E-05;0,2471225;0,22163;0,240325;0,22333;0,71
4041;0,515698816;0,059109241;0,35214979;0,226616605;0,5480325;0,05951925;0,36178;0,229935;0,000132225;0,25902;0,25902;0,294865;0,3777575;0,71
4042;0,574964329;0,140333791;0,282337698;0,142414934;0,6179425;0,140621;0,2896275;0,1444625;0,000121852;0,2859025;0,2769425;0,26574;0,4554075;0,71
4043;0,632187947;0,271653869;0,209997316;0,357408631;0,6851575;0,27486;0,213245;0,36561;0,0001943;0,521085;0,653065;0,5229525;0,8663175;0,71
4044;0,637177105;0,375954237;0,140739039;0,40288654;0,6941325;0,38632;0,1417025;0,4172675;0,000201107;0,351925;0,354645;0,3274875;0,66913;0,71
4045;0,596765408;0,593890382;0,055195689;0,518022434;0,650205;0,630415;0,05519275;0,544745;0,00017462;0,312755;0,3147;0,297825;0,6376;0,71
4046;0,545701184;0,409272276;0,096322772;0,347553119;0,59135;0,435775;0,09583975;0,3660025;0,000206465;0,7526175;0,915635;0,7894025;0,9892875;0,71
4047;0,454234895;0,27234975;0,078994599;0,118764592;0,4873175;0,2823025;0,078695;0,121949;0,000196805;0,9700525;1;0,9929025;1;0,71
4048;0,339036395;0,123421461;0,109308789;0,226674395;0,35891;0,1253925;0,10892525;0,2306725;8,53E-05;0,865185;0,9553625;0,8583525;0,999615;0,71
4049;0,202619527;0,190592092;0,081792332;0,108173949;0,211205;0,19271;0,08147475;0,11010975;1,09E-05;0,6742625;0,55992;0,6090475;0,96818;0,71
4050;0,081443909;0,097091854;0,038592774;0,037532337;0,08322325;0,0983125;0,038239;0,03747925;0;0,463115;0,3015875;0,3973425;0,66913;0,71
4051;0,024932907;0,034035593;0,020245579;0,02100356;0,024743375;0,0337395;0,01985875;0,020696825;0;0,39344;0,2515425;0,3508725;0,482625;0,71
4052;0,000581316;0,005276733;0,001439271;0,001171094;0,000571313;0,005181725;0,001400073;0,001145048;0;0,3796175;0,16053;0,2301275;0,3172675;0,71
4053;0;0;0;0;0;0;0;0;0;0,6296175;0,43813;0,4390725;0,5136525;0,71
4054;0;0;0;0;0;0;0;0;0;0,4530825;0,2434925;0,2859025;0,33382;0,71
4055;0;0;0;0;0;0;0;0;0;0,5987225;0,4362325;0,3710375;0,4852625;0,71
4056;0;0;0;0;0;0;0;0;0;0,7589475;0,5567575;0,3835825;0,703865;0,71
4057;0;0;0;0;0;0;0;0;0;0,589575;0,4163075;0,285105;0,5863625;0,71
4058;0;0;0;0;0;0;0;0;0;0,9013675;0,92119;0,80049;0,9169325;0,71
4059;0;0;0;0;0;0;0;0;0;0,76797;0,59749;0,598595;0,782935;0,71
4060;0;0;0;0;0;0;0;0;0;0,3462825;0,106393;0,1148035;0,3468325;0,71
4061;0,017517555;0,039870403;0,015582041;0,033115415;0,01714075;0,03937475;0,015137875;0,0327685;0;0,25902;0,038689;0,038689;0,25494;0,71
4062;0,046613712;0,046061822;0,043461537;0,106236316;0,04610175;0,0455365;0,04275925;0,10637525;0;0,170645;0,01699975;0,03337725;0,15943;0,71
4063;0,090877319;0,155307043;0,078125108;0,185321211;0,0906275;0,15558825;0,0774545;0,1873625;0;0,204635;0,0314295;0,038689;0,15705;0,71
4064;0,129503803;0,23233054;0,107941106;0,290011658;0,1299075;0,2351225;0,107545;0,2970575;0;0,112365;0,005991178;0,02541;0,097873;0,71
4065;0,152805;0,232027145;0,134586869;0,33017775;0,1538975;0,2353625;0,134645;0,340655;1,26E-05;0,08459;0,00098361;0,0187705;0,05628425;0,71
4066;0,182494342;0,273438119;0,158822329;0,339308487;0,1842475;0,27826;0,159315;0,3499575;2,69E-05;0,09425;0,004251355;0,04710425;0,05398925;0,71
4067;0,198427382;0,446141961;0,167069368;0,330717118;0,2006575;0,46123;0,1677875;0,34064;3,37E-05;0,1927375;0,0584355;0,1578525;0,1449725;0,71
4068;0,214097961;0,58244325;0,178415368;0,326486447;0,2170725;0,621355;0,1793575;0,335995;3,05E-05;0,124222;0,02290355;0,128883;0,10700975;0,71
4069;0,195130974;0,726678553;0,169614513;0,379578119;0,197835;0,798785;0,1705375;0,392615;3,36E-05;0,02418225;0,000295083;0,019493525;0,01832775;0,71
4070;0,176727434;0,546835303;0,149961277;0,3311385;0,1786775;0,604045;0,1505875;0,3429075;1,14E-05;0,03058475;0,000327868;0,029918;0,01832775;0,71
4071;0,146067711;0,512869539;0,123874145;0,290416184;0,1474475;0,5566875;0,1241125;0,29948;6,31E-06;0,09692425;0,021781525;0,130923;0,074604;0,71
4072;0,122289028;0,33328875;0,096444853;0,194748118;0,123135;0,3558725;0,09638175;0,19941;0;0,174045;0,09915075;0,23522;0,179485;0,71
4073;0,083714313;0,238940211;0,069144865;0,12221366;0,08389525;0,2498975;0,06879925;0,12355525;0;0,410605;0,509485;0,63526;0,48893;0,71
4074;0,047306945;0,08040394;0,037402552;0,06795705;0,04715625;0,08279025;0,0370255;0,06809875;0;0,3105475;0,2796325;0,344335;0,351925;0,71
4075;0,016523383;0,033445176;0,01123083;0,015521241;0,01632235;0,033139;0,010978025;0,01541695;0;0,170645;0,063007;0,09299275;0,15252925;0,71
4076;0,000428011;0,001605601;0,000231851;0,000282102;0,00041501;0,001579718;0,000219565;0,000271;0;0,09425;0,0187705;0,03786275;0,08459;0,71
4077;0;0;0;0;0;0;0;0;0;0,08459;0,010727725;0,01490475;0,0708195;0,71
4078;0;0;0;0;0;0;0;0;0;0,13483075;0,056988;0,03851175;0,128788;0,71
4079;0;0;0;0;0;0;0;0;0;0,08485275;0,014125678;0,0209835;0,0713025;0,71
4080;0;0;0;0;0;0;0;0;0;0,040117;0,0108305;0,037361;0,08459;0,71
4081;0;0;0;0;0;0;0;0;0;0,0355905;0,008601025;0,0320495;0,055458;0,71
4082;0;0;0;0;0;0;0;0;0;0,012131;0,000229507;0,002677597;0,007383628;0,71
4083;0;0;0;0;0;0;0;0;0;0,01832775;0,002125678;0,005390205;0,0143715;0,71
4084;0,001742604;0;0;0,004771973;0,001400915;0;0;0,00442816;0;0,06898375;0,0892345;0,0754735;0,12367475;0,71
4085;0,037690295;0,030392592;0,002430293;0,043861248;0,03695825;0,029924525;0,00211093;0,043261;0;0,032235;0,02739525;0,04710425;0,0717445;0,71
4086;0,067313902;0,074392389;0,009277474;0,164751047;0,066898;0,0737885;0,008766375;0,168079;0;0,038689;0,012131;0,03786275;0,038689;0,71
4087;0,14617125;0,134382197;0,059661612;0,308482619;0,146841;0,134385;0,058812;0,3227525;0;0,015672;0,002469958;0,01295725;0,038689;0,71
4088;0,284194184;0,16803975;0,17068097;0,472965908;0,29026;0,1689725;0,17107825;0,5045825;8,15E-06;0,0293935;0,000977053;0,0108305;0,02983625;0,71
4089;0,352513382;0,205626987;0,230163434;0,587056776;0,3638325;0,2075525;0,2323275;0,6367175;3,50E-05;0,005455103;7,21E-05;0,00044918;0,003398905;0,71
4090;0,632243329;0,223697515;0,307216066;0,63602854;0,67626;0,22639625;0,31269;0,6964475;6,05E-05;0,03779675;0,004071025;0,00625037;0,01747;0,71
4091;0,8221275;0,238615145;0,157640053;0,319395197;0,912985;0,2420125;0,16009;0,339765;8,21E-05;0,13652025;0,05619125;0,042716;0,08418675;0,71
4092;0,740841789;0,237387118;0,249159316;0,371275698;0,834705;0,241005;0,2516975;0,384105;8,13E-05;0,1039135;0,02009825;0,03337725;0,05322425;0,71
4093;0,45515471;0,23665271;0,397810697;0,36733879;0,501895;0,240295;0,4096675;0,38086;7,68E-05;0,148595;0,01788525;0,038689;0,0677595;0,71
4094;0,235364487;0,230204368;0,323609013;0,326968749;0,2460875;0,2336525;0,3345425;0,33833075;6,41E-05;0,09425;0,006743153;0,018328;0,038689;0,71
4095;0,043323564;0,198851171;0,212677303;0,280536592;0,04405125;0,20147;0,2173275;0,288515;4,53E-05;0,13531;0,01548625;0,03505925;0,03860025;0,71
4096;0,030428325;0,152049884;0,290505276;0,201831422;0,03010175;0,15338375;0,298065;0,2067365;1,91E-05;0,0497465;0,001032783;0,00478808;0,0122034;0,71
4097;0,019128508;0,10160473;0,192101842;0,11328928;0,0188022;0,1019965;0,1977725;0,11439975;0;0,012308;0;0,000131148;0,00098361;0,71
4098;0,009687948;0,052661139;0,082795701;0,061289108;0,00941035;0,0524295;0,08407025;0,0613615;0;0,01481625;0,000506;0,0017501;0,00417158;0,71
4099;0,002185307;0,015086159;0,030401838;0,019279435;0,002067638;0,01491705;0,03006925;0,0191298;0;0,078155;0,070697;0,05490575;0,0804525;0,71
4100;0;0,000472701;0,002442641;0,000196024;0;0,000459235;0,0023985;0,00019076;0;0,2114325;0,348925;0,2274975;0,2772525;0,71
4101;0;0;0;0;0;0;0;0;0;0,307925;0,7977275;0,4667325;0,51187;0,71
4102;0;0;0;0;0;0;0;0;0;0,6640425;0,99979;0,9264575;0,9278825;0,71
4103;0;0;0;0;0;0;0;0;0;0,9198425;1;0,9997375;0,998895;0,71
4104;0;0;0;0;0;0;0;0;0;0,94;1;0,9903525;0,99337;0,71
4105;0;0;0;0;0;0;0;0;0;0,83846;0,9561;0,816735;0,8936875;0,71
4106;0;0;0;0;0;0;0;0;0;0,37533;0,28247575;0,2810025;0,390075;0,71
4107;0;0;0;0;0;0;0;0;0;0,0762445;0,012453453;0,03406675;0,06594425;0,71
4108;0;0;0;0;0;0;0;0;0;0,0639345;0,001057932;0,0140785;0,039454;0,71
4109;0,015931812;0,002268673;0,008279787;0,03663034;0,01557775;0,00196862;0,007902425;0,03623775;0;0,084437;0,01378355;0,038423;0,078317;0,71
4110;0,068829912;0,024800834;0,027884384;0,060261419;0,068374;0,024083;0,027251475;0,05984;0;0,04001075;0,0012459;0,011460325;0,0224645;0,71
4111;0,126253145;0,07276393;0,056016059;0,096394528;0,1264925;0,072157;0,05530675;0,0963145;6,03E-05;0,0646995;0,0139837;0,03237175;0,06272675;0,71
4112;0,283681303;0,127088684;0,074975822;0,095284248;0,28992;0,1270075;0,074359;0,0954385;0,000235523;0,13772825;0,06852475;0,088575;0,1425575;0,71
4113;0,316931921;0,132241579;0,108148425;0,146766;0,32624;0,132585;0,107751;0,1475825;0,000347632;0,208035;0,14014;0,156325;0,2430425;0,71
4114;0,220613724;0,137498013;0,113032358;0,270842408;0,2259475;0,1379425;0,1129005;0,275105;0,000415437;0,12565;0,05318575;0,07536725;0,136483;0,71
4115;0,252397934;0,199778211;0,130611434;0,270023724;0,2567325;0,2011575;0,1306475;0,2756825;0,000215491;0,05322425;0,004111478;0,02130225;0,040022;0,71
4116;0,058101055;0,198680211;0,146233855;0,28104225;0,05904425;0,200535;0,1465275;0,2869925;0,000159157;0,0209835;3,06E-05;0,001664858;0,012131;0,71
4117;0,161220351;0,176337356;0,141767211;0,206674421;0,1623235;0,1778225;0,14212;0,2104;0,000110221;0,009715775;0;0,00037705;0,002469958;0,71
4118;0,178571882;0,173122816;0,121833454;0,273009513;0,180395;0,1743625;0,12196175;0,2783925;8,78E-05;0,00037705;0;0;0,000131148;0,71
4119;0,317849329;0,173992066;0,109303492;0,302525487;0,32521;0,1752525;0,10924;0,3106475;0,000155882;0,000540985;0;0;0,000131148;0,71
4120;0,203573053;0,11529;0,089991695;0,185624605;0,2088825;0,115856;0,08972475;0,190005;8,38E-05;0,00098361;0;0;0,000953007;0,71
4121;0,173799435;0,074424896;0,052049775;0,110035974;0,1767975;0,07429125;0,05166175;0,11100525;1,88E-05;0,0002459;0;0;3,06E-05;0,71
4122;0,079084413;0,044639961;0,029782046;0,073086829;0,08012625;0,044266;0,029372;0,07318025;0;0,000311475;0;0;0,00016393;0,71
4123;0,032664296;0,010029676;0,008604082;0,028399914;0,03247425;0,009849875;0,00838075;0,02817925;0;0,011726803;0,007857925;0,005357373;0,009693978;0,71
4124;0,001727448;0,000318422;0,000231163;0,000899546;0,001706;0,00029666;0,000212948;0,000882293;0;0,12150225;0,28336;0,17394675;0,176537;0,71
4125;0;0;0;0;0;0;0;0;0;0,09855825;0,15307725;0,113578;0,131773;0,71
4126;0;0;0;0;0;0;0;0;0;0,02009825;0,008158355;0,0103553;0,02042075;0,71
4127;0;0;0;0;0;0;0;0;0;0,0311345;0,0067433;0,01899025;0,02585225;0,71
4128;0;0;0;0;0;0;0;0;0;0,004914855;0,0002459;0,001448088;0,00469958;0,71
4129;0;0;0;0;0;0;0;0;0;0,0138854;0,00284259;0,006485153;0,0138854;0,71
4130;0;0;0;0;0;0;0;0;0;0,07311475;0,129956;0,0910525;0,11635025;0,71
4131;0;0;0;0;0;0;0;0;0;0,0966665;0,148595;0,1039135;0,1602225;0,71
4132;0;0,007415526;0;0;0;0,00704381;0;0;0;0,22503;0,242025;0,2762475;0,33426;0,71
4133;0,020387837;0,008198328;0,043746391;0,025010971;0,0200219;0,00779725;0,04316475;0,024613775;0;0,25902;0,22673;0,25902;0,32175;0,71
4134;0,066134515;0,026721299;0,130045338;0,060376034;0,0656395;0,026124075;0,13141575;0,05985875;0;0,207955;0,153175;0,238035;0,3050825;0,71
4135;0,105772315;0,119561605;0,293317698;0,12614479;0,10577675;0,1192425;0,30496;0,12644;5,16E-05;0,5779225;0,8303675;0,7693975;0,7983575;0,71
4136;0,145318855;0,107099065;0,458386105;0,174801119;0,1461;0,10721375;0,486415;0,1761325;0,00018339;0,3668825;0,3997575;0,4339525;0,472745;0,71
4137;0,163982448;0,155925632;0,587237369;0,219990079;0,1652725;0,1564225;0,632795;0,2228475;0,000303175;0,09521975;0,029125478;0,0539045;0,0954055;0,71
4138;0,172017592;0,053195933;0,663288316;0,269645684;0,1735725;0,0532335;0,7238275;0,274195;0,00039292;0,038689;0,00098361;0,012131;0,038689;0,71
4139;0,183414158;0,143219894;0,369917645;0,269794974;0,18522;0,143318;0,397655;0,27525;0,000453354;0,042055;0,01978325;0,0209835;0,044809;0,71
4140;0,139580842;0,284090645;0,397030539;0,274389237;0,1407525;0,2882825;0,4111075;0,2801375;0,000464547;0,084284;0,1542745;0,07234975;0,13048;0,71
4141;0,138598421;0,270192277;0,376840342;0,24489975;0,1394875;0,2752925;0,3892125;0,2497375;0,000442392;0,082754;0,1398375;0,06928975;0,10086825;0,71
4142;0,132530286;0,432390474;0,33713175;0,226163921;0,13334825;0,448765;0,347035;0,2300725;0,000367953;0,0353335;0,024120275;0,01507115;0,0268645;0,71
4143;0,085214913;0,522226619;0,291699833;0,208174539;0,08544425;0,5570225;0,2990785;0,21135;0,00027286;0,038689;0,03160675;0,012131;0,03786275;0,71
4144;0,071003278;0,357461605;0,210403287;0,173671816;0,07085775;0,3819875;0,2143375;0,1759075;0,000158131;0,038689;0,038689;0,012131;0,038689;0,71
4145;0,049560012;0,206130237;0,131252657;0,12194807;0,04933075;0,2152825;0,13237225;0,12299925;4,30E-05;0,038689;0,0355905;0,012131;0,038689;0,71
4146;0,025657322;0,084027339;0,076409001;0,062531822;0,02539575;0,08591625;0,0764725;0,06261825;0;0,0355905;0,0100874;0,01157365;0,03337725;0,71
4147;0,004127999;0,025676345;0,020789209;0,022581237;0,0040549;0,02544025;0,020579525;0,022377;0;0,004327955;0,000196718;0,000530053;0,00317497;0,71
4148;0;0,001941919;0,000413477;0,000410021;0;0,00190515;0,000404168;0,000400932;0;0,00098361;0;0;0;0,71
4149;0;0;0;0;0;0;0;0;0;0,000377048;0;6,55E-06;0,00016393;0,71
4150;0;0;0;0;0;0;0;0;0;0,009344225;0,000557377;0,005742045;0,009344225;0,71
4151;0;0;0;0;0;0;0;0;0;0,01178425;0,00080328;0,008601025;0,01178425;0,71
4152;0;0;0;0;0;0;0;0;0;0,000838625;0;0,00018032;0,000756655;0,71
4153;0;0;0;0;0;0;0;0;0;0;0;0;0;0,71
4154;0;0;0;0;0;0;0;0;0;0;0;0;0;0,71
4155;0;0;0;0;0;0;0;0;0;0;0;0;0;0,71
4156;0;0;0;0;0;0;0;0;0;0;0;0;0;0,71
4157;0,0149851;0,030678168;0,035937588;0,035645511;0,01462195;0,030205825;0,035385;0,0352755;0;0;0;0;0;0,71
4158;0,045491151;0,069803906;0,128411822;0,072402265;0,04495475;0,0691275;0,12930075;0,07200375;0;0,000360655;0;0;0,000672125;0,71
4159;0,073009054;0,121952163;0,268783658;0,111490342;0,07266825;0,1218685;0,2769525;0,11161175;0;0;0;0;0,000131148;0,71
4160;0,098482172;0,179007711;0,416120329;0,148636935;0,09851625;0,1799825;0,43651;0,14954;4,79E-05;0;0;0;0;0,71
4161;0,118933145;0,235263355;0,532520368;0,181297618;0,119325;0,2378325;0,5671575;0,183055;0,000100807;0;0;0;0;0,71
4162;0,139819224;0,25615425;0,60041096;0,199686711;0,140545;0,2600725;0,6475725;0,20201;0,000168327;0;0;0;0;0,71
4163;0,157286092;0,270637737;0,650637237;0,21589425;0,1583775;0,27537;0,7096325;0,218795;8,53E-05;0;0;0;0;0,71
4164;0,159942;0,270331934;0,644932934;0,168425013;0,1611975;0,2753075;0,708675;0,1705525;0,000141924;0;0;0;0;0,71
4165;0,153197487;0,264627632;0,630141237;0,195653487;0,1543575;0,26947;0,69304;0,197795;0,000237894;0;0;0;0;0,71
4166;0,130023908;0,242316079;0,570866092;0,191015882;0,13086;0,24636;0,624155;0,19335;0,000187194;0;0;0;0;0,71
4167;0,115208131;0,207847066;0,480801198;0,138678122;0,115745;0,21061;0,5199675;0,14012275;0,000107484;0;0;0;0;0,71
4168;0,096345648;0,15299089;0,361509276;0,082665675;0,096555;0,15440975;0,385335;0,08294975;0,000131354;0;0;0;0;0,71
4169;0,063802709;0,110816613;0,215607711;0,027561245;0,063726;0,11118975;0,226155;0,027435;3,56E-05;0;8,52E-05;0;0;0,71
4170;0,033204387;0,063882652;0,087194925;0,008387324;0,03296575;0,06375125;0,0896015;0,00816715;0;0,000377048;0,00098033;0,000491803;0,000868855;0,71
4171;0,011876508;0,022125182;0,023447597;0,001444732;0,011642025;0,02186325;0,023131;0,001332723;0;3,06E-05;0,000737705;0,000377048;0,00098361;0,71
4172;0,000295295;0,000488066;0,00106494;0;0,000282385;0,000475568;0,001038118;0;0;0,000953008;0,00098361;0,00098361;0,006371653;0,71
4173;0;0;0;0;0;0;0;0;0;0,00098361;0,00098361;0,00098361;0,0089726;0,71
4174;0;0;0;0;0;0;0;0;0;0,000131148;0,000131148;0,000262295;0,000540985;0,71
4175;0;0;0;0;0;0;0;0;0;0;0;8,52E-05;0,000868855;0,71
4176;0;0;0;0;0;0;0;0;0;0,000868855;0,002841485;0,0045813;0,00302733;0,71
4177;0;0;0;0;0;0;0;0;0;0,0143715;0,107251;0,0649015;0,03728425;0,71
4178;0;0;0;0;0;0;0;0;0;0,038689;0,11840525;0,07540975;0,08459;0,71
4179;0;0;0;0;0;0;0;0;0;0,0223115;0,06308075;0,038689;0,05628425;0,71
4180;0;0;0;0,004347358;0;0;0;0,00399759;0;0,00860115;0,008673403;0,028951;0,015672;0,71
4181;0,036124922;0,029361146;0,034629379;0,047443232;0,03578175;0,0288995;0,03414725;0,0468015;0;0,012131;0,004513705;0,038689;0,012308;0,71
4182;0,136033772;0,081507478;0,134742178;0,143185461;0,13725625;0,08089225;0,13600175;0,1455175;0;0,028951;0,0355905;0,07617475;0,03674125;0,71
4183;0,265022526;0,142113947;0,273163619;0,307931211;0,2729425;0,1422225;0,2818;0,3213375;4,92E-05;0,015672;0,01699975;0,04863425;0,038689;0,71
4184;0,392896184;0,210072442;0,379898368;0,472510816;0,4105675;0,21199725;0,3964275;0,50208;0,000144466;0,012131;0,002469958;0,02541;0,038689;0,71
4185;0,491889553;0,2707485;0,482573408;0,588961421;0,5202375;0,274855;0,5082575;0,6360225;0,000323727;0,012131;0,00860115;0,012131;0,0355905;0,71
4186;0,568744737;0,302147447;0,537458961;0,664574132;0,6086275;0,3080925;0,5724;0,7277725;0,000346409;0,012131;0,000944265;0,006928927;0,012131;0,71
4187;0,607653908;0,367283408;0,530235276;0,705965842;0,656845;0,3777725;0,5653225;0,781295;0,000138576;0,003151205;8,31E-05;0,00024043;0,004513677;0,71
4188;0,583334171;0,338706513;0,507114671;0,719840131;0,631365;0,3487275;0,53861;0,801485;0,000248612;0,02882725;0,01187415;0,007215523;0,0307215;0,71
4189;0,566387408;0,286708027;0,540870948;0,682185473;0,61201;0,29332;0,57589;0,7596825;0,000250764;0,01965575;0,0092306;0,00220983;0,03060125;0,71
4190;0,50201475;0,253002316;0,502498737;0,613399145;0,5393325;0,2577075;0,53629;0,67827;0,00019678;0,07311475;0,12949975;0,03201225;0,129393;0,71
4191;0,426929368;0,225251329;0,454128947;0,512893618;0,453385;0,2287;0,4832875;0,56002;0,000184329;0,07081975;0,06105925;0,02054075;0,09251775;0,71
4192;0,306866921;0,187514803;0,328643921;0,374528763;0,3219625;0,1896875;0,3468125;0,4027325;0,000139964;0,02673775;0,005991178;0,00377053;0,03027875;0,71
4193;0,197442553;0,122772774;0,220122513;0,219696316;0,204565;0,12368525;0,22909;0,2322725;2,65E-05;0,007114803;0,000213123;0,000213123;0,005814178;0,71
4194;0,088590059;0,065414554;0,084663746;0,075728289;0,0903055;0,06531475;0,08663375;0,078191;0;0,000540985;0;0;0,000491803;0,71
4195;0,024230886;0,02558157;0,024988168;0,026524405;0,0240955;0,025315075;0,02468625;0,02604375;0;0;0;0;0;0,71
4196;0,000638947;0,000580953;0,001726268;0,000904817;0,000629433;0,00056795;0,0016889;0,00088481;0;0;0;0;0;0,71
4197;0;0;0;0;0;0;0;0;0;3,06E-05;0;0;3,06E-05;0,71
4198;0;0;0;0;0;0;0;0;0;0,000953008;0;0,000868855;0,000953008;0,71
4199;0;0;0;0;0;0;0;0;0;0,0002765;0;0,000413113;0,0007541;0,71
4200;0;0;0;0;0;0;0;0;0;0,000953008;0,000786888;0,001327153;0,007486428;0,71
4201;0;0;0;0;0;0;0;0;0;0,004327955;0,007114803;0,01178425;0,01295725;0,71
4202;0;0;0;0;0;0;0;0;0;0,012131;0,03231475;0,03122325;0,03786275;0,71
4203;0;0;0;0;0;0;0;0;0;0,01200725;0,007734552;0,01295725;0,0187705;0,71
4204;0;0;0;0,00336224;0;0;0;0,002975155;0;0,001664858;0,00098361;0,006185753;0,012131;0,71
4205;0,022853642;0,036578329;0,035564124;0,049532803;0,022465625;0,036088;0,03501475;0,0487885;0;0,00098361;0,000655737;0,00098361;0,012131;0,71
4206;0,068546985;0,088772337;0,100009741;0,129183553;0,06808675;0,08848225;0,09945525;0,13027175;0;0,00098361;0,00098361;0,006557377;0,012131;0,71
4207;0,097886459;0,179198416;0,158362421;0,354779211;0,09783775;0,18069725;0,1587025;0,369265;1,19E-05;0,004513705;0,004327955;0,012131;0,015672;0,71
4208;0,129318395;0,253221434;0,235006914;0,417475974;0,1298025;0,25741;0,2374815;0,4404425;6,91E-05;0,02718025;0,0313115;0,03381975;0,038689;0,71
4209;0,180570434;0,352554316;0,305501645;0,359599816;0,18204;0,3620175;0,3118625;0,3769175;0,000122782;0,015672;0,010967225;0,01788525;0,03160675;0,71
4210;0,208099895;0,376797;0,387846829;0,360225868;0,21066;0,3901425;0,3988675;0,373505;0,000191513;0,012131;0,00098361;0,00377053;0,012131;0,71
4211;0,218846329;0,386784947;0,371280513;0,457052132;0,2220475;0,4008;0,3838075;0,477025;0,000189531;0,012131;0,00098361;0,00098361;0,012131;0,71
4212;0,241714105;0,385653237;0,374035145;0,570998526;0,24572;0,3995425;0,3861225;0,6080225;0,000198708;0,012131;0,000131148;0,000868855;0,008601025;0,71
4213;0,236566026;0,434321605;0,35390996;0,45231821;0,2407125;0,452345;0,365015;0,48324;0,000186052;0,00281678;0;0;0,000442623;0,71
4214;0,219484421;0,37829471;0,33485629;0,348494846;0,2230525;0,39417;0,344855;0,362491;0,000171967;0,02506325;0,000672125;0,000868855;0,008043653;0,71
4215;0,16520325;0,30100129;0,264379618;0,35021625;0,167315;0,311135;0,270275;0,3632225;0,000114385;0,04710425;0,007983605;0,0124535;0,0187705;0,71
4216;0,142424566;0,230647421;0,227897605;0,16516954;0,143615;0,23606;0,231875;0,170205;8,57E-05;0,13289775;0,09619425;0,062109;0,08282475;0,71
4217;0,118136132;0,139353296;0,140098299;0,102840221;0,11884;0,14120475;0,1418485;0,10357825;2,54E-05;0,05961;0,018329803;0,017311475;0,029388;0,71
4218;0,069545538;0,077330744;0,072894198;0,054213509;0,06964575;0,077645;0,07289575;0,0542365;0;0,01147755;0,000491803;0,000819673;0,008601025;0,71
4219;0,028264832;0,027657561;0,022454582;0,004648826;0,0280535;0,02740725;0,02218775;0,004616025;0;0,000295083;0;0;0,000229507;0,71
4220;0,001256488;0,000571627;0,000451425;0;0,001234425;0,000560415;0,000440045;0;0;0;0;0;0;0,71
4221;0;0;0;0;0;0;0;0;0;0;0;0;0;0,71
4222;0;0;0;0;0;0;0;0;0;0;0;0;0;0,71
4223;0;0;0;0;0;0;0;0;0;0;0;0;0;0,71
4224;0;0;0;0;0;0;0;0;0;0;0;0;0;0,71
4225;0;0;0;0;0;0;0;0;0;0,000737705;0,000213123;0,00047541;0,000868855;0,71
4226;0;0;0;0;0;0;0;0;0;0,001429508;0,001429508;0,002469958;0,007114803;0,71
4227;0;0;0;0;0;0;0;0;0;0,011871;0,023822;0,0187705;0,02452475;0,71
4228;0;0;0;0;0;0;0;0;0;0,012131;0,037361;0,03638725;0,03674125;0,71
4229;0,025276514;0,027249302;0,014277539;0,034741346;0,024893675;0,02679855;0,01384535;0,0344325;0;0,004513705;0,00458458;0,00478808;0,012308;0,71
4230;0,051547488;0,068457651;0,039148516;0,10151612;0,051065;0,0677775;0,03844825;0,1015425;0;0,008043725;0,00098361;0,00098361;0,01131355;0,71
4231;0,06612103;0,122968776;0,080274636;0,11364276;0,06578325;0,1227975;0,07954725;0,113995;0;0,00098361;0,000131148;0,000655738;0,001057933;0,71
4232;0,096961105;0,168196263;0,127381725;0,147821621;0,09692975;0,1689175;0,1271205;0,1486965;0;0,00098361;0,000540985;0,00098361;0,006557377;0,71
4233;0,117796618;0,204394145;0,160681224;0,445828934;0,118135;0,20611;0,161055;0,4631625;4,84E-06;0,00098361;0,00098361;0,00098361;0,012131;0,71
4234;0,156595027;0,225995369;0,190023829;0,421148013;0,1574975;0,22871;0,1909725;0,441235;2,39E-05;0,00098361;0,000590173;0,00098361;0,002469958;0,71
4235;0,145901566;0,234637303;0,184134119;0,349448132;0,1469325;0,23786;0,1852075;0,363035;2,82E-05;0,004327955;0,001429508;0,004327955;0,0108305;0,71
4236;0,190134592;0,233592276;0,180168316;0,322804776;0,1918575;0,236845;0,181155;0,33224;3,03E-05;0,02054075;0,02525;0,027623;0,03497275;0,71
4237;0,156814145;0,219638526;0,179578382;0,204264118;0,158265;0,2224025;0,180535;0,2087175;2,80E-05;0,05934425;0,1133545;0,07586875;0,0927375;0,71
4238;0,16320229;0,217912066;0,135364618;0,16896679;0,164495;0,2205;0,135805;0,1708125;1,04E-05;0,038689;0,04352475;0,042055;0,05322425;0,71
4239;0,174030592;0,188446658;0,127226416;0,141650427;0,1755925;0,190475;0,12731325;0,1428385;0;0,0223115;0,012131;0,0223115;0,038689;0,71
4240;0,137541355;0,137546171;0,079485087;0,031124206;0,1386325;0,1384125;0,07925125;0,0311455;0;0,012131;0,01131355;0,012131;0,03674125;0,71
4241;0,089936795;0,100827221;0,05837387;0,090730919;0,090233;0,101002;0,05790025;0,0904355;0;0,007114803;0,0006317;0,002912575;0,008778025;0,71
4242;0,055718443;0,06033823;0,032884619;0,065231313;0,05553225;0,06009925;0,032466;0,06513;0;0,000311475;0;0;0,000311475;0,71
4243;0,022858097;0,019886104;0,013938267;0,033537639;0,022642075;0,01965535;0,013621775;0,033286;0;2,30E-05;0;0;2,30E-05;0,71
4244;0,00046483;0,000511976;0,000334552;0,004108663;0,00045454;0,000497028;0,00032115;0,00405235;0;0,00428861;0,0006317;0,00279782;0,005774833;0,71
4245;0;0;0;0;0;0;0;0;0;0,02054075;0,0228218;0,02718025;0,03104375;0,71
4246;0;0;0;0;0;0;0;0;0;0,05322425;0,0738795;0,045574;0,077654;0,71
4247;0;0;0;0;0;0;0;0;0;0,0187705;0,010497178;0,010284203;0,01936;0,71
4248;0;0;0;0;0;0;0;0;0;0,005256805;0,000721313;0,000911477;0,001330433;0,71
4249;0;0;0;0;0;0;0;0;0;0,000409833;0;6,55E-06;0,000131148;0,71
4250;0;0;0;0;0;0;0;0;0;0,000622952;0;1,64E-05;0,000540985;0,71
4251;0;0;0;0;0;0;0;0;0;0,002469958;0,000672125;0,00093443;0,005071153;0,71
4252;0,002582528;0;0;0;0,002224725;0;0;0;0;0,009715775;0,000944265;0,00098033;0,000977053;0,71
4253;0,040148755;0,000732429;0,0055338;0,001273081;0,0395365;0;0,0051899;0;0;0,00037705;2,30E-05;8,52E-05;7,21E-05;0,71
4254;0,133219184;0,080201676;0,018855501;0,024741118;0,13545025;0,07785425;0,018234;0,0234431;0;0;0;0;0;0,71
4255;0,304979132;0,194767382;0,036343078;0,077841939;0,318785;0,19661;0,03569575;0,077421;2,82E-05;0;0;0;0;0,71
4256;0,494006092;0,514499684;0,056545074;0,054047124;0,5261725;0,5386675;0,05587225;0,0538735;0,000125033;0;0;0;0;0,71
4257;0,625638474;0,361494829;0,069056736;0,058305726;0,6774625;0,38037;0,06843875;0,0579685;0,000218981;0,000672125;0,00036502;0,000459025;0,002830608;0,71
4258;0,706247566;0,463806276;0,076754534;0,120546434;0,7758975;0,485345;0,07617725;0,12070475;0,000295723;0,0108305;0,026656925;0,0143715;0,03728425;0,71
4259;0,742878868;0,434995816;0,079314127;0,34536675;0,8244275;0,4560875;0,07877375;0,353355;0,000350388;0,0187705;0,040525;0,038689;0,08459;0,71
4260;0,738901027;0,560008895;0,073774283;0,378537908;0,82378;0,590705;0,07325775;0,3895625;0,000349289;0,0376265;0,078878;0,045574;0,13048;0,71
4261;0,70845079;0,233259987;0,068735282;0,362838434;0,789085;0,2442875;0,06819925;0,374465;0,000329692;0,008106178;0,011951508;0,011912678;0,041754;0,71
4262;0,635631237;0,572448079;0,066101767;0,29420621;0,7030375;0,60454;0,06554325;0,30255;0,000269465;0,000409833;2,30E-05;0,00018032;0,006161;0,71
4263;0,527531211;0,229956355;0,060904567;0,236118158;0,57627;0,2436725;0,0603515;0,240725;0,000187992;0,000868855;0;0,000278688;0,01178425;0,71
4264;0,39597829;0,088582595;0,049316092;0,20683575;0,4257475;0,08979;0,04879175;0,2100325;0,000116999;0,008869903;0,0061431;0,005947605;0,0433225;0,71
4265;0,236142237;0,021906448;0,031970582;0,15677321;0,249555;0,021742875;0,03151275;0,158795;3,58E-05;0,05938525;0,13030475;0,06637475;0,194365;0,71
4266;0,083001336;0,008697051;0,017734867;0,080742008;0,08580475;0,00837505;0,01735275;0,0812335;0;0,0390545;0,0737965;0,06155075;0,1131625;0,71
4267;0,027200301;0,001910342;0,005407939;0,028362592;0,027015;0,001801958;0,005166;0,028138;0;0,008106178;0,004305897;0,00885257;0,014797775;0,71
4268;0,000897254;0;0,000120431;0,001635336;0,000879175;0;9,97E-05;0,00160252;0;0,000491795;0;0,00010273;0,000442623;0,71
4269;0;0;0;0;0;0;0;0;0;0,0089726;0,005513623;0,007455825;0,008043653;0,71
4270;0;0;0;0;0;0;0;0;0;0,0355905;0,0223115;0,0320495;0,0223115;0,71
4271;0;0;0;0;0;0;0;0;0;0,0223115;0,012131;0,0223115;0,012131;0,71
4272;0;0;0;0;0;0;0;0;0;0,012131;0,012131;0,012131;0,012131;0,71
4273;0;0;0;0;0;0;0;0;0;0,015672;0,012131;0,015672;0,012308;0,71
4274;0;0;0;0;0;0;0;0;0;0,03674125;0,01699975;0,0342625;0,03674125;0,71
4275;0;0;0;0;0;0;0;0;0;0,012308;0,003101652;0,010644875;0,01699975;0,71
4276;0,002866475;0;0;0;0,002470925;0;0;0;0;0,0355905;0,0197233;0,032492;0,012131;0,71
4277;0,040781309;0,026773863;0,012458014;0,016025262;0,04014875;0,026314475;0,01205065;0,015682725;0;0,040984;0,0223935;0,040984;0,01832775;0,71
4278;0,13465742;0,070765378;0,040526795;0,045720624;0,136951;0,0700945;0,0397925;0,04522;0;0,127265;0,22284075;0,1564155;0,089258;0,71
4279;0,317468881;0,120758329;0,067769957;0,079490143;0,331925;0,12046275;0,06707175;0,0791615;2,66E-05;0,293025;0,74833;0,4099975;0,2817325;0,71
4280;0,5048055;0,169823518;0,098441479;0,123002487;0,53781;0,1705735;0,09795975;0,1232025;0,000174244;0,453935;0,9816375;0,68015;0,603395;0,71
4281;0,644256316;0,199537421;0,130929276;0,13090279;0,698115;0,201135;0,130795;0,1315325;0,000297469;0,9117525;1;0,992505;0,98111;0,71
4282;0,730521553;0,243021592;0,11917875;0,155887105;0,8037725;0,24595;0,1191825;0,15692;0,00039176;0,71859;0,951175;0,864345;0,9609875;0,71
4283;0,768761329;0,249640895;0,141148382;0,134452027;0,8553125;0,253275;0,1412325;0,1353375;0,000445403;0,351585;0,45807;0,3956775;0,7454975;0,71
4284;0,764419895;0,256180737;0,133527395;0,139260592;0,855035;0,2600775;0,1336775;0,140105;0,000461899;0,135695;0,06647975;0,0911405;0,3427525;0,71
4285;0,731838671;0,258150395;0,139973329;0,142778526;0,81807;0,2622275;0,140115;0,1436925;0,000438167;0,08459;0,007858;0,03559025;0,1626025;0,71
4286;0,663126987;0,224986461;0,124911947;0,108712113;0,736595;0,2282675;0,12497;0,1092495;0,000376744;0,164973;0,088367;0,11937975;0,400115;0,71
4287;0,557812895;0,183623645;0,090843367;0,086462685;0,6121025;0,18553;0,09061925;0,086553;0,000277105;0,6445675;0,853875;0,7652525;0,9674625;0,71
4288;0,413105645;0,149012566;0,070562874;0,086319174;0,4459675;0,149995;0,07012025;0,08622;0,000151957;0,81041;1;0,94;1;0,71
4289;0,245142947;0,107146741;0,057187982;0,057383503;0,2599875;0,10740925;0,0566655;0,0572055;2,28E-05;0,94219;1;0,9573375;1;0,71
4290;0,082561172;0,054854009;0,031096997;0,03170788;0,08572025;0,054608;0,0307025;0,03144675;0;0,9943475;1;0,998775;1;0,71
4291;0,023124218;0,020053381;0,00938725;0,009281856;0,022954;0,019799075;0,00914225;0,009099775;0;1;1;1;1;0,71
4292;0,001340764;0,000542121;0,000268029;0,000221081;0,001311975;0,00052688;0,000249763;0,000204743;0;1;1;1;1;0,71
4293;0;0;0;0;0;0;0;0;0;0,9935925;0,9960375;0,991585;0,9922775;0,71
4294;0;0;0;0;0;0;0;0;0;0,8257925;0,57581;0,5904225;0,70832;0,71
4295;0;0;0;0;0;0;0;0;0;0,5654775;0,2417575;0,355355;0,4380325;0,71
4296;0;0;0;0;0;0;0;0;0;0,5996775;0,20348;0,2775;0,43754;0,71
4297;0;0;0;0;0;0;0;0;0;0,9583925;0,79111;0,69829;0,8731975;0,71
4298;0;0;0;0;0;0;0;0;0;0,55399;0,2271;0,3407125;0,52028;0,71
4299;0;0;0;0;0;0;0;0;0;0,5077075;0,168465;0,2769425;0,39344;0,71
4300;0;0;0;0;0;0;0;0;0;0,52443;0,10064975;0,15861275;0,290785;0,71
4301;0,039887499;0,034759165;0,030711253;0,039350779;0,039487;0,0342976;0,030225;0,03899125;0;0,3105475;0,02009825;0,0639345;0,14131425;0,71
4302;0,11620789;0,101267866;0,121051129;0,11378025;0,11655475;0,1011355;0,121872;0,11388525;0;0,240325;0,002469958;0,0355905;0,07923475;0,71
4303;0,244796211;0,210871381;0,268639184;0,217413632;0,24998;0,2134625;0,277075;0,220705;0;0,12565;0,00098361;0,012131;0,038689;0,71
4304;0,308227381;0,325903737;0,419763474;0,161442118;0,3173425;0,33466;0,440175;0,16403;2,43E-05;0,09908275;0,00509828;0,02285425;0,05765275;0,71
4305;0,443967632;0,425491855;0,543016381;0,187979526;0,4625775;0,4408625;0,5774375;0,189855;6,03E-05;0,28896;0,15609875;0,193152;0,291595;0,71
4306;0,313440474;0,484003698;0,603064461;0,288701763;0,3264;0,5070775;0,649075;0,29385;8,60E-05;0,7526175;0,845005;0,770375;0,85183;0,71
4307;0,341092737;0,529375658;0,679392316;0,457610763;0,349845;0,560065;0,73858;0,47398;0,000125021;0,9700525;1;0,997945;0,9993875;0,71
4308;0,314943;0,488776145;0,669406776;0,368530697;0,32333;0,5172275;0,732155;0,383935;0,000154951;0,833645;0,935805;0,9273725;0,9611675;0,71
4309;0,318424816;0,48151875;0,634716237;0,219426632;0,3266525;0,506655;0,6940275;0,2245725;0,000147087;0,2741325;0,17653025;0,29896;0,431505;0,71
4310;0,494039803;0,437456685;0,555012513;0,108898244;0,51543;0,4593075;0,6024475;0,1102285;0,000114035;0,1232355;0,0355905;0,1087425;0,2114325;0,71
4311;0,544827119;0,392438684;0,478157329;0,114398116;0,5815375;0,411325;0,5127775;0,114787;7,70E-05;0,08459;0,012131;0,07540975;0,15705;0,71
4312;0,423317527;0,294781697;0,357769816;0,096207193;0,45404;0,3066625;0,3785975;0,09644825;3,30E-05;0,09425;0,020931075;0,05808675;0,13799175;0,71
4313;0,262373842;0,172501579;0,209339961;0,028717395;0,27763;0,1762225;0,2181675;0,028680875;0;0,322135;0,3658625;0,3826725;0,55671;0,71
4314;0,096646875;0,078990506;0,082928617;0,008002734;0,10021775;0,0795895;0,0846535;0,007753675;0;0,24975;0,16655975;0,21728;0,3264375;0,71
4315;0,028890884;0,029672391;0,023116849;0,001259627;0,028728;0,02945055;0,022874275;0,00116231;0;0,09908275;0,0105715;0,03303475;0,0705345;0,71
4316;0,004208398;0,000670351;0,000538408;0;0,004126525;0,000658398;0,000526592;0;0;0,134103;0,0228218;0,052282;0,091955;0,71
4317;0;0;0;0;0;0;0;0;0;0,233525;0,0738795;0,09074825;0,1526225;0,71
4318;0;0;0;0;0;0;0;0;0;0,1039135;0,010497178;0,02219125;0,05326425;0,71
4319;0;0;0;0;0;0;0;0;0;0,147698;0,0286589;0,0532175;0,09335125;0,71
4320;0;0;0;0;0;0;0;0;0;0,3531125;0,4129925;0,416115;0,587735;0,71
4321;0;0;0;0;0;0;0;0;0;0,39344;0,535575;0,5936075;0,7891475;0,71
4322;0;0;0;0;0;0;0;0;0;0,405135;0,3097375;0,336995;0,474655;0,71
4323;0;0;0;0;0;0;0;0;0;0,9095875;0,963305;0,8932875;0,934305;0,71
4324;0;0;0;0,003438996;0;0;0;0,003050125;0;0,92546;0,9981625;0,9952825;0,9988625;0,71
4325;0,017226151;0,035435783;0,03309555;0,054034603;0,0168411;0,03494;0,03258625;0,05327575;0;0,9664625;0,9999425;0,99996;1;0,71
4326;0,056190872;0,102979638;0,120961074;0,151991132;0,0556975;0,102622;0,121249;0,15459425;0;0,80071;0,81668;0,91621;0,9853775;0,71
4327;0,106626876;0,199330342;0,249799816;0,307825263;0,10658675;0,2014075;0,25585;0,321325;6,84E-05;0,5308525;0,3728075;0,6011475;0,84516;0,71
4328;0,158328711;0,256373369;0,391740395;0,487076171;0,159225;0,2608;0,40783;0,518845;0,000137051;0,9037;0,824705;0,895775;0,970795;0,71
4329;0,230661868;0,302024645;0,479751355;0,61767075;0,2333825;0,308775;0,5048325;0,669615;0,00025555;0,99968;1;0,999995;1;0,71
4330;0,241145842;0,352516512;0,53281654;0,700976684;0,2449275;0,3616335;0,5668175;0,769975;0,00025216;1;0,5333325;1;1;0,71
4331;0,209956382;0,360803763;0,61610321;0,361030105;0,2129975;0,3709775;0,6617375;0,3898025;0,000225429;1;0;1;1;0,71
4332;0,218778908;0,403136961;0,620817869;0,404071224;0,221735;0,4166875;0,6726475;0,4194625;0,00021469;1;0;1;1;0,71
4333;0,20478904;0,388087619;0,595489224;0,394550408;0,207495;0,4017525;0,6465025;0,409685;0;1;0,71666675;1;1;0,71
4334;0,161887579;0,345804987;0,529089118;0,359985079;0,16352;0,3573;0,5711575;0,3729775;0;1;1;1;1;0,71
4335;0,127606382;0,297500211;0,44184146;0,299554145;0,1284425;0,3057025;0,471505;0,309055;9,15E-05;1;0,61666825;1;1;0,71
4336;0,122299382;0,220907487;0,335345092;0,220604092;0,1228625;0,2253275;0,353015;0,2256725;0,000103589;1;1;1;1;0,71
4337;0,090023961;0,158772486;0,204220776;0,144284424;0,0902035;0,160956;0,2118625;0,14637875;0;1;1;1;1;0,71
4338;0,059544348;0,074995086;0,070893959;0,075278495;0,05937;0,07523575;0,0720775;0,07580525;0;1;1;1;1;0,71
4339;0,018781531;0,025352724;0,022948682;0,024575624;0,018589;0,025129;0,022718175;0,02442395;0;1;1;1;1;0,71
4340;0,000648232;0,000643828;0,000464565;0,000378442;0,000629863;0,000631042;0,000454685;0,000370868;0;1;1;1;1;0,71
4341;0;0;0;0;0;0;0;0;0;1;1;1;1;0,71
4342;0;0;0;0;0;0;0;0;0;1;1;1;1;0,71
4343;0;0;0;0;0;0;0;0;0;1;0,99979;1;1;0,71
4344;0;0;0;0;0;0;0;0;0;0,9972875;0,802325;0,997375;1;0,53
4345;0;0;0;0;0;0;0;0;0;1;0,9785675;1;1;0,53
4346;0;0;0;0;0;0;0;0;0;1;1;1;1;0,53
4347;0;0;0;0;0;0;0;0;0;1;0,9998375;1;1;0,53
4348;0;0;0;0;0;0;0;0;0;0,9999425;0,971675;0,9999125;1;0,53
4349;0,013002512;0,023528407;0,03183887;0,037545942;0,012637325;0,023071975;0,03137725;0,037196825;0;0,910525;0,4376325;0,86847;0,8922175;0,53
4350;0,038169225;0,063434061;0,129959858;0,129595303;0,0376565;0,06278975;0,13077875;0,131113;0;0,76721;0,25902;0,5882;0,6054125;0,53
4351;0,068338942;0,109515869;0,274389237;0,281461224;0,067938;0,10921825;0,2834325;0,291115;0;0,76721;0,25902;0,598525;0,55397;0,53
4352;0,097369484;0,155393487;0,439460053;0,420180039;0,097326;0,15581;0,4628925;0,4416225;0;0,62951;0,1825425;0,410055;0,32789;0,53
4353;0,117957947;0,19164675;0,547487842;0,535231658;0,11833;0,193;0,58478;0,57038;0;0,45754;0,12081925;0,2335275;0,170645;0,53
4354;0,137717131;0,228456237;0,57435754;0,590738447;0,1384375;0,2309725;0,61758;0,6374875;0;0,4380325;0,1090825;0,16328;0,1365175;0,53
4355;0,153549039;0,2443965;0,569982395;0,624713842;0,1545225;0,2477725;0,6131125;0,67938;0;0,8129975;0,3857475;0,3630725;0,325425;0,53
4356;0,15221025;0,243941408;0,550129303;0,623363013;0,15327;0,2474825;0,5891725;0,6797075;0;0,99947;0,9782575;0,871465;0,826105;0,53
4357;0,145299592;0,239710737;0,520818;0,587136237;0,1463075;0,2431625;0,5548375;0,6390375;0;1;0,98855;0,8171075;0,7144725;0,53
4358;0,130801658;0,214714382;0,491499474;0,529004842;0,131555;0,2174575;0,5216025;0,5723625;0;0,9962375;0,8190475;0,4964575;0,4659025;0,53
4359;0,112451092;0,185289908;0,37314904;0,431916118;0,112915;0,1871325;0,3920075;0,4620925;0;0,9950125;0,79313;0,451475;0,40366;0,53
4360;0,089925477;0,144589263;0,26755804;0,320132013;0,0900715;0,14554275;0,2762725;0,33732;0;0,9999125;0,986025;0,809305;0,684795;0,53
4361;0,060269365;0,097180705;0,179132921;0,195068369;0,0601095;0,09734075;0,1829025;0,2025125;0;0,9848075;0,844875;0,67801;0,500535;0,53
4362;0,032747609;0,050247225;0,074582132;0,07506949;0,0324965;0,05004775;0,07508575;0,0765645;0;0,4935525;0,196299;0,20381025;0,1341855;0,53
4363;0,01061583;0,01611917;0,028077257;0,022717957;0,010406725;0,015846;0,02778725;0,022508525;0;0,12871525;0,011990853;0,03213225;0,0174425;0,53
4364;0,000311904;0,000469807;0,000693428;0,000394298;0,000294077;0,000454253;0,000678948;0,000387173;0;0,148595;0,009344225;0,03860025;0,015672;0,53
4365;0;0;0;0;0;0;0;0;0;0,15705;0,012131;0,038689;0,038689;0,53
4366;0;0;0;0;0;0;0;0;0;0,15705;0,02054075;0,05322425;0,04710425;0,53
4367;0;0;0;0;0;0;0;0;0;0,2386225;0,07005475;0,148981;0,12565;0,53
4368;0;0;0;0;0;0;0;0;0;0,3508725;0,13893425;0,25868;0,15705;0,53
4369;0;0;0;0;0;0;0;0;0;0,5119675;0,232295;0,3849175;0,23658;0,53
4370;0;0;0;0;0;0;0;0;0;0,87435;0,7906225;0,8168625;0,794715;0,53
4371;0;0;0;0;0;0;0;0;0;0,9112025;0,874805;0,8887475;0,8789025;0,53
4372;0;0;0;0;0;0;0;0;0;0,5427875;0,2400875;0,4433325;0,2551825;0,53
4373;0,035101326;0,035338745;0,034191864;0,037829471;0,03474525;0,03483275;0,0337135;0,03745575;0;0,56066;0,204635;0,39344;0,204635;0,53
4374;0,120842124;0,0950502;0,120278917;0,122196083;0,12185575;0,0946165;0,1213265;0,1227615;0;0,57856;0,25902;0,443605;0,25902;0,53
4375;0,256792342;0,191349857;0,277362987;0,198704289;0,264405;0,19308025;0,2876775;0,2015825;4,72E-05;0,7539;0,31951;0,5882;0,36342;0,53
4376;0,399486592;0,282409934;0,446938974;0,273197329;0,4185125;0,2880475;0,472335;0,2793275;0,000203069;0,507215;0,22503;0,400055;0,2349625;0,53
4377;0,499185474;0,378287487;0,573078947;0,370401632;0,5291425;0,39055;0,615075;0,3824375;0,000357857;0,5847525;0,364315;0,463115;0,39612;0,53
4378;0,566919553;0,411526066;0,65025679;0,384661184;0,608795;0,4267975;0,708545;0,3992825;0,000534929;0,50492;0,4002825;0,3816625;0,415735;0,53
4379;0,611602855;0,417143684;0,694078066;0,438012908;0,66308;0,4339875;0,764495;0,456465;0,000368972;0,7038675;0,8826925;0,666885;0,8071;0,53
4380;0,615404921;0,392084724;0,694858224;0,426953448;0,66995;0,4071775;0,7693075;0,446675;0,000306976;0,5423625;0,5684075;0,422985;0,5559;0,53
4381;0,595407355;0,38114325;0,660509605;0,335140421;0,64761;0,394695;0,7306475;0,347215;0,00029033;0,32175;0,2769425;0,2134725;0,2836625;0,53
4382;0,533524461;0,337324381;0,592077237;0,175275474;0,5771975;0,3484675;0,6503375;0,17929;0,000169418;0,380545;0,448905;0,2833225;0,4164075;0,53
4383;0,454680356;0,279636039;0,492277224;0,138161629;0,48763;0,2867;0,533945;0,1395095;0,000137295;0,57295;0,9203875;0,5444275;0,8298425;0,53
4384;0,339399987;0,230522211;0,367011316;0,085569837;0,35905;0,2351825;0,39222;0,0858615;6,69E-05;0,4659025;0,5661675;0,3597275;0,552665;0,53
4385;0,208858382;0,161092974;0,223799369;0,019938259;0,2176625;0,163315;0,23519;0,019868125;2,49E-05;0,2918775;0,23175;0,1870725;0,2434775;0,53
4386;0,081276561;0,077640158;0,081127512;0,021373678;0,083229;0,0780315;0,0835125;0,02091025;0;0,478345;0,339095;0,3312375;0,372085;0,53
4387;0,026875934;0,025722095;0,024078225;0,004508807;0,0267441;0,025479725;0,02380175;0,003906425;0;0,7293425;0,6434725;0,6434725;0,5601025;0,53
4388;0,000524394;0,000586149;0,000804726;5,82E-05;0,000515408;0,00057309;0,000783913;0;0;0,862245;0,76721;0,868005;0,6742625;0,53
4389;0;0;0;0;0;0;0;0;0;0,9054425;0,7086875;0,9112025;0,7018;0,53
4390;0;0;0;0;0;0;0;0;0;0,7293425;0,462665;0,6752575;0,437885;0,53
4391;0;0;0;0;0;0;0;0;0;0,3395625;0,095717;0,180745;0,091902;0,53
4392;0;0;0;0;0;0;0;0;0;0,25902;0,040984;0,07846975;0,040984;0,53
4393;0;0;0;0;0;0;0;0;0;0,3710375;0,1231505;0,1910825;0,1224705;0,53
4394;0;0;0;0;0;0;0;0;0;0,54115;0,2515425;0,3374325;0,2471225;0,53
4395;0;0;0;0;0;0;0;0;0;0,5732825;0,3038275;0,3973425;0,3441525;0,53
4396;0;0;0;0;0;0;0;0;0;0,8703175;0,5565025;0,5746225;0,5233125;0,53
4397;0,041692457;0,046446339;0,030929167;0,037217866;0,0413455;0,045892075;0,03049425;0,03686125;0;0,7052725;0,3104925;0,3597275;0,31758;0,53
4398;0,132407483;0,139633575;0,12650164;0,104617729;0,13452325;0,14142225;0,12742775;0,1048295;0;0,3597275;0,10270425;0,1404525;0,105233;0,53
4399;0,312751816;0,286404632;0,265783421;0,202576184;0,32692;0,297835;0,274905;0,2054425;4,06E-05;0,25392;0,069201;0,07540975;0,06928975;0,53
4400;0,492209802;0,480334066;0,427642105;0,277495421;0,5253325;0,5102775;0,4505975;0,28367;0,000200046;0,117688;0,007930128;0,02452475;0,015672;0,53
4401;0,628645934;0,633818092;0,54665471;0,34254229;0,6837625;0,687425;0,5848675;0,35271;0,000344244;0,08459;0,00098361;0,015672;0,012131;0,53
4402;0,693830053;0,718455592;0,626312684;0,374776776;0,764235;0,791335;0,6792425;0,3875675;0,000452979;0,0561955;0,004699478;0,03337725;0,01205675;0,53
4403;0,357358066;0,425600211;0,679572908;0,400011513;0,383305;0,464655;0,7449875;0,4149325;0,000522469;0,01359265;0,00070928;0,00730065;0,002482355;0,53
4404;0,399483221;0,409026671;0,66572029;0,432197842;0,4143015;0,4278475;0,7337025;0,45087;0,000549262;0,05857275;0,036400175;0,057776;0,0372425;0,53
4405;0,400538842;0,341217948;0,638539974;0,442506039;0,4157675;0,35335;0,703665;0,4638875;0,000528035;0,12686075;0,1099505;0,146905;0,1099505;0,53
4406;0,335935027;0,283151566;0,570923882;0,345759237;0,3480375;0,29002;0,62492;0,3610425;0,000456398;0,05474775;0,04594;0,06750925;0,04549725;0,53
4407;0,285696711;0,228040634;0,479375724;0,266879013;0,293925;0,2323185;0,51797;0,274745;0,000342497;0,005716877;0,002912575;0,008859128;0,004327955;0,53
4408;0,220129737;0,166992316;0,359900803;0,209113137;0,225279;0,1687075;0,3834;0,21343575;0,000197167;0,00098361;0;0,000786888;0,00037705;0,53
4409;0,149116105;0,125039807;0,220500553;0,130897251;0,1513225;0,12569125;0,2312575;0,13277625;4,34E-05;0,00034427;0;3,93E-05;6,55E-06;0,53
4410;0,07786048;0,056035322;0,081193488;0,060629104;0,07832425;0,0559065;0,0834515;0,060787;0;0,007291803;0,001604385;0,004305003;0,004255823;0,53
4411;0,027348387;0,020379121;0,024287231;0,019402383;0,0271815;0,02014895;0,0240175;0,019238075;0;0,03674125;0,027106;0,027623;0,012131;0,53
4412;0,000516602;0,000461187;0,00062489;0,000305152;0,000507763;0,00044815;0,000611025;0,000296975;0;0,03806925;0,02186575;0,0222745;0,01168525;0,53
4413;0;0;0;0;0;0;0;0;0;0,00892015;0,000915835;0,00185137;0,000948625;0,53
4414;0;0;0;0;0;0;0;0;0;0,02983625;0,007300553;0,00953005;0,00822945;0,53
4415;0;0;0;0;0;0;0;0;0;0,0320495;0,008601025;0,0108305;0,008786825;0,53
4416;0;0;0;0;0;0;0;0;0;0,00377053;0,000311475;0,00098361;0,000409833;0,53
4417;0;0;0;0;0;0;0;0;0;0,00098361;0;0,000131148;0;0,53
4418;0;0;0;0;0;0;0;0;0;0,000953007;0;0;0;0,53
4419;0;0;0;0;0;0;0;0;0;3,06E-05;0;0;0;0,53
4420;0;0;0;0,001965857;0;0;0;0,001586008;0;0;0;0;0;0,53
4421;0,030308653;0,015175203;0,03900958;0,036190417;0,03004375;0,014756925;0,03845775;0,03562;0;0;0;0;0;0,53
4422;0,145250953;0,053906984;0,117026574;0,14086714;0,147434;0,05319825;0,1178005;0,1430815;0;0;0;0;0;0,53
4423;0,291042237;0,091843366;0,267663987;0,302530303;0,3031675;0,09141525;0,2766575;0,3154275;3,02E-05;0;0;0;0;0,53
4424;0,468853224;0,129029447;0,431138369;0,482072566;0,497505;0,12905;0,45355;0,511995;0,000194041;0;0;0;0;0,53
4425;0,602879053;0,144560369;0,550663855;0,604203395;0,65002;0,144995;0,587735;0,6521625;0,000343838;0;0;0;0;0,53
4426;0,677937947;0,175944869;0,640119553;0,683271434;0,740525;0,176805;0,691655;0,7482225;0,000454073;0;0;0;0;0,53
4427;0,715647987;0,222617092;0,673911947;0,715395158;0,789615;0,2247175;0,7351775;0,79078;0,000519319;0;0;0;0;0,53
4428;0,721381184;0,220753381;0,680196553;0,718395395;0,7996975;0,22335;0,745075;0,797925;0,000538782;0;0;0;0;0,53
4429;0,675462631;0,212438921;0,625395276;0,674027526;0,7479675;0,2149425;0,683855;0,74815;0,000509216;0;0;0;0;0,53
4430;0,619115487;0,216426395;0,580724013;0,611915882;0,680645;0,2189175;0,63158;0,6739625;0,000442201;0;1,64E-05;0;0,000131148;0,53
4431;0,510895066;0,183847579;0,487408461;0,51874721;0,5547075;0,1856375;0,5247475;0,5641575;0,000322787;0,000868855;0,00093443;0;0,00098361;0,53
4432;0,37806596;0,151244684;0,365966289;0,373616171;0,4043125;0,1521775;0,3887625;0,40002;0,000176273;0,000911477;0,00098361;0;0,000953007;0,53
4433;0,237813316;0,114745094;0,217618303;0,220567974;0,2503075;0,11505825;0,227515;0,23226;2,36E-05;6,55E-06;0,000131148;0;3,06E-05;0,53
4434;0,088369015;0,067740821;0,092996747;0,080487494;0,091087;0,067619;0,09524125;0,082908;0;0;3,06E-05;0;8,52E-05;0,53
4435;0,025567026;0,022121329;0,025883303;0,025199822;0,02540925;0,021875625;0,02563245;0,02487025;0;0,000295083;0,000953008;0,000491803;0,00098033;0,53
4436;0,00060351;0,000798588;0,000674047;0,000433985;0,00059272;0,000777603;0,000659172;0,00042437;0;0;0,000672135;0,000377048;0,000737705;0,53
4437;0;0;0;0;0;0;0;0;0;0,000737705;0,001169407;0,002469958;0,001949733;0,53
4438;0;0;0;0;0;0;0;0;0;0,00377053;0,01821315;0,015672;0,012094;0,53
4439;0;0;0;0;0;0;0;0;0;0,012131;0,038689;0,038689;0,02054075;0,53
4440;0;0;0;0;0;0;0;0;0;0,012131;0,0677595;0,044809;0,07005475;0,53
4441;0;0;0;0;0;0;0;0;0;0,0187705;0,08459;0,08459;0,08459;0,53
4442;0;0;0;0;0;0;0;0;0;0,038689;0,08459;0,06240425;0,08459;0,53
4443;0;0;0;0;0;0;0;0;0;0,0555595;0,1218475;0,11018175;0,115878;0,53
4444;0;0,003536686;0;0;0;0,0031851;0;0;0;0,19001;0,4794975;0,551155;0,5697125;0,53
4445;0,021942182;0,035013438;0,022545841;0,0395574;0,02154025;0,03424225;0,02208325;0,039166525;0;0,1036925;0,2131525;0,2871975;0,3005525;0,53
4446;0,062672925;0,083691438;0,013544528;0,136315255;0,062172;0,08308725;0,013215;0,1376905;0;0,040117;0,0585795;0,1244425;0,107025;0,53
4447;0,113334067;0,127051362;0,150350152;0,255632219;0,1133325;0,1269875;0,15075575;0,26265875;2,11E-05;0,02142625;0,02142625;0,044809;0,041494;0,53
4448;0,173199868;0,228971526;0,245301868;0,452091869;0,1743825;0,23103;0,2481025;0,4744625;0,00017372;0,05322425;0,06087425;0,05857925;0,0669945;0,53
4449;0,205222461;0,183775342;0,351449092;0,688559171;0,20746;0,1860125;0,35973;0,7456975;0,000314054;0,02275425;0,02009825;0,02452475;0,0174425;0,53
4450;0,217697763;0,397358013;0,6923805;0,755313237;0,22056;0,4089;0,73993;0,8345325;0,000416454;0,038126;0,03027875;0,0187705;0,012131;0,53
4451;0,252995092;0,160795839;0,812028789;0,599922158;0,2570475;0,166251;0,8976275;0,6600725;0,000479358;0,082295;0,07540975;0,038689;0,0320495;0,53
4452;0,274560197;0,14288351;0,5941095;0,627771869;0,2796225;0,14391875;0,6548975;0,6830125;0,000502967;0,08459;0,08459;0,02541;0,0223115;0,53
4453;0,251355316;0,704301987;0,595116;0,449113303;0,2559025;0,758955;0,642945;0,481945;0,000480847;0,08459;0,08459;0,012131;0,012131;0,53
4454;0,281754987;0,468624474;0,214628661;0,358044316;0,28704;0,505945;0,2272465;0,3753375;0,000412877;0,08459;0,07311475;0,012131;0,012131;0,53
4455;0,224704737;0,366105947;0,236159333;0,186094145;0,2287725;0,3845925;0,2393635;0,191005;0,000306611;0,05628425;0,038689;0,012131;0,012131;0,53
4456;0,164817987;0,354133895;0,107276045;0,04592698;0,1667875;0,36969;0,1080365;0,04645425;0,000172081;0,038689;0,0223115;0,005256805;0,002469958;0,53
4457;0,123968053;0,22688629;0,154122119;0,019911701;0,12484;0,23676;0,1548525;0,01966275;2,36E-05;0,02541;0,012131;0,00098361;0,00098361;0,53
4458;0,062612728;0,086236342;0,013367765;0,008454841;0,06271825;0,0883495;0,0134442;0,0081668;0;0,012131;0,012131;0,00414208;0,00377053;0,53
4459;0,019229785;0,028809497;0,008232014;0,001988454;0,019058225;0,0286;0,007792525;0,001870978;0;0,012131;0,012131;0,012131;0,012131;0,53
4460;0,000443212;0,001896265;0,000296111;0;0,000431198;0,001859175;0,000281813;0;0;0,0209835;0,01655725;0,0209835;0,01655725;0,53
4461;0;0;0;0;0;0;0;0;0;0,07234975;0,08277475;0,092759;0,08277475;0,53
4462;0;0;0;0;0;0;0;0;0;0,08459;0,148595;0,15705;0,154795;0,53
4463;0;0;0;0;0;0;0;0;0;0,07923475;0,07158475;0,12081925;0,08633425;0,53
4464;0;0;0;0;0;0;0;0;0;0,03381975;0,02673775;0,05092925;0,0370675;0,53
4465;0;0;0;0;0;0;0;0;0;0,011644775;0,004142103;0,017295;0,012131;0,53
4466;0;0;0;0;0;0;0;0;0;0,05954625;0,05165575;0,049869;0,03932675;0,53
4467;0;0;0;0;0;0;0;0;0;0,02009825;0,010426253;0,016328;0,01331825;0,53
4468;0;0;0;0;0;0;0;0;0;0,0209835;0,013770475;0,03937725;0,03115825;0,53
4469;0,01071766;0,034048354;0,030841038;0,039175966;0,01034415;0,03354475;0,0303645;0,03883;0;0,0654645;0,0677595;0,12197775;0,1191535;0,53
4470;0,033667425;0,088121001;0,118824308;0,135233629;0,03310725;0,0876075;0,11918125;0,13693;0;0,01714215;0,009587378;0,02990325;0,02464475;0,53
4471;0,07027513;0,174056116;0,24271579;0,283907645;0,06986675;0,17514625;0,2483025;0,2943;1,59E-05;0,04956275;0,04019975;0,0638;0,06428425;0,53
4472;0,090491092;0,250685921;0,382655408;0,439879026;0,0903155;0,254385;0,397575;0,46392;0,000157007;0,1702405;0,18379575;0,20999;0,1893925;0,53
4473;0,118461198;0,311400987;0,492640816;0,552640737;0,11869;0,3180575;0,518595;0,5898325;0,000290949;0,45858;0,7757225;0,6466;0,59555;0,53
4474;0,130007053;0,382400171;0,549849987;0,600037737;0,130565;0,3934325;0,5845175;0,64733;0,000383931;0,66049;0,9937475;0,76721;0,76721;0,53
4475;0,143532197;0,422429013;0,588169224;0,647995776;0,14429;0,43658;0,62969;0,7051375;0,000444924;0,847845;1;0,8980825;0,8046475;0,53
4476;0,150399513;0,401152855;0,627925974;0,661053789;0,151405;0,41527;0,6771775;0,72207;0,000468463;0,9883625;1;0,994835;0,9755875;0,53
4477;0,12042604;0,379638316;0,631494474;0,627603316;0,12112;0,39258;0,684345;0,684885;0,000468134;0,99659;1;1;0,99615;0,53
4478;0,121692592;0,368783527;0,574437;0,575787829;0,1221875;0,3813025;0,621685;0,62585;0,000414241;1;1;1;1;0,53
4479;0,096179021;0,291222829;0,484952408;0,493199448;0,09644525;0,3001325;0,520215;0,53124;0,000309571;1;0,9;1;1;0,53
4480;0,082153997;0,22964983;0,354646776;0,34774575;0,0821295;0,23426775;0,375675;0,36963;0,000168607;1;0,9266675;1;1;0,53
4481;0,05545815;0,160860371;0,214656593;0,211658763;0,05525375;0,16302225;0,2234775;0,22109;1,56E-05;1;0,04666675;1;0,783335;0,53
4482;0,024968665;0,082498326;0,086833018;0,069184354;0,0247205;0,082827;0,08870875;0,07069825;0;1;0,9766675;1;1;0,53
4483;0,007054458;0,027213304;0,025831413;0,022303775;0,00685705;0,026983125;0,0255405;0,0220851;0;1;1;1;1;0,53
4484;0,000180005;0,000570623;0,000802185;0,000343337;0,000161975;0,000559503;0,00078158;0,0003368;0;1;1;1;1;0,53
4485;0;0;0;0;0;0;0;0;0;1;1;1;1;0,53
4486;0;0;0;0;0;0;0;0;0;1;1;1;1;0,53
4487;0;0;0;0;0;0;0;0;0;1;1;1;1;0,53
4488;0;0;0;0;0;0;0;0;0;0,985075;0,8112025;0,9983375;0,97306;0,53
4489;0;0;0;0;0;0;0;0;0;0,8564875;0,43636;0,952775;0,7798825;0,53
4490;0;0;0;0;0;0;0;0;0;0,9692;0,6434725;0,967375;0,76721;0,53
4491;0;0;0;0;0;0;0;0;0;0,99438;0,8614375;0,9888725;0,8703225;0,53
4492;0;0;0;0;0;0;0;0;0;0,5933375;0,2558025;0,5904225;0,3962325;0,53
4493;0,028626738;0,026405672;0,02962457;0,042009095;0,02823975;0,02593685;0,02916225;0,041651;0;0,3105475;0,07005475;0,2860275;0,1549455;0,53
4494;0,08662907;0,073467517;0,113587378;0,136382917;0,086236;0,072794;0,11355325;0,1385445;0;0,15732325;0,014797775;0,09684225;0,044612;0,53
4495;0,152092263;0,126046788;0,228417711;0,291509369;0,1528;0,12601;0,232785;0,30363;0;0,0273005;0,00018032;0,0108539;0,002579235;0,53
4496;0,195427145;0,168485211;0,360028421;0,462479526;0,1973775;0,169175;0,37296;0,4905025;0;0,07479175;0,003218575;0,0267255;0,00822945;0,53
4497;0,231747829;0,214755316;0,482214632;0,583996342;0,2348825;0,2167725;0,5072525;0,628575;6,48E-06;0,2011575;0,04320225;0,0677595;0,0417105;0,53
4498;0,293081724;0,244675816;0,518790553;0,677516566;0,2983475;0,247815;0,549975;0,73957;2,93E-06;0,3374325;0,13772825;0,148595;0,08459;0,53
4499;0,304666105;0,244885303;0,531757066;0,700088171;0,3119;0,24844;0,564125;0,77182;1,53E-05;0,3105475;0,12081925;0,12081925;0,07158475;0,53
4500;0,307126974;0,237700145;0,558289658;0,690726277;0,31485;0,2410525;0,5944475;0,764435;2,25E-05;0,240325;0,069201;0,04986675;0,02673775;0,53
4501;0,28414121;0,217028369;0,552573316;0,659539223;0,2907075;0,2197525;0,59114;0,7285725;1,69E-05;0,09976525;0,007930128;0,006991403;0,002830608;0,53
4502;0,286358882;0,208993224;0,492154421;0,603512329;0,2926925;0,211345;0,52539;0,662045;2,19E-05;0,040984;0,00091074;0,00080328;0,000131148;0,53
4503;0,270719605;0,184179387;0,416002342;0,495944447;0,2767425;0,185999;0,4396875;0,5377875;0;0,124885;0,02871255;0,00953005;0,008043653;0,53
4504;0,208018026;0,136643692;0,339021948;0,365662895;0,2118825;0,137364;0,3557425;0,3910375;0;0,11840525;0,0342625;0,012131;0,009344225;0,53
4505;0,142109854;0,099352867;0,214317079;0,214781803;0,143874;0,09953625;0,2229275;0,2258025;0;0,05322425;0,005628377;0,00469958;0,00098361;0,53
4506;0,068101283;0,05853255;0,086131599;0,083489175;0,068348;0,058266;0,08787475;0,0859005;0;0,03293475;0,00098361;0,00098361;0,00098361;0,53
4507;0,024580704;0,019110401;0,022650271;0,020366552;0,0244355;0,01887185;0,02242715;0,020122475;0;0,005256805;0,000131148;0,000491803;0,000131148;0,53
4508;0,000433975;0,000477524;0,000567218;0,00033489;0,00042571;0,00046295;0,000553595;0,0003283;0;0,00098361;0;0;0;0,53
4509;0;0;0;0;0;0;0;0;0;0,000819673;0;0;0;0,53
4510;0;0;0;0;0;0;0;0;0;0;0;0;0;0,53
4511;0;0;0;0;0;0;0;0;0;0;0;0;0;0,53
4512;0;0;0;0;0;0;0;0;0;0;0;0;0;0,53
4513;0;0;0;0;0;0;0;0;0;0;0;0;0;0,53
4514;0;0;0;0;0;0;0;0;0;0;0;0;0;0,53
4515;0;0;0;0;0;0;0;0;0;0;0;0;0;0,53
4516;0;0;0;0;0;0;0;0;0;0,000737705;0,000131148;0;0,000131148;0,53
4517;0,015594802;0,021300309;0,027562039;0,040734115;0,0152119;0,020840975;0,026987925;0,04031875;0;0,00098361;0,00098361;0,000868855;0,00098361;0,53
4518;0,044084218;0,06649016;0,081229848;0,105515392;0,04356;0,0657575;0,0804455;0,10573725;0;0,008601025;0,008601025;0,008043653;0,00990165;0,53
4519;0,079144851;0,107022734;0,087930537;0,214716789;0,0788115;0,10675975;0,0874145;0,2183;0;0,012131;0,012131;0,012131;0,012131;0,53
4520;0,112641316;0,168165683;0,190565605;0,23475529;0,1127675;0,16890075;0,1910725;0,23951;1,10E-05;0,012131;0,015672;0,012131;0,012131;0,53
4521;0,141268776;0,232713395;0,231995842;0,251673158;0,1420525;0,2350125;0,23436;0,2563275;3,95E-05;0,0187705;0,038689;0,015672;0,015672;0,53
4522;0,159773447;0,229349566;0,437878066;0,293026342;0,1609675;0,232405;0,451455;0,2991375;7,97E-05;0,04557425;0,05117075;0,042667;0,044809;0,53
4523;0,1704645;0,165745026;0,320399289;0,37973704;0,17192;0,1675275;0,3310125;0,3915125;8,29E-05;0,11478;0,1846775;0,14502375;0,1433185;0,53
4524;0,177644842;0,277791592;0,365578618;0,42356554;0,179295;0,28179;0,374475;0,44089;9,24E-05;0,05169425;0,064377;0,0562435;0,04227875;0,53
4525;0,171206132;0,246722527;0,265663026;0,415077711;0,17281;0,2507825;0,271555;0,4334725;8,01E-05;0,0223115;0,02223725;0,0223115;0,012131;0,53
4526;0,157789342;0,259838329;0,333452487;0,315833921;0,159105;0,26398;0,340865;0,3278975;7,46E-05;0,006929;0,002928255;0,006000075;0,004142103;0,53
4527;0,132215092;0,185701658;0,290560658;0,296907869;0,133125;0,1882475;0,297765;0,3053575;5,27E-05;0,0438855;0,04999325;0,0332885;0,03557925;0,53
4528;0,105082212;0,173166158;0,324167645;0,306419052;0,1055615;0,1746375;0,3339075;0,3167975;3,31E-05;0,011912678;0,008983603;0,008859128;0,008366203;0,53
4529;0,074475462;0,095261373;0,235677513;0,19879579;0,07449825;0,095678;0,244075;0,2058275;1,89E-07;0,00098361;0,00098361;0,00098361;0,00098361;0,53
4530;0,041985738;0,050167042;0,085018429;0,086441013;0,04178275;0,04997625;0,0871765;0,0884155;0;0,005327855;0,00364703;0,004027305;0,00302733;0,53
4531;0,014114092;0,025597365;0,027430737;0,023738953;0,01390595;0,02525025;0,027167;0,0235115;0;0,072229;0,10380975;0,0893765;0,086841;0,53
4532;0,000307693;0,001548378;0,002815864;0,002031592;0,000296005;0,001515993;0,002767375;0,001996042;0;0,2011575;0,29635;0,248815;0,2665875;0,53
4533;0;0;0;0;0;0;0;0;0;0,31055;0,5447;0,440225;0,4881975;0,53
4534;0;0;0;0;0;0;0;0;0;0,22163;0,27069;0,243475;0,2262975;0,53
4535;0;0;0;0;0;0;0;0;0;0,297105;0,420055;0,347445;0,38731;0,53
4536;0;0;0;0;0;0;0;0;0;0,39344;0,8076625;0,710475;0,72022;0,53
4537;0;0;0;0;0;0;0;0;0;0,54115;0,896805;0,9389475;0,928865;0,53
4538;0;0;0;0;0;0;0;0;0;0,56066;0,79313;0,6796375;0,68995;0,53
4539;0;0;0;0;0;0;0;0;0;0,687475;0,969465;0,8802975;0,922685;0,53
4540;0;0;0;0;0;0;0;0;0;0,29051;0,3389825;0,4347525;0,418965;0,53
4541;0,022107122;0,024515884;0,030282768;0,033496464;0,0217175;0,0240594;0,02977285;0,03314025;0;0,1099525;0,05423075;0,1808425;0,1147055;0,53
4542;0,057711217;0,061974154;0,096490362;0,133213887;0,057281;0,06132925;0,0961045;0,13471675;0;0,08459;0,038689;0,15536;0,08459;0,53
4543;0,10292522;0,147343895;0,195841302;0,238747579;0,10287525;0,14763;0,19772;0,24539;4,53E-05;0,07846975;0,01629175;0,08060325;0,04710425;0,53
4544;0,139602513;0,185407895;0,280486026;0,394129026;0,1403175;0,18692;0,285895;0,4124025;0,00015027;0,145283;0,067177;0,11505;0,0912225;0,53
4545;0,176604631;0,197033211;0,357967263;0,493767711;0,1782625;0,199125;0,3680125;0,52512;0,000240748;0,3754075;0,38018;0,3669875;0,3293625;0,53
4546;0,202744737;0,242824145;0,410505118;0,580598803;0,2053975;0,24603;0,4257425;0,6257275;0,000315873;0,56066;0,5882;0,527215;0,4431575;0,53
4547;0,233856182;0,242369053;0,443262118;0,588243869;0,237607;0,2463225;0,4624125;0,6392725;0,000363721;0,415735;0,37765;0,3060675;0,219685;0,53
4548;0,246619468;0,228600711;0,473062224;0,615308605;0,25128425;0,2321725;0,4957225;0,67188;0,000384413;0,4240975;0,3973425;0,25902;0,22163;0,53
4549;0,243113092;0,187705026;0,426043263;0,548198171;0,24785;0,19004;0,4456225;0,597375;0,000356848;0,6501625;0,6434725;0,3598325;0,3239875;0,53
4550;0,216529934;0,12566321;0,348701684;0,494015724;0,2204775;0,1265;0,362325;0,53307;0,00030505;0,76721;0,77777;0,3973425;0,39344;0,53
4551;0,1741245;0,125539686;0,303341763;0,441393592;0,1766275;0,125931;0,3129525;0,47288;0,000239321;0,8996825;0,97163;0,6434725;0,533445;0,53
4552;0,14316403;0,092695761;0,224415789;0,345812211;0,14464125;0,09280175;0,2297025;0,3678175;0,000148915;0,9810625;1;0,8692825;0,79432;0,53
4553;0,09579761;0,066899744;0,140750598;0,192345039;0,096292;0,0666735;0,142366;0,2015025;5,34E-05;0,9990025;1;0,994835;0,9755875;0,53
4554;0,055178112;0,029514048;0,071889624;0,075499298;0,05511075;0,02922975;0,072073;0,0772675;0;0,9651275;0,9963875;0,9850075;0,9051075;0,53
4555;0,018424247;0,003711255;0,024731968;0,020239246;0,01821675;0,003644315;0,0244555;0,020003;0;0,473555;0,41769;0,4620725;0,3268725;0,53
4556;0,000419944;0;0,00029699;0,000549482;0,000408258;0;0,000289925;0,000537025;0;0,16602075;0,0511005;0,101846;0,0630505;0,53
4557;0;0;0;0;0;0;0;0;0;0,012076677;0,00046448;0,004104975;0,001863398;0,53
4558;0;0;0;0;0;0;0;0;0;0,001243707;0;0,00018032;6,55E-06;0,53
4559;0;0;0;0;0;0;0;0;0;0,01168525;0,000278688;0,006000053;0,000911478;0,53
4560;0;0;0;0;0;0;0;0;0;0,007114803;0;0,000868855;0,000262295;0,53
4561;0;0;0;0;0;0;0;0;0;0,00098361;0;8,52E-05;0;0,53
4562;0;0;0;0;0;0;0;0;0;0,0143715;0,000932223;0,00302405;0,0026612;0,53
4563;0;0;0;0;0;0;0;0;0;0,0631695;0,026292;0,02718025;0,012131;0,53
4564;0;0;0;0;0;0;0;0;0;0,1063275;0,0616395;0,0677595;0,02054075;0,53
4565;0,030136247;0,017737347;0,014605856;0,028731337;0,02979525;0,017312225;0,01415525;0,0283207;0;0,202935;0,1469375;0,1574325;0,07005475;0,53
4566;0,102117853;0,055687863;0,044630329;0,093252707;0,10223825;0,055013;0,04390825;0,09304025;0;0,25732;0,2388525;0,2498425;0,084437;0,53
4567;0,200611342;0,100946894;0,081077909;0,168075868;0,2032725;0,1006285;0,080389;0,16932;0;0,147655;0,10270425;0,1090825;0,03956825;0,53
4568;0,283623513;0,136371119;0,114715958;0,226758671;0,290505;0,1365575;0,11435075;0,23007825;1,78E-05;0,15705;0,08459;0,08459;0,05475425;0,53
4569;0,377492882;0,185959303;0,143982474;0,294032842;0,39022;0,187105;0,14415;0,29998;5,74E-05;0,09425;0,05628425;0,0631695;0,040117;0,53
4570;0,4799175;0,210888237;0,168480395;0,359287753;0,5032975;0,2131175;0,1690975;0,369562;8,72E-05;0,082754;0,0523705;0,038689;0,07627675;0,53
4571;0,483148895;0,243081789;0,185217671;0,367533829;0,51026;0,24638;0,186145;0,37898;0,000107464;0,04135525;0,013639125;0,02369025;0,03010375;0,53
4572;0,489804316;0,26074129;0,18835275;0,362132921;0,5165475;0,2650325;0,189465;0,3741325;0,000106049;0,1920295;0,1840925;0,167837;0,315835;0,53
4573;0,466623513;0,259852776;0,179364079;0,342092013;0,491235;0,2644;0,18038;0,3532875;9,65E-05;0,32399;0,383585;0,306065;0,5813125;0,53
4574;0,418061093;0,219592776;0,157221079;0,326958395;0,437665;0,2228075;0,15789;0,337305;7,50E-05;0,204635;0,1865225;0,1823225;0,350765;0,53
4575;0,339168829;0,196260276;0,136780461;0,271352882;0,3533525;0,1985475;0,1371375;0,2785925;5,15E-05;0,1449725;0,08459;0,085073;0,1998775;0,53
4576;0,229017276;0,163435855;0,107225961;0,214867042;0,23585;0,1648575;0,107262;0,219451;1,81E-05;0,202935;0,13048;0,148595;0,25868;0,53
4577;0,153987999;0,118701265;0,074840981;0,137993076;0,15668025;0,1193185;0,07455975;0,13998375;0;0,2471225;0,15705;0,15705;0,25902;0,53
4578;0,072527234;0,063918288;0,040157664;0,057351478;0,0729625;0,06385225;0,03974075;0,0576295;0;0,15705;0,12081925;0,12081925;0,16839;0,53
4579;0,026001892;0,024275913;0,012720523;0,020100022;0,0258475;0,0240035;0,012469425;0,01996795;0;0,15705;0,08459;0,09425;0,08684425;0,53
4580;0,000433253;0,00085861;0,000190555;0,000261305;0,000425925;0,000838745;0,000181863;0,000255625;0;0,15705;0,08459;0,1425575;0,07923475;0,53
4581;0;0;0;0;0;0;0;0;0;0,09425;0,04710425;0,05475425;0,0223115;0,53
4582;0;0;0;0;0;0;0;0;0;0,1051205;0,0616395;0,07311475;0,0320495;0,53
4583;0;0;0;0;0;0;0;0;0;0,15705;0,08459;0,1171965;0,05628425;0,53
4584;0;0;0;0;0;0;0;0;0;0,1232355;0,05628425;0,04863425;0,038689;0,53
4585;0;0;0;0;0;0;0;0;0;0,08459;0,038689;0,03027875;0,038689;0,53
4586;0;0;0;0;0;0;0;0;0;0,0874885;0,044809;0,05245925;0,044809;0,53
4587;0;0;0;0;0;0;0;0;0;0,1456975;0,07923475;0,099272;0,07846975;0,53
4588;0;0;0;0;0;0;0;0;0;0,03913675;0,010367703;0,00970565;0,0110273;0,53
4589;0,036771924;0,032649126;0,021318007;0,037144666;0,03633575;0,03224125;0,0208158;0,036726;0;0,07387975;0,0591735;0,024443925;0,0396995;0,53
4590;0,104519487;0,115051619;0,059925999;0,110793256;0,1046255;0,1158735;0,05911725;0,111075;0;0,08459;0,05159225;0,028951;0,038689;0,53
4591;0,191059223;0,265475211;0,106958925;0,162154856;0,1933;0,2747075;0,10646025;0,1636425;2,82E-05;0,1456975;0,082652;0,038689;0,07489975;0,53
4592;0,257468961;0,418766605;0,153698329;0,275147724;0,262844;0,4410975;0,1537975;0,2809375;0,000181652;0,0748055;0,035297;0,03337725;0,0348545;0,53
4593;0,274683;0,557490237;0,220052684;0,210488527;0,2808125;0,597515;0,22156;0,2148475;0,00031469;0,0189475;0,002387988;0,006929075;0,003844853;0,53
4594;0,294124342;0,62655829;0,286652645;0,273828197;0,30044;0,681035;0,2908825;0,278755;0,000419501;0,03674125;0,0192405;0,03337725;0,01131355;0,53
4595;0,302954092;0,667884987;0,265901408;0,242070474;0,310095;0,73208;0,270375;0,2466625;0,000478145;0,02054075;0,003584805;0,02319675;0,005628377;0,53
4596;0,326626105;0,660656487;0,238359908;0,369284368;0,335095;0,7272725;0,2415825;0,37905;0,0004905;0,010273325;0,000688525;0,013754;0,00098361;0,53
4597;0,414133816;0,618660395;0,251675566;0,395930132;0,4282425;0,67971;0,2548725;0,4106;0,000469206;0,041552;0,0211203;0,07297725;0,01589265;0,53
4598;0,389448079;0,558455803;0,250806316;0,333218921;0,40536;0,6085475;0,254185;0,34583;0,000406471;0,15178;0,13723025;0,26825;0,112559;0,53
4599;0,365236698;0,470704895;0,255508934;0,220247724;0,37966;0,5068725;0,259175;0,2255375;0,000306364;0,065422;0,04227875;0,11852775;0,03141;0,53
4600;0,275272934;0,349021934;0,187317355;0,179453171;0,2845175;0,3703775;0,1894675;0,181975;0,000174176;0,01788525;0,003398905;0,038689;0,006557377;0,53
4601;0,177478697;0,217122277;0,127983699;0,067827505;0,18161825;0,22693;0,12872;0,06830775;3,58E-05;0,010273275;0,000911477;0,01522625;0,00098361;0,53
4602;0,080065149;0,093801225;0,074421043;0,01082758;0,0808695;0,0962005;0,07426575;0,010744525;0;0,00098361;6,55E-06;0,000735508;0,000131148;0,53
4603;0,025123492;0,025509478;0,025182486;0,001229009;0,024983875;0,02532325;0,0248933;0,001132655;0;0,00098361;0;0;0;0,53
4604;0,000477476;0,000897492;0,000413243;0;0,000468;0,000878965;0,000403025;0;0;0,00098361;0,000540985;0,000622952;0,000622952;0,53
4605;0;0;0;0;0;0;0;0;0;0,009344225;0,00098361;0,00098361;0,00098361;0,53
4606;0;0;0;0;0;0;0;0;0;0,012131;0,001949733;0,00098361;0,00377053;0,53
4607;0;0;0;0;0;0;0;0;0;0,0258525;0,012094;0,0108305;0,012131;0,53
4608;0;0;0;0;0;0;0;0;0;0,01655725;0,0091079;0,01269955;0,004513678;0,53
4609;0;0;0;0;0;0;0;0;0;0,13509725;0,1840925;0,16438325;0,0904285;0,53
4610;0;0;0;0;0;0;0;0;0;0,25902;0,390305;0,31055;0,334695;0,53
4611;0;0;0;0;0;0;0;0;0;0,186475;0,2328;0,1912975;0,1923425;0,53
4612;0;0;0;0;0;0;0;0;0;0,033751;0,022972553;0,02623665;0,013253098;0,53
4613;0,035027645;0,029242678;0,013534199;0,039245313;0,0346825;0,0287165;0,013087175;0,03881575;0;0,001801108;0,000131148;0,000426223;0;0,53
4614;0,127640333;0,074282108;0,032633475;0,107342744;0,1291785;0,073604;0,03195425;0,10751075;0;0,00098361;0;3,06E-05;0;0,53
4615;0,271870579;0,123871737;0,065744436;0,18703804;0,2826025;0,12383725;0,065039;0,18918;3,06E-05;0,002469958;0,000540985;0,000953008;0,000131148;0,53
4616;0,458898987;0,131273605;0,135605408;0,261637026;0,4863325;0,131545;0,13532;0,266795;0,000166397;0,012131;0,002469958;0,00302733;0,001664857;0,53
4617;0,583664053;0,160534342;0,176794855;0,354764763;0,62805;0,1612325;0,17739;0,365405;0,000365783;0,03381975;0,03160675;0,02718025;0,02572875;0,53
4618;0,662787474;0,161764776;0,151914079;0,382166606;0,72314;0,162705;0,152525;0,39633;0,000532001;0,05245925;0,04710425;0,04333;0,0621225;0,53
4619;0,711438987;0,172272829;0,170435605;0,435932487;0,78426;0,17331;0,171055;0,4545625;0,000148186;0,08459;0,10753425;0,10506975;0,16169;0,53
4620;0,717056605;0,152995224;0,14571375;0,467177329;0,795725;0,1538675;0,1462125;0,4893725;8,64E-05;0,04135;0,03501325;0,033743;0,06729975;0,53
4621;0,682707987;0,139383395;0,131844276;0,454401039;0,7578575;0,139945;0,132035;0,4764875;0,00011553;0,006743153;0,001314753;0,002469958;0,01319325;0,53
4622;0,619898053;0,114151066;0,145114184;0,407345961;0,6834475;0,1143975;0,145315;0,4260275;0,000147382;0,02142625;0,00953005;0,0108305;0,0401805;0,53
4623;0,521140658;0,104322039;0,092642065;0,341480408;0,5677975;0,10434025;0,09261975;0,355075;0,000184247;0,01008745;0,002469958;0,005256805;0,01832775;0,53
4624;0,387820342;0,105977467;0,074775727;0,258973895;0,4165025;0,10593825;0,0743565;0,2672975;9,43E-05;0,01257375;0,00284153;0,0108305;0,02009825;0,53
4625;0,23607;0,045673429;0,060479333;0,158412505;0,24952;0,0454805;0,05997275;0,16172925;2,43E-05;0,037361;0,027623;0,03027875;0,04863425;0,53
4626;0,098198763;0,038452634;0,038143461;0,075827977;0,1017245;0,03798;0,03769725;0,07637325;0;0,040984;0,03390175;0,03211675;0,042667;0,53
4627;0,024701629;0,014349367;0,012038679;0,024482631;0,024583325;0,014094875;0,01178925;0,024308025;0;0,124885;0,17654275;0,1264675;0,1327435;0,53
4628;0,000803796;0,000331895;0,000193072;0,000188531;0,000784968;0,000319025;0,00018298;0,00018477;0;0,15705;0,25902;0,22163;0,15705;0,53
4629;0;0;0;0;0;0;0;0;0;0,1473875;0,214825;0,214825;0,1319465;0,53
4630;0;0;0;0;0;0;0;0;0;0,03382525;0,020236703;0,02398005;0,010918103;0,53
4631;0;0;0;0;0;0;0;0;0;0,012131;0,00098361;0,010273275;0,00098361;0,53
4632;0;0;0;0;0;0;0;0;0;0,0099017;0,00098361;0,000819673;0,000770493;0,53
4633;0;0;0;0;0;0;0;0;0;0,012131;0,006000053;0,00098361;0,00098361;0,53
4634;0;0;0;0;0;0;0;0;0;0,003584805;0,000426223;0,00052459;0,00052459;0,53
4635;0;0;0;0;0;0;0;0;0;0,00098361;0;0;0;0,53
4636;0;0;0;0;0;0;0;0;0;0,004327955;0,000737705;0,0002459;0,0002459;0,53
4637;0,029961434;0,036165712;0,032253268;0,03237583;0,029457;0,03568555;0,03167425;0,0319615;0;0,0209835;0,014406275;0,00377053;0,003956355;0,53
4638;0,116330211;0,111842858;0,105828418;0,014751534;0,1175825;0,1126545;0,10577175;0,014479925;0;0,09988475;0,1421215;0,04879775;0,05250275;0,53
4639;0,272222132;0,252828947;0,185773895;0,02136838;0,2827125;0,261325;0,18779;0,020829725;2,96E-05;0,2412525;0,38247;0,1761085;0,1842125;0,53
4640;0,438313895;0,423189908;0,196293987;0,039554487;0,463565;0,446305;0,1983625;0,03907875;0,000136764;0,5104925;0,947125;0,634895;0,6604725;0,53
4641;0,584070987;0,548094632;0,213927;0,323946119;0,62776;0,58654;0,2158025;0,3322425;0,000400584;0,56066;0,998775;0,89143;0,939425;0,53
4642;0,664456145;0,631145329;0,310083868;0,399156711;0,7245075;0,6852;0,314975;0,4135225;0,00023526;0,5160675;0,8507325;0,7416075;0,78694;0,53
4643;0,700076132;0,677085552;0,214801066;0,46495725;0,7716875;0,7437175;0,2183475;0,485065;6,15E-05;0,2325275;0,2466025;0,3522075;0,3328425;0,53
4644;0,721677355;0,668111329;0,412855224;0,241639461;0,80057;0,73768;0,4242;0,2501375;1,43E-05;0,2291475;0,1625325;0,3622875;0,3312025;0,53
4645;0,698414684;0,645879237;0,141925409;0,407064237;0,7757075;0,7126425;0,146321;0,421345;0,000113536;0,046224;0,018131103;0,08369125;0,05359675;0,53
4646;0,63212775;0,590748079;0,117173696;0,479729685;0,69825;0,64856;0,117301;0,5035725;0;0,012131;0,00098361;0,038689;0,012131;0,53
4647;0,540042632;0,497969487;0,513493184;0,28100854;0,590065;0,54105;0,5380675;0,294495;4,34E-05;0,0320495;0,00098361;0,038689;0,0320495;0,53
4648;0,407610829;0,373478921;0,295896553;0,249551802;0,43924;0,39994;0,3118075;0,2560575;0;0,031164;0,004251355;0,040984;0,031317;0,53
4649;0,247204106;0,226854987;0,166241053;0,11217587;0,2621125;0,2390275;0,1701875;0,1143665;0;0,07693975;0,05772125;0,1235955;0,0987255;0,53
4650;0,088277515;0,084706847;0,093108956;0,012853318;0,0916065;0,0875115;0,093943;0,0128787;0;0,05322425;0,0223115;0,05177475;0,03527325;0,53
4651;0,02315552;0,021799153;0,024687663;0,001813046;0,023012;0,02164525;0,0244275;0,001704893;0;0,038689;0,012131;0,03674125;0,012131;0,53
4652;0,000883755;0,001143266;0,001180312;0;0,000862197;0,00111354;0,001154323;0;0;0,03337725;0,005665703;0,012308;0,0099017;0,53
4653;0;0;0;0;0;0;0;0;0;0,038689;0,0187335;0,015672;0,012131;0,53
4654;0;0;0;0;0;0;0;0;0;0,07168675;0,038689;0,038689;0,012131;0,53
4655;0;0;0;0;0;0;0;0;0;0,03743175;0,024443925;0,0149908;0,01045905;0,53
4656;0;0;0;0;0;0;0;0;0;0,004914855;0,00036502;0,000517315;0,000295083;0,53
4657;0;0;0;0;0;0;0;0;0;0,008601025;0,00016393;0,000311475;0,000311475;0,53
4658;0;0;0;0;0;0;0;0;0;0,012131;0,003770503;0,00953005;0,008601025;0,53
4659;0;0;0;0;0;0;0;0;0;0,012131;0,00098361;0,006557377;0,00377053;0,53
4660;0;0;0;0;0;0;0;0;0;0,03381975;0,00098361;0,00098361;0,008043653;0,53
4661;0,029181036;0,02768111;0,030601453;0,026951494;0,0286752;0,027121425;0,02999;0,026548075;0;0,042667;0,00520433;0,006213105;0,006274428;0,53
4662;0,11781853;0,116520675;0,0977403;0,083642558;0,1193685;0,11768575;0,0977805;0,0832085;0;0,1594425;0,102275;0,098542;0,0802385;0,53
4663;0,282855394;0,270103184;0,246852553;0,146554587;0,29427;0,28002;0,252865;0,14716125;0;0,39885;0,50738;0,4027275;0,41748;0,53
4664;0,462686605;0,440940908;0,384473368;0,270637014;0,4903775;0,4657125;0,4002975;0,2751465;0;0,705245;0,9785675;0,83938;0,87842;0,53
4665;0,604109487;0,582226539;0,509626105;0,276706354;0,6503125;0,6245775;0,5380475;0,28218325;0;0,77009;1;0,994835;0,997725;0,53
4666;0,704908777;0,665270013;0,599024013;0,286710434;0,76966;0,724075;0,6405175;0,292065;0;0,9112025;1;1;1;0,53
4667;0,736837461;0,704993053;0,630964737;0,343327263;0,8127875;0,7754225;0,680795;0,351515;0;0,5836075;0,93314;0,91226;0,8540925;0,53
4668;0,745139882;0,720266329;0,646421013;0,351550224;0,8259825;0,7967075;0,7012225;0,3613025;0;0,2993475;0,3744575;0,4231675;0,36694;0,53
4669;0,715142329;0,694776355;0,619223842;0,370608711;0,7921375;0,76887;0,672175;0,3814475;0;0,22503;0,2471225;0,3575925;0,2527875;0,53
4670;0,642780276;0,634935355;0,558376342;0,360363118;0,7076625;0,69877;0,6030225;0,3716225;0;0,10029025;0,1176775;0,170195;0,120018;0,53
4671;0,544412961;0,53119121;0,478039342;0,311552684;0,5924625;0,5780275;0,51113;0,321195;0;0,148595;0,1888575;0,235225;0,1888575;0,53
4672;0,402368842;0,397709566;0,355475092;0,211294689;0,4316;0,42647;0,3753775;0,21644725;0;0,15773;0,175745;0,25902;0,174045;0,53
4673;0,239342329;0,235911079;0,217695355;0,150482104;0,2526475;0,248725;0,226865;0,1527355;0;0,244065;0,288635;0,348635;0,2636225;0,53
4674;0,086173496;0,089988324;0,085251031;0,076799321;0,08916925;0,09284275;0,08694925;0,07749375;0;0,09638775;0,067627;0,105065;0,06512025;0,53
4675;0,02382371;0,024830211;0,02407654;0,023044829;0,0236755;0,0246345;0,0237895;0,0228829;0;0,0111005;0,000872128;0,004518998;0,00207652;0,53
4676;0,000440042;0,00072369;0,00033253;0,00038353;0,000430175;0,00070505;0,000323875;0,000375175;0;0,032492;0,006565783;0,010273275;0,008043653;0,53
4677;0;0;0;0;0;0;0;0;0;0,038689;0,001330433;0,0100874;0,004736653;0,53
4678;0;0;0;0;0;0;0;0;0;0,05628425;0,007300625;0,012131;0,011834;0,53
4679;0;0;0;0;0;0;0;0;0;0,01747;0,000426223;0,002469958;0,001003275;0,53
4680;0;0;0;0;0;0;0;0;0;0,000953007;0;0,000131148;0;0,53
4681;0;0;0;0;0;0;0;0;0;3,06E-05;0;0;0;0,53
4682;0;0;0;0;0;0;0;0;0;0;0;0;0;0,53
4683;0;0;0;0;0;0;0;0;0;0;0;0;0;0,53
4684;0;0;0;0;0;0;0;0;0;0;0;0;0;0,53
4685;0,032596008;0,025817568;0,030799381;0,036652011;0,03219295;0,02539525;0,03018175;0,03622475;0;0;0;0;0;0,53
4686;0,09548314;0,083935358;0,115847428;0,091007104;0,0953015;0,083533;0,116245;0,09088425;0;0;0;0;0;0,53
4687;0,150103342;0,179893816;0,245480053;0,185065973;0,1509025;0,18114825;0,2523625;0,18689;0;0;0;0;0;0,53
4688;0,190772684;0,260551066;0,415320908;0,275446303;0,1924875;0,2647025;0,43493;0,2809375;5,18E-06;0;0;0;0;0,53
4689;0,289539711;0,364861066;0,53846546;0,288140724;0,2943575;0,3744975;0,5715625;0,2947025;2,26E-05;0;0;0;0;0,53
4690;0,322173908;0,448711184;0,6171675;0,391579066;0,32944;0,4663775;0,6624975;0,4037325;9,16E-05;0;0;0;0;0,53
4691;0,413276605;0,442650513;0,666271697;0,441398408;0,426275;0,4619075;0,7219775;0,45838;3,45E-05;0;0;0;0;0,53
4692;0,468496856;0,481407987;0,668106513;0,454750184;0,488;0,5038725;0,7280525;0,4748125;0,000170678;0;0;0;0;0,53
4693;0,453295816;0,388309145;0,651947132;0,473962777;0,474515;0,4054575;0,71093;0,49622;0;6,55E-06;4,92E-05;0;0;0,53
4694;0,364588974;0,354410803;0,577723776;0,424083237;0,379335;0,3665425;0,62645;0,443875;0;0,000911478;0,006912533;0,00044262;0,00057377;0,53
4695;0,367793882;0,288210553;0,477979145;0,394723776;0,3807775;0,2966275;0,5121475;0,4123775;0,000262276;0,00098361;0,0091585;0,000131148;0,000786888;0,53
4696;0,27640946;0,249804631;0,359628711;0,305169355;0,2854025;0,255265;0,3800025;0,31751;8,75E-05;0,000868855;0,00098361;0;0;0,53
4697;0,175147855;0,172039263;0,221523908;0,234538579;0,178815;0,174965;0,2308;0,24328;0;0;0,000131148;0;0;0,53
4698;0,084519995;0,081927174;0,082596087;0,083209378;0,08552375;0,08248025;0,08449825;0,0856305;0;0;0;0;0;0,53
4699;0,034344284;0,026392935;0,021886318;0,027860065;0,034152;0,026164;0,0216435;0,02755625;0;0;0,000131148;0;0,000131148;0,53
4700;0,001785415;0,000313944;0,000356344;0,000933902;0,001758858;0,00030716;0,000346575;0,000914675;0;0,000508198;0,00098361;0,000622952;0,00098361;0,53
4701;0;0;0;0;0;0;0;0;0;0;0,00098361;0,00098361;0,00098361;0,53
4702;0;0;0;0;0;0;0;0;0;8,52E-05;0,00098361;0,00098361;0,00098361;0,53
4703;0;0;0;0;0;0;0;0;0;0,002466678;0,008043653;0,01238915;0,0108305;0,53
4704;0;0;0;0;0;0;0;0;0;0,02054125;0,02673775;0,0379805;0,012131;0,53
4705;0;0;0;0;0;0;0;0;0;0,006743153;0,004711953;0,011707125;0,004266053;0,53
4706;0;0;0;0;0;0;0;0;0;0,01965575;0,0363635;0,02142625;0,01908925;0,53
4707;0;0;0;0;0;0;0;0;0;0,00377053;0,00460227;0,003398905;0,00377053;0,53
4708;0;0;0;0;0;0;0;0;0;0,008869903;0,00284153;0,01584165;0,003398905;0,53
4709;0,029184888;0,030802271;0,030302392;0,04102258;0,02879175;0,0302975;0,0296225;0,04062175;0;0,06081325;0,053871;0,0702145;0,02903275;0,53
4710;0,11359725;0,085183851;0,105151078;0,146455382;0,11452375;0,0846705;0,1055135;0,14842475;0;0,148595;0,16703;0,2247875;0,1202155;0,53
4711;0,267555632;0,168671822;0,261413092;0,230565553;0,2764225;0,16964775;0,26986;0,2363025;0;0,1449725;0,14739;0,170645;0,09215675;0,53
4712;0,417524132;0,232042074;0,427943092;0,380745947;0,4386275;0,2348955;0,449815;0,395825;0;0,1774425;0,22673;0,2471225;0,1888575;0,53
4713;0,535612106;0,336768158;0,562166368;0,466057658;0,5706325;0,344835;0,599995;0,4899625;0;0,15705;0,25902;0,19104;0,174045;0,53
4714;0,620991237;0,389850198;0,651573908;0,467998421;0,6695675;0,4030675;0,7044925;0,4925275;0;0,19182;0,4513625;0,2587325;0,37134;0,53
4715;0,661414974;0,455099329;0,693916737;0,508499211;0,7196475;0,4727725;0,7582;0,5348975;6,27E-05;0,5200825;0,9974925;0,88592;0,964325;0,53
4716;0,666962763;0,402881724;0,691441421;0,512041224;0,72883;0,4196275;0,76009;0,5413525;5,73E-05;0,402295;0,9887425;0,643375;0,924045;0,53
4717;0,634701789;0,398983342;0,669218961;0,419310549;0,6933275;0,41399;0,73555;0,442501;0,000143377;0,4881975;0,999545;0,7190125;0,9909;0,53
4718;0,579378;0,391533316;0,596464421;0,27857175;0,62968;0,4063475;0,6517425;0,2876;0,000204661;0,5037725;0,9744475;0,66391;0,9732525;0,53
4719;0,486011881;0,297560408;0,507721461;0,177117513;0,52296;0,3076325;0,54866;0,180145;0,000173884;0,155386;0,294145;0,14089;0,3022875;0,53
4720;0,362217197;0,200714882;0,382783026;0,09663917;0,3844075;0,204715;0,4079775;0,097411;4,86E-05;0,2011575;0,3132075;0,179185;0,2874475;0,53
4721;0,218453842;0,131338618;0,232431671;0,049738918;0,228215;0,13241875;0,2441775;0,049592;8,31E-06;0,2284275;0,2513025;0,15705;0,2527875;0,53
4722;0,089064174;0,062705913;0,08604347;0,008637672;0,09136;0,06266875;0,08857175;0,0084353;0;0,1244425;0,112365;0,09425;0,1147055;0,53
4723;0,025080391;0,022386294;0,021963371;0,001501387;0,024941;0,022132475;0,0217125;0,001388535;0;0,08459;0,05016425;0,05628425;0,05016425;0,53
4724;0,000246713;0,000335581;0,000517722;0;0,00024191;0,000327138;0,0005034;0;0;0,06101975;0,015470025;0,0320495;0,01720405;0,53
4725;0;0;0;0;0;0;0;0;0;0,007062228;0,000278688;0,002431695;0,000517315;0,53
4726;0;0;0;0;0;0;0;0;0;0,00098361;0;0,0002459;0;0,53
4727;0;0;0;0;0;0;0;0;0;0,009344225;0,000213123;0,00098361;0,000540985;0,53
4728;0;0;0;0;0;0;0;0;0;0,02812475;0,00098361;0,00098361;0,00098361;0,53
4729;0;0;0;0;0;0;0;0;0;0,01269725;0,000459025;0,000786888;0,000737705;0,53
4730;0;0;0;0;0;0;0;0;0;0,001314753;0;0;0;0,53
4731;0;0;0;0;0;0;0;0;0;0;0;0;0;0,53
4732;0;0;0;0;0;0;0;0;0;0;0;0;0;0,53
4733;0,030992254;0,031272124;0,031528492;0,032379683;0,030572;0,030735025;0,03091225;0,0320175;0;0;0;0;0;0,53
4734;0,119427967;0,105012624;0,107756661;0,11115107;0,12041825;0,10556875;0,10798525;0,1114825;0;0;0;0;0;0,53
4735;0,249207474;0,25804204;0,251343276;0,181206118;0,256195;0,266415;0,25851;0,1831975;1,88E-05;0;0;0;0;0,53
4736;0,404969369;0,413645013;0,408559539;0,27400879;0,424205;0,43494;0,428025;0,2801425;0,000160515;0,000540985;0;0;0;0,53
4737;0,517637171;0,548390803;0,528554566;0,453343974;0,5496225;0,5861025;0,56177;0,47216;0,000287761;0,000131148;0;3,06E-05;0;0,53
4738;0,594128763;0,630945474;0,617319197;0,368452923;0,63815;0,684195;0,66383;0,3857235;0,000387535;0,000868855;0,000868855;0,000953008;0,000868855;0,53
4739;0,636584763;0,670492737;0,648561632;0,300083882;0,69034;0,7345;0,70405;0,3089325;0,000442267;0,000295078;0,001243707;0,001429508;0,001243707;0,53
4740;0,656977224;0,665231487;0,666447474;0,247128497;0,7161125;0,7318025;0,727635;0,25219475;0,000468789;0,00098361;0,026292;0,015412;0,01522625;0,53
4741;0,633885513;0,639541658;0,611484868;0,118122166;0,691555;0,70297;0,6659525;0,11976725;0,000427397;0,00469958;0,05117075;0,042667;0,044809;0,53
4742;0,56552779;0,58152825;0,56935875;0,220502961;0,614445;0,6350625;0,6163075;0,2230525;0,000365772;0,0342625;0,205715;0,15237625;0,1537385;0,53
4743;0,471704171;0,477820224;0,482000329;0,218636842;0,50731;0,5155925;0,5181875;0,22202;0,000267751;0,0355905;0,149995;0,1244425;0,1244425;0,53
4744;0,354302447;0,358997842;0,359046;0,112594603;0,375805;0,38209;0,3815125;0,11381975;0,00015065;0,012131;0,0585795;0,044809;0,04710425;0,53
4745;0,209274948;0,217791671;0,219426632;0,201049579;0,2183175;0,2282975;0,2297825;0,20495;2,78E-05;0,01045905;0,03355975;0,0332535;0,0304615;0,53
4746;0,09144799;0,091866482;0,08695847;0,087813272;0,09382275;0,09436875;0,0893225;0,08971375;0;0,000213123;0,00072458;0,00097631;0,00072458;0,53
4747;0,021604595;0,024536929;0,020689113;0,024926767;0,021454;0,02434675;0,020437;0,0246405;0;0;0;0;0;0,53
4748;0,000219969;0,000396174;0,000342427;0,000967059;0,000215528;0,00038732;0,000332625;0,000946225;0;0;0;0;0;0,53
4749;0;0;0;0;0;0;0;0;0;0;0;0;0;0,53
4750;0;0;0;0;0;0;0;0;0;0;0;0;0;0,53
4751;0;0;0;0;0;0;0;0;0;0;0;0;0;0,53
4752;0;0;0;0;0;0;0;0;0;0;0;0;0;0,53
4753;0;0;0;0;0;0;0;0;0;9,95E-05;0,000213123;0,00016393;0,000213123;0,53
4754;0;0;0;0;0;0;0;0;0;0,00822835;0,028636;0,017311475;0,02366675;0,53
4755;0;0;0;0;0;0;0;0;0;0,0320495;0,0884745;0,05245925;0,0616395;0,53
4756;0;0;0;0;0;0;0;0;0;0,0677595;0,200755;0,1268575;0,13286;0,53
4757;0,030200538;0,031424688;0,028589175;0,032205111;0,029779;0,0307163;0,028034625;0,03181;0;0,13040075;0,307965;0,235225;0,2652075;0,53
4758;0,112274593;0,107190805;0,055850396;0,118462883;0,1130225;0,108344;0,055186;0,119351;0;0,06478;0,12603525;0,08237275;0,10043975;0,53
4759;0,240900237;0,278658434;0,125555337;0,24829729;0,2477075;0,2896425;0,12534225;0,2554425;0;0,038689;0,05016425;0,038689;0,038689;0,53
4760;0,385070527;0,454410671;0,211916408;0,368477724;0,402795;0,4821425;0,213461;0,3847525;0;0,039454;0,044809;0,040525;0,038995;0,53
4761;0,491612645;0,590663803;0,283382724;0,485412316;0,5207625;0,6382575;0,2868105;0,5123575;8,89E-05;0,0851935;0,1063275;0,1052565;0,09933825;0,53
4762;0,570902211;0,678686803;0,270076698;0,5511045;0,6123275;0,74555;0,274645;0,5886775;0,000131707;0,1585325;0,204635;0,204635;0,1658875;0,53
4763;0,606837632;0,717494842;0,393360908;0,534412974;0,656995;0,79821;0,4044425;0,5723275;0,000116239;0,2640625;0,3183275;0,28833;0,2995525;0,53
4764;0,605744447;0,716779698;0,397630105;0,514827158;0,658345;0,8028025;0,41174;0,5494975;0,000154775;0,478345;0,8327375;0,6803575;0,713665;0,53
4765;0,574663342;0,68702775;0,470779539;0,408297079;0,6241725;0,76938;0,4905875;0,430895;0,00020457;0,66049;0,9975625;0,9625725;0,9755875;0,53
4766;0,521506658;0,622818829;0,493180184;0,439098869;0,5634825;0,6924325;0,520925;0,460875;0,000186268;0,69836;0,9809875;0,96503;0,92777;0,53
4767;0,434116934;0,524140895;0,430322092;0,421687382;0,463975;0,5750175;0,455585;0,4454;0,000136887;0,42967;0,5684075;0,557655;0,5136075;0,53
4768;0,331417816;0,391355132;0,275972428;0,3132045;0,3494775;0,4221725;0,28931675;0,32957;3,75E-05;0,39344;0,42967;0,415735;0,4079325;0,53
4769;0,199120855;0,232048816;0,187806158;0,202458197;0,207235;0,2457375;0,1925375;0,2105325;9,69E-06;0,499345;0,56066;0,56066;0,5601025;0,53
4770;0,078272953;0,081137144;0,087924036;0,083616071;0,080071;0,084082;0,089227;0,08559175;0;0,4960575;0,556755;0,5480325;0,56115;0,53
4771;0,021754366;0,020803007;0,028243161;0,024259925;0,02161275;0,02064525;0,02797625;0,023987475;0;0,1250485;0,07944375;0,1021215;0,08177625;0,53
4772;0,000175035;0,000456631;0,000840211;0,000624873;0,000171468;0,000443795;0,000820575;0,000610825;0;0,144523;0,09485225;0,1197335;0,091229;0,53
4773;0;0;0;0;0;0;0;0;0;0,24055;0,168955;0,174045;0,15077;0,53
4774;0;0;0;0;0;0;0;0;0;0,113267;0,0543135;0,0751245;0,0493615;0,53
4775;0;0;0;0;0;0;0;0;0;0,04122875;0,004513705;0,017981;0,007300553;0,53
4776;0;0;0;0;0;0;0;0;0;0,01295725;0,000459025;0,001319503;0,00098361;0,53
4777;0;0;0;0;0;0;0;0;0;0,003398905;0;6,01E-05;0,000327868;0,53
4778;0;0;0;0;0;0;0;0;0;0,008526775;0,000278688;0,000868855;0,000868855;0,53
4779;0;0;0;0;0;0;0;0;0;0,001057933;0;0,000491803;0,000131148;0,53
4780;0;0;0;0;0;0;0;0;0;0,00097268;0;0;0;0,53
4781;0,028528737;0,030470704;0;0,001270572;0,028099;0,029947075;0;0;0;6,01E-05;0;0;0;0,53
4782;0,093928843;0,105500463;0,090434266;0,006042323;0,0937685;0,1058575;0,09048925;0,0043337;0;0;0;0;0;0,53
4783;0,171887566;0,235701592;0,302525487;0,027473356;0,173535;0,24221;0,3116875;0,026936;2,66E-05;0,00016393;0;0;0;0,53
4784;0,269881658;0,368761856;0,484456382;0,040333922;0,2756775;0,3849175;0,51202;0,039865;0,000141847;0,004513705;0,000833868;0,00116721;0,002726775;0,53
4785;0,349510737;0,482363921;0,625819066;0,040466116;0,360055;0,51059;0,674845;0,0400845;0,000241752;0,02718025;0,026598;0,0207235;0,02009825;0,53
4786;0,392845619;0,549797013;0,474311921;0,289477105;0,4073875;0,589245;0,5092875;0,2957225;0,000328567;0,0677595;0,090884;0,07464475;0,05475425;0,53
4787;0,412231579;0,581037039;0,546197211;0,224622868;0,4284425;0,62837;0,581295;0,229215;0,000381721;0,05628425;0,148595;0,08459;0,038689;0,53
4788;0,402898579;0,598655605;0,450098132;0,383197184;0,4189125;0,6498325;0,4778125;0,394165;0,000390212;0,03381975;0,07005475;0,0631695;0,01788525;0,53
4789;0,411270829;0,558785684;0,414800803;0,303897987;0,427655;0,60604;0,4338925;0,3133625;0,000372394;0,007300553;0,01832775;0,02319675;0,002469958;0,53
4790;0,355901289;0,515742158;0,250213974;0,489375711;0,3691075;0,5564975;0,2581025;0,5122625;0,000323764;0,00098361;0,01178425;0,012131;0,00098361;0,53
4791;0,313050395;0,429602131;0,173756093;0,503083855;0,32332;0,4590575;0,1760075;0,536735;0,00024737;0,00098361;0,001330433;0,0100874;0,000737705;0,53
4792;0,226516919;0,315966355;0,073049507;0,336630908;0,23275625;0,3329375;0,073305;0,3581525;0,000146772;0,00377053;0,009344225;0,015672;0,00098361;0,53
4793;0,131976229;0,199677079;0,048438415;0,242019908;0,13380075;0,207505;0,04794775;0,25301;3,48E-05;0,012131;0,03010175;0,03674125;0,008043653;0,53
4794;0,075765853;0,080819061;0,056509918;0,09309812;0,0762125;0,08249975;0,0558815;0,09609575;0;0,012131;0,012308;0,012308;0,005814303;0,53
4795;0,02245292;0,02180327;0,003426097;0,028112893;0,0223212;0,021636225;0,0033904;0,02781425;0;0,028951;0,0209835;0,02054075;0,02054075;0,53
4796;0,000184994;0,000188536;0;0,000529207;0,000181103;0,000184168;0;0,0005182;0;0,07907325;0,09867725;0,0646995;0,07536725;0,53
4797;0;0;0;0;0;0;0;0;0;0,172355;0,204635;0,1706875;0,20165;0,53
4798;0;0;0;0;0;0;0;0;0;0,25868;0,362075;0,29475;0,3907975;0,53
4799;0;0;0;0;0;0;0;0;0;0,135695;0,13830575;0,122455;0,1591975;0,53
4800;0;0;0;0;0;0;0;0;0;0,08459;0,05016425;0,040117;0,07923475;0,53
4801;0;0;0;0;0;0;0;0;0;0,07923475;0,02541;0,02541;0,038689;0,53
4802;0;0;0;0;0;0;0;0;0;0,038689;0,015672;0,02054075;0,01629175;0,53
4803;0;0;0;0;0;0;0;0;0;0,08350225;0,0677595;0,0646995;0,058;0,53
4804;0;0;0;0;0;0;0;0;0;0,170565;0,12323475;0,08459;0,1636325;0,53
4805;0,028088333;0,033971951;0,02834068;0,026894258;0,02765575;0,033257475;0,027744175;0,02653;0;0,1244425;0,050868;0,05092925;0,107025;0,53
4806;0,08931026;0,103937258;0,103585946;0,121778554;0,08900275;0,1044925;0,10374675;0,1229155;0;0,08459;0,01295725;0,0209835;0,041494;0,53
4807;0,145448882;0,231263842;0,226826092;0,222373895;0,1460625;0,23763;0,2315675;0,2274375;1,08E-05;0,08459;0,012131;0,0355905;0,038689;0,53
4808;0,224711961;0,3477;0,508670171;0,490890276;0,22758;0,361085;0,5350025;0,5175575;0,00013812;0,08579775;0,02372125;0,042667;0,042667;0,53
4809;0,284059342;0,569079435;0,544576697;0,440295592;0,2895575;0,605145;0,58116;0,4664575;0,000258402;0,161925;0,14425275;0,14897875;0,1264635;0,53
4810;0,334145961;0,648438829;0,375935455;0,443620895;0,342305;0,703335;0,3995775;0,4656925;0,000352195;0,10029025;0,098356;0,103189;0,05453675;0,53
4811;0,434324013;0,286238487;0,05444539;0,257822921;0,4499625;0,307155;0,056249;0,2681;0,000412133;0,13772825;0,1959225;0,19834;0,1029615;0,53
4812;0,417280935;0,343187605;0,052634653;0,281526237;0,4332925;0,3518325;0,05204425;0,2870775;0,000425842;0,2386225;0,348055;0,341335;0,204635;0,53
4813;0,377321921;0,440952948;0,062081787;0,293134697;0,3903225;0,4581;0,061465;0,2995925;0,000404062;0,25902;0,6021625;0,591835;0,2881425;0,53
4814;0,353146658;0,374032737;0,525217224;0,159482092;0,364735;0,3895225;0,55122;0,1623475;0,000352533;0,24871;0,527215;0,518855;0,2247875;0,53
4815;0,304781684;0,383767855;0,543105474;0,03777722;0,31381;0,3989575;0,5791125;0,03791775;0,00025882;0,1257625;0,2292375;0,2474325;0,0679195;0,53
4816;0,191714653;0,258343026;0,408525829;0,025222794;0,196142;0,2672225;0,4358;0,02487555;0,000142332;0,05322425;0,06256525;0,0751245;0,015672;0,53
4817;0,141401211;0,144141876;0,26588696;0,014996056;0,14278225;0,14661925;0,2797875;0,014646125;1,69E-05;0,039454;0,038689;0,040525;0,012131;0,53
4818;0,075699154;0,081332905;0,095009747;0,005689904;0,07596925;0,0817535;0,09787;0,00538135;0;0,082295;0,07540975;0,093179;0,0417105;0,53
4819;0,025024191;0,024187375;0,008524887;0,001021513;0,02485995;0,023997675;0,008464375;0,000913155;0;0,148595;0,08459;0,151735;0,08459;0,53
4820;0,000266554;0,000387767;5,15E-05;0;0,000261125;0,00037815;4,69E-05;0;0;0,1461825;0,07617475;0,07589275;0,07770475;0,53
4821;0;0;0;0;0;0;0;0;0;0,0570495;0,013020825;0,02452475;0,02009825;0,53
4822;0;0;0;0;0;0;0;0;0;0,0677595;0,012094;0,012131;0,02585225;0,53
4823;0;0;0;0;0;0;0;0;0;0,038689;0,003398905;0,008415275;0,012131;0,53
4824;0;0;0;0;0;0;0;0;0;0,038689;0,009344225;0,012131;0,012131;0,53
4825;0;0;0;0;0;0;0;0;0;0,038689;0,01131355;0,012131;0,012131;0,53
4826;0;0;0;0;0;0;0;0;0;0,01788525;0,001057933;0,005256805;0,00469958;0,53
4827;0;0;0;0;0;0;0;0;0;0,011871;0,000944265;0,00098033;0,00098361;0,53
4828;0;0;0;0;0;0;0;0;0;0,001314753;2,30E-05;8,52E-05;0,00018032;0,53
4829;0,014357144;0,029487079;0,021365804;0,027469022;0,013960675;0,0289475;0,0208595;0,027095;0;3,06E-05;0;0;0;0,53
4830;0,060546273;0,099962305;0,070302821;0,076697949;0,060043;0,1003085;0,0695035;0,07631225;0;0,000953008;0;0;0;0,53
4831;0,093158076;0,256982566;0,142524975;0,08630906;0,09302825;0,2653625;0,14268025;0,08622475;4,62E-05;0,00098361;0;0;1,64E-05;0,53
4832;0,143356421;0,471049224;0,18176475;0,129795158;0,1440425;0,4986275;0,182905;0,13021;0,000172747;0,00377053;0,000786888;0,000786888;0,00093443;0,53
4833;0,204153355;0,594294908;0,222961421;0,143308263;0,20649;0,6428925;0,2252675;0,14429;0,000287762;0,012131;0,005814303;0,009344225;0,008043653;0,53
4834;0,145191237;0,58332454;0,207582198;0,19518154;0,1468425;0,63559;0,20995;0,1974575;0,000375116;0,012131;0,00098361;0,012131;0,002469958;0,53
4835;0,182258369;0,194336369;0,288564513;0,184514566;0,1840025;0,2066625;0,2931425;0,1870425;0,00042808;0,012131;0,005256878;0,012131;0,008043725;0,53
4836;0,2043195;0,339173645;0,262056;0,350668212;0,206985;0,3480975;0,266945;0,36010525;0,000452052;0,003398905;0,00098361;0,012131;0,00098361;0,53
4837;0,303286381;0,373127369;0,424625014;0,295253645;0,3101575;0,3851225;0,439505;0,3041225;0,000435957;0,00098361;0,00037705;0,005256805;0,000786888;0,53
4838;0,300018869;0,357355658;0,428294645;0,12133189;0,30816;0,370935;0,449715;0,124301;0,000377536;0,0002459;0;0,00098361;0;0,53
4839;0,153583954;0,258721066;0,303924474;0,127116615;0,15691325;0,2675725;0,31733;0,127919;0,000290803;0,000622952;0;0,00098361;0;0,53
4840;0,062401074;0,072871082;0,22835029;0,206209698;0,0627125;0,07384575;0,23442;0,20932;0,000183122;0,000704928;0;0,00098361;0;0,53
4841;0,060301871;0,110089429;0,188562237;0,090591983;0,06003625;0,10997675;0,19274;0,0919835;6,55E-05;0;0;0,000131148;0;0,53
4842;0,045479353;0,0507276;0,086091628;0,051513055;0,0452125;0,0506725;0,08750425;0,05139425;0;0;0;0;0;0,53
4843;0,009634637;0,01847934;0,02354295;0,011687752;0,0094974;0,01823685;0,02330675;0,011572325;0;0;0;0;0;0,53
4844;6,57E-05;0,000186053;0,000534697;3,87E-05;6,06E-05;0,00018106;0,0005193;3,65E-05;0;0;0;0;0;0,53
4845;0;0;0;0;0;0;0;0;0;0;0;0;0;0,53
4846;0;0;0;0;0;0;0;0;0;0;0;0;0;0,53
4847;0;0;0;0;0;0;0;0;0;0;0;0;0;0,53
4848;0;0;0;0;0;0;0;0;0;0;0;0;0;0,53
4849;0;0;0;0;0;0;0;0;0;0;0;0;0;0,53
4850;0;0;0;0;0;0;0;0;0;0;0;0;0;0,53
4851;0;0;0;0;0;0;0;0;0;0;0,00014754;0;0,000229507;0,53
4852;0;0;0;0;0;0;0;0;0;0,000641523;0,008786825;0,000868855;0,0091585;0,53
4853;0;0,024661899;0,024832859;0,024963054;0;0,0241743;0,0243245;0,02444395;0;3,06E-05;0,002469958;0,000131148;0,002469958;0,53
4854;0,009364856;0,095800019;0,089616063;0,116698618;0,00907975;0,0959235;0,0891105;0,118914;0;0,001507108;0,015049377;0,002693985;0,010847128;0,53
4855;0,027089538;0,152760936;0,176614986;0,29934225;0,02657875;0,154321;0,17796275;0,3134875;4,13E-05;0,0531105;0,2670375;0,10027425;0,18704475;0,53
4856;0,042553038;0,151584679;0,259195421;0,487442171;0,0421;0,1527195;0,26345;0,5208475;0,000203103;0,13772825;0,39344;0,208035;0,32847;0,53
4857;0,05857228;0,347230461;0,344699764;0,62618025;0,058203;0,35615;0,3540925;0,681575;0,000355255;0,1541525;0,3244775;0,22673;0,2454225;0,53
4858;0,069412622;0,346676645;0,381458684;0,712833158;0,06914875;0,3584225;0,3944725;0,78907;0,000473671;0,0874885;0,107943;0,11115825;0,08837225;0,53
4859;0,075043003;0,408034618;0,385508763;0,751735106;0,07485925;0,4230725;0,3989975;0,8426875;0,000543095;0,195915;0,1959225;0,235225;0,13772825;0,53
4860;0,074777171;0,476474211;0,412703526;0,748795066;0,0746215;0,4995325;0,42743;0,84461;0,000569281;0,2769425;0,27067;0,3183275;0,1874325;0,53
4861;0,070754783;0,311565687;0,38893279;0,713064316;0,07057325;0,326029;0,40339;0,80323;0,000548645;0,5104925;0,60447;0,80542;0,488345;0,53
4862;0,063595149;0,305590737;0,395836224;0,636933908;0,06336325;0,31293;0,4112575;0,71097;0,000480111;0,72064;0,8689075;0,9686;0,6465775;0,53
4863;0,05406109;0,352547574;0,304504776;0,528711079;0,05377525;0,36446575;0,3154375;0,5813125;0,00036493;0,9944125;1;1;0,996215;0,53
4864;0,040368114;0,375381158;0,212455776;0,386098698;0,04005125;0,3929375;0,2167225;0,4168475;0,000217316;0,99904;1;1;1;0,53
4865;0,023690313;0,204211145;0,149372787;0,217536434;0,02338425;0,213845;0,15127275;0,2303625;5,21E-05;1;1;1;1;0,53
4866;0,010779904;0,089539011;0,067965237;0,066755992;0,0105035;0,091475;0,068142;0,06908475;0;0,999545;1;1;1;0,53
4867;0,002025158;0,023530911;0,022219571;0,01623523;0,001926263;0,02339125;0,021952125;0,01592655;0;0,9426725;0,999615;0,99716;0,99569;0,53
4868;0;0,000845701;7,63E-05;6,03E-05;0;0,000823;7,41E-05;5,83E-05;0;0,65724;0,84378;0,75647;0,79108;0,53
4869;0;0;0;0;0;0;0;0;0;0,957205;0,999555;0,9872475;0,996215;0,53
4870;0;0;0;0;0;0;0;0;0;0,995625;1;1;1;0,53
4871;0;0;0;0;0;0;0;0;0;1;1;1;1;0,53
4872;0;0;0;0;0;0;0;0;0;1;1;1;1;0,53
4873;0;0;0;0;0;0;0;0;0;1;1;1;1;0,53
4874;0;0;0;0;0;0;0;0;0;1;1;1;1;0,53
4875;0;0;0;0;0;0;0;0;0;1;1;1;1;0,53
4876;0;0;0;0;0;0;0;0;0;0,972125;0,8301975;0,999965;0,8253175;0,53
4877;0,033170676;0,016393188;0,022412925;0,033454567;0,03268475;0,01595295;0,021842025;0,032886;0;0,792025;0,48317;0,97151;0,5044725;0,53
4878;0,110861882;0,057095759;0,096454484;0,128660558;0,1122145;0,0563635;0,09686925;0,13085675;0;0,47611;0,2046;0,5990375;0,213405;0,53
4879;0,288747513;0,120953128;0,239857619;0,321658619;0,301665;0,1209355;0,2471525;0,3363775;0;0,2721625;0,04992375;0,2181525;0,06035075;0,53
4880;0,466187684;0,176857461;0,398795526;0,487232684;0,496975;0,1779625;0,4189;0,52066;1,57E-05;0,4660475;0,17654275;0,3531125;0,182631;0,53
4881;0,594687395;0,224993684;0,524121632;0,662590026;0,6447625;0,227685;0,55852;0,7238375;0,000146617;0,6366275;0,31539;0,442785;0,321095;0,53
4882;0,67063721;0,263223829;0,587926026;0,731821816;0,7355075;0,2676825;0,6342925;0,811755;0,000166932;0,9837325;0,9211325;0,934595;0,882115;0,53
4883;0,266009763;0,280103171;0,621583579;0,287517079;0,2873175;0,285705;0,6764525;0,31428;0,000324184;0,9953975;0,95825;0,858105;0,8939825;0,53
4884;0,362364079;0,27451204;0,639276789;0,235908671;0,37371;0,2804375;0,69949;0,2417275;0,000301393;0,9999125;0,9990375;0,945235;0,9899375;0,53
4885;0,362765234;0,280620869;0,612279474;0,286029;0,3747105;0,28679;0,6699875;0,292105;0,00013555;0,997725;0,9691625;0,8219275;0,963725;0,53
4886;0,315959132;0,247883132;0,565296632;0,309741466;0,32536;0,2528375;0,61546;0,31764425;7,82E-05;0,990005;0,899015;0,6826525;0,902;0,53
4887;0,308759526;0,204013697;0,474877776;0,284856356;0,3178125;0,2070475;0,5122925;0,292595;6,50E-05;0,711975;0,36256;0,2433725;0,3938525;0,53
4888;0,243635605;0,155807645;0,357598855;0,130519934;0,250325;0,1573275;0,380775;0,13342925;1,48E-05;0,3883625;0,1176775;0,09594075;0,152675;0,53
4889;0,178203233;0,098486507;0,217013921;0,102861651;0,18215625;0,098812;0,227855;0,103384;0;0,4881975;0,200755;0,19834;0,235225;0,53
4890;0,067682069;0,05505685;0,078550823;0,033065211;0,06848225;0,054961825;0,08080425;0,033056;0;0,5160675;0,2386225;0,25664;0,24871;0,53
4891;0,019421598;0,016298173;0,01733612;0,002588899;0,0192425;0,0160711;0,01708525;0,00255344;0;0,25143;0,07217925;0,1269225;0,0896375;0,53
4892;0,000269395;0,000118093;0,00010648;0;0,000262;0,000114;0,000103018;0;0;0,066187;0,00385903;0,0228215;0,008713025;0,53
4893;0;0;0;0;0;0;0;0;0;0,081989;0,003398878;0,028331;0,0116605;0,53
4894;0;0;0;0;0;0;0;0;0;0,04435;0,001330433;0,015849;0,002792005;0,53
4895;0;0;0;0;0;0;0;0;0;0,124885;0,03790475;0,09376475;0,03779675;0,53
4896;0;0;0;0;0;0;0;0;0;0,223325;0,10753425;0,2263875;0,10617275;0,53
4897;0;0;0;0;0;0;0;0;0;0,113573;0,03527325;0,10372725;0,02806;0,53
4898;0;0;0;0;0;0;0;0;0;0,08459;0,012131;0,038689;0,012131;0,53
4899;0;0;0;0;0;0;0;0;0;0,07770475;0,0114498;0,0376265;0,012094;0,53
4900;0;0;0;0;0;0;0;0;0;0,013426203;0,000517315;0,006991403;0,001457925;0,53
4901;0,023850125;0,021172715;0,025284243;0,030467815;0,02333465;0,020704175;0,024588725;0,0298715;0;0,00098361;0;0,00098361;0;0,53
4902;0,105968076;0,084880697;0,103353102;0,111618201;0,107366;0,0846715;0,10425175;0,11319625;0;0,00098361;0;0,000557375;0;0,53
4903;0,280319882;0,108135663;0,266238513;0,274266435;0,29251;0,10831575;0,27645;0,2857825;0;0,019683;0,00220766;0,018125525;0,004584825;0,53
4904;0,466715013;0,230505356;0,463628092;0,45719179;0,49629;0,2335475;0,49148;0,485455;0;0,07234975;0,03160675;0,0632715;0,03160675;0,53
4905;0,609202184;0,273341803;0,586276618;0,599146816;0,658725;0,2785175;0,6314025;0,6473525;0;0,0919175;0,04939925;0,041953;0,040984;0,53
4906;0,698537487;0,226765895;0,655323;0,691260829;0,76714;0,230495;0,71376;0,7582625;0,000102513;0,2011575;0,16536575;0,1076715;0,1360655;0,53
4907;0,740849013;0,246354118;0,257670983;0,72643054;0,82271;0,2498175;0,27714175;0,80605;7,24E-05;0,3710375;0,47376;0,2471225;0,43175;0,53
4908;0,745493842;0,143089145;0,287497816;0,728640987;0,83214;0,144635;0,2932775;0,8132225;7,57E-05;0,4324575;0,5426225;0,27261;0,5654775;0,53
4909;0,711203013;0,322809592;0,293825763;0,690875566;0,79327;0,3293425;0,299755;0,77048;0,0001488;0,6926225;0,9203875;0,44346;0,842465;0,53
4910;0,641723211;0,181480619;0,266255369;0,622631013;0,711035;0,18511;0,2713225;0,6892675;8,72E-05;0,4765575;0,5661675;0,2491325;0,50823;0,53
4911;0,534347961;0,15713921;0,224796237;0,519101171;0,58487;0,158185;0,2280975;0,56752;7,80E-05;0,3633325;0,2875675;0,12709;0,2764625;0,53
4912;0,394632277;0,05882222;0,172156046;0,37179821;0,42517;0,05899575;0,17381725;0,4000975;4,37E-05;0,7779675;0,9342625;0,551155;0,8800225;0,53
4913;0,224398934;0,018316446;0,135091323;0,215564368;0,23747;0,0180843;0,13572625;0,2279375;0;0,481215;0,510115;0,31609;0,4503;0,53
4914;0,080367821;0,00660984;0,06976562;0,069269353;0,08323475;0,006308375;0,06970325;0,071623;0;0,3835825;0,25902;0,25902;0,301585;0,53
4915;0,017129956;0,001218961;0,019178834;0,017570215;0,01697435;0,00112082;0,0189452;0,01722025;0;0,259915;0,17349;0,19104;0,1723875;0,53
4916;6,44E-05;0;0,00012025;2,67E-05;6,26E-05;0;0,000116488;2,59E-05;0;0,1825425;0,08684425;0,12081925;0,08459;0,53
4917;0;0;0;0;0;0;0;0;0;0,1497225;0,07005475;0,08459;0,07005475;0,53
4918;0;0;0;0;0;0;0;0;0;0,07931525;0,02248825;0,05557025;0,0189475;0,53
4919;0;0;0;0;0;0;0;0;0;0,134068;0,05840225;0,1243915;0,057517;0,53
4920;0;0;0;0;0;0;0;0;0;0,3103475;0,1842125;0,18988;0,1523675;0,53
4921;0;0;0;0;0;0;0;0;0;0,7750175;0,72241;0,592245;0,590275;0,53
4922;0;0;0;0;0;0;0;0;0;0,9198425;0,9891375;0,9710875;0,9518675;0,53
4923;0;0;0;0;0;0;0;0;0;0,622625;0,59867;0,6517175;0,58646;0,53
4924;0;0;0;0;0;0;0;0;0;0,56066;0,3127875;0,37328;0,33743;0,53
4925;0,026263028;0,026552819;0,024110178;0,020420585;0,02569495;0,02601325;0,02363685;0,02000545;0;0,7293425;0,499345;0,490985;0,4686875;0,53
4926;0,101245472;0,100269794;0,056546518;0,053048088;0,1025005;0,100661;0,05581075;0,05251975;0;0,862245;0,6025475;0,59164;0,5654775;0,53
4927;0,278704184;0,238725908;0,147895303;0,077473291;0,29054;0,2455625;0,147975;0,07717025;5,05E-05;0,9836175;0,9318975;0,8898975;0,8353275;0,53
4928;0,4566765;0,398135763;0,301150579;0,10999817;0,4849675;0,4175875;0,3077475;0,11008775;0,000146305;0,7147625;0,47572;0,57995;0,4726875;0,53
4929;0,612587684;0,529390105;0,464490119;0,157637645;0,66147;0,5639025;0,48452;0,158535;0,000310688;0,55044;0,3835825;0,51562;0,3777575;0,53
4930;0,71087554;0,605159329;0,510141395;0,240098408;0,77928;0,652665;0,53896;0,24321;0,000477917;0,312405;0,1561525;0,2213825;0,15065;0,53
4931;0,758474803;0,663806013;0,640793763;0,208961921;0,8408825;0,7238775;0,687665;0,2121225;0,000610167;0,185715;0,10270425;0,1658875;0,10270425;0,53
4932;0,763360421;0,669902802;0,614347855;0,254553;0,85132;0,7353725;0,6658;0,2586425;0,000403168;0,2558475;0,1808425;0,2833225;0,1825425;0,53
4933;0,730889961;0,666042948;0,483519711;0,190245355;0,8152325;0,73231;0,5173675;0,1930475;4,67E-05;0,3195075;0,3544575;0,5287225;0,375465;0,53
4934;0,666192237;0,608299224;0,420618276;0,239734816;0,7388375;0,666785;0,4415125;0,24311;0;0,18474;0,1561525;0,2433725;0,1591975;0,53
4935;0,563818184;0,516816079;0,369469776;0,174208776;0,618045;0,5614425;0,3845825;0,1765075;0;0,08628075;0,05628425;0,12081925;0,05628425;0,53
4936;0,410940947;0,390868737;0,256844834;0,106134703;0,44345;0,41902;0,26412325;0,10689725;0;0,05628425;0,02541;0,05092925;0,02541;0,53
4937;0,246736974;0,223243145;0,154410584;0,044577596;0,2617775;0,2353575;0,15721725;0,04455375;0;0,042055;0,0140785;0,038689;0,0140785;0,53
4938;0,088146766;0,082489899;0,053208454;0,008638804;0,09156475;0,085102;0,0533425;0,008478375;0;0,084131;0,0428065;0,05551925;0,0428065;0,53
4939;0,021085236;0,021774424;0,016421649;0,002164705;0,02091045;0,021569975;0,01622955;0,001970903;0;0,031601;0,006508105;0,012797928;0,008366203;0,53
4940;9,01E-05;0,00021543;4,51E-05;0;8,73E-05;0,000209245;4,36E-05;0;0;0,012131;0,00037705;0,00097268;0,000737705;0,53
4941;0;0;0;0;0;0;0;0;0;0,002469958;0;6,01E-05;0;0,53
4942;0;0;0;0;0;0;0;0;0;0,0108305;0,000131148;0,000786888;0,000491803;0,53
4943;0;0;0;0;0;0;0;0;0;0,012131;0,000953007;0,00098361;0,000911477;0,53
4944;0;0;0;0;0;0;0;0;0;0,002469958;3,06E-05;0,000131148;6,55E-06;0,53
4945;0;0;0;0;0;0;0;0;0;0,00098361;0;0;0;0,53
4946;0;0;0;0;0;0;0;0;0;0,00321313;0,000299445;0,001098358;0,00045172;0,53
4947;0;0;0;0;0;0;0;0;0;0,03187225;0,026922425;0,02652275;0,01764655;0,53
4948;0;0;0;0;0;0;0;0;0;0,007062228;0,005876555;0,00417158;0,00377053;0,53
4949;0,028318335;0,031006701;0,002013366;0,027981085;0,027727375;0,0302495;0,001655013;0,02755645;0;0,009344225;0,009344225;0,00098361;0,00098361;0,53
4950;0,101289537;0,094950272;0,01827491;0,077068765;0,1022655;0,09559675;0,01760875;0,076646;0;0,006743153;0,012131;0,00098361;0,00098361;0,53
4951;0,266496158;0,263305697;0,044507045;0,111786513;0,2767575;0,27309;0,043765;0,111905;2,64E-06;0,012131;0,012131;0,002469958;0,001949733;0,53
4952;0,44387854;0,451355053;0,069165813;0,308292395;0,4693625;0,477465;0,06849675;0,3152325;0,000143714;0,028951;0,03027875;0,015672;0,012094;0,53
4953;0,58326675;0,60220725;0,096125084;0,352645816;0,62601;0,64795;0,095599;0,3644975;0,000280745;0,039454;0,038689;0,038689;0,02009825;0,53
4954;0,655619171;0,698275026;0,13217175;0,654302053;0,711435;0,76305;0,13199;0,6951775;0,000376146;0,078317;0,03638725;0,05551925;0,04472025;0,53
4955;0,710415632;0,750138671;0,123313105;0,5571435;0,776345;0,829145;0,1232875;0,6004975;0,00044351;0,02689075;0,00385903;0,0165139;0,01350415;0,53
4956;0,716630408;0,758262908;0,13351054;0,24271579;0,7869575;0,8428975;0,1334875;0,2552325;0,000470679;0,0728295;0,02402365;0,06165675;0,051657;0,53
4957;0,697788632;0,720875527;0,159154619;0,274290513;0,76758;0,80099;0,159415;0,2799225;0,000441411;0,2789525;0,2010775;0,3649775;0,339315;0,53
4958;0,620986421;0,654769184;0,15129525;0,41463225;0,679935;0,7229275;0,151635;0,4289925;0,000379148;0,2471225;0,10210475;0,2213825;0,219685;0,53
4959;0,507408434;0,550803514;0,148819934;0,367459184;0,5497275;0,60096;0,149075;0,3828125;0,000279624;0,15705;0,038689;0,15705;0,12081925;0,53
4960;0,376756066;0,397928684;0,095329515;0,267230566;0,4023225;0,42744;0,095288;0,2767125;0,000153612;0,1232355;0,03674125;0,112365;0,081224;0,53
4961;0,218653698;0,236084448;0,070388061;0,233498368;0,229635;0,249145;0,07000525;0,24126;7,96E-06;0,07846975;0,01499325;0,045574;0,03633875;0,53
4962;0,085922353;0,078812803;0,028931337;0,07942513;0,08847825;0,08131425;0,02858925;0,0817575;0;0,131688;0,09329275;0,1197335;0,095054;0,53
4963;0,019391258;0,02300623;0,007561367;0,01659981;0,019198;0,02278185;0,0073468;0,016344775;0;0,174045;0,1704025;0,17324;0,15077;0,53
4964;3,80E-05;0,000116299;9,18E-06;0;3,69E-05;0,000113065;8,20E-06;0;0;0,094935;0,0679195;0,063007;0,0534045;0,53
4965;0;0;0;0;0;0;0;0;0;0,038689;0,02541;0,02541;0,01295725;0,53
4966;0;0;0;0;0;0;0;0;0;0,0223115;0,01168525;0,01168525;0,0110039;0,53
4967;0;0;0;0;0;0;0;0;0;0,003101652;0,000820753;0,000820753;0,000556668;0,53
4968;0;0;0;0;0;0;0;0;0;0,02016605;0,0057618;0,00376725;0,003581525;0,53
4969;0;0;0;0;0;0;0;0;0;0,10547475;0,13290975;0,06478275;0,05782575;0,53
4970;0;0;0;0;0;0;0;0;0;0,363275;0,70641;0,53816;0,54217;0,53
4971;0;0;0;0;0;0;0;0;0;0,56066;0,92253;0,73623;0,7293425;0,53
4972;0;0;0;0;0;0;0;0;0;0,4058775;0,5324875;0,3468325;0,30395;0,53
4973;0,026330618;0,02811612;0;0,025266569;0,0258391;0,027410775;0;0,024851575;0;0,259915;0,30024;0,170645;0,14618;0,53
4974;0,091355286;0,098785086;0,00684185;0,102960134;0,09186975;0,0995335;0,006506143;0,10355975;0;0,3508725;0,390305;0,2471225;0,1791425;0,53
4975;0,240835224;0,259397684;0,053152832;0,264695053;0,24828;0,2688225;0,05229025;0,2734375;8,12E-06;0,2769425;0,294865;0,208035;0,15705;0,53
4976;0,383849724;0,430856645;0,125655986;0,359098974;0,4014325;0,4553375;0,125238;0,3747025;0,000160968;0,3777575;0,3598325;0,2769425;0,2471225;0,53
4977;0,508024855;0,585156948;0,18253046;0,416197381;0,5384325;0,62909;0,1831525;0,4350725;0,000298384;0,39344;0,39344;0,3973425;0,3441525;0,53
4978;0,537757539;0,679866671;0,218632027;0,510740961;0,5732525;0,7424725;0,2203775;0,538275;0,000405789;0,39344;0,39344;0,6434725;0,5300025;0,53
4979;0,612368566;0,722286553;0,17862004;0,25331751;0,6576675;0,7976675;0,179985;0,26633875;0,000478224;0,4324575;0,418525;0,782185;0,6262975;0,53
4980;0,605291763;0,727449079;0,203498408;0,148155356;0,6547575;0,8079075;0,204875;0,1505075;0,000498921;0,705245;0,8399025;0,9871125;0,9869425;0,53
4981;0,570683092;0,699187618;0,206712948;0,177040461;0,61604;0,776825;0,2084575;0,17880325;0,000448225;0,77009;0,9409125;1;1;0,53
4982;0,542132685;0,631065868;0,184488079;0,532031566;0,583585;0,69715;0,185885;0,560095;0,000373574;0,93136;0,994725;1;1;0,53
4983;0,488443855;0,516970184;0,128615289;0,226888698;0,524195;0,5639975;0,12913475;0,2388775;0,000266008;0,951055;0,9872475;1;1;0,53
4984;0,336154145;0,383840092;0,071507972;0,222171391;0,3566675;0,4119525;0,071291;0,2268975;0,000142219;0,50492;0,435745;0,806535;0,693645;0,53
4985;0,217582184;0,223633224;0,071320157;0,100990476;0,22733;0,23591;0,07074775;0,10237025;2,07E-05;0,36038;0,22299;0,5565575;0,415735;0,53
4986;0,066815226;0,084713349;0,031404485;0,041092409;0,06856;0,087516;0,03105575;0,0410555;0;0,7166075;0,73357;0,9080325;0,841875;0,53
4987;0,018042837;0,018467373;0,007474057;0,002595301;0,01791545;0,01824985;0,007275825;0,002566925;0;0,99219;0,9998775;0,9999125;0,999545;0,53
4988;3,66E-05;4,46E-05;0;0;3,55E-05;4,32E-05;0;0;0;0,9993;1;0,999615;0,9991175;0,53
4989;0;0;0;0;0;0;0;0;0;0,9546;0,963865;0,8626225;0,7239575;0,53
4990;0;0;0;0;0;0;0;0;0;0,94;0,94;0,76721;0,56066;0,53
4991;0;0;0;0;0;0;0;0;0;0,9112025;0,884535;0,8294675;0,59528;0,53
4992;0;0;0;0;0;0;0;0;0;0,51631;0,28206;0,3059175;0,2465975;0,53
4993;0;0;0;0;0;0;0;0;0;0,212215;0,0534045;0,063007;0,05423075;0,53
4994;0;0;0;0;0;0;0;0;0;0,1497225;0,0121398;0,038689;0,0223115;0,53
4995;0;0;0;0;0;0;0;0;0;0,07625525;0,001057933;0,015672;0,0059752;0,53
4996;0;0;0;0;0;0;0;0;0;0,08459;0,005256878;0,012131;0,01178425;0,53
4997;0,003496889;0,024309022;0;0,022854051;0,003121225;0,023801175;0;0,02242525;0;0,0616395;0,00098361;0,002469958;0,012131;0,53
4998;0,01962675;0,090100291;0,0044639;0,072595619;0,01909595;0,0899945;0,0041713;0,0721175;0;0,038689;0,00098361;0,00098361;0,002469958;0,53
4999;0,039279265;0,205102066;0,015296729;0,153027008;0,03879125;0,2090825;0,0147254;0,1539895;4,25E-05;0,0320495;0,00098361;0,00098361;0,00098361;0,53
5000;0,061629344;0,341275737;0,027743041;0,204261711;0,061233;0,3536325;0,02711975;0,2068525;0,000172909;0,038689;0,00098361;0,004327955;0,00377053;0,53
5001;0,073509655;0,453425842;0,035909416;0,268827;0,07324225;0,476305;0,0353065;0,27371;0,000218358;0,07311475;0,009344225;0,027623;0,012131;0,53
5002;0,081582604;0,474458803;0,044621179;0,280040566;0,081405;0,5015625;0,043997;0,28559;0,000175993;0,05628425;0,00990165;0,038689;0,012131;0,53
5003;0,096310974;0,520854119;0,047990305;0,323572895;0,09633925;0,5528;0,04739725;0,3314375;0,000186035;0,038689;0,00098361;0,03027875;0,008601025;0,53
5004;0,108511776;0,507747948;0,048914455;0,335650895;0,108775;0,53958;0,04833075;0,34523;5,33E-05;0,04557425;0,008737802;0,05398925;0,013754;0,53
5005;0,100358645;0,461473026;0,047219297;0,331567105;0,10061875;0,488155;0,04664575;0,341345;0,000136802;0,1280675;0,06542425;0,16559;0,06542425;0,53
5006;0,086539978;0,45754575;0,042935653;0,288015513;0,0865885;0,4828375;0,0423795;0,29577;0,000253134;0,09425;0,0418;0,15705;0,041494;0,53
5007;0,079319905;0,392850434;0,037394605;0,230700395;0,0791885;0,41347;0,03685575;0,2356125;0,000225253;0,1456975;0,081224;0,2447425;0,07489975;0,53
5008;0,06010924;0,301571961;0,025927248;0,155066013;0,05990225;0,3150875;0,025472;0,1571125;0;0,0874885;0,05108225;0,15388;0,043789;0,53
5009;0,040627686;0,192559342;0,015896921;0,088832775;0,04033875;0,199465;0,0154905;0,0893815;0;0,1704225;0,1327435;0,2471225;0,1202155;0,53
5010;0,016961452;0,081596088;0,006273625;0,034057023;0,016702525;0,0834365;0,005988975;0,033896;0;0,15705;0,10029025;0,1808425;0,08684425;0,53
5011;0,003219449;0,02034647;0,000920261;0,002179309;0,003124805;0,0201;0,000833895;0,00214984;0;0,15705;0,08459;0,112365;0,08459;0,53
5012;0;7,09E-05;0;0;0;6,86E-05;0;0;0;0,1425575;0,07540975;0,07234975;0,0689945;0,53
5013;0;0;0;0;0;0;0;0;0;0,0460985;0,00966485;0,013213175;0,010967425;0,53
5014;0;0;0;0;0;0;0;0;0;0,07234975;0,03059775;0,0252325;0,0307215;0,53
5015;0;0;0;0;0;0;0;0;0;0,0463325;0,012142025;0,010450275;0,0145449;0,53
5016;0;0;0;0;0;0;0;0;0;0,005716877;0,000229507;0,000786885;0,000471423;0,53
5017;0;0;0;0;0;0;0;0;0;0,00655745;0;0,000960657;0,000704918;0,53
5018;0;0;0;0;0;0;0;0;0;0,0002459;0;3,93E-05;0;0,53
5019;0;0;0;0;0;0;0;0;0;0;0;0;0;0,53
5020;0;0;0;0;0;0;0;0;0;0,000491803;0;0;0;0,53
5021;0,008026525;0,018593763;0,020545338;0,015037231;0,0076293;0,01813975;0,01992975;0,014634;0;0,00098361;0;0;0;0,53
5022;0,043177165;0,070270074;0,088874913;0,053300677;0,04258475;0,0696075;0,08906675;0,05271075;0;0,00098361;0;9,95E-05;0,000131148;0,53
5023;0,090438119;0,143447921;0,235256131;0,09796303;0,09019;0,1437975;0,2425125;0,09794425;1,37E-05;0,00953005;0,000721313;0,007113708;0,008043653;0,53
5024;0,115176107;0,217182474;0,412284552;0,156532421;0,115417;0,21981;0,4344225;0,1575475;3,49E-05;0,012131;0,00098361;0,005256805;0,006185753;0,53
5025;0,128962026;0,265995316;0,544716355;0,190767869;0,12957;0,27067;0,5832025;0,192875;7,26E-05;0,005256805;0,00098361;0,00098361;0,00098361;0,53
5026;0,113809145;0,303385105;0,618142698;0,223573027;0,1143325;0,31002;0,6717575;0,2269175;6,65E-05;0,00098361;0,00098361;0,00098361;0,00098361;0,53
5027;0,148222776;0,305231961;0,673798776;0,251302342;0,149085;0,3125825;0,7408275;0,2557325;0,000109079;0,002469958;0,004251355;0,002110758;0,001243707;0,53
5028;0,151003895;0,33160804;0,682789855;0,253893237;0,1521425;0,33999;0,75563;0,258845;5,58E-05;0,02629525;0,0630765;0,0267255;0,01168525;0,53
5029;0,143313079;0,308682474;0,657990947;0,264574658;0,14433;0,3163875;0,7287025;0,2699275;2,74E-05;0,0223115;0,07923475;0,015672;0,012131;0,53
5030;0,136027753;0,291434724;0,603233013;0,232270342;0,13694675;0,2982875;0,664605;0,236735;8,55E-05;0,01178425;0,038689;0,01178425;0,0108305;0,53
5031;0,116099053;0,26577379;0,513994026;0,177519632;0,116754;0,2716825;0,560385;0,18011;0;0,005816653;0,0331805;0,006250677;0,006136705;0,53
5032;0,076626916;0,195347685;0,37547025;0,121472029;0,076755;0,198895;0,403165;0,1226125;0;0,1148195;0,3703;0,13136875;0,12982775;0,53
5033;0,047420838;0,137578919;0,223438184;0,087239712;0,04720975;0,13921275;0,2358;0,087475;0;0,1020775;0,25331;0,1230145;0,10064975;0,53
5034;0,020704283;0,05893226;0,074899011;0,03487667;0,0204465;0,0591085;0,07737075;0,0347633;0;0,03666125;0,04891825;0,02913975;0,02009825;0,53
5035;0,004686931;0,013643782;0,015480042;0,002183231;0,004582705;0,01344665;0,015221625;0,00215395;0;0,038689;0,038689;0,03860025;0,0294525;0,53
5036;0;3,11E-05;0;0;0;2,98E-05;0;0;0;0,038689;0,01788525;0,02541;0,01295725;0,53
5037;0;0;0;0;0;0;0;0;0;0,0223115;0,0091585;0,012131;0,012131;0,53
5038;0;0;0;0;0;0;0;0;0;0,011459025;0,002110758;0,0086843;0,006929;0,53
5039;0;0;0;0;0;0;0;0;0;0,0649015;0,0591735;0,06693325;0,060326;0,53
5040;0;0;0;0;0;0;0;0;0;0,04863425;0,08459;0,08459;0,04066775;0,53
5041;0;0;0;0;0;0;0;0;0;0,038689;0,07005475;0,05628425;0,01295725;0,53
5042;0;0;0;0;0;0;0;0;0;0,0223115;0,0160984;0,02319675;0,012131;0,53
5043;0;0;0;0;0;0;0;0;0;0,01178425;0,00098361;0,006557377;0,00377053;0,53
5044;0;0;0;0;0;0;0;0;0;0,00151623;0,00284153;0,004327955;0,00098361;0,53
5045;0,024234762;0,017519601;0;0,026852312;0,023672325;0,01707365;0;0,026393075;0;0,01157365;0,02319675;0,02567525;0,003584702;0,53
5046;0,104476386;0,073764411;0,034197162;0,090175658;0,10558825;0,0730565;0,033674;0,0904305;0;0,003398905;0,005628377;0,012308;0,00098361;0,53
5047;0,281988553;0,137555803;0,096937508;0,211668395;0,2936725;0,13765;0,09627675;0,2162;0;0,00644383;0,012305905;0,0206065;0,005954855;0,53
5048;0,483796619;0,234976816;0,209994908;0,34587;0,5145475;0,2378575;0,21131;0,358645;0;0,16472775;0,282975;0,2370625;0,19965;0,53
5049;0,634663263;0,256662316;0,229970803;0,47978025;0,6879825;0,2608;0,2325175;0,5049325;0;0,141465;0,1927225;0,1823225;0,1404525;0,53
5050;0,729777513;0,35338504;0,27152625;0,526072026;0,80143;0,36216;0,275385;0,5586225;5,12E-05;0,15705;0,08684425;0,085073;0,08459;0,53
5051;0,321993316;0,23665873;0,276717671;0,598593;0,34154;0,24276275;0,2812175;0,642965;8,67E-05;0,11840525;0,05016425;0,05628425;0,08459;0,53
5052;0,358289921;0,174499409;0,273269566;0,598761553;0,368535;0,175986;0,27752;0,64741;0,000116957;0,1261425;0,06108275;0,06128175;0,1372;0,53
5053;0,270430658;0,289970724;0,351995684;0,599007158;0,27699;0,2943125;0,3593175;0,648385;0,000105141;0,6067;0,5962925;0,4702175;0,8549175;0,53
5054;0,243517618;0,370772447;0,229034132;0,54547725;0,24802;0,3814;0,233455;0,5893125;0,000131691;0,76913;0,6708425;0,5565575;0,9804125;0,53
5055;0,226987421;0,397668632;0,156816553;0,399830921;0,2305625;0,4136325;0,1580925;0,4260425;6,58E-05;0,9559025;0,9785675;0,90777;0,9999125;0,53
5056;0,176575737;0,263308105;0,10064711;0,25020675;0,17899;0,2726025;0,10077425;0,2602325;8,42E-05;0,990005;0,99261;0,9581175;0,9999425;0,53
5057;0,106633618;0,193626762;0,034163211;0,145223985;0,107411;0,198228;0,0339155;0,1483875;4,67E-06;0,7326625;0,5637825;0,5246825;0,7836675;0,53
5058;0,046095292;0,079637988;0,028586526;0,057355812;0,046034;0,08089275;0,02806525;0,05767925;0;0,765145;0,725095;0,6978025;0,868005;0,53
5059;0,010590547;0,023477432;0,003310771;0,003111884;0,010424325;0,02328275;0,003247668;0,003086935;0;0,531215;0,4990275;0,53858;0,5404675;0,53
5060;0;0;0;0;0;0;0;0;0;0,2209;0,15079725;0,18326275;0,1334205;0,53
5061;0;0;0;0;0;0;0;0;0;0,039541;0,010497178;0,0247025;0,010469928;0,53
5062;0;0;0;0;0;0;0;0;0;0,007114803;0,000131148;0,001330433;0,000327868;0,53
5063;0;0;0;0;0;0;0;0;0;0,00098361;0;0,000884155;0;0,53
5064;0;0;0;0;0;0;0;0;0;0,00018032;0;1,09E-06;0;0,53
5065;0;0;0;0;0;0;0;0;0;0,00080328;0;0;0;0,53
5066;0;0;0;0;0;0;0;0;0;0,000213123;0;0;0;0,53
5067;0;0;0;0;0;0;0;0;0;0;0;0;0;0,53
5068;0;0;0;0;0;0;0;0;0;0;0;0;0;0,53
5069;0,009030858;0,027671719;0;0,009311088;0,0086108;0,027081025;0;0,0089131;0;0,00059235;0;0;0;0,53
5070;0,040034621;0,09990283;0,044090118;0,025986963;0,039444;0,1001095;0,04352995;0,0254175;0;3,06E-05;0;0;0;0,53
5071;0,076150153;0,162725527;0,053625983;0,053964533;0,0757985;0,164745;0,05300575;0,0535185;1,62E-05;8,52E-05;0;0;1,64E-05;0,53
5072;0,117522119;0,315677408;0,149209773;0,082852528;0,117675;0,325025;0,14920625;0,08261125;0,000150441;0,001166127;0,000786888;0,000868855;0,001281252;0,53
5073;0,153382895;0,320500421;0,133027275;0,11763529;0,15435;0,3309525;0,13330925;0,117912;0,000225659;0,0159999;0,015149475;0,012885225;0,015768;0,53
5074;0,187341434;0,449565987;0,15853579;0,132814658;0,1891975;0,4676675;0,1589475;0,13351;0,000349702;0,08257275;0,151064;0,09610475;0,1200355;0,53
5075;0,194225605;0,333640303;0,386565829;0,133185474;0,19642;0,3476625;0,39604;0,1339725;0,000433016;0,2301275;0,48202;0,317755;0,362785;0,53
5076;0,196421606;0,468427026;0,406279263;0,143394947;0,1986325;0,4887975;0,420535;0,144345;0,000422713;0,3777575;0,79695;0,5077075;0,5601025;0,53
5077;0,190211645;0,396281684;0,294198987;0,147038092;0,1923375;0,41503;0,3037875;0,148095;0,000395573;0,3962275;0,79313;0,59164;0,6054125;0,53
5078;0,154427921;0,26127825;0,581022592;0,135138276;0,1559325;0,26977;0,6132425;0,1361025;0,000350272;0,5832775;0,986025;0,9013675;0,94083;0,53
5079;0,116939408;0,206433632;0,544858421;0,112853211;0,117685;0,2095875;0,5859625;0,1134755;0,000199884;0,5300025;0,88394;0,7214;0,74156;0,53
5080;0,094335296;0,120878001;0,227066882;0,081574899;0,09458925;0,12175825;0,2405925;0,08173025;0,000103751;0,3351925;0,4554075;0,3597275;0,4139875;0,53
5081;0,057241918;0,124074;0,149200381;0,056371224;0,05715175;0,1245675;0,15194;0,0561815;2,82E-05;0,25902;0,32847;0,2769425;0,25902;0,53
5082;0,026655876;0,035549315;0,080205529;0,028641667;0,02642;0,03568325;0,0807425;0,02840725;0;0,420415;0,50065;0,4632825;0,4097225;0,53
5083;0,002509648;0,014059842;0,017548231;0,001964325;0,002466568;0,01377825;0,0173634;0,00193338;0;0,920775;0,9974925;0,9730975;0,98027;0,53
5084;0;0;0;0;0;0;0;0;0;0,65313;0,7654675;0,7062025;0,67267;0,53
5085;0;0;0;0;0;0;0;0;0;0,418525;0,4322375;0,4439;0,43449;0,53
5086;0;0;0;0;0;0;0;0;0;0,796475;0,965965;0,9249825;0,9193125;0,53
5087;0;0;0;0;0;0;0;0;0;0,48233;0,5526825;0,543345;0,474945;0,53
5088;0;0;0;0;0;0;0;0;0;0,5483975;0,495445;0,392545;0,45754;0,49
5089;0;0;0;0;0;0;0;0;0;0,48541;0,3312075;0,265705;0,30843;0,49
5090;0;0;0;0;0;0;0;0;0;0,3329525;0,11165;0,1602225;0,1090825;0,49
5091;0;0;0;0;0;0;0;0;0;0,2501825;0,071142;0,13436225;0,0707585;0,49
5092;0;0;0;0;0;0;0;0;0;0,093423;0,0054414;0,01067566;0,006454628;0,49
5093;0,012473593;0,021239992;0,019083963;0,022540568;0,012091225;0,020617175;0,018533175;0,022116125;0;0,1425575;0,023971675;0,02340055;0,02301075;0,49
5094;0,051268413;0,089392129;0,05251498;0,087101017;0,05072325;0,08995225;0,05171375;0,086895;0;0,09425;0,004914855;0,005256805;0,005442603;0,49
5095;0,151215789;0,251562395;0,072039154;0,170804013;0,1521325;0,2608925;0,07139275;0,17248;0;0,079949;0,003584727;0,01001305;0,007114875;0,49
5096;0,232460566;0,430517132;0,103127483;0,286397408;0,2361225;0,455275;0,10262175;0,2928075;0;0,02546075;0,00032896;0,001421855;0,00052458;0,49
5097;0,299214631;0,577107355;0,163638118;0,35484904;0,30613;0,6209425;0,163935;0,3662725;0;0,09726725;0,02615735;0,047412;0,0220019;0,49
5098;0,323486211;0,668169118;0,320654526;0,446479066;0,3320575;0,73061;0,3263525;0,4658525;4,16E-06;0,2823525;0,2562825;0,304725;0,19272925;0,49
5099;0,375886816;0,714759474;0,276252947;0,436638;0,3878975;0,791065;0,28228;0,45708;2,41E-05;0,3798475;0,5097025;0,6068525;0,40489;0,49
5100;0,436715053;0,722794618;0,224724963;0,480319619;0,4525525;0,8050275;0,2273015;0,5036925;4,41E-05;0,14136175;0,0750175;0,16494425;0,06169575;0,49
5101;0,359684092;0,689377856;0,216496224;0,430712171;0,372855;0,768045;0,218885;0,4517175;2,14E-05;0,08459;0,006690678;0,05861925;0,007672325;0,49
5102;0,339012316;0,621118855;0,471044408;0,362742118;0,3501325;0,687625;0,487745;0,3773225;0;0,1791825;0,0911725;0,22536;0,05693125;0,49
5103;0,258436934;0,518253592;0,402525355;0,278181671;0,265245;0,56658;0,4218325;0,2873825;0;0,25902;0,1995375;0,412055;0,151735;0,49
5104;0,169891421;0,38105175;0,342773447;0,232655605;0,1728755;0,4099375;0,3590125;0,238455;0;0,21313;0,1244425;0,3015875;0,097873;0,49
5105;0,095390677;0,218475513;0,201523934;0,137688237;0,09612425;0,2308525;0,2101075;0,14012;0;0,154795;0,07923475;0,235235;0,07614525;0,49
5106;0,050067355;0,07062283;0,076135946;0,06087808;0,049944;0,073052;0,077974;0,061212;0;0,05930375;0,0091258;0,039461;0,008499428;0,49
5107;0,002882796;0,015332727;0,018751793;0,004628189;0,002859155;0,01510465;0,0185055;0,004588825;0;0,02496725;0,000229507;0,003956305;0,000704918;0,49
5108;0;0;0;0;0;0;0;0;0;0,07081975;0,020781525;0,028951;0,0108305;0,49
5109;0;0;0;0;0;0;0;0;0;0,107535;0,04557425;0,038995;0,0363555;0,49
5110;0;0;0;0;0;0;0;0;0;0,1970325;0,11818525;0,07510375;0,0940155;0,49
5111;0;0;0;0;0;0;0;0;0;0,05254325;0,012045477;0,010682978;0,00956841;0,49
5112;0;0;0;0;0;0;0;0;0;0,012131;0;0,00037705;0;0,49
5113;0;0;0;0;0;0;0;0;0;0,01832775;0,000622952;0,00045172;0,000262295;0,49
5114;0;0;0;0;0;0;0;0;0;0,0720275;0,02310375;0,02930405;0,02266125;0,49
5115;0;0;0;0;0;0;0;0;0;0,1534275;0,1144185;0,11669;0,10161775;0,49
5116;0;0;0;0;0;0;0;0;0;0,15705;0,085073;0,05245925;0,04102725;0,49
5117;0,020748107;0,020482756;0;0,020400479;0,020244925;0,019864875;0;0,019994925;0;0,1497225;0,11173725;0,03786275;0,03381975;0,49
5118;0,091689742;0,096545021;0,003803318;0,090439563;0,092127;0,09697725;0,003521125;0,0903625;0;0,05483475;0,0156518;0,006900525;0,00414208;0,49
5119;0,244085882;0,240767803;0,013863502;0,194885368;0,2520575;0,24885;0,01329635;0,1975825;0;0,09010275;0,03856175;0,0208765;0,0153989;0,49
5120;0,413134539;0,415706171;0,024935195;0,308328513;0,434785;0,43815;0,0243445;0,31562;7,65E-05;0,21415;0,1721625;0,1196595;0,106648;0,49
5121;0,545628948;0,559597145;0,035239058;0,353007;0,5831975;0,599485;0,0346185;0,3641375;0,000229456;0,16974;0,13086225;0,11460925;0,1177865;0,49
5122;0,614906487;0,648455685;0,042434329;0,452041303;0,66442;0,70535;0,04182025;0,4709675;0,000265787;0,405405;0,678285;0,57544;0,72632;0,49
5123;0,6757275;0,686565434;0,04826625;0,44482725;0,7376225;0,75524;0,04764475;0,466005;0,000313169;0,639865;0,959775;0,9365875;0,9953125;0,49
5124;0,684029921;0,70450425;0,048172824;0,400408816;0,7524725;0,7793725;0,04758775;0,4176325;0,000362631;0,97513;1;0,9999425;1;0,49
5125;0,648356961;0,657608092;0,046201239;0,349289211;0,713825;0,727235;0,04563525;0,3622525;0,000376657;1;1;1;0,9333325;0,49
5126;0,579628421;0,596673908;0,042598788;0,326173421;0,633345;0,6560075;0,0420425;0,33692;0,000297709;1;0,9766675;1;0,7833325;0,49
5127;0,467991197;0,495272645;0,035193549;0,267840486;0,5044225;0,5381075;0,03466175;0,27564625;0,000238251;1;0,04;0,5233335;0;0,49
5128;0,339578171;0,362349632;0,026495029;0,183474355;0,3606425;0,3875175;0,02601125;0,187085;0,000168752;1;0,41666575;0,9933325;0,16666575;0,49
5129;0,210238106;0,202157211;0,016004554;0,089774262;0,2203575;0,2123675;0,01560075;0,09049;2,63E-05;1;0,99968;1;1;0,49
5130;0,06531583;0,070568653;0,005860117;0,03931755;0,06703625;0,07247125;0,00558295;0,039156;0;0,9960225;0,87191;0,99261;0,98004;0,49
5131;0,009132983;0,010073476;0,000817143;0,002287669;0,009041725;0,009975825;0,000726158;0,002261575;0;0,7896475;0,3073325;0,5508;0,4134;0,49
5132;0;0;0;0;0;0;0;0;0;0,33731;0,0367525;0,10642725;0,03716675;0,49
5133;0;0;0;0;0;0;0;0;0;0,3880625;0,07155525;0,1413505;0,068082;0,49
5134;0;0;0;0;0;0;0;0;0;0,39344;0,0692895;0,1232355;0,04863425;0,49
5135;0;0;0;0;0;0;0;0;0;0,4240975;0,10199025;0,1202625;0,07211825;0,49
5136;0;0;0;0;0;0;0;0;0;0,8255025;0,436105;0,45841;0,5765275;0,49
5137;0;0;0;0;0;0;0;0;0;0,9482125;0,4821675;0,5302475;0,752565;0,49
5138;0;0;0;0;0;0;0;0;0;0,99645;0,955375;0,958335;0,98597;0,49
5139;0;0;0;0;0;0;0;0;0;0,6218025;0,28552975;0,4064175;0,34499775;0,49
5140;0;0;0;0;0;0;0;0;0;0,2281825;0,010497178;0,04199675;0,02806;0,49
5141;0,015806601;0,020544013;0,020840546;0;0,015393925;0,01997575;0,0201435;0;0;0,15705;0,000911477;0,012131;0,012131;0,49
5142;0,109704166;0,075600671;0,082095004;0,043609623;0,1106685;0,07549375;0,082209;0,04329575;0;0,10064975;6,55E-06;0,002863392;0,00230602;0,49
5143;0,30530179;0,209814316;0,252041566;0,13787533;0,317175;0,2144625;0,2608925;0,1384135;0;0,013426203;0;0;0;0,49
5144;0,411928184;0,358099697;0,433339184;0,237281171;0,4336575;0,37188;0,4570225;0,2409525;0;0,00098361;0;0;0;0,49
5145;0,559467119;0,453832776;0,568691763;0,230120092;0,5944375;0,4770225;0,609305;0,23416;5,47E-05;0,002469958;0;0;0;0,49
5146;0,087205038;0,544747658;0,670644434;0,146132724;0,09155275;0,5793625;0,729585;0,14783;7,18E-05;0,012131;0;0,000131148;0;0,49
5147;0,301239671;0,590943119;0,724304368;0,120884021;0,30715;0,63495;0,79674;0,12157625;8,74E-05;0,012131;0;0,00098361;0;0,49
5148;0,659392342;0,595739645;0,723069119;0,245369289;0,7021675;0,644255;0,79954;0,2486375;4,90E-05;0,002469958;0;0,00098361;0;0,49
5149;0,360122329;0,562944118;0,693839684;0,220989355;0,3851075;0,6089;0,7668025;0,224545;9,81E-05;0,00098361;0;0,000590173;0;0,49
5150;0,293722224;0,524119224;0,626996526;0,154914316;0,3023975;0,5635425;0,6890525;0,156695;0,000108501;0,00098361;0,000491803;0,00098361;0;0,49
5151;0,19356536;0,421954658;0,524441881;0,179168076;0,197536;0,4494375;0,5698875;0,1808895;0,00013189;0,00098361;0,00098361;0,00098361;0;0,49
5152;0,030107834;0,314247119;0,38696554;0,182164461;0,0302455;0,33055;0,4142375;0,184185;9,76E-05;0,002655755;0,001949733;0,002469958;0,00018032;0,49
5153;0,016336121;0,182041658;0,222455763;0,106455193;0,0159965;0,18875;0,2342525;0,107318;9,60E-06;0,0291365;0,05596825;0,04549725;0,0183114;0,49
5154;0,005840638;0,076253692;0,073161955;0,047643713;0,005554;0,0778835;0,07533125;0,0477395;0;0,1069065;0,1762325;0,109875;0,09554275;0,49
5155;0,000907027;0,008785373;0,009076456;0,006886203;0,000810648;0,00865865;0,00896111;0,006826485;0;0,242025;0,4373825;0,28191;0,3177575;0,49
5156;0;0;0;0;0;0;0;0;0;0,1789175;0,226725;0,172535;0,1694425;0,49
5157;0;0;0;0;0;0;0;0;0;0,2984125;0,42608;0,28191;0,391445;0,49
5158;0;0;0;0;0;0;0;0;0;0,2148325;0,194521;0,14725;0,23668;0,49
5159;0;0;0;0;0;0;0;0;0;0,1244425;0,04863425;0,06240425;0,06006875;0,49
5160;0;0;0;0;0;0;0;0;0;0,081785;0,0355905;0,083825;0,0608745;0,49
5161;0;0;0;0;0;0;0;0;0;0,0263035;0,00414208;0,029918;0,011027428;0,49
5162;0;0;0;0;0;0;0;0;0;0,03893375;0,00302733;0,01319325;0,004513705;0,49
5163;0;0;0;0;0;0;0;0;0;0,078113;0,0243385;0,0361215;0,0236395;0,49
5164;0;0;0;0;0;0;0;0;0;0,011919878;0,000901628;0,003739903;0,002131158;0,49
5165;0,019344424;0,017223527;0,01603747;0,023233776;0,018883425;0,0167638;0,015548125;0,022694;0;0,00098361;0;0,000213123;0;0,49
5166;0,076487739;0,074497614;0,076610542;0,095052608;0,07621625;0,07384075;0,0762375;0,09574275;0;0,00098361;0;0,00098361;0,000540985;0,49
5167;0,156231434;0,164938382;0,220806355;0,249347132;0,1574875;0,1659175;0,2255125;0,2577775;4,26E-06;0,004513705;0,00018032;0,004327955;0,001243707;0,49
5168;0,26951325;0,261379622;0,360254763;0,410890382;0,2745425;0,26554225;0,37422;0,432005;0,000166736;0,02939375;0,006953803;0,02319675;0,01168525;0,49
5169;0,354454145;0,334230237;0,491085315;0,543815803;0,364905;0,3418925;0,51826;0,580295;0,000258677;0,01959675;0,001330433;0,009530075;0,004513705;0,49
5170;0,35881725;0,38760604;0,594870395;0,604480303;0,370525;0,399045;0,63618;0,6517175;0,000344973;0,03786275;0,010406475;0,012131;0,00377053;0,49
5171;0,403736526;0,437512066;0,577562447;0,67461746;0,417705;0,453865;0,62013;0,7337375;0,000367618;0,07923475;0,03806925;0,0320495;0,012131;0,49
5172;0,4078155;0,392826355;0,595152118;0,630097895;0,4237225;0,408325;0,63856;0,687055;0,000360999;0,08459;0,038689;0,0223115;0,012131;0,49
5173;0,43073625;0,385648421;0,529344356;0,611829197;0,4491075;0,3989825;0,56542;0,66488;0,000373066;0,07005475;0,015412;0,008786825;0,002469958;0,49
5174;0,421273224;0,357290645;0,448894184;0,576705237;0,439505;0,3682625;0,474695;0,62476;0,000258609;0,01965575;0,001003275;0,000409833;0,000213123;0,49
5175;0,343110553;0,298786026;0,410596618;0,477560171;0,3562325;0,3072675;0,43136;0,513815;0,000169503;0,01178425;0;0;0;0,49
5176;0,235412645;0,208168038;0,315414947;0,347933566;0,241625;0,21301675;0,3303575;0,3704225;6,72E-05;0,001330433;0;0;0;0,49
5177;0,144517267;0,121095434;0,195814816;0,177163263;0,1472005;0,12225;0,2030125;0,185265;0;0,002469958;0,00016393;3,93E-05;0;0,49
5178;0,047547493;0,048225797;0,071682304;0,0688263;0,04777275;0,04824725;0,07305925;0,07039875;0;0,012131;0,003027328;0,000960658;0,00080328;0,49
5179;0,002582896;0,002440117;0,008965676;0,004216031;0,00256308;0,0024117;0,00883935;0,004150775;0;0,005256805;0,00098361;0,00098361;0,000491803;0,49
5180;0;0;0;0;0;0;0;0;0;0,00098361;0,00034427;0,000672132;0,0002459;0,49
5181;0;0;0;0;0;0;0;0;0;0,008526775;0,00098361;0,003027328;0,00098361;0,49
5182;0;0;0;0;0;0;0;0;0;0,001057933;0,0002459;0,000540985;0,000491803;0,49
5183;0;0;0;0;0;0;0;0;0;0,000131148;0;0;0;0,49
5184;0;0;0;0;0;0;0;0;0;0;0;0;0;0,49
5185;0;0;0;0;0;0;0;0;0;0;0;0;0;0,49
5186;0;0;0;0;0;0;0;0;0;0;0;0;0;0,49
5187;0;0;0;0;0;0;0;0;0;0;0;0;0;0,49
5188;0;0;0;0;0;0;0;0;0;0;0;0;0;0,49
5189;0,017384061;0,013029937;0,016954204;0,025649521;0,0169631;0,012573625;0,016325425;0,024969875;0;0;0;0,00057377;0;0,49
5190;0,08541814;0,055818853;0,075894675;0,102612916;0,085238;0,05508;0,0758985;0,103712;0;6,55E-06;6,55E-06;0,00034427;0;0,49
5191;0,195504197;0,146343174;0,236190395;0,256500987;0,19827;0,14682925;0,2436025;0,2660075;0;0,000911478;0,003512595;0,00822945;0,000868855;0,49
5192;0,295347553;0,244059395;0,413541474;0,4462455;0,3027475;0,247455;0,434805;0,47196;8,12E-05;0,00098361;0,001169407;0,008601025;0,001169407;0,49
5193;0,389679237;0,332727711;0,537396355;0,576466855;0,403235;0,341185;0,5734225;0,6191975;0,00027733;0,0108305;0,01157365;0,012131;0,01157365;0,49
5194;0,465624237;0,443166043;0,634104632;0,657641803;0,486075;0,46010725;0,6859075;0,71663;0,000266479;0,012131;0,011871;0,0110039;0,011871;0,49
5195;0,563866342;0,473897763;0,66864829;0,702385303;0,5984375;0,4960875;0,7316725;0,77335;0,000536858;0,006000075;0,001904905;0,00073371;0,001904905;0,49
5196;0,55865325;0,4978515;0,689238197;0,691455868;0,597475;0,52592;0,7589625;0,7647175;0,00037806;0,03514225;0,05416925;0,02366675;0,04297825;0,49
5197;0,51247946;0,42384004;0,6574275;0,661335513;0,547015;0,4459825;0,7242825;0,730745;0,000257223;0,084437;0,1412675;0,038689;0,10874425;0,49
5198;0,463885737;0,357594039;0,592693658;0,579433382;0,49231;0,3723775;0,6495675;0,635605;0,000176546;0,0403825;0,04236475;0,012142025;0,0351495;0,49
5199;0,323883513;0,272431619;0,496601803;0,489804316;0,3395325;0,2809;0,5382175;0,530885;0,000144714;0,00469958;0,000530053;0,00018032;0,00110747;0,49
5200;0,237548447;0,219898579;0,364008671;0,342472461;0,24467;0,2246425;0,388805;0,36592;4,18E-05;0,00098361;0;0;0;0,49
5201;0,126536795;0,149287066;0,20696096;0,185571632;0,128656;0,15152;0,2173925;0,1947025;6,10E-06;0,000131148;0;0;0;0,49
5202;0,04784824;0,060183884;0,071317267;0,064706874;0,048246;0,06058675;0,0732995;0,06644725;0;0;0;0;0;0,49
5203;0,002252405;0,002305747;0,009358259;0,004471399;0,002232852;0,00228133;0,009212725;0,00441235;0;0,000262295;0,000366125;0,000192708;0,000254638;0,49
5204;0;0;0;0;0;0;0;0;0;0,013371525;0,055022;0,0278239;0,0268648;0,49
5205;0;0;0;0;0;0;0;0;0;0,007114803;0,014316928;0,0125136;0,007383628;0,49
5206;0;0;0;0;0;0;0;0;0;0,000786885;0,000131148;0,000819673;0,000213123;0,49
5207;0;0;0;0;0;0;0;0;0;0,00098361;0,000672125;0,00098361;0,000737705;0,49
5208;0;0;0;0;0;0;0;0;0;0,002469958;0,00098361;0,00098361;0,00098361;0,49
5209;0;0;0;0;0;0;0;0;0;0,01131355;0,00098361;0,00098361;0,00098361;0,49
5210;0;0;0;0;0;0;0;0;0;0,001057933;0,000131148;0,000459025;0,00037705;0,49
5211;0;0;0;0;0;0;0;0;0;0,00098361;0,000213123;0,000213123;0,000295083;0,49
5212;0;0;0;0;0;0;0;0;0;0,0108305;0,00097268;0,00098361;0,005628453;0,49
5213;0,009180436;0,017764171;0,013684475;0,015373349;0,008753625;0,017162275;0,013211925;0,01495025;0;0,002469958;6,01E-05;0,000131148;0,0007541;0,49
5214;0,05013285;0,076141484;0,067802944;0,082712629;0,04949625;0,07603725;0,067049;0,0828025;0;0,00098361;0;0;0,00098361;0,49
5215;0,10894905;0,203717526;0,184300263;0,264162908;0,1089535;0,20843;0,18593;0,272865;5,67E-06;0,00098361;0;0;0,000944265;0,49
5216;0,180558395;0,369823737;0,30062325;0,490911947;0,18193;0,3853975;0,30736;0,5189575;0,00014384;0,000540985;0;0;2,30E-05;0,49
5217;0,232479829;0,475542355;0,392197895;0,373654697;0,23561;0,50278;0,40401;0,3941775;0,000275871;0;0;0;0;0,49
5218;0,269893698;0,582652737;0,438651;0,663560407;0,27476;0,6245075;0,455805;0,70922;0,000379672;0,000229508;0;0;0;0,49
5219;0,318258671;0,606457184;0,504490066;0,291653842;0,32553;0,65574;0,528335;0,31196;0,000468925;0;0;0;0;0,49
5220;0,287683224;0,630697461;0,44563871;0,054141754;0,29469;0,686105;0,4674425;0,0559145;0,000490027;0;0;0;0;0,49
5221;0,283276776;0,60153304;0,397490447;0,048293219;0,2899175;0,6557625;0,4138925;0,04795925;0,000451217;0;0;0;0;0,49
5222;0,24395104;0,508725553;0,373905118;0,043830426;0,2489375;0,5506175;0,3873275;0,043477;0,00039598;0;0;0;0;0,49
5223;0,209491658;0,456751145;0,321692329;0,131966597;0,2128775;0,4892625;0,332505;0,1323055;0,000301026;0;0;0;0;0,49
5224;0,148805487;0,327921553;0,225913259;0,028724258;0,150415;0,3479575;0,23201975;0,02869475;0,00015849;0;0;0;0;0,49
5225;0,097091854;0,181442092;0,120020068;0,222860289;0,0976995;0,1889225;0,1213035;0,2284025;1,25E-05;0;0;0;0;0,49
5226;0,032396057;0,075526267;0,050092397;0,073236359;0,0322905;0,07723075;0,0500695;0,075129;0;0;0;0;0;0,49
5227;0,002082059;0,007678362;0,002012543;0,012401116;0,002051588;0,00756918;0,001985725;0,0121521;0;0;0;0;0;0,49
5228;0;0;0;0;0;0;0;0;0;0;0;0;0;0,49
5229;0;0;0;0;0;0;0;0;0;0;0;0;0;0,49
5230;0;0;0;0;0;0;0;0;0;0;0,00014754;6,55E-06;0,00014754;0,49
5231;0;0;0;0;0;0;0;0;0;0,000868855;0,008786825;0,003326773;0,008786825;0,49
5232;0;0;0;0;0;0;0;0;0;0,00098361;0,0355905;0,012131;0,009344275;0,49
5233;0;0;0;0;0;0;0;0;0;0,00098361;0,03600375;0,02496725;0,0114498;0,49
5234;0;0;0;0;0;0;0;0;0;0,000358467;0,002177058;0,002025145;0,000517315;0,49
5235;0;0;0;0;0;0;0;0;0;0,000953008;0,0057159;0,002996728;0,002541;0,49
5236;0;0;0;0;0;0;0;0;0;0,006557425;0,08260225;0,033082;0,022754;0,49
5237;0,01760643;0;0,014332801;0,019837104;0,017066;0;0,01383995;0,019386975;0;0,000885248;0,0162535;0,010480875;0,00337961;0,49
5238;0,100712124;0,013542313;0,071517123;0,118917012;0,10158175;0,013134525;0,070869;0,12030725;0;0,013256775;0,1359705;0,088169;0,0439045;0,49
5239;0,281726092;0,109638189;0,124422182;0,277367803;0,2922275;0,109368;0,124435;0,2883575;0;0,038689;0,3138925;0,18934;0,1427175;0,49
5240;0,371923421;0,155852191;0,13897646;0,481651184;0,389745;0,156326;0,13919;0,5107325;0;0,038689;0,108411;0,0720645;0,06083375;0,49
5241;0,559527316;0,037466361;0,378289895;0,475029473;0,5963775;0,037383;0,3890075;0,5045725;0;0,064537;0,1218475;0,09263275;0,1175825;0,49
5242;0,706726737;0,289669737;0,384702118;0,441675316;0,770315;0,294935;0,3979725;0,4643075;1,56E-07;0,2252425;0,457955;0,2940575;0,528;0,49
5243;0,82427775;0,60171604;0,69819075;0,485470105;0,914915;0,63503;0,747805;0,509475;1,14E-05;0,12020425;0,0938415;0,081376;0,13658575;0,49
5244;0,585835974;0,795992211;0,548886829;0,436768026;0,6453325;0,8706975;0,593735;0,45753;2,02E-05;0,040525;0,00302733;0,007477553;0,011601325;0,49
5245;0,207404976;0,337312342;0,197979513;0,386341895;0,2217825;0,3637525;0,2083125;0,40162;1,50E-05;0,041494;0,002655755;0,0108305;0,0174425;0,49
5246;0,086695046;0,266479303;0,227878342;0,385853092;0,08758075;0,2737;0,2302575;0,400385;1,47E-05;0,1046095;0,0321085;0,03550175;0,09066575;0,49
5247;0,038163205;0,219364026;0,322773474;0,335708684;0,03798025;0,2229575;0,3298025;0,3481175;0;0,0593445;0,00756055;0,01501765;0,0283005;0,49
5248;0,025695127;0,278547671;0,260722026;0,27637575;0,02531725;0,285515;0,267775;0,286085;0;0,13893425;0,06581175;0,068082;0,1539175;0,49
5249;0,014979586;0,159397816;0,149858941;0,152144996;0,014655575;0,1638225;0,15271575;0,156836;0;0,1244425;0,03949725;0,04710425;0,09747025;0,49
5250;0,004178926;0,053259742;0,077534692;0,039969608;0,003887875;0,0538385;0,07810975;0,0403375;0;0,0578145;0,012131;0,03786275;0,02673775;0,49
5251;0,000478447;0,009572879;0,013511134;0,001453803;0,000392973;0,009419568;0,013309093;0,0014381;0;0,0223115;0,002469958;0,01295725;0,005628377;0,49
5252;0;0;0;0;0;0;0;0;0;0,0258525;0,0108305;0,012131;0,0108305;0,49
5253;0;0;0;0;0;0;0;0;0;0,0223935;0,027024;0,0231025;0,010491928;0,49
5254;0;0;0;0;0;0;0;0;0;0,18866075;0,5099;0,325935;0,311737;0,49
5255;0;0;0;0;0;0;0;0;0;0,3508725;0,97114;0,694915;0,7363775;0,49
5256;0;0;0;0;0;0;0;0;0;0,49916;0,995395;0,88011;0,9962725;0,49
5257;0;0;0;0;0;0;0;0;0;0,33538;0,49052;0,38847;0,6551225;0,49
5258;0;0;0;0;0;0;0;0;0;0,2352225;0,15381;0,1791425;0,16443;0,49
5259;0;0;0;0;0;0;0;0;0;0,230135;0,13830725;0,19263;0,143;0,49
5260;0;0;0;0;0;0;0;0;0;0,0426415;0,010398905;0,019759677;0,015677702;0,49
5261;0,002918833;0,01926429;0,013642505;0,019117962;0,00252347;0,018630825;0,013106725;0,018549725;0;0,012131;0;0,00098361;0,00098361;0,49
5262;0,016077272;0,07844608;0,051906024;0,098972661;0,01545025;0,07878975;0,05124675;0,09992125;0;0,0174425;0,0007541;0,003956303;0,0074865;0,49
5263;0,048175954;0,24646729;0,145860391;0,255598026;0,0476205;0,25566;0,146367;0,2648475;0;0,014710525;0,00122405;0,003185848;0,00395735;0,49
5264;0,10104032;0,43541479;0,160736605;0,422944303;0,100967;0,4605625;0,1617525;0,44589;0;0,180845;0,18434875;0,14486475;0,2090105;0,49
5265;0,211326474;0,584294921;0,356464737;0,553293276;0,2133425;0,6287425;0,3652825;0,5925625;0;0,441015;0,74405;0,453335;0,5981975;0,49
5266;0,203105921;0,681210276;0,528809803;0,645941842;0,20573;0,74495;0,55459;0,7014825;0;0,653605;0,9682;0,82577;0,798565;0,49
5267;0,179752472;0,722101145;0,737868039;0,675679342;0,1817125;0,7989725;0,7988375;0,7422475;0;0,415685;0,327615;0,3392275;0,17918325;0,49
5268;0,189315908;0,725924882;0,526450066;0,678366553;0,1912675;0,80776;0,5719125;0,74847;0;0,5606825;0,57011;0,5052025;0,31607;0,49
5269;0,388834066;0,69291746;0,33126058;0,651636513;0,4006775;0,771075;0,344541;0,718295;0;0,9828325;0,9994975;0,9928775;0,9742525;0,49
5270;0,358863;0,623565277;0,494357645;0,583779632;0,3721225;0,6895775;0,516685;0,6399425;0;1;1;1;0,99764;0,49
5271;0,342650645;0,520153421;0,373110513;0,495523066;0,3549525;0,56806;0,3927475;0,5378625;0;1;1;1;1;0,49
5272;0,248535671;0,368465684;0,365231882;0,355277645;0,256545;0,3958825;0,38265;0,380795;0;1;1;1;1;0,49
5273;0,158124039;0,210539092;0,173248508;0,195321197;0,1617325;0,22233;0,1806885;0,20606;0;1;1;1;1;0,49
5274;0,06354362;0,072232267;0,04144348;0,063577571;0,0642615;0,0745205;0,04197925;0,065519;0;0,9979025;0,9893375;0,98925;0,96995;0,49
5275;0,014097181;0,006816054;0,001726918;0,005948521;0,013937575;0,006725755;0,001701885;0,005834265;0;0,952775;0,8190475;0,8190475;0,79025;0,49
5276;0;0;0;0;0;0;0;0;0;0,9112025;0,6846975;0,7431125;0,87022;0,49
5277;0;0;0;0;0;0;0;0;0;0,62951;0,2604925;0,356885;0,4011925;0,49
5278;0;0;0;0;0;0;0;0;0;0,56066;0,25902;0,38672;0,3929925;0,49
5279;0;0;0;0;0;0;0;0;0;0,59164;0,305115;0,44508;0,4435075;0,49
5280;0;0;0;0;0;0;0;0;0;0,9244625;0,90793;0,9429775;0,9444225;0,49
5281;0;0;0;0;0;0;0;0;0;0,998775;1;1;1;0,49
5282;0;0;0;0;0;0;0;0;0;1;1;1;1;0,49
5283;0;0;0;0;0;0;0;0;0;1;1;1;1;0,49
5284;0;0;0;0;0;0;0;0;0;1;1;1;1;0,49
5285;0,008064545;0,003450248;0;0,018109608;0,007646625;0,003059763;0;0,01757725;0;0,95248;0,816965;0,95423;0,86314;0,49
5286;0,057205078;0,034080138;0,043352483;0,095237293;0,05663075;0,0332905;0,0427746;0,09613225;0;0,743305;0,33516;0,6352475;0,4636725;0,49
5287;0,137069408;0,128250012;0,097311213;0,250929119;0,13761275;0,128395;0,09660575;0,260035;1,59E-05;0,879525;0,5491825;0,87435;0,68059;0,49
5288;0,180869013;0,245154505;0,107413536;0,435284763;0,18253;0,24861275;0,1071595;0,45928;0,00018907;0,9500375;0,48541;0,769365;0,6564925;0,49
5289;0,233334631;0,3426675;0,162321;0,563490711;0,2365275;0,3520625;0,162495;0,60392;0,000350818;0,8420875;0,2615675;0,4708075;0,33664;0,49
5290;0,307364873;0,400223408;0,190425947;0,65574679;0,31295625;0,4147575;0,19142;0,7128625;0,000480045;0,79313;0,112448;0,2697725;0,1413175;0,49
5291;0,404608184;0,287808434;0,282212487;0,684858237;0,417505;0,2968775;0,2853875;0,7523825;0,000560483;0,9828125;0,28378;0,4686675;0,33996;0,49
5292;0,430916842;0,309573395;0,324711829;0,701983185;0,4487575;0,3162125;0,330935;0,775475;0,000587636;1;0,7771975;0,8889675;0,83247;0,49
5293;0,315610469;0,237072888;0,266616553;0,654501908;0,327587;0,2416635;0,2716075;0,72146;0,000561454;1;0,9955;0,9975675;0,998775;0,49
5294;0,299743646;0,183825908;0,294680566;0,557434855;0,306664;0,1857525;0,2998025;0,608615;0,000479273;0,9939725;0,38624;0,54836;0,4621625;0,49
5295;0,323457316;0,212121079;0,258610303;0,459079579;0,33238;0,2142775;0,2634475;0,4943475;0,000349859;0,7310325;0,0440875;0,123883;0,051615;0,49
5296;0,240825592;0,167459447;0,193065;0,320040513;0,2480825;0,16915;0,1959175;0,3399175;0,000188201;0,5483975;0,0342625;0,126807;0,037066;0,49
5297;0,194974461;0,092968334;0,093970741;0,17747629;0,2004875;0,09339325;0,09464275;0,1856225;1,49E-05;0,2551925;0,002431695;0,029042;0,005521203;0,49
5298;0,071222878;0,040890628;0,040647912;0,05236232;0,0728725;0,04067525;0,04039525;0,0535765;0;0,09425;0;0,00222223;6,99E-05;0,49
5299;0,009417662;0,001645502;0,002682202;0,00218372;0,0093028;0,00162282;0,002640775;0,002151175;0;0,112365;0,00080328;0,02168325;0,000960658;0,49
5300;0;0;0;0;0;0;0;0;0;0,0601095;0,000721313;0,007114803;0,000721313;0,49
5301;0;0;0;0;0;0;0;0;0;0,0126995;0;0,00037705;0;0,49
5302;0;0;0;0;0;0;0;0;0;0,00016393;0;0;0;0,49
5303;0;0;0;0;0;0;0;0;0;0;0;0;0;0,49
5304;0;0;0;0;0;0;0;0;0;0;0;0;0;0,49
5305;0;0;0;0;0;0;0;0;0;0;0;0;0;0,49
5306;0;0;0;0;0;0;0;0;0;0;0;0;0;0,49
5307;0;0;0;0;0;0;0;0;0;0,001426228;2,30E-05;3,93E-05;6,55E-06;0,49
5308;0;0;0;0;0;0;0;0;0;0,0234535;0,005774833;0,003375953;0,002397825;0,49
5309;0;0,015259455;0,006250331;0,005885521;0;0,01468345;0,005879225;0,005482075;0;0,038689;0,01205675;0,01131355;0,0108305;0,49
5310;0,060744924;0,08378968;0,087810142;0,083636298;0,06050675;0,08387425;0,08751075;0,0838545;0;0,019685;0,00235848;0,001083423;0,001169407;0,49
5311;0,155389153;0,223471895;0,253428513;0,247165579;0,15654925;0,2302425;0,2608625;0,2545175;1,39E-05;0,063854;0,030152;0,02340055;0,0142294;0,49
5312;0,282174924;0,417179803;0,460143869;0,255908645;0,2890975;0,4391475;0,4848175;0,2637475;0,000179041;0,02546075;0,008189;0,0083005;0,0061858;0,49
5313;0,398800342;0,551017816;0,420772382;0,20565829;0,41371;0,59002;0,44434;0,2099525;0,000336453;0,06974875;0,07858475;0,06107625;0,0521235;0,49
5314;0,429814027;0,628954145;0,410827776;0,227719421;0,4495675;0,683055;0,42924;0,2311375;0,000472832;0,015060203;0,011264178;0,012125652;0,007204305;0,49
5315;0,476076908;0,656185026;0,349120658;0,265771382;0,49954;0,7195275;0,361355;0,270585;0,000553351;0,00098361;0,00098361;0,00098361;0,00098361;0,49
5316;0,492725092;0,667335987;0,441215408;0,161805711;0,51876;0,73503;0,4577925;0,1643275;0,000584641;0,0108305;0,006371653;0,0108305;0,00098361;0,49
5317;0,499187882;0,638896342;0,63350025;0,189963632;0,527135;0,70372;0,6778075;0,1919575;0,000550742;0,01257375;0,01655725;0,01788525;0,005947605;0,49
5318;0,394598566;0,56058679;0,36587479;0,335561803;0,4143025;0,6138925;0,392945;0,344355;0,000476878;0,045011;0,12150225;0,11554525;0,09346775;0,49
5319;0,311930724;0,466881158;0,140307304;0,160938868;0,324105;0,50523;0,14384825;0,1649925;0,000357601;0,038689;0,09425;0,0890175;0,07540975;0,49
5320;0,185745;0,338511474;0,122851994;0,259272474;0,19022;0,3609875;0,1230905;0,26486;0,000195658;0,0616395;0,134103;0,1051205;0,09425;0,49
5321;0,102127003;0,191670829;0,030920498;0,207257132;0,10327825;0,2011225;0,0307355;0,2142;3,20E-05;0,11403;0,2843775;0,2117775;0,2358275;0,49
5322;0,051750956;0,059072641;0,004338761;0,058717717;0,05175425;0,060618;0,004252825;0,060253;0;0,3484925;0,937775;0,7785825;0,90619;0,49
5323;0,003094771;0,005301751;0;0,003438341;0,00306265;0,005232725;0;0,003375;0;0,42967;0,984255;0,668835;0,9609875;0,49
5324;0;0;0;0;0;0;0;0;0;0,5588;0,9808225;0,729805;0,9054425;0,49
5325;0;0;0;0;0;0;0;0;0;0,40366;0,5684075;0,4279225;0,510165;0,49
5326;0;0;0;0;0;0;0;0;0;0,39344;0,2836625;0,25902;0,2769425;0,49
5327;0;0;0;0;0;0;0;0;0;0,415735;0,32859;0,303225;0,309565;0,49
5328;0;0;0;0;0;0;0;0;0;0,705245;0,88567;0,8047075;0,758415;0,49
5329;0;0;0;0;0;0;0;0;0;0,5999;0,724295;0,710605;0,5151825;0,49
5330;0;0;0;0;0;0;0;0;0;0,7837425;0,9553475;0,8982;0,8923425;0,49
5331;0;0;0;0;0;0;0;0;0;0,9648625;0,9998775;0,997725;0,9999425;0,49
5332;0;0;0;0;0;0;0;0;0;1;0,65000075;1;1;0,49
5333;0,008235867;0,006142046;0;0,010957558;0,00792305;0,005744195;0;0,0105332;0;0,9712125;0,9737375;0,9743875;0,7814275;0,49
5334;0,086455701;0,031215948;0,053823671;0,05113309;0,08684375;0,03050075;0,05330075;0,05056725;0;0,9500375;0,915585;0,9198425;0,5567575;0,49
5335;0,255318711;0,114136618;0,122508387;0,125300823;0,2650475;0,1141245;0,12244975;0,1256395;2,56E-05;0,7952825;0,4105575;0,5696725;0,30976;0,49
5336;0,445845789;0,272542382;0,110429424;0,196048381;0,473225;0,278025;0,11050125;0,1982525;0,000202216;0,488425;0,175745;0,3015875;0,15773;0,49
5337;0,595782987;0,384367421;0,22863996;0,269433789;0,643575;0,3986975;0,2308475;0,2744775;0,00036759;0,39344;0,112365;0,25902;0,15705;0,49
5338;0,690456592;0,332542302;0,251066369;0,331983671;0,75803;0,3452775;0,25446;0,3414625;0,000498981;0,39344;0,08459;0,1961375;0,15705;0,49
5339;0,736107869;0,299383184;0,294702237;0,37838621;0,8179475;0,30738;0,2993675;0,391655;0,000577634;0,3105475;0,05628425;0,15705;0,15705;0,49
5340;0,740836974;0,314752776;0,267146289;0,346134868;0,8283275;0,3219825;0,271505;0,3580825;0,000600205;0,2993475;0,04557425;0,1413525;0,1658875;0,49
5341;0,709729382;0,438299447;0,2374425;0,334131513;0,7936525;0,45535;0,2408625;0,344915;0,000567548;0,3929925;0,12685775;0,2233275;0,33037;0,49
5342;0,639457382;0,370914513;0,210765434;0,241097684;0,7103325;0,3873825;0,213215;0,24764;0,000483822;0,2281825;0,0383335;0,08237275;0,143628;0,49
5343;0,530331592;0,236755528;0,232963816;0,192443763;0,5815925;0,24484025;0,236085;0,19563;0,000357468;0,16736;0,01931325;0,04714425;0,0696445;0,49
5344;0,380013947;0,111519237;0,148167395;0,12464106;0,4097525;0,1127085;0,14979;0,1260535;0,000195364;0,3453825;0,1744125;0,2361425;0,40526;0,49
5345;0,207767606;0,013902317;0,112788198;0,054236384;0,2201525;0,01375035;0,11316;0,0544035;3,07E-05;0,17789;0,028887575;0,06408975;0,07770275;0,49
5346;0,068869161;0,003327063;0,047306704;0,015725792;0,07125875;0,00318103;0,04725125;0,015547825;0;0,1791425;0,03905475;0,0646995;0,06390475;0,49
5347;0,004942734;0;0,004957889;0,000789973;0,004882693;0;0,004882052;0,000763528;0;0,25902;0,08459;0,1425575;0,08459;0,49
5348;0;0;0;0;0;0;0;0;0;0,3520775;0,18288;0,2233375;0,1735525;0,49
5349;0;0;0;0;0;0;0;0;0;0,954645;0,96468;0,9278275;0,9510825;0,49
5350;0;0;0;0;0;0;0;0;0;1;1;1;1;0,49
5351;0;0;0;0;0;0;0;0;0;0,996215;0,9974925;0,995115;0,9922875;0,49
5352;0;0;0;0;0;0;0;0;0;0,574025;0,341235;0,4354575;0,3499825;0,49
5353;0;0;0;0;0;0;0;0;0;0,267235;0,044809;0,1051205;0,05475425;0,49
5354;0;0;0;0;0;0;0;0;0;0,24871;0,0307215;0,05628425;0,0307215;0,49
5355;0;0;0;0;0;0;0;0;0;0,150255;0,00681425;0,041494;0,011311525;0,49
5356;0;0;0;0;0;0;0;0;0;0,281545;0,06576875;0,13118;0,0625665;0,49
5357;0;0;0;0,011769669;0;0;0;0,011359125;0;0,1825425;0,02462475;0,055962;0,02326425;0,49
5358;0,007399726;0,017488323;0,0515877;0,049579516;0,007059725;0,017064175;0,05115725;0,04901375;0;0,198115;0,05487575;0,06452775;0,05314425;0,49
5359;0,020610857;0,0458232;0,141761432;0,075949816;0,02008325;0,0451795;0,14225575;0,075682;2,61E-05;0,4793375;0,34977;0,3217;0,32176;0,49
5360;0,036441079;0,077637268;0,229734829;0,187922941;0,03594425;0,07710625;0,2322925;0,18994275;0,00018776;0,2018375;0,06472575;0,0948835;0,05708525;0,49
5361;0,04780562;0,103871763;0,326091553;0,312161882;0,04739225;0,1036365;0,33372;0,319345;0,000330507;0,31515;0,13509725;0,16196175;0,14940975;0,49
5362;0,051826322;0,119812026;0,385186105;0,322985369;0,05146725;0,1199075;0,3971225;0,3328925;0,000432824;0,39344;0,25902;0,25902;0,25902;0,49
5363;0,061921421;0,125191263;0,354418026;0,326963211;0,061589;0,1254175;0,3662025;0,33674;0,000510166;0,39344;0,25868;0,3307075;0,25494;0,49
5364;0,060411671;0,12686475;0,32111925;0,438956803;0,060133;0,1271425;0,3293075;0,4575775;0,000516587;0,3329525;0,135695;0,1961375;0,12199325;0,49
5365;0,054670046;0,127579654;0,340911904;0,399399908;0,05437625;0,127881;0,34892075;0,41864;0,000498513;0,25902;0,08459;0,11840525;0,08459;0,49
5366;0,051951051;0,114308783;0,291116882;0,340276461;0,0516265;0,1145135;0,29789;0,3542825;0,000430419;0,25902;0,08459;0,1051205;0,08459;0,49
5367;0,04599392;0,092741992;0,274790392;0,166626316;0,04566175;0,09275075;0,280641;0,1716475;0,000323147;0,3508725;0,134103;0,1825425;0,134103;0,49
5368;0,032474554;0,071195428;0,202674908;0,090163137;0,03214825;0,0709455;0,20623825;0,090719;0,000179344;0,39344;0,22673;0,25902;0,22673;0,49
5369;0,019961207;0,043889901;0,096856121;0,015204194;0,01962925;0,04352575;0,09763025;0,015161775;3,42E-05;0,39344;0,242025;0,25902;0,2515425;0,49
5370;0,006857636;0,017509873;0,043318026;0,004132983;0,006622725;0,0172275;0,04309425;0,003829525;0;0,3620775;0,1497275;0,240325;0,1628275;0,49
5371;0,000504837;0,000969671;0,001219317;0,000273101;0,000459798;0,000940483;0,001200163;0,000235255;0;0,44918;0,35683;0,3454125;0,35688;0,49
5372;0;0;0;0;0;0;0;0;0;0,719015;0,702995;0,64142;0,762215;0,49
5373;0;0;0;0;0;0;0;0;0;0,5013125;0,3149175;0,341665;0,338715;0,49
5374;0;0;0;0;0;0;0;0;0;0,2903825;0,0702655;0,1514675;0,0928415;0,49
5375;0;0;0;0;0;0;0;0;0;0,3665575;0,1243915;0,2165325;0,170465;0,49
5376;0;0;0;0;0;0;0;0;0;0,3929925;0,13742225;0,2471225;0,240245;0,49
5377;0;0;0;0;0;0;0;0;0;0,2281825;0,02612025;0,08849275;0,06361175;0,49
5378;0;0;0;0;0;0;0;0;0;0,154795;0,02802825;0,07234975;0,03337725;0,49
5379;0;0;0;0;0;0;0;0;0;0,05930375;0,001408743;0,009726753;0,002754105;0,49
5380;0;0;0;0;0;0;0;0;0;0,038689;0;0,00098361;0,000868855;0,49
5381;0;0;0;0,001964858;0;0;0;0,00159884;0;0,0355905;0;0,00098361;0,000868855;0,49
5382;0,022825253;0,026029414;0,068652209;0,057546035;0,022452975;0,025605075;0,06839875;0,05693725;0;0,006371653;0;0,00018032;0;0,49
5383;0,057997998;0,068497863;0,176477013;0,141772026;0,0575195;0,067893;0,1791125;0,14265;2,16E-05;0,00414208;0;3,06E-05;0;0,49
5384;0,094432094;0,104418356;0,239102744;0,189573553;0,09434625;0,104124;0,24363775;0,1918525;0,000197916;0,01699975;0,000311475;0,002080155;0,000491803;0,49
5385;0,124769882;0,145701711;0,362648211;0,266486526;0,12516;0,14607;0,37264;0,270875;0,000365464;0,05322425;0,00953005;0,0267255;0,0100874;0,49
5386;0,149787908;0,168362408;0,235241684;0,31654425;0,1507725;0,1693575;0,241315;0,3242375;0,000493159;0,038689;0,012131;0,0223115;0,012131;0,49
5387;0,162337855;0,190921974;0,345590684;0,3223545;0,163655;0,1925425;0,3535875;0,3309175;0,000574625;0,038689;0,0355905;0,012131;0,012131;0,49
5388;0,16858875;0,180317605;0,540916697;0,35569421;0,17002;0,18182;0,5663275;0,366005;0,00059927;0,0355905;0,01522625;0,0110039;0,002469958;0,49
5389;0,158193869;0,184148566;0,54246979;0,350211434;0,1595325;0,18559;0,57886;0,3617075;0,00057106;0,006371653;0,000735508;0,000471423;0,000131148;0,49
5390;0,147611171;0,150645118;0,360584645;0,303327316;0,1487775;0,1516875;0,3813925;0,3126875;0,000487648;0,00098361;0,00016393;0;0;0,49
5391;0,117333099;0,127823092;0,254018448;0,222031973;0,1180555;0,1283225;0,260685;0,226945;0,000358858;0,01001305;0,002469953;0,000857925;0,000229508;0,49
5392;0,087250066;0,100255828;0,18383867;0,172142803;0,08741;0,1003305;0,18680425;0,1746675;0,000198614;0,001057933;0,000229507;6,01E-05;0;0,49
5393;0,051410479;0,064300421;0,152518461;0,097649763;0,0512385;0,06409075;0,154825;0,09867275;2,71E-05;0,00098361;0;0;0;0,49
5394;0,020438933;0,026454577;0,05558324;0,033888711;0,02021325;0,02617325;0,056473725;0,03379475;0;0,000213123;0;0;0;0,49
5395;0,000840933;0,001064372;0,000844319;0,000783151;0,000820443;0,00104289;0,000827468;0,0007731;0;0;0;0;0;0,49
5396;0;0;0;0;0;0;0;0;0;0;0;0;0;0,49
5397;0;0;0;0;0;0;0;0;0;0;0;0;0;0,49
5398;0;0;0;0;0;0;0;0;0;0;0;0;0;0,49
5399;0;0;0;0;0;0;0;0;0;0,000721313;0,000327868;0,000311475;0,000327868;0,49
5400;0;0;0;0;0;0;0;0;0;0,012142025;0,041717525;0,016754025;0,0294665;0,49
5401;0;0;0;0;0;0;0;0;0;0,109225;0,5952525;0,19268975;0,3910825;0,49
5402;0;0;0;0;0;0;0;0;0;0,15705;0,7018;0,34415;0,5300025;0,49
5403;0;0;0;0;0;0;0;0;0;0,15705;0,4463925;0,25902;0,3289175;0,49
5404;0;0;0;0;0;0;0;0;0;0,19104;0,620015;0,303225;0,4791525;0,49
5405;0,005349543;0,005764967;0,004871725;0,008824116;0,004978493;0,005387008;0,00451525;0,008459275;0;0,3710375;0,99313;0,775535;0,97651;0,49
5406;0,069293913;0,091680111;0,079692888;0,086333862;0,06917675;0,0918255;0,07940175;0,08686975;0;0,2682875;0,569225;0,3696975;0,52672;0,49
5407;0,200175513;0,247317276;0,2379915;0,261824842;0,20506;0,2552025;0,24557;0,2724125;2,88E-06;0,08474775;0,05724775;0,06503975;0,053138;0,49
5408;0,313322487;0,311124079;0,430818118;0,437249605;0,3251175;0,323575;0,4552775;0,4643575;0,000101211;0,13531275;0,0998855;0,1246245;0,0998855;0,49
5409;0,421648856;0,499857276;0,574119158;0,585814303;0,44211;0,5283025;0,61736;0,63339;0,000170432;0,15773;0,0828985;0,0952975;0,0809255;0,49
5410;0,476873921;0,704684842;0,656488421;0,666859224;0,5035675;0,7671075;0,7173575;0,7318325;0,000160766;0,29411;0,2698475;0,2449475;0,252335;0,49
5411;0,515219645;0,572840566;0,701922987;0,701547355;0,54727;0,62833;0,7762325;0,778995;0,000143262;0,502135;0,6272125;0,5104925;0,53279;0,49
5412;0,501280342;0,405412421;0,70459575;0,70236604;0,5323475;0,4333825;0,783975;0,78429;0,000116232;0,57856;0,79025;0,6191825;0,645625;0,49
5413;0,491735448;0,318497053;0,66741304;0,65463675;0,5205125;0,33;0,7421925;0,7300475;0,000114743;0,8728525;0,9841625;0,950655;0,9853625;0,49
5414;0,438561908;0,251815946;0,594400855;0,599808987;0,4626375;0,25778525;0,6557425;0,66352;0,000105384;0,9963575;0,9998775;0,999615;0,9999825;0,49
5415;0,366676618;0,062038445;0,486799263;0,478617237;0,383415;0,06298075;0,5296025;0,5218525;7,41E-07;0,7455325;0,65644;0,7426375;0,727345;0,49
5416;0,24855975;0,022876421;0,346707948;0,324656447;0,2573425;0,0226181;0,370875;0,3476325;0;0,53279;0,3609425;0,4312575;0,3532975;0,49
5417;0,146666554;0,010347109;0,183120395;0,170033487;0,15042825;0,009982775;0,1924275;0,1787275;0;0,3069625;0,1143695;0,18054;0,10813175;0,49
5418;0,044295873;0,003115428;0,048527266;0,045822959;0,044664;0,002969265;0,04975525;0,04701125;0;0,3849275;0,2114425;0,2785375;0,203435;0,49
5419;0,001043702;0;0,002113077;0,001044882;0,001030525;0;0,002073393;0,001012375;0;0,20831;0,0584195;0,0954055;0,06829225;0,49
5420;0;0;0;0;0;0;0;0;0;0,09748525;0,005256805;0,03293475;0,007330053;0,49
5421;0;0;0;0;0;0;0;0;0;0,02547725;0,000213123;0,004111478;0,00037705;0,49
5422;0;0;0;0;0;0;0;0;0;0,005256805;0;3,06E-05;0;0,49
5423;0;0;0;0;0;0;0;0;0;0,000704928;0;0;0;0,49
5424;0;0;0;0;0;0;0;0;0;0;0;0;0;0,49
5425;0;0;0;0;0;0;0;0;0;0,000311475;0;0;0;0,49
5426;0;0;0;0;0;0;0;0;0;0,00822945;0,000622952;0,000721313;0,000622952;0,49
5427;0;0;0;0;0;0;0;0;0;0,02541;0,009663275;0,0108305;0,008601025;0,49
5428;0;0;0;0;0;0;0;0;0;0,038689;0,0526045;0,01965575;0,03624775;0,49
5429;0;0,005451691;0;0,006998004;0;0,005057453;0;0,00664026;0;0,0601095;0,162236;0,044809;0,1243915;0,49
5430;0,031778191;0,073343029;0,004812238;0,080178512;0,03142775;0,07311625;0,004455458;0,08028985;0;0,10753575;0,303065;0,081224;0,222775;0,49
5431;0,078833029;0,201263882;0,016292948;0,142781897;0,07849575;0,20634;0,015695275;0,1441975;1,45E-05;0,0332415;0,05193625;0,0212895;0,03583875;0,49
5432;0,12614479;0,360974724;0,029689102;0,236782737;0,126415;0,37778;0,02906625;0,2413225;0,00023481;0,03680025;0,0100874;0,01200725;0,010273275;0,49
5433;0,163698316;0,483242803;0,042163681;0,415287197;0,1649275;0,513665;0,0415225;0,4302575;0,000316487;0,01437375;0,000655738;0,002792005;0,000868853;0,49
5434;0,196676842;0,549842763;0,050900728;0,423724461;0,1988225;0,589955;0,05027775;0,4441975;0,000296741;0,06746425;0,020781525;0,03115175;0,0108305;0,49
5435;0,210110487;0,563591842;0,054354612;0,389611816;0,212915;0,60691;0,0537645;0,405525;0,000229738;0,10270425;0,02142625;0,05169425;0,01788525;0,49
5436;0,199234027;0,587945289;0,062250821;0,401362342;0,201985;0,6359625;0,06164575;0,4175675;0,000224994;0,15705;0,040525;0,1063275;0,038689;0,49
5437;0,195335645;0,575171408;0,060448994;0,499050631;0,197875;0,6241925;0,05989425;0,5263625;0,000140878;0,2587725;0,108804;0,2232525;0,08398275;0,49
5438;0,166886368;0,526373013;0,052934195;0,496919645;0,168775;0,56967;0,05239925;0,5295375;0,000145298;0,4905375;0,32896;0,4998925;0,3052925;0,49
5439;0,133534618;0,432214697;0,045059897;0,464880198;0,1345875;0,464135;0,04452125;0,49718;6,45E-05;0,56066;0,359835;0,567085;0,2885925;0,49
5440;0,098942803;0,294885237;0,03039341;0,338713737;0,099361;0,31239;0,02992275;0,3608175;0;0,62951;0,4730425;0,786705;0,4534875;0,49
5441;0,057502934;0,169275;0,017028391;0,200353697;0,057467;0,17619;0,0166365;0,21051;0;0,942655;0,9599875;0,98725;0,935075;0,49
5442;0,021938329;0,049345468;0,005425878;0,051351486;0,02172275;0,05050525;0,005176675;0,05285875;0;0,99475;1;1;1;0,49
5443;0,000736777;0,001148927;0,000277895;0,00529602;0,000720323;0,0011326;0,00023917;0,005113325;0;0,9774125;1;0,9993875;1;0,49
5444;0;0;0;0;0;0;0;0;0;0,8138725;0,9084625;0,829415;0,93989;0,49
5445;0;0;0;0;0;0;0;0;0;0,5454125;0,4932025;0,45378;0,55954;0,49
5446;0;0;0;0;0;0;0;0;0;0,28343;0,11904525;0,1529625;0,14864975;0,49
5447;0;0;0;0;0;0;0;0;0;0,10149825;0,009355178;0,02440425;0,012983703;0,49
5448;0;0;0;0;0;0;0;0;0;0,08459;0,00098361;0,0140785;0,00098361;0,49
5449;0;0;0;0;0;0;0;0;0;0,147621;0,02463375;0,053812;0,01659015;0,49
5450;0;0;0;0;0;0;0;0;0;0,25834;0,129233;0,1449725;0,1268715;0,49
5451;0;0;0;0;0;0;0;0;0;0,21313;0,073718;0,097873;0,0717445;0,49
5452;0;0;0;0;0;0;0;0;0;0,15705;0,08459;0,08459;0,038689;0,49
5453;0,003345667;0;0;0;0,00298339;0;0;0;0;0,15705;0,08459;0,08459;0,038689;0,49
5454;0,069779827;0,00846664;0,020271946;0,025090986;0,06976025;0,00810935;0,0198042;0,024726075;0;0,15705;0,05628425;0,081224;0,015672;0,49
5455;0,233283584;0,012593458;0,050008603;0,069448982;0,24161225;0,012123125;0,04928675;0,069028;0;0,1244425;0,02629525;0,038995;0,007114803;0,49
5456;0,37931325;0,02378398;0,093849383;0,084992905;0,39885;0,02323575;0,0933225;0,084828;3,52E-05;0,0578145;0,003398905;0,015672;0,00098361;0,49
5457;0,517769605;0,246380605;0,133036184;0,173626066;0,55221;0,25049;0,132985;0,1749425;8,63E-05;0,038689;0,000944265;0,01131355;0,00098361;0,49
5458;0,575532592;0,341865671;0,150069632;0,162364342;0,61984;0,3507025;0,1503925;0,164075;0,000108502;0,015672;2,30E-05;0,0006317;0,000213123;0,49
5459;0,612963316;0,325010408;0,152646079;0,179628947;0,6645375;0,3339125;0,15309825;0,1814175;0,00015308;0,008415275;0;3,06E-05;3,93E-05;0,49
5460;0,644598237;0,444208421;0,164899855;0,205316369;0,7041325;0,4619025;0,1654825;0,20784;0,000162315;0,012131;0,00047541;0,000953008;0,003747578;0,49
5461;0,629854697;0,342279829;0,154935987;0,130320079;0,690505;0,356505;0,15552;0,1316825;0,000197468;0,028951;0,001429508;0,007114803;0,01481625;0,49
5462;0,505995;0,41716054;0,127861618;0,139041474;0,549325;0,43436;0,1281275;0,1398825;0,000147428;0,04863425;0,0171825;0,03160675;0,0585495;0,49
5463;0,391863197;0,371791709;0,097999149;0,131410855;0,418;0,38911775;0,097915;0,132225;0,000136133;0,03600375;0,008601025;0,02448775;0,02983625;0,49
5464;0,263654842;0,156948987;0,076763203;0,085834465;0,2761725;0,1624675;0,07642575;0,08611275;6,32E-05;0,010488525;0,000229507;0,00181858;0,003398905;0,49
5465;0,131376422;0,124177058;0,049899044;0,035482255;0,13548625;0,125472;0,04944825;0,035333;0;0,012131;0,000672125;0,00098361;0,00098361;0,49
5466;0,041698476;0,034264583;0,020357378;0,008597461;0,0420055;0,03436125;0,020049975;0,008424175;0;0,012131;0,00098361;0,00098361;0,00098361;0,49
5467;0,000911176;0,008358371;0,000765465;0,000256357;0,000899203;0,0082143;0,000743803;0,000233665;0;0,0223115;0,00098361;0,007114803;0,00098361;0,49
5468;0;0;0;0;0;0;0;0;0;0,01699975;0,002655755;0,006185928;0,002110758;0,49
5469;0;0;0;0;0;0;0;0;0;0,05322425;0,03293475;0,0342625;0,016545;0,49
5470;0;0;0;0;0;0;0;0;0;0,038689;0,02629525;0,038689;0,012131;0,49
5471;0;0;0;0;0;0;0;0;0;0,05092925;0,02205475;0,040117;0,01481625;0,49
5472;0;0;0;0;0;0;0;0;0;0,16465;0,128644;0,1254295;0,1084305;0,49
5473;0;0;0;0;0;0;0;0;0;0,25902;0,1846875;0,174045;0,1914875;0,49
5474;0;0;0;0;0;0;0;0;0;0,365365;0,5526275;0,4114225;0,517065;0,49
5475;0;0;0;0;0;0;0;0;0;0,74732;0,9937675;0,921885;0,9850075;0,49
5476;0;0;0;0;0;0;0;0;0;0,9831925;0,999995;0,9838;0,9998375;0,49
5477;0,002414355;0;0;0;0,0020783;0;0;0;0;0,8472075;0,86039;0,671565;0,808475;0,49
5478;0,068990037;0,044625441;0,057284057;0,026269409;0,068905;0,0442091;0,05702025;0,02590675;0;0,4396725;0,22712525;0,2414925;0,22457425;0,49
5479;0,208872829;0,153813908;0,166582974;0,065136924;0,215205;0,1554925;0,1680975;0,06470425;2,98E-05;0,1978375;0,02806;0,055962;0,03527325;0,49
5480;0,363161092;0,295689474;0,276594869;0,092873223;0,3808225;0,30447;0,2825925;0,0927515;0,000191279;0,15705;0,012131;0,038689;0,012131;0,49
5481;0,483030908;0,298940131;0,370295684;0,125261092;0,5138275;0,308745;0,3824475;0,1256175;0,000337436;0,15705;0,02673775;0,038689;0,02673775;0,49
5482;0,571041868;0,405460579;0,43790696;0,16602675;0,6143175;0,420705;0,456545;0,1673975;0,000457378;0,112365;0,02142625;0,044809;0,038689;0,49
5483;0,599397237;0,488672605;0,490736171;0,160339303;0,6506075;0,51501;0,51658;0,161915;0,000541484;0,08459;0,03600375;0,07617475;0,03786275;0,49
5484;0,614723487;0,465790382;0,482587855;0,123797092;0,67149;0,49229;0,5113075;0,124735;0,000568553;0,035882;0,0048154;0,0263628;0,007344283;0,49
5485;0,595876895;0,445653158;0,506698105;0,130861855;0,6518825;0,46911;0,5379625;0,13167;0,000551773;0,001276523;1,09E-06;0,00033662;2,30E-05;0,49
5486;0,546738987;0,342745034;0,44946004;0,123869329;0,5953875;0,35874675;0,4769575;0,1246275;0,00047609;0;0;0;0;0,49
5487;0,440124632;0,336142105;0,378282671;0,100797363;0,4742925;0,3488675;0,39866;0,10126025;0,000349434;0;0;0;0;0,49
5488;0,31600729;0,267989053;0,258063711;0,091618228;0,3361025;0,2787475;0,2694725;0,09174375;0,000196269;0;0;0;0;0,49
5489;0,169234066;0,175311592;0,14056543;0,062453566;0,177174;0,1813875;0,1443965;0,0623505;3,47E-05;0;0;0;0;0,49
5490;0,044553036;0,062951037;0,041662358;0,02589763;0,045612;0,06441725;0,0419185;0,0256775;0;0;0;0;0;0,49
5491;0,001693971;0,003328477;0,000685157;0,000979195;0,001647298;0,003235875;0,000672662;0,000960908;0;0;0;0;0;0,49
5492;0;0;0;0;0;0;0;0;0;0;0;0;0;0,49
5493;0;0;0;0;0;0;0;0;0;0;0;0;0;0,49
5494;0;0;0;0;0;0;0;0;0;0;0;0;0;0,49
5495;0;0;0;0;0;0;0;0;0;0;0;0;0;0,49
5496;0;0;0;0;0;0;0;0;0;0;0;0;0;0,49
5497;0;0;0;0;0;0;0;0;0;0;0;0;0;0,49
5498;0;0;0;0;0;0;0;0;0;0;0;0;0;0,49
5499;0;0;0;0;0;0;0;0;0;0;0;0;0;0,49
5500;0;0;0;0;0;0;0;0;0;0;0;0;0;0,49
5501;0,00187646;0;0,001750809;0,003924917;0,001517983;0;0,001396423;0,003546643;0;0;0;0;0;0,49
5502;0,070449462;0,050904099;0,044652482;0,062346174;0,0705165;0,050502;0,0438295;0,0621275;0;3,93E-05;4,92E-05;6,55E-06;0;0,49
5503;0,214880527;0,118259416;0,126226417;0,140002464;0,22193;0,118541;0,12639125;0,141348;0;0,000960658;0,006912533;0,000911478;0,000721313;0,49
5504;0,379154329;0,21534525;0,183226342;0,265968829;0,39982;0,2180925;0,18483;0,27253;1,25E-05;0,00098361;0,0089726;0,00098361;0,00098361;0,49
5505;0,499474421;0,291644211;0,200377776;0,425089737;0,53418;0,2982175;0,2024175;0,44519;5,67E-05;0,000868855;0,000540985;0,00052459;0,000459025;0,49
5506;0,604063737;0,343580092;0,198364776;0,552994697;0,6556475;0,3540425;0,200275;0,5915725;8,84E-05;0;0;0;0;0,49
5507;0,626606448;0,351292579;0,185771487;0,238841487;0,686555;0,3633825;0,1874325;0,25326;0,000119345;0;0;0;0;0,49
5508;0,612544342;0,378460855;0,192889224;0,236402289;0,6730975;0,39255;0,194635;0,2416875;0,000135698;0,000459025;0,000459025;0,000131148;0,000721313;0,49
5509;0,566500579;0,330033276;0,192239092;0,049817416;0,6201825;0,341855;0,1940675;0,05067825;0,000114186;0,001429508;0,002655755;0,001540983;0,010672225;0,49
5510;0,52263596;0,298562092;0,101042487;0,069798608;0,568145;0,307275;0,10160675;0,06951625;7,12E-05;0,011871;0,03293475;0,0261095;0,068082;0,49
5511;0,433002079;0,232869908;0,052509442;0,061403965;0,46683;0,2388325;0,052264;0,061194;6,32E-05;0,0110039;0,0294895;0,02212575;0,05969175;0,49
5512;0,311073513;0,154748171;0,03593205;0,034418448;0,3314625;0,1571875;0,03544675;0,03417275;1,90E-05;0,000848465;0,000773055;0,00116393;0,00487658;0,49
5513;0,156380723;0,078095491;0,052454542;0,038754825;0,1640725;0,078464;0,05179175;0,0383615;4,93E-06;0,002469958;0,002420778;0,004327955;0,0100874;0,49
5514;0,050634174;0,026129752;0,018541319;0,019216806;0,0519005;0,0259055;0,01828215;0,0189991;0;0,01295725;0,02452475;0,027623;0,02673775;0,49
5515;0,000794714;0,000671569;0,00046442;0,000665212;0,000774443;0,000657695;0,000449535;0,0006485;0;0,0375675;0,038689;0,038689;0,03600375;0,49
5516;0;0;0;0;0;0;0;0;0;0,013754;0,0147704;0,019213;0,007330053;0,49
5517;0;0;0;0;0;0;0;0;0;0,009530075;0,001429508;0,009530075;0,00098361;0,49
5518;0;0;0;0;0;0;0;0;0;0,024082;0,023822;0,027623;0,008601025;0,49
5519;0;0;0;0;0;0;0;0;0;0,038689;0,04333;0,04863425;0,02326225;0,49
5520;0;0;0;0;0;0;0;0;0;0,0616395;0,1243915;0,131688;0,133032;0,49
5521;0;0;0;0;0;0;0;0;0;0,08459;0,112365;0,151735;0,154795;0,49
5522;0;0;0;0;0;0;0;0;0;0,08628075;0,089236;0,0865615;0,07444225;0,49
5523;0;0;0;0;0;0;0;0;0;0,2102325;0,412835;0,3008725;0,3091675;0,49
5524;0;0;0;0;0;0;0;0;0;0,168955;0,32271;0,3755175;0,4827675;0,49
5525;0;0;0;0,005825073;0;0;0;0,005450905;0;0,0874885;0,06594425;0,1757875;0,13956825;0,49
5526;0,036607681;0,015581704;0,06358022;0,071204096;0,0362246;0,01516515;0,06338325;0,07118425;0;0,08579775;0,0677595;0,1825425;0,1772275;0,49
5527;0,09890524;0,041789013;0,206438447;0,211251829;0,098893;0,04115775;0,21205;0,2175375;8,90E-06;0,1534275;0,148595;0,25902;0,25902;0,49
5528;0,165578882;0,05404279;0,369173605;0,361600777;0,1669625;0,05352975;0,387895;0,3790225;8,76E-05;0,15705;0,12081925;0,1791425;0,170645;0,49
5529;0,219982855;0,10974221;0,484292645;0,572643119;0,223325;0,109534;0,5162675;0,61444;0,000158739;0,1449725;0,07846975;0,112285;0,084627;0,49
5530;0,299091829;0,136973092;0,549067421;0,48779854;0,3054675;0,1373525;0,59212;0,5258925;0,00019007;0,0347105;0,007846878;0,010682978;0,00539881;0,49
5531;0,347418277;0,129067974;0,55096725;0,480745816;0,3579025;0,129545;0,596985;0,5127775;0,000200271;0,028951;0,000868855;0,00098361;0;0,49
5532;0,29153104;0,13748477;0,502867145;0,467076197;0,3003775;0,1379825;0,541125;0,49706;0,000193927;0,04863425;0,003584805;0,004513705;0,001128953;0,49
5533;0,310847171;0,153276947;0,507983921;0,509397355;0,3195425;0,1541025;0,54326;0,544285;0,000215745;0,1251225;0,04980425;0,03027875;0,0196525;0,49
5534;0,241357737;0,147192197;0,480948079;0,416635618;0,24758;0,1481525;0,5142825;0,4438225;0,00017954;0,2515425;0,1762625;0,0646995;0,05475425;0,49
5535;0,229835961;0,124379803;0,397016092;0,357582;0,23447;0,1249725;0,423365;0,3777875;0,000158517;0,175745;0,0920765;0,038689;0,01788525;0,49
5536;0,17927282;0,07691177;0,292106527;0,22430021;0,18260375;0,07688975;0,3092275;0,234135;7,34E-05;0,1876375;0,1401435;0,05169425;0,04706575;0,49
5537;0,092248855;0,051127551;0,144053988;0,117197053;0,093162;0,050792;0,14982325;0,12013;1,96E-05;0,2527875;0,2129075;0,083825;0,07846975;0,49
5538;0,032867571;0,018483096;0,041907481;0,039619259;0,03285405;0,0182401;0,04264725;0,04000225;0;0,09292475;0,0352844;0,029918;0,012983703;0,49
5539;0,000849669;0,000534141;0,000996719;0,001193382;0,000837143;0,000518363;0,000962882;0,001149345;0;0,01965575;0,000426223;0,00302733;0,00052459;0,49
5540;0;0;0;0;0;0;0;0;0;0,006185753;0;0,00037705;0;0,49
5541;0;0;0;0;0;0;0;0;0;0,000540985;0;0;0;0,49
5542;0;0;0;0;0;0;0;0;0;0;0;0;0;0,49
5543;0;0;0;0;0;0;0;0;0;0;0;0;0;0,49
5544;0;0;0;0;0;0;0;0;0;0;0;0;0;0,49
5545;0;0;0;0;0;0;0;0;0;3,06E-05;0;0;0;0,49
5546;0;0;0;0;0;0;0;0;0;0,000953008;0;0;0;0,49
5547;0;0;0;0;0;0;0;0;0;0,00098361;0;0;0;0,49
5548;0;0;0;0;0;0;0;0;0;0,00098361;0;0;0,000540985;0,49
5549;0;0;0;0,001900475;0;0;0;0,001538732;0;0,00098361;0,000868855;0,000868855;0,004327955;0,49
5550;0,061722288;0,070199522;0,059618029;0,070626201;0,06174025;0,07035125;0,05952625;0,07079875;0;0,010967225;0,013739378;0,010098378;0,02762675;0,49
5551;0,182842524;0,243690987;0,20335875;0,221116974;0,187305;0,2519975;0,2086175;0,228445;0;0,06746425;0,192605;0,10753325;0,2416625;0,49
5552;0,311612882;0,42250125;0,358251395;0,383469277;0,3233175;0,447235;0,37442;0,4036625;5,47E-05;0,07311475;0,10629475;0,0651825;0,11340025;0,49
5553;0,1743075;0,525542289;0,484911474;0,520940803;0,179625;0,5655075;0,5153325;0,5563225;0,000117889;0,03976;0,038689;0,038995;0,03426225;0,49
5554;0,209973237;0,606481263;0,572503461;0,59845575;0,2128825;0,6595425;0,6158;0,648395;0,000167944;0,105699;0,10451975;0,104169;0,05398925;0,49
5555;0,205304329;0,361355171;0,622746592;0,658195618;0,2082825;0,3881425;0,6765975;0,720875;0,000187213;0,226465;0,36542;0,255385;0,1772625;0,49
5556;0,423199539;0,381239566;0,607372184;0,636743684;0,439725;0,39708;0,6635;0,7013325;0,000190336;0,4242925;0,85864;0,5169175;0,362075;0,49
5557;0,765578092;0,391957105;0,576722092;0,611005698;0,8323175;0,4086775;0,6287375;0,6727375;0,000224926;0,5437525;0,915585;0,719475;0,4883925;0,49
5558;0,462424145;0,378908724;0,486329724;0,555089566;0,5063675;0,39484;0,52545;0,6077375;0,000153025;0,33538;0,4102175;0,344045;0,154464;0,49
5559;0,14947753;0,288595816;0,400837421;0,453753316;0,15775625;0,29927;0,4266425;0,4916125;0,000105922;0,21313;0,135695;0,1783375;0,03674325;0,49
5560;0,041100355;0,189499389;0,271735737;0,31845371;0,041188;0,194465;0,2856975;0,3404025;4,11E-05;0,15705;0,05092925;0,0890175;0,012131;0,49
5561;0,085470872;0,111845748;0,140582526;0,157293316;0,08529825;0,1134225;0,1453975;0,1653075;0;0,1526225;0,0616395;0,083825;0,01832775;0,49
5562;0,040213528;0,032165284;0,045545137;0,041442999;0,0401445;0,032244675;0,046285325;0,042592;0;0,06167975;0,010983628;0,029918;0,005814178;0,49
5563;0,002425183;0,000797415;0,000442937;0,000636249;0,002378525;0,000783325;0,000430203;0,00060745;0;0,0223115;0,00098361;0,006928927;0,00098361;0,49
5564;0;0;0;0;0;0;0;0;0;0,012131;0,000131148;0,00098361;0,00098361;0,49
5565;0;0;0;0;0;0;0;0;0;0,012131;0,000868855;0,00098361;0,00098361;0,49
5566;0;0;0;0;0;0;0;0;0;0,01699975;0,005532305;0,007186855;0,006461205;0,49
5567;0;0;0;0;0;0;0;0;0;0,12029475;0,13766675;0,0979455;0,13459925;0,49
5568;0;0;0;0;0;0;0;0;0;0,09748525;0,0436445;0,04352475;0,03688225;0,49
5569;0;0;0;0;0;0;0;0;0;0,02547725;0,000735508;0,002726778;0,000766108;0,49
5570;0;0;0;0;0;0;0;0;0;0,015672;0,000868855;0,006185753;0,001138805;0,49
5571;0;0;0;0;0;0;0;0;0;0,038689;0,006557425;0,0223115;0,0111279;0,49
5572;0;0;0;0;0;0;0;0;0;0,01699975;0,000426223;0,002644813;0,000735508;0,49
5573;0;0;0;0;0;0;0;0;0;0,02541;0,000868855;0,00098361;0,000868855;0,49
5574;0,070547463;0,06718845;0,065329074;0,047378219;0,07092225;0,06714225;0,065186;0,047106;0;0,038689;0,004327778;0,0108305;0,00098361;0,49
5575;0,239773342;0,201550421;0,197314934;0,071041563;0,24878;0,2069325;0,2022075;0,0707645;0;0,041494;0,003841505;0,01295725;0,003956355;0,49
5576;0,429997026;0,372222;0,360023605;0,110281579;0,456395;0,3906775;0,376245;0,1103725;2,94E-05;0,107026;0,06576875;0,055458;0,047268;0,49
5577;0,587112158;0,487593868;0,488590737;0,122781924;0,634375;0,51952;0,518455;0,1232815;0,000105599;0,06775975;0,0299365;0,040117;0,02540975;0,49
5578;0,683153448;0,547923671;0,559341908;0,155694474;0,7499175;0,589685;0,5994425;0,15677;0,000150504;0,10270425;0,112643;0,1271295;0,087728;0,49
5579;0,726242724;0,640656513;0,567148303;0,165518684;0,806465;0,696925;0,6124325;0,166975;0,000173999;0,170645;0,3052775;0,27408;0,27177;0,49
5580;0,725508316;0,619202171;0,58343771;0,278393566;0,8100975;0,6783825;0,632405;0,2836375;0,00023982;0,33071;0,7698975;0,5380325;0,6640425;0,49
5581;0,688431553;0,577345737;0,583112645;0,221897132;0,76812;0,630965;0,6331425;0,22652;0,000224462;0,3919475;0,9662225;0,76721;0,885285;0,49
5582;0,609613934;0,498248802;0,518886869;0,196474579;0,67491;0,5395725;0,5626325;0,1994125;0,000209481;0,256925;0,55855;0,5320125;0,4922425;0,49
5583;0,498879671;0,348954513;0,429614171;0,055759859;0,5450125;0,37143;0,461255;0,05632475;0,000143243;0,1257625;0,1547245;0,226975;0,140823;0,49
5584;0,346286566;0,266698421;0,304796132;0,074038188;0,3721275;0,278865;0,32299;0,07375375;5,15E-05;0,04939925;0,024278;0,0644975;0,02326425;0,49
5585;0,176936921;0,144129355;0,157576484;0,088493744;0,18686;0,1491275;0,16460925;0,08847775;0;0,01858475;0,001230978;0,017355275;0,004676628;0,49
5586;0,03997322;0,040405196;0,035843921;0,022817451;0,0412215;0,041145175;0,03656775;0,0227605;0;0,001131143;1,09E-06;0,0002459;3,93E-05;0,49
5587;0,000431023;0,000629279;0,000673996;0,000238589;0,000412215;0,00060793;0,000643093;0,000233035;0;0,00014754;0;0;0;0,49
5588;0;0;0;0;0;0;0;0;0;0,007672203;0,000557377;0,001085242;0,000557377;0,49
5589;0;0;0;0;0;0;0;0;0;0,03337725;0,008601025;0,01762525;0,008601025;0,49
5590;0;0;0;0;0;0;0;0;0;0,047104;0,01832775;0,0355905;0,012131;0,49
5591;0;0;0;0;0;0;0;0;0;0,01965575;0,002469958;0,005256805;0,002912575;0,49
5592;0;0;0;0;0;0;0;0;0;0,012131;0,000737705;0,00098361;0;0,49
5593;0;0;0;0;0;0;0;0;0;0,004513678;4,92E-05;0,000786888;1,64E-05;0,49
5594;0;0;0;0;0;0;0;0;0;0,01478675;0,004125758;0,009715925;0,003907123;0,49
5595;0;0;0;0;0;0;0;0;0;0,002060118;0,00016393;0,000530053;0,00016393;0,49
5596;0;0;0;0;0;0;0;0;0;0;0;0;0;0,49
5597;0;0;0;0;0;0;0;0;0;0;0;0;0;0,49
5598;0,059993324;0,033212814;0,058620438;0,019751575;0,05999395;0,0327955;0,05841225;0,0193482;0;0;0;0;0;0,49
5599;0,172624382;0,08575982;0,229397724;0,053709537;0,175155;0,08523075;0,2354275;0,053169;0;0;0;0;0;0,49
5600;0,297690434;0,157280554;0,265496882;0,092199253;0,307305;0,1575785;0,27397;0,0920415;0,000119766;0;0;0;0;0,49
5601;0,414013421;0,222188487;0,294475895;0,128680302;0,4333375;0,224595;0,30254;0,1290725;0,000250639;0;0;0;0;0,49
5602;0,491576527;0,287661553;0,265477618;0,148742882;0,51919;0,2925925;0,271005;0,14971;0,000326417;0;0;0;0;0,49
5603;0,546616185;0,288978671;0,231568441;0,185749816;0,58186;0,294755;0,235547;0,187425;0,000371636;0;0;0;0;0,49
5604;0,529399737;0,316821158;0,043174998;0,177469066;0,56546;0,323545;0,04364;0,1792225;0,000390912;1,64E-05;0;0;0,00018032;0,49
5605;0,495356921;0,291539708;0,31861504;0,169848079;0,527755;0,297947;0,3256175;0,17153;0,000352987;0,00093443;0,000721313;0,000786888;0,007300553;0,49
5606;0,419260224;0,281244513;0,316450342;0,157050119;0,4434625;0,2867425;0,3251175;0,1585425;0,000295399;0,00098361;0,00098361;0,00098361;0,012131;0,49
5607;0,337594066;0,204134574;0,100642777;0,13168969;0,3531325;0,20768575;0,1028685;0,13267425;0,000212551;0,00098361;0,009344225;0,004327778;0,01965575;0,49
5608;0,226551592;0,13041808;0,098772083;0,086972917;0,2343175;0,13137625;0,0985115;0,087226;0,000101862;0,001330433;0,003956305;0,001429508;0,01319325;0,49
5609;0,115525974;0,067004968;0,122168392;0,048104439;0,1177085;0,06704525;0,1227905;0,047933;0;0,019052;0,048833;0,0277695;0,07852475;0,49
5610;0,037479122;0,019909558;0,048033888;0,015158998;0,037753125;0,019684125;0,04836725;0,014970675;0;0,20981975;0,72651;0,3770325;0,728125;0,49
5611;0,000261471;0,000340209;0,002932086;0,00014471;0,000256928;0,000330242;0,002858603;0,000139515;0;0,6509325;1;0,968065;1;0,49
5612;0;0;0;0;0;0;0;0;0;0,9388025;1;1;1;0,49
5613;0;0;0;0;0;0;0;0;0;0,6519175;1;0,9716875;0,99755;0,49
5614;0;0;0;0;0;0;0;0;0;0,6054125;1;0,9417025;0,99475;0,49
5615;0;0;0;0;0;0;0;0;0;0,732785;0,9993875;0,9820975;0,983705;0,49
5616;0;0;0;0;0;0;0;0;0;0,4355875;0,777545;0,68364;0,542845;0,49
5617;0;0;0;0;0;0;0;0;0;0,21498;0,2898025;0,3122625;0,17941;0,49
5618;0;0;0;0;0;0;0;0;0;0,15705;0,06367675;0,1297275;0,0639345;0,49
5619;0;0;0;0;0;0;0;0;0;0,10029025;0,008592375;0,044809;0,015672;0,49
5620;0;0;0;0;0;0;0;0;0;0,07770475;0,03157725;0,0738795;0,011871;0,49
5621;0;0;0;0;0;0;0;0;0;0,0177705;0,002386152;0,01454095;0,000954095;0,49
5622;0,05943604;0,051252521;0,0014191;0,071407804;0,059468575;0,050951;0,00113394;0,071809;0;0,0757695;0,0496454;0,068644;0,0216303;0,49
5623;0,198376816;0,116077863;0,176307979;0,206614224;0,20372;0,116425;0,1790525;0,2122125;0;0,1961375;0,2587125;0,2564075;0,14634175;0,49
5624;0,37511629;0,144379776;0,237974404;0,339421658;0,39317;0,1453625;0,2427005;0,354135;0;0,0740375;0,035712078;0,05568;0,020432053;0,49
5625;0,48949129;0,128449145;0,299823829;0,469045855;0,521635;0,12898;0,307045;0,495505;8,08E-06;0,01832775;0,000213123;0,00302733;0,000508188;0,49
5626;0,579666947;0,165191211;0,505773474;0,542520355;0,624125;0,16596;0,5293025;0,5805325;2,29E-05;0,0527815;0,000868855;0,00990165;0,007300553;0,49
5627;0,605315842;0,277890316;0,458590777;0,582219316;0,6561175;0,283005;0,4820025;0,628585;3,94E-05;0,05177475;0,001949733;0,010196725;0,007142053;0,49
5628;0,616238053;0,505990184;0,328051579;0,596955632;0,671445;0,528245;0,3416475;0,647505;4,61E-05;0,204105;0,048318;0,0558855;0,1172345;0,49
5629;0,567704527;0,341225171;0,159913105;0,541429579;0,617525;0,3576225;0,162889;0,58638;4,11E-05;0,170645;0,02673775;0,038995;0,097873;0,49
5630;0,505585658;0,307146237;0,15409804;0,486108198;0,544875;0,3163725;0,15484;0,5226975;2,03E-05;0,15705;0,012131;0,038689;0,05628425;0,49
5631;0,402522947;0,257312448;0,232229408;0,387969631;0,4288325;0,2641275;0,2356575;0,4131225;1,11E-06;0,15705;0,012131;0,038689;0,038689;0,49
5632;0,282089684;0,142036895;0,330719526;0,254834724;0,296985;0,144365;0,3418775;0,2678325;0;0,1401435;0,0089726;0,0223115;0,03027875;0,49
5633;0,14796465;0,182371539;0,115739795;0,12586427;0,1536735;0,185905;0,1201695;0,13027075;0;0,05245925;0,000836065;0,004402253;0,005071153;0,49
5634;0,035225092;0,047013904;0,033938073;0,033043828;0,03591375;0,0481395;0,034047;0,03359495;0;0,0616395;0,006185753;0,01762525;0,01157365;0,49
5635;0,000242282;0,001486083;0,000650623;0,000181117;0,000235418;0,001434268;0,00063575;0,00017609;0;0,08459;0,0209835;0,038689;0,02009825;0,49
5636;0;0;0;0;0;0;0;0;0;0,08459;0,07551175;0,0646995;0,05475425;0,49
5637;0;0;0;0;0;0;0;0;0;0,04939925;0,02462475;0,03786275;0,0175385;0,49
5638;0;0;0;0;0;0;0;0;0;0,0187705;0,002469958;0,0121398;0,001330433;0,49
5639;0;0;0;0;0;0;0;0;0;0,005256805;0,000213123;0,0006317;0,000131148;0,49
5640;0;0;0;0;0;0;0;0;0;0,00052459;0;0;0;0,49
5641;0;0;0;0;0;0;0;0;0;0,000295083;0;0;0;0,49
5642;0;0;0;0;0;0;0;0;0;0,004513705;0,000311475;0,000327868;0,000311475;0,49
5643;0;0;0;0;0;0;0;0;0;0,0236395;0,00822955;0,009592075;0,00822955;0,49
5644;0;0;0;0;0;0;0;0;0;0,002327872;0,000229507;0,000418935;0,000229507;0,49
5645;0;0;0;0;0;0;0;0;0;0,00098361;0;0;0;0,49
5646;0,065206993;0,065253466;0,072244547;0,069922133;0,06536875;0,0652215;0,07212375;0,07036;0;0,001540983;9,95E-05;0,000196718;0,00018032;0,49
5647;0,191499869;0,205853329;0,227440105;0,211851395;0,1966475;0,2117525;0,2347975;0,2183525;0;0,0234535;0,02003735;0,023109275;0,00990165;0,49
5648;0,323500658;0,33100125;0,412046171;0,364858658;0,337175;0,34583;0,43524;0,3825375;0;0,038689;0,02319675;0,038689;0,012131;0,49
5649;0,421388803;0,502821395;0,568441342;0,502267579;0,442505;0,5351125;0,6108625;0,534295;3,85E-05;0,047104;0,037361;0,03786275;0,031164;0,49
5650;0,524629698;0,529479197;0,662204763;0,588154776;0,5588475;0,56838;0,7235275;0,63519;5,55E-05;0,01965575;0,004387858;0,006454628;0,004668978;0,49
5651;0,588624316;0,488963961;0,710523987;0,652729697;0,6347875;0,5215825;0,7859675;0,71341;3,10E-05;0,00581425;1,64E-05;0,000770495;6,99E-05;0,49
5652;0,599055316;0,402787816;0,709356158;0,624446566;0,651705;0,423615;0,789535;0,68572;3,85E-05;0,01522925;0,00093443;0,007783575;0,000960658;0,49
5653;0,587856197;0,401042092;0,67507496;0,577314434;0,64099;0,4186975;0,7511425;0,63084;4,53E-05;0,006161;0,000213123;0,00091039;0,000262295;0,49
5654;0,5463465;0,410090961;0,603057237;0,537117039;0,59373;0,429755;0,666075;0,5829125;5,08E-05;0,01178425;0,000868855;0,003398905;0,000868855;0,49
5655;0,442807027;0,370594263;0,488530539;0,408427105;0,477485;0,3898675;0,532135;0,438815;6,58E-05;0,02541;0,007114803;0,012131;0,00377053;0,49
5656;0,288725842;0,261916342;0,337191948;0,286262566;0,306865;0,274445;0,36114;0,3036575;3,51E-05;0,038689;0,02009825;0,0320495;0,01319325;0,49
5657;0,139029434;0,160059265;0,170965342;0,140073257;0,144875;0,16588925;0,1799475;0,14655725;0;0,04863425;0,05781425;0,038689;0,03806925;0,49
5658;0,034759887;0,034713896;0,040126892;0,031166826;0,035525;0,03543875;0,0413423;0,031791;0;0,038689;0,03426225;0,03426225;0,019213;0,49
5659;0,000265663;0,000745684;0,000276667;0,000165678;0,0002571;0,000715285;0,00026125;0,000159103;0;0,038689;0,038689;0,038689;0,0355905;0,49
5660;0;0;0;0;0;0;0;0;0;0,038689;0,038689;0,038689;0,038689;0,49
5661;0;0;0;0;0;0;0;0;0;0,038689;0,0351475;0,038689;0,01835725;0,49
5662;0;0;0;0;0;0;0;0;0;0,07923475;0,07693975;0,0677595;0,06390475;0,49
5663;0;0;0;0;0;0;0;0;0;0,08459;0,08459;0,08459;0,08459;0,49
5664;0;0;0;0;0;0;0;0;0;0,07326;0,0685055;0,068107;0,0673695;0,49
5665;0;0;0;0;0;0;0;0;0;0,004543195;0,001543545;0,00219344;0,00204589;0,49
5666;0;0;0;0;0;0;0;0;0;0,000540985;0;0;0;0,49
5667;0;0;0;0;0;0;0;0;0;0,000737705;0;0;0;0,49
5668;0;0;0;0;0;0;0;0;0;0;0;0;0;0,49
5669;0;0;0;0;0;0;0;0;0;0;0;0;0;0,49
5670;0,058523882;0,04148988;0,049115924;0,062799581;0,05866625;0,04103715;0,04878795;0,063006;0;0;0;0;0;0,49
5671;0,179679514;0,219727619;0,160548789;0,186289184;0,183935;0,22585;0,1624215;0,1906625;3,19E-05;0;0;0;0;0,49
5672;0,328737829;0,387842013;0,275446303;0,418398197;0,3427175;0,4085125;0,2829;0,4414425;0,000251798;0;0;0;0;0,49
5673;0,445270303;0,594644053;0,386488776;0,489472026;0,47032;0,64135;0,40259;0,5240275;0,000294571;0;0;0;0;0,49
5674;0,510126948;0,626490869;0,442638474;0,628877092;0,5434425;0,684975;0,46423;0,6815875;0,00012948;0;0;0;0;0,49
5675;0,544564658;0,445706131;0,508063382;0,384531158;0,5835625;0,4804475;0,5375225;0,41054;0,00041537;0;0;0;0;0,49
5676;0,553957855;0,362084763;0,505031842;0,485072803;0,59567;0,3798375;0,537925;0,510515;0,000185429;0;0;0;0;0,49
5677;0,519305842;0,235882184;0,488024882;0,334224458;0,558455;0,242255;0,51999;0,35191125;0,000143838;0;0;0;0;0,49
5678;0,481865487;0,191743066;0,428874947;0,364791237;0,5167;0,194485;0,45487;0,37886;0;0;0;0;0;0,49
5679;0,374882724;0,119031869;0,329272382;0,170574541;0,3992625;0,11994;0,3462375;0,1764805;0;0;0;0;0;0,49
5680;0,267936079;0,09238153;0,22130479;0,211485395;0,2812425;0,0924305;0,2288375;0,2161025;2,11E-05;3,06E-05;0;0;0;0,49
5681;0,14260251;0,067448021;0,115296261;0,078754291;0,148334;0,06718675;0,11754375;0,0803095;0;0,002439355;0,00652685;0,00240985;0,00466785;0,49
5682;0,032079081;0,022721858;0,031518163;0,039188487;0,03278985;0,02248025;0,0317216;0,03901375;0;0,0290985;0,13087325;0,043091;0,100521;0,49
5683;0,000179957;0,000804908;0,000176573;0,000767661;0,000174333;0,00078585;0,000172075;0,000748075;0;0,006109178;0,02509685;0,009255;0,01589075;0,49
5684;0;0;0;0;0;0;0;0;0;0,014601;0,0610765;0,029204;0,02803625;0,49
5685;0;0;0;0;0;0;0;0;0;0,00284153;0,00809278;0,004018592;0,00402403;0,49
5686;0;0;0;0;0;0;0;0;0;0,00098361;0,00098361;0,00098361;0,00098361;0,49
5687;0;0;0;0;0;0;0;0;0;0,00037705;0,000131148;0,000262295;0,000213123;0,49
5688;0;0;0;0;0;0;0;0;0;0;0;0;0;0,49
5689;0;0;0;0;0;0;0;0;0;0,00044262;0,00044262;0,000770493;0,00044262;0,49
5690;0;0;0;0;0;0;0;0;0;0,00098361;0,000131148;0,00052459;0,000131148;0,49
5691;0;0;0;0;0;0;0;0;0;0,00098361;0,0007541;0,000131148;0,0007541;0,49
5692;0;0;0;0;0;0;0;0;0;0,000459025;0;0,00098361;0;0,49
5693;0;0;0;0;0;0;0;0;0;0,000868855;0;0,00098361;0;0,49
5694;0,06254001;0,036207513;0,060865078;0,074019166;0,06270525;0,03577775;0,06052125;0,074518;0;0,00034427;0;0,00098361;0;0,49
5695;0,189857684;0,024470664;0,196647947;0,238964289;0,19484;0,024051125;0,20113;0,247995;3,05E-05;0,001949733;0,001310378;0,003398905;0,001161753;0,49
5696;0,349691329;0,267724184;0,346491237;0,42589879;0,365855;0,275525;0,3606775;0,4512175;0,000208408;0,02490075;0,05921775;0,04553575;0,0405355;0,49
5697;0,488056185;0,198302171;0,449773066;0,55994629;0,51823;0,2034725;0,4755275;0,60287;0,000374467;0,0088164;0,011990853;0,012797928;0,008133253;0,49
5698;0,564990829;0,129814421;0,541056355;0,646852027;0,60793;0,13134;0,578935;0,7067725;0,00050144;0,012131;0,002469958;0,00098361;0,00284153;0,49
5699;0,609052895;0,131355233;0,585128053;0,690025579;0,66042;0,13173775;0,631185;0,7620575;0,000578947;0,03267775;0,02916575;0,012778;0,02326225;0,49
5700;0,585549434;0,232044;0,601766605;0,679286369;0,63718;0,234635;0,652975;0,7536575;0,000601395;0,082754;0,1888845;0,03851175;0,133032;0,49
5701;0,571879816;0,340091053;0,539628474;0,642874184;0,6219225;0,34764;0,5851825;0,7119375;0,000568572;0,1063275;0,18424;0,038689;0,15705;0,49
5702;0,49543879;0,428270566;0,493500434;0,576854527;0,5354;0,44656;0,53121;0,633955;0,000482233;0,1876375;0,3015875;0,07971775;0,2587725;0,49
5703;0,40583621;0,540348434;0,396955895;0,456604263;0,43412;0,5757075;0,42296;0,4956525;0,000348386;0,2501825;0,4435125;0,140815;0,3553975;0,49
5704;0,276573197;0,363994224;0,276736935;0,308338145;0,291725;0,38954;0,290825;0,3298825;0,000183258;0,08118275;0,0662635;0,02739525;0,05359675;0,49
5705;0,139758063;0,174986527;0,141607567;0,144562776;0,145446;0,1838175;0,1468085;0,1518825;1,53E-05;0,038689;0,012131;0,012131;0,012131;0,49
5706;0,03391722;0,0409188;0,035197305;0,031630587;0,0346351;0,04201975;0,0358137;0,0325796;0;0,038689;0,006690678;0,01443275;0,0107541;0,49
5707;0,000109937;0,001236863;7,82E-05;3,51E-05;0,000106453;0,00119045;7,53E-05;3,32E-05;0;0,07919225;0,0935875;0,092911;0,08227975;0,49
5708;0;0;0;0;0;0;0;0;0;0,1565675;0,241685;0,235225;0,2277475;0,49
5709;0;0;0;0;0;0;0;0;0;0,1244425;0,132329;0,167065;0,115873;0,49
5710;0;0;0;0;0;0;0;0;0;0,044809;0,01636065;0,05016425;0,016513775;0,49
5711;0;0;0;0;0;0;0;0;0;0,0601095;0,03027875;0,0677595;0,02939375;0,49
5712;0;0;0;0;0;0;0;0;0;0,08459;0,040525;0,050929;0,039454;0,49
5713;0;0;0;0;0;0;0;0;0;0,11403;0,125669;0,1202625;0,1175825;0,49
5714;0;0;0;0;0;0;0;0;0;0,4093125;0,7044725;0,5290175;0,6568675;0,49
5715;0;0;0;0;0;0;0;0;0;0,8029825;0,999715;0,9768625;0,9995175;0,49
5716;0;0;0;0;0;0;0;0;0;0,4432775;0,594625;0,4741875;0,567575;0,49
5717;0;0;0;0;0;0;0;0;0;0,39344;0,5077075;0,4650075;0,53279;0,49
5718;0,060499247;0,034880547;0,053854252;0,072760078;0,06044345;0,03446265;0,0536915;0,07319325;0;0,39344;0,4557925;0,501785;0,5079025;0,49
5719;0,202017553;0,091609318;0,182853119;0,228728329;0,208325;0,09137825;0,18739;0,236905;0;0,2903825;0,1312855;0,20831;0,15477;0,49
5720;0,340384816;0,232631526;0,351307026;0,413341618;0,3570625;0,2367775;0,36771;0,4380225;0;0,25902;0,11598725;0,1568075;0,1316885;0,49
5721;0,491692105;0,388482513;0,464639408;0,54573971;0,5240575;0,4046275;0,492965;0,587545;0;0,18934;0,03527325;0,0778645;0,04863425;0,49
5722;0,570586777;0,413553513;0,545262947;0,630425369;0,6166325;0,43304;0,5852325;0,688635;0;0,184035;0,048434;0,10346275;0,05624275;0,49
5723;0,633305211;0,5789205;0,593517158;0,685556526;0,6921675;0,61677;0,64395;0,7577575;0,000115855;0,49392;0,40574;0,4458475;0,3908125;0,49
5724;0,648111355;0,648612197;0,541350119;0,694607803;0,713945;0,7074175;0,5882125;0,773175;0,000305243;0,56066;0,4142425;0,44918;0,394555;0,49
5725;0,543083803;0,403929158;0,496088921;0,661715961;0,5956725;0,4371925;0,5335175;0,736315;0,000625907;0,532295;0,30026;0,4103475;0,3274875;0,49
5726;0,417779368;0,389833342;0,479799514;0,564405711;0,4492075;0,408435;0,513315;0,6223525;0,000553735;0,8496225;0,81312;0,7085;0,80011;0,49
5727;0,332433948;0,331266118;0,363293526;0,453522158;0,351;0,3465425;0,3861125;0,493095;0,000356463;0,8157875;0,94;0,76721;0,79025;0,49
5728;0,208270856;0,194855511;0,257220947;0,298829368;0,2164225;0,2013205;0,26977;0,31984;9,84E-05;0,934625;0,94;0,76721;0,9198425;0,49
5729;0,105487701;0,128132988;0,125980812;0,139655487;0,107808;0,13104575;0,13041825;0,1468175;1,54E-05;0,94;0,94;0,76721;0,92733;0,49
5730;0,024464451;0,033703303;0,028642197;0,02944759;0,0246225;0,0341925;0,0290949;0,0303177;0;0,8069675;0,7261375;0,7259;0,674955;0,49
5731;7,94E-05;0,000199709;8,01E-05;2,69E-05;7,76E-05;0,00019423;7,74E-05;2,61E-05;0;0,570165;0,3633325;0,3968525;0,3732775;0,49
5732;0;0;0;0;0;0;0;0;0;0,892165;0,9027475;0,8755625;0,916075;0,49
5733;0;0;0;0;0;0;0;0;0;0,8161675;0,73528;0,7214;0,8080625;0,49
5734;0;0;0;0;0;0;0;0;0;0,9035225;0,8920025;0,76721;0,8564875;0,49
5735;0;0;0;0;0;0;0;0;0;0,77777;0,5773275;0,5882;0,6122975;0,49
5736;0;0;0;0;0;0;0;0;0;0,7293425;0,5134775;0,719015;0,66393;0,49
5737;0;0;0;0;0;0;0;0;0;0,44082;0,14725825;0,354645;0,3373225;0,49
5738;0;0;0;0;0;0;0;0;0;0,5174425;0,21844;0,3598325;0,2769425;0,49
5739;0;0;0;0;0;0;0;0;0;0,7520625;0,467195;0,54115;0,5216425;0,49
5740;0;0;0;0;0;0;0;0;0;0,5816175;0,2719125;0,5437525;0,51517;0,49
5741;0;0;0;0;0;0;0;0;0;0,33538;0,0656245;0,280295;0,1932025;0,49
5742;0,030532587;0,015500582;0,054264798;0,068373857;0,030198;0,015072125;0,05433675;0,06879675;0;0,1849125;0,01344265;0,1221475;0,05032775;0,49
5743;0,158179662;0,042800811;0,209628908;0,220271803;0,16109275;0,04216075;0,2169225;0,2278025;0;0,06167975;0,00034426;0,02440425;0,00469958;0,49
5744;0,211332493;0,085385874;0,359712987;0,409568447;0,2164075;0,08484525;0,3770725;0,433615;0;0,0677595;0,0002459;0,012131;0,00098361;0,49
5745;0,457196605;0,07215979;0,402792632;0,545433908;0,481035;0,07180825;0,42347;0,58696;0;0,111085;0,006629455;0,0334775;0,005180355;0,49
5746;0,23146129;0,081382749;0,479250513;0,624475461;0,241985;0,0809735;0,5067475;0,680575;6,48E-05;0,32672;0,11714725;0,1201145;0,0650655;0,49
5747;0,435515921;0,114914369;0,534896961;0,671672605;0,453865;0,1148025;0,571455;0,7397175;0,000166653;0,3155175;0,0818325;0,06456275;0,03320225;0,49
5748;0,292896316;0,133893395;0,536505434;0,672618908;0,3055225;0,1342625;0,576235;0,745375;0,000368889;0,10746;0,00664708;0,006319055;0,001994545;0,49
5749;0,181666026;0,137926618;0,428701579;0,62195921;0,185365;0,1384325;0,456585;0,68812;0,000108382;0,08459;0,00098361;0,00098361;0,000131148;0,49
5750;0,043181017;0,167076592;0,4140375;0,573548487;0,043554;0,1680675;0,4354425;0,6295375;0,00014787;0,08459;0,003398928;0,00098361;0,000953007;0,49
5751;0,238268408;0,152283932;0,365202987;0,447632447;0,243235;0,15335025;0,3841225;0,48546;2,12E-05;0,04939925;0,000540985;0,00052459;3,06E-05;0,49
5752;0,131129372;0,097273891;0,23521279;0,291646619;0,13379825;0,09758475;0,245385;0,3111475;4,54E-05;0,038689;0,0002459;3,06E-05;0;0,49
5753;0,066421536;0,057827759;0,149674255;0,136628041;0,06670575;0,05764525;0,154528;0,14342825;0;0,038689;0,00098361;0,000953008;0,000707103;0,49
5754;0,006591997;0,015701737;0,032735474;0,024542227;0,006563975;0,01550545;0,033394025;0,0251873;0;0,015672;0,000285253;0,000770495;6,99E-05;0,49
5755;0;7,35E-05;9,33E-05;0;0;7,07E-05;8,87E-05;0;0;0,03441175;0,00979137;0,013469775;0,005924653;0,49
5756;0;0;0;0;0;0;0;0;0;0,1215185;0,111198;0,087285;0,10554525;0,49
5757;0;0;0;0;0;0;0;0;0;0,1408405;0,129462;0,13543325;0,140722;0,49
5758;0;0;0;0;0;0;0;0;0;0,02081605;0,007444545;0,013147353;0,011174987;0,49
5759;0;0;0;0;0;0;0;0;0;0,013754;0,000311475;0,002110758;0,001426228;0,49
5760;0;0;0;0;0;0;0;0;0;0,06746425;0,00953005;0,02589925;0,0269945;0,49
5761;0;0;0;0;0;0;0;0;0;0,07005475;0,0089726;0,0128335;0,02452475;0,49
5762;0;0;0;0;0;0;0;0;0;0,019532;0,000540985;0,001592725;0,002765033;0,49
5763;0;0;0;0;0;0;0;0;0;0,001664858;0;6,55E-06;0;0,49
5764;0;0;0;0;0;0;0;0;0;0,000770495;0;0;0;0,49
5765;0;0;0;0;0;0;0;0;0;0,007300553;0;0;0,000459025;0,49
5766;0,02975385;0,049382309;0,051399403;0,020707172;0,029345725;0,04930625;0,05126325;0,02029275;0;0,002469958;0;0;0,000131148;0,49
5767;0,092227184;0,184105224;0,174594039;0,0562908;0,09203725;0,1885825;0,17862;0,05576425;0;0,000590173;0;0;0;0,49
5768;0,134512705;0,325925408;0,331410592;0,098009503;0,13522325;0,3398875;0,34529;0,09798275;1,70E-05;0,007114803;0,000557377;0,0006317;0,000857923;0,49
5769;0,197158903;0,473945921;0,437189408;0,131405077;0,1993175;0,5027225;0,46052;0,13201125;6,50E-05;0,02496725;0,019683;0,0192808;0,01157365;0,49
5770;0,291699592;0,559004803;0,480880658;0,16516954;0,2979275;0,6019175;0,5098725;0,166515;0;0,04939925;0,10977975;0,06006775;0,04561625;0,49
5771;0,244346657;0,618068053;0,517290434;0,184553092;0,2500795;0,6739575;0,5507325;0,1865525;4,25E-05;0,13531275;0,44001;0,28519;0,2068225;0,49
5772;0,212819368;0,618821724;0,539464737;0,1869345;0,2161375;0,679385;0,5777075;0,1891575;0,000204949;0,1389325;0,3743925;0,25902;0,13165325;0,49
5773;0,233568197;0,525549513;0,528215053;0,180100895;0,2374075;0,572595;0,5673225;0,18222;0,000118912;0,1497225;0,373165;0,304935;0,1473875;0,49
5774;0,229000421;0,452005184;0,514959592;0,158244434;0,233385;0,4840775;0,5539925;0,15987;0;0,0545395;0,1019005;0,0954055;0,027131;0,49
5775;0,263178079;0,339361461;0,429079619;0,12851175;0,2701125;0,358625;0,460045;0,1294675;0;0,013931;0,01717675;0,0351475;0,00098361;0,49
5776;0,295891737;0,242019908;0,293618684;0,085573208;0,3073025;0,25287;0,311575;0,08584175;0;0,03674125;0,03674125;0,0646995;0,0100874;0,49
5777;0,14681801;0,115384389;0,141381948;0,045807067;0,1529505;0,1192965;0,14771;0,04566375;0;0,04939925;0,06006775;0,07327525;0,0198415;0,49
5778;0,034355963;0,027331315;0,038119671;0,011180024;0,0351224;0,027736325;0,03912205;0,011035125;0;0,13531275;0,270815;0,205135;0,15047175;0,49
5779;9,54E-05;3,15E-05;7,97E-05;0;9,23E-05;3,00E-05;7,65E-05;0;0;0,09564925;0,0785;0,07683575;0,0495245;0,49
5780;0;0;0;0;0;0;0;0;0;0,021477;0,002431695;0,006454628;0,003398905;0,49
5781;0;0;0;0;0;0;0;0;0;0,012131;0;0,00098361;0,00098361;0,49
5782;0;0;0;0;0;0;0;0;0;0,012131;0;0,00098361;0,00098361;0,49
5783;0;0;0;0;0;0;0;0;0;0,012131;0,000868855;0,00098361;0,00098361;0,49
5784;0;0;0;0;0;0;0;0;0;0,012131;0,000868855;0,004885203;0,00098361;0,49
5785;0;0;0;0;0;0;0;0;0;0,003956305;8,52E-05;0,00098361;0,00098361;0,49
5786;0;0;0;0;0;0;0;0;0;0,019213;0,0057618;0,009416553;0,004947455;0,49
5787;0;0;0;0;0;0;0;0;0;0,093524;0,10731475;0,095251;0,11196725;0,49
5788;0;0;0;0;0;0;0;0;0;0,15705;0,2512025;0,2931125;0,3451575;0,49
5789;0;0;0;0;0;0;0;0;0;0,12081925;0,135695;0,2148325;0,2202075;0,49
5790;0,032414838;0,043057974;0,047931071;0,050518595;0,0320125;0,0430525;0,047741;0,050372;0;0,07005475;0,03639875;0,08945775;0,08716275;0,49
5791;0,100224284;0,178355894;0,182087408;0,146691115;0,10017225;0,18292925;0,18667;0,148168;8,54E-06;0,02363925;0,00302733;0,02718025;0,01788525;0,49
5792;0,173443066;0,241668355;0,34756275;0,237594197;0,1751825;0,2486675;0,363405;0,24249925;5,95E-05;0,02186875;0,00098361;0,012131;0,0100874;0,49
5793;0,261063948;0,568051263;0,418583605;0,363705277;0,26633;0,6019825;0,4411725;0,376425;0,000209923;0,01131355;0,000327868;0,002912575;0,000426223;0,49
5794;0,297025855;0,575096763;0,506016671;0,429156671;0,3051325;0,6209175;0,5382625;0,448215;0,000208918;0,001057933;0;0;0;0,49
5795;0,285364421;0,372405;0,554750053;0,480114947;0,2926825;0,39687;0,595695;0,5041975;0,000317568;0,00098361;0;0;0;0,49
5796;0,270250066;0,170180369;0,548022395;0,496409171;0,2761775;0,175005;0,590865;0,5239675;0,000218506;0,0108305;0;0;0;0,49
5797;0,244870855;0,343209276;0,551993013;0,447863605;0,2498675;0,3518575;0,5956525;0,472945;0,000232973;0,0076721;0;0;0;0,49
5798;0,295094724;0,347095619;0,496739053;0,411114316;0,3021275;0,3581825;0,535595;0,43197;0,000277193;0,012131;0,000868855;0;0;0,49
5799;0,239766118;0,107999376;0,393242921;0,330095882;0,2457575;0,11002375;0,420425;0,3457375;0,000185375;0,015672;0,00302733;0,000311475;0,000295083;0,49
5800;0,153452724;0,074802936;0,243941408;0,202677315;0,156285;0,07471825;0,256365;0,2101675;0,000133714;0,038689;0,03027875;0,008601025;0,007486428;0,49
5801;0,087303762;0,009556332;0,129109871;0,103706582;0,088271;0,009404625;0,13365525;0,1060325;2,56E-05;0,037361;0,029279;0,0108305;0,005256805;0,49
5802;0,020759279;0,008655804;0,023337797;0,010831987;0,02079745;0,0081547;0,0237025;0,010945075;0;0,006256927;0,000530053;0,00037705;0,00018032;0,49
5803;0;3,25E-05;0;0;0;3,13E-05;0;0;0;0,000131148;0;0;0;0,49
5804;0;0;0;0;0;0;0;0;0;0;0;0;0;0,49
5805;0;0;0;0;0;0;0;0;0;0;0;0;0;0,49
5806;0;0;0;0;0;0;0;0;0;0;0;0;0;0,49
5807;0;0;0;0;0;0;0;0;0;0;0;0;0;0,49
5808;0;0;0;0;0;0;0;0;0;0;0;0;0;0,49
5809;0;0;0;0;0;0;0;0;0;0;0;0;0;0,49
5810;0;0;0;0;0;0;0;0;0;0;0;0;0;0,49
5811;0;0;0;0;0;0;0;0;0;0,000278688;1,64E-05;0;0;0,49
5812;0;0;0;0;0;0;0;0;0;0,00302733;0,00380985;0,002355203;0,002541;0,49
5813;0;0;0;0;0;0;0;0;0;0,01655725;0,0501575;0,028951;0,027003;0,49
5814;0,03697202;0,002536259;0,026667193;0,023000259;0,03660375;0,002203388;0,02614955;0,02259005;0;0,01257375;0,0291365;0,02054075;0,015436;0,49
5815;0,111311676;0,041016512;0,089862632;0,066811133;0,111961;0,04037745;0,08939325;0,06637125;4,03E-05;0,0661465;0,25800675;0,12272975;0,172333;0,49
5816;0,207883184;0,084862638;0,145241803;0,125303231;0,2113575;0,0842895;0,14562;0,12571225;0,000210104;0,32688;0,971865;0,7109175;0,9220075;0,49
5817;0,277818079;0,116740756;0,198586303;0,177536487;0,2849175;0,11665375;0,20023;0,1790375;0,000370106;0,2321025;0,636815;0,393095;0,56541;0,49
5818;0,264882869;0,196245829;0,262104158;0,228357513;0,271745;0,1977825;0,2661875;0,23185;0,000493163;0,482055;0,9712475;0,8172775;0,93224;0,49
5819;0,261680368;0,255927908;0,276722487;0,252489434;0,267505;0,259845;0,281875;0,25721;0,000576317;0,8728525;1;0,9998375;1;0,49
5820;0,253914908;0,34517171;0,25437;0,234035329;0,2592325;0,354815;0,2591575;0,23851;0,000611388;0,9981025;1;1;1;0,49
5821;0,260185066;0,418142961;0,279335053;0,206339724;0,2656675;0,43567;0,2847075;0,2097875;0,000565485;0,9973775;1;1;1;0,49
5822;0,259147263;0,435549632;0,256298724;0,166375895;0,2648975;0,4595725;0,26141;0,1685575;0,000484429;0,952775;1;0,9990375;1;0,49
5823;0,213368369;0,361059;0,215727624;0,117505263;0,2178;0,381845;0,219691;0,1185025;0,00034897;0,81041;0,9879375;0,963725;0,9954975;0,49
5824;0,127404118;0,239898552;0,136477066;0,075881432;0,129165;0,25109;0,1380675;0,07606475;0,000190522;0,8126;0,8813075;0,848655;0,9081;0,49
5825;0,059128745;0,143549053;0,072939706;0,034220037;0,0593675;0,1486525;0,07313675;0,03405875;2,64E-05;0,9976575;0,999965;0,9999425;1;0,49
5826;0,015481126;0,029672246;0,017906454;0,002496322;0,01534275;0,03037925;0,0178271;0,002464255;0;0,929905;0,9106725;0,9413825;0,9300375;0,49
5827;0;0;0;0;0;0;0;0;0;0,98555;0,9841625;0,9909;0,9912525;0,49
5828;0;0;0;0;0;0;0;0;0;1;1;1;1;0,49
5829;0;0;0;0;0;0;0;0;0;1;1;1;1;0,49
5830;0;0;0;0;0;0;0;0;0;0,9979025;0,9184625;0,992105;0,9838625;0,49
5831;0;0;0;0;0;0;0;0;0;0,9838;0,6157375;0,847905;0,709945;0,49
5832;0;0;0;0;0;0;0;0;0;0,925025;0,423595;0,7155725;0,5588;0,48
5833;0;0;0;0;0;0;0;0;0;0,6433975;0,1782025;0,3653025;0,3171775;0,48
5834;0;0;0;0;0;0;0;0;0;0,3575625;0,05840225;0,19664;0,11571275;0,48
5835;0;0;0;0;0;0;0;0;0;0,18594;0,009248053;0,06256525;0,02326425;0,48
5836;0;0;0;0;0;0;0;0;0;0,130923;0,00098361;0,0342625;0,0108305;0,48
5837;0;0;0;0;0;0;0;0;0;0,02667225;0,000131148;0,00377053;0,00044918;0,48
5838;0,026769722;0,022157857;0,028679014;0,021580299;0,026353525;0,0217018;0,028129575;0,02116785;0;0,049869;0,000508198;0,0098274;0,00227762;0,48
5839;0,07979715;0,042095057;0,087416933;0,06532474;0,07947275;0,0414875;0,08687875;0,06485475;2,79E-05;0,010469928;0;0,001003275;0,000311475;0,48
5840;0,147507632;0,0616161;0,135453711;0,113931948;0,148235;0,06106525;0,13559;0,1140325;0,000209903;0,00098361;0;3,06E-05;0;0,48
5841;0,21116996;0,08135867;0,212766395;0,148422631;0,21399;0,08089325;0,2144175;0,1493525;0,000378871;0,0108305;0;0,000953008;0,000344262;0,48
5842;0,258586224;0,10706704;0,294416179;0,172337842;0,2630975;0,10686325;0,2983895;0,1739325;0,000512273;0,002469958;0;0,0002459;0;0,48
5843;0,262506276;0,134895079;0,278935342;0,190062355;0,2676225;0,1351925;0,2834125;0,192265;0,000596287;0,00098361;0;0;0;0,48
5844;0,301543066;0,123055461;0,274121961;0,194432684;0,3085425;0,1234225;0,2786175;0,196915;0,000620286;0,00098361;0;0,000868855;0;0,48
5845;0,303293605;0,203809026;0,257485816;0,172896474;0,311005;0,2055475;0,2617325;0,174975;0,000587547;0,00098361;0;0,00098361;0;0,48
5846;0,256195184;0,150329684;0,258034816;0,146440934;0,26165;0,1516975;0,26235;0,1478525;0,000495913;0,00098361;0;0,000953007;0;0,48
5847;0,188674927;0,117642513;0,220504405;0,108806262;0,191899;0,1180675;0,224225;0,10947625;0,000354724;0,000737705;0;3,06E-05;0;0,48
5848;0,127670672;0,099439311;0,158930203;0,070972938;0,12897575;0,0995425;0,16081;0,071042;0,000183764;0;0;0;0;0,48
5849;0,065342558;0,062989563;0,07643284;0,031629865;0,06560225;0,062852;0,07691525;0,0314455;8,16E-06;0,000491803;0;1,64E-05;3,93E-05;0,48
5850;0,009077481;0,011869476;0,009631145;0,00249842;0,00902429;0,01174275;0,009593575;0,0024614;0;0,006185753;0,002644808;0,003535625;0,004676628;0,48
5851;0;0;0;0;0;0;0;0;0;0,0342625;0,053388;0,03293475;0,03905475;0,48
5852;0;0;0;0;0;0;0;0;0;0,081489;0,10040275;0,08366225;0,09087;0,48
5853;0;0;0;0;0;0;0;0;0;0,1802875;0,3046025;0,20213;0,21595;0,48
5854;0;0;0;0;0;0;0;0;0;0,09933825;0,11043475;0,1029615;0,10143225;0,48
5855;0;0;0;0;0;0;0;0;0;0,0345685;0,029279;0,0345685;0,026614;0,48
5856;0;0;0;0;0;0;0;0;0;0,00469958;0,000530053;0,00377053;0,00110747;0,48
5857;0;0;0;0;0;0;0;0;0;0,006557377;0,000327868;0,006371653;0,000615308;0,48
5858;0;0;0;0;0;0;0;0;0;0,03027875;0,021781525;0,03160675;0,0197233;0,48
5859;0;0;0;0;0;0;0;0;0;0,07923475;0,07923475;0,07923475;0,07280875;0,48
5860;0;0;0;0;0;0;0;0;0;0,08459;0,044809;0,08459;0,0347705;0,48
5861;0;0;0;0;0;0;0;0;0;0,1244425;0,044809;0,0966665;0,039454;0,48
5862;0,04632043;0,018417915;0,053179222;0,007554987;0,046108625;0,017961225;0,05331315;0,007162125;0;0,15705;0,08459;0,172345;0,082295;0,48
5863;0,150020029;0,058040858;0,212342605;0,048711229;0,15179625;0,057354;0,21986;0,0481445;7,33E-06;0,107535;0,0417105;0,1147815;0,04863425;0,48
5864;0,274068987;0,101991438;0,425354605;0,098566449;0,2813665;0,1016925;0,44954;0,098542;0,000180461;0,05398925;0,012131;0,044809;0,015672;0,48
5865;0,350057329;0,160618859;0,572033921;0,138425053;0,361925;0,16126575;0,6151125;0,1390775;0,000304653;0,04939925;0,02193425;0,042667;0,02372125;0,48
5866;0,418335592;0,211116987;0,667290237;0,144081198;0,436755;0,2132125;0,729485;0,145095;0,000424222;0,13048;0,17676225;0,1327435;0,14935025;0,48
5867;0,431280434;0,191273526;0,709857;0,174545882;0,4525575;0,19348;0,7856675;0,1761925;0,000342244;0,091445;0,13825525;0,08353975;0,1323865;0,48
5868;0,436719869;0,20372475;0,708624158;0,166017119;0,4575925;0,205945;0,7888975;0,1678;0,000415108;0,02544025;0,02583065;0,0178689;0,0259985;0,48
5869;0,412879303;0,172342658;0,667750145;0,198136027;0,43204;0,174075;0,74265;0,200555;0,000322132;0,001949733;0,000557383;0,0004918;0,001361013;0,48
5870;0,326329934;0,167199395;0,593069289;0,175788356;0,3395725;0,16852;0,654425;0,1780025;0,000301104;0,010273275;0,027208;0,008786825;0,02860425;0,48
5871;0,289987579;0,143185461;0,48234225;0,124035474;0,29976;0,144145;0,5252025;0,125155;0,000161346;0,02054075;0,0518395;0,011871;0,037066;0,48
5872;0,19093305;0,076415503;0,320671382;0,075456679;0,1960725;0,0765815;0,343195;0,0756665;0,00011333;0,00414208;0,005390205;0,001216393;0,005551805;0,48
5873;0,101816384;0,037681626;0,146151024;0,038975388;0,10387;0,03738625;0,15318325;0,03877425;0;0,002469958;0,003398905;0,00098361;0,006557377;0,48
5874;0,013744793;0,002647659;0,016692152;0,00335315;0,013948075;0,002609305;0,0170339;0,003317245;0;0,01788525;0,01655725;0,010967225;0,01319325;0,48
5875;0;0;0;0;0;0;0;0;0;0,0605685;0,045574;0,05874325;0,03806925;0,48
5876;0;0;0;0;0;0;0;0;0;0,04129;0,0293935;0,040066;0,02189825;0,48
5877;0;0;0;0;0;0;0;0;0;0,0880275;0,0685245;0,0854265;0,05007325;0,48
5878;0;0;0;0;0;0;0;0;0;0,01845335;0,007846878;0,014502803;0,00565135;0,48
5879;0;0;0;0;0;0;0;0;0;0,000786888;0;0,000327868;0;0,48
5880;0;0;0;0;0;0;0;0;0;0;0;0;0;0,48
5881;0;0;0;0;0;0;0;0;0;0;0;0;0;0,48
5882;0;0;0;0;0;0;0;0;0;0;0;0;0;0,48
5883;0;0;0;0;0;0;0;0;0;0;0;0;0;0,48
5884;0;0;0;0;0;0;0;0;0;0;0;0;0;0,48
5885;0;0;0;0;0;0;0;0;0;0;0;0;0;0,48
5886;0,030620957;0,051426371;0,050390013;0,006603049;0,030319;0,05136775;0,05049125;0,006216525;0;0;0;0;0;0,48
5887;0,147853646;0,171863487;0,207209455;0,025295657;0,15008825;0,17631675;0,214696;0,0247025;2,27E-05;0;0;0;0;0,48
5888;0,301974079;0,335756842;0,410110224;0,055348832;0,3124;0,35083;0,4333975;0,05487275;6,22E-05;0;0;0;0;0,48
5889;0,607032671;0,321545447;0,571282658;0,067080817;0,648015;0,3351675;0,614065;0,06679675;0,000206783;0;0;0;0;0,48
5890;0,527432487;0,455954132;0,668975763;0,090011921;0,56899;0,4770675;0,731065;0,08987925;0,000131102;0;0;0;0;0,48
5891;0,42843671;0,411723513;0,709924421;0,096994334;0,4554875;0,43214;0,78534;0,097103;0,000121122;0;0;0;0;0,48
5892;0,441846276;0,470507447;0,710480645;0,121088211;0,4642875;0,4937475;0,7906;0,1215525;9,53E-05;0;0;0;0;0,48
5893;0,35141779;0,356077066;0,671631671;0,11171524;0,367285;0,37302;0,7468025;0,11221525;0,000292866;0;0;0;0;0,48
5894;0,296580394;0,398477684;0,5902665;0,094590052;0,3062275;0,416085;0,6511225;0,094821;0,000397209;0;0;0;0;0,48
5895;0,248075522;0,272121;0,463960382;0,075568164;0,25478775;0,28352;0,504425;0,0755375;0,000299818;0;0;0;0;0,48
5896;0,110563303;0,255576355;0,320514868;0,040691495;0,1120635;0,2653075;0,3426275;0,040491;0,000204715;0;0;0;0;0,48
5897;0,075266214;0,153107672;0,140302488;0,017984253;0,075625;0,15882125;0,14704875;0,0177182;2,21E-05;0;0;0;0;0,48
5898;0,002858686;0,027013882;0,014266535;0,00154159;0,002873413;0,02758075;0,01453865;0,001498205;0;0;0;0;0;0,48
5899;0;0;0;0;0;0;0;0;0;0;0;0;0;0,48
5900;0;0;0;0;0;0;0;0;0;0;0;0;0;0,48
5901;0;0;0;0;0;0;0;0;0;0;0;0;0;0,48
5902;0;0;0;0;0;0;0;0;0;0;0;0;0;0,48
5903;0;0;0;0;0;0;0;0;0;0;0;0;0;0,48
5904;0;0;0;0;0;0;0;0;0;0;0;0;0;0,48
5905;0;0;0;0;0;0;0;0;0;0;0;0;0;0,48
5906;0;0;0;0;0;0;0;0;0;0;0,000262303;0;0;0,48
5907;0;0;0;0;0;0;0;0;0;0;0;0;0;0,48
5908;0;0;0;0;0;0;0;0;0;0;0;0;0;0,48
5909;0;0;0;0;0;0;0;0;0;0;0;0;0;0,48
5910;0,005260183;0,027212991;0,006931559;0,02076867;0,004880552;0,02673085;0,006536625;0,020355425;0;0;0;0;0;0,48
5911;0,023668883;0,11750743;0,030897624;0,052349076;0,023083;0,118192;0,03016725;0,051804;0;0;0;0;0;0,48
5912;0,03965297;0,161756108;0,066252742;0,094435224;0,03918575;0,16312475;0,06554;0,09438875;5,85E-05;0;0;0;0;0,48
5913;0,058195926;0,216005495;0,10243425;0,126421938;0,05780625;0,21772;0,1019665;0,12689875;0,000418118;0;9,95E-05;2,30E-05;7,21E-05;0,48
5914;0,077800524;0,207572566;0,102726809;0,188042132;0,07755;0,21002;0,10252025;0,189875;0,000564065;0,00047541;0,011539958;0,006601083;0,00589612;0,48
5915;0,098358888;0,389026697;0,162395645;0,192366711;0,09841525;0,4017575;0,16271;0,1948625;0,000426127;0,006185753;0,09364525;0,06081325;0,05933775;0,48
5916;0,099330473;0,506710145;0,137733987;0,212169237;0,09957825;0,5353675;0,138225;0,2152925;0,000363931;0,015672;0,1791425;0,1574325;0,12081925;0,48
5917;0,093486754;0,475048737;0,135407961;0,208379211;0,09364175;0,5059325;0,13571;0,2117325;0;0,038689;0,25902;0,25868;0,1944375;0,48
5918;0,072119818;0,511752276;0,129696434;0,186876711;0,07205125;0,547725;0,129885;0,1897525;0;0,042667;0,25902;0,25902;0,1602225;0,48
5919;0,06930499;0,38669104;0,073911292;0,1270935;0,069093;0,4140325;0,07379125;0,1284895;0;0,084437;0,3262275;0,3598325;0,2558475;0,48
5920;0,041076999;0,332633803;0,055680639;0,09203359;0,0408505;0,3526625;0,05519225;0,0923625;0;0,1244425;0,39344;0,39344;0,25902;0,48
5921;0,017319481;0,143239397;0,031990808;0,033494538;0,017066875;0,150167;0,03158175;0,033379;0;0,15739;0,4289175;0,4103475;0,309565;0,48
5922;0,001791136;0,023567727;0,002614736;0,001756181;0,001737645;0,024115175;0,0025664;0,001732397;0;0,2703425;0,92916;0,6933525;0,758415;0,48
5923;0;0;0;0;0;0;0;0;0;0,25902;0,715505;0,42821;0,5061325;0,48
5924;0;0;0;0;0;0;0;0;0;0,3687975;0,9359625;0,5216425;0,8186175;0,48
5925;0;0;0;0;0;0;0;0;0;0,39344;0,9417025;0,56066;0,81041;0,48
5926;0;0;0;0;0;0;0;0;0;0,42151;0,9236875;0,524975;0,7151125;0,48
5927;0;0;0;0;0;0;0;0;0;0,17315325;0,238985;0,1634525;0,216343;0,48
5928;0;0;0;0;0;0;0;0;0;0,081224;0,05628425;0,04451375;0,05322425;0,48
5929;0;0;0;0;0;0;0;0;0;0,03704725;0,0126995;0,013754;0,015672;0,48
5930;0;0;0;0;0;0;0;0;0;0,012308;0,00098361;0,00343608;0,002469958;0,48
5931;0;0;0;0;0;0;0;0;0;0,019213;0,00632233;0,015635;0,007177128;0,48
5932;0;0;0;0;0;0;0;0;0;0,08418675;0,0705245;0,038689;0,065626;0,48
5933;0;0;0;0;0;0;0;0;0;0,0585795;0,0368415;0,0223115;0,02901625;0,48
5934;0,034418207;0,041528961;0,015463933;0;0,034096;0,04156425;0,01497245;0;0;0,01717675;0,004402253;0,002469958;0,010459125;0,48
5935;0,104711396;0,179205158;0,063086361;0,006817424;0,105277;0,184665;0,062283;0,006505375;0;0,03674125;0,0158545;0,0108305;0,012131;0,48
5936;0,18090754;0,282674803;0,136194379;0,018959932;0,1834325;0,293;0,13623625;0,018458275;0;0,01717675;0,005442703;0,007300775;0,010644875;0,48
5937;0,271569592;0,596763;0,19585575;0,029023319;0,2772575;0,6357125;0,1972725;0,0285365;0;0,03674125;0,0314295;0,03293475;0,0267085;0,48
5938;0,290430632;0,506060013;0,256845316;0,036300217;0,29808;0,54516;0,260575;0,0358555;3,71E-06;0,02850825;0,01379;0,03104375;0,011526775;0,48
5939;0,306645395;0,683052316;0,276585237;0,040845841;0,315575;0,74528;0,281475;0,040435;1,37E-05;0,07081975;0,06463825;0,1607005;0,0653715;0,48
5940;0,310709921;0,614415276;0,255164605;0,041991276;0,319535;0,67595;0,2593925;0,0416015;1,87E-05;0,081224;0,07081975;0,15705;0,0616395;0,48
5941;0,316992119;0,274394053;0,214514527;0,41597104;0,3264325;0,29579;0,2173575;0,4337275;9,16E-06;0,038995;0,02319675;0,1087425;0,019213;0,48
5942;0,287054763;0,10680795;0,187562961;0,376917395;0,29586;0,108718;0,18948975;0,3951225;0;0,0187705;0,002469958;0,05398925;0,006557377;0,48
5943;0,218502;0,031651776;0,134702447;0,29294929;0,2241275;0,0314635;0,135495;0,3047425;0;0,012131;0,00098361;0,038689;0,00098361;0,48
5944;0,159693987;0,014289387;0,0885171;0,185135803;0,16270675;0,013920425;0,0885215;0,19061;0;0,012131;0,00098361;0,03824625;0,0076721;0,48
5945;0,076645216;0,008740417;0,038766864;0,080008563;0,0776405;0,0083779;0,03845675;0,0816375;0;0,00302733;0,000262295;0,007699653;0,000540985;0,48
5946;0,005371869;0,001169428;0,001948861;0,005385786;0,00541;0,001103293;0,00191894;0,0054458;0;0,00098361;0;0,000953007;0;0,48
5947;0;0;0;0;0;0;0;0;0;0,000672135;0;3,06E-05;0;0,48
5948;0;0;0;0;0;0;0;0;0;0,001057932;0,00018032;0,000540985;0,000311475;0,48
5949;0;0;0;0;0;0;0;0;0;0,01485455;0,010841553;0,008043653;0,009929025;0,48
5950;0;0;0;0;0;0;0;0;0;0,038689;0,0677595;0,03337725;0,06272675;0,48
5951;0;0;0;0;0;0;0;0;0;0,03786275;0,0689945;0,03600375;0,0543365;0,48
5952;0;0;0;0;0;0;0;0;0;0,009984825;0,006582428;0,008630525;0,00487658;0,48
5953;0;0;0;0;0;0;0;0;0;0,0258525;0,0144118;0,02629525;0,00903475;0,48
5954;0;0;0;0;0;0;0;0;0;0,006371653;0,002996727;0,005256805;0,001664858;0,48
5955;0;0;0;0;0;0;0;0;0;0,001540983;0,000243723;0,001249173;0,00034427;0,48
5956;0;0;0;0;0;0;0;0;0;0,02504675;0,0261455;0,03001875;0,0077837;0,48
5957;0;0;0;0;0;0;0;0;0;0,01007865;0,005876555;0,012885225;0,001128953;0,48
5958;0,046101794;0,00158152;0;0,029299263;0,046363;0;0;0,0288848;0;0,00098361;0,000459025;0,00098361;0;0,48
5959;0,199171421;0,008092838;0,012190232;0,098482172;0,206425;0,006648325;0,011812475;0,098534;0;0,00098361;0;0,00098361;0;0,48
5960;0,379137474;0,050339207;0,02577844;0,16017075;0,40023;0,0495795;0,02516975;0,1616475;0;0,00098361;0,00042623;0,00098361;0,000508198;0,48
5961;0,545503737;0,1888377;0,038940955;0,232234224;0,585455;0,19000625;0,03829875;0,23608;0;0,00098361;0;0,0002459;3,06E-05;0,48
5962;0,647470855;0,28451925;0,053056034;0,285166974;0,70483;0,290165;0,0524035;0,2916525;0;0,00098361;0,000540985;0,000868855;0,001138805;0,48
5963;0,649214171;0,695359066;0,056057957;0,275309053;0,713655;0,7474925;0,05547125;0,2815775;0;0,004885203;0,00098361;0,004327778;0,01157365;0,48
5964;0,673338868;0,755142277;0,059468739;0,297892697;0,7442475;0,8362;0,05887925;0,3047525;0;0,00098361;0,00098361;0,00098361;0,012131;0,48
5965;0,635455461;0,43223396;0,058088775;0,284095461;0,70166;0,4702175;0,05751275;0,29118;0;0,00098361;0,00098361;0,00098361;0,012131;0,48
5966;0,546546355;0,249031216;0,050891096;0,27057754;0,5985225;0,261495;0,0503375;0,27695;8,38E-06;0,00098361;0,00098361;0,00098361;0,012131;0,48
5967;0,426272013;0,05123463;0,037731229;0,181271132;0,4609275;0,052189925;0,037228;0,1847875;0;0,00990165;0,008043653;0,0108305;0,0342625;0,48
5968;0,27679954;0,015077201;0,02317382;0,104853221;0,2948175;0,0147923;0,02273925;0,1059755;0;0,0108305;0,005256805;0,0108305;0,02629525;0,48
5969;0,118250747;0,004175314;0,009703455;0,050366175;0,12345325;0,003859675;0,00939315;0,0504425;0;0,00098361;0,00098361;0,00098361;0,012131;0,48
5970;0,009257268;0,000447454;0,001010131;0,002848448;0,009455575;0,00036877;0,000946545;0,002831265;0;0,00098361;0,00098361;0,00098361;0,008601025;0,48
5971;0;0;0;0;0;0;0;0;0;0,0108305;0,006557377;0,009344225;0,012131;0,48
5972;0;0;0;0;0;0;0;0;0;0,016483;0,015876075;0,01629725;0,0110039;0,48
5973;0;0;0;0;0;0;0;0;0;0,001276523;0,000418935;0,000822948;0,000291075;0,48
5974;0;0;0;0;0;0;0;0;0;0,000131148;6,55E-06;1,64E-05;0;0,48
5975;0;0;0;0;0;0;0;0;0;0,001330433;0,003326773;0,00093443;0,000786888;0,48
5976;0;0;0;0;0;0;0;0;0;0,01340725;0,01832775;0,008043653;0,007114803;0,48
5977;0;0;0;0;0;0;0;0;0;0,049869;0,07183975;0,03054425;0,0275935;0,48
5978;0;0;0;0;0;0;0;0;0;0,0174425;0,018378725;0,01275075;0,01011695;0,48
5979;0;0;0;0;0;0;0;0;0;0,015672;0,01788525;0,02496725;0,012131;0,48
5980;0;0;0;0;0;0;0;0;0;0,05092925;0,08180775;0,038689;0,0209835;0,48
5981;0;0;0;0;0;0;0;0;0;0,16465;0,2946325;0,10942625;0,10942625;0,48
5982;0,046665963;0,044883302;0,013400657;0,022446636;0,0469115;0,045043325;0,0129195;0,02202225;0;0,240325;0,43932;0,1670225;0,1670225;0,48
5983;0,183575487;0,2231685;0,05000186;0,066696517;0,1896775;0,2319125;0,049163;0,06613925;0;0,1187435;0,1697725;0,06570525;0,068922;0,48
5984;0,383832868;0,440579723;0,096101969;0,122274099;0,404415;0,4664075;0,0955665;0,12255525;0;0,3514925;0,8262725;0,4135375;0,53414;0,48
5985;0,552915237;0,560584382;0,132829105;0,172530474;0,591745;0,60303;0,132735;0,1739625;0;0,297105;0,5738575;0,359805;0,3848625;0,48
5986;0,648159513;0,668999842;0,160813658;0,205012974;0,703425;0,7287025;0,1611975;0,20741;0;0,2437225;0,34546;0,3665575;0,385225;0,48
5987;0,690495118;0,597699671;0,174492908;0,239448276;0,75659;0,650865;0,175255;0,243085;3,51E-05;0,112502;0,09737975;0,2017375;0,164979;0,48
5988;0,696512448;0,502007527;0,180363355;0,253609105;0,7673175;0,53893;0,1813375;0,2579675;1,22E-05;0,040525;0,012355178;0,06256525;0,039497;0,48
5989;0,645915355;0,469433526;0,172198184;0,223890146;0,711385;0,4984375;0,17315;0,22763475;1,51E-05;0,038689;0,003398905;0,04633925;0,039454;0,48
5990;0,57458629;0,349363855;0,152662934;0,189460382;0,6282425;0,3665475;0,153305;0,19194;3,59E-05;0,05169425;0,02193425;0,12037025;0,1045255;0,48
5991;0,439387816;0,290538987;0,121040053;0,134365342;0,4746325;0,3006125;0,121214;0,135565;2,38E-05;0,19788;0,19782975;0,350925;0,39772;0,48
5992;0,290659382;0,196436053;0,073134746;0,088901882;0,3094775;0,2018625;0,07286275;0,0892205;4,10E-05;0,371585;0,575095;0,8323875;0,8452575;0,48
5993;0,122301308;0,090683242;0,032961189;0,03874399;0,12783475;0,0924165;0,0326085;0,03859975;0;0,5184025;0,8024575;0,9144525;0,952435;0,48
5994;0,008746798;0,006418935;0,001693311;0,00144602;0,008929925;0,006486;0,00166091;0,001428943;0;0,2064275;0,18692575;0,3279175;0,2984875;0,48
5995;0;0;0;0;0;0;0;0;0;0,2559675;0,28343;0,2885475;0,274205;0,48
5996;0;0;0;0;0;0;0;0;0;0,110964;0,05778725;0,078187;0,056869;0,48
5997;0;0;0;0;0;0;0;0;0;0,038995;0,012131;0,01959675;0,012131;0,48
5998;0;0;0;0;0;0;0;0;0;0,07923475;0,0370185;0,03786275;0,01965575;0,48
5999;0;0;0;0;0;0;0;0;0;0,148595;0,083162;0,07005475;0,05245925;0,48
6000;0;0;0;0;0;0;0;0;0;0,134103;0,12564925;0,148595;0,0978755;0,48
6001;0;0;0;0;0;0;0;0;0;0,074604;0,08044075;0,105118;0,0844285;0,48
6002;0;0;0;0;0;0;0;0;0;0,244095;0,3650725;0,28405;0,2708075;0,48
6003;0;0;0;0;0;0;0;0;0;0,25902;0,2927325;0,267235;0,241685;0,48
6004;0;0;0;0;0;0;0;0;0;0,3679025;0,724085;0,562115;0,614515;0,48
6005;0;0;0;0;0;0;0;0;0;0,243385;0,4143125;0,3649625;0,3581025;0,48
6006;0,002427801;0,040582465;0,038887452;0,044945523;0,002037628;0,0405273;0,038740675;0,04483725;0;0,10318725;0,11312275;0,146565;0,11351;0,48
6007;0,014565837;0,186108592;0,234177395;0,153606829;0,01395275;0,19201;0,2411125;0,1559475;0;0,185725;0,2262725;0,2519875;0,24207;0,48
6008;0,03339124;0,41189929;0,298562092;0,271148211;0,03285925;0,4338075;0,3095475;0,2783325;0;0,4474325;0,645735;0,5104925;0,527215;0,48
6009;0,052430704;0,386361158;0,263929342;0,392527776;0,0519685;0,40685;0,27138;0,4062625;0;0,6054125;0,816775;0,744265;0,630085;0,48
6010;0,06254338;0,414405908;0,321858474;0,458829158;0,06219425;0,433285;0,3296325;0,4810725;0;0,9321875;0,9946425;0,9525425;0,9540625;0,48
6011;0,072573948;0,375246316;0,38181746;0,49295625;0,07229475;0,3895775;0,394275;0,52178;6,15E-06;1;1;1;1;0,48
6012;0,072374092;0,421786105;0,313011868;0,527521579;0,07214125;0,4372775;0,3232325;0,5599725;8,56E-06;1;1;0,9978125;1;0,48
6013;0,063705189;0,244955132;0,102022982;0,530834842;0,06345175;0,252175;0,10413525;0,5663375;2,55E-06;1;1;0,9993875;1;0,48
6014;0,058448033;0,211507066;0,175186382;0,432168948;0,05814125;0,21464;0,17588;0,460305;0;1;0,2666675;1;0,6333345;0,48
6015;0,040811167;0,198607974;0,140584934;0,336192671;0,04050125;0,2013425;0,14136;0,3547225;0;1;0,7833325;1;1;0,48
6016;0,027685492;0,178186619;0,063043982;0,206358987;0,02733075;0,181195;0,06299525;0,215415;0;1;1;1;1;0,48
6017;0,01120338;0,059478371;0,00776611;0,074196218;0,010927625;0,060491;0,00762665;0,076471275;0;1;1;1;1;0,48
6018;0,000965968;0,001750082;0,000412381;0,001253496;0,00091557;0,001741375;0,000341983;0,001262208;0;1;1;1;0,999995;0,48
6019;0;0;0;0;0;0;0;0;0;0,9707775;0,83711;0,9240275;0,84316;0,48
6020;0;0;0;0;0;0;0;0;0;0,63836;0,3248125;0,48013;0,3602725;0,48
6021;0;0;0;0;0;0;0;0;0;0,81542;0,6611525;0,814765;0,6936775;0,48
6022;0;0;0;0;0;0;0;0;0;0,3061;0,1171705;0,25203775;0,16219225;0,48
6023;0;0;0;0;0;0;0;0;0;0,13772825;0,009344225;0,0578145;0,019213;0,48
6024;0;0;0;0;0;0;0;0;0;0,081224;0,00098361;0,038689;0,012131;0,48
6025;0;0;0;0;0;0;0;0;0;0,038995;0,00037705;0,0187705;0,0091585;0,48
6026;0;0;0;0;0;0;0;0;0;0,03976;0,000229507;0,007760825;0,001540983;0,48
6027;0;0;0;0;0;0;0;0;0;0,105649;0,011743025;0,0478625;0,02430925;0,48
6028;0;0;0;0;0;0;0;0;0;0,02828025;0,001032783;0,02009825;0,007330053;0,48
6029;0;0;0;0;0;0;0;0;0;0,012131;0,000508198;0,012131;0,0108305;0,48
6030;0,004197563;0,011347469;0,040632742;0,020133781;0,003781525;0,01089195;0,04065575;0,0196913;0;0,012131;0,000131148;0,012131;0,005256878;0,48
6031;0,018197183;0,043103724;0,20893423;0,043454313;0,0175971;0,0423755;0,2166925;0,042951;0;0,02467775;0,00487658;0,03444825;0,01481625;0,48
6032;0,041909167;0,08264593;0,424848947;0,286722474;0,04138475;0,082088;0,448125;0,295005;0;0,09148175;0,04286125;0,0912075;0,0562545;0,48
6033;0,070636796;0,118786263;0,580632513;0,313599394;0,070244;0,11861;0,62282;0,32401;1,76E-05;0,08459;0,027623;0,04939925;0,03249175;0,48
6034;0,090463161;0,145494631;0,684749881;0,319349448;0,0902795;0,14583;0,7453625;0,32798275;5,20E-05;0,14803825;0,0690045;0,07448225;0,04710425;0,48
6035;0,09359824;0,160657145;0,732963158;0,49109254;0,0935805;0,16142;0,8069325;0,5105;4,42E-05;0,332685;0,291875;0,1952525;0,1440425;0,48
6036;0,093133275;0,165826895;0,73246954;0,576413882;0,0931505;0,1668325;0,8107525;0,6125125;4,78E-05;0,1928875;0,10261225;0,064377;0,03808075;0,48
6037;0,090524321;0,155003408;0,691508842;0,389339724;0,0905015;0,1559125;0,76452;0,4111625;4,91E-05;0,2386225;0,171938;0,08551475;0,06390475;0,48
6038;0,083740078;0,136934566;0,606115263;0,437189408;0,08364175;0,1375;0,6650975;0,4584375;2,63E-05;0,3777575;0,2836625;0,1568075;0,146905;0,48
6039;0,068817632;0,103269789;0,485891487;0,402084711;0,06862025;0,10339725;0,5262325;0,42476;1,81E-06;0,2769425;0,21313;0,1087425;0,067598;0,48
6040;0,042913018;0,06940588;0,310565448;0,265480026;0,04265275;0,0691865;0,3311175;0,28025;0;0,236925;0,1224705;0,07540975;0,03674125;0,48
6041;0,019098217;0,031947948;0,126353072;0,124871495;0,01882575;0,03165325;0,13186625;0,13013625;0;0,112365;0,02726225;0,02452475;0,012308;0,48
6042;0,001368876;0,001402307;0,006733678;0,008083722;0,00133103;0,001377758;0,0068587;0,008220703;0;0,05398925;0,01131355;0,012131;0,012131;0,48
6043;0;0;0;0;0;0;0;0;0;0,0223115;0,001057933;0,0108305;0,002469958;0,48
6044;0;0;0;0;0;0;0;0;0;0,012131;0,00098361;0,003398905;0,00098361;0,48
6045;0;0;0;0;0;0;0;0;0;0,03027875;0,008486403;0,02939375;0,01351575;0,48
6046;0;0;0;0;0;0;0;0;0;0,07005475;0,037361;0,07923475;0,06390475;0,48
6047;0;0;0;0;0;0;0;0;0;0,05551925;0,039454;0,08459;0,0715845;0,48
6048;0;0;0;0;0;0;0;0;0;0,13048;0,1174785;0,1027035;0,16389;0,48
6049;0;0;0;0;0;0;0;0;0;0,10391;0,08974275;0,08628075;0,15705;0,48
6050;0;0;0;0;0;0;0;0;0;0,203955;0,15536;0,1711475;0,15705;0,48
6051;0;0;0;0;0;0;0;0;0;0,1456525;0,1224705;0,1328965;0,1087425;0,48
6052;0;0;0;0;0;0;0;0;0;0,05398925;0,02726225;0,0417105;0,0616395;0,48
6053;0;0;0;0;0;0;0;0;0;0,03027875;0,008786825;0,012131;0,03600375;0,48
6054;0,003374607;0,015315174;0,03860751;0,045822959;0,00296432;0,014825075;0,038478025;0,04609125;0;0,005814178;0,000409833;0,002469958;0,007330053;0,48
6055;0,023226312;0,05400932;0,167745987;0,162853145;0,02258625;0,053226;0,1720625;0,16705;9,95E-06;0,006743153;0,000622952;0,00098361;0,00098361;0,48
6056;0,054868216;0,202978302;0,357827605;0,309963474;0,05436525;0,20565925;0,374325;0,322315;0,000194171;0,00098361;0,000131148;0,00098361;0,00098361;0,48
6057;0,074637995;0,256540958;0,471513948;0,465653132;0,07432375;0,26109;0,49962;0,49165;0,000361264;0,00098361;0;0,00098361;0,00037705;0,48
6058;0,090088974;0,361044553;0,591458408;0,508383632;0,08991525;0,3699325;0,634405;0,539835;0,000489246;0,00098361;0;0,00037705;0;0,48
6059;0,088078141;0,408482487;0,60665704;0,607319211;0,087975;0,4237625;0,65566;0,6526625;0,000573393;0,000737707;0;0;0;0,48
6060;0,100957488;0,448126066;0,580964803;0,658306382;0,101;0,467735;0,627925;0,71632;0,000600099;0,00302733;0,00047541;0,001054652;3,06E-05;0,48
6061;0,105411853;0,39404475;0,541480145;0,587095303;0,10563225;0,4104375;0,582915;0,6395625;0,0005698;0,02471025;0,013355153;0,0191494;0,002625153;0,48
6062;0,095695997;0,386784947;0,418097211;0,462662527;0,095877;0,40228;0,44501;0,4975975;0,000478449;0,119709;0,0986755;0,120529;0,02777025;0,48
6063;0,073384204;0,305858013;0,322173908;0,406392434;0,07334175;0,3183375;0,33758;0,4323125;0,000336456;0,08628075;0,0585795;0,06256525;0,013754;0,48
6064;0,046489224;0,336074684;0,204288198;0,233922158;0,04623775;0,35086;0,21177;0,2469275;0,000161268;0,08459;0,0677595;0,07923475;0,01319325;0,48
6065;0,022171895;0,131567368;0,087273423;0,092080784;0,0218935;0,137045;0,089374;0,095579;0;0,11961325;0,13048;0,12081925;0,0518395;0,48
6066;0,001296608;0,00796546;0,003239151;0,004804658;0,001267028;0,008120375;0,003274625;0,004891783;0;0,15705;0,170645;0,15705;0,11840525;0,48
6067;0;0;0;0;0;0;0;0;0;0,15705;0,235225;0,1873975;0,172345;0,48
6068;0;0;0;0;0;0;0;0;0;0,097873;0,08805;0,0679195;0,0751245;0,48
6069;0;0;0;0;0;0;0;0;0;0,043186;0,0296505;0,0342625;0,03381975;0,48
6070;0;0;0;0;0;0;0;0;0;0,00551246;0,001032783;0,003491848;0,003863398;0,48
6071;0;0;0;0;0;0;0;0;0;2,30E-05;0;0;0;0,48
6072;0;0;0;0;0;0;0;0;0;0,001215677;0,003185788;0,0007541;0,000672125;0,48
6073;0;0;0;0;0;0;0;0;0;0,01178425;0,012131;0,008043653;0,007114803;0,48
6074;0;0;0;0;0;0;0;0;0;0,027168;0,019280825;0,015768;0,01157365;0,48
6075;0;0;0;0;0;0;0;0;0;0,00155337;0,00033662;0,00067467;0,00046448;0,48
6076;0;0;0;0;0;0;0;0;0;0;0;0;0;0,48
6077;0;0;0;0;0;0;0;0;0;0;0;0;0;0,48
6078;0,035236096;0,02200575;0,021176471;0,050190495;0,035141975;0,02157275;0,02065275;0,050731725;0;0,000311475;0,00045172;0,00018032;0,000213123;0,48
6079;0,145896991;0,066753825;0,074800528;0,207298066;0,14898325;0,06611725;0,07401075;0,214995;2,14E-06;0,00822945;0,02871255;0,007300553;0,00822945;0,48
6080;0,316268546;0,120463121;0,06537988;0,419703276;0,32937975;0,1201755;0,06488625;0,4433775;0,000184931;0,02541;0,038689;0,02541;0,012131;0,48
6081;0,429606947;0,26398954;0,092805079;0,56148975;0,45186;0,2682425;0,092306;0,6020925;0,000354943;0,038689;0,038689;0,038689;0,0209835;0,48
6082;0,495183553;0,408528237;0,063713376;0,652091606;0,523515;0,422765;0,0632995;0,7085625;0,000487252;0,07919225;0,08889475;0,10942625;0,10942625;0,48
6083;0,593647184;0,623208908;0,243176179;0,688706053;0,63488;0,66211;0,245137;0,755355;0,000565964;0,1905575;0,172345;0,20947;0,217985;0,48
6084;0,57984754;0,743158184;0,329086974;0,715103803;0,6240275;0,8118025;0,3353125;0,788605;0,000585888;0,3745;0,459945;0,54216;0,5878325;0,48
6085;0,530560342;0,701670158;0,335785737;0,655279658;0,56867;0,77216;0,34439;0,7222025;0,000546066;0,649975;0,8772175;0,88218;0,9526625;0,48
6086;0,422094316;0,457998434;0,517023158;0,573680921;0,4477675;0,496085;0,542005;0,6268375;0,000451612;0,90972;0,99666;0,99758;0,9999125;0,48
6087;0,31846575;0,298374999;0,539021685;0,44696546;0,3342325;0,31479225;0,5749675;0,4823875;0,000305834;0,9985125;1;1;1;0,48
6088;0,19219575;0,229963579;0,310599158;0,281369724;0,199353;0,23796;0,3303375;0,2995575;0,000130381;1;1;1;1;0,48
6089;0,080763197;0,101352383;0,129296724;0,105528876;0,0824245;0,10443575;0,13507875;0,11030575;0;1;1;1;1;0,48
6090;0,001395349;0,006124481;0,011422908;0,003159936;0,001411395;0,0062167;0,01163485;0,003217378;0;0,98725;0,9998375;0,9994075;0,99979;0,48
6091;0;0;0;0;0;0;0;0;0;0,68641;0,7621525;0,7861575;0,7434025;0,48
6092;0;0;0;0;0;0;0;0;0;0,7431125;0,9379275;0,876645;0,8695025;0,48
6093;0;0;0;0;0;0;0;0;0;0,91581;0,999895;0,952775;0,985625;0,48
6094;0;0;0;0;0;0;0;0;0;0,7741225;0,9650925;0,79889;0,773105;0,48
6095;0;0;0;0;0;0;0;0;0;0,76721;0,971025;0,7725875;0,76721;0,48
6096;0;0;0;0;0;0;0;0;0;0,7520625;0,8212025;0,9277125;0,663935;0,48
6097;0;0;0;0;0;0;0;0;0;0,5861325;0,5466925;0,7798825;0,47213;0,48
6098;0;0;0;0;0;0;0;0;0;0,941315;0,9699625;0,9727075;0,91584;0,48
6099;0;0;0;0;0;0;0;0;0;0,9959775;1;0,9993875;0,999225;0,48
6100;0;0;0;0;0;0;0;0;0;0,936125;0,96978;0,9976;0,911365;0,48
6101;0;0;0;0;0;0;0;0;0;0,5683575;0,455145;0,8063275;0,3895425;0,48
6102;0,04446522;0;0,029008943;0,042418172;0,044839275;0;0,02862355;0,042617825;0;0,3575925;0,21313;0,5077075;0,22673;0,48
6103;0,222578566;0,009965433;0,134082414;0,143457553;0,2318475;0,009594625;0,13541;0,1457475;0;0,236925;0,078861;0,2682075;0,090023;0,48
6104;0,445631487;0,029696807;0,269067789;0,256089237;0,472795;0,0290535;0,2759125;0,262475;0,000174747;0,112365;0,007930128;0,064377;0,01655725;0,48
6105;0,619221434;0,048400851;0,392761342;0,381557408;0,6678375;0,047782;0,4088125;0,394715;0,000327554;0,081224;0,00098361;0,03160675;0,00990165;0,48
6106;0,719031079;0,062097438;0,488708724;0,437731184;0,78708;0,06153325;0,5138725;0,45604;0,000449937;0,0358965;0,000721313;0,008601025;0,00098361;0,48
6107;0,762792158;0,060742516;0,531321237;0,441162434;0,8439075;0,060243;0,563575;0,4611675;0,000514982;0,006371653;0;0,000311475;0,000131148;0,48
6108;0,757061368;0,06333317;0,512573369;0,46231579;0,841805;0,06281725;0,5433425;0,48418;0,000527873;0,00052459;0;0;0;0,48
6109;0,711222276;0,059624049;0,474032605;0,457552974;0,78988;0,05912925;0,49998;0,481915;0,00049703;0;0;0;0;0,48
6110;0,621911053;0,047640197;0,380933763;0,39858604;0,685245;0,0471685;0,3989275;0,417815;0,000416263;0,000868855;0;0;0;0,48
6111;0,474581605;0,033428562;0,278600645;0,309717869;0,515855;0,0329805;0,288655;0,32224;0,000291516;0,000688525;0;0;0;0,48
6112;0,306522592;0,021991303;0,194026232;0,162760923;0,3278;0,021569;0,198827;0,16836475;0,00012884;0,00822945;0,00057377;0,000360655;0,000721313;0,48
6113;0,116841166;0,007931437;0,074396724;0,060588411;0,12265175;0,007659925;0,07564675;0,06156125;0;0,004142103;0,000704918;0,000229507;0,001057932;0,48
6114;0,003234566;0,000445095;0,001273851;0,00068534;0,003302648;0,000406105;0,001278835;0,000686043;0;0,02408175;0,013334525;0,0091585;0,01131355;0,48
6115;0;0;0;0;0;0;0;0;0;0,005442603;0,001539893;0,002469958;0,00302733;0,48
6116;0;0;0;0;0;0;0;0;0;0,00098361;3,06E-05;0,00098361;0,00034427;0,48
6117;0;0;0;0;0;0;0;0;0;0,00098361;0,000953008;0,006557377;0,00098361;0,48
6118;0;0;0;0;0;0;0;0;0;0,006743153;0,00098361;0,012131;0,00098361;0,48
6119;0;0;0;0;0;0;0;0;0;0,00098361;0,00098361;0,00990165;0,00098361;0,48
6120;0;0;0;0;0;0;0;0;0;0,001169407;0,002110758;0,003398905;0,00104699;0,48
6121;0;0;0;0;0;0;0;0;0;0,0226394;0,0591735;0,057776;0,026292;0,48
6122;0;0;0;0;0;0;0;0;0;0,038689;0,05016425;0,044809;0,038689;0,48
6123;0;0;0;0;0;0;0;0;0;0,03860025;0,05398925;0,038689;0,03824625;0,48
6124;0;0;0;0;0;0;0;0;0;0,01313225;0,02319675;0,0320495;0,008814428;0,48
6125;0;0;0;0;0;0;0;0;0;0,00377053;0,01611475;0,01611475;0,00302733;0,48
6126;0,039925977;0;0,008235626;0,032844142;0,040167975;0;0,007776125;0,0325492;0;0,0320495;0,108943;0,09485125;0,03116425;0,48
6127;0,195949658;0,015227262;0,05064838;0,131402187;0,203485;0,0148336;0,04980775;0,132639;0;0,038689;0,08500825;0,08459;0,038689;0,48
6128;0,380572579;0,032456013;0,102924497;0,223688605;0,401775;0,0318415;0,1023485;0,227955;0;0,03116425;0,03134975;0,04212375;0,015672;0,48
6129;0,548060921;0,093347096;0,185448829;0,358942461;0,5868075;0,09281025;0,1863725;0,370175;0;0,0091585;0,002912575;0,006215253;0,003398905;0,48
6130;0,6534015;0,104823122;0,138181374;0,405934934;0,7098475;0,10469325;0,139026;0,4219025;3,29E-05;0,00098361;0;0,000213123;0,0002459;0,48
6131;0,692871711;0,103600875;0,121714745;0,429999434;0,7592775;0,10349525;0,12172425;0,44886;6,37E-05;0,00098361;0;0;0,000278688;0,48
6132;0,689137066;0,133036184;0,121004657;0,44802975;0,757985;0,133135;0,120897;0,4692575;6,49E-05;0,01152465;0,000491803;0,001128953;0,00469958;0,48
6133;0,643158316;0,1338645;0,151052053;0,460264263;0,7061525;0,13417;0,1511825;0,483805;6,04E-05;0,06210925;0,0091585;0,016554;0,057776;0,48
6134;0,553314948;0,09549253;0,114651908;0,377415829;0,60281;0,09552675;0,114725;0,3947725;2,29E-05;0,07387975;0,0089726;0,01131355;0,0561955;0,48
6135;0,449643039;0,084043713;0,100942559;0,257692895;0,4843;0,08379225;0,10072725;0,26674;0;0,02027525;0,000836065;0,001057933;0,01443275;0,48
6136;0,266939211;0,060535919;0,055133566;0,177157725;0,2837375;0,06016725;0,054817;0,181852;0;0,03674125;0,007139678;0,0108305;0,0342625;0,48
6137;0,104168657;0,025984074;0,021257955;0,0533445;0,10887575;0,02567925;0,020947075;0,054068;0;0,038689;0,001330433;0,0065575;0,019213;0,48
6138;0,002799444;0,001792167;0,001383853;0,00076992;0,0028519;0,001752975;0,001343975;0,00076902;0;0,038689;0,0108305;0,024082;0,0355905;0,48
6139;0;0;0;0;0;0;0;0;0;0,038689;0,031756;0,03976;0,033377;0,48
6140;0;0;0;0;0;0;0;0;0;0,07923475;0,1348025;0,114152;0,10942625;0,48
6141;0;0;0;0;0;0;0;0;0;0,08459;0,15705;0,15705;0,13652025;0,48
6142;0;0;0;0;0;0;0;0;0;0,0624045;0,111241;0,120819;0,07770475;0,48
6143;0;0;0;0;0;0;0;0;0;0,0930435;0,1892575;0,170645;0,09545825;0,48
6144;0;0;0;0;0;0;0;0;0;0,0585795;0,094935;0,10149825;0,05322425;0,48
6145;0;0;0;0;0;0;0;0;0;0,0355905;0,03851175;0,044809;0,015672;0,48
6146;0;0;0;0;0;0;0;0;0;0,012131;0,009248053;0,01699975;0,00990165;0,48
6147;0;0;0;0;0;0;0;0;0;0,012131;0,002655755;0,013754;0,002655755;0,48
6148;0;0;0;0;0;0;0;0;0;0,03337725;0,060836;0,06746425;0,0280655;0,48
6149;0;0;0;0;0;0;0;0;0;0,038689;0,07234975;0,081224;0,02452475;0,48
6150;0,039598937;0,037252564;0;0;0,03965585;0,0371992;0;0;0;0,01959675;0,038689;0,038995;0,012131;0,48
6151;0,182915724;0,15512308;0,013140893;0,004432646;0,18926;0,15926125;0,012774425;0,0041259;0;0,03786275;0,07234975;0,07923475;0,03027875;0,48
6152;0,329847868;0,255258513;0,046339934;0,018407729;0,34611;0,264265;0,04559325;0,017898075;2,39E-06;0,07642975;0,079949;0,1048985;0,0608745;0,48
6153;0,452274868;0,370613526;0,133560865;0,030557147;0,4805775;0,3861525;0,13337775;0,03004575;3,62E-05;0,0345155;0,014848725;0,028166;0,0165519;0,48
6154;0,595978027;0,700509553;0,419828487;0,485672368;0,642255;0,7552825;0,43391;0,5109975;5,95E-05;0,1446555;0,06719675;0,10330625;0,11496725;0,48
6155;0,598267934;0,495402671;0,307507421;0,510045079;0,6509825;0,5375875;0,3189675;0,5409975;8,18E-05;0,267235;0,1202625;0,1602225;0,2395525;0,48
6156;0,621068289;0,254372408;0,492534869;0,49884596;0,67814;0,2659025;0,515215;0,530655;0,000125047;0,565015;0,6037825;0,388725;0,728185;0,48
6157;0,530413461;0,13890013;0,39485621;0,750454105;0,576575;0,141728;0,413465;0,8157925;9,82E-05;0,98381;0,9999125;0,966425;0,999995;0,48
6158;0,468475184;0,032359457;0,193127605;0,444162671;0,5041125;0,032383;0,1995875;0,4833725;7,14E-05;1;1;1;1;0,48
6159;0,333257447;0,020506595;0,290579921;0,407247237;0,3548125;0,02007675;0,29773;0,43434;2,93E-05;1;1;0,974135;1;0,48
6160;0,204122053;0,011499744;0,305386066;0,220936382;0,2139975;0,0111337;0,31828;0,23403;0;1;1;0,9969675;1;0,48
6161;0,075354103;0,002196482;0,112773509;0,069296321;0,07770925;0,002091275;0,11774625;0,072159;0;0,99396;0,9980675;0,9774125;0,9999825;0,48
6162;0,001058318;0;0,00967167;0,000943462;0,001073925;0;0,0099577;0,0009598;0;0,8692825;0,8374675;0,7747925;0,9234;0,48
6163;0;0;0;0;0;0;0;0;0;0,5882;0,4717025;0,56066;0,4782625;0,48
6164;0;0;0;0;0;0;0;0;0;0,5847575;0,5060725;0,609445;0,4533725;0,48
6165;0;0;0;0;0;0;0;0;0;0,93578;0,99503;0,9801275;0,9650675;0,48
6166;0;0;0;0;0;0;0;0;0;0,83639;0,9972875;0,9958875;0,917285;0,48
6167;0;0;0;0;0;0;0;0;0;0,9611075;0,9999125;0,998075;0,9816375;0,48
6168;0;0;0;0;0;0;0;0;0;0,99965;1;0,9955;0,9998775;0,48
6169;0;0;0;0;0;0;0;0;0;0,74304;0,63876;0,4856425;0,61539;0,48
6170;0;0;0;0;0;0;0;0;0;0,6742625;0,39344;0,4650075;0,39344;0,48
6171;0;0;0;0;0;0;0;0;0;0,76721;0,415735;0,518855;0,3973425;0,48
6172;0;0;0;0;0;0;0;0;0;0,7520625;0,5522975;0,3710375;0,55211;0,48
6173;0;0;0;0;0;0;0;0;0;0,562035;0,3155725;0,25902;0,34541;0,48
6174;0,012479709;0,033550161;0,014058759;0,01959877;0,01204285;0,0336115;0,0135742;0,019171;0;0,59164;0,43858;0,25902;0,471475;0,48
6175;0,054158609;0,191302421;0,053125141;0,072342308;0,0535945;0,19848;0,05234575;0,07192925;1,49E-05;0,4912125;0,2927325;0,27261;0,310545;0,48
6176;0,114634812;0,393399434;0,142195816;0,133308277;0,1148675;0,4155375;0,142485;0,1338075;0,000194687;0,84424;0,764965;0,6593575;0,658195;0,48
6177;0,164090803;0,560206342;0,248509184;0,2334165;0,1654075;0,60173;0,25253;0,2363725;0,000356387;0,8536075;0,94;0,7725875;0,76721;0,48
6178;0,214360421;0,662137342;0,26389804;0,243512803;0,2170975;0,72222;0,2695225;0,2477875;0,000478278;0,76721;0,789525;0,9277125;0,663935;0,48
6179;0,24627225;0,706469092;0,180686013;0,291174671;0,2502275;0,77919;0,1834375;0,297295;0,00055007;0,6158475;0,45602;0,719605;0,4010925;0,48
6180;0,249559026;0,706851948;0,143037857;0,318272637;0,2541775;0,7838525;0,14380775;0,32550975;0,00057294;0,325845;0,16031;0,40563;0,1791425;0,48
6181;0,21927975;0,664733053;0,061477164;0,232995118;0,22319;0,7364675;0,06136975;0,237525;0,000545875;0,298665;0,13575525;0,4062275;0,1449725;0,48
6182;0,179484474;0,576994184;0,084659894;0,195935211;0,1819675;0,634095;0,08402425;0,1991125;0,000455133;0,12307775;0,019262453;0,170314;0,0284993;0,48
6183;0,121928807;0,442744421;0,043515474;0,145692079;0,1230655;0,47994;0,043159;0,1474075;0,000320643;0,03255925;0,000426225;0,03623325;0,001219673;0,48
6184;0,078499777;0,28196929;0,037751937;0,083192282;0,07867225;0,30066;0,0371905;0,08362175;0,000149878;0,09263875;0,015098475;0,1234265;0,026292;0,48
6185;0,028543738;0,10149806;0,016228512;0,030948527;0,0284165;0,1064155;0,01591085;0,03085485;0;0,08459;0,012131;0,1087425;0,02452475;0,48
6186;0,000667825;0,002372764;0,000831092;0,000490924;0,000656362;0,00244355;0,000801163;0,000483128;0;0,05398925;0,005256805;0,04451375;0,012131;0,48
6187;0;0;0;0;0;0;0;0;0;0,038689;0,00098361;0,013754;0,005814303;0,48
6188;0;0;0;0;0;0;0;0;0;0,07005475;0,0108305;0,03337725;0,012131;0,48
6189;0;0;0;0;0;0;0;0;0;0,07387975;0,01168525;0,03027875;0,012131;0,48
6190;0;0;0;0;0;0;0;0;0;0,0227835;0,001243708;0,003844902;0,004550927;0,48
6191;0;0;0;0;0;0;0;0;0;0,068495;0,01525675;0,0231935;0,027586;0,48
6192;0;0;0;0;0;0;0;0;0;0,0624045;0,0100874;0,038689;0,01835725;0,48
6193;0;0;0;0;0;0;0;0;0;0,0930435;0,02186875;0,07387975;0,0547245;0,48
6194;0;0;0;0;0;0;0;0;0;0,0585795;0,012131;0,04451375;0,021426;0,48
6195;0;0;0;0;0;0;0;0;0;0,04565475;0,0150235;0,0222295;0,0197375;0,48
6196;0;0;0;0;0;0;0;0;0;0,27999;0,23868;0,3041675;0,3692975;0,48
6197;0;0;0;0;0;0;0;0;0;0,703385;0,9121825;0,872375;0,9616375;0,48
6198;0,004842252;0,012636559;0,033217101;0,031969329;0,0044298;0,012182225;0,033121325;0,031903225;0;0,7259;0,74389;0,8392075;0,9483175;0,48
6199;0,015209949;0,058805365;0,188153858;0,133996693;0,014644;0,05811325;0,1947995;0,13599025;1,52E-05;0,5567575;0,45754;0,635935;0,6783;0,48
6200;0,042855951;0,112113505;0,391774105;0,254531329;0,0423025;0,11199525;0,4126625;0,2611375;0,000215287;0,40013;0,3105475;0,38445;0,3698475;0,48
6201;0,0791841;0,158415395;0,541964132;0,341636921;0,078842;0,1591375;0,57988;0,35304;0,000391809;0,53679;0,6141875;0,569835;0,5147575;0,48
6202;0,116975527;0,184408619;0,639693356;0,414427579;0,117127;0,1859175;0,6942475;0,4313975;0,000524996;0,7658325;0,9895125;0,8697325;0,85592;0,48
6203;0,144401447;0,231189197;0,684542803;0,384389092;0,145205;0,2340375;0,75123;0,40123;0,000598926;0,76721;0,99545;0,7712425;0,6788575;0,48
6204;0,15034654;0,234235184;0,695385553;0,347813171;0,1514575;0,2376975;0,7674575;0,36139;0,000619117;0,77585;0,9973775;0,77585;0,645625;0,48
6205;0,134454434;0,210206803;0,642912711;0,327574816;0,13539;0,2131125;0,70907;0,3391125;0,000577663;0,960845;1;0,9741075;0,9853625;0,48
6206;0,132268066;0,189376106;0,559300974;0,260416224;0,1330125;0,1916275;0,612275;0,2680425;0,000478382;0,9988625;1;1;1;0,48
6207;0,090615099;0,152352316;0,433775013;0,235064945;0,09089675;0,15372;0,4684925;0,24087275;0,000327622;0,9170675;0,9985575;0,94093;0,8939875;0,48
6208;0,051719653;0,097357445;0,274988803;0,108284712;0,05156675;0,09791075;0,2923375;0,11003875;0,000145432;0,3710825;0,4604275;0,305825;0,2163715;0,48
6209;0,019481193;0,030567261;0,098006854;0,0272121;0,019264775;0,03043475;0,10264975;0,027338;0;0,16328;0,10029025;0,09425;0,037426;0,48
6210;0,000769339;0,000600409;0,001740489;0,000391379;0,000747998;0,000589797;0,001786893;0,000383875;0;0,263265;0,1548125;0,18232;0,10445475;0,48
6211;0;0;0;0;0;0;0;0;0;0,6422925;0,6126225;0,60085;0,4788425;0,48
6212;0;0;0;0;0;0;0;0;0;0,7224575;0,631815;0,711015;0,55044;0,48
6213;0;0;0;0;0;0;0;0;0;0,3871575;0,2014975;0,3281825;0,2655925;0,48
6214;0;0;0;0;0;0;0;0;0;0,50659;0,2583225;0,4075725;0,31951;0,48
6215;0;0;0;0;0;0;0;0;0;0,40013;0,166985;0,2935175;0,25902;0,48
6216;0;0;0;0;0;0;0;0;0;0,53679;0,384665;0,460525;0,36106;0,48
6217;0;0;0;0;0;0;0;0;0;0,75321;0,77705;0,719015;0,6568625;0,48
6218;0;0;0;0;0;0;0;0;0;0,39262;0,2829425;0,311535;0,2886475;0,48
6219;0;0;0;0;0;0;0;0;0;0,08715925;0,016515353;0,0349125;0,0239526;0,48
6220;0;0;0;0;0;0;0;0;0;0,0897495;0,007177128;0,03337725;0,01481625;0,48
6221;0;0;0;0;0;0;0;0;0;0,1565675;0,057517;0,07923475;0,06390475;0,48
6222;0,011087825;0,012554354;0;0,050014382;0,0106483;0,0120841;0;0,050526075;0;0,1526225;0,0689945;0,079949;0,0721725;0,48
6223;0,064875908;0,06143912;0,011765022;0,181504698;0,06439975;0,0607245;0,0113498;0,1870275;0;0,05326425;0,006508105;0,021477;0,008133253;0,48
6224;0,198896198;0,123534632;0,023235221;0,465236566;0,2011385;0,12353825;0,02261875;0,4912225;0,00017106;0,038689;0,00098361;0,012131;0,004885203;0,48
6225;0,106141445;0,171003868;0,030107353;0,516630671;0,107333;0,17193;0,02949525;0,55158;0,000313149;0,02850825;0,001330433;0,01295725;0,002655755;0,48
6226;0,120743882;0,22757254;0,035940959;0,369127855;0,1210915;0,229985;0,03531175;0,39021;0,000431721;0,07081975;0,0294895;0,06081325;0,0280655;0,48
6227;0,158232395;0,237252277;0,040736763;0,226000184;0,1591575;0,2405575;0,04010925;0,2326175;0,000502249;0,083519;0,0307215;0,044809;0,03600375;0,48
6228;0,2125545;0,221230145;0,041631055;0,240840039;0,214895;0,224205;0,0410225;0,24513;0,000516094;0,0338855;0,003956355;0,01699975;0,007330053;0,48
6229;0,250931527;0,216616619;0,470964947;0,072941874;0,2553075;0,219255;0,4907825;0,07400825;0,000477286;0,012308;0,00098361;0,004885253;0,00098361;0,48
6230;0,306614092;0,195008171;0,404519092;0,030224376;0,315105;0,1972275;0,4240875;0,02993625;0,00039857;0,03674125;0,0091585;0,02939375;0,0108305;0,48
6231;0,142607807;0,143951171;0,296958434;0,020027424;0,146487;0,1452325;0,3094275;0,01964475;0,000263337;0,02983625;0,006185753;0,01832475;0,008601025;0,48
6232;0,099101724;0,084927651;0,178422592;0,016952012;0,0997545;0,0851365;0,18384;0,016524875;9,63E-05;0,003398905;0,00018032;0,000766108;0,000311475;0,48
6233;0,024845549;0,030814311;0,065372898;0,003426844;0,02494325;0,03061725;0,06651575;0,00333175;0;0,00098361;0;0,000953008;0,000344262;0,48
6234;0,000946403;0,000500957;0,000780254;0;0,00092515;0,000491725;0,000786975;0;0;0,00098361;0;0,0002765;0;0,48
6235;0;0;0;0;0;0;0;0;0;0,003584805;0,000491803;0,002439355;0,000997803;0,48
6236;0;0;0;0;0;0;0;0;0;0,028951;0,01525675;0,02865575;0,01168525;0,48
6237;0;0;0;0;0;0;0;0;0;0,0187705;0,006928927;0,013754;0,012131;0,48
6238;0;0;0;0;0;0;0;0;0;0,01970675;0,01575025;0,01699975;0,01443275;0,48
6239;0;0;0;0;0;0;0;0;0;0,1185945;0,125839;0,11876575;0,11714725;0,48
6240;0;0;0;0;0;0;0;0;0;0,15705;0,15705;0,09425;0,148595;0,48
6241;0;0;0;0;0;0;0;0;0;0,127047;0,129462;0,04286125;0,074967;0,48
6242;0;0;0;0;0;0;0;0;0;0,010291453;0,007444545;0,00395302;0,00539881;0,48
6243;0;0;0;0;0;0;0;0;0;0,00098361;0,000540985;0,00098361;0,000868855;0,48
6244;0;0;0;0;0;0;0;0;0;0,00098361;0,000786888;0,000459025;0,00098361;0,48
6245;0;0;0;0;0;0;0;0;0;0,00098361;0;0;0,000131148;0,48
6246;0,022642952;0,011552935;0,008111668;0,046087442;0,022482175;0,0110905;0,0076574;0,0463679;0;0,000590173;0;0;0;0,48
6247;0,11583587;0,152490048;0,106439783;0,159323412;0,1178645;0,156162;0,1074395;0,16378875;0;0,00098361;0;0;0;0,48
6248;0,344738289;0,312315987;0,204232816;0,359826158;0,3589975;0,3258175;0,207665;0,3773;0;0,0002459;0;0;0;0,48
6249;0,326096368;0,444119329;0,294449408;0,373775092;0,34074;0,4698625;0,30053225;0,392835;2,64E-05;0;0;0;0;0,48
6250;0,573639987;0,539060211;0,366077053;0,263820987;0,609495;0,57793;0,37530325;0,2736075;3,74E-05;0,000622952;0;0,000622952;0,000131148;0,48
6251;0,411497171;0,57508954;0,334964644;0,282999869;0,43896;0,62154;0,3448525;0,2907725;7,74E-05;0,00098361;0,000622952;0,005256878;0,00098361;0,48
6252;0,223108303;0,566596895;0,398094829;0,040713406;0,23155;0,6147375;0,4113;0,04171475;8,24E-05;0,00098361;0,000131148;0,00098361;0,000786888;0,48
6253;0,174617155;0,534160145;0,365354684;0,149928529;0,17719875;0,578445;0,3789825;0,1508495;7,13E-05;0,000737707;2,30E-05;0,001664857;7,21E-05;0,48
6254;0,032005496;0,432742026;0,246780316;0,211100132;0,032128;0,46469;0,25399;0,214425;4,25E-05;0,00098361;0,003545383;0,02794175;0,00580762;0,48
6255;0,019991209;0,328051579;0,190675405;0,311095184;0,019624575;0,3473625;0,19413625;0,3218475;7,88E-06;0,00098033;0,000884155;0,0294895;0,002453563;0,48
6256;0,010617058;0,201521526;0,085809182;0,08867867;0,010285175;0,2107775;0,08637625;0,09174175;0;8,52E-05;1,09E-06;0,00067467;4,92E-05;0,48
6257;0,00259534;0,067092447;0,030646481;0,02593724;0,00246466;0,0694068;0,03041475;0,025875625;0;0;0;0;0;0,48
6258;0;0,000448367;0,000433297;0,000211794;0;0,000454545;0,00042455;0,000207615;0;0;0;0;0;0,48
6259;0;0;0;0;0;0;0;0;0;9,95E-05;6,01E-05;9,95E-05;6,01E-05;0,48
6260;0;0;0;0;0;0;0;0;0;0,004512583;0,007661273;0,007113708;0,007661273;0,48
6261;0;0;0;0;0;0;0;0;0;0,003584805;0,013754;0,004327878;0,012131;0,48
6262;0;0;0;0;0;0;0;0;0;0,028951;0,06409825;0,0174425;0,0342625;0,48
6263;0;0;0;0;0;0;0;0;0;0,0187705;0,0331205;0,01178425;0,02629525;0,48
6264;0;0;0;0;0;0;0;0;0;0,012131;0,012131;0,001330433;0,012131;0,48
6265;0;0;0;0;0;0;0;0;0;0,015672;0,01832775;0,007941053;0,01481625;0,48
6266;0;0;0;0;0;0;0;0;0;0,05169425;0,10623725;0,06709325;0,07477275;0,48
6267;0;0;0;0;0;0;0;0;0;0,1723875;0,37985;0,20561;0,2687675;0,48
6268;0;0;0;0;0;0;0;0;0;0,10270425;0,14685175;0,05930225;0,1210505;0,48
6269;0;0;0;0;0;0;0;0;0;0,05322425;0,08459;0,038689;0,08459;0,48
6270;0,015687579;0,014414067;0,003878444;0,021547672;0,015242925;0,013937725;0,003471915;0,021248175;0;0,0930435;0,1135735;0,038689;0,09787475;0,48
6271;0,143911923;0,165381675;0,073690007;0,213059917;0,14652675;0,1691305;0,073306175;0,2205735;2,97E-05;0,05169425;0,0433225;0,0223115;0,052929;0,48
6272;0,456510355;0,328956948;0,110506236;0,438073106;0,47806;0,3437825;0,11028575;0,464565;0,000201388;0,03027875;0,00990165;0,0108305;0,01293655;0,48
6273;0,221873053;0,458236816;0,14073615;0,602438408;0,23281;0,4861575;0,1408405;0,646775;0,000414278;0,00413115;0,00034426;0,000737705;0,0006317;0,48
6274;0,127921816;0,582404724;0,119898711;0,1189134;0,130535;0,6258125;0,119975;0,12648625;0,000472794;6,01E-05;0;0;0;0,48
6275;0,110430146;0,650119539;0,178028179;0,26353204;0,11085525;0,7076675;0,17860675;0,26794475;0,000213207;0;0;0;0;0,48
6276;0,303599408;0,619238289;0,207948197;0,123226421;0,309835;0,6769175;0,2095425;0,1251825;0;0;0;0,00018032;0;0,48
6277;0,167281263;0,529301013;0,404661158;0,140361241;0,1707025;0,574025;0,417315;0,14115275;0;0,002726775;0,002442618;0,013564553;0,002349725;0,48
6278;0,227141526;0,472645658;0,349241053;0,313955763;0,2307025;0,50836;0,362525;0,321485;0;0,05524025;0,09334925;0,1829975;0,07311425;0,48
6279;0,107924973;0,368352513;0,266382987;0,389997079;0,10951375;0,3920675;0,273765;0,4082725;0;0,05781425;0,09425;0,2097325;0,0809255;0,48
6280;0,050718691;0,20796746;0,222007895;0,291711632;0,05062825;0,218665;0,2294025;0,307955;0;0,19788;0,319895;0,3944275;0,2187325;0,48
6281;0,060254195;0,072237853;0,096239941;0,08200543;0,06011525;0,074905075;0,0994735;0,085944;0;0,1961375;0,2806675;0,3665575;0,24871;0,48
6282;0,002575342;0,000766524;0,004043234;0,000993329;0,002589243;0,000777645;0,00412435;0,0010213;0;0,1128475;0,1492775;0,2078075;0,13421775;0,48
6283;0;0;0;0;0;0;0;0;0;0,1565675;0,225595;0,2517675;0,21925;0,48
6284;0;0;0;0;0;0;0;0;0;0,13665725;0,1381765;0,129427;0,129427;0,48
6285;0;0;0;0;0;0;0;0;0;0,016475303;0,009409827;0,011362678;0,010034728;0,48
6286;0;0;0;0;0;0;0;0;0;0,00098361;0,000868855;0,00098361;0,00098361;0,48
6287;0;0;0;0;0;0;0;0;0;0,010728903;0,006641605;0,00644383;0,006508105;0,48
6288;0;0;0;0;0;0;0;0;0;0,108712;0,15009325;0,17350625;0,11496725;0,48
6289;0;0;0;0;0;0;0;0;0;0,08628075;0,1099525;0,179645;0,09425;0,48
6290;0;0;0;0;0;0;0;0;0;0,081224;0,05016425;0,06256525;0,05628425;0,48
6291;0;0;0;0;0;0;0;0;0;0,038995;0,01788525;0,038689;0,019213;0,48
6292;0;0;0;0;0;0;0;0;0;0,01959675;0,012131;0,042667;0,012131;0,48
6293;0;0;0;0;0;0;0;0;0;0,035915;0,01877025;0,083366;0,012131;0,48
6294;0,03921365;0;0,009586385;0,040077241;0,038764975;0;0,009101615;0,0406495;0;0,0110075;0,003956355;0,0338855;0,007114803;0,48
6295;0,20831179;0,022226169;0,158906846;0,218136;0,2143925;0,021766925;0,16252175;0,22777;8,38E-06;0,00098361;0,00098361;0,012131;0,00098361;0,48
6296;0,415145132;0,049906508;0,309898461;0,429122961;0,436385;0,04925275;0,321985;0,4556275;0,000217896;0,00302733;0,00042623;0,004327878;0,00098361;0,48
6297;0,186135079;0,070158107;0,433189895;0,602431184;0,1948575;0,069607;0,4554375;0,6502;0,000396732;0,02363925;0,007929178;0,024082;0,01114965;0,48
6298;0,424234934;0,088048283;0,507461408;0,701407698;0,4418725;0,08762675;0,539165;0,7687275;0,000529545;0,052164;0,03336475;0,03337725;0,03497075;0,48
6299;0,835712842;0,098835892;0,554586316;0,743584382;0,9088975;0,098605;0,59368;0,82407;0,000608901;0,006849203;0,00152059;0,001945373;0,0028907;0,48
6300;0,705910461;0,098801941;0,56365204;0,735977842;0,78131;0,0986815;0,6059225;0,8195375;0,000624809;3,06E-05;0;0;0;0,48
6301;0,24934954;0,09314387;0,515224461;0,685019566;0,269015;0,0930085;0,5534325;0,7613975;0,000580806;0;0;0;0;0,48
6302;0,207083763;0,080762475;0,437926224;0,589274448;0,21155;0,080494;0,467185;0,6492275;0,000474782;0,000131148;0;0;0;0,48
6303;0,136050869;0,063206755;0,342279829;0,44669096;0,1379;0,06281425;0,361845;0,4849925;0,000320192;0,000953007;0;0;0;0,48
6304;0,016444573;0,042457926;0,202159618;0,266000132;0,016580125;0,04205;0,2112325;0,283995;0,000135482;3,06E-05;0;0;0;0,48
6305;0,002487331;0,012614431;0,067066321;0,074708064;0,00236819;0,012388125;0,069197875;0,078453;0;0;0;0;0;0,48
6306;0;0,000197922;0,000314182;0,000210744;0;0,000187838;0,00031755;0,00021632;0;0;0;0;0;0,48
6307;0;0;0;0;0;0;0;0;0;0;0;0;0;0,48
6308;0;0;0;0;0;0;0;0;0;0,000672133;0;0,00042623;0;0,48
6309;0;0;0;0;0;0;0;0;0;0,00014754;9,95E-05;0,000213123;0,000131148;0,48
6310;0;0;0;0;0;0;0;0;0;0,007672203;0,02003735;0,02543725;0,0174973;0,48
6311;0;0;0;0;0;0;0;0;0;0,03337725;0,07923475;0,07923475;0,0654645;0,48
6312;0;0;0;0;0;0;0;0;0;0,01858475;0,05274325;0,05266125;0,0707585;0,48
6313;0;0;0;0;0;0;0;0;0;0,00134426;0,001945373;0,005327855;0,005897255;0,48
6314;0;0;0;0;0;0;0;0;0;0,00098361;0,000344262;0,00098361;0,000868855;0,48
6315;0;0;0;0;0;0;0;0;0;0,000786888;0;0,00037705;0;0,48
6316;0;0;0;0;0;0;0;0;0;0;0;0;0;0,48
6317;0;0;0;0;0;0;0;0;0;0;0;0;0;0,48
6318;0;0;0,011214291;0,026106973;0;0;0,0107241;0,026040625;0;0;0;0;0;0,48
6319;0,032450668;0,003771119;0,193155296;0,142484763;0,032096075;0,003411252;0,19800525;0,14621;3,29E-05;0,000327868;0,000299445;0,002726775;0,002224053;0,48
6320;0,104851295;0,083429459;0,388935197;0,265966421;0,104856;0,0828255;0,408545;0,2761075;0,000145427;0,015470025;0,036400175;0,0360275;0,04449175;0,48
6321;0,112532961;0,10798204;0,546401882;0,4579575;0,1129645;0,1078625;0,585355;0,484005;0,000224775;0,0639345;0,12565;0,084437;0,1002895;0,48
6322;0,157892882;0,036433614;0,645799777;0,557675645;0,1588925;0,0362685;0,701675;0,599865;0,000366534;0,08459;0,15705;0,08459;0,08459;0,48
6323;0,167156053;0,106302774;0,693184737;0,555990118;0,1686875;0,1059005;0,7613475;0,601065;0,000457437;0,09545975;0,1949375;0,07923475;0,07846975;0,48
6324;0,120126016;0,397817921;0,696615987;0,622031447;0,12104775;0,41067925;0,76928;0,675405;9,58E-05;0,03969975;0,04066875;0,017311475;0,012983703;0,48
6325;0,083893942;0,359440895;0,654169619;0,563974697;0,08397725;0,373465;0,722;0,6142375;7,87E-05;0,012131;0,009344225;0,00098361;0,00098361;0,48
6326;0,111815408;0,177755606;0,561807592;0,434930803;0,11196;0,1830175;0,6152225;0,4680725;0;0,03735525;0,02960825;0,007383628;0,00469958;0,48
6327;0,167784514;0,228959246;0,435166776;0,308624684;0,1695025;0,23276425;0,4698175;0,327535;0;0,1267045;0,1888845;0,06081325;0,057776;0,48
6328;0,101042246;0,158217947;0,259142448;0,182307971;0,10247375;0,1622725;0,275345;0,19099275;0;0,13772825;0,1961375;0,044809;0,05628425;0,48
6329;0,068919245;0,025301267;0,0798514;0,045607718;0,06974125;0,02583455;0,083575925;0,047237175;0;0,08459;0,09545775;0,038689;0,0351475;0,48
6330;0,001269322;0,000191832;0,000344474;0,000100619;0,00128395;0,0001873;0,0003526;0,000101403;0;0,14282575;0,2262725;0,11973625;0,12132125;0,48
6331;0;0;0;0;0;0;0;0;0;0,2622875;0,56621;0,35001;0,4023875;0,48
6332;0;0;0;0;0;0;0;0;0;0,09815925;0,1505675;0,15336525;0,1385595;0,48
6333;0;0;0;0;0;0;0;0;0;0,2180075;0,4298225;0,3540975;0,4055875;0,48
6334;0;0;0;0;0;0;0;0;0;0,175745;0,28578;0,2903825;0,3105475;0,48
6335;0;0;0;0;0;0;0;0;0;0,2386225;0,294865;0,25902;0,35565;0,48
6336;0;0;0;0;0;0;0;0;0;0,25902;0,25902;0,25902;0,2632;0,48
6337;0;0;0;0;0;0;0;0;0;0,2747025;0,27727;0,27261;0,2310725;0,48
6338;0;0;0;0;0;0;0;0;0;0,601475;0,8967225;0,6593575;0,770825;0,48
6339;0;0;0;0;0;0;0;0;0;0,69213;0,981215;0,7431125;0,8813;0,48
6340;0;0;0;0;0;0;0;0;0;0,3211475;0,3903675;0,345485;0,3557925;0,48
6341;0;0;0;0;0;0;0;0;0;0,364165;0,405375;0,39214;0,362075;0,48
6342;0,0114375;0;0;0;0,010988325;0;0;0;0;0,1935675;0,13492575;0,1694375;0,135713;0,48
6343;0,108711632;0,023215717;0,030044507;0,026606996;0,110291;0,02276175;0,02954485;0,026273;0;0,2464425;0,187095;0,21823;0,1928275;0,48
6344;0,101453274;0,075405632;0,082026379;0,207877405;0,10250725;0,07471475;0,08127675;0,21198;0;0,114883;0,04219575;0,077662;0,0470295;0,48
6345;0,288993119;0,097267871;0,108456395;0,266482915;0,295505;0,0969975;0,10807625;0,27298625;0;0,02547725;0,001243708;0,015672;0,004513705;0,48
6346;0,216698487;0,099584025;0,136043645;0,156549276;0,222045;0,0994515;0,1360125;0,159035;0;0,012131;0,00098361;0,012131;0,00098361;0,48
6347;0,360654474;0,175932829;0,13418475;0,333365803;0,3709625;0,17687;0,13432;0,341325;0;0,02009825;0,000944265;0,00990165;0,00098361;0,48
6348;0,199674671;0,213527289;0,113958434;0,104492518;0,20583;0,21569;0,11392375;0,107096;0;0,00284153;2,30E-05;0,00034426;0,00018032;0,48
6349;0,214401355;0,226173552;0,123327552;0,34752904;0,217705;0,2292325;0,123215;0,3583425;0;0,00098361;0;7,21E-05;6,55E-06;0,48
6350;0,302722934;0,211832132;0,104043928;0,227271553;0,30996;0,2149975;0,10390275;0,2347965;0;0,008778025;0,00116721;0,00580762;0,004441573;0,48
6351;0,216649125;0,257093088;0,094387548;0,112018394;0,22232;0,26315575;0,094128;0,1134585;0;0,03674125;0,0207235;0,03160675;0,02939375;0,48
6352;0,185359737;0,157271645;0,048821511;0,037922898;0,190255;0,16165;0,048534;0,037913;0;0,038689;0,012131;0,038689;0,02452475;0,48
6353;0,084293653;0,035271324;0,015581752;0,00351897;0,08667375;0,0360345;0,0153212;0,003474375;0;0,04565475;0,02803025;0,0333405;0,02433725;0,48
6354;0,001093232;0,000508668;0,0001021;0;0,001114175;0,000504775;9,81E-05;0;0;0,2540875;0,5277;0,3264775;0,38784;0,48
6355;0;0;0;0;0;0;0;0;0;0,25902;0,5277925;0,3329525;0,372295;0,48
6356;0;0;0;0;0;0;0;0;0;0,16729;0,18837325;0,152798;0,154989;0,48
6357;0;0;0;0;0;0;0;0;0;0,06928975;0,03772675;0,04939925;0,04171025;0,48
6358;0;0;0;0;0;0;0;0;0;0,115988;0,06852475;0,08551475;0,0654645;0,48
6359;0;0;0;0;0;0;0;0;0;0,15705;0,13893425;0,1568075;0,148595;0,48
6360;0;0;0;0;0;0;0;0;0;0,15705;0,15705;0,13893425;0,15705;0,48
6361;0;0;0;0;0;0;0;0;0;0,15705;0,1232355;0,08459;0,13893425;0,48
6362;0;0;0;0;0;0;0;0;0;0,15739;0,10040275;0,1042535;0,095458;0,48
6363;0;0;0;0;0;0;0;0;0;0,2607025;0,3013425;0,2663525;0,264035;0,48
6364;0;0;0;0;0;0;0;0;0;0,12588275;0,091902;0,066395;0,0911405;0,48
6365;0;0;0;0;0;0;0;0;0;0,081224;0,0209835;0,012131;0,02629525;0,48
6366;0,001588214;0,004574364;0;0;0;0,004110753;0;0;0;0,042973;0,01481625;0,01295725;0,015672;0,48
6367;0,079825563;0,185475316;0,059909698;0,020622993;0,079110025;0,19081025;0,05942925;0,020222925;0;0,142002;0,11704775;0,07643825;0,11951375;0,48
6368;0,279693829;0,390054868;0,131870763;0,029684647;0,2882925;0,4103125;0,1319275;0,02918015;0;0,39776;0,70969;0,365245;0,4885425;0,48
6369;0,314353066;0,503786961;0,182193355;0,02813625;0,32596;0,5387775;0,18354;0,02771375;0;0,39344;0,6191825;0,39344;0,48541;0,48
6370;0,415082526;0,563938579;0,312999829;0,050946718;0,4321875;0,6095775;0,319755;0,05042575;0;0,39344;0,415735;0,47705;0,39344;0,48
6371;0,190507816;0,579948671;0,258940184;0,061302111;0,1973825;0,6289075;0,2654775;0,060943;0;0,3531125;0,3486325;0,5077075;0,2728625;0,48
6372;0,308196079;0,442513263;0,331634526;0,043534014;0,3164275;0,47406;0,3405825;0,043186;0;0,24372;0,164605;0,3217475;0,1389015;0,48
6373;0,115975046;0,393664302;0,246262618;0,557567289;0,11877375;0,4135825;0,2524975;0,594775;0;0,3195075;0,30313;0,558685;0,24975;0,48
6374;0,072604046;0,355113908;0,282166737;0,458410184;0,07276775;0,372035;0,288775;0,4916675;0;0,4380325;0,54115;0,876645;0,39344;0,48
6375;0,02048254;0,232217368;0,242792842;0,339804513;0,020214775;0,2416075;0,25011;0,3612825;0;0,39344;0,45754;0,81041;0,39344;0,48
6376;0,089466774;0,171514101;0,052213753;0,201440621;0,089812;0,17638;0,0535575;0,21226125;0;0,4324575;0,499345;0,7568825;0,3912;0,48
6377;0,056971271;0,026544391;0,012899815;0,047208462;0,05753975;0,02718525;0,01266015;0,049035;0;0,27323;0,2263475;0,40661;0,1980525;0,48
6378;0,000462388;9,12E-05;7,17E-05;3,23E-05;0,00046675;8,96E-05;6,79E-05;3,28E-05;0;0,07355725;0,018550325;0,0705645;0,0231725;0,48
6379;0;0;0;0;0;0;0;0;0;0,1935875;0,10148425;0,155834;0,1052065;0,48
6380;0;0;0;0;0;0;0;0;0;0,4229525;0,4734925;0,388855;0,35198;0,48
6381;0;0;0;0;0;0;0;0;0;0,39344;0,45754;0,3329525;0,39344;0,48
6382;0;0;0;0;0;0;0;0;0;0,39344;0,39344;0,25902;0,2769425;0,48
6383;0;0;0;0;0;0;0;0;0;0,3962275;0,3986425;0,27918;0,4056275;0,48
6384;0;0;0;0;0;0;0;0;0;0,5522975;0,6813225;0,5380325;0,81953;0,48
6385;0;0;0;0;0;0;0;0;0;0,7431125;0,9277125;0,76721;0,9828875;0,48
6386;0;0;0;0;0;0;0;0;0;0,69836;0,6660325;0,625345;0,6418925;0,48
6387;0;0;0;0;0;0;0;0;0;0,42131;0,2962575;0,316035;0,3200525;0,48
6388;0;0;0;0;0;0;0;0;0;0,5216425;0,5045725;0,50057;0,7544825;0,48
6389;0;0;0;0;0;0;0;0;0;0,42967;0,415735;0,359805;0,622625;0,48
6390;0;0,009733197;0;0,007559634;0;0,009214703;0;0,007121875;0;0,4296725;0,34546;0,3598325;0,520745;0,48
6391;0,002960006;0,163329426;0,092961592;0,157766949;0,002616753;0,16728;0,0942105;0,16245175;0;0,268445;0,11416925;0,1832225;0,204295;0,48
6392;0,012195578;0,343912382;0,196838171;0,265135697;0,011636875;0,3610775;0,2000525;0,275105;0;0,3566975;0,20238;0,2515425;0,236245;0,48
6393;0,022752679;0,497304908;0,336134882;0,278343482;0,022234;0,5329075;0,3452025;0,2875965;4,12E-05;0,2614;0,107724;0,1995375;0,11918825;0,48
6394;0,030784694;0,565067882;0,344511947;0,653895118;0,03031175;0,6109975;0,3555275;0,6992425;0,000133245;0,1420305;0,02327525;0,08200975;0,0228185;0,48
6395;0,035086398;0,470651921;0,44776729;0,426014368;0,0346455;0,50639;0,4673525;0,458415;7,37E-05;0,04344275;0,001320595;0,0173848;0,001361013;0,48
6396;0,036368361;0,407543408;0,509363645;0,573175263;0,035944;0,4316625;0,5390825;0,6156375;9,38E-05;0,18866075;0,0967005;0,16238325;0,0423745;0,48
6397;0,428740105;0,45417229;0,473334316;0,554863224;0,4481425;0,4806925;0,504495;0,6018225;7,97E-05;0,394665;0,261025;0,3015875;0,11840525;0,48
6398;0,359715395;0,35086879;0,454687579;0,339017132;0,378445;0,3714225;0,48523;0,36308;5,19E-05;0,649975;0,590585;0,569835;0,2372025;0,48
6399;0,269002777;0,255362053;0,354863487;0,247437671;0,2817325;0,266995;0,3782;0,258305;0;0,8248075;0,96061;0,887595;0,4570925;0,48
6400;0,154389635;0,162838938;0,197177684;0,053208213;0,1602315;0,16916175;0,20775;0,05499175;0;0,99055;1;0,999125;0,9146525;0,48
6401;0,040658989;0,037246279;0,072153529;0,007282054;0,041724;0,03837805;0,07464725;0,007223305;0;1;1;1;0,9962375;0,48
6402;5,48E-05;6,40E-05;0,000352155;0;5,53E-05;6,37E-05;0,0003582;0;0;1;1;1;1;0,48
6403;0;0;0;0;0;0;0;0;0;1;0,33999825;1;1;0,48
6404;0;0;0;0;0;0;0;0;0;1;0,96;1;1;0,48
6405;0;0;0;0;0;0;0;0;0;1;1;1;1;0,48
6406;0;0;0;0;0;0;0;0;0;0,9764275;0,9827;0,971105;0,9848375;0,48
6407;0;0;0;0;0;0;0;0;0;0,5084575;0,28377;0,411315;0,385495;0,48
6408;0;0;0;0;0;0;0;0;0;0,39344;0,079949;0,1825425;0,1147815;0,48
6409;0;0;0;0;0;0;0;0;0;0,2758075;0,02457575;0,09425;0,04863425;0,48
6410;0;0;0;0;0;0;0;0;0;0,16328;0,01443275;0,08459;0,03249175;0,48
6411;0;0;0;0;0;0;0;0;0;0,1973525;0,03505925;0,09081875;0,05036625;0,48
6412;0;0;0;0;0;0;0;0;0;0,063127;0,001945373;0,011362678;0,00414196;0,48
6413;0;0;0;0;0;0;0;0;0;0,038689;0;0,00098361;0;0,48
6414;0,004908132;0,004881436;0;0;0,00442992;0,00446155;0;0;0;0,038689;0;0,00098361;0,000508198;0,48
6415;0,171729849;0,153685086;0,131934091;0,082393824;0,17696125;0,1573755;0,13543375;0,08335275;0;0,0223115;0;0,00098361;0;0,48
6416;0,360584645;0,302850553;0,296893421;0,120534636;0,379645;0,3169025;0,30906;0,12168675;0;0,005256805;0;0,000131148;0;0,48
6417;0,528612355;0,428525803;0,42274204;0,107709225;0,567705;0,45462;0,445985;0,108313;4,79E-06;0,00302733;7,21E-05;0,000943177;0,000213123;0,48
6418;0,625166526;0,61695079;0,550203948;0,404473342;0,68055;0,666245;0,5896475;0,4202375;3,56E-05;0,01522925;0,002649195;0,0144118;0,0077837;0,48
6419;0,686637671;0,591988145;0,586731711;0,410757948;0,755445;0,6456275;0,6362675;0,4311275;5,02E-05;0,004885355;0,000540985;0,004513705;0,001046985;0,48
6420;0,672380526;0,611297052;0,604335829;0,496996697;0,7440875;0,668035;0,6584475;0,5245425;7,42E-05;0,00062295;0;0,000590173;0;0,48
6421;0,644001079;0,409318026;0,497179697;0,373893079;0,7118775;0,4416775;0,5389775;0,3950325;2,89E-05;0,00098361;0;0,00098361;0;0,48
6422;0,5578755;0,355024816;0,475340092;0,381998052;0,61187;0,3739425;0,5108075;0,40097;7,42E-05;0,00037705;0;0,000721313;0;0,48
6423;0,400343803;0,222284803;0,377295434;0,353137026;0,4332875;0,23086;0,4032825;0,3717925;0;0;0;0;0;0,48
6424;0,224466356;0,096515163;0,191824934;0,044036542;0,2391975;0,09882975;0,202275;0,04585975;0;0;0;0;0;0,48
6425;0,057384225;0,024043503;0,053194825;0,048560832;0,06019275;0,024120225;0,0552827;0,048531675;0;6,55E-06;0;7,21E-05;2,30E-05;0,48
6426;4,41E-05;2,83E-05;4,27E-05;0;4,50E-05;2,75E-05;4,34E-05;0;0;0,000911478;0,000868855;0,002649195;0,002430608;0,48
6427;0;0;0;0;0;0;0;0;0;0,00098361;0,000508198;0,000786885;0,00054098;0,48
6428;0;0;0;0;0;0;0;0;0;0,006480753;0,00552558;0,003584805;0,00469958;0,48
6429;0;0;0;0;0;0;0;0;0;0,0592515;0,06753675;0,040585;0,057776;0,48
6430;0;0;0;0;0;0;0;0;0;0,14803825;0,21624;0,12750775;0,1816675;0,48
6431;0;0;0;0;0;0;0;0;0;0,3409;0,8063175;0,35688;0,489405;0,48
6432;0;0;0;0;0;0;0;0;0;0,2536575;0,3618625;0,1956575;0,224415;0,48
6433;0;0;0;0;0;0;0;0;0;0,3575925;0,5665375;0,29411;0,402145;0,48
6434;0;0;0;0;0;0;0;0;0;0,39344;0,8939225;0,5216425;0,6122975;0,48
6435;0;0;0;0;0;0;0;0;0;0,48541;0,971025;0,719015;0,76721;0,48
6436;0;0;0;0;0;0;0;0;0;0,6639625;0,89867;0,5882;0,7489;0,48
6437;0;0;0;0;0;0;0;0;0;0,93697;0,9910325;0,8914925;0,9529575;0,48
6438;0;0,003579884;0,004401532;0;0;0,003138975;0,003953248;0;0;0,3380775;0,246908;0,22298275;0,21486625;0,48
6439;0,196674193;0,171570928;0,10854043;0,002575645;0,2035865;0,17626975;0,1101905;0,002201498;0;0,15705;0,02328525;0,038995;0,03381975;0,48
6440;0,278133513;0,384788802;0,181344332;0,081958958;0,2891625;0,404805;0,183919;0,08148375;0;0,15705;0,0493105;0,07448225;0,05398925;0,48
6441;0,528227092;0,545108842;0,20024173;0,129306355;0,56085;0,58534;0,2024605;0,1296575;0;0,2386225;0,1413505;0,217425;0,1910825;0,48
6442;0,461465803;0,625294145;0,189415113;0,095100284;0,492335;0,680665;0,19073175;0,0954305;6,00E-06;0,238625;0,2108475;0,27918;0,2769425;0,48
6443;0,429012197;0,671065816;0,325848355;0,235386158;0,4531775;0,738245;0,3324925;0,23902;3,58E-05;0,39448;0,7448075;0,6057375;0,6499325;0,48
6444;0,216828513;0,679529566;0,461477842;0,169181092;0,2252675;0,750705;0,481335;0,1720275;4,49E-05;0,3289175;0,6191825;0,56066;0,545965;0,48
6445;0,356679039;0,614973908;0,552337342;0,4292265;0,36815;0,6774475;0,5881075;0,4456875;7,17E-05;0,43824;0,7998525;0,736575;0,6815175;0,48
6446;0,330859184;0,524027724;0,534964382;0,18496725;0,3433675;0,5718525;0,5758625;0,19211;1,25E-05;0,88043;1;0,9994325;0,9994975;0,48
6447;0,258687355;0,390394382;0,409941671;0,129915071;0,267975;0,420425;0,43961;0,13157675;0;0,844345;0,9998775;0,99979;0,99925;0,48
6448;0,086840001;0,211531145;0,272181197;0,060088532;0,0891505;0,2242075;0,28824;0,06031175;0;0,4254425;0,697225;0,768535;0,6563375;0,48
6449;0,027617108;0,049706412;0,067085657;0,006130746;0,0277805;0,051947325;0,070107;0,00609973;0;0,8136675;0,99036;0,9801275;0,9652775;0,48
6450;0;0;0;0;0;0;0;0;0;0,992975;1;1;1;0,48
6451;0;0;0;0;0;0;0;0;0;1;1;1;1;0,48
6452;0;0;0;0;0;0;0;0;0;1;1;1;1;0,48
6453;0;0;0;0;0;0;0;0;0;1;1;0,999995;0,9998775;0,48
6454;0;0;0;0;0;0;0;0;0;0,9091425;0,70972;0,7757775;0,665455;0,48
6455;0;0;0;0;0;0;0;0;0;0,9923675;0,97108;0,961395;0,9444225;0,48
6456;0;0;0;0;0;0;0;0;0;0,9997375;1;1;1;0,48
6457;0;0;0;0;0;0;0;0;0;0,977535;1;1;0,9985125;0,48
6458;0;0;0;0;0;0;0;0;0;0,9995275;0,9997375;0,9998775;0,9983025;0,48
6459;0;0;0;0;0;0;0;0;0;0,85044;0,63339;0,7522225;0,6165675;0,48
6460;0;0;0;0;0;0;0;0;0;0,570295;0,4487575;0,595275;0,4435075;0,48
6461;0;0;0;0;0;0;0;0;0;0,868945;0,97108;0,9607825;0,94381;0,48
6462;0;0;0;0,006954689;0;0;0;0,00651767;0;0,8536075;0,9962375;0,99475;0,9609875;0,48
6463;0,012782285;0,022082153;0,001723089;0,147635009;0,012382075;0,021624725;0,001373535;0,15189525;0;0,81041;0,9930475;0,9838;0,94;0,48
6464;0,040718463;0,047591317;0,009865049;0,346118013;0,040123;0,0469445;0,009255275;0,36342;0,000132526;0,89912;0,8502375;0,87842;0,8663875;0,48
6465;0,053344019;0,074856631;0,020421114;0,484174658;0,05293775;0,074338;0,0198145;0,517155;0,000296693;0,395685;0,1719105;0,2870175;0,2174425;0,48
6466;0,030547997;0,09176246;0,028036081;0,540574776;0,03025375;0,0914575;0,02742625;0,58239;0,000385082;0,32847;0,038689;0,148595;0,083162;0,48
6467;0,062447546;0,091614857;0,034238337;0,546589698;0,06196175;0,0914515;0,0336255;0,58991;0,000408925;0,27067;0,02673775;0,09087;0,040882;0,48
6468;0,049160061;0,100895846;0,043664282;0,521822092;0,04883075;0,100766;0,04302975;0,5613725;0,000416121;0,3929925;0,06852475;0,1568075;0,082295;0,48
6469;0,473948329;0,091964724;0,436963066;0,514875316;0,497465;0,091858;0,45544;0,55399;0,00029075;0,4268825;0,08684425;0,174045;0,09087;0,48
6470;0,345414908;0,061548197;0,374295197;0,404921211;0,364195;0,0612825;0,39283;0,43364;0,000269425;0,7622125;0,2142775;0,2769425;0,2247875;0,48
6471;0,197912092;0,042928669;0,27062329;0,311848855;0,2059675;0,04249875;0,282385;0,33026;0,00018107;0,893255;0,2720675;0,3507325;0,3285925;0,48
6472;0,102651442;0,018238117;0,149108882;0,152391083;0,104914;0,01792125;0,1542275;0,159536;6,10E-05;0,3722175;0,04590275;0,0885425;0,056869;0,48
6473;0,024988674;0,003822968;0,034942815;0,012493275;0,025209375;0,003703133;0,035787075;0,012854685;0;0,19618;0,008601025;0,0342625;0,0110039;0,48
6474;0;0;0;0;0;0;0;0;0;0,032175;0,000229507;0,00377053;0,000471423;0,48
6475;0;0;0;0;0;0;0;0;0;0,012131;0;0,00098361;0,000622952;0,48
6476;0;0;0;0;0;0;0;0;0;0,008601025;0;0,000944265;0,000704928;0,48
6477;0;0;0;0;0;0;0;0;0;0,000278688;0;2,30E-05;0;0,48
6478;0;0;0;0;0;0;0;0;0;0;0;0;0;0,48
6479;0;0;0;0;0;0;0;0;0;0,000672125;0;0,00047541;0,000131148;0,48
6480;0;0;0;0;0;0;0;0;0;0,0107815;0,002355203;0,006371653;0,00469958;0,48
6481;0;0;0;0;0;0;0;0;0;0,0490745;0,02806575;0,0339675;0,02983625;0,48
6482;0;0;0;0;0;0;0;0;0;0,008871003;0,001945373;0,00437705;0,003311505;0,48
6483;0;0;0;0;0;0;0;0;0;0,000327868;0;0;0;0,48
6484;0;0;0;0;0;0;0;0;0;0;0;0;0;0,48
6485;0;0;0;0;0;0;0;0;0;0,000868855;0;0;0;0,48
6486;0;0;0;0;0;0;0;0;0;0,00098361;0,00055737;0,000857925;0,00062295;0,48
6487;0,020186249;0,052718207;0,025033437;0,05574782;0,019792275;0,05259025;0,0245067;0,05557575;0;0,000262295;0;6,01E-05;0;0,48
6488;0,097048753;0,118737142;0,063539767;0,129568093;0,0967835;0,11901075;0,06278475;0,130334;0;0;0;0;0;0,48
6489;0,249111158;0,221186803;0,098525996;0,211083277;0,2531075;0,22416;0,09802275;0,2139525;1,03E-05;0;0;0;0;0,48
6490;0,1878495;0,265335553;0,131018368;0,219058224;0,191765;0,2706125;0,13088;0,2227125;3,63E-05;0;0;0;0;0,48
6491;0,146428413;0,285780987;0,138699553;0,262188434;0,1477745;0,292505;0,1388575;0,2673325;0,000114363;0;0;0;0;0,48
6492;0,161259359;0,269409711;0,137319829;0,216452881;0,16242725;0,2754225;0,137515;0,22061;0,00010536;0;0;0;0;0,48
6493;0,216021869;0,179990132;0,12436054;0,194622908;0,21934;0,1827975;0,12441375;0,1974925;6,47E-05;0,000295083;0,000213123;0,000295083;0,000311475;0,48
6494;0,399110961;0,15807829;0,102357198;0,1399035;0,413195;0,1594725;0,1022225;0,1413425;0;0,007947478;0,02223595;0,012848928;0,01759755;0,48
6495;0,451092592;0,119896784;0,072994607;0,090690707;0,4767225;0,12067;0,072648;0,091121;0;0,1011555;0,2933;0,167837;0,18849125;0,48
6496;0,203447842;0,038476232;0,039415551;0,045968878;0,2144525;0,03847875;0,03900775;0,04581875;0;0,15705;0,39344;0,25902;0,25902;0,48
6497;0,03648707;0,002547336;0,004961759;0,00258433;0,037704775;0,002508475;0,004884615;0,00256228;0;0,15705;0,355355;0,25494;0,25494;0,48
6498;0;0;0;0;0;0;0;0;0;0,10391;0,24542;0,15943;0,15943;0,48
6499;0;0;0;0;0;0;0;0;0;0,203955;0,362075;0,240325;0,240325;0,48
6500;0;0;0;0;0;0;0;0;0;0,15773;0,2599475;0,2318275;0,2284275;0,48
6501;0;0;0;0;0;0;0;0;0;0,09425;0,1244425;0,13531275;0,1147815;0,48
6502;0;0;0;0;0;0;0;0;0;0,053163;0,0539825;0,05737175;0,04420775;0,48
6503;0;0;0;0;0;0;0;0;0;0,00773045;0,00385903;0,007699653;0,00469958;0,48
6504;0;0;0;0;0;0;0;0;0;0,01178425;0,002469958;0,0108305;0,00098361;0,48
6505;0;0;0;0;0;0;0;0;0;0,01699975;0,010273275;0,012131;0,00098361;0,48
6506;0;0;0;0;0;0;0;0;0;0,004878798;0,000540985;0,002355203;0,000704928;0,48
6507;0;0;0;0;0;0;0;0;0;7,21E-05;0;0;0;0,48
6508;0;0;0;0;0;0;0;0;0;0;0;0;0;0,48
6509;0;0;0;0;0;0;0;0;0;0;0;0;0;0,48
6510;0;0;0;0;0;0;0;0;0;0;0;0;0;0,48
6511;0,130329711;0,024145935;0,027329581;0,029435791;0,134284;0,0236721;0,026802325;0,02904925;0;0;0;0;0;0,48
6512;0,299034039;0,093679385;0,065088766;0,064055297;0,312;0,093262;0,064349;0,06361675;0;0;0;0;0;0,48
6513;0,446137145;0,123626854;0,101576317;0,101955561;0,472;0,12377175;0,1011125;0,10200325;0;0;0;0;0;0,48
6514;0,418000895;0,129253382;0,131483574;0,130462145;0,4433075;0,129605;0,1314555;0,13101;1,82E-05;0,000327868;0,000740985;0,000790153;0,00233334;0,48
6515;0,433035789;0,258034816;0,151341;0,127695474;0,456765;0,2623425;0,151675;0,128365;1,55E-05;0,02189625;0,05683275;0,03001875;0,093644;0,48
6516;0,531061184;0,173946316;0,153895776;0,128126487;0,5652475;0,17699;0,1544575;0,1288;9,62E-05;0,042667;0,097873;0,05117075;0,168945;0,48
6517;0,513026053;0,285638921;0,142142842;0,111256536;0,5517775;0,2904175;0,14259;0,1117655;0,000168875;0,1267045;0,26775;0,20685;0,4551925;0,48
6518;0,399936869;0,204921474;0,119826474;0,097414031;0,4282075;0,209575;0,11998;0,09769875;0,000138091;0,1425575;0,25902;0,1825425;0,471475;0,48
6519;0,303869092;0,239260461;0,083894906;0,069316066;0,32156;0,245155;0,08371575;0,06933175;3,96E-05;0,09425;0,236925;0,15705;0,34415;0,48
6520;0,185496264;0,210052698;0,044220987;0,031462516;0,19433575;0,2172725;0,043859;0,03125975;0;0,2114325;0,38437;0,240325;0,5844275;0,48
6521;0,015754947;0,0486754;0,005282097;0,00295511;0,016301525;0,05019815;0,005211163;0,002910955;0;0,25902;0,56066;0,3598325;0,76721;0,48
6522;0;0;0;0;0;0;0;0;0;0,25902;0,56066;0,39344;0,5882;0,48
6523;0;0;0;0;0;0;0;0;0;0,294865;0,612325;0,4103475;0,5279025;0,48
6524;0;0;0;0;0;0;0;0;0;0,51998;0,9476325;0,645365;0,74325;0,48
6525;0;0;0;0;0;0;0;0;0;0,15381025;0,178686;0,14270425;0,123752;0,48
6526;0;0;0;0;0;0;0;0;0;0,11961325;0,07234975;0,10874275;0,038689;0,48
6527;0;0;0;0;0;0;0;0;0;0,134103;0,08459;0,08459;0,038689;0,48
6528;0;0;0;0;0;0;0;0;0;0,05169425;0,05016425;0,044809;0,019213;0,48
6529;0;0;0;0;0;0;0;0;0;0,038689;0,0209835;0,0187705;0,012131;0,48
6530;0;0;0;0;0;0;0;0;0;0,04565475;0,02577575;0,024519;0,022217;0,48
6531;0;0;0;0;0;0;0;0;0;0,2138875;0,3738925;0,2275725;0,263225;0,48
6532;0;0;0;0;0;0;0;0;0;0,074942;0,1143055;0,066395;0,05681575;0,48
6533;0;0;0;0;0;0;0;0;0;0,038689;0,038689;0,012131;0,012131;0,48
6534;0;0;0;0;0;0;0;0;0;0,0355905;0,0355905;0,012131;0,012131;0,48
6535;0,125902796;0,093686128;0,101865891;0,149349431;0,12898625;0,095431;0,103671625;0,15393575;0;0,01788525;0,01443275;0,012308;0,012131;0,48
6536;0,214227987;0,198266053;0,148929012;0,318947329;0,2199825;0,20319;0,15106675;0,3348875;0,000144344;0,05089975;0,03505925;0,03541325;0,024967;0,48
6537;0,312922776;0,42539554;0,280303027;0,458636526;0,3232175;0,4465925;0,286375;0,48888;0,000320803;0,013652475;0,002637168;0,0085695;0,005279885;0,48
6538;0,428523395;0,574810224;0,330630434;0,526702895;0,448405;0,61824;0,3397125;0,5661475;0,000450817;0,13174325;0,060778;0,110934;0,10672125;0,48
6539;0,457894895;0,630435;0,375352263;0,546430777;0,48385;0,6878875;0,3868875;0,589915;0,000515588;0,2515425;0,082754;0,1944375;0,15705;0,48
6540;0,556310368;0,507815369;0,324625145;0,58952246;0,59565;0,5520525;0,33494;0,63968;0,000433375;0,15773;0,03976;0,15705;0,120819;0,48
6541;0,478277724;0,451196132;0,325398079;0,495809605;0,51382;0,483565;0,33473;0,5380975;0,000425887;0,1995375;0,0631695;0,170655;0,1619325;0,48
6542;0,331268526;0,343515079;0,331140908;0,424417934;0,3514;0,3645075;0,3417675;0,4562175;0,000313092;0,0728295;0,008983603;0,05918275;0,0353955;0,48
6543;0,253813776;0,248417684;0,195807592;0,327336434;0,26519;0,26067;0,20155;0,3490825;0,000190012;0,03027875;0,00037705;0,0187705;0,0091585;0,48
6544;0,116173457;0,134723396;0,082140754;0,169609698;0,12051975;0,1394595;0,08354775;0,17848;3,93E-05;0,007857875;0;0,003584703;0,00098361;0,48
6545;0,002784044;0,004179686;0,003188293;0,01784062;0,002837798;0,004292673;0,003194608;0,018417195;0;0,01611475;0,000672125;0,01157365;0,00903475;0,48
6546;0;0;0;0;0;0;0;0;0;0,009344225;0,000131148;0,003398905;0,001664858;0,48
6547;0;0;0;0;0;0;0;0;0;0,00098361;0,00016393;0,00098361;0,000672132;0,48
6548;0;0;0;0;0;0;0;0;0;0,00990165;0,005999978;0,008043653;0,006185753;0,48
6549;0;0;0;0;0;0;0;0;0;0,01168525;0,0100874;0,010273275;0,008786825;0,48
6550;0;0;0;0;0;0;0;0;0;0,001243708;0,000426223;0,000540985;0,000409833;0,48
6551;0;0;0;0;0;0;0;0;0;0,00098361;0;0,000295083;0,000131148;0,48
6552;0;0;0;0;0;0;0;0;0;0,00098361;0,000622952;0,006185753;0,002469958;0,6
6553;0;0;0;0;0;0;0;0;0;0,001330433;0,00098361;0,012131;0,012131;0,6
6554;0;0;0;0;0;0;0;0;0;0,01178425;0,008601025;0,012131;0,012131;0,6
6555;0;0;0;0;0;0;0;0;0;0,012131;0,002469958;0,010459025;0,009530075;0,6
6556;0;0;0;0;0;0;0;0;0;0,01131355;0,00953;0,02921625;0,0161145;0,6
6557;0;0;0;0;0;0;0;0;0;0,00254428;0,001664857;0,015436;0,012078775;0,6
6558;0;0,004697971;0;0,001961358;0;0,004238793;0;0;0;0,0307215;0,05149375;0,10053825;0,10554525;0,6
6559;0,067134513;0,166016155;0,109748977;0,179011082;0,06721925;0,1702935;0,111760575;0,18333025;0;0,0677595;0,08579775;0,15705;0,15705;0,6
6560;0,166905632;0,356852408;0,209652987;0,410555684;0,1691825;0,3729675;0,21386;0,4332125;0;0,11840525;0,1534275;0,15705;0,15705;0,6
6561;0,25322625;0,103888619;0,317256987;0,577085685;0,2590825;0,10780275;0,32573;0,62093;0;0,15705;0,174045;0,15875;0,15705;0,6
6562;0,274863592;0,236378211;0,436857118;0,676731592;0,2817025;0,23904;0,4518375;0,7386425;0;0,209735;0,2735675;0,2403225;0,226725;0,6
6563;0,298786026;0,144045079;0,604526053;0,725929697;0,30669;0,1458275;0,64269;0,8005975;1,46E-05;0,1087425;0,122218;0,077662;0,06947425;0,6
6564;0,331983671;0,186493133;0,576156237;0,716242737;0,3424825;0,18777525;0,622115;0,793255;2,10E-05;0,05016425;0,05016425;0,03027875;0,01330825;0,6
6565;0,38796;0,357329171;0,54063979;0,660475895;0,4021275;0,36781;0,5831775;0,729605;1,94E-06;0,01699975;0,01788525;0,004513705;0,001243708;0,6
6566;0,316850053;0,444198789;0,548785697;0,54849675;0,3287075;0,4666475;0,5897775;0,600285;0;0,01194525;0,0114498;0,00098361;0,000819673;0,6
6567;0,267232733;0,433551079;0,340668948;0,390158408;0,27693525;0,45967;0,363575;0,421;0;0,001131143;0,000517315;0,000131148;0;0,6
6568;0,124567619;0,186814106;0,194333961;0,197004316;0,128935;0,196765;0,2033625;0,20836;0;0;0;0;0;0,6
6569;0,012531527;0,027150879;0,016932855;0,012396661;0,012845;0,028070095;0,017442793;0,012831225;0;0;0;0;0;0,6
6570;0;0;0;0;0;0;0;0;0;0;0;0;0;0,6
6571;0;0;0;0;0;0;0;0;0;0;0;0;0;0,6
6572;0;0;0;0;0;0;0;0;0;0,00011474;0,000147533;0,000360655;0,000163938;0,6
6573;0;0;0;0;0;0;0;0;0;0;0;0;0;0,6
6574;0;0;0;0;0;0;0;0;0;0;0;2,30E-05;6,55E-06;0,6
6575;0;0;0;0;0;0;0;0;0;0,0007541;0,00080328;0,002244832;0,000911478;0,6
6576;0;0;0;0;0;0;0;0;0;0,000491803;0,00098361;0,000311475;0,00052459;0,6
6577;0;0;0;0;0;0;0;0;0;0,000213123;0,00098361;0;0,0002459;0,6
6578;0;0;0;0;0;0;0;0;0;0,00098361;0,001949733;0,000868855;0,001330433;0,6
6579;0;0;0;0;0;0;0;0;0;0,006557377;0,02006125;0,0108305;0,01196125;0,6
6580;0;0;0;0;0;0;0;0;0;0,02142625;0,05092925;0,012131;0,03674125;0,6
6581;0;0;0;0;0;0;0;0;0;0,01832775;0,04557425;0,0140785;0,04333;0,6
6582;0;0;0;0;0;0;0;0;0;0,0677595;0,14415025;0,052282;0,1243915;0,6
6583;0,03590879;0,152429369;0,038678977;0,057403247;0,0355048;0,1565695;0,0381015;0,05742125;0;0,1425575;0,2833225;0,12157775;0,2408625;0,6
6584;0,094207437;0,357991342;0,100070901;0,167230698;0,0940685;0,3740925;0,09952275;0,17004;5,33E-05;0,2471225;0,4881975;0,323055;0,38672;0,6
6585;0,151731079;0,405629132;0,15839854;0,148457305;0,15266;0,4275975;0,158985;0,15089925;0,000196971;0,25902;0,56066;0,39344;0,5288875;0,6
6586;0,174439934;0,599842697;0,197160829;0,166241053;0,1759775;0,6413775;0,198735;0,1678;0,000346283;0,259915;0,535575;0,44918;0,3984575;0,6
6587;0,189193106;0,527798487;0,202477461;0,185453645;0,191325;0,5676975;0,2044625;0,1875375;0,000433816;0,4058775;0,716775;0,764465;0,6193775;0,6
6588;0,196542;0,46762279;0,210522237;0,179349632;0,1990325;0,496815;0,2126225;0,1814225;0,00037429;0,56066;0,9411275;0,971025;0,8996825;0,6
6589;0,193308198;0,331403368;0,17252325;0,127561113;0,19591;0,3473175;0,1739325;0,12870375;0,000398283;0,691475;0,9930475;0,9963275;0,94;0,6
6590;0,162027237;0,431521224;0,128184276;0,081283544;0,164055;0,45353;0,1286475;0,08140425;0,000306447;0,76721;0,9958875;1;0,9883625;0,6
6591;0,10714337;0,241126579;0,093164096;0,036787816;0,108022;0,2542175;0,093054;0,03658775;0,000209049;0,862245;1;1;0,99615;0,6
6592;0,049399887;0,129892196;0,047151636;0,018093643;0,049463425;0,13418775;0,04684825;0,017768;2,50E-05;0,98985;1;1;1;0,6
6593;0,004383551;0,008818749;0,002537006;0,001726779;0,004347993;0,009041405;0,002504253;0,001676613;0;0,9993;1;1;1;0,6
6594;0;0;0;0;0;0;0;0;0;0,863645;0,97295;0,9909;0,96495;0,6
6595;0;0;0;0;0;0;0;0;0;0,6998675;0,86248;0,84464;0,828645;0,6
6596;0;0;0;0;0;0;0;0;0;0,173356;0,1773405;0,2000125;0,15201725;0,6
6597;0;0;0;0;0;0;0;0;0;0,0874885;0,05249925;0,08132775;0,04863425;0,6
6598;0;0;0;0;0;0;0;0;0;0,21824;0,2155025;0,22892;0,204675;0,6
6599;0;0;0;0;0;0;0;0;0;0,25902;0,26574;0,27261;0,2352225;0,6
6600;0;0;0;0;0;0;0;0;0;0,3015875;0,48176;0,49559;0,32175;0,6
6601;0;0;0;0;0;0;0;0;0;0,4686875;0,771535;0,7839275;0,4870825;0,6
6602;0;0;0;0;0;0;0;0;0;0,39344;0,5618375;0,6191825;0,3984575;0,6
6603;0;0;0;0;0;0;0;0;0;0,5327875;0,6866525;0,6866525;0,55211;0,6
6604;0;0;0;0;0;0;0;0;0;0,320055;0,4895725;0,5568325;0,3263525;0,6
6605;0;0;0;0;0;0;0;0;0;0,1837125;0,29695;0,3672775;0,14365225;0,6
6606;0;0,002342022;0;0;0;0;0;0;0;0,05177475;0,07909;0,1283765;0,02612025;0,6
6607;0,135198233;0,147339079;0,015107035;0,057715551;0,13907175;0,1481;0,014614925;0,057736;0;0,0601095;0,083162;0,12081925;0,02541;0,6
6608;0,353782342;0,278501921;0,058365442;0,202797711;0,371545;0,2889425;0,0575515;0,2072225;0;0,07923475;0,07540975;0,13652025;0,038689;0,6
6609;0,507998369;0,174388165;0,081196137;0,250140773;0,5432;0,17934725;0,080553;0,256444;0;0,038689;0,038689;0,0639345;0,0320495;0,6
6610;0,595848;0,054082038;0,113950729;0,206067632;0,644935;0,05460025;0,11353775;0,2098825;0;0,038689;0,015672;0,038689;0,012131;0,6
6611;0,575388118;0,058248178;0,120257487;0,332159448;0,62427;0,05767675;0,120105;0,3407575;0;0,038689;0,012131;0,038689;0,0223115;0,6
6612;0,60048079;0,419628632;0,102541401;0,331444303;0,65127;0,43598;0,102351;0,3421525;0;0,038689;0,008043725;0,038689;0,01295725;0,6
6613;0,428489684;0,450372632;0,091071876;0,357591632;0,4603425;0,4737275;0,09075125;0,3703375;0,000462341;0,0616395;0,012131;0,038689;0,03786275;0,6
6614;0,419472119;0,589806592;0,074994845;0,601889408;0,4442275;0,6279525;0,07456375;0,63954;0,000374014;0,08459;0,03027875;0,038689;0,05475425;0,6
6615;0,239510882;0,318027513;0,046584817;0,375764014;0,251848;0,33876;0,0461245;0,403255;0,000186139;0,07923475;0,012131;0,038689;0,038689;0,6
6616;0,109082688;0,189958816;0,022293494;0,197056326;0,112191;0,1982925;0,0219113;0,2085505;3,49E-05;0,038689;0,0108305;0,015672;0,03027875;0,6
6617;0,003133321;0,007643934;0,001805428;0,017889719;0,0031987;0,00789745;0,001755275;0,018517225;0;0,015672;0,00098361;0,003956355;0,005814178;0,6
6618;0;0;0;0;0;0;0;0;0;0,002469958;0,000868855;0,00098361;0,00098361;0,6
6619;0;0;0;0;0;0;0;0;0;0,00098361;0,000229507;0,001664857;0,000360655;0,6
6620;0;0;0;0;0;0;0;0;0;0,019005525;0,027747275;0,03684025;0,019978275;0,6
6621;0;0;0;0;0;0;0;0;0;0,1502775;0,2749725;0,2622825;0,19260325;0,6
6622;0;0;0;0;0;0;0;0;0;0,3329525;0,675945;0,5216425;0,41459;0,6
6623;0;0;0;0;0;0;0;0;0;0,39344;0,8564875;0,7086875;0,56066;0,6
6624;0;0;0;0;0;0;0;0;0;0,54115;0,76721;0,48541;0,56066;0,6
6625;0;0;0;0;0;0;0;0;0;0,56066;0,76721;0,443605;0,6054125;0,6
6626;0;0;0;0;0;0;0;0;0;0,56066;0,8564875;0,6811475;0,76721;0,6
6627;0;0;0;0;0;0;0;0;0;0,6191825;0,81787;0,76721;0,7399025;0,6
6628;0;0;0;0;0;0;0;0;0;0,946305;0,9967225;0,9156225;0,9815925;0,6
6629;0;0;0;0;0;0;0;0;0;0,9934725;1;0,991405;1;0,6
6630;0;0;0;0;0;0;0;0;0;0,94219;0,99741;0,822535;0,979025;0,6
6631;0,002650835;0,124819966;0,012438221;0,005883866;0,002245013;0,12789325;0,011955975;0,0055058;0;0,9719375;0,999965;0,9596475;0,997725;0,6
6632;0,018226078;0,272137855;0,032994659;0,020860315;0,01747075;0,2830725;0,03225;0,020252;0;0,9609875;0,99947;0,99475;0,995085;0,6
6633;0,058270571;0,351877698;0,026222937;0,094709724;0,05773525;0,3692125;0,0257225;0,0944745;0;0,9427375;0,9824375;0,9778675;0,9531575;0,6
6634;0,072120059;0,500100474;0,042119377;0,102337453;0,0718185;0,53112;0,04139225;0,10253225;0;0,9972525;0,9999825;0,9999825;0,999545;0,6
6635;0,07679595;0,533355908;0,032231598;0,064411907;0,0765495;0,572665;0,03169625;0,06427875;0;1;1;1;1;0,6
6636;0,100423176;0,555079934;0,060758649;0,063180028;0,100456;0,599425;0,05999725;0,0628575;0;0,99895;1;1;1;0,6
6637;0,499667053;0,4034235;0,374201289;0,54091429;0,5248425;0,43198;0,38603;0,5728625;0;1;1;1;1;0,6
6638;0,416917342;0,335800184;0,311287816;0,376057776;0,44317;0,353215;0,32258;0,3994625;0;1;1;1;1;0,6
6639;0,347382158;0,217382329;0,269445829;0,268347829;0,368165;0,2252325;0,278855;0,2824;0;1;1;1;1;0,6
6640;0,182624368;0,107704409;0,168059013;0,117032594;0,191665;0,110455;0,17403;0,12175725;0;1;1;1;1;0,6
6641;0,01314164;0,002274035;0,019456955;0,00170804;0,013603675;0,002315573;0,0199883;0,001744433;0;0,99965;1;1;0,99904;0,6
6642;0;0;0;0;0;0;0;0;0;1;1;1;1;0,6
6643;0;0;0;0;0;0;0;0;0;0,998775;0,99947;0,9999425;0,9944125;0,6
6644;0;0;0;0;0;0;0;0;0;0,8046275;0,7281325;0,838335;0,61407;0,6
6645;0;0;0;0;0;0;0;0;0;0,229443;0,1295625;0,2359495;0,108125;0,6
6646;0;0;0;0;0;0;0;0;0;0,0331805;0,006508105;0,02916575;0,005551805;0,6
6647;0;0;0;0;0;0;0;0;0;0,009344225;0,000131148;0,002469958;0,000131148;0,6
6648;0;0;0;0;0;0;0;0;0;0,00098361;0;0,000459025;0;0,6
6649;0;0;0;0;0;0;0;0;0;0,000737705;0;0;0;0,6
6650;0;0;0;0;0;0;0;0;0;0;0;0;0;0,6
6651;0;0;0;0;0;0;0;0;0;0,000491803;0;0,000295083;0;0,6
6652;0;0;0;0;0;0;0;0;0;0,00098361;0;0;0;0,6
6653;0;0;0;0;0;0;0;0;0;0,006185753;0,001418953;0,001418953;0,001703828;0,6
6654;0;0;0;0;0;0;0;0;0;0,0342625;0,03059775;0,02794175;0,02729075;0,6
6655;0,021742856;0,130416154;0;0;0,021314075;0,13528675;0;0;0;0,038689;0,02541;0,02452475;0,013754;0,6
6656;0,065664734;0,298212948;0,006914366;0,01170964;0,06518125;0,3130225;0,006574175;0,011387875;0;0,038842;0,02205475;0,0374265;0,01611475;0,6
6657;0,093191064;0,475234145;0,023217884;0,026358477;0,09315025;0,506625;0,0225455;0,0258226;0,000134434;0,1108035;0,128644;0,146627;0,111198;0,6
6658;0,100326379;0,56606475;0,03897587;0,038093858;0,1005205;0,610785;0,038302;0,03757175;0,000140333;0,15705;0,15705;0,25902;0,122025;0,6
6659;0,108242333;0,630321829;0,045765652;0,048360399;0,10851175;0,6870025;0,04512425;0,04791625;0,00025773;0,148595;0,1541525;0,25902;0,1425575;0,6
6660;0,106688277;0,603187263;0,043679933;0,060122724;0,10698525;0,66164;0,04308;0,059734;0,000351444;0,0623025;0,06399325;0,175745;0,05475425;0,6
6661;0,105578961;0,560297842;0,421514013;0,52388325;0,105866;0,612925;0,4384775;0,550755;0,000454825;0,083162;0,0860605;0,22163;0,0639345;0,6
6662;0,108994078;0,452756447;0,346994487;0,404523908;0,109321;0,49036;0,36339;0,429935;0,000402104;0,1425575;0,18765;0,3745;0,14520575;0,6
6663;0,060225781;0,30278554;0,242436474;0,278497105;0,06024425;0,3237775;0,2525175;0,294915;0,00021301;0,2786725;0,40094;0,694235;0,3446875;0,6
6664;0,02679746;0,136369674;0,117718843;0,135505239;0,0265465;0,14350425;0,1212445;0,14132325;1,57E-05;0,6607975;0,9374075;0,986895;0,87247;0,6
6665;0,002168247;0,006124191;0,005766475;0,005363981;0,002128523;0,00629695;0,005886125;0,005524835;0;0,62951;0,8534625;0,964405;0,709945;0,6
6666;0;0;0;0;0;0;0;0;0;0,5051175;0,631815;0,7076975;0,5037725;0,6
6667;0;0;0;0;0;0;0;0;0;0,15477;0,1773475;0,236775;0,14685175;0,6
6668;0;0;0;0;0;0;0;0;0;0,08459;0,08459;0,13652025;0,07540975;0,6
6669;0;0;0;0;0;0;0;0;0;0,05628425;0,05016425;0,0639345;0,038689;0,6
6670;0;0;0;0;0;0;0;0;0;0,038689;0,038689;0,038689;0,0187705;0,6
6671;0;0;0;0;0;0;0;0;0;0,038689;0,038689;0,038689;0,012131;0,6
6672;0;0;0;0;0;0;0;0;0;0,038842;0,0246775;0,0245245;0,0106449;0,6
6673;0;0;0;0;0;0;0;0;0;0,1023485;0,11684125;0,074604;0,053388;0,6
6674;0;0;0;0;0;0;0;0;0;0,08684425;0,13047925;0,154795;0,08459;0,6
6675;0;0;0;0;0;0;0;0;0;0,14634;0,1526225;0,151735;0,1176395;0,6
6676;0;0;0;0;0;0;0;0;0;0,0608745;0,05785475;0,05141225;0,02372125;0,6
6677;0;0;0;0;0;0;0;0;0;0,0320495;0,03337725;0,015672;0,005256805;0,6
6678;0;0;0;0;0;0;0;0;0;0,012131;0,012131;0,0100874;0,00098361;0,6
6679;0,130291907;0,103879709;0,021626507;0;0,1347115;0,106757;0,021108125;0;0;0,02541;0,02673775;0,02054075;0,00469958;0,6
6680;0,306409421;0,255762004;0,059471388;0,009506922;0,3215775;0,2658685;0,0587;0,009164325;0;0,07005475;0,07234975;0,0646995;0,04594;0,6
6681;0,473510092;0,373158671;0,101163363;0,020438211;0,5045275;0,3921275;0,1006755;0,01989975;0;0,08684425;0,13893425;0,1442575;0,1051205;0,6
6682;0,539091513;0,486091342;0,124769882;0,027959992;0,580845;0,5175375;0,1246675;0,02747225;0;0,161025;0,1914875;0,2808025;0,2043875;0,6
6683;0,589652487;0,479674303;0,140353776;0,032650571;0,640425;0,5129725;0,140545;0,03218225;0;0,327335;0,4654;0,63262;0,63283;0,6
6684;0,588342592;0,470582092;0,137926618;0,033037038;0,6408225;0,5020175;0,1382125;0,0325995;0;0,415735;0,6191825;0,79889;0,862245;0,6
6685;0,469248119;0,419727355;0,119735696;0,462481934;0,5067475;0,4464775;0,1198765;0,4868925;0;0,56066;0,79601;0,9646375;0,9682875;0,6
6686;0,38417479;0,318550026;0,094212494;0,384008645;0,4097625;0,3362775;0,0940915;0,406285;0;0,45754;0,5933225;0,8939225;0,8910425;0,6
6687;0,266045881;0,219705948;0,062049762;0,261499777;0,280915;0,2293175;0,06172825;0,2752;0;0,33071;0,37848;0,7224575;0,6724025;0,6
6688;0,103690208;0,102445567;0,026842729;0,125979849;0,108247;0,105755;0,0264775;0,131267;0;0,1944375;0,2029325;0,4577275;0,3567975;0,6
6689;0,001971464;0,001609271;0,001390911;0,003259071;0,002017873;0,001641295;0,001359513;0,003346658;0;0,3531125;0,4496175;0,7085;0,6539125;0,6
6690;0;0;0;0;0;0;0;0;0;0,54115;0,56066;0,76721;0,7589475;0,6
6691;0;0;0;0;0;0;0;0;0;0,52443;0,56066;0,6398375;0,5320325;0,6
6692;0;0;0;0;0;0;0;0;0;0,3105475;0,415735;0,415735;0,3060675;0,6
6693;0;0;0;0;0;0;0;0;0;0,297105;0,39344;0,39344;0,25902;0,6
6694;0;0;0;0;0;0;0;0;0;0,39344;0,4941425;0,39344;0,35565;0,6
6695;0;0;0;0;0;0;0;0;0;0,3486325;0,3986425;0,39344;0,2632;0,6
6696;0;0;0;0;0;0;0;0;0;0,39344;0,39344;0,39344;0,3329525;0,6
6697;0;0;0;0;0;0;0;0;0;0,3665575;0,3912;0,3777575;0,364315;0,6
6698;0;0;0;0;0;0;0;0;0;0,1973075;0,202185;0,2313425;0,16464525;0,6
6699;0;0;0;0;0;0;0;0;0;0,04513525;0,03141;0,06041425;0,02372125;0,6
6700;0;0;0;0;0;0;0;0;0;0,012131;0,008415275;0,010636025;0,008415275;0,6
6701;0;0;0;0;0;0;0;0;0;0,03337725;0,02496725;0,01965575;0,015672;0,6
6702;0;0;0;0;0;0;0;0;0;0,07540975;0,0608745;0,04633925;0,05245925;0,6
6703;0,005314537;0,144328007;0,021100598;0,046700396;0,0049105;0,150513;0,020580875;0,0466995;0;0,1425575;0,143765;0,11719775;0,1268575;0,6
6704;0,026660692;0,342860132;0,057279;0,014815198;0,026034;0,3615275;0,056485;0,014622575;0;0,208035;0,2471225;0,22163;0,1825425;0,6
6705;0,051092396;0,466722237;0,091800746;0,206900763;0,050605;0,49768;0,0912845;0,21093775;0;0,2769425;0,33143;0,36106;0,2926225;0,6
6706;0,115656963;0,485720526;0,12001429;0,355142803;0,11574925;0,520105;0,1198225;0,365945;0;0,446395;0,634635;0,7078125;0,53093;0,6
6707;0,118022961;0,423592026;0,134295513;0,190198883;0,11849;0,450045;0,13433;0,19629;0;0,3105475;0,35634;0,53118;0,3274875;0,6
6708;0,120098566;0,502029197;0,135309237;0,380854784;0,1205875;0,5331625;0,1355275;0,393405;0;0,25902;0,2769425;0,562035;0,25902;0,6
6709;0,130676447;0,372169026;0,116421711;0,420560487;0,131345;0,394105;0,1165125;0,441425;0,000341279;0,3598325;0,39344;0,7520625;0,3598325;0,6
6710;0,081952457;0,321738079;0,08768132;0,350555763;0,08220475;0,3373875;0,08743225;0,3703125;0,000239443;0,353115;0,40013;0,76721;0,39344;0,6
6711;0,062917326;0,194885369;0,06162838;0,246568421;0,06272425;0,2028075;0,06119825;0,2585525;0,000110401;0,4881975;0,61528;0,9156225;0,499345;0,6
6712;0,015929693;0,047807643;0,028024524;0,114099055;0,015788725;0,048975825;0,027684625;0,11842075;0;0,66049;0,850725;0,9958875;0,7121275;0,6
6713;0,000885865;0,001233003;0,001287706;0,00107439;0,000846825;0,001217625;0,00125957;0,001096795;0;0,79025;0,92944;0,9989525;0,802355;0,6
6714;0;0;0;0;0;0;0;0;0;0,6054125;0,624545;0,86561;0,52033;0,6
6715;0;0;0;0;0;0;0;0;0;0,56066;0,7259;0,76721;0,56066;0,6
6716;0;0;0;0;0;0;0;0;0;0,622625;0,7431125;0,7259;0,56066;0,6
6717;0;0;0;0;0;0;0;0;0;0,42967;0,45754;0,451965;0,4240975;0,6
6718;0;0;0;0;0;0;0;0;0;0,499345;0,518855;0,5136525;0,39344;0,6
6719;0;0;0;0;0;0;0;0;0;0,4152875;0,4553;0,38505;0,364315;0,6
6720;0;0;0;0;0;0;0;0;0;0,27067;0,236845;0,24727;0,1910375;0,6
6721;0;0;0;0;0;0;0;0;0;0,3933325;0,411695;0,3632975;0,32901;0,6
6722;0;0;0;0;0;0;0;0;0;0,56066;0,56066;0,674075;0,5077075;0,6
6723;0;0;0;0;0;0;0;0;0;0,56066;0,6054125;0,7520625;0,56066;0,6
6724;0;0;0;0;0;0;0;0;0;0,598525;0,782185;0,562035;0,622625;0,6
6725;0;0;0;0;0;0;0;0;0;0,80753;0,939425;0,7018;0,8132875;0,6
6726;0;0;0;0;0;0;0;0;0;0,76721;0,94;0,61574;0,76721;0,6
6727;0,036672719;0,077243819;0,02271201;0,095591254;0,03627175;0,077979775;0,02219145;0,09762875;0;0,80396;0,92253;0,76721;0,7982225;0,6
6728;0,147286346;0,18972525;0,063811378;0,22430021;0,14911825;0,19357175;0,06306475;0,2318425;0;0,528395;0,58544;0,5999;0,4706575;0,6
6729;0,218929642;0,317890263;0,101296038;0,292855382;0,22282225;0,329145;0,1007985;0,3027675;0;0,6501625;0,7018;0,7837425;0,5987225;0,6
6730;0,246315592;0,358352527;0,126020783;0,339496303;0,2517325;0,3728225;0,12593125;0,3512475;0;0,76721;0,8564875;0,971025;0,76721;0,6
6731;0,31047154;0,425097442;0,141731092;0,452496395;0,3184975;0,441501;0,141975;0,4733575;0;0,69836;0,732785;0,981975;0,6564925;0,6
6732;0,206123013;0,413110461;0,143007276;0,400194513;0,2106925;0,4313375;0,1434075;0,420085;0;0,42967;0,4195625;0,8046475;0,34072;0,6
6733;0,158624882;0,365600289;0,123951197;0,349257908;0,16067;0,3835875;0,12413525;0,3633225;0;0,365955;0,3077075;0,79319;0,296525;0,6
6734;0,134726527;0,294244737;0,098189132;0,30705883;0,1359325;0,306925;0,098054;0,31792625;0;0,7203;0,81299;0,9926275;0,70607;0,6
6735;0,094387307;0,211805645;0,064265266;0,182970623;0,0949605;0,2181875;0,06393175;0,18780475;0;0,6501625;0,6903775;0,995975;0,598525;0,6
6736;0,037564603;0,101097869;0,028612772;0,066053609;0,037496;0,10364475;0,02827;0,0672905;0;0,6088525;0,59164;0,9619175;0,463345;0,6
6737;0,001176767;0,003743193;0,001126147;0,001012433;0,001162505;0,00381995;0,001102475;0,00101526;0;0,8776025;0,94083;0,99951;0,83253;0,6
6738;0;0;0;0;0;0;0;0;0;0,66241;0,724345;0,902865;0,5887175;0,6
6739;0;0;0;0;0;0;0;0;0;0,3798875;0,369795;0,51869;0,3069575;0,6
6740;0;0;0;0;0;0;0;0;0;0,1774425;0,122218;0,2034775;0,105233;0,6
6741;0;0;0;0;0;0;0;0;0;0,15705;0,10270425;0,15705;0,08459;0,6
6742;0;0;0;0;0;0;0;0;0;0,1927375;0,15705;0,15705;0,13047925;0,6
6743;0;0;0;0;0;0;0;0;0;0,13893425;0,10029025;0,11461925;0,08459;0,6
6744;0;0;0;0;0;0;0;0;0;0,08459;0,08459;0,154795;0,08459;0,6
6745;0;0;0;0;0;0;0;0;0;0,05016425;0,07540975;0,13893425;0,044809;0,6
6746;0;0;0;0;0;0;0;0;0;0,0677595;0,04333;0,085073;0,038689;0,6
6747;0;0;0;0;0;0;0;0;0;0,134103;0,1396865;0,185725;0,10576725;0,6
6748;0;0;0;0;0;0;0;0;0;0,2471225;0,4496175;0,45858;0,3400725;0,6
6749;0;0;0;0;0;0;0;0;0;0,2527875;0,535425;0,629615;0,4842625;0,6
6750;0;0;0;0;0;0;0;0;0;0,10210475;0,1773475;0,236775;0,14685175;0,6
6751;0,023234017;0,01927592;0,014589844;0,088664463;0,022822125;0,018808325;0,014106575;0,090554;0;0,038689;0,07005475;0,1327435;0,05966675;0,6
6752;0,066826303;0,054932266;0,010599721;0,240642592;0,06638175;0,0542655;0,0101905;0,2502075;0;0,015672;0,012355178;0,031601;0,008814428;0,6
6753;0,104030684;0,091922586;0,016571011;0,337813184;0,104095;0,09158075;0,015982;0,35307;2,05E-05;0,012131;0,00098361;0,012131;0,00098361;0,6
6754;0,144160176;0,119653105;0,023572736;0,264984;0,14503725;0,1197225;0,022940975;0,2742575;5,39E-05;0,03772675;0,013027275;0,02673775;0,009427275;0,6
6755;0,161938145;0,135338132;0,028864157;0,315265176;0,163345;0,1357525;0,0282729;0,3238485;5,82E-05;0,13531275;0,07311475;0,10942625;0,06463825;0,6
6756;0,158882526;0,138307066;0,349811724;0,325224711;0,1604425;0,13885;0,360865;0,3354225;0,000116831;0,15705;0,08459;0,148595;0,08459;0,6
6757;0,138538224;0,120365842;0,281068737;0,422171609;0,13975;0,120745;0,290185;0,43963025;6,41E-05;0,15705;0,07923475;0,08459;0,044809;0,6
6758;0,105309276;0,096641096;0,567415579;0,299135171;0,10590925;0,09673975;0,5978975;0,31243;4,85E-05;0,15705;0,04710425;0,08459;0,040525;0,6
6759;0,069103208;0,06367798;0,271624974;0,260209145;0,06915825;0,06346775;0,288835;0,2713975;3,80E-06;0,226725;0,1111575;0,1372425;0,083519;0,6
6760;0,0272487;0,028052937;0,119762183;0,161373734;0,02706125;0,02776725;0,12464475;0,16857025;0;0,1365215;0,0624045;0,0807245;0,046237;0,6
6761;0,000869655;0,000832614;0,010469006;0,008023418;0,000854085;0,00081622;0,010719603;0,0083173;0;0,2284275;0,13893425;0,201755;0,1254295;0,6
6762;0;0;0;0;0;0;0;0;0;0,19104;0,15705;0,2097325;0,15705;0,6
6763;0;0;0;0;0;0;0;0;0;0,15705;0,15705;0,2558475;0,154795;0,6
6764;0;0;0;0;0;0;0;0;0;0,10270425;0,13047925;0,1602225;0,08684425;0,6
6765;0;0;0;0;0;0;0;0;0;0,09425;0,15705;0,1876375;0,107535;0,6
6766;0;0;0;0;0;0;0;0;0;0,174045;0,271765;0,2993475;0,22897;0,6
6767;0;0;0;0;0;0;0;0;0;0,25902;0,45754;0,463115;0,38672;0,6
6768;0;0;0;0;0;0;0;0;0;0,267235;0,3536725;0,3783175;0,3127875;0,6
6769;0;0;0;0;0;0;0;0;0;0,442115;0,625345;0,6081325;0,5266575;0,6
6770;0;0;0;0;0;0;0;0;0;0,3081675;0,3904375;0,4318025;0,3344875;0,6
6771;0;0;0;0;0;0;0;0;0;0,1611275;0,1633975;0,2114325;0,1243655;0,6
6772;0;0;0;0;0;0;0;0;0;0,2446525;0,2716275;0,3390725;0,2462725;0,6
6773;0;0;0;0;0;0;0;0;0;0,5483575;0,6972075;0,6709125;0,5926225;0,6
6774;0;0;0;0;0;0;0;0;0;0,8420875;0,9755875;0,9596475;0,8996825;0,6
6775;0,055114062;0,023145599;0,034373757;0,062282605;0,0558255;0,022654975;0,033791975;0,062563;0;0,881715;0,9838;0,93674;0,9140825;0,6
6776;0,196939303;0,060324505;0,086906941;0,131374014;0,20254;0,05968325;0,08637825;0,13266225;0;0,5423275;0,67894;0,710605;0,5581975;0,6
6777;0,110576787;0,120950238;0,14394154;0,209945787;0,113208;0,121006;0,14446675;0,2136005;2,13E-05;0,80478;0,900485;0,90185;0,800635;0,6
6778;0,121755679;0,163840141;0,190772684;0,242527974;0,12220725;0,1645255;0,1925;0,2480725;6,44E-05;0,981975;0,999545;0,999125;0,9972525;0,6
6779;0,14831524;0,166980758;0,233686184;0,269592711;0,14937375;0,16814625;0,2368975;0,2767025;9,01E-05;0,9930475;1;0,9999425;0,9965;0,6
6780;0,618501474;0,162306553;0,294244737;0,240842448;0,6565725;0,1636925;0,2997775;0,246705;0,000100972;0,9417025;0,99545;0,9950725;0,95825;0,6
6781;0,363919579;0,14204171;0,268865045;0,184996145;0,3895325;0,1430525;0,27451525;0,188345;9,84E-05;0,94;0,95539;0,9473;0,94;0,6
6782;0,131768909;0,122118067;0,170695658;0,168653282;0,13594825;0,122717;0,1728625;0,17097675;4,77E-05;0,94;0,9930475;0,9883625;0,94;0,6
6783;0,114320823;0,067030492;0,116507431;0,091589333;0,11563775;0,06697975;0,1172715;0,09235925;1,12E-06;0,94;0,99475;0,99475;0,981975;0,6
6784;0,106150836;0,027268445;0,040776734;0,044589876;0,10827575;0,027008;0,04065075;0,04460575;0;0,9558975;0,9802;0,996065;0,95323;0,6
6785;0,015055046;0,00079756;0,001371893;0,000624952;0,015427337;0,000781425;0,00135241;0,000622705;0;0,999965;1;1;0,9999825;0,6
6786;0;0;0;0;0;0;0;0;0;1;1;1;1;0,6
6787;0;0;0;0;0;0;0;0;0;1;1;1;1;0,6
6788;0;0;0;0;0;0;0;0;0;0,998775;0,9999425;1;0,9990225;0,6
6789;0;0;0;0;0;0;0;0;0;0,881065;0,855765;0,96339;0,724585;0,6
6790;0;0;0;0;0;0;0;0;0;0,9573375;0,9754925;0,995235;0,914195;0,6
6791;0;0;0;0;0;0;0;0;0;0,8024675;0,8085225;0,8954025;0,7015825;0,6
6792;0;0;0;0;0;0;0;0;0;0,3759;0,3126975;0,472995;0,259105;0,6
6793;0;0;0;0;0;0;0;0;0;0,20271;0,1425575;0,2455675;0,1039135;0,6
6794;0;0;0;0;0;0;0;0;0;0,2319725;0,143715;0,2501825;0,1165685;0,6
6795;0;0;0;0;0;0;0;0;0;0,0628085;0,022493702;0,07025475;0,015825203;0,6
6796;0;0;0;0;0;0;0;0;0;0,008415375;0,00055737;0,011007625;0,00055737;0,6
6797;0;0;0;0;0;0;0;0;0;0,01699975;0,007300553;0,03027875;0,007300553;0,6
6798;0;0;0;0;0;0;0;0;0;0,012131;0,002469958;0,02452475;0,002469958;0,6
6799;0,046468997;0,009181929;0,057033395;0,013708217;0,0462335;0,0087428;0,0572875;0,0132707;0;0,012131;0,00098361;0,0355905;0,00098361;0,6
6800;0,130605655;0,036052445;0,160323892;0,053806093;0,13178575;0,03534425;0,1625685;0,05325125;0;0,012131;0,00098361;0,015672;0,00098361;0,6
6801;0,192932566;0,063027126;0,264769697;0,070537831;0,196465;0,0624625;0,270895;0,0702725;0;0,00581425;0,00098361;0,010459025;0,00080328;0,6
6802;0,252376263;0,070659912;0,30678746;0,161552882;0,25784;0,07018275;0,31517;0,162825;0;0,02363925;0,01805465;0,03027875;0,008778025;0,6
6803;0,254028079;0,085697455;0,354950171;0,159915513;0,260475;0,0852775;0,3662875;0,16169675;0;0,07367775;0,06131725;0,096143;0,0520415;0,6
6804;0,281646632;0,097333847;0,374572106;0,103236079;0,289225;0,09711375;0,3879125;0,10392;0;0,1711375;0,1986325;0,2318275;0,1449725;0,6
6805;0,260700356;0,104800488;0,305465526;0,084366371;0,2675675;0,10477525;0,3160575;0,084475;0;0,15705;0,15773;0,2386225;0,143765;0,6
6806;0,212897625;0,091635565;0,251803184;0,09191777;0,21789075;0,09160725;0,2592225;0,091913;0;0,204635;0,24032;0,3015875;0,1914875;0,6
6807;0,130591208;0,062764666;0,167702645;0,097081019;0,133137;0,06257475;0,17174275;0,09763175;0;0,3710375;0,51313;0,5216425;0,4531375;0,6
6808;0,05485425;0,026896906;0,052030753;0,045116724;0,05546525;0,0266105;0,05282075;0,04546;0;0,3665575;0,4821775;0,47705;0,3676725;0,6
6809;0,001810713;0,000858232;0,000866466;0,001597325;0,001816475;0,00084101;0,000865852;0,001596025;0;0,204635;0,2417775;0,294865;0,1927375;0,6
6810;0;0;0;0;0;0;0;0;0;0,22163;0,25902;0,25902;0,15705;0,6
6811;0;0;0;0;0;0;0;0;0;0,25902;0,25902;0,25902;0,15705;0,6
6812;0;0;0;0;0;0;0;0;0;0,25902;0,226725;0,25902;0,15875;0,6
6813;0;0;0;0;0;0;0;0;0;0,25902;0,3060675;0,3777575;0,25392;0,6
6814;0;0;0;0;0;0;0;0;0;0,2471225;0,25664;0,32175;0,2471225;0,6
6815;0;0;0;0;0;0;0;0;0;0,11946025;0,1297275;0,188535;0,112365;0,6
6816;0;0;0;0;0;0;0;0;0;0,0395685;0,05628425;0,0890175;0,044809;0,6
6817;0;0;0;0;0;0;0;0;0;0,01832775;0,038689;0,0677595;0,038689;0,6
6818;0;0;0;0;0;0;0;0;0;0,0677595;0,0639345;0,08459;0,038689;0,6
6819;0;0;0;0;0;0;0;0;0;0,081224;0,082754;0,10874275;0,0654645;0,6
6820;0;0;0;0;0;0;0;0;0;0,0212895;0,03976;0,0578145;0,02319675;0,6
6821;0;0;0;0;0;0;0;0;0;0,012131;0,0245245;0,03976;0,013754;0,6
6822;0;0;0;0;0;0;0;0;0;0,04573775;0,10109225;0,1173245;0,07680225;0,6
6823;0,012076796;0,007283256;0,101013351;0,127918445;0,011647175;0,0068207;0,095638;0,1303115;0;0,13667925;0,25515;0,28721;0,21653;0,6
6824;0,028952767;0,026860066;0,348357355;0,318990671;0,028402;0,0261755;0,35428;0,3350325;0;0,075369;0,111915;0,1523065;0,09690825;0,6
6825;0,062559513;0,059961395;0,253414066;0,496905197;0,0620975;0,059312;0,264285;0,532105;0;0,14777175;0,1740875;0,2148325;0,134103;0,6
6826;0,07606997;0,079264765;0,146226632;0,59421304;0,07582025;0,07877925;0,14925;0,6447925;0;0,24837;0,2437225;0,2527875;0,222845;0,6
6827;0,098176611;0,089814955;0,168352776;0,668893895;0,0981775;0,089522;0,1694575;0,734275;0;0,110065;0,0709775;0,08639425;0,06083175;0,6
6828;0,099102205;0,087297261;0,20698504;0,651166974;0,09931225;0,08706425;0,2094625;0,7188;0;0,1425575;0,07923475;0,084437;0,0608745;0,6
6829;0,10208655;0,079871554;0,273965447;0,613928881;0,1023345;0,07953825;0,2804675;0,6758525;0;0,1568075;0,07923475;0,1063265;0,07005475;0,6
6830;0,083030471;0,064600445;0,356332303;0,486218961;0,083119;0,06423075;0,3707475;0,5302475;0;0,09087;0,024259;0,044809;0,01699975;0,6
6831;0,066499311;0,033427358;0,208223901;0,300632882;0,06634625;0,0330885;0,21711075;0,3232125;0;0,134103;0,049222;0,0654645;0,0355905;0,6
6832;0,019787935;0,016239661;0,022785643;0,125863547;0,01965175;0,015894875;0,0234001;0,129436;0;0,10270425;0,038689;0,05628425;0,0355905;0,6
6833;0,000449754;0,000371018;0,000559773;0,001018422;0,000436725;0,00035843;0,000542445;0,000949653;0;0,07005475;0,03116425;0,0376265;0,012131;0,6
6834;0;0;0;0;0;0;0;0;0;0,01965575;0,006743153;0,01275075;0,006743153;0,6
6835;0;0;0;0;0;0;0;0;0;0,012131;0,02452475;0,03160675;0,012131;0,6
6836;0;0;0;0;0;0;0;0;0;0,02186875;0,038689;0,038689;0,02186875;0,6
6837;0;0;0;0;0;0;0;0;0;0,01178425;0,015672;0,02629525;0,012131;0,6
6838;0;0;0;0;0;0;0;0;0;0,001330433;0,002469958;0,008786825;0,002469958;0,6
6839;0;0;0;0;0;0;0;0;0;0,000131148;0,000213123;0,000409833;0,000213123;0,6
6840;0;0;0;0;0;0;0;0;0;0;0;0;0;0,6
6841;0;0;0;0;0;0;0;0;0;0;0;0;0;0,6
6842;0;0;0;0;0;0;0;0;0;0;0;0;0;0,6
6843;0;0;0;0;0;0;0;0;0;0;0;0;0;0,6
6844;0;0;0;0;0;0;0;0;0;0;0;0;0;0,6
6845;0;0;0;0;0;0;0;0;0;0;0;0;0;0,6
6846;0;0;0;0;0;0;0;0;0;0;0;0;0;0,6
6847;0;0,095863105;0;0,129257957;0;0,08223175;0;0,118612;0;0;0;0;0;0,6
6848;0,004109817;0,254225527;0,005757686;0,332368934;0,00379661;0,25377;0,00541555;0,33645;0;0;0;0;0;0,6
6849;0,016573299;0,413965263;0,023409312;0,48633454;0,015981;0,43963;0,0226725;0,5212725;3,17E-05;0;0;0;0;0,6
6850;0,02766069;0,524716381;0,022595203;0,595351974;0,02714075;0,56412;0,02207525;0,6468425;9,43E-05;0;0;0;0;0,6
6851;0,034549437;0,581208;0,03666405;0,6219255;0,03407675;0,631245;0,035985;0,6816325;0,000157107;0,000278688;0;0,000491803;0;0,6
6852;0,035414208;0,586517408;0,039229421;0,592756263;0,03498055;0,640885;0,038624;0,651115;0,000165331;0,00098361;0,000868855;0,004142078;0,000868855;0,6
6853;0,39112879;0,53601904;0,414145855;0,545000487;0,408085;0,5847775;0,4320925;0,596305;0,000166434;0,00098361;0,00098361;0,00098361;0,00037705;0,6
6854;0,320950698;0,461786053;0,378143013;0,431309329;0,3365175;0,49989;0,39785;0,4674425;0,000109742;0,00098361;0,000868855;0,00098361;0;0,6
6855;0,192236684;0,287269066;0,304256763;0,270098369;0,1998875;0,3072625;0,3208275;0,28879;3,99E-05;0,00098361;0;0,00098361;0;0,6
6856;0,076665201;0,121564251;0,124076408;0,101696471;0,0776295;0,12171475;0,1283685;0,10369175;0;0,00098361;0,00042623;0,00098361;0;0,6
6857;0,001128161;0,001372878;0,002882949;0,000497736;0,0010724;0,001176493;0,002859675;0,00042997;0;0,000491803;0;0,000704928;0;0,6
6858;0;0;0;0;0;0;0;0;0;0;0;0;0;0,6
6859;0;0;0;0;0;0;0;0;0;0;0,000262303;0;0;0,6
6860;0;0;0;0;0;0;0;0;0;0;1,64E-05;0;1,64E-05;0,6
6861;0;0;0;0;0;0;0;0;0;0,00018032;0,000895085;0,000540983;0,000895085;0,6
6862;0;0;0;0;0;0;0;0;0;0;2,30E-05;0;2,30E-05;0,6
6863;0;0;0;0;0;0;0;0;0;0;0;0;0;0,6
6864;0;0;0;0;0;0;0;0;0;0;0;0;0;0,6
6865;0;0;0;0;0;0;0;0;0;0;0;0;0;0,6
6866;0;0;0;0;0;0;0;0;0;0,00047541;0,00057377;0,000672125;0,000737705;0,6
6867;0;0;0;0;0;0;0;0;0;0,00098361;0,00098361;0,00098361;0,00098361;0,6
6868;0;0;0;0;0;0;0;0;0;0,00098361;0,00098361;0,00098361;0,001330433;0,6
6869;0;0;0;0;0;0;0;0;0;0,002841553;0,00098361;0,0094559;0,0113385;0,6
6870;0;0;0;0;0;0;0;0;0;0,000540985;0,000213123;0,001128953;0,001128953;0,6
6871;0,024892022;0,057189426;0,107023457;0,011897625;0,02443885;0,05267875;0,09073925;0,011475725;0;0;0;3,06E-05;8,52E-05;0,6
6872;0,061092624;0,190002158;0,290774961;0,047834996;0,06057275;0,1900225;0,2856825;0,047229;1,28E-05;0,000786888;0,000672125;0,000953008;0,00098033;0,6
6873;0,091255117;0,302330448;0,459609316;0,090215148;0,09114;0,3141525;0,4887725;0,09009225;0,000125996;0,00098361;0,00098361;0,00098361;0,00098361;0,6
6874;0,275867684;0,341952355;0,576040658;0,083813519;0,28103;0,3554375;0,62069;0,08383325;0,00020457;0,000131148;0,00098361;0,000459025;0,00052459;0,6
6875;0,348154129;0,398569184;0,619038434;0,081472082;0,358801;0,416785;0,6738575;0,081351;0,000236517;0;0,00098361;0,000213123;8,52E-05;0,6
6876;0,404348132;0,387986487;0,612298737;0,076941628;0,4217225;0,4076925;0,6699625;0,07678;0,000233242;0,000868855;0,0108305;0,00098361;0,00098033;0,6
6877;0,45055804;0,390984316;0,572876684;0,066624762;0,47787;0,411435;0,6258775;0,06640925;0,000208625;0,00098361;0,0355905;0,00098361;0,002469958;0,6
6878;0,398523434;0,308162369;0,460403921;0,059396503;0,4242875;0,3239525;0,498545;0,05911775;0,000114406;0,00098361;0,038689;0,0108305;0,012131;0,6
6879;0,324511974;0,1865136;0,317697632;0,042074349;0,3446;0,194666;0,3394925;0,04177975;4,19E-05;0,00098361;0,038689;0,005814303;0,00860115;0,6
6880;0,14049512;0,075694338;0,114880417;0,017744667;0,13917375;0,076254;0,1175805;0,01749645;0;0,0108305;0,07923475;0,02452475;0,024082;0,6
6881;0,002723799;0,001025462;0,001469605;0,000400227;0,00231846;0,000898998;0,00129391;0,000387525;0;0,013459;0,08579775;0,038689;0,038689;0,6
6882;0;0;0;0;0;0;0;0;0;0,04513125;0,152945;0,07387975;0,07923475;0,6
6883;0;0;0;0;0;0;0;0;0;0,038689;0,0899025;0,05398925;0,07311475;0,6
6884;0;0;0;0;0;0;0;0;0;0,038689;0,08459;0,07923475;0,08459;0,6
6885;0;0;0;0;0;0;0;0;0;0,038689;0,082754;0,081224;0,082754;0,6
6886;0;0;0;0;0;0;0;0;0;0,02313775;0,03976;0,038995;0,03976;0,6
6887;0;0;0;0;0;0;0;0;0;0,03786275;0,038689;0,038689;0,038689;0,6
6888;0;0;0;0;0;0;0;0;0;0,0223115;0,038689;0,038689;0,038689;0,6
6889;0;0;0;0;0;0;0;0;0;0,038689;0,07923475;0,07005475;0,0608745;0,6
6890;0;0;0;0;0;0;0;0;0;0,06240425;0,08459;0,08459;0,08459;0,6
6891;0;0;0;0;0;0;0;0;0;0,044809;0,08579775;0,08459;0,08459;0,6
6892;0;0;0;0;0;0;0;0;0;0,08459;0,1534275;0,1425575;0,13048;0,6
6893;0;0;0;0;0;0;0;0;0;0,08459;0,15705;0,15705;0,15705;0,6
6894;0;0;0;0;0;0;0;0;0;0,08459;0,15705;0,15705;0,1328955;0,6
6895;0,062256191;0,004215843;0,015668629;0,012070271;0,0573475;0,00375931;0,015172;0,0116444;0;0,1425575;0,2192525;0,2184575;0,15705;0,6
6896;0,195558375;0,012405691;0,032614453;0,061756239;0,1931285;0,01180155;0,03191625;0,0612545;7,53E-05;0,10270425;0,15773;0,1602225;0,138935;0,6
6897;0,335670158;0,014772434;0,060190386;0,077408518;0,35102;0,014278875;0,05948175;0,0772045;0,00018622;0,13048;0,19104;0,18934;0,16736;0,6
6898;0,382185868;0,023066909;0,112012855;0,118729437;0,4025825;0,0224845;0,1115425;0,11897425;0,000302018;0,235225;0,3710375;0,34639;0,3328375;0,6
6899;0,389785184;0,024946271;0,118571961;0,121381974;0,4088675;0,02442375;0,118495;0,12193;0,000403524;0,2527875;0,38672;0,3732775;0,3598325;0,6
6900;0,401056539;0,035323816;0,081003024;0,12404029;0,4206675;0,03473575;0,08075725;0,1246275;0,000383053;0,12074575;0,1865225;0,1970325;0,1438525;0,6
6901;0,385383553;0,413965263;0,099622792;0,087031429;0,40656;0,4326375;0,09920725;0,087248;0,000339742;0,0677595;0,08579775;0,0952975;0,07846975;0,6
6902;0,304711855;0,348624632;0,125270724;0,093441726;0,3200325;0,3667625;0,1253905;0,0934995;0,000255998;0,13893425;0,1986325;0,2247875;0,1449725;0,6
6903;0,200982158;0,243233486;0,084065625;0,053848954;0,20953;0,255585;0,0841545;0,053819;0,000155926;0,122025;0,15773;0,1808425;0,143765;0,6
6904;0,061874227;0,117502133;0,023937122;0,016828367;0,06291975;0,11710375;0,02373925;0,016644675;2,25E-05;0,1791425;0,23345;0,26751;0,18934;0,6
6905;0,000413332;0,001828543;0,000726903;0,0003196;0,00038445;0,00159655;0,000708403;0,000307975;0;0,3329525;0,480385;0,4852625;0,362075;0,6
6906;0;0;0;0;0;0;0;0;0;0,362075;0,5160675;0,5160675;0,38179;0,6
6907;0;0;0;0;0;0;0;0;0;0,1876375;0,227655;0,234455;0,1914875;0,6
6908;0;0;0;0;0;0;0;0;0;0,151735;0,1565675;0,15705;0,1449725;0,6
6909;0;0;0;0;0;0;0;0;0;0,07053775;0,07536725;0,09022275;0,0639345;0,6
6910;0;0;0;0;0;0;0;0;0;0,02850825;0,02248825;0,038689;0,015672;0,6
6911;0;0;0;0;0;0;0;0;0;0,0585795;0,05840225;0,07387975;0,0355905;0,6
6912;0;0;0;0;0;0;0;0;0;0,08459;0,08459;0,10995025;0,038689;0,6
6913;0;0;0;0;0;0;0;0;0;0,05016425;0,05628425;0,0700545;0,01717675;0,6
6914;0;0;0;0;0;0;0;0;0;0,05322425;0,05322425;0,07693975;0,03674125;0,6
6915;0;0;0;0;0;0;0;0;0;0,02098375;0,02248825;0,038689;0,015672;0,6
6916;0;0;0;0;0;0;0;0;0;0,0598275;0,06468225;0,0751245;0,019366;0,6
6917;0;0;0;0;0;0;0;0;0;0,230395;0,3088025;0,28896;0,140857;0,6
6918;0;0;0;0;0;0;0;0;0;0,5829525;0,8301375;0,6979;0,45186;0,6
6919;0,074430435;0,08492428;0;0,005026738;0,066544075;0,073224;0;0,004577198;0;0,535575;0,84454;0,7059;0,4000525;0,6
6920;0,209002855;0,301258934;0,004767863;0,022691447;0,2104075;0,301475;0,00438885;0,022054;0;0,2222925;0,2701925;0,30253;0,15065;0,6
6921;0,334962237;0,326366053;0,020842761;0,039342592;0,3508975;0,3420125;0,02016085;0,03880425;0;0,0890175;0,10029025;0,15705;0,08459;0,6
6922;0,42982125;0,495946855;0,038059425;0,05380176;0,45365;0,5249125;0,03733675;0,0533555;0;0,08459;0,08459;0,15705;0,1051205;0,6
6923;0,495612158;0,255817145;0,042978272;0,064791632;0,52715;0,269495;0,04234725;0,064428;0,000112261;0,09666575;0,12202775;0,1558425;0,1568075;0,6
6924;0,505315974;0,242537124;0,04524988;0,058563131;0,5403225;0,24800225;0,04461825;0,058244;0,000238778;0,04633925;0,04863425;0,0644975;0,0717445;0,6
6925;0,433717224;0,059093349;0,416182934;0,469753776;0,46321;0,059836;0,435165;0,4955575;0,000489611;0,03839375;0,0376265;0,038689;0,0669945;0,6
6926;0,363059961;0,017473538;0,384121815;0,346900579;0,385265;0,01714935;0,4054125;0,3673775;0,000388171;0,013754;0,011078875;0,03426225;0,038689;0,6
6927;0,241097684;0,007948774;0,257601395;0,214100368;0,2540875;0,00759155;0,2711275;0,224885;0,000201565;0,0314295;0,029659;0,038689;0,0654645;0,6
6928;0,097010467;0,001788861;0,089971637;0,075395759;0,0967085;0,001647313;0,09186735;0,076338;2,67E-05;0,0110075;0,005991178;0,02054075;0,02009825;0,6
6929;0,000668439;0;0,000828846;0,000200135;0,0005892;0;0,000725815;0,000178053;0;0,001330433;0,00098361;0,012131;0,012131;0,6
6930;0;0;0;0;0;0;0;0;0;0,01196125;0,010548525;0,02054075;0,015672;0,6
6931;0;0;0;0;0;0;0;0;0;0,0482165;0,06202525;0,0709795;0,05398925;0,6
6932;0;0;0;0;0;0;0;0;0;0,13893425;0,2221225;0,2247875;0,1449725;0,6
6933;0;0;0;0;0;0;0;0;0;0,134103;0,1881425;0,2077925;0,1224705;0,6
6934;0;0;0;0;0;0;0;0;0;0,05169425;0,06256525;0,0778645;0,02726225;0,6
6935;0;0;0;0;0;0;0;0;0;0,04939925;0,0677595;0,088213;0,030379;0,6
6936;0;0;0;0;0;0;0;0;0;0,1147805;0,14328;0,17908;0,109679;0,6
6937;0;0;0;0;0;0;0;0;0;0,040756;0,05192025;0,0575185;0,031379;0,6
6938;0;0;0;0;0;0;0;0;0;0,1185945;0,133032;0,18600925;0,11635025;0,6
6939;0;0;0;0;0;0;0;0;0;0,15705;0,1658875;0,226725;0,15705;0,6
6940;0;0;0;0;0;0;0;0;0;0,172345;0,2563;0,25902;0,226725;0,6
6941;0;0;0;0;0;0;0;0;0;0,1051205;0,1478425;0,175745;0,112365;0,6
6942;0;0;0;0;0;0;0;0;0;0,1425575;0,15705;0,15705;0,13893425;0,6
6943;0,060004881;0,004134271;0,035394608;0;0,0549429;0,003683673;0,033167175;0;0;0,15705;0,15705;0,1825425;0,15705;0,6
6944;0,19632529;0,022081358;0,139525942;0,004893719;0,197605;0,0213575;0,13837025;0,004522098;0;0,204635;0,2607125;0,27918;0,1914875;0,6
6945;0,30040654;0,050453341;0,242176421;0,012419632;0,31328;0,049811;0,24694;0,01181035;0;0,3710375;0,51313;0,5104925;0,4531375;0,6
6946;0,386235947;0,073304021;0,281562356;0,021198648;0,405535;0,07277725;0,2882275;0,020684375;0;0,3486325;0,482625;0,47705;0,394555;0,6
6947;0,404234961;0,083163146;0,370360938;0,025393417;0,4254675;0,08274425;0,380007;0,024906;0;0,3710375;0,39344;0,39344;0,3710375;0,6
6948;0,401034868;0,081814243;0,303702947;0,025312271;0,4224825;0,0814335;0,312315;0,02484755;0;0,25902;0,2836625;0,33071;0,21313;0,6
6949;0,385525618;0,078635822;0,268824592;0,454644237;0,40701;0,07824225;0,2753925;0,477095;0;0,25902;0,259915;0,27261;0,1876375;0,6
6950;0,320712316;0,059409987;0,225840782;0,530252132;0,337625;0,05903175;0,230724;0,5643;0;0,3374325;0,3835825;0,4852625;0,3374325;0,6
6951;0,207288434;0,036816229;0,093855162;0,317374974;0,216935;0,03641325;0,095124;0,33907;0;0,39344;0,415735;0,479835;0,39344;0,6
6952;0,074482878;0,012124737;0,025933989;0,108105083;0,0763762;0,0118734;0,0258095;0,10942325;0;0,39344;0,5554575;0,5554575;0,39344;0,6
6953;0,000305201;0,000113978;0,000269242;0,000581699;0,0002707;0,000107708;0,00026283;0,00049795;0;0,33071;0,39715;0,3986425;0,355355;0,6
6954;0;0;0;0;0;0;0;0;0;0,25902;0,267235;0,2769425;0,24372;0,6
6955;0;0;0;0;0;0;0;0;0;0,297105;0,3665575;0,380545;0,32175;0,6
6956;0;0;0;0;0;0;0;0;0;0,39344;0,482625;0,548395;0,390305;0,6
6957;0;0;0;0;0;0;0;0;0;0,2836625;0,297105;0,359805;0,2423;0,6
6958;0;0;0;0;0;0;0;0;0;0,25902;0,25902;0,39344;0,25902;0,6
6959;0;0;0;0;0;0;0;0;0;0,267235;0,259915;0,353115;0,2390725;0,6
6960;0;0;0;0;0;0;0;0;0;0,478345;0,3835825;0,5216425;0,4654;0,6
6961;0;0;0;0;0;0;0;0;0;0,415735;0,39344;0,5554575;0,415735;0,6
6962;0;0;0;0;0;0;0;0;0;0,33071;0,39344;0,3986425;0,3038275;0,6
6963;0;0;0;0;0;0;0;0;0;0,264395;0,39344;0,39344;0,27067;0,6
6964;0;0;0;0;0;0;0;0;0;0,390305;0,39344;0,518855;0,3929925;0,6
6965;0;0;0;0;0;0;0;0;0;0,5104925;0,3919475;0,56066;0,52164;0,6
6966;0;0;0;0;0;0;0;0;0;0,3351925;0,25024;0,47705;0,3508725;0,6
6967;0,005300068;0,014599909;0,088418617;0,011614625;0,00483347;0,0141364;0,075771325;0,01110985;0;0,1995375;0,1244425;0,2769425;0,1808425;0,6
6968;0,028948433;0,06429392;0,254774526;0,034762295;0,0282725;0,06368475;0,252545;0,03403875;0;0,151735;0,08459;0,1961375;0,112365;0,6
6969;0,059190869;0,118648291;0,41018246;0,092847458;0,05872975;0,118858;0,43353;0,092703;0;0,07971775;0,05092925;0,097873;0,044809;0,6
6970;0,080066834;0,113736908;0,527198921;0,070157384;0,07980775;0,1140875;0,5638175;0,07012375;0;0,040117;0,04710425;0,0677595;0,038689;0,6
6971;0,079768256;0,123166224;0,555925105;0,340750816;0,079605;0,1233375;0,599605;0,3516675;0;0,083162;0,12565;0,09425;0,05169425;0,6
6972;0,085918981;0,104190569;0,54837154;0,295815407;0,08577325;0,104297;0,59332;0,3063445;0;0,1372425;0,2192525;0,15705;0,08459;0,6
6973;0,075504355;0,106611948;0,486320092;0,267021079;0,07536;0,10661075;0,5249525;0,274935;0;0,07206775;0,149275;0,094507;0,050634;0,6
6974;0,055403732;0,091962316;0,372352026;0,459919934;0,05515025;0,09192575;0,3991375;0,48344;0;0,03116425;0,07158475;0,0379325;0,01363025;0,6
6975;0,031273737;0,044012704;0,258918513;0,307502605;0,0309825;0,04383475;0,274085;0,3265125;0;0,012131;0,02673775;0,01275075;0,001664858;0,6
6976;0,011928229;0,016974382;0,096643263;0,087285101;0,01166505;0,016690025;0,096714;0,089806825;0;0,012131;0,02009825;0,012131;0,002469958;0,6
6977;0,000127161;0,000188562;0,000331278;0,000871225;0,00011984;0,000182185;0,0002843;0,0007491;0;0,01700025;0,045574;0,034528;0,012131;0,6
6978;0;0;0;0;0;0;0;0;0;0,008786825;0,012355178;0,00977825;0,005256805;0,6
6979;0;0;0;0;0;0;0;0;0;0,000540985;0,000262295;0,00098361;0,000213123;0,6
6980;0;0;0;0;0;0;0;0;0;0,000278688;0;0,00042623;1,64E-05;0,6
6981;0;0;0;0;0;0;0;0;0;0,00302733;0,000737705;0,006185753;0,00297815;0,6
6982;0;0;0;0;0;0;0;0;0;0,02054075;0,0108305;0,0355905;0,02054075;0,6
6983;0;0;0;0;0;0;0;0;0;0,012131;0,012131;0,038689;0,012131;0,6
6984;0;0;0;0;0;0;0;0;0;0,012131;0,005256805;0,03027875;0,01168525;0,6
6985;0;0;0;0;0;0;0;0;0;0,002469958;0,00037705;0,004513705;0,001243708;0,6
6986;0;0;0;0;0;0;0;0;0;0,00098361;0,000868855;0,00098361;0,00098361;0,6
6987;0;0;0;0;0;0;0;0;0;0,00098361;0,00098361;0,00098361;0,00098361;0,6
6988;0;0;0;0;0;0;0;0;0;0,00417158;0,001664857;0,006508105;0,00431908;0,6
6989;0;0;0;0;0;0;0;0;0;0,06048425;0,05149375;0,0995075;0,07547175;0,6
6990;0;0;0;0;0;0;0;0;0;0,097873;0,0874885;0,1645275;0,15705;0,6
6991;0,011446169;0,004249621;0,077101994;0,079399125;0,011001075;0,00378293;0,066657875;0,07025125;0;0,2012375;0,196425;0,2986675;0,280725;0,6
6992;0,047858594;0,024820098;0,204680685;0,231150671;0,047238;0,024085;0,20174275;0,23151;0;0,3710375;0,563095;0,490985;0,5775425;0,6
6993;0,087420545;0,047960929;0,35607225;0,385891619;0,087233;0,047329;0,373605;0,406125;0;0,54115;0,850725;0,7018;0,76721;0,6
6994;0,095806761;0,064421538;0,515547119;0,434771882;0,095879;0,0638615;0,549065;0,4609475;0;0,5300025;0,94;0,732785;0,732785;0,6
6995;0,109048737;0,081624983;0,568658053;0,448299434;0,109308;0,081134;0,61208;0,4760425;0;0,3732775;0,8397825;0,527215;0,44918;0,6
6996;0,111268575;0,077640158;0,564983605;0,462043697;0,1115965;0,07723625;0,610705;0,49085;1,95E-05;0,415735;0,946725;0,56066;0,5077075;0,6
6997;0,082245016;0,070450907;0,451870342;0,404188247;0,08229975;0,0700275;0,4862075;0,4279525;0;0,56066;0,9958875;0,7431125;0,7121275;0,6
6998;0,075522896;0,058305004;0,367531421;0,316245671;0,07536275;0,05786875;0,391045;0,33229;0;0,6673775;1;0,76721;0,76721;0,6
6999;0,057841725;0,03342182;0,26742079;0,189871409;0,05763625;0,033037;0,282065;0,19863225;0;0,5437525;0,9899;0,7155725;0,6486875;0,6
7000;0,020726532;0,012261361;0,077859035;0,066493532;0,020555325;0,0119856;0,07896675;0,0665025;0;0,2587025;0,5629175;0,356465;0,25065;0,6
7001;0,000233226;0,000102511;0,000359186;7,87E-05;0,000227465;9,70E-05;0,0003108;7,03E-05;0;0,054915;0,095717;0,0722025;0,0305245;0,6
7002;0;0;0;0;0;0;0;0;0;0,038689;0,038689;0,038689;0,012131;0,6
7003;0;0;0;0;0;0;0;0;0;0,038689;0,03027875;0,038689;0,012131;0,6
7004;0;0;0;0;0;0;0;0;0;0,038689;0,038689;0,06668875;0,033082;0,6
7005;0;0;0;0;0;0;0;0;0;0,038689;0,015672;0,038995;0,013754;0,6
7006;0;0;0;0;0;0;0;0;0;0,03337725;0,0114498;0,037066;0,01652025;0,6
7007;0;0;0;0;0;0;0;0;0;0,003322508;0,000517315;0,004360658;0,001408743;0,6
7008;0;0;0;0;0;0;0;0;0;0;0;0;0;0,6
7009;0;0;0;0;0;0;0;0;0;0;0;0;0;0,6
7010;0;0;0;0;0;0;0;0;0;6,55E-06;0;6,55E-06;0;0,6
7011;0;0;0;0;0;0;0;0;0;0,000911478;0,00057377;0,000911478;0,00057377;0,6
7012;0;0;0;0;0;0;0;0;0;0,00098361;0,000311468;0,00098361;0,000311468;0,6
7013;0;0;0;0;0;0;0;0;0;0,007139678;0,006483103;0,0091585;0,006483103;0,6
7014;0;0;0;0;0;0;0;0;0;0,001330433;0,00102733;0,006185753;0,00102733;0,6
7015;0,059702787;0;0,093446302;0;0,0533775;0;0,080292;0;0;0,000312575;6,99E-05;0,000836068;6,99E-05;0,6
7016;0,087511323;0,039420127;0,276804355;0,004659373;0,0841915;0,0390165;0,2775175;0,004295925;4,66E-05;0,005813082;0,003747578;0,008601025;0,003375953;0,6
7017;0,079065391;0,070712886;0,472330224;0,083192763;0,0795705;0,07019375;0,5012275;0,08283225;0,000162974;0,012131;0,012131;0,012131;0,012131;0,6
7018;0,100937984;0,105391145;0,598434079;0,223286487;0,10101225;0,10516475;0,642275;0,2270925;0,000240723;0,013459;0,0209835;0,0209835;0,013754;0,6
7019;0,134860165;0,13495046;0,29796662;0,263563342;0,1355125;0,1353125;0,3179155;0,2706;0,000258796;0,05813675;0,09747025;0,08200975;0,06593425;0,6
7020;0,136958645;0,160796803;0,251317512;0,223907965;0,1379075;0,161785;0,25697775;0,229473;0,000230682;0,09545825;0,15705;0,1568075;0,14328;0,6
7021;0,070483172;0,09870731;0,317190769;0,217683075;0,070699;0,09914125;0,32470225;0,22123625;0,000221984;0,05169425;0,08889475;0,0717445;0,0651825;0,6
7022;0,119982987;0,074221429;0,131215816;0,121374028;0,1205575;0,074032;0,13452;0,12312;0,000162198;0,02983625;0,0355905;0,037066;0,03337725;0,6
7023;0,075282347;0,028267721;0,194866105;0,104243542;0,075816;0,02801375;0,19905;0,105511;3,25E-05;0,0023552;0,002546448;0,004622955;0,002934433;0,6
7024;0,038389788;0,012198371;0,004979069;0,046356067;0,0374853;0,011863025;0,00511885;0,04582115;0;0,005999978;0,007300553;0,0091585;0,007300553;0,6
7025;0,000308259;6,30E-05;0;8,74E-05;0,000281325;6,02E-05;0;7,80E-05;0;0,012131;0,01257375;0,01319325;0,012131;0,6
7026;0;0;0;0;0;0;0;0;0;0,03160675;0,038789;0,03806925;0,03160675;0,6
7027;0;0;0;0;0;0;0;0;0;0,038689;0,083162;0,07923475;0,0639345;0,6
7028;0;0;0;0;0;0;0;0;0;0,0677595;0,1051205;0,09425;0,08459;0,6
7029;0;0;0;0;0;0;0;0;0;0,11840525;0,1876375;0,1876375;0,150295;0,6
7030;0;0;0;0;0;0;0;0;0;0,1927375;0,3060675;0,25902;0,25392;0,6
7031;0;0;0;0;0;0;0;0;0;0,15705;0,25902;0,25834;0,2515425;0,6
7032;0;0;0;0;0;0;0;0;0;0,097873;0,170645;0,1645275;0,13599;0,6
7033;0;0;0;0;0;0;0;0;0;0,12081925;0,15705;0,15705;0,15705;0,6
7034;0;0;0;0;0;0;0;0;0;0,15705;0,1825425;0,1825425;0,15705;0,6
7035;0;0;0;0;0;0;0;0;0;0,1825425;0,2903825;0,27261;0,2607125;0,6
7036;0;0;0;0;0;0;0;0;0;0,4254075;0,6369;0,538835;0,540575;0,6
7037;0;0;0;0;0;0;0;0;0;0,9307825;0,9983025;0,981575;0,99012;0,6
7038;0;0;0;0;0;0;0;0;0;1;1;1;1;0,6
7039;0,071796197;0,083901648;0;0,022300476;0,06345475;0,073713;0;0,02187095;0;1;1;1;1;0,6
7040;0,157514842;0,174998566;0,014250957;0,042798644;0,153255;0,16821;0,01378155;0,04228575;0,000111595;0,9746875;0,9999825;0,999125;0,998775;0,6
7041;0,281576803;0,275010474;0,190848292;0,079238278;0,2905925;0,28532;0,19375;0,07894675;2,03E-05;0,8219275;0,96783;0,9536875;0,917305;0,6
7042;0,358952092;0,349325329;0,333206882;0,12610241;0,372385;0,3651;0,34419;0,126444;7,96E-05;0,7018;0,885285;0,885285;0,7431125;0,6
7043;0,446113066;0,372771;0,701234329;0,282583303;0,4688075;0,391175;0,748345;0,289495;0;0,465455;0,55672;0,64626;0,4660475;0,6
7044;0,343698079;0,291846474;0,590757711;0,22447695;0,36156;0,3047575;0,63919;0,23074525;0;0,2587725;0,238935;0,3418825;0,19933;0,6
7045;0,394918816;0,21662625;0,052812115;0,093992171;0,4134425;0,22214425;0,056618;0,09516825;0;0,15705;0,15705;0,25902;0,11840525;0,6
7046;0,389537171;0,119864037;0,016952542;0,190869;0,412335;0,120476;0,01662125;0,1941675;0;0,1413505;0,13575525;0,2278725;0,079949;0,6
7047;0,281097632;0,057457666;0,006615787;0,129578447;0,2986025;0,05726725;0,006239925;0,13271625;0;0,0331805;0,019262453;0,04763125;0,013477203;0,6
7048;0,077535174;0,030947997;0,001365452;0,016904096;0,07910775;0,030227225;0,001234655;0,01724805;0;0,009344225;0,000953007;0,009344225;0,000953007;0,6
7049;0,000209793;5,78E-05;0;0;0,000178673;5,35E-05;0;0;0;0,001949733;0,00019453;0,002110758;0,00019453;0,6
7050;0;0;0;0;0;0;0;0;0;0,027586;0,020409975;0,03115175;0,009344225;0,6
7051;0;0;0;0;0;0;0;0;0;0,038689;0,038689;0,038689;0,012131;0,6
7052;0;0;0;0;0;0;0;0;0;0,03839375;0,03337725;0,038689;0,012131;0,6
7053;0;0;0;0;0;0;0;0;0;0,013754;0,012131;0,02629525;0,012131;0,6
7054;0;0;0;0;0;0;0;0;0;0,015672;0,010595525;0,0209835;0,009061275;0,6
7055;0;0;0;0;0;0;0;0;0;0,09135025;0,102117;0,11030375;0,0774455;0,6
7056;0;0;0;0;0;0;0;0;0;0,31209;0,436735;0,323055;0,3293625;0,6
7057;0;0;0;0;0;0;0;0;0;0,41295;0,596235;0,4331125;0,448425;0,6
7058;0;0;0;0;0;0;0;0;0;0,78469;0,9635825;0,899595;0,90742;0,6
7059;0;0;0;0;0;0;0;0;0;0,95825;1;0,9989525;0,9983375;0,6
7060;0;0;0;0;0;0;0;0;0;0,9988625;1;0,9999825;1;0,6
7061;0;0;0;0;0;0;0;0;0;0,99545;1;0,9796925;1;0,6
7062;0;0;0;0;0;0;0;0;0;0,99659;1;0,998165;1;0,6
7063;0,053367375;0,067406124;0;0;0,047752825;0,050453175;0;0;0;1;1;1;1;0,6
7064;0,095042013;0,246903118;0,023290121;0,003494696;0,0930075;0,23078;0,02283815;0,003128015;0;1;1;1;1;0,6
7065;0,116751592;0,417225553;0,046538585;0,095269559;0,118135;0,4359625;0,04585425;0,095157;0;1;1;1;1;0,6
7066;0,094261855;0,543531671;0,101307837;0,219332724;0,0947455;0,58394;0,1007455;0,223095;0;1;1;1;1;0,6
7067;0,135634543;0,591152605;0,133371363;0,201781579;0,13616125;0,63996;0,13343375;0,206185;0;1;1;1;1;0,6
7068;0,111396916;0,50001379;0,130830553;0,177507592;0,11190375;0,53927;0,131095;0,1802725;0;1;1;1;1;0,6
7069;0,135078079;0,402135276;0,097187929;0,184370092;0,13586525;0,428965;0,0971695;0,1871475;0;1;1;1;1;0,6
7070;0,145102145;0,324295263;0,074445604;0,153794404;0,1469465;0,3429475;0,07409175;0,1564555;0;1;1;1;1;0,6
7071;0,209424237;0,225065921;0,044892308;0,283609066;0,21595;0,23611;0,044471;0,2927875;0;1;1;1;1;0,6
7072;0,077280419;0,063856646;0,0096428;0,072479052;0,07662025;0,06461575;0,00944585;0,072561075;0;1;1;1;1;0,6
7073;0,00016123;3,85E-05;2,84E-05;0;0,0001412;3,30E-05;2,53E-05;0;0;1;1;1;1;0,6
7074;0;0;0;0;0;0;0;0;0;1;1;1;1;0,6
7075;0;0;0;0;0;0;0;0;0;1;1;1;1;0,6
7076;0;0;0;0;0;0;0;0;0;0,9993875;1;1;0,9979875;0,6
7077;0;0;0;0;0;0;0;0;0;1;1;1;1;0,6
7078;0;0;0;0;0;0;0;0;0;0,9992125;0,999475;1;0,9962375;0,6
7079;0;0;0;0;0;0;0;0;0;1;1;1;0,9993875;0,6
7080;0;0;0;0;0;0;0;0;0;0,99979;0,9999825;1;0,998775;0,6
7081;0;0;0;0;0;0;0;0;0;0,9948725;0,96783;0,997725;0,917305;0,6
7082;0;0;0;0;0;0;0;0;0;0,9590675;0,8759775;0,991405;0,7293425;0,6
7083;0;0;0;0;0;0;0;0;0;0,677935;0,46954;0,819655;0,4251375;0,6
7084;0;0;0;0;0;0;0;0;0;0,5882;0,4219975;0,6555425;0,31161;0,6
7085;0;0;0;0;0;0;0;0;0;0,91913;0,8942725;0,9774375;0,7989075;0,6
7086;0;0;0;0;0;0;0;0;0;0,8564875;0,7985725;0,95539;0,6297025;0,6
7087;0;0,004490964;0;0,067417681;0;0,0040356;0;0,05903775;0;0,9391925;0,9414025;0,990695;0,833825;0,6
7088;0,014534005;0,04444155;0,128954803;0,157914553;0,014168675;0,0436505;0,13110475;0,1531975;0;0,4950625;0,42318;0,6026775;0,3766325;0,6
7089;0,041608421;0,053467062;0,226147066;0,293016711;0,041028;0,0529445;0,2316125;0,3031825;0;0,2336175;0,14868725;0,3218725;0,12097475;0,6
7090;0,055967902;0,344865908;0,469084382;0,326175829;0,055548;0,355825;0,4912675;0,33894;0;0,05918275;0,0183679;0,0722025;0,0138414;0,6
7091;0,064048315;0,346996895;0,287282309;0,396255197;0,06369475;0,36046;0,30174125;0,4133975;0;0,07633475;0,037929;0,097349;0,02506725;0,6
7092;0,07058912;0,361966776;0,099258719;0,428728066;0,0702935;0,3753975;0,1007005;0,451685;0;0,2088125;0,13893425;0,242025;0,1201145;0,6
7093;0,081732135;0,409339698;0,163222998;0,292010211;0,08151375;0,4287725;0,164038;0,306145;0;0,149275;0,09425;0,175745;0,0651825;0,6
7094;0,059032429;0,135793224;0,022253643;0,221066408;0,0588335;0,1415925;0,022442675;0,2284575;0;0,083162;0,06928975;0,1328965;0,03786275;0,6
7095;0,028018023;0,277837342;0,005920556;0,094624725;0,027753;0,27827;0,0055719;0,0973835;0;0,03441375;0,0141334;0,046645;0,0105421;0,6
7096;0,007763847;0,070211827;0,000834437;0,003352586;0,007552625;0,066260625;0,0007171;0,003332328;0;0,1185945;0,069435;0,133032;0,060836;0,6
7097;0;0;0;0;0;0;0;0;0;0,10270425;0,08459;0,15705;0,0601095;0,6
7098;0;0;0;0;0;0;0;0;0;0,07923475;0,06867;0,128883;0,03600375;0,6
7099;0;0;0;0;0;0;0;0;0;0,012868803;0,005193483;0,016149202;0,003778128;0,6
7100;0;0;0;0;0;0;0;0;0;0,00098361;0;0,00098361;0;0,6
7101;0;0;0;0;0;0;0;0;0;0,00098361;0;0,00098361;0;0,6
7102;0;0;0;0;0;0;0;0;0;0,000737705;0;0,000786888;0;0,6
7103;0;0;0;0;0;0;0;0;0;0;0;0;0;0,6
7104;0;0;0;0;0;0;0;0;0;0;0;0;0;0,6
7105;0;0;0;0;0;0;0;0;0;0;0;0;0;0,6
7106;0;0;0;0;0;0;0;0;0;0,00175301;0,000805848;0,002644808;0,00058797;0,6
7107;0;0;0;0;0;0;0;0;0;0,027586;0,0294895;0,0320495;0,026292;0,6
7108;0;0;0;0;0;0;0;0;0;0,01959675;0,038689;0,038689;0,01959675;0,6
7109;0;0;0;0;0;0;0;0;0;0,03786275;0,038689;0,044809;0,03786275;0,6
7110;0;0;0;0;0;0;0;0;0;0,040117;0,0677595;0,08459;0,04863425;0,6
7111;0;0;0;0,032827239;0;0;0;0,031506;0;0,083162;0,09425;0,08684425;0,08459;0,6
7112;0,010407041;0,058602379;0,002324433;0,130922053;0,01004155;0,05726375;0,002002905;0,13071;7,56E-05;0,1080275;0,1813825;0,1768875;0,1218475;0,6
7113;0,029114578;0,044305023;0,024443695;0,219467566;0,028514;0,04351175;0,023673025;0,2240175;0,000168214;0,3390525;0,6126225;0,4496175;0,4836625;0,6
7114;0,048591797;0,180445224;0,038091209;0,336508828;0,04808625;0,182475;0,03742275;0,34599975;0,000253209;0,39344;0,7155725;0,56066;0,56066;0,6
7115;0,056789475;0,279973145;0,054542187;0,305268079;0,0563925;0,2867325;0,0538385;0,3147925;0,000333639;0,5445925;0,850725;0,7018;0,7296;0,6
7116;0,067908651;0,444063948;0,068285006;0,253772842;0,0675575;0,4656975;0,06761125;0,2608975;0,000442521;0,8316175;0,9902025;0,9239225;0,9708825;0,6
7117;0,059034115;0,394658763;0,430184843;0,200173105;0,05874475;0,417175;0,4499525;0,20473375;0,000423841;0,9972525;1;0,9997375;1;0,6
7118;0,047348601;0,363103302;0,345398053;0,116338638;0,0470185;0,3843075;0,36443;0,1178315;0,000312468;1;1;1;1;0,6
7119;0,02547047;0,185042617;0,221044015;0,076039871;0,02515175;0,18887875;0,23196975;0,07573525;0,000146043;1;1;1;1;0,6
7120;0,006238706;0,034809273;0,055670309;0,003493961;0,00610911;0,031351525;0,05687385;0,003431535;0;0,997115;1;1;1;0,6
7121;0;0;2,55E-05;0;0;0;2,01E-05;0;0;0,9934725;1;0,999965;0,9997375;0,6
7122;0;0;0;0;0;0;0;0;0;0,850035;0,9626875;0,96046;0,86935;0,6
7123;0;0;0;0;0;0;0;0;0;0,9112025;0,9692;0,9595;0,9054425;0,6
7124;0;0;0;0;0;0;0;0;0;0,622625;0,6663175;0,68235;0,5136075;0,6
7125;0;0;0;0;0;0;0;0;0;0,56066;0,56066;0,56066;0,39344;0,6
7126;0;0;0;0;0;0;0;0;0;0,6088525;0,634885;0,7459925;0,5514775;0,6
7127;0;0;0;0;0;0;0;0;0;0,8881625;0,9665625;0,9596475;0,87205;0,6
7128;0;0;0;0;0;0;0;0;0;0,94;0,9536875;0,99475;0,6846175;0,6
7129;0;0;0;0;0;0;0;0;0;0,882405;0,92253;0,93674;0,5483975;0,6
7130;0;0;0;0;0;0;0;0;0;0,608855;0,5905225;0,710605;0,41964;0,6
7131;0;0;0;0;0;0;0;0;0;0,7580775;0,830405;0,859365;0,6955525;0,6
7132;0;0;0;0;0;0;0;0;0;0,38732;0,373295;0,485245;0,23761775;0,6
7133;0;0;0;0;0;0;0;0;0;0,1167455;0,0709775;0,143628;0,02372125;0,6
7134;0;0;0;0;0;0;0;0;0;0,05628425;0,03249175;0,07540975;0,003956305;0,6
7135;0,010472151;0;0,026031509;0;0,009985975;0;0,02199955;0;0;0,083162;0,045574;0,09425175;0,012131;0,6
7136;0,186555257;0,024351088;0,16003663;0,013349104;0,17097525;0,02385975;0,148121;0,01295215;1,61E-05;0,026838;0,012355178;0,03949725;0,005256805;0,6
7137;0,363931619;0,035209922;0,10260497;0,054061812;0,3635325;0,0346135;0,1001615;0,053416;0,000181493;0,012131;0,00098361;0,012131;0,00098361;0,6
7138;0,493551;0,061635845;0,272867448;0,062472107;0,526565;0,060992;0,2775575;0,062135;0,000262768;0,012131;0,00098361;0,012131;0,002469958;0,6
7139;0,601802724;0,06468135;0,402534987;0,06952796;0,650155;0,06416675;0,41767;0,0692025;0,000371158;0,01295725;0,00414208;0,02496725;0,015672;0,6
7140;0,588044013;0,074186033;0,653505039;0,077556845;0,63911;0,07367425;0,696765;0,0772935;0,000453178;0,035915;0,01655725;0,038689;0,038689;0,6
7141;0,493767711;0,45430954;0,57348829;0,470069211;0,5342725;0,476025;0,6191625;0,493895;0,000391804;0,012308;0,00302733;0,015672;0,01699975;0,6
7142;0,352142566;0,386250395;0,309192706;0,33860779;0,376605;0,4099075;0,330114;0,358355;0,000298133;0,01295725;0,008601025;0,02496725;0,03337725;0,6
7143;0,254545776;0,232532803;0,038230867;0,123733524;0,25407;0,2318125;0,039439;0,1268255;0,000131699;0,03786275;0,0355905;0,044809;0,07923475;0,6
7144;0,034259815;0,040702932;0,005047188;0,00313119;0,03149915;0,035785925;0,004959175;0,00289312;0;0,05092925;0,05092925;0,09087;0,1087425;0,6
7145;0;0;0;0;0;0;0;0;0;0,18746;0,19788;0,2247875;0,30313;0,6
7146;0;0;0;0;0;0;0;0;0;0,2558475;0,339675;0,350875;0,3686825;0,6
7147;0;0;0;0;0;0;0;0;0;0,1167455;0,13200025;0,143628;0,122675;0,6
7148;0;0;0;0;0;0;0;0;0;0,07923475;0,07923475;0,08459;0,044809;0,6
7149;0;0;0;0;0;0;0;0;0;0,038689;0,038689;0,0677595;0,038689;0,6
7150;0;0;0;0;0;0;0;0;0;0,0677595;0,0677595;0,08459;0,038689;0,6
7151;0;0;0;0;0;0;0;0;0;0,07005475;0,07158475;0,08459;0,0320495;0,6
7152;0;0;0;0;0;0;0;0;0;0,02850825;0,034705;0,05475425;0,012308;0,6
7153;0;0;0;0;0;0;0;0;0;0,045574;0,04786925;0,1208205;0,03674125;0,6
7154;0;0;0;0;0;0;0;0;0;0,038689;0,038689;0,05245925;0,02313775;0,6
7155;0;0;0;0;0;0;0;0;0;0,044809;0,044809;0,05423075;0,03786275;0,6
7156;0;0;0;0;0;0;0;0;0;0,08459;0,08459;0,1985825;0,07923475;0,6
7157;0;0;0;0;0;0;0;0;0;0,07005475;0,07158475;0,1549075;0,0601095;0,6
7158;0;0;0;0;0;0;0;0;0;0,02363925;0,02673775;0,0651825;0,01699975;0,6
7159;0,016303759;0;0,02181856;0,088415969;0,01580825;0;0,021099392;0,0607416;0;0,012131;0,01131355;0,038689;0,01131355;0,6
7160;0,235769495;0,002068885;0,227375092;0,282325658;0,210327;0,00169289;0,20722625;0,234595;0;0,012131;0,001132255;0,019213;0,001132255;0,6
7161;0,495694026;0,009398543;0,41261925;0,448357224;0,5020125;0,008782625;0,4164325;0,45057;0,000216877;0,02452475;0,0228218;0,0355905;0,01131355;0,6
7162;0,58620679;0,021713431;0,512363882;0,536873842;0,630625;0,021065;0,5465175;0,5764175;0;0,044809;0,04786925;0,041494;0,031756;0,6
7163;0,568041632;0,03123497;0,491838987;0,640760053;0,61418;0,0306305;0,526;0,69359;0;0,13531275;0,1942575;0,1275575;0,156895;0,6
7164;0,534160145;0,033542696;0,574559803;0,588058461;0,5767475;0,03297325;0,616895;0,6391575;0,000475012;0,22163;0,25902;0,15705;0,25902;0,6
7165;0,478675027;0,436674118;0,438419842;0,56154754;0,51395;0,45447;0,4691775;0,60905;0,000328628;0,2515425;0,25902;0,15705;0,257885;0,6
7166;0,303454934;0,336175816;0,378285079;0,406987185;0,322235;0,353475;0,40162;0,4381975;0;0,13720025;0,19104;0,094507;0,154825;0,6
7167;0,18971321;0,205742566;0,246556382;0,233943829;0,190297;0,2021375;0,24917;0,2380375;0;0,08459;0,10029025;0,038995;0,08459;0,6
7168;0,010280473;0,016278356;0,037077751;0,015964246;0,009127768;0,014231575;0,034378275;0,014122925;0;0,08459;0,08459;0,038689;0,08459;0,6
7169;0;0;0;0;0;0;0;0;0;0,08459;0,09425;0,05016425;0,08459;0,6
7170;0;0;0;0;0;0;0;0;0;0,07770475;0,1313345;0,07617475;0,07664475;0,6
7171;0;0;0;0;0;0;0;0;0;0,009983728;0,008622967;0,010058025;0,006092825;0,6
7172;0;0;0;0;0;0;0;0;0;0,00990165;0,0091585;0,0231935;0,00822945;0,6
7173;0;0;0;0;0;0;0;0;0;0,0089726;0,006557377;0,015672;0,006185753;0,6
7174;0;0;0;0;0;0;0;0;0;0,000721313;0,000721313;0,003956355;0,00052459;0,6
7175;0;0;0;0;0;0;0;0;0;0;0;0,000131148;0;0,6
7176;0;0;0;0;0;0;0;0;0;0;0;0,00042623;0;0,6
7177;0;0;0;0;0;0;0;0;0;0;0;0;0;0,6
7178;0;0;0;0;0;0;0;0;0;0,000311475;0,00018032;0,000622952;0,00018032;0,6
7179;0;0;0;0;0;0;0;0;0;0,005442578;0,007300553;0,0108305;0,007300553;0,6
7180;0;0;0;0;0;0;0;0;0;0,00098361;0,003956305;0,012131;0,003956305;0,6
7181;0;0;0;0;0;0;0;0;0;0,00377053;0,02681975;0,02547725;0,019213;0,6
7182;0;0;0;0;0;0;0;0;0;0,0320495;0,1264955;0,111975;0,097349;0,6
7183;0,007938179;0;0;0,080700833;0,00731555;0;0;0,053635075;0;0,015672;0,05785475;0,05245925;0,04863425;0,6
7184;0,192872369;0,004135704;0,082520238;0,278073316;0,172395;0,003735825;0,07882825;0,21942;0;0,015672;0,040117;0,038689;0,038689;0,6
7185;0,501961777;0,010038321;0,074636791;0,471085342;0,5098125;0,0094268;0,073045;0,461645;8,42E-06;0,038689;0,07780675;0,0692895;0,04939925;0,6
7186;0,504499697;0,020684779;0,107796391;0,584287697;0,541115;0,02008175;0,10724525;0,63077;0,000169616;0,01699975;0,02149405;0,0223115;0,0161823;0,6
7187;0,522513158;0,029903886;0,071102001;0,625282105;0,5609475;0,02928225;0,07075075;0,68026;0,000408989;0,012131;0,001057933;0,006185753;0,001057933;0,6
7188;0,390825395;0,027394859;0,0256468;0,630642079;0,41614;0,026865;0,0252191;0,68774;0,000262494;0,012131;0,00098361;0,0108305;0,00098361;0,6
7189;0,129527882;0,459358895;0,495874618;0,546211658;0,13436;0,482065;0,5234075;0,5936025;0,00029509;0,012131;0,00098361;0,009344225;0,00098361;0,6
7190;0,092105345;0,369284368;0,342927553;0,403539079;0,0924615;0,3903325;0,363055;0,4345125;0,000244249;0,0100874;0,000704928;0,000868855;0,000704928;0,6
7191;0,10949179;0,205964092;0,192595461;0,224441554;0,10496025;0,207492;0,1938145;0,22734675;0,000106109;0,000557378;0;0;0;0,6
7192;0,003492473;0,01426798;0,021890581;0,012585454;0,003267353;0,012654655;0,0192817;0,011191533;0;1,64E-05;0;0;0;0,6
7193;0;0;0;0;0;0;0;0;0;0,00093443;0;0,000278688;0;0,6
7194;0;0;0;0;0;0;0;0;0;0,000213123;0;0;0;0,6
7195;0;0;0;0;0;0;0;0;0;0;0;0;0;0,6
7196;0;0;0;0;0;0;0;0;0;0;0;0;0;0,6
7197;0;0;0;0;0;0;0;0;0;0;0;0;0;0,6
7198;0;0;0;0;0;0;0;0;0;0;0;0;0;0,6
7199;0;0;0;0;0;0;0;0;0;0,000426223;0,00080328;0,000721313;0,00080328;0,6
7200;0;0;0;0;0;0;0;0;0;0,00098361;0,00098361;0,00098361;0,00098361;0,6
7201;0;0;0;0;0;0;0;0;0;0,00098361;0,008601025;0,006557377;0,008601025;0,6
7202;0;0;0;0;0;0;0;0;0;0,004327878;0,011164925;0,01045905;0,01045905;0,6
7203;0;0;0;0;0;0;0;0;0;0,000213123;0,00036502;0,000295083;0,000295083;0,6
7204;0;0;0;0;0;0;0;0;0;0,000229508;0,000295083;0,000599993;0,000295083;0,6
7205;0;0;0;0;0;0;0;0;0;0;0;6,55E-06;0;0,6
7206;0;0;0;0;0;0;0;0;0;0;8,52E-05;3,06E-05;8,52E-05;0,6
7207;0,002092627;0;0;0;0;0;0;0;0;0,000786888;0,00098033;0,000953008;0,00098033;0,6
7208;0,138127196;0,044961655;0,043695825;0,036799614;0,1229155;0,04452525;0,04319;0,03640435;8,84E-07;0,00098361;0,00098361;0,00098361;0,00098361;0,6
7209;0,308742671;0,0803736;0,121589293;0,118620118;0,304075;0,07984975;0,121548;0,11886;1,25E-05;0,00098361;0,00098361;0,00098361;0,00098361;0,6
7210;0,583146355;0,080595127;0,136313811;0,150975;0,6211325;0,0801985;0,13679125;0,1523575;0;0,00098361;0,00098361;0,00098361;0,00098361;0,6
7211;0,584815027;0,201495039;0,133570737;0,168918632;0,629035;0,204045;0,1339025;0,1708175;9,03E-05;0,004885253;0,008601025;0,00990165;0,008601025;0,6
7212;0,370478684;0,151369895;0,128824776;0,158051803;0,39463;0,1534325;0,1289875;0,1597775;0;0,00098361;0,006743153;0,012131;0,006743153;0,6
7213;0,349310881;0,085751874;0,097713091;0,167965105;0,3655975;0,08609275;0,0976225;0,1700375;0;0,00098361;0,012131;0,012131;0,012131;0,6
7214;0,323053753;0,060787784;0,065949348;0,145234097;0,339465;0,06039975;0,0655895;0,14731075;0,000101819;0,0108305;0,012131;0,012131;0,012131;0,6
7215;0,200209224;0,039630576;0,029594231;0,072558296;0,19718;0,03923475;0,029223;0,07227675;8,07E-06;0,01131355;0,02718025;0,012131;0,012131;0,6
7216;0,049206126;0,002350063;0,002538947;0,006805219;0,043432493;0,002319047;0,002483948;0,006522803;0;0,0009858;0,002912575;0,00391701;0,002912575;0,6
7217;0;0;0;0;0;0;0;0;0;6,55E-06;0;2,30E-05;0;0,6
7218;0;0;0;0;0;0;0;0;0;0,000459025;0,00047541;0,000622952;0,00047541;0,6
7219;0;0;0;0;0;0;0;0;0;0,00098361;0,006000053;0,003213128;0,006000053;0,6
7220;0;0;0;0;0;0;0;0;0;0,00018032;0,000426223;0,000409833;0,000426223;0,6
7221;0;0;0;0;0;0;0;0;0;0,0002459;0,000622952;0,000622952;0,000278688;0,6
7222;0;0;0;0;0;0;0;0;0;0,00098361;0,00098361;0,00098361;0,00098361;0,6
7223;0;0;0;0;0;0;0;0;0;0,00098361;0,00098361;0,00098361;0,00098361;0,6
7224;0;0;0;0;0;0;0;0;0;0,00098361;0,00098361;0,00098361;0,00098361;0,6
7225;0;0;0;0;0;0;0;0;0;0,000491803;0,000868855;0,000868855;0,00052459;0,6
7226;0;0;0;0;0;0;0;0;0;0;0;0;0;0,6
7227;0;0;0;0;0;0;0;0;0;0;0;0;0;0,6
7228;0;0;0;0;0;0;0;0;0;0;0;0;0;0,6
7229;0;0;0;0;0;0;0;0;0;0,000721313;0,0007541;0,000819673;0,0007541;0,6
7230;0;0;0;0;0;0;0;0;0;0,00098361;0,0108305;0,0108305;0,0108305;0,6
7231;0;0;0,030209067;0,002967027;0;0;0,029417145;0,002496225;0;0,004699478;0,01205675;0,01131355;0,01131355;0,6
7232;0,082830616;0,060095756;0,067205546;0,084669044;0,0777115;0,0576375;0,06406475;0,0794485;0;0,0007541;0,001801108;0,000844818;0,000762848;0,6
7233;0,108284471;0,160784763;0,450986645;0,136031124;0,10601225;0,1601025;0,46899;0,13265825;7,86E-05;0,00098361;0,00098361;0,00098361;0,00098361;0,6
7234;0,091885986;0,262735508;0,483659369;0,214141303;0,092177;0,26929925;0,5138575;0,217805;8,54E-05;0,00098361;0,002469958;0,001429508;0,002469958;0,6
7235;0,382074383;0,48606004;0,421396026;0,236315605;0,39389725;0,509135;0,4462625;0,2418;0,000127325;0,008601025;0,02452475;0,011871;0,012131;0,6
7236;0,367352755;0,623107776;0,311013316;0,219123237;0,38198875;0,667455;0,325245;0,22399;0,000260909;0,008786825;0,01559775;0,01168525;0,01131355;0,6
7237;0,356628474;0,263861921;0,125393526;0,163255263;0,3725375;0,280175;0,128328;0,1659825;0,000283723;0,000540985;0,001604385;0,001046985;0,0006317;0,6
7238;0,2187765;0,098818074;0,123719317;0,10468828;0,2286025;0,10136525;0,12429925;0,10579475;0,000227723;0;0;0;0;0,6
7239;0,155888069;0,030960012;0,04219378;0,039648154;0,15301325;0,030980775;0,04227825;0,03965025;0,000102826;0;0;0;0;0,6
7240;0,026211259;0,001754103;0,002605773;0,001937248;0,02358485;0,00171825;0,00256602;0,001917075;0;0;0;0;0;0,6
7241;0;0;0;0;0;0;0;0;0;0;0,000131148;0,000131148;0,000131148;0,6
7242;0;0;0;0;0;0;0;0;0;0,000868855;0,00098361;0,00098361;0,00098361;0,6
7243;0;0;0;0;0;0;0;0;0;0,00098361;0,00098361;0,00098361;0,00098361;0,6
7244;0;0;0;0;0;0;0;0;0;0,000131148;0,000278695;0,000508198;0,000278695;0,6
7245;0;0;0;0;0;0;0;0;0;0,001314753;0,003349725;0,004513705;0,003535625;0,6
7246;0;0;0;0;0;0;0;0;0;0,011871;0,032492;0,03027875;0,028951;0,6
7247;0;0;0;0;0;0;0;0;0;0,010273275;0,03027875;0,02452475;0,0187705;0,6
7248;0;0;0;0;0;0;0;0;0;0,00098361;0,003101652;0,003101652;0,003101652;0,6
7249;0;0;0;0;0;0;0;0;0;0,009788178;0,0256268;0,02031905;0,01854855;0,6
7250;0;0;0;0;0;0;0;0;0;0,069966;0,1348025;0,1204645;0,1204645;0,6
7251;0;0;0;0;0;0;0;0;0;0,10149825;0,19104;0,1602225;0,16736;0,6
7252;0;0;0;0;0;0;0;0;0;0,22163;0,3710375;0,323055;0,3328375;0,6
7253;0;0;0;0;0;0;0;0;0;0,257885;0,39344;0,3777575;0,3665575;0,6
7254;0;0;0;0;0;0;0;0;0;0,16328;0,2926225;0,25902;0,25902;0,6
7255;0,014038659;0;0,003299748;0;0,013442558;0;0,002789475;0;0;0,175745;0,303825;0,25902;0,25902;0,6
7256;0,21659254;0,057243845;0,173623658;0;0,193345;0,0544695;0,152858;0;3,40E-05;0,115835;0,19511;0,171815;0,1537385;0,6
7257;0,338889513;0,123958903;0,321863289;0,005546898;0,3351475;0,12289425;0,3155025;0,0052611;0,000180692;0,042667;0,05785475;0,06019;0,04863425;0,6
7258;0,567451698;0,208388842;0,400755553;0,014028395;0,6059825;0,2116575;0,4224425;0,01348795;0,000313385;0,03116425;0,0376265;0,038689;0,0307215;0,6
7259;0,583603856;0,213821053;0,412891342;0,018369107;0,62909;0,2176925;0,4359075;0,0178525;0,000395163;0,012131;0,011264625;0,02027525;0,010644875;0,6
7260;0,375730303;0,216833329;0,484458789;0,019750034;0,40025;0,2206025;0,5133475;0,0192685;0,000452816;0,02585225;0,031518;0,037243;0,0245245;0,6
7261;0,209337553;0,232990303;0,323577711;0,016221987;0,21831;0,23765125;0,3415525;0,015786;0,000412549;0,00469958;0,003662308;0,006454628;0,003945358;0,6
7262;0,154721203;0,152001486;0,240266961;0,009395268;0,15791225;0,15491525;0,24861;0,009027;0,000250707;0,000131148;0;0,000459025;0;0,6
7263;0,068861455;0,058986438;0,118406057;0,002548759;0,0689675;0,059142;0,11845125;0,002390318;8,97E-05;0,00014754;0,00014754;0,000327868;0,000131148;0,6
7264;0,005390602;0,002210941;0,002619207;0;0,0051875;0,00214419;0,002397475;0;0;0,007849203;0,016754075;0,018240525;0,008220653;0,6
7265;0;0;0;0;0;0;0;0;0;0,0482165;0,0637325;0,05568;0,05284675;0,6
7266;0;0;0;0;0;0;0;0;0;0,15592925;0,253485;0,2241075;0,223995;0,6
7267;0;0;0;0;0;0;0;0;0;0,3144275;0,6227;0,4639775;0,520265;0,6
7268;0;0;0;0;0;0;0;0;0;0,7750175;0,9926275;0,918095;0,9648025;0,6
7269;0;0;0;0;0;0;0;0;0;0,8910425;0,99947;0,9847125;0,995085;0,6
7270;0;0;0;0;0;0;0;0;0;0,76721;0,97742;0,8737675;0,944015;0,6
7271;0;0;0;0;0;0;0;0;0;0,900595;0,998165;0,9711475;0,985675;0,6
7272;0;0;0;0;0;0;0;0;0;0,9847125;1;0,9996275;0,9999125;0,6
7273;0;0;0;0;0;0;0;0;0;0,758205;0,9693625;0,9037;0,90471;0,6
7274;0;0;0;0;0;0;0;0;0;0,5216425;0,68759;0,6501625;0,56508;0,6
7275;0;0;0;0;0;0;0;0;0;0,2993475;0,33235;0,415735;0,3060675;0,6
7276;0;0;0;0;0;0;0;0;0;0,25902;0,25902;0,3105475;0,204635;0,6
7277;0;0;0;0;0;0;0;0;0;0,25902;0,25902;0,25902;0,1825425;0,6
7278;0;0;0;0;0;0;0;0;0;0,25902;0,2926225;0,35565;0,25902;0,6
7279;0,00487499;0;0;0;0,004346925;0;0;0;0;0,25902;0,25902;0,2632;0,208035;0,6
7280;0,223640447;0,021582201;0,133301534;0,062573961;0,197915;0,0211086;0,1186725;0,0597135;6,06E-06;0,22503;0,2318275;0,25664;0,154795;0,6
7281;0,4202595;0,049392663;0,235410237;0,160732512;0,4196025;0,04871375;0,2268375;0,1603445;0,000247667;0,0966665;0,0720645;0,1164425;0,06006875;0,6
7282;0,522595026;0,075047337;0,303544027;0,384784469;0,56171;0,074507;0,312045;0,40072375;0,000353806;0,08459;0,06240425;0,08459;0,038689;0,6
7283;0,581834053;0,086053342;0,288193698;0,401244355;0,6296375;0,08570425;0,29594;0,42197;0,000440126;0,08459;0,038689;0,08459;0,038689;0,6
7284;0,514434671;0,086261144;0,329544474;0,235000895;0,5566325;0,085979;0,338755;0,24512;0,000437569;0,08459;0,0677595;0,085073;0,05245925;0,6
7285;0,505166684;0,072705659;0,256783674;0,165516276;0,5448525;0,0723535;0,26352025;0,169495;0,000382576;0,134103;0,143765;0,151735;0,1246025;0,6
7286;0,404266263;0,052433353;0,178619799;0,214627697;0,4342825;0,05202275;0,1821725;0,22045;0,000255511;0,10255125;0,12081925;0,13531275;0,08220325;0,6
7287;0,217163211;0,026149014;0,085161458;0,070384353;0,2204475;0,025809;0,08420425;0,0724455;6,11E-05;0,042667;0,044809;0,06546475;0,03032975;0,6
7288;0,014067947;0,001748543;0,002675552;0,001793109;0,012488525;0,001709262;0,002487825;0,001779228;0;0,07693975;0,07923475;0,099082;0,06852475;0,6
7289;0;0;0;0;0;0;0;0;0;0,05628425;0,05628425;0,08459;0,044809;0,6
7290;0;0;0;0;0;0;0;0;0;0,038689;0,038689;0,05628425;0,038689;0,6
7291;0;0;0;0;0;0;0;0;0;0,038689;0,038689;0,038689;0,03839375;0,6
7292;0;0;0;0;0;0;0;0;0;0,0223115;0,02541;0,038689;0,013754;0,6
7293;0;0;0;0;0;0;0;0;0;0,012131;0,012131;0,038689;0,012131;0,6
7294;0;0;0;0;0;0;0;0;0;0,012131;0,00469958;0,015672;0,00377053;0,6
7295;0;0;0;0;0;0;0;0;0;0,012131;0,00098361;0,012131;0,001949733;0,6
7296;0;0;0;0;0;0;0;0;0;0,012131;0,008043653;0,012131;0,012094;0,7
7297;0;0;0;0;0;0;0;0;0;0,012131;0,0108305;0,012131;0,012131;0,7
7298;0;0;0;0;0;0;0;0;0;0,012131;0,003398905;0,012131;0,012131;0,7
7299;0;0;0;0;0;0;0;0;0;0,03381975;0,032492;0,0355905;0,028951;0,7
7300;0;0;0;0;0;0;0;0;0;0,038689;0,03976;0,04333;0,038689;0,7
7301;0;0;0;0;0;0;0;0;0;0,0931955;0,135982;0,144934;0,10089775;0,7
7302;0;0;0;0;0;0;0;0;0;0,3248825;0,65059;0,5057525;0,33568;0,7
7303;0;0;0;0;0;0;0;0;0;0,3262275;0,6157375;0,4463925;0,39344;0,7
7304;0,053061332;0,020886561;0,003497135;0,034663812;0,05251025;0,02041375;0,003083618;0,0342814;0;0,2926225;0,4404475;0,39344;0,39344;0,7
7305;0,082843859;0,051643081;0,013680671;0,073928148;0,08242225;0,05096575;0,01299515;0,07352875;0;0,39344;0,5554575;0,5136525;0,39344;0,7
7306;0,164651842;0,074033613;0,021628915;0,108376212;0,165865;0,07350025;0,0209985;0,1084575;0;0,3687975;0,471475;0,4209375;0,42967;0,7
7307;0,16685025;0,087883102;0,02672089;0,115711382;0,16877;0,08749275;0,02608225;0,1160525;0;0,502135;0,694915;0,691475;0,6742625;0,7
7308;0,190202013;0,088324228;0,027899554;0,117643717;0,192675;0,0880525;0,027283;0,11807725;0;0,672405;0,779885;0,7360425;0,85582;0,7
7309;0,195829023;0,076791616;0,025355373;0,094414034;0,19908625;0,07645725;0,02478125;0,09469575;0;0,282295;0,24717;0,2906825;0,3871625;0,7
7310;0,099361776;0,053952012;0,016411729;0,064232759;0,10069075;0,0535605;0,01594625;0,064162;0;0,0966665;0,05245925;0,097873;0,1514675;0,7
7311;0,049239762;0,025202712;0,006320796;0,030608917;0,049202;0,02482625;0,005968475;0,0303805;0;0,146;0,10477775;0,15741;0,2495575;0,7
7312;0,001983414;0,001522018;0,000596159;0,001346131;0,00196703;0,001486903;0,000512295;0,001324165;0;0,5042525;0,5502075;0,6181625;0,756715;0,7
7313;0;0;0;0;0;0;0;0;0;0,3597275;0,344045;0,38564;0,6122975;0,7
7314;0;0;0;0;0;0;0;0;0;0,25902;0,204635;0,25902;0,415735;0,7
7315;0;0;0;0;0;0;0;0;0;0,27918;0,1830825;0,27918;0,44082;0,7
7316;0;0;0;0;0;0;0;0;0;0,5554125;0,542295;0,645735;0,8381475;0,7
7317;0;0;0;0;0;0;0;0;0;0,53279;0,520745;0,686555;0,84142;0,7
7318;0;0;0;0;0;0;0;0;0;0,3038275;0,204295;0,2998925;0,483475;0,7
7319;0;0;0;0;0;0;0;0;0;0,25902;0,15705;0,25902;0,415735;0,7
7320;0;0;0;0;0;0;0;0;0;0,350425;0,2215175;0,25902;0,56066;0,7
7321;0;0;0;0;0;0;0;0;0;0,199985;0,11851775;0,18934;0,3821275;0,7
7322;0;0;0;0;0;0;0;0;0;0,1389325;0,05796725;0,09425;0,25902;0,7
7323;0;0;0;0;0;0;0;0;0;0,15705;0,084437;0,148595;0,3262275;0,7
7324;0;0;0;0;0;0;0;0;0;0,2310525;0,15795;0,19266;0,453935;0,7
7325;0;0;0;0;0;0;0;0;0;0,709605;0,7669925;0,7387;0,9357775;0,7
7326;0;0;0;0;0;0;0;0;0;0,9967225;0,9999125;0,99947;1;0,7
7327;0;0;0;0;0;0;0;0;0;0,9970275;1;1;1;0,7
7328;0,011504175;0,158575038;0,017041971;0,088318449;0,011039475;0,14000425;0,0165347;0,08225375;0;0,9999425;0,9999825;1;1;0,7
7329;0,027414122;0,308829355;0,041254701;0,132779021;0,026782;0,289185;0,040497;0,1289645;0;0,79701;0,60514;0,7966825;0,9816875;0,7
7330;0,043944079;0,435559263;0,06012778;0,173784987;0,04341275;0,4409325;0,059417;0,17635;0;0,48541;0,25494;0,4449;0,862245;0,7
7331;0,053298028;0,482739553;0,069912983;0,295889329;0,05285575;0,5149025;0,069253;0,304565;0;0,3305725;0,1347665;0,25024;0,7085;0,7
7332;0,054788033;0,413529434;0,071342791;0,2480565;0,0543925;0,4401025;0,07072875;0,2557425;0;0,12127525;0,02644425;0,093524;0,3296925;0,7
7333;0,044701844;0,369106184;0,062742995;0,27542415;0,0443285;0,39048;0,06216325;0,28265975;0;0,08459;0,012131;0,038689;0,170645;0,7
7334;0,027816482;0,277731395;0,044336084;0,172005553;0,02745675;0,2794975;0,04381375;0,174765;0;0,04863425;0,002469958;0,02541;0,1087425;0,7
7335;0,010684864;0,129005128;0,022000453;0,078033126;0,0103763;0,12431775;0,0215935;0,07698475;0;0,015672;0,000491803;0,0108305;0,05398925;0,7
7336;0,000854856;0,001676738;0,001630843;0,001594289;0,000794348;0,001556175;0,001582853;0,0014863;0;0,012131;0;0,00098361;0,03786275;0,7
7337;0;0;0;0;0;0;0;0;0;0,006743153;0;0,00098361;0,01295725;0,7
7338;0;0;0;0;0;0;0;0;0;0,012131;0,000131148;0,00098361;0,02673775;0,7
7339;0;0;0;0;0;0;0;0;0;0,012131;0,00098361;0,007114803;0,038689;0,7
7340;0;0;0;0;0;0;0;0;0;0,01194525;0,000977053;0,0108305;0,03638725;0,7
7341;0;0;0;0;0;0;0;0;0;0,001377045;7,21E-05;0,00037705;0,005716877;0,7
7342;0;0;0;0;0;0;0;0;0;0,002469958;0,000229507;0,000615308;0,0121585;0,7
7343;0;0;0;0;0;0;0;0;0;0,02629525;0,0091585;0,0228218;0,06272675;0,7
7344;0;0;0;0;0;0;0;0;0;0,038689;0,02054075;0,038689;0,08459;0,7
7345;0;0;0;0;0;0;0;0;0;0,06256525;0,08333775;0,07971475;0,149398;0,7
7346;0;0;0;0;0;0;0;0;0;0,18814;0,2413525;0,2012325;0,3980575;0,7
7347;0;0;0;0;0;0;0;0;0;0,0740375;0,08241625;0,0697695;0,1628375;0,7
7348;0;0;0;0;0;0;0;0;0;0,038689;0,037066;0,03851175;0,08459;0,7
7349;0;0;0;0;0;0;0;0;0;0,015672;0,004622955;0,01184915;0,03949725;0,7
7350;0;0;0;0;0;0;0;0;0;0,005256805;0,00037705;0,00098361;0,012131;0,7
7351;0;0;0;0;0;0;0;0;0;0,00469958;0,001025503;0,003428505;0,0174425;0,7
7352;0,103361362;0,023823951;0,03579167;0,060219039;0,097146825;0,0233855;0,0352715;0,057735;0;0,054716;0,06031025;0,06579675;0,114343;0,7
7353;0,243024;0,044867988;0,076231058;0,115068233;0,238385;0,04426525;0,07553175;0,11378475;0;0,1401435;0,15536;0,200755;0,3131875;0,7
7354;0,271348066;0,074969803;0,106871519;0,155634276;0,2737225;0,074384;0,10636875;0,157165;0;0,1526225;0,1558425;0,224225;0,3486325;0,7
7355;0,27255996;0,076668573;0,105459288;0,166296434;0,28008925;0,07622925;0,105195;0,1687025;0;0,07714075;0,08269525;0,074925;0,1720425;0,7
7356;0,264403697;0,083724427;0,069967642;0,175789559;0,2717775;0,0832885;0,06962575;0,17847225;0;0,26246;0,33962;0,263435;0,436735;0,7
7357;0,357110053;0,095781478;0,077623543;0,155940079;0,37061;0,095501;0,0770035;0,1582775;0;0,443605;0,6536075;0,490985;0,78055;0,7
7358;0,18117;0,077970521;0,064642583;0,103865021;0,18521;0,07776925;0,06412575;0,10480225;0;0,65764;0,8627925;0,75182;0,95281;0,7
7359;0,068623074;0,038990799;0,041855712;0,042496693;0,06739875;0,03871575;0,041401;0,0425035;0;0,9632;0,99968;0,9893375;0,999615;0,7
7360;0,007423395;0,003327164;0,002686558;0,001303268;0,007014775;0,003284343;0,002649925;0,00128995;0;0,99333;1;0,9999125;1;0,7
7361;0;0;0;0;0;0;0;0;0;0,6950975;0,7703175;0,7996925;0,969865;0,7
7362;0;0;0;0;0;0;0;0;0;0,5709875;0,480525;0,581545;0,9473;0,7
7363;0;0;0;0;0;0;0;0;0;0,838645;0,858745;0,879295;0,998075;0,7
7364;0;0;0;0;0;0;0;0;0;0,94;0,974675;0,94;1;0,7
7365;0;0;0;0;0;0;0;0;0;0,95825;0,9964125;0,97471;1;0,7
7366;0;0;0;0;0;0;0;0;0;0,9990675;0,9998775;0,999295;1;0,7
7367;0;0;0;0;0;0;0;0;0;0,87599;0,86083;0,87311;1;0,7
7368;0;0;0;0;0;0;0;0;0;0,76721;0,705245;0,76721;0,9972;0,7
7369;0;0;0;0;0;0;0;0;0;0,7155725;0,463115;0,7155725;0,99475;0,7
7370;0;0;0;0;0;0;0;0;0;0,56066;0,288145;0,5554575;0,9518625;0,7
7371;0;0;0;0;0;0;0;0;0;0,507705;0,226725;0,3986425;0,94;0,7
7372;0;0;0;0;0;0;0;0;0;0,5709875;0,288145;0,52023;0,9473;0,7
7373;0;0;0;0;0;0;0;0;0;0,84266;0,70878;0,8027225;0,998075;0,7
7374;0;0;0;0;0;0;0;0;0;0,998235;0,9973225;0,9967225;1;0,7
7375;0;0;0;0;0;0;0;0;0;0,9845;0,9689875;0,9957125;1;0,7
7376;0;0,016135592;0,022834138;0,074308836;0;0,0156469;0,02229995;0,0693945;0;0,99475;0,9682875;0,99475;1;0,7
7377;0,007516099;0,035657791;0,052964775;0,102054284;0,0071878;0,03498325;0,052208;0,09886725;0;0,9838;0,9546;0,994785;1;0,7
7378;0,018765687;0,044146583;0,078774517;0,141095408;0,01819575;0,04355625;0,078095;0,14211;0;0,9993;0,9991775;0,9994525;1;0,7
7379;0,022152632;0,055966697;0,094149166;0,265187708;0,021645;0,05535475;0,09368;0,2717625;0;0,9621625;0,8769675;0,958415;1;0,7
7380;0,023664549;0,055897832;0,095448947;0,213052453;0,023165;0,055361;0,09512475;0,21845425;0;0,94;0,8156075;0,94;1;0,7
7381;0,019855982;0,050308386;0,083560449;0,120364398;0,019403;0,04979425;0,083165;0,121545;0,000191398;0,81511;0,45983;0,731925;0,9988025;0,7
7382;0,012601717;0,037268432;0,057372908;0,086983271;0,012180325;0,03679775;0,0569135;0,08727875;0,000138812;0,381135;0,10813975;0,232605;0,78678;0,7
7383;0,003580968;0,018883915;0,028113134;0,098562596;0,003411168;0,01851275;0,02771925;0,0938525;0;0,145355;0,01832775;0,05628425;0,35634;0,7
7384;0;0,001524197;0,001622052;0,005425317;0;0,001476133;0,001585815;0,004923535;0;0,15705;0,012131;0,07923475;0,32847;0,7
7385;0;0;0;0;0;0;0;0;0;0,122025;0,012131;0,08459;0,25902;0,7
7386;0;0;0;0;0;0;0;0;0;0,15705;0,0320495;0,08459;0,3441525;0,7
7387;0;0;0;0;0;0;0;0;0;0,15705;0,038689;0,08459;0,39344;0,7
7388;0;0;0;0;0;0;0;0;0;0,12081925;0,02541;0,07005475;0,2997475;0,7
7389;0;0;0;0;0;0;0;0;0;0,04710425;0,003398905;0,021426;0,12199325;0,7
7390;0;0;0;0;0;0;0;0;0;0,038689;0,00098361;0,012131;0,08459;0,7
7391;0;0;0;0;0;0;0;0;0;0,0344155;0,002110758;0,01443275;0,0786305;0,7
7392;0;0;0;0;0;0;0;0;0;0,12186525;0,05877025;0,07865875;0,255135;0,7
7393;0;0;0;0;0;0;0;0;0;0,315795;0,2284075;0,2283125;0,5773425;0,7
7394;0;0;0;0;0;0;0;0;0;0,10622475;0,0450853;0,06608475;0,2255825;0,7
7395;0;0;0;0;0;0;0;0;0;0,03559025;0,00131803;0,013636;0,07846975;0,7
7396;0;0;0;0;0;0;0;0;0;0,07234975;0,026292;0,05813675;0,148981;0,7
7397;0;0;0;0;0;0;0;0;0;0,1063275;0,0616395;0,10029025;0,27033;0,7
7398;0;0;0;0;0;0;0;0;0;0,20607;0,16740325;0,1834375;0,4466;0,7
7399;0;0;0;0;0;0;0;0;0;0,463125;0,5766375;0,5088325;0,87952;0,7
7400;0;0,002705087;0,009945255;0,006029609;0;0,002280538;0,009457675;0,005583125;0;0,39469;0,3968525;0,4293;0,8392675;0,7
7401;0,004907121;0,021649839;0,024084967;0,016868747;0,0046;0,02091035;0,02337;0,016229;0;0,8077375;0,902595;0,87766;0,99254;0,7
7402;0,014605302;0,0505995;0,036290586;0,029567744;0,0140278;0,0498945;0,03560075;0,02901925;0;0,92733;0,9920125;0,9774125;1;0,7
7403;0,043135267;0,024052701;0,042919519;0,032212094;0,0425155;0,023732;0,042253;0,031733;0;0,7683625;0,8286;0,8075275;0,9969275;0,7
7404;0,042244346;0,040133826;0,043645259;0,021356582;0,04181675;0,0394685;0,04300175;0,02094025;0;0,8484525;0,935415;0,8583525;0,9998375;0,7
7405;0,44958525;0,482713066;0,03878372;0,425930092;0,47151;0,5073675;0,03817375;0,4458825;0,00018884;0,99298;0,99968;0,9985075;1;0,7
7406;0,335475119;0,322677158;0,028451684;0,337179908;0,3309;0,317095;0,0279195;0,3257175;0,00016788;0,96565;0,9546225;0,9720875;1;0,7
7407;0,166136791;0,177249947;0,012455655;0,175094882;0,1487685;0,152945;0,0120887;0,150101;3,20E-05;0,648655;0,38847;0,6124275;0,97855;0,7
7408;0,004729065;0,004979671;0,000937001;0,003839162;0,00430483;0,004423255;0,000884253;0,003256745;0;0,4000525;0,1597775;0,2852075;0,752445;0,7
7409;0;0;0;0;0;0;0;0;0;0,17556;0,04936075;0,110529;0,35634;0,7
7410;0;0;0;0;0;0;0;0;0;0,08459;0,010459125;0,03976;0,1998775;0,7
7411;0;0;0;0;0;0;0;0;0;0,08459;0,028951;0,0608745;0,25868;0,7
7412;0;0;0;0;0;0;0;0;0;0,08459;0,0223115;0,07158475;0,242025;0,7
7413;0;0;0;0;0;0;0;0;0;0,04939925;0,009344275;0,038689;0,1425575;0,7
7414;0;0;0;0;0;0;0;0;0;0,082295;0,012131;0,038689;0,15705;0,7
7415;0;0;0;0;0;0;0;0;0;0,04863425;0,009344275;0,0320495;0,1087425;0,7
7416;0;0;0;0;0;0;0;0;0;0,05475425;0,012131;0,038689;0,148595;0,7
7417;0;0;0;0;0;0;0;0;0;0,039454;0,01008745;0,038689;0,10053;0,7
7418;0;0;0;0;0;0;0;0;0;0,082295;0,03381975;0,0601095;0,1568075;0,7
7419;0;0;0;0;0;0;0;0;0;0,08459;0,038689;0,08459;0,1658875;0,7
7420;0;0;0;0;0;0;0;0;0;0,1063275;0,07540975;0,1063275;0,2833225;0,7
7421;0;0;0;0;0;0;0;0;0;0,202935;0,148595;0,204635;0,4881975;0,7
7422;0;0;0;0;0;0;0;0;0;0,25902;0,15705;0,25902;0,56066;0,7
7423;0;0;0;0;0;0;0;0;0;0,25902;0,15705;0,2335275;0,54115;0,7
7424;0,006877766;0;0,115505507;0,050679683;0,006512575;0;0,1044225;0,0472345;0;0,18764;0,12436725;0,1658875;0,4079325;0,7
7425;0,016517531;0,004751708;0,251138605;0,123579178;0,015924075;0,00435846;0,2304775;0,11844275;0;0,3486325;0,33568;0,3370925;0,7012425;0,7
7426;0,033467811;0,011253296;0,342202776;0,187851908;0,03287025;0,01069955;0,344126;0,189575;0;0,39344;0,39344;0,490985;0,76721;0,7
7427;0,02134984;0,05993852;0,306228829;0,189209961;0,02094825;0,05911125;0,3185525;0,1924475;5,03E-06;0,3305725;0,26597;0,32978;0,7085;0,7
7428;0,046650312;0,072859042;0,246279473;0,15823721;0,04608;0,072354;0,2528375;0,1604875;1,31E-05;0,12127525;0,064377;0,10273475;0,3296925;0,7
7429;0,506305619;0,465850579;0,237812593;0,129496579;0,5345;0,488785;0,24224825;0,1310225;5,15E-06;0,08459;0,0223115;0,038689;0,170645;0,7
7430;0,426999197;0,38599275;0,221040403;0,094948587;0,4096825;0,376185;0,219535;0,094832;0;0,0848315;0,0214935;0,04710425;0,1658875;0,7
7431;0,211867768;0,117554625;0,061858816;0,038364505;0,179696;0,10128225;0,0579655;0,0378395;0;0,159025;0,1083525;0,1488;0,3366425;0,7
7432;0,006722389;0,005473304;0,011661531;0,000932626;0,005934355;0,005030483;0,01042865;0,0009214;0;0,0686845;0,03064475;0,05541725;0,1861725;0,7
7433;0;0;0;0;0;0;0;0;0;0,02629525;0,002469958;0,01295725;0,081707;0,7
7434;0;0;0;0;0;0;0;0;0;0,01257375;0,001057932;0,006743275;0,04129;0,7
7435;0;0;0;0;0;0;0;0;0;0,042716;0,02105155;0,0401805;0,110393;0,7
7436;0;0;0;0;0;0;0;0;0;0,03574325;0,009220625;0,02718025;0,0809255;0,7
7437;0;0;0;0;0;0;0;0;0;0,11563525;0,066697;0,111198;0,2187325;0,7
7438;0;0;0;0;0;0;0;0;0;0,112365;0,08459;0,112365;0,25902;0,7
7439;0;0;0;0;0;0;0;0;0;0,08459;0,08459;0,08459;0,25902;0,7
7440;0;0;0;0;0;0;0;0;0;0,06928975;0,047479;0,06928975;0,1633175;0,7
7441;0;0;0;0;0;0;0;0;0;0,01655725;0,00283277;0,010284203;0,046463;0,7
7442;0;0;0;0;0;0;0;0;0;0,005628428;0,000131148;0,00098361;0,01257375;0,7
7443;0;0;0;0;0;0;0;0;0;0,012131;0,00098361;0,00990165;0,037361;0,7
7444;0;0;0;0;0;0;0;0;0;0,012131;0,00098361;0,012131;0,038689;0,7
7445;0;0;0;0;0;0;0;0;0;0,012131;0,006557377;0,012131;0,038689;0,7
7446;0;0;0;0;0;0;0;0;0;0,012131;0,012131;0,012131;0,038689;0,7
7447;0;0;0;0;0;0;0;0;0;0,012131;0,009344225;0,012131;0,038689;0,7
7448;0,026399869;0,003866256;0;0;0,02598;0,003379355;0;0;0;0,00990165;0,00098361;0,005256805;0,02629525;0,7
7449;0,061063007;0,01740619;0,006793707;0,006534208;0,06061375;0,01669335;0,0064363;0,006218175;8,54E-05;0,00098361;0,000131148;0,000737705;0,01200725;0,7
7450;0,095798092;0,032874505;0,017202241;0,015601473;0,09575475;0,0322365;0,01655675;0,015048;0;0,000327868;0;0;0,001664858;0,7
7451;0,108120975;0,0390888;0,022383308;0,020119887;0,10844525;0,03850275;0,02176925;0,01960275;0;0;0;0;0,00037705;0,7
7452;0,11663505;0,039560025;0,022814321;0,02106017;0,11709;0,03900475;0,022235;0,020575;0;0;0;0;0;0,7
7453;0,093783407;0,034588445;0,01933395;0,016867303;0,09405525;0,0340645;0,01880275;0,01641875;5,07E-05;0;0;0;0;0,7
7454;0,067085633;0,02008738;0,012012553;0,010127316;0,067055;0,0196635;0,011560475;0,0097229;0;0;0;0;0;0,7
7455;0,031182478;0,008103649;0,004794335;0,002499048;0,03099;0,0077584;0,003798638;0,002354372;0;0;0;0;0,0002459;0,7
7456;0,001336829;0,000338153;0,000360737;0;0,001315883;0,000303945;0;0;0;0,000672125;0,000360655;0,000360655;0,00098361;0,7
7457;0;0;0;0;0;0;0;0;0;0,00037705;0;0;0,00098361;0,7
7458;0;0;0;0;0;0;0;0;0;0,000131148;0;0;0,00098361;0,7
7459;0;0;0;0;0;0;0;0;0;0,00098361;0,000622952;0,000622952;0,00284153;0,7
7460;0;0;0;0;0;0;0;0;0;0,008043653;0,008043653;0,0091585;0,015672;0,7
7461;0;0;0;0;0;0;0;0;0;0,015672;0,0331205;0,02673775;0,038689;0,7
7462;0;0;0;0;0;0;0;0;0;0,038689;0,08893;0,0631695;0,07816375;0,7
7463;0;0;0;0;0;0;0;0;0;0,015672;0,0241475;0,02275425;0,03255725;0,7
7464;0;0;0;0;0;0;0;0;0;0,012131;0,0187705;0,015672;0,038689;0,7
7465;0;0;0;0;0;0;0;0;0;0,012131;0,03851175;0,03674125;0,038689;0,7
7466;0;0;0;0;0;0;0;0;0;0,0108305;0,009248053;0,0110075;0,02541;0,7
7467;0;0;0;0;0;0;0;0;0;0,00098361;0,000462295;0,00098361;0,012131;0,7
7468;0;0;0;0;0;0;0;0;0;0,006371653;0,00098033;0,006371653;0,015672;0,7
7469;0;0;0;0;0;0;0;0;0;0,012131;0,0108305;0,012131;0,038689;0,7
7470;0;0;0;0;0;0;0;0;0;0,012131;0,012131;0,03027875;0,038689;0,7
7471;0;0;0;0;0;0;0;0;0;0,01168525;0,008786825;0,01168525;0,03116425;0,7
7472;0,14834895;0,136363654;0,027229918;0,040999705;0,129125;0,1162345;0,0267085;0,0406395;0;0,001243708;0,000409833;0,001243708;0,012131;0,7
7473;0,285850816;0,310902553;0,066330277;0,101943521;0,2490575;0,2648675;0,06559725;0,1005865;0;0,00098361;0,000622952;0,00098361;0,012131;0,7
7474;0,408169461;0,457916566;0,097443888;0,135398329;0,4018025;0,4430475;0,09706;0,135415;0;0,00098361;0,00098361;0,00098361;0,012131;0,7
7475;0,393356092;0,534952342;0,107761476;0,1547265;0,416225;0,568575;0,10763425;0,15687;0;0,00098361;0,000868855;0,00098361;0,012131;0,7
7476;0,39926025;0,535761395;0,104082454;0,142439736;0,421715;0,5801075;0,103934;0,14429375;0;0,00098361;8,52E-05;0,0007541;0,00343608;0,7
7477;0,36139129;0,476226198;0,093004212;0,13095769;0,382925;0,509185;0,09278725;0,1321665;0;0,00414208;0,001946453;0,006185753;0,012094;0,7
7478;0,250994372;0,342171474;0,066131866;0,082095245;0,25537375;0,3276525;0,0658035;0,08240025;0;0,012131;0,015635;0,02496725;0,0320495;0,7
7479;0,076656533;0,159635957;0,029341642;0,036939032;0,0686445;0,13408925;0,02901025;0,0368049;0;0,012131;0,03381975;0,0355905;0,038689;0,7
7480;0,00112375;0,00330191;0,001062533;0,000690139;0,001037533;0,002764475;0,001041048;0,000681335;0;0,007114803;0,004513705;0,012131;0,01788525;0,7
7481;0;0;0;0;0;0;0;0;0;0,0108305;0,00098361;0,012131;0,012131;0,7
7482;0;0;0;0;0;0;0;0;0;0,01481625;0,014562902;0,01655725;0,0378855;0,7
7483;0;0;0;0;0;0;0;0;0;0,07155525;0,18233575;0,11361325;0,130923;0,7
7484;0;0;0;0;0;0;0;0;0;0,07005475;0,1338485;0,11611025;0,12081925;0,7
7485;0;0;0;0;0;0;0;0;0;0,01965575;0,017952703;0,02440425;0,03949725;0,7
7486;0;0;0;0;0;0;0;0;0;0,0076721;0,00098361;0,00377053;0,012131;0,7
7487;0;0;0;0;0;0;0;0;0;0,010273275;0,00098361;0,0087869;0,01832775;0,7
7488;0;0;0;0;0;0;0;0;0;0,00098361;0,000262295;0,000426223;0,004885355;0,7
7489;0;0;0;0;0;0;0;0;0;0,00098361;0;0;0,00098361;0,7
7490;0;0;0;0;0;0;0;0;0;0,001243707;0,000327868;0,000943177;0,008043653;0,7
7491;0;0;0;0;0;0;0;0;0;0,01522625;0,024552;0,0228218;0,032492;0,7
7492;0;0;0;0;0;0;0;0;0;0,038689;0,038689;0,038689;0,05016425;0,7
7493;0;0;0;0;0;0;0;0;0;0,038689;0,0677595;0,0608745;0,08459;0,7
7494;0;0;0;0;0;0;0;0;0;0,05016425;0,09545975;0,084437;0,13531;0,7
7495;0;0;0;0;0;0;0;0;0;0,02673775;0,033743;0,03735525;0,0585795;0,7
7496;0,022596696;0,121760013;0,029380891;0,018511919;0,0221646;0,10661975;0,02884525;0,018067825;4,38E-05;0,012131;0,012131;0,012131;0,038689;0,7
7497;0,054235662;0,346924658;0,076595372;0,064811135;0,05371475;0,2990425;0,07585575;0,06433975;0,000224413;0,012131;0,005814303;0,012131;0,038689;0,7
7498;0,080186025;0,382746908;0,136497051;0,103711157;0,07996275;0,3534925;0,13673125;0,103782;0,000349436;0,03027875;0,030022;0,0320495;0,05322425;0,7
7499;0,097782679;0,363108118;0,140773473;0,096881163;0,0978395;0,375115;0,1416055;0,09717625;0,000376899;0,09867075;0,1444595;0,12248725;0,1886735;0,7
7500;0,099895125;0,384545605;0,145373755;0,078451378;0,100136;0,40693;0,1462965;0,078478;0,000410331;0,43886;0,8040575;0,6347875;0,7717375;0,7
7501;0,08403047;0,317986579;0,112843579;0,060522916;0,0840975;0,3266025;0,11342775;0,0603245;0,000369766;0,7520625;0,9974625;0,939425;0,9920125;0,7
7502;0,058374351;0,165095377;0,090880449;0,023389808;0,058237;0,15946375;0,0906905;0,02313375;0,000270513;0,69213;0,953135;0,8669025;0,9629175;0,7
7503;0,024562453;0,181129066;0,044233267;0,006093727;0,02433025;0,1630835;0,0439102;0,005943995;6,59E-05;0,3211475;0,4063925;0,361965;0,5675425;0,7
7504;0,000780375;0,007086896;0,001356175;0;0,000764147;0,006203975;0,001334025;0;0;0,394665;0,507605;0,48176;0,678295;0,7
7505;0;0;0;0;0;0;0;0;0;0,560775;0,73167;0,7102925;0,913925;0,7
7506;0;0;0;0;0;0;0;0;0;0,224505;0,19851;0,24677;0,4429825;0,7
7507;0;0;0;0;0;0;0;0;0;0,2512025;0,2466525;0,25494;0,5160675;0,7
7508;0;0;0;0;0;0;0;0;0;0,135695;0,09890975;0,1404525;0,301375;0,7
7509;0;0;0;0;0;0;0;0;0;0,07540975;0,02673775;0,07234975;0,15773;0,7
7510;0;0;0;0;0;0;0;0;0;0,038689;0,012131;0,038689;0,09425;0,7
7511;0;0;0;0;0;0;0;0;0;0,038689;0,012131;0,038689;0,08459;0,7
7512;0;0;0;0;0;0;0;0;0;0,03381975;0,002469958;0,03027875;0,07540975;0,7
7513;0;0;0;0;0;0;0;0;0;0,0087869;0,00037705;0,003584805;0,021426;0,7
7514;0;0;0;0;0;0;0;0;0;0,012131;0,000697275;0,003584805;0,02673775;0,7
7515;0;0;0;0;0;0;0;0;0;0,0395685;0,0254778;0,03344275;0,097349;0,7
7516;0;0;0;0;0;0;0;0;0;0,081632;0,0669945;0,081224;0,1541525;0,7
7517;0;0;0;0;0;0;0;0;0;0,027779;0,013020825;0,02440425;0,06654325;0,7
7518;0;0;0;0;0;0;0;0;0;0,0379805;0,011834;0,02673775;0,083366;0,7
7519;0;0;0;0;0;0;0;0;0;0,01319325;0,001003275;0,004885355;0,02901625;0,7
7520;0,051146694;0,043729728;0,026656864;0,009186961;0,0494134;0,042297975;0,026129325;0,008736675;0;0,008601025;0,000590173;0,00098361;0,012131;0,7
7521;0,116850557;0,180574769;0,058161253;0,02920367;0,11210125;0,16762975;0,0574585;0,02858175;0;0,000426223;0;0,000131148;0,003584805;0,7
7522;0,130228579;0,246033146;0,08408537;0,045959005;0,1277275;0,2372555;0,0835675;0,04547775;0;2,30E-05;0;0;0,000688525;0,7
7523;0,156240344;0,287827697;0,106441228;0,049789725;0,1577735;0,290315;0,10617925;0,04939325;0;0,00428861;0,00057377;0,00153881;0,0105923;0,7
7524;0,195391027;0,440815697;0,111538982;0,055604791;0,19886;0,4632075;0,111544;0,05522225;0;0,012131;0,0108305;0,023565;0,03806925;0,7
7525;0,149982948;0,521624645;0,097784846;0,048129241;0,15253;0,5300525;0,0978055;0,04779025;0;0,012131;0,0100874;0,015672;0,03806925;0,7
7526;0,089559478;0,370052487;0,069462947;0,031062805;0,08936925;0,3391175;0,06927325;0,030727;0;0,002469958;0,000426223;0,002469958;0,01319325;0,7
7527;0,045130449;0,185347698;0,029879566;0,014425794;0,0443555;0,1552275;0,029545;0,01411855;0;0,00098361;0;0,000786888;0,01131355;0,7
7528;0,00082965;0,013298851;0,001491161;0,000476963;0,000822248;0,010966025;0,001461575;0,000456575;0;0,0002459;0;0;0,001057933;0,7
7529;0;0;0;0;0;0;0;0;0;0;0;0;0,00098361;0,7
7530;0;0;0;0;0;0;0;0;0;8,52E-05;0;0;0,00098361;0,7
7531;0;0;0;0;0;0;0;0;0;0,00098033;0,000672125;0,000868855;0,008601025;0,7
7532;0;0;0;0;0;0;0;0;0;0,009344225;0,006557377;0,0108305;0,02496725;0,7
7533;0;0;0;0;0;0;0;0;0;0,01443275;0,02054075;0,02009825;0,038689;0,7
7534;0;0;0;0;0;0;0;0;0;0,0485455;0,09560825;0,0656245;0,08213125;0,7
7535;0;0;0;0;0;0;0;0;0;0,1862525;0,5143325;0,233285;0,325535;0,7
7536;0;0;0;0;0;0;0;0;0;0,2318275;0,54115;0,25902;0,3777575;0,7
7537;0;0;0;0;0;0;0;0;0;0,15705;0,3105475;0,25902;0,25902;0,7
7538;0;0;0;0;0;0;0;0;0;0,15705;0,25902;0,25902;0,27067;0,7
7539;0;0;0;0;0;0;0;0;0;0,21313;0,3329525;0,2993475;0,4152875;0,7
7540;0;0;0;0;0;0;0;0;0;0,25902;0,5160675;0,4857825;0,56066;0,7
7541;0;0;0;0;0;0;0;0;0;0,3015875;0,4742625;0,4209375;0,6054125;0,7
7542;0;0;0;0;0;0;0;0;0;0,547465;0,807615;0,7339825;0,8934225;0,7
7543;0;0;0;0;0;0;0;0;0;0,96154;0,999965;0,99776;0,9998775;0,7
7544;0,040961901;0,124683679;0,125330199;0,062120554;0,03932375;0,093936;0,105649;0,0591745;0;1;1;1;1;0,7
7545;0,094931973;0,273010958;0,257553237;0,108422684;0,092481;0,222004;0,2211725;0,10482375;0;1;1;1;1;0,7
7546;0,140779974;0,35269879;0,266033842;0,130735922;0,13979;0,3181375;0,25984025;0,1300865;0;1;1;1;1;0,7
7547;0,168408158;0,404557618;0,554458697;0,132992842;0,17036;0,4019075;0,585655;0,1339745;0;1;1;1;1;0,7
7548;0,210322382;0,355458237;0,345460658;0,138370153;0,2148325;0,3775575;0,366035;0,1396765;0;1;1;1;1;0,7
7549;0,205229203;0,276172283;0,3970185;0,11817225;0,20772375;0,27902225;0,4192125;0,1187825;0;1;1;1;1;0,7
7550;0,121513686;0,228604322;0,313690895;0,088899233;0,11901825;0,2111375;0,31055;0,08819725;0;0,9998375;0,997025;0,99979;1;0,7
7551;0,056461279;0,119141187;0,116054748;0,042332066;0,0536915;0,1018425;0,100497;0,041328125;0;0,7371425;0,409615;0,6942;0,9816875;0,7
7552;0,001706379;0,00065023;0,001027714;0,000516347;0,001603075;0,000539693;0,0009006;0,000499685;0;0,415735;0,15705;0,297105;0,862245;0,7
7553;0;0;0;0;0;0;0;0;0;0,3798475;0,1314685;0,2515425;0,73967;0,7
7554;0;0;0;0;0;0;0;0;0;0,14105575;0,017952703;0,07725475;0,32923;0,7
7555;0;0;0;0;0;0;0;0;0;0,042055;0,00098361;0,01788525;0,115988;0,7
7556;0;0;0;0;0;0;0;0;0;0,03851175;0,00098361;0,012131;0,08459;0,7
7557;0;0;0;0;0;0;0;0;0;0,01184915;0,000131148;0,003945425;0,03639875;0,7
7558;0;0;0;0;0;0;0;0;0;0,000622955;0;6,01E-05;0,005702853;0,7
7559;0;0;0;0;0;0;0;0;0;0,00098361;0;0,000672125;0,01205675;0,7
7560;0;0;0;0;0;0;0;0;0;0,001429508;0;0,00098361;0,01257375;0,7
7561;0;0;0;0;0;0;0;0;0;0,015412;0,001686352;0,008043653;0,043481;0,7
7562;0;0;0;0;0;0;0;0;0;0,038689;0,022237;0,0355905;0,08459;0,7
7563;0;0;0;0;0;0;0;0;0;0,0223115;0,004513705;0,015672;0,05628425;0,7
7564;0;0;0;0;0;0;0;0;0;0,012131;0,00098361;0,0091585;0,03674125;0,7
7565;0;0;0;0;0;0;0;0;0;0,002469958;0,000131148;0,00098361;0,012308;0,7
7566;0;0;0;0;0;0;0;0;0;0,009344225;0,000868855;0,002469958;0,02541;0,7
7567;0;0;0;0;0;0;0;0;0;0,012131;0,006557377;0,012131;0,038689;0,7
7568;0,051643804;0,152914559;0;0,08573367;0,04813;0,102566175;0;0,078127925;0;0,0209835;0,01443275;0,0209835;0,05322425;0,7
7569;0,126705588;0,357519395;0,004485691;0,267189632;0,12030425;0,2795175;0,004171028;0,234591;0;0,0893705;0,099776;0,10117725;0,1712735;0,7
7570;0,190189974;0,470464105;0,021230167;0,301441934;0,18586325;0,4004975;0,02051475;0,27769;0;0,3217475;0,4907525;0,319015;0,4954125;0,7
7571;0,227032208;0,516079263;0,032483704;0,329566145;0,227916;0,4957975;0,0318075;0,3351;0;0,2338025;0,31559;0,2310225;0,45754;0,7
7572;0,166464987;0,517750342;0,017742235;0,465942079;0,170015;0,5471525;0,0172585;0,49236;0;0,14739;0,125648;0,14739;0,2836625;0,7
7573;0,204690316;0,463370447;0,360329408;0,3582225;0,2056125;0,4496025;0,36657;0,3622875;0;0,22333;0,26775;0,22673;0,480385;0,7
7574;0,121390161;0,328513894;0,277240184;0,27170612;0,11755575;0,28299;0,26056;0,249737;0;0,24871;0,2471225;0,2515425;0,52443;0,7
7575;0,046417468;0,149458026;0,145881099;0,133825492;0,0439125;0,11872225;0,12464;0,11048875;0;0,1528225;0,13365175;0,15917;0,317265;0,7
7576;0,000689303;0,001524619;0,002130096;0,002646638;0,0006564;0,001109905;0,001808475;0,002002488;0;0,35148;0,4485325;0,4363225;0,6359975;0,7
7577;0;0;0;0;0;0;0;0;0;0,649975;0,840145;0,7808625;0,9568125;0,7
7578;0;0;0;0;0;0;0;0;0;0,80465;0,9883625;0,9482125;0,9986;0,7
7579;0;0;0;0;0;0;0;0;0;0,79601;0,956485;0,889865;0,9975525;0,7
7580;0;0;0;0;0;0;0;0;0;0,9871625;0,99968;0,9967225;1;0,7
7581;0;0;0;0;0;0;0;0;0;0,99979;1;1;1;0,7
7582;0;0;0;0;0;0;0;0;0;0,95746;0,983075;0,97526;1;0,7
7583;0;0;0;0;0;0;0;0;0;0,964445;0,9849725;0,9843375;1;0,7
7584;0;0;0;0;0;0;0;0;0;0,667635;0,435745;0,6314075;0,965505;0,7
7585;0;0;0;0;0;0;0;0;0;0,415735;0,170645;0,297105;0,77777;0,7
7586;0;0;0;0;0;0;0;0;0;0,3262275;0,15705;0,25902;0,7431125;0,7
7587;0;0;0;0;0;0;0;0;0;0,2210775;0,08506975;0,1548945;0,5079025;0,7
7588;0;0;0;0;0;0;0;0;0;0,0577735;0,008983603;0,02916575;0,15477;0,7
7589;0;0;0;0;0;0;0;0;0;0,015672;0,000590173;0,012131;0,07311475;0,7
7590;0;0;0;0;0;0;0;0;0;0,0293935;0,00097268;0,01194525;0,079949;0,7
7591;0;0;0;0;0;0;0;0;0;0,004327955;6,01E-05;0,001032783;0,01970675;0,7
7592;0,116614583;0;0,066579253;0,161470291;0,08761625;0;0,05982525;0,13221575;1,53E-05;0,00098361;0;8,52E-05;0,012131;0,7
7593;0,253286447;0,002029795;0,184017576;0,323731816;0,208395;0,001773285;0,16764775;0,2724275;0,000147962;0,008601025;0,000295083;0,002466678;0,02496725;0,7
7594;0,364059237;0,015227647;0,29824425;0,447278487;0,328085;0,01458315;0,2854075;0,4065825;0,000312837;0,028951;0,006185753;0,0187705;0,0677595;0,7
7595;0,405795276;0,022321184;0,291892224;0,48036296;0,40526;0,021731;0,2949175;0,487615;0,000387589;0,038689;0,03027875;0,038689;0,09425;0,7
7596;0,415277566;0,04390483;0,178039255;0,468665408;0,441455;0,0432565;0,18328875;0,50539;0,000405694;0,068001;0,04939925;0,0644175;0,1658875;0,7
7597;0,398097237;0,427933461;0,150009675;0,426279237;0,3938175;0,38304;0,150592;0,4271075;0,000322114;0,1963925;0,1868955;0,2026425;0,3956725;0,7
7598;0,322234105;0,317567605;0,027146509;0,311911461;0,2867775;0,2740075;0,027010625;0,275365;0,000244598;0,4979325;0,6826;0,59366;0,8472725;0,7
7599;0,12843619;0,152513645;0,004691024;0,131050105;0,106905825;0,12116275;0,00456118;0,10707655;8,74E-05;0,820675;0,9893175;0,903335;0,9980775;0,7
7600;0,000708061;0,00182622;0;0,000575896;0,000537518;0,001231475;0;0,000398688;0;0,40295;0,5230775;0,4347525;0,8503;0,7
7601;0;0;0;0;0;0;0;0;0;0,3015875;0,2769425;0,3038275;0,6329525;0,7
7602;0;0;0;0;0;0;0;0;0;0,4852275;0,4686875;0,55836;0,862055;0,7
7603;0;0;0;0;0;0;0;0;0;0,3779475;0,2788975;0,400055;0,701995;0,7
7604;0;0;0;0;0;0;0;0;0;0,46869;0,43504;0,445495;0,8449675;0,7
7605;0;0;0;0;0;0;0;0;0;0,26319;0,15871;0,2144925;0,510165;0,7
7606;0;0;0;0;0;0;0;0;0;0,15705;0,08459;0,1401425;0,32847;0,7
7607;0;0;0;0;0;0;0;0;0;0,18594;0,10512075;0,1791425;0,4686875;0,7
7608;0;0;0;0;0;0;0;0;0;0,19759;0,1300425;0,1942825;0,442785;0,7
7609;0;0;0;0;0;0;0;0;0;0,7463675;0,8278975;0,79554;0,954645;0,7
7610;0;0;0;0;0;0;0;0;0;0,7063975;0,76319;0,7386125;0,9845;0,7
7611;0;0;0;0;0;0;0;0;0;0,48541;0,38153;0,52443;0,92253;0,7
7612;0;0;0;0;0;0;0;0;0;0,324115;0,1735895;0,2728275;0,6377325;0,7
7613;0;0;0;0;0;0;0;0;0;0,08118275;0,02739525;0,06083175;0,2213975;0,7
7614;0;0;0;0;0;0;0;0;0;0,05398925;0,01131355;0,038689;0,15536;0,7
7615;0;0;0;0;0;0;0;0;0;0,02670075;0,000893995;0,01344265;0,06677175;0,7
7616;0,002600129;0,054361354;0,156888549;0,039785645;0,002143728;0,04694475;0,12382925;0,03757525;1,18E-05;0,001539893;0;0,00034426;0,007383628;0,7
7617;0,018856537;0,109889092;0,186346974;0,092087045;0,018150525;0,10071725;0,160655;0,088818;0,000145946;0,000213123;0;1,64E-05;0,002469958;0,7
7618;0,039287451;0,225540276;0,2524485;0,144160417;0,0387345;0,210475;0,235235;0,14123225;0,000175051;0,005814303;0,00021312;0,00093443;0,02319675;0,7
7619;0,052720615;0,291834434;0,09191777;0,220096026;0,052271;0,2796525;0,0896395;0,222015;0,000226062;0,00098361;0;0,000327868;0,012131;0,7
7620;0,056562652;0,292698868;0,053754565;0,210146605;0,05619375;0,2891625;0,053436;0,215305;0,00026762;0,00037705;0;0;0,002469958;0,7
7621;0,048571812;0,234891817;0,127284446;0,21478421;0,04823225;0,22594775;0,1244585;0,2114725;0,000193832;0;0;0;0,00098361;0,7
7622;0,029280241;0,184042859;0,360249948;0,20430722;0,0289495;0,1716385;0,327675;0,19187975;0,000160613;2,30E-05;0;0;0,000688525;0,7
7623;0,010320478;0,059361468;0,212258329;0,086675301;0,010043175;0,055461825;0,1748575;0,07658375;1,35E-05;0,000944265;0,00057377;0,000721313;0,00953005;0,7
7624;0,000229342;0,000489422;0,01854079;0,001196326;0,00020961;0,000449623;0,014134675;0,000968343;0;0,0076721;0,00098361;0,00098361;0,012131;0,7
7625;0;0;0;0;0;0;0;0;0;0,00098361;0,0002459;0,000491803;0,005628377;0,7
7626;0;0;0;0;0;0;0;0;0;0,000944265;0;0,000590173;0,004699478;0,7
7627;0;0;0;0;0;0;0;0;0;2,30E-05;0;0;0,000409833;0,7
7628;0;0;0;0;0;0;0;0;0;0;0;0;0;0,7
7629;0;0;0;0;0;0;0;0;0;0;0;0;0,000622952;0,7
7630;0;0;0;0;0;0;0;0;0;0;0;0;0,000131148;0,7
7631;0;0;0;0;0;0;0;0;0;0;0;0;0;0,7
7632;0;0;0;0;0;0;0;0;0;0;0;0;0;0,7
7633;0;0;0;0;0;0;0;0;0;0;0;0;0;0,7
7634;0;0;0;0;0;0;0;0;0;0;0;0;0,0002459;0,7
7635;0;0;0;0;0;0;0;0;0;0,000737705;0,000786888;0,000737705;0,00098361;0,7
7636;0;0;0;0;0;0;0;0;0;0,00098361;0,00098361;0,00098361;0,00098361;0,7
7637;0;0;0;0;0;0;0;0;0;0,000360655;0,00034427;0,000377048;0,001169407;0,7
7638;0;0;0;0;0;0;0;0;0;0,008043653;0,028636;0,021339025;0,0226394;0,7
7639;0;0;0;0;0;0;0;0;0;0,01965575;0,083162;0,038689;0,042667;0,7
7640;0;0,057645963;0;0,004015213;0;0,050944;0;0,00354985;2,88E-05;0,038689;0,148595;0,07234975;0,084437;0,7
7641;0,002990622;0,114770376;0,052710863;0,005377985;0,002633633;0,10860875;0,05198905;0,004863925;0,000226547;0,038689;0,10270425;0,07234975;0,08459;0,7
7642;0,008728065;0,140316213;0,071938745;0,081727319;0,008152825;0,13398925;0,07116375;0,08127375;9,91E-05;0,03674125;0,07005475;0,038689;0,05628425;0,7
7643;0,012861047;0,197854303;0,277478566;0,303004658;0,012345;0,1910125;0,2844025;0,30747;2,83E-06;0,012308;0,02054075;0,0223115;0,03337725;0,7
7644;0,014059698;0,203067395;0,394540776;0,410382316;0,01356825;0,198235;0,41143;0,418395;0;0,008786825;0,002469958;0,0089726;0,012131;0,7
7645;0,013233308;0,113257737;0,123761696;0,403021382;0,01275375;0,1107775;0,12588675;0,3800325;0;0,000540985;0,000327868;0,000540985;0,003398905;0,7
7646;0,006691515;0,070021338;0,344993526;0,326980066;0,00630605;0,068826;0,3099375;0,2794275;0;7,21E-05;0;1,64E-05;0,000770495;0,7
7647;0,001505652;0,027281688;0,120518503;0,135947088;0,001328197;0,02696825;0,10224875;0,10759325;0;0,004507148;0,002579233;0,003535625;0,008778025;0,7
7648;0;0,000387647;0,003615839;0,000716582;0;0,000380075;0,002779425;0,000481735;0;0,02718025;0,0419125;0,03160675;0,03674125;0,7
7649;0;0;0;0;0;0;0;0;0;0,03497275;0,05893525;0,0493585;0,05688675;0,7
7650;0;0;0;0;0;0;0;0;0;0,1920295;0,5528225;0,38598;0,31175;0,7
7651;0;0;0;0;0;0;0;0;0;0,25902;0,76721;0,3986425;0,39344;0,7
7652;0;0;0;0;0;0;0;0;0;0,25902;0,7259;0,39344;0,54115;0,7
7653;0;0;0;0;0;0;0;0;0;0,24871;0,520745;0,3710375;0,5160675;0,7
7654;0;0;0;0;0;0;0;0;0;0,1257625;0,18497325;0,188785;0,227655;0,7
7655;0;0;0;0;0;0;0;0;0;0,08459;0,08459;0,08684425;0,15705;0,7
7656;0;0;0;0;0;0;0;0;0;0,08459;0,08459;0,0899025;0,15943;0,7
7657;0;0;0;0;0;0;0;0;0;0,171516;0,206305;0,2188625;0,3410575;0,7
7658;0;0;0;0;0;0;0;0;0;0,583525;0,8121025;0,69585;0,8556225;0,7
7659;0;0;0;0;0;0;0;0;0;0,457195;0,63104;0,5829525;0,67891;0,7
7660;0;0;0;0;0;0;0;0;0;0,2372025;0,243415;0,29597;0,45754;0,7
7661;0;0;0;0;0;0;0;0;0;0,1449725;0,112365;0,154825;0,3038275;0,7
7662;0;0;0;0;0;0;0;0;0;0,08628075;0,04945;0,08684425;0,18594;0,7
7663;0;0;0;0;0;0;0;0;0;0,18814;0,13115425;0,19388;0,3980575;0,7
7664;0,001843135;0;0,126897835;0,007731534;0;0;0,086677225;0,00726935;0;0,0740375;0,040529;0,068707;0,1628375;0,7
7665;0,013099863;0,00497813;0,276414277;0,031665502;0,011118875;0,004629175;0,213545;0,031045;0;0,015672;0,001003275;0,006991403;0,03949725;0,7
7666;0,024869459;0,012775326;0,411386408;0,049948165;0,0243055;0,0121666;0,354035;0,04948325;0;0,005256805;0;0,00098361;0,012131;0,7
7667;0,0368745;0,015338049;0,445629079;0,055657524;0,03634125;0,01480325;0,4282825;0,05527225;0;0,00469958;0,0002459;0,002655755;0,01611475;0,7
7668;0,03782297;0,019123837;0,436746355;0,069897573;0,03737475;0,0185666;0,46137;0,0695685;0;0,03293475;0,023552025;0,0307215;0,07081975;0,7
7669;0,030463962;0,394396303;0,37272525;0,044116966;0,0300465;0,34929;0,3677275;0,0438495;0,000204516;0,038689;0,038689;0,038689;0,08459;0,7
7670;0,017883916;0,299915329;0,268268369;0,037854995;0,017509;0,2591975;0,234815;0,03746275;0,000147735;0,038689;0,038689;0,038689;0,08459;0,7
7671;0,005034723;0,129063158;0,116755204;0,011553151;0,00487207;0,10337425;0,09719225;0,01134715;0;0,038689;0,038689;0,038689;0,08459;0,7
7672;0;0,000615318;0,000763977;0,000135107;0;0,000415883;0,000562525;0,00012373;0;0,038689;0,0223115;0,03786275;0,08459;0,7
7673;0;0;0;0;0;0;0;0;0;0,0209835;0,00469958;0,01295725;0,05398925;0,7
7674;0;0;0;0;0;0;0;0;0;0,012131;0,004885253;0,012131;0,038689;0,7
7675;0;0;0;0;0;0;0;0;0;0,007114803;0,000540985;0,003956355;0,019213;0,7
7676;0;0;0;0;0;0;0;0;0;0,000409833;0;0,000131148;0,002469958;0,7
7677;0;0;0;0;0;0;0;0;0;0;0;0;0,00037705;0,7
7678;0;0;0;0;0;0;0;0;0;0;0;0;0;0,7
7679;0;0;0;0;0;0;0;0;0;0;0;0;0;0,7
7680;0;0;0;0;0;0;0;0;0;0;0;0;0,000868855;0,7
7681;0;0;0;0;0;0;0;0;0;0;0;0;0,000131148;0,7
7682;0;0;0;0;0;0;0;0;0;0;0;0;0;0,7
7683;0;0;0;0;0;0;0;0;0;0;0;0;0;0,7
7684;0;0;0;0;0;0;0;0;0;0;0;0;0;0,7
7685;0;0;0;0;0;0;0;0;0;0,00034427;0,00034427;0,00034427;0,000868855;0,7
7686;0;0;0;0;0;0;0;0;0;0;3,06E-05;0;0,00098361;0,7
7687;0;0;0;0;0;0;0;0;0;0,000868855;0,000953008;0,000868855;0,003770503;0,7
7688;0;0,014686834;0,006781113;0;0;0,014218025;0,0063052;0;0;0,000590173;0,0002765;0,000161748;0,00098361;0,7
7689;0,009324356;0,022230166;0,026459874;0,020140017;0,008957025;0,0216645;0,025702;0,01973965;0;0,00098361;0,000953008;0,000953008;0,005256878;0,7
7690;0,023457229;0,104173954;0,044347883;0,062294885;0,02287075;0,10118825;0,04364575;0,06180925;0;0,00098361;0,00098361;0,00098361;0,001949733;0,7
7691;0,030464444;0,107656974;0,051890372;0,126342237;0,029951;0,10552325;0,051239;0,1258375;0;0,006371653;0,007177128;0,008601025;0,01253675;0,7
7692;0,031127818;0,100164568;0,046233024;0,108679847;0,030652;0,0997015;0,0456455;0,10860775;0;0,02479225;0,08371025;0,04312225;0,05555875;0,7
7693;0,025302398;0,068186041;0,039145386;0,071350978;0,02486925;0,06803475;0,03857025;0,071436;0;0,1920295;0,72054;0,3956875;0,334045;0,7
7694;0,015010334;0,053241202;0,027023803;0,061957299;0,014618;0,05287875;0,026529;0,06176075;0;0,3746225;0,95585;0,5950825;0,56066;0,7
7695;0,004230955;0,021895156;0,00827042;0,022980442;0,004064385;0,02164095;0,007993025;0,022812075;0;0,264395;0,6616975;0,400055;0,415735;0,7
7696;0;0,000366589;0,000180055;0,000203918;0;0,0003574;0,00015626;0,000199673;0;0,3015875;0,7719125;0,49236;0,499345;0,7
7697;0;0;0;0;0;0;0;0;0;0,533115;0,96525;0,7983225;0,80578;0,7
7698;0;0;0;0;0;0;0;0;0;0,896805;1;0,992895;0,99706;0,7
7699;0;0;0;0;0;0;0;0;0;0,94;1;0,996065;0,9990375;0,7
7700;0;0;0;0;0;0;0;0;0;0,94;1;0,995625;1;0,7
7701;0;0;0;0;0;0;0;0;0;0,9838;1;1;1;0,7
7702;0;0;0;0;0;0;0;0;0;0,9983375;1;1;1;0,7
7703;0;0;0;0;0;0;0;0;0;1;1;1;1;0,7
7704;0;0;0;0;0;0;0;0;0;1;1;1;1;0,7
7705;0;0;0;0;0;0;0;0;0;1;1;1;1;0,7
7706;0;0;0;0;0;0;0;0;0;1;1;1;1;0,7
7707;0;0;0;0;0;0;0;0;0;1;0,21666675;1;0,7000025;0,7
7708;0;0;0;0;0;0;0;0;0;1;0,68333425;1;1;0,7
7709;0;0;0;0;0;0;0;0;0;1;1;1;1;0,7
7710;0;0;0;0;0;0;0;0;0;0,9990375;0,97995;0,9984275;1;0,7
7711;0;0;0;0;0;0;0;0;0;0,971025;0,7268725;0,9453425;1;0,7
7712;0;0;0;0,004395973;0;0;0;0,003926525;0;0,759145;0,2554825;0,583525;0,9899875;0,7
7713;0,00754143;0,009859029;0,002978963;0,022319258;0,007193925;0,00948695;0,00260595;0,02165925;0;0,323865;0,0515355;0,190065;0,697015;0,7
7714;0,020870187;0,025027658;0,008318988;0,041892071;0,0202745;0,02438025;0,007720525;0,04136125;0;0,1438775;0,007486325;0,05659025;0,3088525;0,7
7715;0,02988992;0,03143025;0,012772822;0,051559528;0,029348;0,030841;0,012206;0,05113275;0;0,15705;0,027623;0,093179;0,3777575;0,7
7716;0,026979979;0,032502004;0,013804942;0,054482471;0,02652375;0,03194425;0,01325275;0,05410575;0;0,18594;0,038689;0,154795;0,39344;0,7
7717;0,022404257;0,025895704;0,011235959;0,045627438;0,021948;0,02540275;0,01074215;0,045278;0;0,15705;0,02541;0,08684425;0,3777575;0,7
7718;0,013797406;0,016280981;0,006232643;0,028886309;0,01340245;0,0158455;0,0058201;0,0285415;0;0,13531;0,02054075;0,08459;0,2903825;0,7
7719;0,003659323;0,004728311;0,001330619;0,010331361;0,003505155;0,004550372;0,001165678;0,0100641;0;0,21925;0,07387975;0,13772825;0,52443;0,7
7720;0;0;0;9,62E-05;0;0;0;8,82E-05;0;0,157175;0,04398275;0,09425;0,3821275;0,7
7721;0;0;0;0;0;0;0;0;0;0,101337;0,0187115;0,08684425;0,27918;0,7
7722;0;0;0;0;0;0;0;0;0;0,232845;0,10459475;0,19388;0,573255;0,7
7723;0;0;0;0;0;0;0;0;0;0,12127525;0,03064475;0,0697695;0,322215;0,7
7724;0;0;0;0;0;0;0;0;0;0,07234975;0,0108305;0,038689;0,15773;0,7
7725;0;0;0;0;0;0;0;0;0;0,038689;0,00098361;0,028951;0,09425;0,7
7726;0;0;0;0;0;0;0;0;0;0,0608745;0,012778;0,038689;0,148595;0,7
7727;0;0;0;0;0;0;0;0;0;0,11165;0,06468225;0,09251775;0,283525;0,7
7728;0;0;0;0;0;0;0;0;0;0,3345725;0,2892925;0,2677475;0,6459975;0,7
7729;0;0;0;0;0;0;0;0;0;0,39344;0,39344;0,39344;0,8046475;0,7
7730;0;0;0;0;0;0;0;0;0;0,54115;0,5093775;0,5136525;0,94;0,7
7731;0;0;0;0;0;0;0;0;0;0,415735;0,37046;0,3986425;0,847845;0,7
7732;0;0;0;0;0;0;0;0;0;0,39344;0,26126;0,3620775;0,76721;0,7
7733;0;0;0;0;0;0;0;0;0;0,38672;0,3619625;0,4382275;0,86283;0,7
7734;0;0;0;0;0;0;0;0;0;0,1829;0,10813975;0,1634925;0,429835;0,7
7735;0;0;0;0;0;0;0;0;0;0,08459;0,02054075;0,05092925;0,1995375;0,7
7736;0;0;0;0,006574637;0;0;0;0,006070525;0;0,0919175;0,0331205;0,0639345;0,2471225;0,7
7737;0,021337391;0,013250621;0,008715206;0,025788312;0,020901275;0,012861275;0,008349;0,0251315;0;0,1671675;0,089491;0,12927325;0,3661075;0,7
7738;0,084977254;0,031904365;0,022389328;0,047269622;0,08461575;0,031258;0,02173175;0,0467815;0;0,08748625;0,02644425;0,05628425;0,1914875;0,7
7739;0,090650977;0,041584583;0,034216666;0,065464879;0,09065425;0,0410045;0,03354225;0,06512775;0;0,038689;0,008043725;0,0320495;0,09425;0,7
7740;0,283209355;0,039009821;0,034823215;0,056296097;0,270295;0,0384905;0,03422175;0,05603;0;0,0639345;0,02054075;0,04333;0,150975;0,7
7741;0,204314684;0,034860778;0,026329366;0,050217608;0,190445;0,0343425;0,0258095;0,04988725;0;0,1371675;0,09554275;0,133229;0,32768;0,7
7742;0,117807935;0,023681886;0,016725959;0,029474558;0,1105705;0,0232435;0,016256;0,0291695;0;0,41606;0,40394;0,3837175;0,76391;0,7
7743;0,046659703;0,007198257;0,00573091;0,006891277;0,04377275;0,00693405;0,0049611;0,006772927;0;0,866835;0,960705;0,897355;0,99706;0,7
7744;0,001330812;7,28E-05;8,72E-05;0;0,001197313;6,00E-05;0;0;0;1;1;1;1;0,7
7745;0;0;0;0;0;0;0;0;0;1;1;1;1;0,7
7746;0;0;0;0;0;0;0;0;0;1;1;1;1;0,7
7747;0;0;0;0;0;0;0;0;0;0,9970275;0,9995625;0,9989525;1;0,7
7748;0;0;0;0;0;0;0;0;0;1;1;1;1;0,7
7749;0;0;0;0;0;0;0;0;0;1;1;1;1;0,7
7750;0;0;0;0;0;0;0;0;0;0,99611;0,9848075;0,99099;1;0,7
7751;0;0;0;0;0;0;0;0;0;0,835735;0,48121;0,7421175;0,9978125;0,7
7752;0;0;0;0;0;0;0;0;0;0,5732825;0,21313;0,4449;0,9792375;0,7
7753;0;0;0;0;0;0;0;0;0;0,44082;0,1621475;0,2851575;0,9198425;0,7
7754;0;0;0;0;0;0;0;0;0;0,65361;0,3311;0,53495;0,9854425;0,7
7755;0;0;0;0;0;0;0;0;0;0,457195;0,16435275;0,3161025;0,87275;0,7
7756;0;0;0;0;0;0;0;0;0;0,264395;0,0617925;0,16328;0,5882;0,7
7757;0;0;0;0;0;0;0;0;0;0,3015875;0,10013725;0,208035;0,6955075;0,7
7758;0;0;0;0;0;0;0;0;0;0,502135;0,2412525;0,3731675;0,9568125;0,7
7759;0;0;0;0;0;0;0;0;0;0,7259;0,499345;0,691475;0,99475;0,7
7760;0,021588751;0;0;0,023234258;0,021180075;0;0;0,022824475;0;0,782185;0,498035;0,7712425;0,995975;0,7
7761;0,063953684;0,019991137;0,008720721;0,070332438;0,062727;0,019567525;0,008329625;0,0688395;0;0,9713625;0,94464;0,9677625;1;0,7
7762;0,105195383;0,051674866;0,020991786;0,093126052;0,103266;0,0510275;0,0203325;0,09234625;4,04E-06;0,9828875;0,9737625;0,9701125;1;0,7
7763;0,099442441;0,07200448;0,027187299;0,113404859;0,09877675;0,0715255;0,0265575;0,11313975;2,38E-05;0,9958725;0,995185;0,9963325;1;0,7
7764;0,07183352;0,073144137;0,026606755;0,114138304;0,07189575;0,072774;0,02602225;0,11321675;5,24E-05;0,79484;0,56869;0,736075;0,9923675;0,7
7765;0,049012216;0,059351234;0,021659736;0,045172828;0,04875725;0,05897375;0,021133;0,044707;2,56E-06;0,334175;0,11119975;0,223285;0,70832;0,7
7766;0,033006458;0,040039196;0,014239278;0,033301907;0,03267075;0,03965525;0,01377965;0,0329265;0;0,170645;0,038689;0,112365;0,45754;0,7
7767;0,014657457;0,015437856;0,003755663;0,003922497;0,01436365;0,0151606;0,003588235;0,00386987;0;0,13893425;0,02223725;0,07005475;0,3482925;0,7
7768;0,000702857;0,000137479;0;0;0,0006744;0,000132125;0;0;0;0,05016425;0,001686353;0,021426;0,12965675;0,7
7769;0;0;0;0;0;0;0;0;0;0,015672;3,06E-05;0,004117353;0,07311475;0,7
7770;0;0;0;0;0;0;0;0;0;0,0355905;0,000953008;0,01178425;0,08459;0,7
7771;0;0;0;0;0;0;0;0;0;0,03851175;0,00098361;0,012131;0,08459;0,7
7772;0;0;0;0;0;0;0;0;0;0,01373175;0,000327868;0,003956355;0,04398275;0,7
7773;0;0;0;0;0;0;0;0;0;0,001330433;0;0,000590173;0,01295725;0,7
7774;0;0;0;0;0;0;0;0;0;0,00098361;0;0,00098361;0,012131;0,7
7775;0;0;0;0;0;0;0;0;0;0,00302733;0,00018032;0,001169407;0,01655725;0,7
7776;0;0;0;0;0;0;0;0;0;0,03116425;0,02273765;0,02529515;0,07311475;0,7
7777;0;0;0;0;0;0;0;0;0;0,039454;0,03027875;0,038689;0,09087;0,7
7778;0;0;0;0;0;0;0;0;0;0,082295;0,0601095;0,0601095;0,1568075;0,7
7779;0;0;0;0;0;0;0;0;0;0,084284;0,07005475;0,07158475;0,15705;0,7
7780;0;0;0;0;0;0;0;0;0;0,04486;0,0223115;0,039199;0,10391;0,7
7781;0;0;0;0;0;0;0;0;0;0,12997;0,11635025;0,122845;0,257625;0,7
7782;0;0;0;0;0;0;0;0;0;0,12081925;0,10270425;0,11840525;0,25902;0,7
7783;0;0;0;0;0;0;0;0;0;0,081785;0,07370275;0,07923475;0,2278725;0,7
7784;0,002767853;0;0;0,009472056;0,002260688;0;0;0,008997;0;0,01763575;0,005882003;0,012125652;0,04409025;0,7
7785;0,017666025;0,001624989;0,00689467;0,030476242;0,016961075;0;0,00651205;0,02983875;5,40E-05;0,00098361;0;0,0002459;0,012131;0,7
7786;0,035648882;0,057780805;0,018057766;0,04838207;0,03509475;0,05547025;0,01741325;0,0479265;0,00014144;0,00098361;0;0;0,012131;0,7
7787;0,04613117;0,184748132;0,024539578;0,073161955;0,04567525;0,175815;0,02392825;0,0728425;0,000189773;0,00098361;0;3,06E-05;0,012131;0,7
7788;0,051251799;0,221949142;0,024678754;0,067316791;0,05084075;0,20822425;0,02410625;0,0671075;0,000166718;0,00098361;0;0,000953008;0,012131;0,7
7789;0,037073874;0,150247334;0,021361397;0,048536897;0,03671175;0,14203025;0,02081975;0,04826325;0,000111856;0,000786888;0;0,0002459;0,00469958;0,7
7790;0,023590386;0,087576817;0,014718498;0,033561959;0,0232095;0,08462175;0,014239;0,03321875;3,93E-05;0,000196718;4,92E-05;0,000131148;0,001949733;0,7
7791;0,008915038;0,022580515;0,003854435;0,01251053;0,00861395;0,021673625;0,003693383;0,012245275;0;0,00953005;0,008213045;0,0205958;0,03024175;0,7
7792;8,23E-05;0,000304719;0;0,000146073;7,39E-05;0,0002963;0;0,00013846;0;0,015672;0,015672;0,019213;0,038689;0,7
7793;0;0;0;0;0;0;0;0;0;0,038689;0,038689;0,038689;0,07923475;0,7
7794;0;0;0;0;0;0;0;0;0;0,038689;0,038689;0,038689;0,08459;0,7
7795;0;0;0;0;0;0;0;0;0;0,038689;0,038689;0,038689;0,08459;0,7
7796;0;0;0;0;0;0;0;0;0;0,038689;0,03674125;0,038689;0,08459;0,7
7797;0;0;0;0;0;0;0;0;0;0,015672;0,01007865;0,0223115;0,044809;0,7
7798;0;0;0;0;0;0;0;0;0;0,012131;0,00098361;0,012131;0,02541;0,7
7799;0;0;0;0;0;0;0;0;0;0,012131;0,00098361;0,012131;0,012131;0,7
7800;0;0;0;0;0;0;0;0;0;0,012131;0,001169407;0,012131;0,01965575;0,7
7801;0;0;0;0;0;0;0;0;0;0,015672;0,01511465;0,02496725;0,038689;0,7
7802;0;0;0;0;0;0;0;0;0;0,03381975;0,03337725;0,03381975;0,038689;0,7
7803;0;0;0;0;0;0;0;0;0;0,007300553;0,003584805;0,005814178;0,019213;0,7
7804;0;0;0;0;0;0;0;0;0;0,00098361;0,00037705;0,00098361;0,012131;0,7
7805;0;0;0;0;0;0;0;0;0;0,00098361;0,000131148;0,00098361;0,012131;0,7
7806;0;0;0;0;0;0;0;0;0;0,00098361;0,00098361;0,00098361;0,012131;0,7
7807;0;0;0;0;0;0;0;0;0;0,00098361;0,00098361;0,00098361;0,012131;0,7
7808;0;0;0,007353446;0,004724699;0;0;0,0068471;0,00421925;0;0,00098361;0,00098361;0,00098361;0,012131;0,7
7809;0;0;0,012587703;0,022327926;0;0;0,012015125;0,0216415;0;0,00098361;0,000161748;0,000737705;0,004736653;0,7
7810;0,004686462;0,009712123;0,223861251;0,041376541;0,004377572;0,0093414;0,20277525;0,04084675;0;0,002469958;0,000953008;0,00098361;0,012094;0,7
7811;0,010079544;0,022087137;0,391995632;0,050377492;0,009558125;0,02146;0,3502975;0,049947;0;0,012131;0,00098361;0,0108305;0,012131;0,7
7812;0,011025004;0,030395818;0,147231687;0,046984768;0,01054305;0,0298055;0,13319775;0,04659975;0;0,012131;0,01145025;0,01257375;0,0355905;0,7
7813;0,288003474;0,324678119;0,075428025;0,037923379;0,2590575;0,28872;0,072837;0,03753725;0,000102358;0,0355905;0,05216175;0,037361;0,0677595;0,7
7814;0,21500068;0,237218566;0,010646723;0,024541986;0,19152925;0,2054375;0,010520575;0,02416625;4,58E-05;0,038689;0,042667;0,038689;0,08459;0,7
7815;0,08772105;0,085692303;0,000982048;0,00787803;0,0732765;0,071007125;0,000822428;0,007612275;0;0,0608745;0,094097;0,07234975;0,1063275;0,7
7816;0,000195447;0,000283361;0;4,75E-05;0,000146233;0,000205335;0;3,95E-05;0;0,1268575;0,15705;0,148595;0,2165325;0,7
7817;0;0;0;0;0;0;0;0;0;0,1449725;0,15705;0,15705;0,242025;0,7
7818;0;0;0;0;0;0;0;0;0;0,08459;0,1039135;0,09425;0,14618;0,7
7819;0;0;0;0;0;0;0;0;0;0,1275375;0,1706875;0,16389;0,2232525;0,7
7820;0;0;0;0;0;0;0;0;0;0,2515425;0,4390725;0,329815;0,460875;0,7
7821;0;0;0;0;0;0;0;0;0;0,18934;0,2655075;0,259915;0,39344;0,7
7822;0;0;0;0;0;0;0;0;0;0,21313;0,25902;0,25902;0,39344;0,7
7823;0;0;0;0;0;0;0;0;0;0,262155;0,288145;0,2769425;0,435245;0,7
7824;0;0;0;0;0;0;0;0;0;0,4521625;0,6134425;0,5388525;0,7155725;0,7
7825;0;0;0;0;0;0;0;0;0;0,3038275;0,346285;0,400055;0,5882;0,7
7826;0;0;0;0;0;0;0;0;0;0,3746225;0,378505;0,44918;0,650165;0,7
7827;0;0;0;0;0;0;0;0;0;0,2439975;0,19933;0,261025;0,471475;0,7
7828;0;0;0;0;0;0;0;0;0;0,1774425;0,1621475;0,1791425;0,4079325;0,7
7829;0;0;0;0;0;0;0;0;0;0,362075;0,3446925;0,4217475;0,7012425;0,7
7830;0;0;0;0;0;0;0;0;0;0,37328;0,290385;0,37328;0,6673775;0,7
7831;0;0;0;0;0;0;0;0;0;0,39344;0,38672;0,4857825;0,76721;0,7
7832;0,080778825;0;0;0,032416933;0,05937785;0;0;0,03050385;0;0,39344;0,39344;0,3986425;0,76721;0,7
7833;0,307743395;0,00586621;0,005922819;0,107770867;0,2512925;0,005479;0,005559825;0,1029935;0;0,39344;0,39344;0,518855;0,76721;0,7
7834;0,448730448;0,013505159;0,020161687;0,223772882;0,38358;0,0129312;0,01948305;0,21231925;0;0,39344;0,3755175;0,51517;0,760785;0,7
7835;0,437194224;0,011450166;0,02839847;0,234109252;0,379775;0,010990675;0,02774625;0,2204775;0;0,2429525;0,142557;0,2060375;0,4780975;0,7
7836;0,252920448;0,010723583;0,027549205;0,319395198;0,2262875;0,0102151;0,02696325;0,28793425;0;0,0966665;0,037426;0,06092525;0,226465;0,7
7837;0,108703445;0,302973356;0,374206105;0,281073553;0,101826;0,27336375;0,333575;0,2482675;0;0,1401435;0,06954475;0,1221365;0,2859;0,7
7838;0,047129242;0,231993434;0,259640882;0,24408829;0,0465505;0,20378;0,22594;0,2145;0;0,10029025;0,041494;0,08684425;0,25902;0,7
7839;0,01920024;0,075602356;0,118498279;0,113288077;0,0188109;0,06255175;0,0949975;0,09201425;0;0,08459;0,0223115;0,07540975;0,170645;0,7
7840;0,000101543;0,000160715;0,000351745;0,000324921;9,67E-05;0,000115495;0,000243188;0,000229685;0;0,0930425;0,02678125;0,0530625;0,1813825;0,7
7841;0;0;0;0;0;0;0;0;0;0,3128225;0,224375;0,2822825;0,5609825;0,7
7842;0;0;0;0;0;0;0;0;0;0,2338025;0,15400775;0,1978375;0,471475;0,7
7843;0;0;0;0;0;0;0;0;0;0,1665925;0,0942855;0,13048;0,3250375;0,7
7844;0;0;0;0;0;0;0;0;0;0,65833;0,75569;0,7051975;0,8944575;0,7
7845;0;0;0;0;0;0;0;0;0;0,974675;0,9997375;0,99301;1;0,7
7846;0;0;0;0;0;0;0;0;0;0,9817825;0,996585;0,9926275;1;0,7
7847;0;0;0;0;0;0;0;0;0;0,667635;0,59865;0,6795875;0,967425;0,7
7848;0;0;0;0;0;0;0;0;0;0,612295;0,5487675;0,612295;0,9591625;0,7
7849;0;0;0;0;0;0;0;0;0;0,56066;0,3973425;0,56066;0,94;0,7
7850;0;0;0;0;0;0;0;0;0;0,5437525;0,385225;0,52443;0,952775;0,7
7851;0;0;0;0;0;0;0;0;0;0,38763;0,2253625;0,3219325;0,825;0,7
7852;0;0;0;0;0;0;0;0;0;0,6862725;0,518195;0,6745675;0,979045;0,7
7853;0;0;0;0;0;0;0;0;0;0,598525;0,38153;0,570655;0,9792375;0,7
7854;0;0;0;0;0;0;0;0;0;0,415735;0,18934;0,3620775;0,862245;0,7
7855;0;0;0;0;0;0;0;0;0;0,44918;0,2796;0,4268825;0,825415;0,7
7856;0,103502151;0;0,003047177;0,135567122;0,0696075;0;0,00251874;0,0889435;0;0,760395;0,6781125;0,750065;0,99417;0,7
7857;0,2855715;0,00849551;0,027909186;0,293214158;0,2229625;0,008104175;0,0270915;0,231735;0;0,6191825;0,4459;0,6191825;0,9839225;0,7
7858;0,399886303;0,025366689;0,043685953;0,156208078;0,3383125;0,02468375;0,04301175;0,1400925;0;0,56066;0,39344;0,56066;0,9409125;0,7
7859;0,469130132;0,03735319;0,051091915;0,267596566;0,397545;0,03672075;0,05043525;0,24727;0;0,6775175;0,471125;0,667575;0,9847125;0,7
7860;0,464184316;0,035474791;0,046325487;0,133498741;0,393675;0,03492825;0,0457265;0,124951;0;0,334175;0,15871;0,24106;0,7053775;0,7
7861;0,403784684;0,033169472;0,04014129;0,224774566;0,3432425;0,03262925;0,0395565;0,2084625;0;0,2210775;0,06867;0,13742225;0,5022775;0,7
7862;0,283835408;0,018211149;0,028381374;0,070602123;0,2412275;0,017816;0,02787225;0,0651035;0;0,0577735;0,005390205;0,0283335;0,13908525;0,7
7863;0,125015728;0,004783049;0,010157006;0,054894462;0,09899475;0,004622345;0,009839925;0,04858325;0;0,04863425;0,007226203;0,037361;0,148595;0,7
7864;0,000172333;0;0,000103833;0,000181575;0,000116188;0;9,45E-05;0,000144095;0;0,038689;0,001057933;0,01788525;0,09425;0,7
7865;0;0;0;0;0;0;0;0;0;0,03600375;0,00098361;0,012094;0,082295;0,7
7866;0;0;0;0;0;0;0;0;0;0,004914855;0,00018032;0,001539893;0,02219125;0,7
7867;0;0;0;0;0;0;0;0;0;0,001057932;0;0,00018032;0,012131;0,7
7868;0;0;0;0;0;0;0;0;0;0,01131355;0,000786888;0,007300553;0,03381975;0,7
7869;0;0;0;0;0;0;0;0;0;0,0209835;0,00487658;0,01611475;0,05322425;0,7
7870;0;0;0;0;0;0;0;0;0;0,07234975;0,05663175;0,0662295;0,148981;0,7
7871;0;0;0;0;0;0;0;0;0;0,13961425;0,12471075;0,14131425;0,2900425;0,7
7872;0;0;0;0;0;0;0;0;0;0,2515425;0,3446925;0,25494;0,52443;0,7
7873;0;0;0;0;0;0;0;0;0;0,25902;0,288145;0,25902;0,56066;0,7
7874;0;0;0;0;0;0;0;0;0;0,2386225;0,204635;0,2386225;0,415735;0,7
7875;0;0;0;0;0;0;0;0;0;0,15705;0,1425575;0,15705;0,39344;0,7
7876;0;0;0;0;0;0;0;0;0;0,1666225;0,1300425;0,16955;0,3799475;0,7
7877;0;0;0;0;0;0;0;0;0;0,6842725;0,830635;0,7560525;0,93224;0,7
7878;0;0;0;0;0;0;0;0;0;0,73623;0,93853;0,8616225;0,9899;0,7
7879;0;0;0;0;0;0;0;0;0;0,3445925;0,29117;0,3363175;0,6628775;0,7
7880;0,112363926;0;0;0,003812034;0,0752347;0;0;0,00329915;0;0,25902;0,1876375;0,25902;0,5882;0,7
7881;0,284550553;0,015245393;0,002447972;0,019559811;0,2256575;0,014875275;0,00203895;0,018869;1,24E-05;0,3777575;0,2836625;0,365065;0,76721;0,7
7882;0,400519579;0,050233259;0,005564115;0,03234212;0,3385225;0,04956525;0,0049905;0,03181825;3,57E-05;0,3238475;0,2095075;0,25024;0,631475;0,7
7883;0,525515803;0,057051695;0,009588454;0,054408308;0,44548;0,0565615;0,00903245;0,05391125;5,20E-05;0,12127525;0,055962;0,093524;0,3088525;0,7
7884;0,526308;0,055161738;0,020347915;0,053654878;0,445485;0,0546835;0,01969025;0,053311;7,51E-05;0,08459;0,03027875;0,040525;0,1794825;0,7
7885;0,470377421;0,056775269;0,304355487;0,045446364;0,397035;0,05629225;0,275765;0,04509825;0,000138932;0,1268575;0,0601095;0,09921925;0,27033;0,7
7886;0,338188816;0,034727862;0,272602579;0,028255681;0,2850175;0,03436;0,2410425;0,02793075;5,09E-05;0,206335;0,11961325;0,15705;0,3929925;0,7
7887;0,153608996;0,010484648;0,132143337;0,008593993;0,11966075;0,010234875;0,10816675;0,008332525;0;0,25902;0,15705;0,21313;0,54115;0,7
7888;0,000519527;6,35E-05;0,000478304;3,73E-05;0,000326125;5,81E-05;0,00033855;3,29E-05;0;0,2437225;0,143765;0,22673;0,5160675;0,7
7889;0;0;0;0;0;0;0;0;0;0,113573;0,03680325;0,08869275;0,227655;0,7
7890;0;0;0;0;0;0;0;0;0;0,0848315;0,0209835;0,044809;0,1658875;0,7
7891;0;0;0;0;0;0;0;0;0;0,162665;0,0901045;0,13048;0,3482925;0,7
7892;0;0;0;0;0;0;0;0;0;0,1244425;0,07158475;0,09425;0,269465;0,7
7893;0;0;0;0;0;0;0;0;0;0,08459;0,03337725;0,044809;0,15773;0,7
7894;0;0;0;0;0;0;0;0;0;0,08459;0,040117;0,0639345;0,1658875;0,7
7895;0;0;0;0;0;0;0;0;0;0,13893425;0,083162;0,08459;0,25868;0,7
7896;0;0;0;0;0;0;0;0;0;0,112365;0,07005475;0,079949;0,236925;0,7
7897;0;0;0;0;0;0;0;0;0;0,04710425;0,0156995;0,03387075;0,1051205;0,7
7898;0;0;0;0;0;0;0;0;0;0,046339;0,02408175;0,038689;0,120818;0,7
7899;0;0;0;0;0;0;0;0;0;0,02363925;0,004513705;0,015672;0,0585795;0,7
7900;0;0;0;0;0;0;0;0;0;0,0108305;0,000737705;0,0089726;0,0355905;0,7
7901;0;0;0;0;0;0;0;0;0;0,00098361;0;0,000540985;0,012131;0,7
7902;0;0;0;0;0;0;0;0;0;0,00037705;0;0;0,002469958;0,7
7903;0;0;0;0;0;0;0;0;0;0;0;0;0,00098361;0,7
7904;0,1003206;0;0,018318974;0;0,0641708;0;0,017707825;0;0;0;0;0;0,000459025;0,7
7905;0,305797816;0,014551799;0,096480971;0,009727148;0,239435;0,01415375;0,0902495;0,009303925;0;0;0;0;0;0,7
7906;0,488357171;0,037553045;0,278094987;0,045211836;0,410575;0,036899;0,250715;0,044551;0;0;0;0;0;0,7
7907;0,53802;0,059900234;0,243815957;0,05153593;0,45485;0,05930375;0,2186785;0,05115075;0;0;0;0;0;0,7
7908;0,549276908;0,052511368;0,433832803;0,040315863;0,4643575;0,05205425;0,3868925;0,039951;0;0;0;0;0,000622952;0,7
7909;0,471487461;0,044308153;0,309296487;0,38584346;0,3984775;0,04383075;0,2703725;0,3441425;0,000129337;0;0;0;0,000131148;0,7
7910;0,332884224;0,033287219;0,384444474;0,308899185;0,280205;0,032841;0,3334675;0,2671225;0;0;0;0;0;0,7
7911;0,131703655;0,008817326;0,171666039;0,128247363;0,10483775;0,008611225;0,1336675;0,101225525;0;0;0;0;0;0,7
7912;0,000141998;4,29E-05;0,003058508;0,000172954;9,17E-05;3,58E-05;0,001929525;0,000107598;0;0;0;0;0;0,7
7913;0;0;0;0;0;0;0;0;0;0;0;0;0;0,7
7914;0;0;0;0;0;0;0;0;0;0;0;0;0;0,7
7915;0;0;0;0;0;0;0;0;0;0;0;0;0;0,7
7916;0;0;0;0;0;0;0;0;0;0;0;0;0;0,7
7917;0;0;0;0;0;0;0;0;0;0;0;0;0;0,7
7918;0;0;0;0;0;0;0;0;0;0;0;0;0;0,7
7919;0;0;0;0;0;0;0;0;0;0;0;0;0;0,7
7920;0;0;0;0;0;0;0;0;0;0;0;0;0;0,7
7921;0;0;0;0;0;0;0;0;0;0;0;0;0;0,7
7922;0;0;0;0;0;0;0;0;0;0;0;0;0;0,7
7923;0;0;0;0;0;0;0;0;0;0;0;0;0;0,7
7924;0;0;0;0;0;0;0;0;0;0;0;0;0;0,7
7925;0;0;0;0;0;0;0;0;0;0;0;0;0;0,7
7926;0;0;0;0;0;0;0;0;0;0;0;0;0;0,7
7927;0;0;0;0;0;0;0;0;0;0;0;0;0;0,7
7928;0,005692769;0;0,101145545;0;0,00520675;0;0,0705455;0;0;0;0;0;0;0,7
7929;0,031371016;0,194331553;0,241588895;0,013354304;0,0307365;0,1755275;0,194655;0,013010525;0;0;0,000737705;3,06E-05;0,000131148;0,7
7930;0,057456221;0,213821053;0,390664066;0,031870413;0,05702825;0,1934575;0,3299525;0,03131;0;0,000540985;0,008601025;0,000953008;0,00098361;0,7
7931;0,062520746;0,339017613;0,459720079;0,044352458;0,062229;0,3023335;0,38681;0,04386;0,000108016;0,00098361;0,012131;0,00098361;0,00098361;0,7
7932;0,063208682;0,388547526;0,50264321;0,049898321;0,06292275;0,337545;0,4233625;0,049486;5,94E-05;0,00098361;0,01257375;0,002469958;0,001330433;0,7
7933;0,053282617;0,275487237;0,475617;0,044982363;0,0529935;0,2374965;0,4014075;0,044614;2,52E-06;0,006371653;0,037361;0,012131;0,01178425;0,7
7934;0,038462748;0,299282053;0,304861145;0,024759178;0,03815;0,2600225;0,256515;0,02443475;0;0,012131;0,038689;0,012131;0,012131;0,7
7935;0,014074578;0,12279926;0,122549803;0,006224702;0,013836875;0,09815475;0,09776775;0,00608868;0;0,002469958;0,02541;0,012131;0,012131;0,7
7936;0,000164864;0,000481194;0,00035803;0;0,000157473;0,000297975;0,000234053;0;0;0,00098361;0,008043725;0,00281678;0,012131;0,7
7937;0;0;0;0;0;0;0;0;0;0,00098361;0,01131355;0,0116605;0,012131;0,7
7938;0;0;0;0;0;0;0;0;0;0,00098361;0,001057933;0,001664858;0,002469958;0,7
7939;0;0;0;0;0;0;0;0;0;0,000131148;0,00037705;0,00037705;0,00098361;0,7
7940;0;0;0;0;0;0;0;0;0;0;0;0;0,000131148;0,7
7941;0;0;0;0;0;0;0;0;0;0;0;0;0;0,7
7942;0;0;0;0;0;0;0;0;0;0;0;0;0;0,7
7943;0;0;0;0;0;0;0;0;0;0;0;0;0;0,7
7944;0;0;0;0;0;0;0;0;0;0;0;0;0;0,7
7945;0;0;0;0;0;0;0;0;0;0;0;0;0,000131148;0,7
7946;0;0;0;0;0;0;0;0;0;0;0,000622952;0,000213123;0,00098361;0,7
7947;0;0;0;0;0;0;0;0;0;0,000868855;0,00098361;0,00098361;0,00098361;0,7
7948;0;0;0;0;0;0;0;0;0;0,00469958;0,019231225;0,013327975;0,010672225;0,7
7949;0;0;0;0;0;0;0;0;0;0,04936075;0,2230275;0,10846;0,068082;0,7
7950;0;0;0;0;0;0;0;0;0;0,04633925;0,24542;0,1341025;0,08459;0,7
7951;0;0;0;0;0;0;0;0;0;0,10270425;0,3672775;0,204635;0,148595;0,7
7952;0;0;0,100565242;0;0;0;0,063498975;0;0;0,15705;0,5487675;0,25902;0,2471225;0,7
7953;0,00357399;0,029852838;0,288562105;0,009667722;0,00318675;0,029451;0,2204425;0,009284975;0;0,15705;0,3973425;0,25902;0,1998775;0,7
7954;0,011673907;0,066999671;0,421870382;0,025632762;0,01106275;0,06644225;0,3528175;0,02501725;0;0,15705;0,39344;0,25902;0,25868;0,7
7955;0,017618807;0,066047108;0,485833697;0,035325261;0,01706;0,06563475;0,408085;0,034794;9,69E-05;0,15705;0,385225;0,257885;0,25902;0,7
7956;0,020364048;0,079009046;0,49542675;0,032638772;0,01982425;0,0785715;0,4156225;0,03218525;2,61E-05;0,13047925;0,19933;0,16328;0,1998775;0,7
7957;0,017654925;0,066750454;0,428561921;0,023764235;0,01717775;0,06639625;0,35961;0,0233355;0;0,16736;0,20633;0,2178925;0,2950825;0,7
7958;0,009417854;0,049176916;0,293503105;0,013874121;0,0090237;0,0488025;0,24626;0,0134613;0;0,4220275;0,7376575;0,658955;0,6777375;0,7
7959;0,001820034;0,045369673;0,135161151;0,003273174;0,00167921;0,041691325;0,10351775;0,003122735;0;0,898715;0,99968;0,9893375;0,99254;0,7
7960;0;0,000102952;0,000181009;0;0;7,92E-05;0,000119785;0;0;0,9993875;1;1;1;0,7
7961;0;0;0;0;0;0;0;0;0;1;1;1;1;0,7
7962;0;0;0;0;0;0;0;0;0;1;1;1;1;0,7
7963;0;0;0;0;0;0;0;0;0;0,9690175;0,979345;0,981215;0,99947;0,7
7964;0;0;0;0;0;0;0;0;0;0,4369675;0,319185;0,4119025;0,7285825;0,7
7965;0;0;0;0;0;0;0;0;0;0,122483;0,045213;0,10270425;0,2577375;0,7
7966;0;0;0;0;0;0;0;0;0;0,1517375;0,0631695;0,12927325;0,27694;0,7
7967;0;0;0;0;0;0;0;0;0;0,0874885;0,02009825;0,05628425;0,1808425;0,7
7968;0;0;0;0;0;0;0;0;0;0,08459;0,01257375;0,040525;0,15705;0,7
7969;0;0;0;0;0;0;0;0;0;0,08459;0,037361;0,083519;0,2192525;0,7
7970;0;0;0;0;0;0;0;0;0;0,0578145;0,0175385;0,05092925;0,1456525;0,7
7971;0;0;0;0;0;0;0;0;0;0,02983625;0,001330433;0,01788525;0,0700545;0,7
7972;0;0;0;0;0;0;0;0;0;0,038689;0,00284153;0,02009825;0,08459;0,7
7973;0;0;0;0;0;0;0;0;0;0,06256525;0,03450825;0,06159875;0,149398;0,7
7974;0;0;0;0;0;0;0;0;0;0,2102325;0,200565;0,2142775;0,4496175;0,7
7975;0;0;0;0;0;0;0;0;0;0,2247875;0,15736;0,224225;0,404085;0,7
7976;0;0;0,085619006;0;0;0;0,05384795;0;0;0,07633475;0,045213;0,064843;0,1914875;0,7
7977;0,010413061;0,021719716;0,29549925;0,126249292;0,009967875;0,02123045;0,2243675;0,1182385;0;0,10270425;0,07005475;0,09921925;0,22673;0,7
7978;0,026160332;0,068982332;0,431338224;0,189879355;0,02553175;0,0681645;0,36027;0,1761175;0;0,15705;0,1159875;0,15705;0,310545;0,7
7979;0,041137196;0,095418367;0,523615974;0,388766645;0,0405995;0,09445975;0,439185;0,350745;0;0,15705;0,08459;0,15705;0,25902;0,7
7980;0,039857641;0,091491091;0,534704329;0,087398874;0,03942075;0,09047375;0,4481025;0,078621;0;0,15705;0,08459;0,15705;0,25902;0,7
7981;0,031635884;0,07798232;0,459252948;0,101628809;0,031213;0,0772045;0,384825;0,10021425;0;0,1847825;0,14293;0,1847825;0,3720225;0,7
7982;0,022918824;0,030317803;0,316975263;0,138376413;0,02249575;0,0299875;0,2646825;0,12941175;0;0,514755;0,554845;0,5676825;0,8556225;0,7
7983;0,006154555;0,00489154;0,119521635;0,121183563;0,006013035;0,004791865;0,094295;0,1002505;0;0,3597275;0,271015;0,3296925;0,67891;0,7
7984;0;0;0,000168326;4,40E-05;0;0;0,000109845;3,15E-05;0;0,180885;0,107724;0,1561525;0,4396175;0,7
7985;0;0;0;0;0;0;0;0;0;0,05245925;0,01840625;0,0432405;0,149908;0,7
7986;0;0;0;0;0;0;0;0;0;0,07617475;0,02700325;0,046339;0,1568075;0,7
7987;0;0;0;0;0;0;0;0;0;0,04863425;0,0093355;0,03160675;0,1087425;0,7
7988;0;0;0;0;0;0;0;0;0;0,01554825;0,000737705;0,0089726;0,04286125;0,7
7989;0;0;0;0;0;0;0;0;0;0,001664858;0;0,000540985;0,012308;0,7
7990;0;0;0;0;0;0;0;0;0;0,00098361;0;0,000213123;0,012131;0,7
7991;0;0;0;0;0;0;0;0;0;0,00098361;0;0,00098361;0,012131;0,7
7992;0;0;0;0;0;0;0;0;0;0,00098361;0;0,00098361;0,012131;0,7
7993;0;0;0;0;0;0;0;0;0;0,007114803;0,000622952;0,00284153;0,01965575;0,7
7994;0;0;0;0;0;0;0;0;0;0,0187705;0,008043653;0,024082;0,05016425;0,7
7995;0;0;0;0;0;0;0;0;0;0,039454;0,0320495;0,038689;0,09087;0,7
7996;0;0;0;0;0;0;0;0;0;0,082295;0,07923475;0,07923475;0,1568075;0,7
7997;0;0;0;0;0;0;0;0;0;0,08459;0,08459;0,08459;0,15705;0,7
7998;0;0;0;0;0;0;0;0;0;0,10270425;0,09425;0,1063275;0,174045;0,7
7999;0;0;0;0;0;0;0;0;0;0,1645275;0,18934;0,204635;0,3195075;0,7
8000;0;0;0,002491543;0,051905061;0;0;0,002008583;0,03729225;0;0,25834;0,362075;0,25902;0,499345;0,7
8001;0,173003866;0,005635196;0,029021392;0,21594602;0,1575935;0,0051705;0,02818175;0,173396;0;0,25902;0,3755175;0,25902;0,5578725;0,7
8002;0,464947619;0,01399661;0,052448523;0,280924263;0,41464;0,013346;0,051751;0,245045;0;0,15490925;0,13750775;0,15954775;0,315355;0,7
8003;0,037043053;0,020931588;0,063198328;0,346837974;0,033211;0,020334;0,06257;0,3057375;0;0,02656275;0,011497353;0,02374875;0,06552675;0,7
8004;0,231420355;0,022308904;0,08224333;0,558041644;0,2135225;0,02175025;0,08163075;0,490255;0;0,002469958;0,0002459;0,00098361;0,012308;0,7
8005;0,278203342;0,018532362;0,0487878;0,233180526;0,25154;0,01802375;0,04836375;0,20543;0;0,00098361;6,55E-06;0,000442623;0,012131;0,7
8006;0,010614674;0,009915325;0,030129987;0,129508859;0,00953045;0,009496875;0,02965725;0,11717425;0;0,0108305;0,000911478;0,008601025;0,032492;0,7
8007;0;0,002326448;0,009291633;0,017478812;0;0,0021591;0,009003675;0,016253;0;0,01168525;0,00098361;0,010273275;0,0342625;0,7
8008;0;0;7,23E-05;0;0;0;6,47E-05;0;0;0,001243708;0,000213123;0,000540985;0,0108305;0,7
8009;0;0;0;0;0;0;0;0;0;0,00098361;0;0;0,00098361;0,7
8010;0;0;0;0;0;0;0;0;0;0,000131148;0;0;0,00098361;0,7
8011;0;0;0;0;0;0;0;0;0;0;0;0;0,00098361;0,7
8012;0;0;0;0;0;0;0;0;0;0,000213123;0;0;0,00098361;0,7
8013;0;0;0;0;0;0;0;0;0;0,00098361;0;0,000838252;0,008526775;0,7
8014;0;0;0;0;0;0;0;0;0;0,0002765;0;3,06E-05;0,001057933;0,7
8015;0;0;0;0;0;0;0;0;0;0,000953008;0,000295083;0,000737705;0,006557377;0,7
8016;0;0;0;0;0;0;0;0;0;0,0108305;0,007486428;0,00990165;0,012131;0,7
8017;0;0;0;0;0;0;0;0;0;0,0108305;0,0091585;0,0091585;0,012131;0,7
8018;0;0;0;0;0;0;0;0;0;0,000911477;0,000737705;0,000737705;0,00469958;0,7
8019;0;0;0;0;0;0;0;0;0;6,67E-05;2,30E-05;2,30E-05;0,00080328;0,7
8020;0;0;0;0;0;0;0;0;0;0,006732273;0,005774833;0,005774833;0,00953005;0,7
8021;0;0;0;0;0;0;0;0;0;0,012131;0,012131;0,012131;0,012131;0,7
8022;0;0;0;0;0;0;0;0;0;0,006557377;0,00469958;0,006185753;0,012131;0,7
8023;0;0;0;0;0;0;0;0;0;0,00098361;0,00098361;0,00098361;0,009530075;0,7
8024;0;0;0;0,003561734;0;0;0;0,003067093;0;0,008043653;0,008601025;0,0108305;0,0187705;0,7
8025;0,025107118;0,031831405;0,029593989;0,016141563;0,02468075;0,03143525;0,02907275;0,0154579;0;0,02496725;0,0389565;0,0355905;0,04633925;0,7
8026;0,051445394;0,044388095;0,036174525;0,034053411;0,050964;0,0438605;0,03556375;0,0334855;0;0,0654645;0,107227;0,07540975;0,11719775;0,7
8027;0,084983996;0,054501975;0,048598058;0,050416982;0,084727;0,05396;0,0479225;0,04996825;0;0,08459;0,08459;0,08459;0,09425;0,7
8028;0,124740265;0,056825112;0,061462476;0,055285263;0,1231665;0,056339;0,0608;0,05492225;2,43E-05;0,044809;0,07158475;0,0601095;0,081224;0,7
8029;0,131928553;0,052356782;0,102085346;0,04692433;0,12629;0,05190125;0,099687;0,04659425;0,000100657;0,019213;0,02673775;0,02054075;0,02748625;0,7
8030;0,144704361;0,029397505;0,077576108;0,030333454;0,13383625;0,02903675;0,07466525;0,03000925;0,000112722;0,012131;0,012131;0,012131;0,012131;0,7
8031;0,047070731;0,005835942;0,024060262;0,006021952;0,04242075;0,005721147;0,022953225;0,005928273;6,36E-05;0,012131;0,01788525;0,01788525;0,01788525;0,7
8032;0,000102824;0;0,000112885;0;9,18E-05;0;0,000109933;0;0;0,02673775;0,042055;0,038995;0,042055;0,7
8033;0;0;0;0;0;0;0;0;0;0,07005475;0,107227;0,081224;0,115682;0,7
8034;0;0;0;0;0;0;0;0;0;0,07311475;0,080612;0,07311475;0,092822;0,7
8035;0;0;0;0;0;0;0;0;0;0,0187705;0,01890715;0,01747;0,02462475;0,7
8036;0;0;0;0;0;0;0;0;0;0,002469958;0,00098361;0,00098361;0,012131;0,7
8037;0;0;0;0;0;0;0;0;0;0,00098361;0,00098361;0,00098361;0,00343608;0,7
8038;0;0;0;0;0;0;0;0;0;0,0100874;0,008486403;0,0091585;0,01253675;0,7
8039;0;0;0;0;0;0;0;0;0;0,0320495;0,041339;0,0355905;0,043481;0,7
8040;0;0;0;0;0;0;0;0;0;0,0677595;0,084437;0,07540975;0,08459;0,7
8041;0;0;0;0;0;0;0;0;0;0,044809;0,08459;0,07005475;0,08459;0,7
8042;0;0;0;0;0;0;0;0;0;0,07923475;0,08459;0,08459;0,08459;0,7
8043;0;0;0;0;0;0;0;0;0;0,05245925;0,08459;0,08459;0,0874885;0,7
8044;0;0;0;0;0;0;0;0;0;0,08459;0,13772825;0,13048;0,15536;0,7
8045;0;0;0;0;0;0;0;0;0;0,08459;0,15705;0,15705;0,15705;0,7
8046;0;0;0;0;0;0;0;0;0;0,0919175;0,15875;0,143765;0,15875;0,7
8047;0;0;0;0;0;0;0;0;0;0,2011575;0,32337;0,2406;0,32337;0,7
8048;0;0;0;0,062438998;0;0;0;0,044481025;0;0,32175;0,527215;0,4126;0,527215;0,7
8049;0,07487445;0,022681815;0,048154283;0,181141105;0,06940825;0,0221603;0,04754925;0,14914075;0;0,40366;0,728245;0,562035;0,6260675;0,7
8050;0,193051034;0,080659899;0,092074764;0,27798904;0,1791035;0,07818975;0,08994775;0,24361125;0;0,665515;0,9625725;0,7670375;0,885285;0,7
8051;0,305814671;0,277327591;0,225660671;0,302157079;0,2756535;0,25404525;0,209615;0,266765;0;0,76721;0,99475;0,939425;0,9810625;0,7
8052;0,352917908;0,241752632;0,229013664;0,345075395;0,3108825;0,220615;0,21053075;0,304025;0;0,76721;0,9934725;0,9388475;0,985625;0,7
8053;0,321747711;0,290803855;0,198189;0,468752092;0,2789625;0,2591175;0,1841875;0,4074725;0,000199947;0,6467225;0,867315;0,7798825;0,862245;0,7
8054;0,245053855;0,181760897;0,102836609;0,279392842;0,21045;0,1569625;0,095215;0,23745;0,000147707;0,538365;0,6968825;0,6968825;0,73967;0,7
8055;0,08344174;0,052707612;0,045445642;0,094356486;0,06716725;0,044647425;0,0409805;0,07445075;0;0,2326775;0,242185;0,2472825;0,347925;0,7
8056;8,62E-05;4,06E-05;0,000116976;0;5,92E-05;2,90E-05;9,64E-05;0;0;0,15705;0,15705;0,1927375;0,25902;0,7
8057;0;0;0;0;0;0;0;0;0;0,14618;0,125648;0,14739;0,18662;0,7
8058;0;0;0;0;0;0;0;0;0;0,202935;0,2148325;0,22673;0,3165875;0,7
8059;0;0;0;0;0;0;0;0;0;0,25494;0,25834;0,25902;0,3710375;0,7
8060;0;0;0;0;0;0;0;0;0;0,15943;0,1645275;0,170645;0,2386225;0,7
8061;0;0;0;0;0;0;0;0;0;0,18934;0,19104;0,208035;0,288145;0,7
8062;0;0;0;0;0;0;0;0;0;0,371475;0,44471;0,437825;0,533115;0,7
8063;0;0;0;0;0;0;0;0;0;0,7386125;0,94373;0,868945;0,934785;0,7
8064;0;0;0;0;0;0;0;0;0;0,94;0,99475;0,9682875;0,99475;0,7
8065;0;0;0;0;0;0;0;0;0;0,8334475;0,9774125;0,9388475;0,985625;0,7
8066;0;0;0;0;0;0;0;0;0;0,6467225;0,8155025;0,764735;0,862245;0,7
8067;0;0;0;0;0;0;0;0;0;0,56066;0,567085;0,562035;0,76721;0,7
8068;0;0;0;0;0;0;0;0;0;0,45754;0,471475;0,45754;0,65705;0,7
8069;0;0;0;0;0;0;0;0;0;0,33743;0,32847;0,308455;0,490985;0,7
8070;0;0;0;0;0;0;0;0;0;0,39344;0,3892575;0,44346;0,5601025;0,7
8071;0;0;0;0;0;0;0;0;0;0,2429525;0,19639;0,2474325;0,33664;0,7
8072;0;0;0;0;0;0;0;0;0;0,09264;0,05957025;0,0751245;0,12199325;0,7
8073;0,053940454;0;0,036326223;0,010279808;0,04659725;0;0,0358385;0,009834575;0;0,0355905;0,007248003;0,02054075;0,044809;0,7
8074;0,078819063;0,002855619;0,148504741;0,025785471;0,07366325;0,00258415;0,13942;0,0252051;0;0,01178425;0,000977053;0,008601025;0,0223115;0,7
8075;0,335022434;0,00851853;0,078789928;0,032010794;0,3094875;0,007955425;0,07490425;0,03149975;0;0,000838625;7,21E-05;0,000229507;0,002060118;0,7
8076;0,109608813;0,009733529;0,129303947;0,032795045;0,10286175;0,009218275;0,12566925;0,03232175;0;0;0;0;0;0,7
8077;0,259688317;0,285484816;0,085600176;0,362508552;0,24207175;0,255335;0,082605;0,32302;0,000184171;0;0;0;0;0,7
8078;0,092464121;0,228379184;0,081780774;0,26714629;0,0834565;0,1985525;0,07983975;0,2305425;0,00014446;0;0;0;0;0,7
8079;0,009216598;0,069907975;0,023502594;0,075493568;0,008588163;0,057067;0,022673675;0,06142635;0;0,000622952;0;0;0,000672125;0,7
8080;0;0;9,14E-05;0;0;0;8,83E-05;0;0;0,00098361;0;0,00042623;0,00098361;0,7
8081;0;0;0;0;0;0;0;0;0;0,000131148;0;0;0,00062295;0,7
8082;0;0;0;0;0;0;0;0;0;0,000868855;0;0;0,00098361;0,7
8083;0;0;0;0;0;0;0;0;0;0,00098361;0,000213123;0,0002459;0,00098361;0,7
8084;0;0;0;0;0;0;0;0;0;0,00098361;0,00098361;0,00098361;0,008601025;0,7
8085;0;0;0;0;0;0;0;0;0;0,001169407;0,00098361;0,00098361;0,008043725;0,7
8086;0;0;0;0;0;0;0;0;0;0,01157365;0,007783575;0,0108305;0,012131;0,7
8087;0;0;0;0;0;0;0;0;0;0,003844803;0,001057933;0,002915855;0,0099017;0,7
8088;0;0;0;0;0;0;0;0;0;0,011871;0,0108305;0,011871;0,012131;0,7
8089;0;0;0;0;0;0;0;0;0;0,003956355;0,002469958;0,003956355;0,005628377;0,7
8090;0;0;0;0;0;0;0;0;0;0,00098361;0,00098361;0,00098361;0,00098361;0,7
8091;0;0;0;0;0;0;0;0;0;0,00098361;0,00098361;0,00098361;0,00098361;0,7
8092;0;0;0;0;0;0;0;0;0;0,000819673;0,000672132;0,000770495;0,00098361;0,7
8093;0;0;0;0;0;0;0;0;0;0,0091585;0,007486428;0,008601025;0,0100874;0,7
8094;0;0;0;0;0;0;0;0;0;0,012131;0,0108305;0,0108305;0,012131;0,7
8095;0;0;0;0;0;0;0;0;0;0,002469958;0,00098361;0,00098361;0,012131;0,7
8096;0;0;0,002707613;0;0;0;0,00223315;0;0;0,00098361;0,00098361;0,00098361;0,012131;0,7
8097;0,001632375;0,053789238;0,117720047;0,014582957;0;0,0465065;0,10110325;0,01416505;0;0,00098361;0,00098361;0,00098361;0,002469958;0,7
8098;0,004077625;0,117827199;0,113975049;0,029417491;0,002304347;0,10863875;0,10090025;0,02885175;0;0,000960657;0,000819673;0,000911477;0,000977053;0,7
8099;0,00723228;0,096839025;0,198587266;0,041429756;0,0067231;0,09319325;0,18624475;0,0409385;0;3,93E-05;0;6,55E-06;7,21E-05;0,7
8100;0,009071142;0,113373557;0,237743005;0,046842462;0,008563075;0,11102175;0,2206145;0,04641475;0;0;0;0;0;0,7
8101;0,255058658;0,071944042;0,23886075;0,039630817;0,227435;0,070652;0,21505125;0,03925125;0;0;0;0;0;0,7
8102;0,186479408;0,023731248;0,254066605;0,024176467;0,164725;0,0234675;0,2243425;0,02382725;0;0;0;0;0;0,7
8103;0,069191626;0,020554753;0,093208883;0,005838085;0,0579678;0,019965925;0,07506425;0,00571297;0;0;0;0;0;0,7
8104;4,21E-05;0;0,000530435;0;2,92E-05;0;0,00035705;0;0;0;0;0;0;0,7
8105;0;0;0;0;0;0;0;0;0;0;0;0;0;0,7
8106;0;0;0;0;0;0;0;0;0;0,000672125;0,001054652;0,000491803;0,000737705;0,7
8107;0;0;0;0;0;0;0;0;0;0,007696903;0,01157365;0,0091585;0,0108305;0,7
8108;0;0;0;0;0;0;0;0;0;0,001330433;0,005665703;0,004117353;0,009344275;0,7
8109;0;0;0;0;0;0;0;0;0;0,009344225;0,012094;0,01178425;0,012131;0,7
8110;0;0;0;0;0;0;0;0;0;0,005256805;0,012131;0,012131;0,012131;0,7
8111;0;0;0;0;0;0;0;0;0;0,003398905;0,012308;0,006000053;0,012131;0,7
8112;0;0;0;0;0;0;0;0;0;0,02673775;0,0512765;0,032492;0,03993975;0,7
8113;0;0;0;0;0;0;0;0;0;0,06896725;0,151098;0,09251775;0,1090825;0,7
8114;0;0;0;0;0;0;0;0;0;0,163625;0,359385;0,2386225;0,2905075;0,7
8115;0;0;0;0;0;0;0;0;0;0,1099525;0,2281825;0,1755275;0,1927375;0,7
8116;0;0;0;0;0;0;0;0;0;0,085073;0,1316885;0,091353;0,1425575;0,7
8117;0;0;0;0;0;0;0;0;0;0,1823225;0,313205;0,2301625;0,30313;0,7
8118;0;0;0;0;0;0;0;0;0;0,303825;0,5483975;0,390305;0,5160675;0,7
8119;0;0;0;0;0;0;0;0;0;0,297105;0,6073325;0,418525;0,562955;0,7
8120;0,047056776;0,007945407;0;0,012732297;0,046510175;0,00729005;0;0,012151675;0;0,64098;0,9632025;0,7811825;0,8525025;0,7
8121;0,085527217;0,229691487;0,002476118;0,229482723;0,08247375;0,169652;0,00202095;0,1962555;0;0,5882;0,9792375;0,76721;0,94;0,7
8122;0,222299009;0,335583474;0,02225882;0,32596875;0,20628375;0,2730975;0,021465225;0,27969;5,92E-05;0,5117875;0,8181475;0,6929825;0,7374975;0,7
8123;0,268385633;0,320543763;0,023446634;0,34796246;0,24622075;0,276145;0,0228945;0,3045725;0,00011031;0,2043525;0,2522425;0,228155;0,3007925;0,7
8124;0,437165329;0,335378803;0,033139855;0,073305225;0,3918025;0,2891925;0,03245425;0,06744425;0,000129736;0,15705;0,22163;0,1825425;0,25902;0,7
8125;0,193927267;0,365113895;0,273033592;0,015970458;0,1719705;0,3148475;0,2470525;0,015844725;0,000324714;0,14618;0,15705;0,15705;0,18662;0,7
8126;0,046535696;0,187485908;0,16237277;0,003373742;0,04383225;0,16084;0,145192;0,003189023;0,000186531;0,172345;0,239645;0,231145;0,27402;0,7
8127;0,070298728;0,017384976;0,061569315;0;0,06169575;0,014780307;0,0532848;0;0;0,1244425;0,150035;0,12633;0,18934;0,7
8128;2,81E-05;0;0,000122899;0;2,10E-05;0;8,91E-05;0;0;0,08408;0,082754;0,081224;0,11840525;0,7
8129;0;0;0;0;0;0;0;0;0;0,041494;0,03976;0,038995;0,0639345;0,7
8130;0;0;0;0;0;0;0;0;0;0,0804425;0,08945775;0,08072225;0,11719775;0,7
8131;0;0;0;0;0;0;0;0;0;0,1534275;0,2148325;0,200755;0,240325;0,7
8132;0;0;0;0;0;0;0;0;0;0,15705;0,1961375;0,22673;0,2471225;0,7
8133;0;0;0;0;0;0;0;0;0;0,09374;0,1039135;0,107025;0,13531275;0,7
8134;0;0;0;0;0;0;0;0;0;0,041494;0,044809;0,041494;0,0617925;0,7
8135;0;0;0;0;0;0;0;0;0;0,07005475;0,05475425;0,05245925;0,084437;0,7
8136;0;0;0;0;0;0;0;0;0;0,05245925;0,042055;0,040525;0,08459;0,7
8137;0;0;0;0;0;0;0;0;0;0,107535;0,117382;0,1076715;0,15302325;0,7
8138;0;0;0;0;0;0;0;0;0;0,22333;0,32337;0,2852075;0,358315;0,7
8139;0;0;0;0;0;0;0;0;0;0,3665575;0,527215;0,443605;0,5554575;0,7
8140;0;0;0;0;0;0;0;0;0;0,5077075;0,728245;0,6811475;0,7328125;0,7
8141;0;0;0;0;0;0;0;0;0;0,72108;0,945235;0,8908525;0,9353925;0,7
8142;0;0;0;0;0;0;0;0;0;0,54318;0,7644675;0,633145;0,754645;0,7
8143;0;0;0;0;0;0;0;0;0;0,6157375;0,831035;0,716775;0,826085;0,7
8144;0;0,010839294;0;0;0;0,009959125;0;0;0;0,9054425;0,99808;0,981275;0,995885;0,7
8145;0,013803088;0,119292643;0,009716626;0,196152162;0,013332775;0,0958865;0,0092159;0,163006;4,49E-05;0,9198425;0,99368;0,9774125;0,9973775;0,7
8146;0,032713417;0,205045961;0,02340859;0,323442869;0,03210575;0,18345925;0,022682;0,2756525;0,000264386;0,7431125;0,836935;0,79889;0,9546;0,7
8147;0,053757213;0,215753629;0,032354882;0,418061092;0,053278;0,198864;0,03168325;0,3592275;0,000348078;0,56066;0,6398375;0,6398375;0,79025;0,7
8148;0,052852086;0,092769201;0,034496222;0,43586025;0,0525085;0,08843475;0,03385625;0,373455;0,000370812;0,51328;0,535575;0,5383625;0,7259;0,7
8149;0,039647673;0,124652377;0,031888473;0,473510092;0,03930275;0,1184315;0,03128725;0,4054725;0,0003251;0,7121275;0,7190125;0,732785;0,9112025;0,7
8150;0,025432907;0,007814991;0,017682616;0,288489869;0,02505275;0,0072394;0,017237;0,243645;0,000208959;0,7121275;0,7155725;0,7155725;0,9083225;0,7
8151;0,006957308;0;0,004143004;0,114026963;0,00681318;0;0,003987405;0,08817445;2,50E-05;0,441375;0,4292575;0,4292575;0,622855;0,7
8152;0;0;0;0;0;0;0;0;0;0,7962125;0,859305;0,831075;0,946705;0,7
8153;0;0;0;0;0;0;0;0;0;0,8334475;0,94;0,9198425;0,9692;0,7
8154;0;0;0;0;0;0;0;0;0;0,7589475;0,829945;0,7665225;0,93136;0,7
8155;0;0;0;0;0;0;0;0;0;0,495355;0,4185025;0,5047025;0,6107475;0,7
8156;0;0;0;0;0;0;0;0;0;0,2281825;0,15982075;0,212215;0,296175;0,7
8157;0;0;0;0;0;0;0;0;0;0,1244425;0,07234975;0,09978025;0,157325;0,7
8158;0;0;0;0;0;0;0;0;0;0,0639345;0,038689;0,041494;0,08628075;0,7
8159;0;0;0;0;0;0;0;0;0;0,038689;0,03337725;0,038689;0,07540975;0,7
8160;0;0;0;0;0;0;0;0;0;0,038689;0,012131;0,038689;0,038689;0,7
8161;0;0;0;0;0;0;0;0;0;0,038689;0,012131;0,015672;0,038689;0,7
8162;0;0;0;0;0;0;0;0;0;0,038689;0,012131;0,0355905;0,038689;0,7
8163;0;0;0;0;0;0;0;0;0;0,041494;0,0209835;0,038842;0,04633925;0,7
8164;0;0;0;0;0;0;0;0;0;0,1215185;0,10942625;0,11684125;0,15252925;0,7
8165;0;0;0;0;0;0;0;0;0;0,15705;0,15705;0,15705;0,2558475;0,7
8166;0;0;0;0;0;0;0;0;0;0,13047925;0,10270425;0,112365;0,1602225;0,7
8167;0;0;0;0;0;0;0;0;0;0,170645;0,113805;0,11743;0,18792;0,7
8168;0;0;0;0;0;0;0;0;0;0,4510175;0,55517;0,46593;0,653365;0,7
8169;0,02802645;0,022802595;0,022953521;0,006550967;0,0276615;0,022322925;0,022444725;0,006090275;0;0,8039875;0,9792225;0,9007925;0,97936;0,7
8170;0,057365444;0,098329753;0,043689083;0,015606529;0,05692325;0,0930455;0,04298475;0,0149795;4,60E-05;0,6122975;0,7955275;0,7236625;0,84091;0,7
8171;0,064670996;0,097732595;0,058753354;0,024378248;0,0643965;0,09369775;0,0580915;0,02381275;0;0,691475;0,8190475;0,76721;0,8190475;0,7
8172;0,050197141;0,134194382;0,061673649;0,024902447;0,04990825;0,1276225;0,0610825;0,0244135;0;0,76721;0,9546;0,9083225;0,9719375;0,7
8173;0,054763473;0,455725381;0,059745407;0,021211145;0,0543865;0,406245;0,05918075;0,02074225;1,00E-05;0,76721;0,94;0,8939225;0,9609875;0,7
8174;0,037526076;0,243267197;0,033583871;0,011296084;0,03723675;0,2049075;0,033158;0,010900875;4,73E-05;0,76721;0,79025;0,76721;0,8968025;0,7
8175;0,007283232;0,095238738;0,007391893;0,002332017;0,00720097;0,070998075;0,007256425;0,002188368;0;0,76721;0,76721;0,76721;0,94;0,7
8176;0;0;0;0;0;0;0;0;0;0,7121275;0,7155725;0,7155725;0,8471575;0,7
8177;0;0;0;0;0;0;0;0;0;0,384315;0,3636025;0,3653025;0,52282;0,7
8178;0;0;0;0;0;0;0;0;0;0,18831;0,12440475;0,165143;0,234455;0,7
8179;0;0;0;0;0;0;0;0;0;0,06310775;0,042055;0,05169425;0,09425;0,7
8180;0;0;0;0;0;0;0;0;0;0,083162;0,038689;0,05245925;0,08459;0,7
8181;0;0;0;0;0;0;0;0;0;0,07005475;0,038689;0,038689;0,08459;0,7
8182;0;0;0;0;0;0;0;0;0;0,08459;0,038689;0,05475425;0,08459;0,7
8183;0;0;0;0;0;0;0;0;0;0,07158475;0,038689;0,038689;0,08459;0,7
8184;0;0;0;0;0;0;0;0;0;0,08459;0,07234975;0,07923475;0,10512075;0,7
8185;0;0;0;0;0;0;0;0;0;0,0616395;0,044809;0,044809;0,08459;0,7
8186;0;0;0;0;0;0;0;0;0;0,038689;0,01611475;0,038689;0,044809;0,7
8187;0;0;0;0;0;0;0;0;0;0,038689;0,037361;0,038689;0,07872475;0,7
8188;0;0;0;0;0;0;0;0;0;0,0355905;0,015672;0,02054075;0,041494;0,7
8189;0;0;0;0;0;0;0;0;0;0,012131;0,0091585;0,01168525;0,0223115;0,7
8190;0;0;0;0;0;0;0;0;0;0,005253525;0,000688523;0,00094862;0,007114803;0,7
8191;0;0;0;0;0;0;0;0;0;8,52E-05;0;0;0,000131148;0,7
8192;0,007188659;0;0;0;0,00642575;0;0;0;0;0;0;0;0;0,7
8193;0,256566;0,229896158;0,126429403;0,022743096;0,189515;0,16700325;0,09921125;0,022311525;0;0;0;0;0;0,7
8194;0,291860921;0,350134381;0,058359663;0,050644046;0,2362625;0,27969;0,050291;0,05012175;0;0;0;0;0;0,7
8195;0,398855724;0,492643224;0,169258145;0,053507274;0,34479;0,4198425;0,160103;0,0531765;0;0;0;0;1,64E-05;0,7
8196;0,382657816;0,293286395;0,205877408;0,046191126;0,3307775;0,25543;0,1923075;0,04583425;0;0,001054652;0,000622952;0,000721313;0,001900553;0,7
8197;0,120449155;0,085288836;0,10416986;0,036251578;0,10666025;0,0796175;0,09802475;0,0358575;0;0,01157365;0,008601025;0,0108305;0,012094;0,7
8198;0,024234762;0,192106658;0,021381311;0,020579313;0,02289825;0,176571275;0,020285175;0,02022225;0;0,00990165;0,008786825;0,008786825;0,01168525;0,7
8199;0,045444149;0,003132575;0,103600875;0,00597396;0,039306;0,002709825;0,080033;0,005815747;0;0,00054427;0,000409833;0,000440433;0,001243708;0,7
8200;0;0;0,000138247;0;0;0;0,000102635;0;0;0,00098033;0,000838252;0,000953008;0,00098361;0,7
8201;0;0;0;0;0;0;0;0;0;0,000213123;3,06E-05;0,000131148;0,000491803;0,7
8202;0;0;0;0;0;0;0;0;0;0;0;0;0;0,7
8203;0;0;0;0;0;0;0;0;0;0;0;0;0;0,7
8204;0;0;0;0;0;0;0;0;0;0;0;0;0;0,7
8205;0;0;0;0;0;0;0;0;0;0,000131148;0,00047541;0,000459025;0,000672125;0,7
8206;0;0;0;0;0;0;0;0;0;0,000868855;0,000868855;0,000721313;0,00098361;0,7
8207;0;0;0;0;0;0;0;0;0;0;0;0;0,000131148;0,7
8208;0;0;0;0;0;0;0;0;0;0;0;0;0;0,7
8209;0;0;0;0;0;0;0;0;0;0;0;0;0;0,7
8210;0;0;0;0;0;0;0;0;0;0;0,000278688;0;0,000295083;0,7
8211;0;0;0;0;0;0;0;0;0;0;0;0;0;0,7
8212;0;0;0;0;0;0;0;0;0;0;0,000665573;0,000229508;0,000665573;0,7
8213;0;0;0;0;0;0;0;0;0;0;6,55E-06;0;6,55E-06;0,7
8214;0;0;0;0;0;0;0;0;0;0;0;0;0;0,7
8215;0;0;0;0;0;0;0;0;0;0;0,000491803;0;0,000491803;0,7
8216;0,005341265;0;0;0;0,004619155;0;0;0;0;0;0,000131148;0;0,000131148;0,7
8217;0,202140596;0,015229284;0,037747844;0,002854008;0,15133925;0,014743225;0,03716975;0,002355305;0;0;0;0;0;0,7
8218;0,398328395;0,037686924;0,085004945;0,238790199;0,32394;0,037021;0,083438;0,21654075;0;0;0;0;0;0,7
8219;0,4790025;0,065533023;0,204031034;0,08179498;0,4096075;0,0649505;0,191778;0,07650175;0;0;0;0;0;0,7
8220;0,450297987;0,089394778;0,25957948;0,115116632;0,388175;0,0882645;0,2404095;0,113089;0;0;0,000672125;0,000360655;0,000491803;0,7
8221;0,306233645;0,094783165;0,237300434;0,059328841;0,2663575;0,09265075;0,2188175;0,0579365;0;0;0,00062295;8,52E-05;0,000409835;0,7
8222;0,170088868;0,093439319;0,168269945;0,030859098;0,148161;0,087623;0,1548035;0,0305735;0;0,000737705;0,00098361;0,00098033;0,00098361;0,7
8223;0,049140557;0,019593353;0,062137409;0,003933193;0,041577625;0,01791855;0,05335;0,003871583;0;0,00098361;0,00098361;0,00098361;0,00098361;0,7
8224;0;0;0,000116875;0;0;0;9,00E-05;0;0;0,00062295;0,00098361;0,00098361;0,00098361;0,7
8225;0;0;0;0;0;0;0;0;0;0,00098361;0,00098361;0,00098361;0,00098361;0,7
8226;0;0;0;0;0;0;0;0;0;0,00098361;0,00098361;0,00098361;0,001330433;0,7
8227;0;0;0;0;0;0;0;0;0;0,00098361;0,0108305;0,008043653;0,01178425;0,7
8228;0;0;0;0;0;0;0;0;0;0,0108305;0,012131;0,012131;0,012131;0,7
8229;0;0;0;0;0;0;0;0;0;0,008415275;0,012131;0,012131;0,012131;0,7
8230;0;0;0;0;0;0;0;0;0;0,01295725;0,0355905;0,02496725;0,03027875;0,7
8231;0;0;0;0;0;0;0;0;0;0,03476425;0,04939925;0,038689;0,047104;0,7
8232;0;0;0;0;0;0;0;0;0;0,007337775;0,01832775;0,0141859;0,01699975;0,7
8233;0;0;0;0;0;0;0;0;0;0,012094;0,02009825;0,012131;0,012131;0,7
8234;0;0;0;0;0;0;0;0;0;0,009344275;0,012131;0,012131;0,012131;0,7
8235;0;0;0;0;0;0;0;0;0;0,012131;0,02673775;0,012131;0,012131;0,7
8236;0;0;0;0;0;0;0;0;0;0,012131;0,038689;0,0187705;0,0187705;0,7
8237;0;0;0;0;0;0;0;0;0;0,028951;0,038689;0,038689;0,038689;0,7
8238;0;0;0;0;0;0;0;0;0;0,012131;0,019213;0,01788525;0,01788525;0,7
8239;0;0;0;0;0;0;0;0;0;0,004885253;0,005071153;0,006371725;0,012131;0,7
8240;0;0;0;0;0;0;0;0;0;0,02673775;0,04573775;0,03160675;0,03779775;0,7
8241;0,082391898;0,04904152;0,036620708;0;0,0653615;0,0452105;0,0360645;0;0;0,038689;0,084284;0,0654645;0,084437;0,7
8242;0,119534396;0,176513132;0,064192548;0,001948887;0,10476475;0,15983525;0,0635265;0,001635558;0;0,02319675;0,03674325;0,03160675;0,04398275;0,7
8243;0,088695043;0,300598689;0,0891027;0,005891781;0,08550875;0,26716475;0,08810275;0,0053174;0;0,012131;0,012131;0,012131;0,01295725;0,7
8244;0,48624304;0,278385861;0,077862888;0,007275936;0,4411375;0,24521375;0,07703;0,006749875;0,000153684;0,01965575;0,0355905;0,02496725;0,0355905;0,7
8245;0,264560692;0,24371338;0,098449907;0,005584534;0,2341665;0,2168485;0,096849;0,0051174;0,00031438;0,012131;0,02452475;0,015672;0,02452475;0,7
8246;0,133765295;0,159985342;0,05937748;0,001885899;0,11995525;0,13814;0,05822925;0,001690245;0,000192569;0,006557377;0,00469958;0,006928927;0,012131;0,7
8247;0,053148256;0,05746135;0,016668579;0;0,04452125;0,0449386;0,016394775;0;0;0,001169407;0,001169407;0,001429508;0,00860115;0,7
8248;0;0;4,92E-05;0;0;0;4,69E-05;0;0;0,01157365;0,0190984;0,0185105;0,02009825;0,7
8249;0;0;0;0;0;0;0;0;0;0,0355905;0,05016425;0,038689;0,0601095;0,7
8250;0;0;0;0;0;0;0;0;0;0,06668875;0,08459;0,07923475;0,08459;0,7
8251;0;0;0;0;0;0;0;0;0;0,038995;0,07540975;0,0601095;0,07540975;0,7
8252;0;0;0;0;0;0;0;0;0;0,038689;0,038689;0,038689;0,038689;0,7
8253;0;0;0;0;0;0;0;0;0;0,038689;0,04939925;0,038689;0,04939925;0,7
8254;0;0;0;0;0;0;0;0;0;0,019213;0,0209835;0,0209835;0,0209835;0,7
8255;0;0;0;0;0;0;0;0;0;0,0320495;0,037361;0,037361;0,037361;0,7
8256;0;0;0;0;0;0;0;0;0;0,038689;0,038689;0,038689;0,038689;0,7
8257;0;0;0;0;0;0;0;0;0;0,03600375;0,038689;0,03806925;0,047104;0,7
8258;0;0;0;0;0;0;0;0;0;0,007330053;0,013469775;0,008362803;0,01702725;0,7
8259;0;0;0;0;0;0;0;0;0;0,000229507;0,00018032;0,00018032;0,00037705;0,7
8260;0;0;0;0;0;0;0;0;0;0;0;0;0,000540985;0,7
8261;0;0;0;0;0;0;0;0;0;0,000868855;0,000868855;0,000868855;0,00098361;0,7
8262;0;0;0;0;0;0;0;0;0;0,004513705;0,006371653;0,006371653;0,00990165;0,7
8263;0;0;0;0;0;0;0;0;0;0,02718025;0,04553575;0,03565575;0,04324075;0,7
8264;0;0;0;0;0;0;0;0;0;0,07234975;0,131688;0,10163325;0,11719775;0,7
8265;0;0,041042975;0,020086586;0,149247095;0;0,039370225;0,0195949;0,1154805;0;0,09425;0,170645;0,15705;0,15705;0,7
8266;0,008572346;0,052556878;0,044405672;0,187591855;0,008204375;0,0513945;0,0436715;0,1600375;0;0,15705;0,25902;0,15705;0,1825425;0,7
8267;0,019482277;0,067800537;0,052471398;0,290493237;0,01888325;0,067314;0,05183375;0,2663975;0;0,1565675;0,2527875;0,18934;0,25494;0,7
8268;0,019692004;0,049049057;0,054176187;0,184548277;0,01919075;0,048651;0,05355025;0,17003;0;0,0899025;0,117604;0,10149825;0,13165325;0,7
8269;0,016088108;0,03674929;0,050381104;0,218670552;0,015611;0,03627125;0,04979025;0,2017975;0;0,13048;0,15536;0,148595;0,15705;0,7
8270;0,008357466;0,028968178;0,025983111;0,144468868;0,007954475;0,0284855;0,0255725;0,129123;0;0,112365;0,15705;0,15705;0,15705;0,7
8271;0,001940405;0,006501301;0,007611428;0,002891477;0,001762858;0,006383605;0,006942975;0,00249785;0;0,1063275;0,1611275;0,15705;0,1876375;0,7
8272;0;0;1,42E-05;0;0;0;0;0;0;0,175745;0,25664;0,2471225;0,327575;0,7
8273;0;0;0;0;0;0;0;0;0;0,15705;0,2250275;0,19104;0,259915;0,7
8274;0;0;0;0;0;0;0;0;0;0,15705;0,25902;0,22163;0,25902;0,7
8275;0;0;0;0;0;0;0;0;0;0,15705;0,25902;0,2471225;0,25902;0,7
8276;0;0;0;0;0;0;0;0;0;0,15705;0,2250275;0,1658875;0,25902;0,7
8277;0;0;0;0;0;0;0;0;0;0,206335;0,3015875;0,264055;0,3508725;0,7
8278;0;0;0;0;0;0;0;0;0;0,3508725;0,5077075;0,390305;0,527215;0,7
8279;0;0;0;0;0;0;0;0;0;0,39344;0,471475;0,39344;0,56066;0,7
8280;0;0;0;0;0;0;0;0;0;0,39344;0,4463925;0,4018025;0,56066;0,7
8281;0;0;0;0;0;0;0;0;0;0,490985;0,7190125;0,6680325;0,732785;0,7
8282;0;0;0;0;0;0;0;0;0;0,56066;0,76721;0,76721;0,8046475;0,7
8283;0;0;0;0;0;0;0;0;0;0,691475;0,9198425;0,76721;0,94;0,7
8284;0;0;0;0;0;0;0;0;0;0,5876425;0,829945;0,7224575;0,8471575;0,7
8285;0;0;0;0;0;0;0;0;0;0,3698475;0,44001;0,4309625;0,5339675;0,7
8286;0;0;0;0;0;0;0;0;0;0,25902;0,259915;0,259915;0,39344;0,7
8287;0;0;0;0;0;0;0;0;0;0,288145;0,2903825;0,2814225;0,4079325;0,7
8288;0;0;0;0;0;0;0;0;0;0,486785;0,5944325;0,587705;0,6980625;0,7
8289;0,003294847;0;0,046949132;0,003430195;0,00281582;0;0,04209775;0,00294106;0;0,7456375;0,92743;0,870885;0,9541675;0,7
8290;0,011353248;0,008812317;0,075424895;0,011435213;0,010705175;0,008399225;0,07037575;0,010780125;0;0,466755;0,5542275;0,54885;0,65595;0,7
8291;0,0182268;0,008253276;0,201312039;0,017894029;0,01766925;0,007817775;0,1885775;0,01734675;0;0,39344;0,39344;0,39344;0,56066;0,7
8292;0,020932792;0,008403962;0,125158516;0,019943147;0,020409;0,007852425;0,11651025;0,01943325;0;0,39344;0,39344;0,39344;0,56066;0,7
8293;0,017011777;0,245626934;0,050261672;0,015474095;0,01655575;0,2179875;0,0488665;0,01502525;0;0,51187;0,58941;0,5455725;0,7393;0,7
8294;0,009262738;0,166787645;0,08693102;0,008499218;0,00886145;0,14016;0,08164425;0,00809985;0;0,902675;0,9847675;0,9455625;0,9923675;0,7
8295;0,001872446;0,060020292;0,052750015;0,001118853;0,00172206;0,046510025;0,046505975;0,001029375;0;0,99475;1;0,9999825;1;0,7
8296;0;0;0;0;0;0;0;0;0;0,96555;1;0,9965;1;0,7
8297;0;0;0;0;0;0;0;0;0;0,94;0,9986;0,99475;1;0,7
8298;0;0;0;0;0;0;0;0;0;0,9409125;0,9950125;0,9719375;0,998425;0,7
8299;0;0;0;0;0;0;0;0;0;0,9942;0,9999125;0,999125;1;0,7
8300;0;0;0;0;0;0;0;0;0;0,99545;1;1;1;0,7
8301;0;0;0;0;0;0;0;0;0;0,9965;1;1;1;0,7
8302;0;0;0;0;0;0;0;0;0;1;1;1;1;0,7
8303;0;0;0;0;0;0;0;0;0;1;1;1;1;0,7
8304;0;0;0;0;0;0;0;0;0;1;1;1;1;0,7
8305;0;0;0;0;0;0;0;0;0;1;1;1;1;0,7
8306;0;0;0;0;0;0;0;0;0;1;0,43333425;1;0,61666575;0,7
8307;0;0;0;0;0;0;0;0;0;1;0,8666675;1;1;0,7
8308;0;0;0;0;0;0;0;0;0;1;1;1;1;0,7
8309;0;0;0;0;0;0;0;0;0;1;1;1;1;0,7
8310;0;0;0;0;0;0;0;0;0;1;1;1;1;0,7
8311;0;0;0;0;0;0;0;0;0;0,9672525;0,89166;0,94253;0,9979025;0,7
8312;0;0,004462768;0;0;0;0,003713638;0;0;0;0,940365;0,79313;0,8075275;0,9950125;0,7
8313;0,146755646;0,164189526;0;0;0,1020595;0,1255355;0;0;0;0,990735;0,978325;0,98015;0,9999125;0,7
8314;0,377085947;0,0815814;0,022872592;0,002407702;0,3014075;0,07059475;0,0224097;0,002149268;0;0,9701125;0,9518625;0,9883625;1;0,7
8315;0,290064632;0,113086536;0,029496229;0,008045764;0,254045;0,10952275;0,02888775;0,007471825;0;0,94;0,847845;0,94;0,9967625;0,7
8316;0,267084648;0,101584504;0,011664565;0,00945301;0,23868375;0,09914025;0,0112177;0,008939825;0;0,886475;0,6813975;0,845755;0,969075;0,7
8317;0,184339271;0,053110453;0,285855632;0,353767895;0,17269675;0,052199;0,2520665;0,3126825;0;0,3061;0,13970975;0,2097375;0,3498375;0,7
8318;0,185764263;0,030394133;0,193881999;0,217026201;0,16833675;0,03001975;0,16954825;0,18873775;0;0,10149825;0,02054075;0,05092925;0,1039135;0,7
8319;0,09201842;0,014663068;0,037585696;0,009362131;0,0740145;0,01428175;0,03227795;0,007954583;0;0,08459;0,02673775;0,038689;0,08684425;0,7
8320;0;0;6,31E-05;0;0;0;5,12E-05;0;0;0,134103;0,05016425;0,07311475;0,154795;0,7
8321;0;0;0;0;0;0;0;0;0;0,18934;0,10149825;0,136483;0,2366625;0,7
8322;0;0;0;0;0;0;0;0;0;0,3448975;0,2318275;0,25494;0,4159325;0,7
8323;0;0;0;0;0;0;0;0;0;0,263155;0,176245;0,22673;0,3508725;0,7
8324;0;0;0;0;0;0;0;0;0;0,16974;0,09360825;0,12323525;0,2114325;0,7
8325;0;0;0;0;0;0;0;0;0;0,4116675;0,3246575;0,337175;0,50071;0,7
8326;0;0;0;0;0;0;0;0;0;0,832825;0,8283925;0,80134;0,934785;0,7
8327;0;0;0;0;0;0;0;0;0;0,98015;0,99526;0,9847125;0,9993875;0,7
8328;0;0;0;0;0;0;0;0;0;0,9473;0,99475;0,967375;0,9989525;0,7
8329;0;0;0;0;0;0;0;0;0;0,9883625;0,9972875;0,997115;1;0,7
8330;0;0;0;0;0;0;0;0;0;0,99475;1;1;1;0,7
8331;0;0;0;0;0;0;0;0;0;0,9973775;1;1;1;0,7
8332;0;0;0;0;0;0;0;0;0;1;1;1;1;0,7
8333;0;0;0;0;0;0;0;0;0;0,9988625;1;1;1;0,7
8334;0;0;0;0;0;0;0;0;0;1;1;1;1;0,7
8335;0;0;0;0;0;0;0;0;0;1;1;1;1;0,7
8336;0;0;0;0;0;0;0;0;0;1;1;1;1;0,7
8337;0,00620057;0;0;0,060666667;0,005698338;0;0;0,053869;0;1;1;1;1;0,7
8338;0,020348637;0,006974491;0,014722976;0,083983997;0,01966425;0,0066211;0,014257675;0,079029;0;1;1;1;1;0,7
8339;0,011242437;0,00862219;0,009386118;0,131865947;0,010924025;0,008149675;0,008973025;0,12709;0;1;1;1;1;0,7
8340;0,023166066;0,00805501;0,028713423;0,163989671;0,0225811;0,0075373;0,027938;0,155395;0;1;1;1;1;0,7
8341;0,344035184;0,286050671;0,348174355;0,092615096;0,3073525;0,2533125;0,3105625;0,0884865;0;1;1;1;1;0,7
8342;0,190442803;0,198475539;0,216375588;0,04169968;0,16419;0,1650925;0,1876825;0,0408905;0;1;1;1;1;0,7
8343;0,076679986;0,072354323;0,088119316;0,002357517;0,06083175;0,0535772;0,070452;0,00233469;0;1;1;1;1;0,7
8344;0;0;0,000163388;0;0;0;0,000109093;0;0;1;1;1;1;0,7
8345;0;0;0;0;0;0;0;0;0;1;0,9993875;1;1;0,7
8346;0;0;0;0;0;0;0;0;0;1;0,996065;1;1;0,7
8347;0;0;0;0;0;0;0;0;0;1;1;1;1;0,7
8348;0;0;0;0;0;0;0;0;0;1;1;1;1;0,7
8349;0;0;0;0;0;0;0;0;0;1;1;1;1;0,7
8350;0;0;0;0;0;0;0;0;0;1;1;1;1;0,7
8351;0;0;0;0;0;0;0;0;0;1;1;1;1;0,7
8352;0;0;0;0;0;0;0;0;0;0,9999425;0,9983375;0,999965;1;0,7
8353;0;0;0;0;0;0;0;0;0;0,9928825;0,9398675;0,9777975;0,999125;0,7
8354;0;0;0;0;0;0;0;0;0;0,90672;0,6162375;0,7541375;0,9695375;0,7
8355;0;0;0;0;0;0;0;0;0;0,63754;0,31004;0,4049725;0,68776;0,7
8356;0;0;0;0;0;0;0;0;0;0,2739275;0,093848;0,133208;0,2896925;0,7
8357;0;0;0;0;0;0;0;0;0;0,25902;0,08459;0,1534275;0,3060675;0,7
8358;0;0;0;0;0;0;0;0;0;0,25902;0,08459;0,154795;0,25902;0,7
8359;0;0;0;0;0;0;0;0;0;0,170645;0,0616395;0,08684425;0,208035;0,7
8360;0;0;0;0;0;0;0;0;0;0,172345;0,05568;0,097873;0,175745;0,7
8361;0,007993344;0;0,007325707;0,082944509;0,00748235;0;0,00682535;0,06632975;0;0,3396725;0,2187325;0,256545;0,4362325;0,7
8362;0,023812634;0,003251597;0,02066985;0,17343825;0,023139;0,002930675;0,01994875;0,1496965;0;0,46869;0,25902;0,3710375;0,56066;0,7
8363;0,037305032;0,016049389;0,033758203;0,188406205;0,036773;0,0153975;0,03306725;0,1769715;0;0,2993475;0,18424;0,25902;0,4240975;0,7
8364;0,03578565;0,016770505;0,034360899;0,142504749;0,03535375;0,01624775;0,03374925;0,135241;0;0,242025;0,1449725;0,224225;0,3482925;0,7
8365;0,030841038;0,281752579;0,026637577;0,105937737;0,03041175;0,2507075;0,026101;0,10235375;6,65E-05;0,1087425;0,04352475;0,063007;0,12965675;0,7
8366;0,017788563;0,216965763;0,015572096;0,04919955;0,017416;0,1741;0,015129525;0,0480025;1,89E-05;0,05016425;0,0108305;0,02541;0,04863425;0,7
8367;0,004119552;0,061937313;0,0041545;0,002602751;0,003987205;0,044414675;0,00397989;0,002539255;0;0,0355905;0,00098361;0,01131355;0,03337725;0,7
8368;0;0;0;0;0;0;0;0;0;0,006371653;0,000213123;0,0006317;0,006185753;0,7
8369;0;0;0;0;0;0;0;0;0;0,00098361;0;0;0,00098361;0,7
8370;0;0;0;0;0;0;0;0;0;0,002469958;0;0,000295083;0,001949733;0,7
8371;0;0;0;0;0;0;0;0;0;0,012131;0,000868855;0,006185753;0,012094;0,7
8372;0;0;0;0;0;0;0;0;0;0,0355905;0,009344225;0,012131;0,0355905;0,7
8373;0;0;0;0;0;0;0;0;0;0,038689;0,012131;0,012131;0,038689;0,7
8374;0;0;0;0;0;0;0;0;0;0,038689;0,02541;0,0355905;0,038689;0,7
8375;0;0;0;0;0;0;0;0;0;0,038689;0,015672;0,02452475;0,038689;0,7
8376;0;0;0;0;0;0;0;0;0;0,038689;0,012131;0,0187705;0,038689;0,7
8377;0;0;0;0;0;0;0;0;0;0,038689;0,03529525;0,03851175;0,047104;0,7
8378;0;0;0;0;0;0;0;0;0;0,0223115;0,01152465;0,012778;0,02054075;0,7
8379;0;0;0;0;0;0;0;0;0;0,012131;0,00098361;0,00098361;0,012131;0,7
8380;0;0;0;0;0;0;0;0;0;0,012131;0,00098361;0,00098361;0,012131;0,7
8381;0;0;0;0;0;0;0;0;0;0,008043725;0,00098361;0,00098361;0,012131;0,7
8382;0;0;0;0;0;0;0;0;0;0,01319325;0,006557377;0,008043653;0,0140785;0,7
8383;0;0;0;0;0;0;0;0;0;0,0480145;0,04553575;0,03846075;0,05840225;0,7
8384;0;0;0;0;0;0;0;0;0;0,1244425;0,131688;0,1243915;0,148595;0,7
8385;0,068638725;0,123069426;0;0,203994434;0,0576044;0,091367;0;0,149773;0;0,112365;0,1425575;0,112365;0,15705;0,7
8386;0,062530377;0,109005876;0,00126624;0,38068575;0,05842075;0,08748375;0;0,3089675;0;0,08459;0,08459;0,083162;0,11840525;0,7
8387;0,094472787;0,223543168;0,004837099;0,089027333;0,0933895;0,20313875;0,00336353;0,0790695;0;0,05016425;0,05016425;0,040117;0,08459;0,7
8388;0,095100766;0,214476722;0,006449161;0,053876645;0,09374175;0,193785;0,005925125;0,05364025;0;0,042667;0,04633925;0,040525;0,08459;0,7
8389;0,087242601;0,021613986;0,237984276;0,038866311;0,08580725;0,0198225;0,211615;0,0385505;0;0,084437;0,10874275;0,083519;0,11961325;0,7
8390;0,035976837;0,006836182;0,154998592;0,18371057;0,03533925;0,0064307;0,1368235;0,16162775;0;0,08579775;0,09425;0,08579775;0,15705;0,7
8391;0,027430304;0,009813929;0,068542891;0,012971955;0,025376175;0,009114293;0,05629775;0,011077325;0;0,157505;0,19104;0,1704225;0,22163;0,7
8392;0;0;8,02E-05;0;0;0;5,54E-05;0;0;0,2790425;0,4184175;0,2993475;0,4056275;0,7
8393;0;0;0;0;0;0;0;0;0;0,415735;0,5882;0,490985;0,6054125;0,7
8394;0;0;0;0;0;0;0;0;0;0,56066;0,76721;0,56066;0,76721;0,7
8395;0;0;0;0;0;0;0;0;0;0,5104925;0,7018025;0,6191825;0,7224575;0,7
8396;0;0;0;0;0;0;0;0;0;0,677705;0,8939225;0,76721;0,885285;0,7
8397;0;0;0;0;0;0;0;0;0;0,79313;0,970375;0,8793825;0,9582675;0,7
8398;0;0;0;0;0;0;0;0;0;0,967315;0,9999125;0,9967225;0,999545;0,7
8399;0;0;0;0;0;0;0;0;0;0,865185;0,9789;0,9094425;0,9728125;0,7
8400;0;0;0;0;0;0;0;0;0;0,76721;0,8478475;0,7683625;0,9169625;0,7
8401;0;0;0;0;0;0;0;0;0;0,876645;0,97878;0,951055;0,98694;0,7
8402;0;0;0;0;0;0;0;0;0;0,93808;0,99896;0,98745;0,999215;0,7
8403;0;0;0;0;0;0;0;0;0;0,677935;0,7563625;0,7191475;0,85606;0,7
8404;0;0;0;0;0;0;0;0;0;0,482625;0,482625;0,482625;0,65705;0,7
8405;0;0;0;0;0;0;0;0;0;0,39344;0,39344;0,39344;0,56066;0,7
8406;0;0;0;0;0;0;0;0;0;0,39344;0,33071;0,33071;0,54115;0,7
8407;0;0;0;0;0;0;0;0;0;0,39344;0,2769425;0,2993475;0,42131;0,7
8408;0;0;0;0;0;0;0;0;0;0,490985;0,44082;0,490985;0,6054125;0,7
8409;0,137188599;0,026796498;0,012869427;0,036543656;0,0993005;0,0263034;0,012341775;0,036166;0;0,6054125;0,6306625;0,62951;0,79601;0,7
8410;0,251001355;0,0679113;0,029482745;0,075927904;0,205905;0,0661245;0,02876075;0,074764;0;0,8161675;0,9192225;0,870885;0,974675;0,7
8411;0,307346092;0,103854427;0,052482955;0,13574025;0,26721375;0,101183;0,0517775;0,129525;1,25E-05;0,547705;0,498035;0,54885;0,6760825;0,7
8412;0,406664526;0,101105573;0,060031224;0,339260329;0,35298;0,099016;0,05942575;0,3038925;1,47E-05;0,53279;0,39344;0,39344;0,56066;0,7
8413;0,236712908;0,076225761;0,052645248;0,291571974;0,2066475;0,0753345;0,05211575;0,2549425;9,68E-05;0,39344;0,3486325;0,3486325;0,56066;0,7
8414;0,197399211;0,039774087;0,031247732;0,296712829;0,1675;0,03944425;0,030819;0,24821;1,37E-05;0,4103475;0,4079325;0,4103475;0,581545;0,7
8415;0,088417654;0,011684718;0,011449419;0,070466389;0,0670975;0,0114642;0,01113505;0,056729675;0;0,72065;0,7566775;0,758065;0,90908;0,7
8416;0;0;2,68E-05;0;0;0;2,50E-05;0;0;0,97285;0,995885;0,9946425;0,999545;0,7
8417;0;0;0;0;0;0;0;0;0;0,9774125;1;0,9965;1;0,7
8418;0;0;0;0;0;0;0;0;0;0,99475;1;0,996675;1;0,7
8419;0;0;0;0;0;0;0;0;0;0,96363;0,98627;0,971125;0,9984175;0,7
8420;0;0;0;0;0;0;0;0;0;0,677935;0,6240275;0,648655;0,84971;0,7
8421;0;0;0;0;0;0;0;0;0;0,719015;0,56066;0,6866525;0,9198425;0,7
8422;0;0;0;0;0;0;0;0;0;0,581545;0,556295;0,5999;0,82775;0,7
8423;0;0;0;0;0;0;0;0;0;0,9072375;0,944185;0,9451075;0,9923675;0,7
8424;0;0;0;0;0;0;0;0;0;0,9963275;0,9999825;0,998075;1;0,7
8425;0;0;0;0;0;0;0;0;0;1;1;1;1;0,7
8426;0;0;0;0;0;0;0;0;0;1;1;1;1;0,7
8427;0;0;0;0;0;0;0;0;0;1;1;1;1;0,7
8428;0;0;0;0;0;0;0;0;0;1;1;1;1;0,7
8429;0;0;0;0;0;0;0;0;0;1;1;1;1;0,7
8430;0;0;0;0;0;0;0;0;0;1;1;1;1;0,7
8431;0;0;0;0;0;0;0;0;0;0,995975;0,9852875;0,9972;1;0,7
8432;0;0;0;0;0;0;0;0;0;0,9461475;0,9112025;0,94078;0,995675;0,7
8433;0;0,021765972;0,157759243;0,16533737;0;0,0213432;0,10760375;0,12431575;0;0,7798825;0,5783625;0,65403;0,8697075;0,7
8434;0,007568567;0,035732917;0,279785329;0,241047359;0,00723395;0,0351825;0,2186275;0,19438375;0,0001278;0,9083225;0,77373;0,88404;0,9823775;0,7
8435;0,016409562;0,052852085;0,381362369;0,299354289;0,01584125;0,05229775;0,32472;0,2644075;0,000332609;0,98015;0,974675;0,9872675;0,99968;0,7
8436;0,018588707;0,056782492;0,369125447;0,265516145;0,018071;0,05633075;0,31523;0,234552;0;0,8363275;0,6916075;0,7191475;0,96196;0,7
8437;0,014550908;0,055836912;0,337928763;0,275710208;0,01411125;0,05542075;0,2881075;0,242585;5,72E-05;0,76721;0,471475;0,56066;0,79025;0,7
8438;0,007298425;0,041548464;0,230177882;0,175157005;0,006915675;0,04119025;0,19550775;0,148489;0;0,5882;0,39344;0,5483975;0,764915;0,7
8439;0,001420723;0,014695406;0,084083444;0,003090509;0,001257442;0,01447575;0,067601;0,002547848;0;0,482625;0,33071;0,394555;0,5732825;0,7
8440;0;0;0,000121141;0;0;0;8,37E-05;0;0;0,39344;0,25902;0,32847;0,56066;0,7
8441;0;0;0;0;0;0;0;0;0;0,39344;0,25902;0,39344;0,56066;0,7
8442;0;0;0;0;0;0;0;0;0;0,4103475;0,294865;0,3559125;0,562955;0,7
8443;0;0;0;0;0;0;0;0;0;0,69761;0,64098;0,6494425;0,8546925;0,7
8444;0;0;0;0;0;0;0;0;0;0,9054425;0,8730975;0,876645;0,987085;0,7
8445;0;0;0;0;0;0;0;0;0;0,5385225;0,3962625;0,47;0,659175;0,7
8446;0;0;0;0;0;0;0;0;0;0,2769425;0,16219;0,204635;0,3219375;0,7
8447;0;0;0;0;0;0;0;0;0;0,1704025;0,083519;0,1413505;0,235225;0,7
8448;0;0;0;0;0;0;0;0;0;0,0717445;0,028942;0,0497465;0,085755;0,7
8449;0;0;0;0;0;0;0;0;0;0,024023;0,001801108;0,010636025;0,02054075;0,7
8450;0;0;0;0;0;0;0;0;0;0,03786275;0,006371653;0,01788525;0,0355905;0,7
8451;0;0;0;0;0;0;0;0;0;0,04863425;0,02541;0,038689;0,0639345;0,7
8452;0;0;0;0;0;0;0;0;0;0,08459;0,038689;0,038689;0,08459;0,7
8453;0;0;0;0;0;0;0;0;0;0,08459;0,038689;0,05169425;0,08459;0,7
8454;0;0;0;0;0;0;0;0;0;0,117195;0,07923475;0,08459;0,1456975;0,7
8455;0;0;0;0;0;0;0;0;0;0,07464475;0,044809;0,05092925;0,08628075;0,7
8456;0;0;0;0;0;0;0;0;0;0,08459;0,05245925;0,0639345;0,09425;0,7
8457;0,007736205;0,029917851;0,006948317;0;0,00723525;0,029377;0,0064681;0;0;0,148595;0,0978755;0,122025;0,15705;0,7
8458;0,021340208;0,151100692;0,019970838;0,007937721;0,02067925;0,13901175;0,01923775;0,00758875;0;0,09425;0,07540975;0,08459;0,11461925;0,7
8459;0,03647792;0,213818645;0,034679222;0,016799882;0,03594575;0,194591;0,03398725;0,016235;0;0,08459;0,08459;0,08459;0,154795;0,7
8460;0,040868234;0,241086367;0,04002523;0,018172863;0,04042775;0,22133125;0,039393;0,01767;0;0,09425;0,08459;0,08459;0,15705;0,7
8461;0,039585308;0,182700699;0,032663815;0,013728371;0,0391785;0,16861575;0,032116;0,01328125;0;0,15705;0,1159875;0,08459;0,15705;0,7
8462;0,023617836;0,089751146;0,02002309;0,006471819;0,023264;0,0807905;0,01955375;0,006090175;0;0,1341025;0,097873;0,09425;0,1645275;0,7
8463;0,007267845;0,029301503;0,005181026;0,000765995;0,00657803;0,025268575;0,005014318;0,000658848;0;0,214585;0,237235;0,2464575;0,3388825;0,7
8464;0;0;0;0;0;0;0;0;0;0,61414;0,6616375;0,6745675;0,815175;0,7
8465;0;0;0;0;0;0;0;0;0;0,6555425;0,834075;0,79319;0,9156275;0,7
8466;0;0;0;0;0;0;0;0;0;0,97505;0,9993875;0,9926275;0,99947;0,7
8467;0;0;0;0;0;0;0;0;0;1;1;1;1;0,7
8468;0;0;0;0;0;0;0;0;0;1;1;1;1;0,7
8469;0;0;0;0;0;0;0;0;0;1;1;1;1;0,7
8470;0;0;0;0;0;0;0;0;0;1;1;1;1;0,7
8471;0;0;0;0;0;0;0;0;0;1;1;1;1;0,7
8472;0;0;0;0;0;0;0;0;0;1;1;1;1;0,7
8473;0;0;0;0;0;0;0;0;0;1;1;1;1;0,7
8474;0;0;0;0;0;0;0;0;0;1;1;1;1;0,7
8475;0;0;0;0;0;0;0;0;0;1;1;1;1;0,7
8476;0;0;0;0;0;0;0;0;0;1;1;1;1;0,7
8477;0;0;0;0;0;0;0;0;0;0,9974575;0,9976425;0,9980675;1;0,7
8478;0;0;0;0;0;0;0;0;0;0,87275;0,8390075;0,8583525;0,9728125;0,7
8479;0;0;0;0;0;0;0;0;0;0,746325;0,542;0,7155725;0,9083225;0,7
8480;0;0;0;0;0;0;0;0;0;0,4507025;0,28745;0,3653025;0,5518025;0,7
8481;0,051328129;0,020641076;0,064676294;0,016992417;0,04355775;0,020175;0,0558285;0,0165654;0;0,263155;0,13652025;0,1995375;0,3150275;0,7
8482;0,051866534;0,046957319;0,09193607;0,038571344;0,04744625;0,04633125;0,08428425;0,03803175;0;0,15943;0,0639345;0,10029025;0,1791425;0,7
8483;0,051330536;0,068721797;0,138172706;0,061543381;0,0510025;0,06824875;0,131091;0,06118075;0;0,15705;0,038689;0,08459;0,15705;0,7
8484;0,075940425;0,069151125;0,120485755;0,07150123;0,075679;0,06878575;0,11522075;0,071306;0;0,15705;0,07923475;0,0899025;0,1645275;0,7
8485;0,054500049;0,051146574;0,140484044;0,079549378;0,05432025;0,050789;0,136981;0,07919975;0;0,21653;0,13040075;0,168465;0,27178;0,7
8486;0,034076767;0,028012966;0,096532741;0,037132145;0,033791;0,02766475;0,0920475;0,0368375;0;0,113573;0,06019;0,08639775;0,1404525;0,7
8487;0,014707614;0,007259502;0,048826567;0,009409571;0,014457875;0,007116678;0,04085675;0,00924445;0;0,07158475;0,0320495;0,038689;0,08459;0,7
8488;0;0;0,00014418;0;0;0;0,000104865;0;0;0,082754;0,038689;0,04786925;0,08459;0,7
8489;0;0;0;0;0;0;0;0;0;0,03976;0,015849;0,034705;0,05047025;0,7
8490;0;0;0;0;0;0;0;0;0;0,07617475;0,0482165;0,0593445;0,1040495;0,7
8491;0;0;0;0;0;0;0;0;0;0,13893425;0,08459;0,08459;0,15705;0,7
8492;0;0;0;0;0;0;0;0;0;0,112365;0,07770475;0,079949;0,1461825;0,7
8493;0;0;0;0;0;0;0;0;0;0,046278;0,017311475;0,02723125;0,0505115;0,7
8494;0;0;0;0;0;0;0;0;0;0,01295725;0,00098361;0,009344225;0,012308;0,7
8495;0;0;0;0;0;0;0;0;0;0,01832775;0,003398928;0,01168525;0,012131;0,7
8496;0;0;0;0;0;0;0;0;0;0,005814178;0,000540985;0,001243708;0,007114803;0,7
8497;0;0;0;0;0;0;0;0;0;0,00098361;0;0,000131148;0,00098361;0,7
8498;0;0;0;0;0;0;0;0;0;0,000491803;0;0;0,00098361;0,7
8499;0;0;0;0;0;0;0;0;0;0;0;0;0,000131148;0,7
8500;0;0;0;0;0;0;0;0;0;0,000131148;0;0;0,000278688;0,7
8501;0;0;0;0;0;0;0;0;0;0,00098361;0,000229508;0,000747543;0,00098361;0,7
8502;0;0;0;0;0;0;0;0;0;0,00018032;0;2,30E-05;0,000262295;0,7
8503;0;0;0;0;0;0;0;0;0;7,21E-05;0;0;0,00018032;0,7
8504;0;0;0;0;0;0;0;0;0;0,004135523;0,000721313;0,001215677;0,007300553;0,7
8505;0;0,014751654;0,015100004;0,017132508;0;0,01424865;0,014560625;0,016677925;0;0,012131;0,009344225;0,01178425;0,012131;0,7
8506;0;0,036305033;0,030586523;0,033669833;0;0,03560825;0,02986025;0,033106;0;0,00990165;0,008786825;0,008786825;0,011871;0,7
8507;0,002394702;0,052769977;0,046675595;0,05799896;0,002102588;0,0521995;0,04595625;0,05754125;0;0,000688527;0,000590153;0,000622955;0,001331145;0,7
8508;0,005035389;0,059124651;0,049657291;0,050964537;0,004510825;0,0586255;0,04901875;0,050647;0;0,008786825;0,006483103;0,00822945;0,0108305;0,7
8509;0,00408326;0,051187508;0,042012225;0,051600703;0,003612475;0,05073875;0,04142675;0,0512315;0;0,003398905;0,0009858;0,002459028;0,005628377;0,7
8510;0,001392909;0,029769044;0,026636613;0,02634574;0,00117452;0,02939025;0,026146;0,02605775;0;0,000213123;6,55E-06;6,01E-05;0,000327868;0,7
8511;0;0,009052095;0,009881254;0,005003644;0;0,008816225;0,009547875;0,004898993;0;0,00016393;8,52E-05;0,000131148;0,000622952;0,7
8512;0;0;3,77E-05;0;0;0;3,46E-05;0;0;0,004513705;0,003581525;0,00469958;0,008220653;0,7
8513;0;0;0;0;0;0;0;0;0;0,02939375;0,0342625;0,0355905;0,05663175;0,7
8514;0;0;0;0;0;0;0;0;0;0,038689;0,0662295;0,038689;0,07158475;0,7
8515;0;0;0;0;0;0;0;0;0;0,0185318;0,026292;0,01941365;0,02673775;0,7
8516;0;0;0;0;0;0;0;0;0;0,000599283;0,000735508;0,000471423;0,00302733;0,7
8517;0;0;0;0;0;0;0;0;0;0,000704918;0,00034427;0,00034427;0,000911477;0,7
8518;0;0;0;0;0;0;0;0;0;1,09E-05;3,28E-06;1,09E-05;9,18E-05;0,7
8519;0;0;0;0;0;0;0;0;0;0,006311543;0,00841963;0,009187943;0,01035945;0,7
8520;0;0;0;0;0;0;0;0;0;0,03160675;0,05840225;0,051517;0,05840225;0,7
8521;0;0;0;0;0;0;0;0;0;0,07923475;0,13772825;0,08459;0,11115825;0,7
8522;0;0;0;0;0;0;0;0;0;0,07540975;0,0971485;0,08459;0,09425;0,7
8523;0;0;0;0;0;0;0;0;0;0,08459;0,1551175;0,1393375;0,15705;0,7
8524;0;0;0;0;0;0;0;0;0;0,04939925;0,08321975;0,05785475;0,09425;0,7
8525;0;0;0;0;0;0;0;0;0;0,07005475;0,08459;0,07311475;0,08459;0,7
8526;0;0;0;0;0;0;0;0;0;0,05628425;0,08459;0,08459;0,08459;0,7
8527;0;0;0;0;0;0;0;0;0;0,038689;0,07234975;0,044809;0,08408;0,7
8528;0;0;0;0;0;0;0;0;0;0,02850825;0,038995;0,03559025;0,042565;0,7
8529;0,125539926;0,004879093;0,008683374;0,070419195;0,0858845;0,00438765;0,00815295;0,06528625;1,04E-05;0,07081975;0,09330025;0,07464475;0,0996595;0,7
8530;0,312080013;0,020073174;0,018894269;0,106879464;0,2454625;0,01934675;0,01820225;0,1008345;0;0,05398925;0,08459;0,0692895;0,08459;0,7
8531;0,463770158;0,027078943;0,034958538;0,24985616;0,3997425;0,02651;0,0342405;0,22992875;0;0,0804425;0,09908275;0,09087;0,1090825;0,7
8532;0,191409091;0,032508265;0,045003312;0,318636711;0,16952225;0,03192225;0,04433225;0,28272;0,000175605;0,163625;0,2756275;0,2224075;0,2905075;0,7
8533;0,022826915;0,03296143;0,038403273;0,382879342;0,021008525;0,032423;0,0378415;0,330155;0,000300749;0,1071475;0,154989;0,1289625;0,1794525;0,7
8534;0,003333658;0,021413889;0,027466374;0,246493776;0,003203325;0,02098925;0,02696275;0,1964825;0,000190503;0,0299035;0,04171025;0,03788525;0,045213;0,7
8535;0,00864256;0,006706348;0,010213206;0,086941301;0,00822655;0,006448285;0,009918325;0,06304405;1,51E-05;0,044809;0,0601095;0,0593445;0,07387975;0,7
8536;0;0;4,14E-05;0;0;0;3,79E-05;0;0;0,07693975;0,081224;0,07617475;0,08459;0,7
8537;0;0;0;0;0;0;0;0;0;0,038689;0,0332405;0,0329345;0,044809;0,7
8538;0;0;0;0;0;0;0;0;0;0,038689;0,038689;0,038689;0,038689;0,7
8539;0;0;0;0;0;0;0;0;0;0,038689;0,038689;0,038689;0,05628425;0,7
8540;0;0;0;0;0;0;0;0;0;0,038689;0,02541;0,02541;0,038689;0,7
8541;0;0;0;0;0;0;0;0;0;0,038689;0,0355905;0,0355905;0,038689;0,7
8542;0;0;0;0;0;0;0;0;0;0,038689;0,04863425;0,044809;0,07923475;0,7
8543;0;0;0;0;0;0;0;0;0;0,0738795;0,08459;0,081224;0,08459;0,7
8544;0;0;0;0;0;0;0;0;0;0,038689;0,048175;0,039301;0,05704925;0,7
8545;0;0;0;0;0;0;0;0;0;0,0773825;0,115682;0,09933825;0,13048;0,7
8546;0;0;0;0;0;0;0;0;0;0,1534275;0,22163;0,174045;0,2335275;0,7
8547;0;0;0;0;0;0;0;0;0;0,2232475;0,3054475;0,2515425;0,34974;0,7
8548;0;0;0;0;0;0;0;0;0;0,065907;0,08024525;0,07725475;0,091902;0,7
8549;0;0;0;0;0;0;0;0;0;0,03786275;0,03839375;0,0376265;0,038689;0,7
8550;0;0;0;0;0;0;0;0;0;0,01295725;0,01152465;0,01275075;0,01788525;0,7
8551;0;0;0;0;0;0;0;0;0;0,00971585;0,00098361;0,004885253;0,012131;0,7
8552;0;0;0;0;0;0;0;0;0;0,015672;0,010406475;0,0140785;0,02054075;0,7
8553;0;0,155512196;0,009433096;0,077853738;0;0,102881575;0,00890625;0,06686125;0;0,04863425;0,053611;0,053047;0,07738225;0,7
8554;0,008257393;0,294788921;0,019836237;0,134865221;0,0078994;0,2209685;0,0191405;0,12062425;0;0,1244425;0,201755;0,143316;0,21305;0,7
8555;0,017461331;0,443941145;0,033739662;0,294023211;0,016882;0,3781825;0,0330245;0,263465;0;0,18594;0,2769425;0,2558475;0,3262275;0,7
8556;0,018418468;0,408540276;0,039086633;0,374314461;0,0178995;0,348865;0,038434;0,32693;0;0,25902;0,39344;0,341015;0,39344;0,7
8557;0,014744262;0,392277355;0,031822255;0,232819342;0,01425575;0,334545;0,031256;0,2032325;0;0,2114325;0,3105475;0,259915;0,3777575;0,7
8558;0,007942489;0,246435264;0,016482039;0,249879277;0,007509975;0,20297425;0,01604875;0,208925;0;0,1791425;0,25902;0,25902;0,27067;0,7
8559;0,001533865;0,088562947;0,00395615;0,097555952;0,001390205;0,06487785;0,003790692;0,074593225;0;0,25902;0,3508725;0,25902;0,3929925;0,7
8560;0;0;0;0;0;0;0;0;0;0,25902;0,39344;0,25902;0,39344;0,7
8561;0;0;0;0;0;0;0;0;0;0,24871;0,3088475;0,25902;0,3665575;0,7
8562;0;0;0;0;0;0;0;0;0;0,1257625;0,12363975;0,1402995;0,1842825;0,7
8563;0;0;0;0;0;0;0;0;0;0,04400575;0,02901625;0,03514225;0,055989;0,7
8564;0;0;0;0;0;0;0;0;0;0,012131;0,003398905;0,007114803;0,013754;0,7
8565;0;0;0;0;0;0;0;0;0;0,012131;0,001429508;0,004513705;0,012131;0,7
8566;0;0;0;0;0;0;0;0;0;0,03160675;0,023822;0,03027875;0,0355905;0,7
8567;0;0;0;0;0;0;0;0;0;0,038689;0,02142625;0,03116425;0,038689;0,7
8568;0;0;0;0;0;0;0;0;0;0,038689;0,038689;0,038689;0,038689;0,7
8569;0;0;0;0;0;0;0;0;0;0,0355905;0,02452475;0,02541;0,038689;0,7
8570;0;0;0;0;0;0;0;0;0;0,012131;0,012131;0,012131;0,0223115;0,7
8571;0;0;0;0;0;0;0;0;0;0,012131;0,002469958;0,012131;0,012131;0,7
8572;0;0;0;0;0;0;0;0;0;0,012131;0,00098361;0,004885253;0,012131;0,7
8573;0;0;0;0;0;0;0;0;0;0,012131;0,0108305;0,012131;0,012131;0,7
8574;0;0;0;0;0;0;0;0;0;0,01178425;0,0091585;0,0091585;0,012131;0,7
8575;0;0;0;0;0;0;0;0;0;0,001291088;0,000688523;0,000688523;0,004693023;0,7
8576;0;0;0;0;0;0;0;0;0;2,30E-05;0;0;7,21E-05;0,7
8577;0;0,046077474;0,002281586;0,041004521;0;0,0404075;0,001833047;0,04052975;0;0;0;0;0;0,7
8578;0,003664358;0,079247187;0,028679471;0,035474309;0,003374125;0,073582;0,02783675;0,03504625;0;0;0;0;0;0,7
8579;0,013150693;0,10501142;0,031924109;0,013525072;0,0125385;0,10083225;0,03131475;0,013225775;0;9,95E-05;8,52E-05;6,01E-05;0,00014754;0,7
8580;0,00784025;0,132277697;0,01943135;0,315393276;0,007395825;0,1263015;0,018905775;0,28721;0;0,00822835;0,00841195;0,007661273;0,008786825;0,7
8581;0,260250079;0,190757274;0,306924711;0,375499145;0,233165;0,175605;0,271055;0,334155;0;0,008043725;0,012131;0,012131;0,012131;0,7
8582;0,184869008;0,041296117;0,200978787;0,107531763;0,16171975;0,0379975;0,17464375;0,09430125;0;0,012131;0,012131;0,012131;0,012131;0,7
8583;0,06204928;0,003010687;0,061120844;0,047566419;0,050496325;0,00296555;0,050737725;0,039970825;0;0,012131;0,012131;0,012131;0,012131;0,7
8584;8,84E-05;0;0,000251312;0;6,15E-05;0;0,000182425;0;0;0,0100874;0,0108305;0,0089726;0,012131;0,7
8585;0;0;0;0;0;0;0;0;0;0,00080328;0,00098361;0,0007541;0,002469958;0,7
8586;0;0;0;0;0;0;0;0;0;0,00098361;0,00098361;0,00098361;0,00098361;0,7
8587;0;0;0;0;0;0;0;0;0;0,00098361;0,00098361;0,00098361;0,00098361;0,7
8588;0;0;0;0;0;0;0;0;0;0,00098361;0,00098361;0,00098361;0,00284153;0,7
8589;0;0;0;0;0;0;0;0;0;0,0100874;0,0108305;0,0108305;0,012131;0,7
8590;0;0;0;0;0;0;0;0;0;0,00469958;0,00469958;0,006185753;0,012131;0,7
8591;0;0;0;0;0;0;0;0;0;0,001540983;0,001949733;0,002655755;0,005071153;0,7
8592;0;0;0;0;0;0;0;0;0;0,0280655;0,047554;0,03760675;0,04143175;0,7
8593;0;0;0;0;0;0;0;0;0;0,082754;0,18306;0,13531275;0,1413505;0,7
8594;0;0;0;0;0;0;0;0;0;0,08225425;0,1428225;0,105118;0,134028;0,7
8595;0;0;0;0;0;0;0;0;0;0,219375;0,4317225;0,296595;0,33568;0,7
8596;0;0;0;0;0;0;0;0;0;0,2437225;0,3850175;0,273505;0,394555;0,7
8597;0;0;0;0;0;0;0;0;0;0,34639;0,7222225;0,54067;0,60692;0,7
8598;0;0;0;0;0;0;0;0;0;0,458835;0,87602;0,6968825;0,73967;0,7
8599;0;0;0;0;0;0;0;0;0;0,2020975;0,29553;0,2472825;0,3360275;0,7
8600;0;0;0;0;0;0;0;0;0;0,08684425;0,122025;0,101498;0,15705;0,7
8601;0,027876198;0,076897563;0,042259757;0;0,02742445;0,060784;0,041566575;0;0;0,13893425;0,15705;0,1534275;0,22163;0,7
8602;0,058135729;0,236684013;0,076255619;0,002394899;0,057665;0,200095;0,074661;0,002017333;0,000110626;0,15705;0,15705;0,15705;0,1961375;0,7
8603;0,098117376;0,380979513;0,129261568;0,0188307;0,09731575;0,326165;0,1259195;0,01800475;0,000200967;0,15705;0,15705;0,15705;0,170645;0,7
8604;0,140868825;0,426635605;0,103362734;0,039522703;0,13854675;0,36252;0,101091;0,038939;0,000237975;0,15705;0,2335275;0,208035;0,25902;0,7
8605;0,10988837;0,345588276;0,124276263;0,384497448;0,10772975;0,29281425;0,11970925;0,34308;0,000168717;0,15705;0,25902;0,25902;0,25902;0,7
8606;0,072283556;0,216936869;0,084006391;0,270254882;0,06966075;0,175054;0,07915325;0,2250775;8,76E-05;0,15705;0,240325;0,22673;0,25834;0,7
8607;0,021570017;0,088174457;0,026894017;0,081248099;0,02048695;0,0638621;0,02502185;0,06147675;0;0,10029025;0,115988;0,107535;0,1645275;0,7
8608;4,09E-05;0;0,000153809;0;3,98E-05;0;0,000137295;0;0;0,10029025;0,1068205;0,109875;0,1658875;0,7
8609;0;0;0;0;0;0;0;0;0;0,251525;0,3330775;0,28191;0,3719375;0,7
8610;0;0;0;0;0;0;0;0;0;0,1404525;0,17464;0,14725;0,2094525;0,7
8611;0;0;0;0;0;0;0;0;0;0,08459;0,08459;0,083162;0,11840525;0,7
8612;0;0;0;0;0;0;0;0;0;0,05016425;0,044809;0,040117;0,08459;0,7
8613;0;0;0;0;0;0;0;0;0;0,038689;0,038689;0,05245925;0,08459;0,7
8614;0;0;0;0;0;0;0;0;0;0,0376265;0,03674125;0,03674125;0,05398925;0,7
8615;0;0;0;0;0;0;0;0;0;0,01070715;0,005991178;0,007477553;0,01522625;0,7
8616;0;0;0;0;0;0;0;0;0;0,000557378;0,000213123;0,00037705;0,001128953;0,7
8617;0;0;0;0;0;0;0;0;0;0;0;0;0;0,7
8618;0;0;0;0;0;0;0;0;0;3,93E-05;0;0;0,000131148;0,7
8619;0;0;0;0;0;0;0;0;0;0,000960658;0,000622952;0,000868855;0,00098361;0,7
8620;0;0;0;0;0;0;0;0;0;0,00098361;0,00098361;0,00098361;0,00098361;0,7
8621;0;0;0;0;0;0;0;0;0;0,00098361;0,00098361;0,00098361;0,00098361;0,7
8622;0;0;0;0;0;0;0;0;0;0,002110758;0,001057932;0,001801107;0,003584805;0,7
8623;0;0;0;0;0;0;0;0;0;0,023627;0,0228218;0,023565;0,028951;0,7
8624;0;0;0;0;0;0;0;0;0;0,038689;0,038689;0,038689;0,038689;0,7
8625;0,010195267;0,004140495;0,034178862;0,038225161;0,00969695;0,003651;0,033584;0,03774805;0;0,03976;0,04863425;0,04333;0,04863425;0,7
8626;0,248906487;0,016439179;0,077109699;0,072183146;0,2225775;0,01571125;0,07504025;0,070927;0;0,082244;0,118403;0,10476375;0,118403;0,7
8627;0,155817276;0,028571116;0,119481904;0,12036825;0,14139475;0,02793425;0,11459975;0,1165075;0;0,02948375;0,04344275;0,0283335;0,04344275;0,7
8628;0,144271421;0,029582431;0,126934579;0,131639605;0,1364875;0,0290185;0,1221925;0,1263145;0;0,03786275;0,038689;0,037361;0,038689;0,7
8629;0,102454958;0,024684292;0,106320592;0,093946662;0,09793075;0,02416125;0,10338425;0,09099825;0;0,03337725;0,03337725;0,03337725;0,03786275;0,7
8630;0,025894259;0,011650575;0,088473276;0,057596361;0,025159;0,01124985;0,08487525;0,05667225;0;0,012131;0,01178425;0,012131;0,01295725;0,7
8631;0,014652039;0,002433308;0,0241279;0,014913392;0,014232925;0,002273283;0,0228144;0,0147303;0;0,007114875;0,00245758;0,006185825;0,012131;0,7
8632;3,71E-05;0;0,000103012;0;3,58E-05;0;1,00E-04;0;0;0,02704375;0,03703175;0,03168875;0,039257;0,7
8633;0;0;0;0;0;0;0;0;0;0,081224;0,13869175;0,110393;0,13893425;0,7
8634;0;0;0;0;0;0;0;0;0;0,0592425;0,08551475;0,07387975;0,1039135;0,7
8635;0;0;0;0;0;0;0;0;0;0,083162;0,10995025;0,08459;0,1244425;0,7
8636;0;0;0;0;0;0;0;0;0;0,08459;0,097873;0,08579775;0,1159875;0,7
8637;0;0;0;0;0;0;0;0;0;0,134103;0,2148325;0,1534275;0,2165325;0,7
8638;0;0;0;0;0;0;0;0;0;0,15705;0,2558475;0,1961375;0,25902;0,7
8639;0;0;0;0;0;0;0;0;0;0,1389325;0,1602225;0,15705;0,2097325;0,7
8640;0;0;0;0;0;0;0;0;0;0,1774425;0,25593;0,21341;0,2814225;0,7
8641;0;0;0;0;0;0;0;0;0;0,362075;0,6340975;0,49621;0,61;0,7
8642;0;0;0;0;0;0;0;0;0;0,2885925;0,4167425;0,3375925;0,463115;0,7
8643;0;0;0;0;0;0;0;0;0;0,5762725;0,8456675;0,712305;0,815175;0,7
8644;0;0;0;0;0;0;0;0;0;0,4881975;0,8155025;0,6742625;0,787955;0,7
8645;0;0;0;0;0;0;0;0;0;0,3665575;0,52717;0,4690325;0,5398375;0,7
8646;0;0;0;0;0;0;0;0;0;0,14846;0,181348;0,1571075;0,21966;0,7
8647;0;0;0;0;0;0;0;0;0;0,0578145;0,05322425;0,05092925;0,08628075;0,7
8648;0;0;0;0;0;0;0;0;0;0,041494;0,044809;0,040984;0,08459;0,7
8649;0,037319455;0,104685873;0,022001464;0,034184641;0,035509275;0,07835225;0,021473925;0,033821;0;0,1215185;0,13048;0,1224705;0,16219;0,7
8650;0,073818829;0,122623484;0,08847424;0,050863165;0,07159175;0,103045;0,08563225;0,0504585;0;0,15705;0,15705;0,15705;0,2558475;0,7
8651;0,118544029;0,164784276;0,117780245;0,086160735;0,1159555;0,15264;0,11390525;0,08528175;0;0,10029025;0,1049585;0,13047925;0,1602225;0,7
8652;0,219441079;0,080343742;0,062763943;0,048852332;0,20510275;0,076183;0,061308;0,0482975;0;0,13893425;0,154795;0,15705;0,15705;0,7
8653;0,148032553;0,082959438;0,0472689;0,012092929;0,1371775;0,08216275;0,04673425;0,01185085;0;0,15705;0,15705;0,15705;0,170645;0,7
8654;0,1602714;0,059473315;0,027370781;0,030989364;0,1476375;0,05882525;0,026905;0,030262;0;0,16736;0,174045;0,1791425;0,262155;0,7
8655;0,076832574;0,002912553;0,004413062;0,02164146;0,06456865;0,00288113;0,004307155;0,0205766;0;0,3171525;0,3960625;0,3329525;0,460525;0,7
8656;0,000261305;0;0;0;0,00019159;0;0;0;0;0,39344;0,5483975;0,4798375;0,56066;0,7
8657;0;0;0;0;0;0;0;0;0;0,2926225;0,35423;0,350875;0,435245;0,7
8658;0;0;0;0;0;0;0;0;0;0,299345;0,3575925;0,3575925;0,4421125;0,7
8659;0;0;0;0;0;0;0;0;0;0,1404525;0,1356235;0,14725;0,2094525;0,7
8660;0;0;0;0;0;0;0;0;0;0,08459;0,08459;0,08459;0,15705;0,7
8661;0;0;0;0;0;0;0;0;0;0,08628075;0,07693975;0,085073;0,1196125;0,7
8662;0;0;0;0;0;0;0;0;0;0,18474;0,17556;0,1959225;0,25423;0,7
8663;0;0;0;0;0;0;0;0;0;0,2859;0,3374325;0,33325;0,4268825;0,7
8664;0;0;0;0;0;0;0;0;0;0,25902;0,3105475;0,2632;0,3835825;0,7
8665;0;0;0;0;0;0;0;0;0;0,1910375;0,2063325;0,21823;0,2778375;0,7
8666;0;0;0;0;0;0;0;0;0;0,362075;0,457465;0,4184175;0,5216425;0,7
8667;0;0;0;0;0;0;0;0;0;0,33743;0,378875;0,3196575;0,43636;0,7
8668;0;0;0;0;0;0;0;0;0;0,4463925;0,51115;0,4866375;0,6193775;0,7
8669;0;0;0;0;0;0;0;0;0;0,677705;0,7568825;0,7520625;0,885285;0,7
8670;0;0;0;0;0;0;0;0;0;0,5882;0,663935;0,67082;0,787955;0,7
8671;0;0;0;0;0;0;0;0;0;0,4240975;0,4240975;0,4240975;0,5732825;0,7
8672;0;0;0;0;0;0;0;0;0;0,415735;0,527215;0,5077075;0,6054125;0,7
8673;0,0802821;0,023474758;0,003533944;0;0,0633696;0,02296795;0,00300381;0;0;0,56066;0,581545;0,5709875;0,7741225;0,7
8674;0,096450872;0,065479808;0,016552374;0,004736305;0,082553;0,06391575;0,015793875;0,00436705;0;0,7293425;0,8723825;0,7868075;0,9359675;0,7
8675;0,121947106;0,07910777;0,029815757;0,011218093;0,118713;0,0778945;0,02911;0,0106221;0;0,61929;0,6699325;0,66906;0,8467425;0,7
8676;0,28901479;0,073244787;0,03332743;0,015002629;0,2641325;0,07270175;0,032682;0,01444475;0;0,2920075;0,2814175;0,304935;0,4236475;0,7
8677;0,190139408;0,064442246;0,027351036;0,01043035;0,1701775;0,06405225;0,02677775;0,009991825;0;0,08072225;0,06532925;0,0709775;0,12552525;0,7
8678;0,262542395;0,041264814;0,017661186;0,004492313;0,2309775;0,04091175;0,01716475;0,003425608;0;0,038689;0,0124535;0,02541;0,041494;0,7
8679;0,064966276;0,015624059;0,004530757;0,000670958;0,054447525;0,0153711;0,004360013;0;0;0,015672;0,00098361;0,0089726;0,0223115;0,7
8680;8,69E-05;3,60E-05;0;0;6,31E-05;3,47E-05;0;0;0;0,003956355;0,000213123;0,000540985;0,003584805;0,7
8681;0;0;0;0;0;0;0;0;0;0,000819673;2,30E-05;0,000213123;0,001057932;0,7
8682;0;0;0;0;0;0;0;0;0;0,009715775;0,003545383;0,00822945;0,01131355;0,7
8683;0;0;0;0;0;0;0;0;0;0,01295725;0,00284153;0,009990225;0,01443275;0,7
8684;0;0;0;0;0;0;0;0;0;0,06081325;0,053388;0,05551275;0,078861;0,7
8685;0;0;0;0;0;0;0;0;0;0,13048;0,13772825;0,13048;0,1825425;0,7
8686;0;0;0;0;0;0;0;0;0;0,1876375;0,2344225;0,208035;0,2814225;0,7
8687;0;0;0;0;0;0;0;0;0;0,3195075;0,3835825;0,3374325;0,4686875;0,7
8688;0;0;0;0;0;0;0;0;0;0,3777575;0,39344;0,39344;0,54115;0,7
8689;0;0;0;0;0;0;0;0;0;0,2926225;0,37942;0,3559125;0,435245;0,7
8690;0;0;0;0;0;0;0;0;0;0,518855;0,684785;0,6494425;0,75301;0,7
8691;0;0;0;0;0;0;0;0;0;0,675945;0,7282275;0,7360425;0,8903775;0,7
8692;0;0;0;0;0;0;0;0;0;0,26376;0,288895;0,3229725;0,3895425;0,7
8693;0;0;0;0;0;0;0;0;0;0,2471225;0,25902;0,25902;0,3441525;0,7
8694;0;0;0;0;0;0;0;0;0;0,25902;0,25902;0,25902;0,39344;0,7
8695;0;0;0;0;0;0;0;0;0;0,2632;0,2769425;0,25902;0,39344;0,7
8696;0;0;0;0;0;0;0;0;0;0,3892575;0,39344;0,3598325;0,47705;0,7
8697;0,11361266;0,018656802;0,115489374;0,023034716;0,0840875;0,0181661;0,08087125;0,022597975;0;0,39344;0,39344;0,32847;0,56066;0,7
8698;0,163115605;0,04340158;0,295036934;0,062929366;0,13409875;0,04273175;0,2344425;0,062147;0,00011088;0,40013;0,418525;0,418525;0,56892;0,7
8699;0,373406684;0,043887493;0,356902974;0,068860492;0,3304825;0,0433965;0,305765;0,06843175;0,000133131;0,68413;0,8243775;0,80134;0,880465;0,7
8700;0,289188158;0,04707675;0,360981947;0,093111604;0,255455;0,04653375;0,310075;0,092788;0,00013313;0,79313;0,95095;0,940365;0,9573375;0,7
8701;0,178703112;0,060270087;0,302908342;0,073538309;0,15978175;0,0597515;0,26024;0,073153;0,000149084;0,97285;0,999125;0,99301;0,998775;0,7
8702;0,03181744;0,036978762;0,250060591;0,042606734;0,0293125;0,03663475;0,2139025;0,042286;5,19E-05;0,9989525;1;1;1;0,7
8703;0,002471126;0,011565383;0,074486177;0,020055187;0,0024203;0,0113325;0,0617182;0,019808975;0;1;1;1;1;0,7
8704;0;2,05E-05;0,000139364;3,99E-05;0;1,92E-05;9,89E-05;3,87E-05;0;1;1;1;1;0,7
8705;0;0;0;0;0;0;0;0;0;1;1;1;1;0,7
8706;0;0;0;0;0;0;0;0;0;0,9988625;1;1;1;0,7
8707;0;0;0;0;0;0;0;0;0;1;1;1;1;0,7
8708;0;0;0;0;0;0;0;0;0;0,99825;0,9999825;0,99979;1;0,7
8709;0;0;0;0;0;0;0;0;0;0,9518625;0,9650925;0,966585;0,997725;0,7
8710;0;0;0;0;0;0;0;0;0;0,89912;0,87602;0,89912;0,98068;0,7
8711;0;0;0;0;0;0;0;0;0;0,434885;0,336595;0,394045;0,55724;0,7
8712;0;0;0;0;0;0;0;0;0;0,6675075;0,5045725;0,59541;0,8059475;0,7
8713;0;0;0;0;0;0;0;0;0;0,5758075;0,4240975;0,48541;0,6788575;0,7
8714;0;0;0;0;0;0;0;0;0;0,45754;0,3105475;0,39344;0,56066;0,7
8715;0;0;0;0;0;0;0;0;0;0,4602275;0,32905;0,4291775;0,60389;0,7
8716;0;0;0;0;0;0;0;0;0;0,871825;0,894275;0,85908;0,96694;0,7
8717;0;0;0;0;0;0;0;0;0;0,62357;0,5248675;0,557655;0,73813;0,7
8718;0;0;0;0;0;0;0;0;0;0,394555;0,3486325;0,39344;0,56066;0,7
8719;0;0;0;0;0;0;0;0;0;0,4742625;0,3929925;0,4714775;0,667375;0,7
8720;0;0;0;0;0;0;0;0;0;0,32175;0,2281825;0,297105;0,44918;0,7
8721;0;0,007490142;0,145510283;0,014622591;0;0,007006775;0,10250075;0,014180875;0;0,25902;0,18594;0,25902;0,39344;0,7
8722;0,005678081;0,021837197;0,272641105;0,038839824;0,005320325;0,02114675;0,2141275;0,0382505;0;0,3665575;0,25902;0,3508725;0,47705;0,7
8723;0,012685512;0,035413631;0,287601355;0,054583603;0,01210475;0,03478625;0,251375;0,0541835;0;0,39344;0,25902;0,3105475;0,56066;0,7
8724;0,014684305;0,037091933;0,4239195;0,044786842;0,01416325;0,03653625;0,36971;0,0444495;0;0,39344;0,25902;0,25902;0,56066;0,7
8725;0,013411492;0,032584354;0,341333526;0,035865351;0,01291975;0,03206975;0,2935275;0,03545975;0;0,3835825;0,25902;0,25902;0,5104925;0,7
8726;0,007615329;0,022726674;0,252099355;0,022003102;0,007197325;0,02227075;0,2146625;0,02164;0;0,259915;0,170645;0,1995375;0,3150275;0,7
8727;0,001735473;0,00592437;0,083564446;0,005481693;0,00157212;0,005769045;0,068324575;0,005341875;0;0,25902;0,170645;0,22163;0,3441525;0,7
8728;0;0;0,000329448;0;0;0;0,000226188;0;0;0,25902;0,25902;0,25902;0,39344;0,7
8729;0;0;0;0;0;0;0;0;0;0,25902;0,1961375;0,25902;0,39344;0,7
8730;0;0;0;0;0;0;0;0;0;0,2814225;0,198115;0,27261;0,4079325;0,7
8731;0;0;0;0;0;0;0;0;0;0,602295;0,5045725;0,51313;0,7012425;0,7
8732;0;0;0;0;0;0;0;0;0;0,56066;0,5641025;0,562035;0,76721;0,7
8733;0;0;0;0;0;0;0;0;0;0,727965;0,7520625;0,751375;0,9071725;0,7
8734;0;0;0;0;0;0;0;0;0;0,531215;0,492275;0,5047025;0,6783;0,7
8735;0;0;0;0;0;0;0;0;0;0,2859025;0,2037175;0,212215;0,34072;0,7
8736;0;0;0;0;0;0;0;0;0;0,25902;0,1825425;0,22163;0,3441525;0,7
8737;0;0;0;0;0;0;0;0;0;0,328085;0,2903825;0,2814225;0,435245;0,7
8738;0;0;0;0;0;0;0;0;0;0,602075;0,5238725;0,518855;0,714885;0,7
8739;0;0;0;0;0;0;0;0;0;0,44472;0,3944925;0,4252125;0,57856;0,7
8740;0;0;0;0;0;0;0;0;0;0,5483975;0,5058475;0,5483975;0,699505;0,7
8741;0;0;0;0;0;0;0;0;0;0,482625;0,3767775;0,397215;0,556375;0,7
8742;0;0;0;0;0;0;0;0;0;0,2836625;0,21483;0,231825;0,36188;0,7
8743;0;0;0;0;0;0;0;0;0;0,4998925;0,4678675;0,45186;0,6617475;0,7
8744;0;0;0;0;0;0;0;0;0;0,482625;0,40366;0,45754;0,5732825;0,7
8745;0,016175009;0,050716042;0;0,152035678;0,01570295;0,042917525;0;0,107931;0;0,38672;0,3572525;0,3575925;0,5300025;0,7
8746;0,060688579;0,093518538;0,008478775;0,355200592;0,06010575;0,083148;0,0080965;0,2887825;0;0,1949775;0,12603525;0,14725;0,243415;0,7
8747;0,078440783;0,268982791;0,019737513;0,38726171;0,0782295;0,242621;0,019057;0,3333625;0;0,15705;0,08459;0,08459;0,15705;0,7
8748;0,066703019;0,428410223;0,023204882;0,398679947;0,06650875;0,37617;0,02257375;0,3427075;0;0,15705;0,08459;0,08579775;0,15705;0,7
8749;0,054570359;0,121609761;0,019043317;0,405063276;0,054284;0,107614;0,0184995;0,348455;0;0,1791425;0,1244425;0,1566;0,2335275;0,7
8750;0,021874929;0,042927947;0,012104246;0,17659813;0,021634925;0,04053775;0,0116153;0,1530815;0;0,262155;0,222525;0,2567425;0,354775;0,7
8751;0,004770653;0,014845995;0,003242582;0,049076025;0,004624868;0,01455535;0,003061607;0,0422225;0;0,3880625;0,3835825;0,3835825;0,55397;0,7
8752;0;6,24E-05;0;5,22E-05;0;5,92E-05;0;4,21E-05;0;0,3150275;0,3105475;0,294865;0,463115;0,7
8753;0;0;0;0;0;0;0;0;0;0,25902;0,25902;0,25902;0,39344;0,7
8754;0;0;0;0;0;0;0;0;0;0,299345;0,25732;0,25902;0,42131;0,7
8755;0;0;0;0;0;0;0;0;0;0,1738275;0,12471075;0,1404525;0,234455;0,7
8756;0;0;0;0;0;0;0;0;0;0,07589275;0,051304;0,06287425;0,10624475;0,7
8757;0;0;0;0;0;0;0;0;0;0,012983703;0,00283277;0,007437178;0,012983703;0,7
8758;0;0;0;0;0;0;0;0;0;0,000786885;0;0,000131148;0,00098361;0,7
8759;0;0;0;0;0;0;0;0;0;0,000884155;0;0;0,000786888;0,7
