,"(('Batterie', 'None'), 'storage_content')","(('Batterie', 'Strom'), 'flow')","(('Strom', 'Batterie'), 'flow')"
2030-01-01 00:00:00,"852,0716121685172","13,395260725584706","0,0"
2030-01-01 01:00:00,"852,0716121685172","0,0","0,0"
2030-01-01 02:00:00,"852,0716121685172","0,0","0,0"
2030-01-01 03:00:00,"852,0716121685172","0,0","0,0"
2030-01-01 04:00:00,"852,0716121685172","0,0","0,0"
2030-01-01 05:00:00,"852,0716121685172","0,0","0,0"
2030-01-01 06:00:00,"852,0716121685172","0,0","0,0"
2030-01-01 07:00:00,"852,0716121685172","0,0","0,0"
2030-01-01 08:00:00,"852,0716121685172","0,0","0,0"
2030-01-01 09:00:00,"852,0716121685172","0,0","0,0"
2030-01-01 10:00:00,"852,0716121685172","0,0","0,0"
2030-01-01 11:00:00,"852,0716121685172","0,0","0,0"
2030-01-01 12:00:00,"852,0716121685172","0,0","0,0"
2030-01-01 13:00:00,"1065,2270351487314","0,0","213,1554229802142"
2030-01-01 14:00:00,"1300,432852795417","0,0","235,20581764668555"
2030-01-01 15:00:00,"1733,9104703938892","0,0","433,4776175984723"
2030-01-01 16:00:00,"1733,9104703938892","0,0","0,0"
2030-01-01 17:00:00,"1733,9104703938892","0,0","0,0"
2030-01-01 18:00:00,"1733,9104703938892","0,0","0,0"
2030-01-01 19:00:00,"1432,2578783176127","271,4873328686489","0,0"
2030-01-01 20:00:00,"1432,2578783176127","0,0","0,0"
2030-01-01 21:00:00,"950,6160809859769","433,4776175984723","0,0"
2030-01-01 22:00:00,"481,6417973316359","422,0768552889068","0,0"
2030-01-01 23:00:00,"481,6417973316359","0,0","0,0"
2030-01-02 00:00:00,"0,0","433,4776175984723","0,0"
2030-01-02 01:00:00,"0,0","0,0","0,0"
2030-01-02 02:00:00,"433,4776175984723","0,0","433,4776175984723"
2030-01-02 03:00:00,"866,9552351969446","0,0","433,4776175984723"
2030-01-02 04:00:00,"1300,432852795417","0,0","433,4776175984723"
2030-01-02 05:00:00,"1733,9104703938892","0,0","433,4776175984723"
2030-01-02 06:00:00,"1733,9104703938892","0,0","0,0"
2030-01-02 07:00:00,"1733,9104703938892","0,0","0,0"
2030-01-02 08:00:00,"1702,0939690582659","28,63485120206093","0,0"
2030-01-02 09:00:00,"1561,836640889513","126,23159535187762","0,0"
2030-01-02 10:00:00,"1561,836640889513","0,0","0,0"
2030-01-02 11:00:00,"1382,2134122254636","161,6609057976446","0,0"
2030-01-02 12:00:00,"1460,9645546260945","0,0","78,7511424006309"
2030-01-02 13:00:00,"1733,9104703938892","0,0","272,94591576779476"
2030-01-02 14:00:00,"1733,9104703938892","0,0","0,0"
2030-01-02 15:00:00,"1733,9104703938892","0,0","0,0"
2030-01-02 16:00:00,"1733,9104703938892","0,0","0,0"
2030-01-02 17:00:00,"1733,9104703938892","0,0","0,0"
2030-01-02 18:00:00,"1252,2686730622534","433,4776175984723","0,0"
2030-01-02 19:00:00,"770,6268757306175","433,4776175984723","0,0"
2030-01-02 20:00:00,"288,98507839898156","433,4776175984723","0,0"
2030-01-02 21:00:00,"0,0","260,0865705590834","0,0"
2030-01-02 22:00:00,"0,0","0,0","0,0"
2030-01-02 23:00:00,"0,0","0,0","0,0"
2030-01-03 00:00:00,"0,0","0,0","0,0"
2030-01-03 01:00:00,"433,4776175984723","0,0","433,4776175984723"
2030-01-03 02:00:00,"866,9552351969446","0,0","433,4776175984723"
2030-01-03 03:00:00,"1300,432852795417","0,0","433,4776175984723"
2030-01-03 04:00:00,"1444,9253919949078","0,0","144,49253919949092"
2030-01-03 05:00:00,"1444,9253919949078","0,0","0,0"
2030-01-03 06:00:00,"963,2835946632719","433,4776175984723","0,0"
2030-01-03 07:00:00,"481,6417973316359","433,4776175984723","0,0"
2030-01-03 08:00:00,"0,0","433,4776175984723","0,0"
2030-01-03 09:00:00,"0,0","0,0","0,0"
2030-01-03 10:00:00,"0,0","0,0","0,0"
2030-01-03 11:00:00,"433,4776175984723","0,0","433,4776175984723"
2030-01-03 12:00:00,"866,9552351969446","0,0","433,4776175984723"
2030-01-03 13:00:00,"963,2835946632719","0,0","96,32835946632724"
2030-01-03 14:00:00,"963,2835946632719","0,0","0,0"
2030-01-03 15:00:00,"481,6417973316359","433,4776175984723","0,0"
2030-01-03 16:00:00,"0,0","433,4776175984723","0,0"
2030-01-03 17:00:00,"63,28031153448188","0,0","63,28031153448188"
2030-01-03 18:00:00,"63,28031153448188","0,0","0,0"
2030-01-03 19:00:00,"0,0","56,95228038103369","0,0"
2030-01-03 20:00:00,"0,0","0,0","0,0"
2030-01-03 21:00:00,"0,0","0,0","0,0"
2030-01-03 22:00:00,"0,0","0,0","0,0"
2030-01-03 23:00:00,"0,0","0,0","0,0"
2030-01-04 00:00:00,"0,0","0,0","0,0"
2030-01-04 01:00:00,"0,0","0,0","0,0"
2030-01-04 02:00:00,"433,4776175984723","0,0","433,4776175984723"
2030-01-04 03:00:00,"866,9552351969446","0,0","433,4776175984723"
2030-01-04 04:00:00,"1300,432852795417","0,0","433,4776175984723"
2030-01-04 05:00:00,"1733,9104703938892","0,0","433,4776175984723"
2030-01-04 06:00:00,"1733,9104703938892","0,0","0,0"
2030-01-04 07:00:00,"1733,9104703938892","0,0","0,0"
2030-01-04 08:00:00,"1733,9104703938892","0,0","0,0"
2030-01-04 09:00:00,"1733,9104703938892","0,0","0,0"
2030-01-04 10:00:00,"1733,9104703938892","0,0","0,0"
2030-01-04 11:00:00,"1733,9104703938892","0,0","0,0"
2030-01-04 12:00:00,"1733,9104703938892","0,0","0,0"
2030-01-04 13:00:00,"1733,9104703938892","0,0","0,0"
2030-01-04 14:00:00,"1733,9104703938892","0,0","0,0"
2030-01-04 15:00:00,"1252,2686730622534","433,4776175984723","0,0"
2030-01-04 16:00:00,"770,6268757306175","433,4776175984723","0,0"
2030-01-04 17:00:00,"288,98507839898156","433,4776175984723","0,0"
2030-01-04 18:00:00,"0,0","260,0865705590834","0,0"
2030-01-04 19:00:00,"0,0","0,0","0,0"
2030-01-04 20:00:00,"0,0","0,0","0,0"
2030-01-04 21:00:00,"0,0","0,0","0,0"
2030-01-04 22:00:00,"0,0","0,0","0,0"
2030-01-04 23:00:00,"0,0","0,0","0,0"
2030-01-05 00:00:00,"46,29203775041634","0,0","46,29203775041634"
2030-01-05 01:00:00,"479,76965534888865","0,0","433,4776175984723"
2030-01-05 02:00:00,"741,5916485347325","0,0","261,82199318584384"
2030-01-05 03:00:00,"433,4776175984723","277,3026278426341","0,0"
2030-01-05 04:00:00,"866,9552351969446","0,0","433,4776175984723"
2030-01-05 05:00:00,"1300,432852795417","0,0","433,4776175984723"
2030-01-05 06:00:00,"1733,9104703938892","0,0","433,4776175984723"
2030-01-05 07:00:00,"1733,9104703938892","0,0","0,0"
2030-01-05 08:00:00,"1733,9104703938892","0,0","0,0"
2030-01-05 09:00:00,"1444,9253919949078","260,0865705590832","0,0"
2030-01-05 10:00:00,"1444,9253919949078","0,0","0,0"
2030-01-05 11:00:00,"1444,9253919949078","0,0","0,0"
2030-01-05 12:00:00,"1444,9253919949078","0,0","0,0"
2030-01-05 13:00:00,"1444,9253919949078","0,0","0,0"
2030-01-05 14:00:00,"1444,9253919949078","0,0","0,0"
2030-01-05 15:00:00,"963,2835946632719","433,4776175984723","0,0"
2030-01-05 16:00:00,"481,6417973316359","433,4776175984723","0,0"
2030-01-05 17:00:00,"481,6417973316359","0,0","0,0"
2030-01-05 18:00:00,"481,6417973316359","0,0","0,0"
2030-01-05 19:00:00,"0,0","433,4776175984723","0,0"
2030-01-05 20:00:00,"0,0","0,0","0,0"
2030-01-05 21:00:00,"0,0","0,0","0,0"
2030-01-05 22:00:00,"0,0","0,0","0,0"
2030-01-05 23:00:00,"0,0","0,0","0,0"
2030-01-06 00:00:00,"0,0","0,0","0,0"
2030-01-06 01:00:00,"0,0","0,0","0,0"
2030-01-06 02:00:00,"0,0","0,0","0,0"
2030-01-06 03:00:00,"0,0","0,0","0,0"
2030-01-06 04:00:00,"282,67139799919664","0,0","282,67139799919664"
2030-01-06 05:00:00,"282,67139799919664","0,0","0,0"
2030-01-06 06:00:00,"282,67139799919664","0,0","0,0"
2030-01-06 07:00:00,"282,67139799919664","0,0","0,0"
2030-01-06 08:00:00,"716,149015597669","0,0","433,4776175984723"
2030-01-06 09:00:00,"433,4776175984723","254,4042581992769","0,0"
2030-01-06 10:00:00,"433,4776175984723","0,0","0,0"
2030-01-06 11:00:00,"866,9552351969446","0,0","433,4776175984723"
2030-01-06 12:00:00,"1300,432852795417","0,0","433,4776175984723"
2030-01-06 13:00:00,"1733,9104703938892","0,0","433,4776175984723"
2030-01-06 14:00:00,"1733,9104703938892","0,0","0,0"
2030-01-06 15:00:00,"1733,9104703938892","0,0","0,0"
2030-01-06 16:00:00,"1733,9104703938892","0,0","0,0"
2030-01-06 17:00:00,"1252,2686730622534","433,4776175984723","0,0"
2030-01-06 18:00:00,"1252,2686730622534","0,0","0,0"
2030-01-06 19:00:00,"1252,2686730622534","0,0","0,0"
2030-01-06 20:00:00,"1252,2686730622534","0,0","0,0"
2030-01-06 21:00:00,"1252,2686730622534","0,0","0,0"
2030-01-06 22:00:00,"1300,432852795417","0,0","48,164179733163564"
2030-01-06 23:00:00,"1733,9104703938892","0,0","433,4776175984723"
2030-01-07 00:00:00,"1733,9104703938892","0,0","0,0"
2030-01-07 01:00:00,"1733,9104703938892","0,0","0,0"
2030-01-07 02:00:00,"1733,9104703938892","0,0","0,0"
2030-01-07 03:00:00,"1733,9104703938892","0,0","0,0"
2030-01-07 04:00:00,"1733,9104703938892","0,0","0,0"
2030-01-07 05:00:00,"1733,9104703938892","0,0","0,0"
2030-01-07 06:00:00,"1733,9104703938892","0,0","0,0"
2030-01-07 07:00:00,"1733,9104703938892","0,0","0,0"
2030-01-07 08:00:00,"1733,9104703938892","0,0","0,0"
2030-01-07 09:00:00,"1733,9104703938892","0,0","0,0"
2030-01-07 10:00:00,"1733,9104703938892","0,0","0,0"
2030-01-07 11:00:00,"1733,9104703938892","0,0","0,0"
2030-01-07 12:00:00,"1733,9104703938892","0,0","0,0"
2030-01-07 13:00:00,"1733,9104703938892","0,0","0,0"
2030-01-07 14:00:00,"1733,9104703938892","0,0","0,0"
2030-01-07 15:00:00,"1733,9104703938892","0,0","0,0"
2030-01-07 16:00:00,"1252,2686730622534","433,4776175984723","0,0"
2030-01-07 17:00:00,"770,6268757306175","433,4776175984723","0,0"
2030-01-07 18:00:00,"288,98507839898156","433,4776175984723","0,0"
2030-01-07 19:00:00,"0,0","260,0865705590834","0,0"
2030-01-07 20:00:00,"0,0","0,0","0,0"
2030-01-07 21:00:00,"0,0","0,0","0,0"
2030-01-07 22:00:00,"304,30053470922627","0,0","304,30053470922627"
2030-01-07 23:00:00,"737,7781523076985","0,0","433,4776175984723"
2030-01-08 00:00:00,"1171,2557699061708","0,0","433,4776175984723"
2030-01-08 01:00:00,"1171,2557699061708","0,0","0,0"
2030-01-08 02:00:00,"1171,2557699061708","0,0","0,0"
2030-01-08 03:00:00,"1171,2557699061708","0,0","0,0"
2030-01-08 04:00:00,"1171,2557699061708","0,0","0,0"
2030-01-08 05:00:00,"1171,2557699061708","0,0","0,0"
2030-01-08 06:00:00,"689,613972574535","433,4776175984723","0,0"
2030-01-08 07:00:00,"207,97217524289903","433,4776175984723","0,0"
2030-01-08 08:00:00,"0,0","187,1749577186091","0,0"
2030-01-08 09:00:00,"0,0","0,0","0,0"
2030-01-08 10:00:00,"0,0","0,0","0,0"
2030-01-08 11:00:00,"118,06709554527629","0,0","118,06709554527629"
2030-01-08 12:00:00,"551,5447131437486","0,0","433,4776175984723"
2030-01-08 13:00:00,"985,0223307422209","0,0","433,4776175984723"
2030-01-08 14:00:00,"1418,4999483406932","0,0","433,4776175984723"
2030-01-08 15:00:00,"1156,6801770792142","235,6377941353312","0,0"
2030-01-08 16:00:00,"1001,8844114039649","139,31618910772437","0,0"
2030-01-08 17:00:00,"1001,8844114039649","0,0","0,0"
2030-01-08 18:00:00,"623,5916765256121","340,4634613905175","0,0"
2030-01-08 19:00:00,"202,43497709710212","379,041029485659","0,0"
2030-01-08 20:00:00,"0,0","182,1914793873919","0,0"
2030-01-08 21:00:00,"0,0","0,0","0,0"
2030-01-08 22:00:00,"0,0","0,0","0,0"
2030-01-08 23:00:00,"433,4776175984723","0,0","433,4776175984723"
2030-01-09 00:00:00,"866,9552351969446","0,0","433,4776175984723"
2030-01-09 01:00:00,"1300,432852795417","0,0","433,4776175984723"
2030-01-09 02:00:00,"1300,432852795417","0,0","0,0"
2030-01-09 03:00:00,"1300,432852795417","0,0","0,0"
2030-01-09 04:00:00,"1733,9104703938892","0,0","433,4776175984723"
2030-01-09 05:00:00,"1733,9104703938892","0,0","0,0"
2030-01-09 06:00:00,"1733,9104703938892","0,0","0,0"
2030-01-09 07:00:00,"1733,9104703938892","0,0","0,0"
2030-01-09 08:00:00,"1733,9104703938892","0,0","0,0"
2030-01-09 09:00:00,"1733,9104703938892","0,0","0,0"
2030-01-09 10:00:00,"1733,9104703938892","0,0","0,0"
2030-01-09 11:00:00,"1733,9104703938892","0,0","0,0"
2030-01-09 12:00:00,"1733,9104703938892","0,0","0,0"
2030-01-09 13:00:00,"1733,9104703938892","0,0","0,0"
2030-01-09 14:00:00,"1733,9104703938892","0,0","0,0"
2030-01-09 15:00:00,"1733,9104703938892","0,0","0,0"
2030-01-09 16:00:00,"1252,2686730622534","433,4776175984723","0,0"
2030-01-09 17:00:00,"770,6268757306175","433,4776175984723","0,0"
2030-01-09 18:00:00,"288,98507839898156","433,4776175984723","0,0"
2030-01-09 19:00:00,"0,0","260,0865705590834","0,0"
2030-01-09 20:00:00,"0,0","0,0","0,0"
2030-01-09 21:00:00,"0,0","0,0","0,0"
2030-01-09 22:00:00,"0,0","0,0","0,0"
2030-01-09 23:00:00,"0,0","0,0","0,0"
2030-01-10 00:00:00,"433,4776175984723","0,0","433,4776175984723"
2030-01-10 01:00:00,"866,9552351969446","0,0","433,4776175984723"
2030-01-10 02:00:00,"1300,432852795417","0,0","433,4776175984723"
2030-01-10 03:00:00,"1460,524287626266","0,0","160,09143483084893"
2030-01-10 04:00:00,"1460,524287626266","0,0","0,0"
2030-01-10 05:00:00,"1460,524287626266","0,0","0,0"
2030-01-10 06:00:00,"978,8824902946301","433,4776175984723","0,0"
2030-01-10 07:00:00,"497,24069296299416","433,4776175984723","0,0"
2030-01-10 08:00:00,"144,49253919949092","317,4733383871529","0,0"
2030-01-10 09:00:00,"144,49253919949092","0,0","0,0"
2030-01-10 10:00:00,"144,49253919949092","0,0","0,0"
2030-01-10 11:00:00,"577,9701567979632","0,0","433,4776175984723"
2030-01-10 12:00:00,"1011,4477743964355","0,0","433,4776175984723"
2030-01-10 13:00:00,"1444,9253919949078","0,0","433,4776175984723"
2030-01-10 14:00:00,"1444,9253919949078","0,0","0,0"
2030-01-10 15:00:00,"963,2835946632719","433,4776175984723","0,0"
2030-01-10 16:00:00,"481,6417973316359","433,4776175984723","0,0"
2030-01-10 17:00:00,"0,0","433,4776175984723","0,0"
2030-01-10 18:00:00,"0,0","0,0","0,0"
2030-01-10 19:00:00,"0,0","0,0","0,0"
2030-01-10 20:00:00,"0,0","0,0","0,0"
2030-01-10 21:00:00,"0,0","0,0","0,0"
2030-01-10 22:00:00,"0,0","0,0","0,0"
2030-01-10 23:00:00,"0,0","0,0","0,0"
2030-01-11 00:00:00,"0,0","0,0","0,0"
2030-01-11 01:00:00,"0,0","0,0","0,0"
2030-01-11 02:00:00,"0,0","0,0","0,0"
2030-01-11 03:00:00,"0,0","0,0","0,0"
2030-01-11 04:00:00,"0,0","0,0","0,0"
2030-01-11 05:00:00,"0,0","0,0","0,0"
2030-01-11 06:00:00,"0,0","0,0","0,0"
2030-01-11 07:00:00,"0,0","0,0","0,0"
2030-01-11 08:00:00,"0,0","0,0","0,0"
2030-01-11 09:00:00,"0,0","0,0","0,0"
2030-01-11 10:00:00,"0,0","0,0","0,0"
2030-01-11 11:00:00,"0,0","0,0","0,0"
2030-01-11 12:00:00,"0,0","0,0","0,0"
2030-01-11 13:00:00,"0,0","0,0","0,0"
2030-01-11 14:00:00,"0,0","0,0","0,0"
2030-01-11 15:00:00,"0,0","0,0","0,0"
2030-01-11 16:00:00,"0,0","0,0","0,0"
2030-01-11 17:00:00,"0,0","0,0","0,0"
2030-01-11 18:00:00,"0,0","0,0","0,0"
2030-01-11 19:00:00,"0,0","0,0","0,0"
2030-01-11 20:00:00,"0,0","0,0","0,0"
2030-01-11 21:00:00,"0,0","0,0","0,0"
2030-01-11 22:00:00,"0,0","0,0","0,0"
2030-01-11 23:00:00,"0,0","0,0","0,0"
2030-01-12 00:00:00,"0,0","0,0","0,0"
2030-01-12 01:00:00,"0,0","0,0","0,0"
2030-01-12 02:00:00,"433,4776175984723","0,0","433,4776175984723"
2030-01-12 03:00:00,"866,9552351969446","0,0","433,4776175984723"
2030-01-12 04:00:00,"385,3134378653087","433,4776175984723","0,0"
2030-01-12 05:00:00,"818,791055463781","0,0","433,4776175984723"
2030-01-12 06:00:00,"1252,2686730622534","0,0","433,4776175984723"
2030-01-12 07:00:00,"770,6268757306175","433,4776175984723","0,0"
2030-01-12 08:00:00,"1204,1044933290898","0,0","433,4776175984723"
2030-01-12 09:00:00,"1204,1044933290898","0,0","0,0"
2030-01-12 10:00:00,"1204,1044933290898","0,0","0,0"
2030-01-12 11:00:00,"1204,1044933290898","0,0","0,0"
2030-01-12 12:00:00,"1637,582110927562","0,0","433,4776175984723"
2030-01-12 13:00:00,"1637,582110927562","0,0","0,0"
2030-01-12 14:00:00,"1733,9104703938892","0,0","96,32835946632713"
2030-01-12 15:00:00,"1733,9104703938892","0,0","0,0"
2030-01-12 16:00:00,"1252,2686730622534","433,4776175984723","0,0"
2030-01-12 17:00:00,"1198,3478643604815","48,52872783159472","0,0"
2030-01-12 18:00:00,"1198,3478643604815","0,0","0,0"
2030-01-12 19:00:00,"1198,3478643604815","0,0","0,0"
2030-01-12 20:00:00,"1198,3478643604815","0,0","0,0"
2030-01-12 21:00:00,"1198,3478643604815","0,0","0,0"
2030-01-12 22:00:00,"1198,3478643604815","0,0","0,0"
2030-01-12 23:00:00,"1173,8044026759744","22,089115516056356","0,0"
2030-01-13 00:00:00,"1607,2820202744467","0,0","433,4776175984723"
2030-01-13 01:00:00,"1607,2820202744467","0,0","0,0"
2030-01-13 02:00:00,"1607,2820202744467","0,0","0,0"
2030-01-13 03:00:00,"1607,2820202744467","0,0","0,0"
2030-01-13 04:00:00,"1607,2820202744467","0,0","0,0"
2030-01-13 05:00:00,"1607,2820202744467","0,0","0,0"
2030-01-13 06:00:00,"1733,9104703938892","0,0","126,62845011944256"
2030-01-13 07:00:00,"1733,9104703938892","0,0","0,0"
2030-01-13 08:00:00,"1591,6713654344","128,01519446354024","0,0"
2030-01-13 09:00:00,"1733,9104703938892","0,0","142,23910495948917"
2030-01-13 10:00:00,"1733,9104703938892","0,0","0,0"
2030-01-13 11:00:00,"1733,9104703938892","0,0","0,0"
2030-01-13 12:00:00,"1733,9104703938892","0,0","0,0"
2030-01-13 13:00:00,"1733,9104703938892","0,0","0,0"
2030-01-13 14:00:00,"1733,9104703938892","0,0","0,0"
2030-01-13 15:00:00,"1733,9104703938892","0,0","0,0"
2030-01-13 16:00:00,"1312,8963938839818","378,9126688589167","0,0"
2030-01-13 17:00:00,"831,2545965523459","433,4776175984723","0,0"
2030-01-13 18:00:00,"1264,7322141508182","0,0","433,4776175984723"
2030-01-13 19:00:00,"1672,4415708082493","0,0","407,709356657431"
2030-01-13 20:00:00,"1305,7376611087684","330,0335187295327","0,0"
2030-01-13 21:00:00,"1091,1443958393081","193,13393874251415","0,0"
2030-01-13 22:00:00,"1524,6220134377804","0,0","433,4776175984723"
2030-01-13 23:00:00,"1675,1581073388866","0,0","150,53609390110626"
2030-01-14 00:00:00,"1733,9104703938892","0,0","58,75236305500266"
2030-01-14 01:00:00,"1733,9104703938892","0,0","0,0"
2030-01-14 02:00:00,"1733,9104703938892","0,0","0,0"
2030-01-14 03:00:00,"1733,9104703938892","0,0","0,0"
2030-01-14 04:00:00,"1733,9104703938892","0,0","0,0"
2030-01-14 05:00:00,"1733,9104703938892","0,0","0,0"
2030-01-14 06:00:00,"1733,9104703938892","0,0","0,0"
2030-01-14 07:00:00,"1733,9104703938892","0,0","0,0"
2030-01-14 08:00:00,"1733,9104703938892","0,0","0,0"
2030-01-14 09:00:00,"1733,9104703938892","0,0","0,0"
2030-01-14 10:00:00,"1733,9104703938892","0,0","0,0"
2030-01-14 11:00:00,"1733,9104703938892","0,0","0,0"
2030-01-14 12:00:00,"1733,9104703938892","0,0","0,0"
2030-01-14 13:00:00,"1733,9104703938892","0,0","0,0"
2030-01-14 14:00:00,"1733,9104703938892","0,0","0,0"
2030-01-14 15:00:00,"1444,9253919949078","260,0865705590832","0,0"
2030-01-14 16:00:00,"963,2835946632719","433,4776175984723","0,0"
2030-01-14 17:00:00,"481,6417973316359","433,4776175984723","0,0"
2030-01-14 18:00:00,"0,0","433,4776175984723","0,0"
2030-01-14 19:00:00,"0,0","0,0","0,0"
2030-01-14 20:00:00,"0,0","0,0","0,0"
2030-01-14 21:00:00,"0,0","0,0","0,0"
2030-01-14 22:00:00,"0,0","0,0","0,0"
2030-01-14 23:00:00,"0,0","0,0","0,0"
2030-01-15 00:00:00,"0,0","0,0","0,0"
2030-01-15 01:00:00,"0,0","0,0","0,0"
2030-01-15 02:00:00,"293,26318717166515","0,0","293,26318717166515"
2030-01-15 03:00:00,"726,7408047701374","0,0","433,4776175984723"
2030-01-15 04:00:00,"1160,2184223686097","0,0","433,4776175984723"
2030-01-15 05:00:00,"1593,696039967082","0,0","433,4776175984723"
2030-01-15 06:00:00,"1593,696039967082","0,0","0,0"
2030-01-15 07:00:00,"1593,696039967082","0,0","0,0"
2030-01-15 08:00:00,"1593,696039967082","0,0","0,0"
2030-01-15 09:00:00,"1733,9104703938892","0,0","140,2144304268072"
2030-01-15 10:00:00,"1733,9104703938892","0,0","0,0"
2030-01-15 11:00:00,"1493,0895717280714","216,73880879923604","0,0"
2030-01-15 12:00:00,"1011,4477743964355","433,4776175984723","0,0"
2030-01-15 13:00:00,"529,8059770647995","433,4776175984723","0,0"
2030-01-15 14:00:00,"963,2835946632719","0,0","433,4776175984723"
2030-01-15 15:00:00,"963,2835946632719","0,0","0,0"
2030-01-15 16:00:00,"481,6417973316359","433,4776175984723","0,0"
2030-01-15 17:00:00,"0,0","433,4776175984723","0,0"
2030-01-15 18:00:00,"0,0","0,0","0,0"
2030-01-15 19:00:00,"0,0","0,0","0,0"
2030-01-15 20:00:00,"0,0","0,0","0,0"
2030-01-15 21:00:00,"0,0","0,0","0,0"
2030-01-15 22:00:00,"0,0","0,0","0,0"
2030-01-15 23:00:00,"433,4776175984723","0,0","433,4776175984723"
2030-01-16 00:00:00,"765,779184681156","0,0","332,30156708268373"
2030-01-16 01:00:00,"765,779184681156","0,0","0,0"
2030-01-16 02:00:00,"765,779184681156","0,0","0,0"
2030-01-16 03:00:00,"963,2835946632719","0,0","197,50440998211587"
2030-01-16 04:00:00,"963,2835946632719","0,0","0,0"
2030-01-16 05:00:00,"963,2835946632719","0,0","0,0"
2030-01-16 06:00:00,"481,6417973316359","433,4776175984723","0,0"
2030-01-16 07:00:00,"0,0","433,4776175984723","0,0"
2030-01-16 08:00:00,"0,0","0,0","0,0"
2030-01-16 09:00:00,"373,03374569036714","0,0","373,03374569036714"
2030-01-16 10:00:00,"806,5113632888394","0,0","433,4776175984723"
2030-01-16 11:00:00,"1239,9889808873118","0,0","433,4776175984723"
2030-01-16 12:00:00,"1574,8111983375534","0,0","334,8222174502417"
2030-01-16 13:00:00,"1574,8111983375534","0,0","0,0"
2030-01-16 14:00:00,"1733,9104703938892","0,0","159,09927205633585"
2030-01-16 15:00:00,"1733,9104703938892","0,0","0,0"
2030-01-16 16:00:00,"1545,145056356935","169,88887263325893","0,0"
2030-01-16 17:00:00,"1137,5436164776738","366,841295891335","0,0"
2030-01-16 18:00:00,"855,7187094232681","253,64241634896507","0,0"
2030-01-16 19:00:00,"799,9230744870736","50,21607144257513","0,0"
2030-01-16 20:00:00,"318,28127715543764","433,4776175984723","0,0"
2030-01-16 21:00:00,"318,28127715543764","0,0","0,0"
2030-01-16 22:00:00,"226,4328157967164","82,66361522284912","0,0"
2030-01-16 23:00:00,"226,4328157967164","0,0","0,0"
2030-01-17 00:00:00,"270,8624221428709","0,0","44,429606346154515"
2030-01-17 01:00:00,"572,7752275709643","0,0","301,91280542809335"
2030-01-17 02:00:00,"1006,2528451694366","0,0","433,4776175984723"
2030-01-17 03:00:00,"1439,7304627679089","0,0","433,4776175984723"
2030-01-17 04:00:00,"1439,7304627679089","0,0","0,0"
2030-01-17 05:00:00,"1006,1797570752442","390,19563512339823","0,0"
2030-01-17 06:00:00,"524,5379597436083","433,4776175984723","0,0"
2030-01-17 07:00:00,"42,89616241197242","433,4776175984723","0,0"
2030-01-17 08:00:00,"0,0","38,606546170775175","0,0"
2030-01-17 09:00:00,"158,35288708201892","0,0","158,35288708201892"
2030-01-17 10:00:00,"0,0","142,51759837381704","0,0"
2030-01-17 11:00:00,"0,0","0,0","0,0"
2030-01-17 12:00:00,"35,21776996868783","0,0","35,21776996868783"
2030-01-17 13:00:00,"468,69538756716014","0,0","433,4776175984723"
2030-01-17 14:00:00,"902,1730051656325","0,0","433,4776175984723"
2030-01-17 15:00:00,"1335,6506227641048","0,0","433,4776175984723"
2030-01-17 16:00:00,"1335,6506227641048","0,0","0,0"
2030-01-17 17:00:00,"1335,6506227641048","0,0","0,0"
2030-01-17 18:00:00,"963,2835946632719","335,1303252907496","0,0"
2030-01-17 19:00:00,"481,6417973316359","433,4776175984723","0,0"
2030-01-17 20:00:00,"0,0","433,4776175984723","0,0"
2030-01-17 21:00:00,"122,70719580397213","0,0","122,70719580397213"
2030-01-17 22:00:00,"556,1848134024444","0,0","433,4776175984723"
2030-01-17 23:00:00,"989,6624310009167","0,0","433,4776175984723"
2030-01-18 00:00:00,"1423,140048599389","0,0","433,4776175984723"
2030-01-18 01:00:00,"1690,6950806461682","0,0","267,5550320467792"
2030-01-18 02:00:00,"1733,9104703938892","0,0","43,215389747720906"
2030-01-18 03:00:00,"1733,9104703938892","0,0","0,0"
2030-01-18 04:00:00,"1733,9104703938892","0,0","0,0"
2030-01-18 05:00:00,"1733,9104703938892","0,0","0,0"
2030-01-18 06:00:00,"1522,6911365590129","190,09740045138872","0,0"
2030-01-18 07:00:00,"1041,049339227377","433,4776175984723","0,0"
2030-01-18 08:00:00,"559,4075418957411","433,4776175984723","0,0"
2030-01-18 09:00:00,"77,76574456410515","433,4776175984723","0,0"
2030-01-18 10:00:00,"0,0","69,98917010769463","0,0"
2030-01-18 11:00:00,"0,0","0,0","0,0"
2030-01-18 12:00:00,"48,16417973316362","0,0","48,16417973316362"
2030-01-18 13:00:00,"481,6417973316359","0,0","433,4776175984723"
2030-01-18 14:00:00,"481,6417973316359","0,0","0,0"
2030-01-18 15:00:00,"481,6417973316359","0,0","0,0"
2030-01-18 16:00:00,"0,0","433,4776175984723","0,0"
2030-01-18 17:00:00,"0,0","0,0","0,0"
2030-01-18 18:00:00,"0,0","0,0","0,0"
2030-01-18 19:00:00,"0,0","0,0","0,0"
2030-01-18 20:00:00,"0,0","0,0","0,0"
2030-01-18 21:00:00,"0,0","0,0","0,0"
2030-01-18 22:00:00,"0,0","0,0","0,0"
2030-01-18 23:00:00,"0,0","0,0","0,0"
2030-01-19 00:00:00,"0,0","0,0","0,0"
2030-01-19 01:00:00,"0,0","0,0","0,0"
2030-01-19 02:00:00,"433,4776175984723","0,0","433,4776175984723"
2030-01-19 03:00:00,"866,9552351969446","0,0","433,4776175984723"
2030-01-19 04:00:00,"1300,432852795417","0,0","433,4776175984723"
2030-01-19 05:00:00,"1733,9104703938892","0,0","433,4776175984723"
2030-01-19 06:00:00,"1444,9253919949078","260,0865705590832","0,0"
2030-01-19 07:00:00,"963,2835946632719","433,4776175984723","0,0"
2030-01-19 08:00:00,"481,6417973316359","433,4776175984723","0,0"
2030-01-19 09:00:00,"0,0","433,4776175984723","0,0"
2030-01-19 10:00:00,"0,0","0,0","0,0"
2030-01-19 11:00:00,"433,4776175984723","0,0","433,4776175984723"
2030-01-19 12:00:00,"866,9552351969446","0,0","433,4776175984723"
2030-01-19 13:00:00,"1300,432852795417","0,0","433,4776175984723"
2030-01-19 14:00:00,"1733,9104703938892","0,0","433,4776175984723"
2030-01-19 15:00:00,"1300,432852795417","390,1298558386251","0,0"
2030-01-19 16:00:00,"1733,9104703938892","0,0","433,4776175984723"
2030-01-19 17:00:00,"1252,2686730622534","433,4776175984723","0,0"
2030-01-19 18:00:00,"963,2835946632719","260,0865705590833","0,0"
2030-01-19 19:00:00,"481,6417973316359","433,4776175984723","0,0"
2030-01-19 20:00:00,"481,6417973316359","0,0","0,0"
2030-01-19 21:00:00,"0,0","433,4776175984723","0,0"
2030-01-19 22:00:00,"0,0","0,0","0,0"
2030-01-19 23:00:00,"0,0","0,0","0,0"
2030-01-20 00:00:00,"433,4776175984723","0,0","433,4776175984723"
2030-01-20 01:00:00,"723,6419638010675","0,0","290,1643462025952"
2030-01-20 02:00:00,"1157,1195813995398","0,0","433,4776175984723"
2030-01-20 03:00:00,"1590,5971989980121","0,0","433,4776175984723"
2030-01-20 04:00:00,"1733,9104703938892","0,0","143,31327139587717"
2030-01-20 05:00:00,"1733,9104703938892","0,0","0,0"
2030-01-20 06:00:00,"1252,2686730622534","433,4776175984723","0,0"
2030-01-20 07:00:00,"1190,5894569813368","55,511294472825","0,0"
2030-01-20 08:00:00,"1624,067074579809","0,0","433,4776175984723"
2030-01-20 09:00:00,"1716,207641471524","0,0","92,14056689171508"
2030-01-20 10:00:00,"1716,207641471524","0,0","0,0"
2030-01-20 11:00:00,"1634,8356009401516","73,23483647823531","0,0"
2030-01-20 12:00:00,"1733,9104703938892","0,0","99,07486945373762"
2030-01-20 13:00:00,"1733,9104703938892","0,0","0,0"
2030-01-20 14:00:00,"1733,9104703938892","0,0","0,0"
2030-01-20 15:00:00,"1733,9104703938892","0,0","0,0"
2030-01-20 16:00:00,"1733,9104703938892","0,0","0,0"
2030-01-20 17:00:00,"1733,9104703938892","0,0","0,0"
2030-01-20 18:00:00,"1733,9104703938892","0,0","0,0"
2030-01-20 19:00:00,"1733,9104703938892","0,0","0,0"
2030-01-20 20:00:00,"1733,9104703938892","0,0","0,0"
2030-01-20 21:00:00,"1733,9104703938892","0,0","0,0"
2030-01-20 22:00:00,"1542,7162571618117","172,07479190886983","0,0"
2030-01-20 23:00:00,"1192,5667271896266","315,1345769749666","0,0"
2030-01-21 00:00:00,"1300,432852795417","0,0","107,86612560579033"
2030-01-21 01:00:00,"1300,432852795417","0,0","0,0"
2030-01-21 02:00:00,"1733,9104703938892","0,0","433,4776175984723"
2030-01-21 03:00:00,"1733,9104703938892","0,0","0,0"
2030-01-21 04:00:00,"1733,9104703938892","0,0","0,0"
2030-01-21 05:00:00,"1733,9104703938892","0,0","0,0"
2030-01-21 06:00:00,"1733,9104703938892","0,0","0,0"
2030-01-21 07:00:00,"1252,2686730622534","433,4776175984723","0,0"
2030-01-21 08:00:00,"770,6268757306175","433,4776175984723","0,0"
2030-01-21 09:00:00,"433,4776175984723","303,4343323189307","0,0"
2030-01-21 10:00:00,"433,4776175984723","0,0","0,0"
2030-01-21 11:00:00,"866,9552351969446","0,0","433,4776175984723"
2030-01-21 12:00:00,"1300,432852795417","0,0","433,4776175984723"
2030-01-21 13:00:00,"1733,9104703938892","0,0","433,4776175984723"
2030-01-21 14:00:00,"1733,9104703938892","0,0","0,0"
2030-01-21 15:00:00,"1252,2686730622534","433,4776175984723","0,0"
2030-01-21 16:00:00,"770,6268757306175","433,4776175984723","0,0"
2030-01-21 17:00:00,"288,98507839898156","433,4776175984723","0,0"
2030-01-21 18:00:00,"0,0","260,0865705590834","0,0"
2030-01-21 19:00:00,"0,0","0,0","0,0"
2030-01-21 20:00:00,"0,0","0,0","0,0"
2030-01-21 21:00:00,"0,0","0,0","0,0"
2030-01-21 22:00:00,"0,0","0,0","0,0"
2030-01-21 23:00:00,"0,0","0,0","0,0"
2030-01-22 00:00:00,"0,0","0,0","0,0"
2030-01-22 01:00:00,"332,87697169935655","0,0","332,87697169935655"
2030-01-22 02:00:00,"766,3545892978289","0,0","433,4776175984723"
2030-01-22 03:00:00,"1199,8322068963012","0,0","433,4776175984723"
2030-01-22 04:00:00,"1633,3098244947735","0,0","433,4776175984723"
2030-01-22 05:00:00,"1633,3098244947735","0,0","0,0"
2030-01-22 06:00:00,"1633,3098244947735","0,0","0,0"
2030-01-22 07:00:00,"1633,3098244947735","0,0","0,0"
2030-01-22 08:00:00,"1151,6680271631376","433,4776175984723","0,0"
2030-01-22 09:00:00,"798,4919130294588","317,858502720311","0,0"
2030-01-22 10:00:00,"460,6910923867582","304,02073857843055","0,0"
2030-01-22 11:00:00,"216,33197522273213","219,92320544762345","0,0"
2030-01-22 12:00:00,"62,010110600425165","138,88967816007624","0,0"
2030-01-22 13:00:00,"43,64284355340751","16,530540342315888","0,0"
2030-01-22 14:00:00,"0,0","39,27855919806676","0,0"
2030-01-22 15:00:00,"0,0","0,0","0,0"
2030-01-22 16:00:00,"0,0","0,0","0,0"
2030-01-22 17:00:00,"433,4776175984723","0,0","433,4776175984723"
2030-01-22 18:00:00,"866,9552351969446","0,0","433,4776175984723"
2030-01-22 19:00:00,"1295,8549979740592","0,0","428,8997627771146"
2030-01-22 20:00:00,"1729,3326155725315","0,0","433,4776175984723"
2030-01-22 21:00:00,"1729,3326155725315","0,0","0,0"
2030-01-22 22:00:00,"1729,3326155725315","0,0","0,0"
2030-01-22 23:00:00,"1729,3326155725315","0,0","0,0"
2030-01-23 00:00:00,"1733,9104703938892","0,0","4,577854821357732"
2030-01-23 01:00:00,"1733,9104703938892","0,0","0,0"
2030-01-23 02:00:00,"1733,9104703938892","0,0","0,0"
2030-01-23 03:00:00,"1733,9104703938892","0,0","0,0"
2030-01-23 04:00:00,"1733,9104703938892","0,0","0,0"
2030-01-23 05:00:00,"1733,9104703938892","0,0","0,0"
2030-01-23 06:00:00,"1733,9104703938892","0,0","0,0"
2030-01-23 07:00:00,"1733,9104703938892","0,0","0,0"
2030-01-23 08:00:00,"1733,9104703938892","0,0","0,0"
2030-01-23 09:00:00,"1733,9104703938892","0,0","0,0"
2030-01-23 10:00:00,"1733,9104703938892","0,0","0,0"
2030-01-23 11:00:00,"1733,9104703938892","0,0","0,0"
2030-01-23 12:00:00,"1733,9104703938892","0,0","0,0"
2030-01-23 13:00:00,"1733,9104703938892","0,0","0,0"
2030-01-23 14:00:00,"1733,9104703938892","0,0","0,0"
2030-01-23 15:00:00,"1733,9104703938892","0,0","0,0"
2030-01-23 16:00:00,"1733,9104703938892","0,0","0,0"
2030-01-23 17:00:00,"1396,761212261744","303,4343323189307","0,0"
2030-01-23 18:00:00,"915,1194149301082","433,4776175984723","0,0"
2030-01-23 19:00:00,"433,4776175984723","433,4776175984723","0,0"
2030-01-23 20:00:00,"433,4776175984723","0,0","0,0"
2030-01-23 21:00:00,"433,4776175984723","0,0","0,0"
2030-01-23 22:00:00,"866,9552351969446","0,0","433,4776175984723"
2030-01-23 23:00:00,"1300,432852795417","0,0","433,4776175984723"
2030-01-24 00:00:00,"1733,9104703938892","0,0","433,4776175984723"
2030-01-24 01:00:00,"1733,9104703938892","0,0","0,0"
2030-01-24 02:00:00,"1733,9104703938892","0,0","0,0"
2030-01-24 03:00:00,"1733,9104703938892","0,0","0,0"
2030-01-24 04:00:00,"1733,9104703938892","0,0","0,0"
2030-01-24 05:00:00,"1733,9104703938892","0,0","0,0"
2030-01-24 06:00:00,"1733,9104703938892","0,0","0,0"
2030-01-24 07:00:00,"1733,9104703938892","0,0","0,0"
2030-01-24 08:00:00,"1733,9104703938892","0,0","0,0"
2030-01-24 09:00:00,"1733,9104703938892","0,0","0,0"
2030-01-24 10:00:00,"1733,9104703938892","0,0","0,0"
2030-01-24 11:00:00,"1733,9104703938892","0,0","0,0"
2030-01-24 12:00:00,"1733,9104703938892","0,0","0,0"
2030-01-24 13:00:00,"1733,9104703938892","0,0","0,0"
2030-01-24 14:00:00,"1733,9104703938892","0,0","0,0"
2030-01-24 15:00:00,"1444,9253919949078","260,0865705590832","0,0"
2030-01-24 16:00:00,"963,2835946632719","433,4776175984723","0,0"
2030-01-24 17:00:00,"481,6417973316359","433,4776175984723","0,0"
2030-01-24 18:00:00,"0,0","433,4776175984723","0,0"
2030-01-24 19:00:00,"0,0","0,0","0,0"
2030-01-24 20:00:00,"0,0","0,0","0,0"
2030-01-24 21:00:00,"0,0","0,0","0,0"
2030-01-24 22:00:00,"0,0","0,0","0,0"
2030-01-24 23:00:00,"0,0","0,0","0,0"
2030-01-25 00:00:00,"433,4776175984723","0,0","433,4776175984723"
2030-01-25 01:00:00,"866,9552351969446","0,0","433,4776175984723"
2030-01-25 02:00:00,"1300,432852795417","0,0","433,4776175984723"
2030-01-25 03:00:00,"1733,9104703938892","0,0","433,4776175984723"
2030-01-25 04:00:00,"1733,9104703938892","0,0","0,0"
2030-01-25 05:00:00,"1733,9104703938892","0,0","0,0"
2030-01-25 06:00:00,"1252,2686730622534","433,4776175984723","0,0"
2030-01-25 07:00:00,"770,6268757306175","433,4776175984723","0,0"
2030-01-25 08:00:00,"770,6268757306175","0,0","0,0"
2030-01-25 09:00:00,"770,6268757306175","0,0","0,0"
2030-01-25 10:00:00,"963,2835946632719","0,0","192,65671893265437"
2030-01-25 11:00:00,"963,2835946632719","0,0","0,0"
2030-01-25 12:00:00,"963,2835946632719","0,0","0,0"
2030-01-25 13:00:00,"963,2835946632719","0,0","0,0"
2030-01-25 14:00:00,"963,2835946632719","0,0","0,0"
2030-01-25 15:00:00,"963,2835946632719","0,0","0,0"
2030-01-25 16:00:00,"481,6417973316359","433,4776175984723","0,0"
2030-01-25 17:00:00,"0,0","433,4776175984723","0,0"
2030-01-25 18:00:00,"0,0","0,0","0,0"
2030-01-25 19:00:00,"0,0","0,0","0,0"
2030-01-25 20:00:00,"0,0","0,0","0,0"
2030-01-25 21:00:00,"0,0","0,0","0,0"
2030-01-25 22:00:00,"0,0","0,0","0,0"
2030-01-25 23:00:00,"0,0","0,0","0,0"
2030-01-26 00:00:00,"0,0","0,0","0,0"
2030-01-26 01:00:00,"0,0","0,0","0,0"
2030-01-26 02:00:00,"0,0","0,0","0,0"
2030-01-26 03:00:00,"0,0","0,0","0,0"
2030-01-26 04:00:00,"0,0","0,0","0,0"
2030-01-26 05:00:00,"0,0","0,0","0,0"
2030-01-26 06:00:00,"0,0","0,0","0,0"
2030-01-26 07:00:00,"0,0","0,0","0,0"
2030-01-26 08:00:00,"0,0","0,0","0,0"
2030-01-26 09:00:00,"0,0","0,0","0,0"
2030-01-26 10:00:00,"0,0","0,0","0,0"
2030-01-26 11:00:00,"0,0","0,0","0,0"
2030-01-26 12:00:00,"99,70129312248191","0,0","99,70129312248191"
2030-01-26 13:00:00,"481,73560131278845","0,0","382,03430819030655"
2030-01-26 14:00:00,"915,2132189112608","0,0","433,4776175984723"
2030-01-26 15:00:00,"934,6898401943715","0,0","19,476621283110774"
2030-01-26 16:00:00,"453,0480428627356","433,4776175984723","0,0"
2030-01-26 17:00:00,"0,0","407,74323857646203","0,0"
2030-01-26 18:00:00,"0,0","0,0","0,0"
2030-01-26 19:00:00,"0,0","0,0","0,0"
2030-01-26 20:00:00,"384,043762911089","0,0","384,043762911089"
2030-01-26 21:00:00,"384,043762911089","0,0","0,0"
2030-01-26 22:00:00,"0,0","345,6393866199801","0,0"
2030-01-26 23:00:00,"0,0","0,0","0,0"
2030-01-27 00:00:00,"433,4776175984723","0,0","433,4776175984723"
2030-01-27 01:00:00,"866,9552351969446","0,0","433,4776175984723"
2030-01-27 02:00:00,"1300,432852795417","0,0","433,4776175984723"
2030-01-27 03:00:00,"1300,432852795417","0,0","0,0"
2030-01-27 04:00:00,"1733,9104703938892","0,0","433,4776175984723"
2030-01-27 05:00:00,"1733,9104703938892","0,0","0,0"
2030-01-27 06:00:00,"1733,9104703938892","0,0","0,0"
2030-01-27 07:00:00,"1733,9104703938892","0,0","0,0"
2030-01-27 08:00:00,"1733,9104703938892","0,0","0,0"
2030-01-27 09:00:00,"1733,9104703938892","0,0","0,0"
2030-01-27 10:00:00,"1733,9104703938892","0,0","0,0"
2030-01-27 11:00:00,"1733,9104703938892","0,0","0,0"
2030-01-27 12:00:00,"1733,9104703938892","0,0","0,0"
2030-01-27 13:00:00,"1733,9104703938892","0,0","0,0"
2030-01-27 14:00:00,"1733,9104703938892","0,0","0,0"
2030-01-27 15:00:00,"1733,9104703938892","0,0","0,0"
2030-01-27 16:00:00,"1252,2686730622534","433,4776175984723","0,0"
2030-01-27 17:00:00,"770,6268757306175","433,4776175984723","0,0"
2030-01-27 18:00:00,"288,98507839898156","433,4776175984723","0,0"
2030-01-27 19:00:00,"0,0","260,0865705590834","0,0"
2030-01-27 20:00:00,"0,0","0,0","0,0"
2030-01-27 21:00:00,"0,0","0,0","0,0"
2030-01-27 22:00:00,"0,0","0,0","0,0"
2030-01-27 23:00:00,"0,0","0,0","0,0"
2030-01-28 00:00:00,"433,4776175984723","0,0","433,4776175984723"
2030-01-28 01:00:00,"866,9552351969446","0,0","433,4776175984723"
2030-01-28 02:00:00,"1300,432852795417","0,0","433,4776175984723"
2030-01-28 03:00:00,"1733,9104703938892","0,0","433,4776175984723"
2030-01-28 04:00:00,"1733,9104703938892","0,0","0,0"
2030-01-28 05:00:00,"1547,307377438676","167,942783659692","0,0"
2030-01-28 06:00:00,"1065,6655801070401","433,4776175984723","0,0"
2030-01-28 07:00:00,"584,0237827754042","433,4776175984723","0,0"
2030-01-28 08:00:00,"584,0237827754042","0,0","0,0"
2030-01-28 09:00:00,"584,0237827754042","0,0","0,0"
2030-01-28 10:00:00,"1017,5014003738765","0,0","433,4776175984723"
2030-01-28 11:00:00,"1017,5014003738765","0,0","0,0"
2030-01-28 12:00:00,"1300,432852795417","0,0","282,93145242154037"
2030-01-28 13:00:00,"1733,9104703938892","0,0","433,4776175984723"
2030-01-28 14:00:00,"1733,9104703938892","0,0","0,0"
2030-01-28 15:00:00,"1444,9253919949078","260,0865705590832","0,0"
2030-01-28 16:00:00,"963,2835946632719","433,4776175984723","0,0"
2030-01-28 17:00:00,"481,6417973316359","433,4776175984723","0,0"
2030-01-28 18:00:00,"0,0","433,4776175984723","0,0"
2030-01-28 19:00:00,"0,0","0,0","0,0"
2030-01-28 20:00:00,"0,0","0,0","0,0"
2030-01-28 21:00:00,"0,0","0,0","0,0"
2030-01-28 22:00:00,"0,0","0,0","0,0"
2030-01-28 23:00:00,"0,0","0,0","0,0"
2030-01-29 00:00:00,"433,4776175984723","0,0","433,4776175984723"
2030-01-29 01:00:00,"866,9552351969446","0,0","433,4776175984723"
2030-01-29 02:00:00,"1300,432852795417","0,0","433,4776175984723"
2030-01-29 03:00:00,"1733,9104703938892","0,0","433,4776175984723"
2030-01-29 04:00:00,"1733,9104703938892","0,0","0,0"
2030-01-29 05:00:00,"1733,9104703938892","0,0","0,0"
2030-01-29 06:00:00,"1252,2686730622534","433,4776175984723","0,0"
2030-01-29 07:00:00,"770,6268757306175","433,4776175984723","0,0"
2030-01-29 08:00:00,"400,8852711700538","332,7674441045073","0,0"
2030-01-29 09:00:00,"834,3628887685261","0,0","433,4776175984723"
2030-01-29 10:00:00,"1267,8405063669984","0,0","433,4776175984723"
2030-01-29 11:00:00,"1688,1989441606725","0,0","420,35843779367406"
2030-01-29 12:00:00,"1300,432852795417","348,9894822287299","0,0"
2030-01-29 13:00:00,"1733,9104703938892","0,0","433,4776175984723"
2030-01-29 14:00:00,"1733,9104703938892","0,0","0,0"
2030-01-29 15:00:00,"1252,2686730622534","433,4776175984723","0,0"
2030-01-29 16:00:00,"770,6268757306175","433,4776175984723","0,0"
2030-01-29 17:00:00,"288,98507839898156","433,4776175984723","0,0"
2030-01-29 18:00:00,"288,98507839898156","0,0","0,0"
2030-01-29 19:00:00,"189,0504759843651","89,94114217315479","0,0"
2030-01-29 20:00:00,"0,0","170,1454283859286","0,0"
2030-01-29 21:00:00,"0,0","0,0","0,0"
2030-01-29 22:00:00,"0,0","0,0","0,0"
2030-01-29 23:00:00,"0,0","0,0","0,0"
2030-01-30 00:00:00,"433,4776175984723","0,0","433,4776175984723"
2030-01-30 01:00:00,"866,9552351969446","0,0","433,4776175984723"
2030-01-30 02:00:00,"1300,432852795417","0,0","433,4776175984723"
2030-01-30 03:00:00,"1733,9104703938892","0,0","433,4776175984723"
2030-01-30 04:00:00,"1733,9104703938892","0,0","0,0"
2030-01-30 05:00:00,"1252,2686730622534","433,4776175984723","0,0"
2030-01-30 06:00:00,"770,6268757306175","433,4776175984723","0,0"
2030-01-30 07:00:00,"288,98507839898156","433,4776175984723","0,0"
2030-01-30 08:00:00,"0,0","260,0865705590834","0,0"
2030-01-30 09:00:00,"433,4776175984723","0,0","433,4776175984723"
2030-01-30 10:00:00,"827,5225029768333","0,0","394,04488537836096"
2030-01-30 11:00:00,"1097,943718400755","0,0","270,42121542392175"
2030-01-30 12:00:00,"1237,1179497735893","0,0","139,1742313728344"
2030-01-30 13:00:00,"1670,5955673720616","0,0","433,4776175984723"
2030-01-30 14:00:00,"1733,9104703938892","0,0","63,314903021827604"
2030-01-30 15:00:00,"1596,128276615998","124,00397440010215","0,0"
2030-01-30 16:00:00,"1114,486479284362","433,4776175984723","0,0"
2030-01-30 17:00:00,"632,8446819527261","433,4776175984723","0,0"
2030-01-30 18:00:00,"151,20288462109016","433,4776175984723","0,0"
2030-01-30 19:00:00,"232,27020847714232","0,0","81,06732385605217"
2030-01-30 20:00:00,"0,0","209,04318762942808","0,0"
2030-01-30 21:00:00,"0,0","0,0","0,0"
2030-01-30 22:00:00,"0,0","0,0","0,0"
2030-01-30 23:00:00,"0,0","0,0","0,0"
2030-01-31 00:00:00,"433,4776175984723","0,0","433,4776175984723"
2030-01-31 01:00:00,"866,9552351969446","0,0","433,4776175984723"
2030-01-31 02:00:00,"1300,432852795417","0,0","433,4776175984723"
2030-01-31 03:00:00,"1733,9104703938892","0,0","433,4776175984723"
2030-01-31 04:00:00,"1733,9104703938892","0,0","0,0"
2030-01-31 05:00:00,"1733,9104703938892","0,0","0,0"
2030-01-31 06:00:00,"1515,8081984950513","196,292044708954","0,0"
2030-01-31 07:00:00,"1282,5827246481595","209,90292646220274","0,0"
2030-01-31 08:00:00,"1282,5827246481595","0,0","0,0"
2030-01-31 09:00:00,"1282,5827246481595","0,0","0,0"
2030-01-31 10:00:00,"1282,5827246481595","0,0","0,0"
2030-01-31 11:00:00,"1282,5827246481595","0,0","0,0"
2030-01-31 12:00:00,"1282,5827246481595","0,0","0,0"
2030-01-31 13:00:00,"1282,5827246481595","0,0","0,0"
2030-01-31 14:00:00,"1282,5827246481595","0,0","0,0"
2030-01-31 15:00:00,"1282,5827246481595","0,0","0,0"
2030-01-31 16:00:00,"963,2835946632719","287,36921698639884","0,0"
2030-01-31 17:00:00,"481,6417973316359","433,4776175984723","0,0"
2030-01-31 18:00:00,"0,0","433,4776175984723","0,0"
2030-01-31 19:00:00,"0,0","0,0","0,0"
2030-01-31 20:00:00,"0,0","0,0","0,0"
2030-01-31 21:00:00,"0,0","0,0","0,0"
2030-01-31 22:00:00,"0,0","0,0","0,0"
2030-01-31 23:00:00,"0,0","0,0","0,0"
2030-02-01 00:00:00,"0,0","0,0","0,0"
2030-02-01 01:00:00,"0,0","0,0","0,0"
2030-02-01 02:00:00,"0,0","0,0","0,0"
2030-02-01 03:00:00,"0,0","0,0","0,0"
2030-02-01 04:00:00,"0,0","0,0","0,0"
2030-02-01 05:00:00,"134,621846948408","0,0","134,621846948408"
2030-02-01 06:00:00,"134,621846948408","0,0","0,0"
2030-02-01 07:00:00,"0,0","121,1596622535672","0,0"
2030-02-01 08:00:00,"0,0","0,0","0,0"
2030-02-01 09:00:00,"0,0","0,0","0,0"
2030-02-01 10:00:00,"0,0","0,0","0,0"
2030-02-01 11:00:00,"0,0","0,0","0,0"
2030-02-01 12:00:00,"0,0","0,0","0,0"
2030-02-01 13:00:00,"0,0","0,0","0,0"
2030-02-01 14:00:00,"0,0","0,0","0,0"
2030-02-01 15:00:00,"0,0","0,0","0,0"
2030-02-01 16:00:00,"0,0","0,0","0,0"
2030-02-01 17:00:00,"0,0","0,0","0,0"
2030-02-01 18:00:00,"0,0","0,0","0,0"
2030-02-01 19:00:00,"0,0","0,0","0,0"
2030-02-01 20:00:00,"0,0","0,0","0,0"
2030-02-01 21:00:00,"0,0","0,0","0,0"
2030-02-01 22:00:00,"0,0","0,0","0,0"
2030-02-01 23:00:00,"0,0","0,0","0,0"
2030-02-02 00:00:00,"0,0","0,0","0,0"
2030-02-02 01:00:00,"0,0","0,0","0,0"
2030-02-02 02:00:00,"0,0","0,0","0,0"
2030-02-02 03:00:00,"0,0","0,0","0,0"
2030-02-02 04:00:00,"0,0","0,0","0,0"
2030-02-02 05:00:00,"0,0","0,0","0,0"
2030-02-02 06:00:00,"0,0","0,0","0,0"
2030-02-02 07:00:00,"0,0","0,0","0,0"
2030-02-02 08:00:00,"433,4776175984723","0,0","433,4776175984723"
2030-02-02 09:00:00,"0,0","390,1298558386251","0,0"
2030-02-02 10:00:00,"433,4776175984723","0,0","433,4776175984723"
2030-02-02 11:00:00,"866,9552351969446","0,0","433,4776175984723"
2030-02-02 12:00:00,"866,9552351969446","0,0","0,0"
2030-02-02 13:00:00,"1300,432852795417","0,0","433,4776175984723"
2030-02-02 14:00:00,"1733,9104703938892","0,0","433,4776175984723"
2030-02-02 15:00:00,"1733,9104703938892","0,0","0,0"
2030-02-02 16:00:00,"1733,9104703938892","0,0","0,0"
2030-02-02 17:00:00,"1733,9104703938892","0,0","0,0"
2030-02-02 18:00:00,"1691,6937905938023","37,995011820078226","0,0"
2030-02-02 19:00:00,"1733,9104703938892","0,0","42,21667980008692"
2030-02-02 20:00:00,"1733,9104703938892","0,0","0,0"
2030-02-02 21:00:00,"1733,9104703938892","0,0","0,0"
2030-02-02 22:00:00,"1733,9104703938892","0,0","0,0"
2030-02-02 23:00:00,"1733,9104703938892","0,0","0,0"
2030-02-03 00:00:00,"1733,9104703938892","0,0","0,0"
2030-02-03 01:00:00,"1733,9104703938892","0,0","0,0"
2030-02-03 02:00:00,"1733,9104703938892","0,0","0,0"
2030-02-03 03:00:00,"1733,9104703938892","0,0","0,0"
2030-02-03 04:00:00,"1733,9104703938892","0,0","0,0"
2030-02-03 05:00:00,"1733,9104703938892","0,0","0,0"
2030-02-03 06:00:00,"1733,9104703938892","0,0","0,0"
2030-02-03 07:00:00,"1733,9104703938892","0,0","0,0"
2030-02-03 08:00:00,"1733,9104703938892","0,0","0,0"
2030-02-03 09:00:00,"1733,9104703938892","0,0","0,0"
2030-02-03 10:00:00,"1733,9104703938892","0,0","0,0"
2030-02-03 11:00:00,"1733,9104703938892","0,0","0,0"
2030-02-03 12:00:00,"1733,9104703938892","0,0","0,0"
2030-02-03 13:00:00,"1733,9104703938892","0,0","0,0"
2030-02-03 14:00:00,"1733,9104703938892","0,0","0,0"
2030-02-03 15:00:00,"1733,9104703938892","0,0","0,0"
2030-02-03 16:00:00,"1733,9104703938892","0,0","0,0"
2030-02-03 17:00:00,"1733,9104703938892","0,0","0,0"
2030-02-03 18:00:00,"1348,5970325285805","346,78209407877785","0,0"
2030-02-03 19:00:00,"1348,5970325285805","0,0","0,0"
2030-02-03 20:00:00,"866,9552351969446","433,4776175984723","0,0"
2030-02-03 21:00:00,"866,9552351969446","0,0","0,0"
2030-02-03 22:00:00,"866,9552351969446","0,0","0,0"
2030-02-03 23:00:00,"1300,432852795417","0,0","433,4776175984723"
2030-02-04 00:00:00,"1300,432852795417","0,0","0,0"
2030-02-04 01:00:00,"1300,432852795417","0,0","0,0"
2030-02-04 02:00:00,"1300,432852795417","0,0","0,0"
2030-02-04 03:00:00,"1300,432852795417","0,0","0,0"
2030-02-04 04:00:00,"1733,9104703938892","0,0","433,4776175984723"
2030-02-04 05:00:00,"1733,9104703938892","0,0","0,0"
2030-02-04 06:00:00,"1252,2686730622534","433,4776175984723","0,0"
2030-02-04 07:00:00,"940,0688162478693","280,9798711329456","0,0"
2030-02-04 08:00:00,"481,6417973316359","412,58431702461","0,0"
2030-02-04 09:00:00,"0,0","433,4776175984723","0,0"
2030-02-04 10:00:00,"29,03744344854718","0,0","29,03744344854718"
2030-02-04 11:00:00,"462,51506104701946","0,0","433,4776175984723"
2030-02-04 12:00:00,"895,9926786454918","0,0","433,4776175984723"
2030-02-04 13:00:00,"1329,4702962439642","0,0","433,4776175984723"
2030-02-04 14:00:00,"1733,9104703938892","0,0","404,44017414992504"
2030-02-04 15:00:00,"1686,1931932798143","42,94554940266751","0,0"
2030-02-04 16:00:00,"1631,4100394107518","49,30483848215631","0,0"
2030-02-04 17:00:00,"1347,7021179460528","255,33712931822907","0,0"
2030-02-04 18:00:00,"866,0603206144169","433,4776175984723","0,0"
2030-02-04 19:00:00,"384,418523282781","433,4776175984723","0,0"
2030-02-04 20:00:00,"0,0","345,9766709545029","0,0"
2030-02-04 21:00:00,"0,0","0,0","0,0"
2030-02-04 22:00:00,"0,0","0,0","0,0"
2030-02-04 23:00:00,"0,0","0,0","0,0"
2030-02-05 00:00:00,"0,0","0,0","0,0"
2030-02-05 01:00:00,"0,0","0,0","0,0"
2030-02-05 02:00:00,"0,0","0,0","0,0"
2030-02-05 03:00:00,"0,0","0,0","0,0"
2030-02-05 04:00:00,"433,4776175984723","0,0","433,4776175984723"
2030-02-05 05:00:00,"712,2522680629288","0,0","278,7746504644565"
2030-02-05 06:00:00,"230,6104707312929","433,4776175984723","0,0"
2030-02-05 07:00:00,"230,6104707312929","0,0","0,0"
2030-02-05 08:00:00,"22,565605926947857","187,24037832391053","0,0"
2030-02-05 09:00:00,"0,0","20,30904533425307","0,0"
2030-02-05 10:00:00,"433,4776175984723","0,0","433,4776175984723"
2030-02-05 11:00:00,"866,9552351969446","0,0","433,4776175984723"
2030-02-05 12:00:00,"1300,432852795417","0,0","433,4776175984723"
2030-02-05 13:00:00,"1444,9253919949078","0,0","144,49253919949092"
2030-02-05 14:00:00,"1444,9253919949078","0,0","0,0"
2030-02-05 15:00:00,"1444,9253919949078","0,0","0,0"
2030-02-05 16:00:00,"963,2835946632719","433,4776175984723","0,0"
2030-02-05 17:00:00,"481,6417973316359","433,4776175984723","0,0"
2030-02-05 18:00:00,"0,0","433,4776175984723","0,0"
2030-02-05 19:00:00,"0,0","0,0","0,0"
2030-02-05 20:00:00,"0,0","0,0","0,0"
2030-02-05 21:00:00,"0,0","0,0","0,0"
2030-02-05 22:00:00,"433,4776175984723","0,0","433,4776175984723"
2030-02-05 23:00:00,"433,4776175984723","0,0","0,0"
2030-02-06 00:00:00,"827,939903895335","0,0","394,46228629686266"
2030-02-06 01:00:00,"866,9552351969446","0,0","39,01533130160965"
2030-02-06 02:00:00,"1300,432852795417","0,0","433,4776175984723"
2030-02-06 03:00:00,"1733,9104703938892","0,0","433,4776175984723"
2030-02-06 04:00:00,"1733,9104703938892","0,0","0,0"
2030-02-06 05:00:00,"1733,9104703938892","0,0","0,0"
2030-02-06 06:00:00,"1456,2999232324732","249,8494924452744","0,0"
2030-02-06 07:00:00,"1097,736986784859","322,70664280285274","0,0"
2030-02-06 08:00:00,"638,4290527019168","413,377140674648","0,0"
2030-02-06 09:00:00,"638,4290527019168","0,0","0,0"
2030-02-06 10:00:00,"876,2659958307686","0,0","237,83694312885183"
2030-02-06 11:00:00,"1272,5451331297545","0,0","396,2791372989859"
2030-02-06 12:00:00,"1522,5593954825765","0,0","250,01426235282202"
2030-02-06 13:00:00,"1733,9104703938892","0,0","211,35107491131276"
2030-02-06 14:00:00,"1733,9104703938892","0,0","0,0"
2030-02-06 15:00:00,"1733,9104703938892","0,0","0,0"
2030-02-06 16:00:00,"1733,9104703938892","0,0","0,0"
2030-02-06 17:00:00,"1733,9104703938892","0,0","0,0"
2030-02-06 18:00:00,"1252,2686730622534","433,4776175984723","0,0"
2030-02-06 19:00:00,"1470,7171452753319","0,0","218,4484722130785"
2030-02-06 20:00:00,"1646,0948281899305","0,0","175,37768291459855"
2030-02-06 21:00:00,"1239,788238922608","365,6759303405902","0,0"
2030-02-06 22:00:00,"758,146441590972","433,4776175984723","0,0"
2030-02-06 23:00:00,"866,9552351969446","0,0","108,8087936059726"
2030-02-07 00:00:00,"866,9552351969446","0,0","0,0"
2030-02-07 01:00:00,"866,9552351969446","0,0","0,0"
2030-02-07 02:00:00,"1300,432852795417","0,0","433,4776175984723"
2030-02-07 03:00:00,"1300,432852795417","0,0","0,0"
2030-02-07 04:00:00,"1733,9104703938892","0,0","433,4776175984723"
2030-02-07 05:00:00,"1733,9104703938892","0,0","0,0"
2030-02-07 06:00:00,"1421,0635028893273","281,5622707541058","0,0"
2030-02-07 07:00:00,"1046,3652324833638","337,2284433653671","0,0"
2030-02-07 08:00:00,"973,38560877948","65,68166133349544","0,0"
2030-02-07 09:00:00,"905,712686288921","60,90563024150315","0,0"
2030-02-07 10:00:00,"866,9552351969446","34,88170598277871","0,0"
2030-02-07 11:00:00,"866,9552351969446","0,0","0,0"
2030-02-07 12:00:00,"866,9552351969446","0,0","0,0"
2030-02-07 13:00:00,"1300,432852795417","0,0","433,4776175984723"
2030-02-07 14:00:00,"1733,9104703938892","0,0","433,4776175984723"
2030-02-07 15:00:00,"1733,9104703938892","0,0","0,0"
2030-02-07 16:00:00,"1252,2686730622534","433,4776175984723","0,0"
2030-02-07 17:00:00,"770,6268757306175","433,4776175984723","0,0"
2030-02-07 18:00:00,"288,98507839898156","433,4776175984723","0,0"
2030-02-07 19:00:00,"0,0","260,0865705590834","0,0"
2030-02-07 20:00:00,"0,0","0,0","0,0"
2030-02-07 21:00:00,"0,0","0,0","0,0"
2030-02-07 22:00:00,"0,0","0,0","0,0"
2030-02-07 23:00:00,"0,0","0,0","0,0"
2030-02-08 00:00:00,"433,4776175984723","0,0","433,4776175984723"
2030-02-08 01:00:00,"573,0846415152766","0,0","139,60702391680434"
2030-02-08 02:00:00,"1006,562259113749","0,0","433,4776175984723"
2030-02-08 03:00:00,"1440,0398767122213","0,0","433,4776175984723"
2030-02-08 04:00:00,"1440,0398767122213","0,0","0,0"
2030-02-08 05:00:00,"1733,9104703938892","0,0","293,870593681668"
2030-02-08 06:00:00,"1261,0205396613037","425,60093765932703","0,0"
2030-02-08 07:00:00,"779,3787423296678","433,4776175984723","0,0"
2030-02-08 08:00:00,"297,7369449980319","433,4776175984723","0,0"
2030-02-08 09:00:00,"144,49253919949092","137,91996521868688","0,0"
2030-02-08 10:00:00,"144,49253919949092","0,0","0,0"
2030-02-08 11:00:00,"577,9701567979632","0,0","433,4776175984723"
2030-02-08 12:00:00,"1011,4477743964355","0,0","433,4776175984723"
2030-02-08 13:00:00,"1444,9253919949078","0,0","433,4776175984723"
2030-02-08 14:00:00,"1444,9253919949078","0,0","0,0"
2030-02-08 15:00:00,"1444,9253919949078","0,0","0,0"
2030-02-08 16:00:00,"963,2835946632719","433,4776175984723","0,0"
2030-02-08 17:00:00,"481,6417973316359","433,4776175984723","0,0"
2030-02-08 18:00:00,"0,0","433,4776175984723","0,0"
2030-02-08 19:00:00,"0,0","0,0","0,0"
2030-02-08 20:00:00,"0,0","0,0","0,0"
2030-02-08 21:00:00,"0,0","0,0","0,0"
2030-02-08 22:00:00,"424,64893612740366","0,0","424,64893612740366"
2030-02-08 23:00:00,"568,820622768777","0,0","144,17168664137324"
2030-02-09 00:00:00,"568,820622768777","0,0","0,0"
2030-02-09 01:00:00,"568,820622768777","0,0","0,0"
2030-02-09 02:00:00,"568,820622768777","0,0","0,0"
2030-02-09 03:00:00,"568,820622768777","0,0","0,0"
2030-02-09 04:00:00,"568,820622768777","0,0","0,0"
2030-02-09 05:00:00,"568,820622768777","0,0","0,0"
2030-02-09 06:00:00,"481,6417973316359","78,46094289342692","0,0"
2030-02-09 07:00:00,"0,0","433,4776175984723","0,0"
2030-02-09 08:00:00,"0,0","0,0","0,0"
2030-02-09 09:00:00,"0,0","0,0","0,0"
2030-02-09 10:00:00,"433,4776175984723","0,0","433,4776175984723"
2030-02-09 11:00:00,"433,4776175984723","0,0","0,0"
2030-02-09 12:00:00,"866,9552351969446","0,0","433,4776175984723"
2030-02-09 13:00:00,"1300,432852795417","0,0","433,4776175984723"
2030-02-09 14:00:00,"1733,9104703938892","0,0","433,4776175984723"
2030-02-09 15:00:00,"1733,9104703938892","0,0","0,0"
2030-02-09 16:00:00,"1733,9104703938892","0,0","0,0"
2030-02-09 17:00:00,"1252,2686730622534","433,4776175984723","0,0"
2030-02-09 18:00:00,"770,6268757306175","433,4776175984723","0,0"
2030-02-09 19:00:00,"288,98507839898156","433,4776175984723","0,0"
2030-02-09 20:00:00,"0,0","260,0865705590834","0,0"
2030-02-09 21:00:00,"0,0","0,0","0,0"
2030-02-09 22:00:00,"0,0","0,0","0,0"
2030-02-09 23:00:00,"0,0","0,0","0,0"
2030-02-10 00:00:00,"0,0","0,0","0,0"
2030-02-10 01:00:00,"0,0","0,0","0,0"
2030-02-10 02:00:00,"0,0","0,0","0,0"
2030-02-10 03:00:00,"433,4776175984723","0,0","433,4776175984723"
2030-02-10 04:00:00,"866,9552351969446","0,0","433,4776175984723"
2030-02-10 05:00:00,"1300,432852795417","0,0","433,4776175984723"
2030-02-10 06:00:00,"1300,432852795417","0,0","0,0"
2030-02-10 07:00:00,"1300,432852795417","0,0","0,0"
2030-02-10 08:00:00,"1300,432852795417","0,0","0,0"
2030-02-10 09:00:00,"1733,9104703938892","0,0","433,4776175984723"
2030-02-10 10:00:00,"1733,9104703938892","0,0","0,0"
2030-02-10 11:00:00,"1733,9104703938892","0,0","0,0"
2030-02-10 12:00:00,"1733,9104703938892","0,0","0,0"
2030-02-10 13:00:00,"1733,9104703938892","0,0","0,0"
2030-02-10 14:00:00,"1733,9104703938892","0,0","0,0"
2030-02-10 15:00:00,"1733,9104703938892","0,0","0,0"
2030-02-10 16:00:00,"1733,9104703938892","0,0","0,0"
2030-02-10 17:00:00,"1252,2686730622534","433,4776175984723","0,0"
2030-02-10 18:00:00,"1685,7462906607257","0,0","433,4776175984723"
2030-02-10 19:00:00,"1733,9104703938892","0,0","48,164179733163564"
2030-02-10 20:00:00,"1733,9104703938892","0,0","0,0"
2030-02-10 21:00:00,"1252,2686730622534","433,4776175984723","0,0"
2030-02-10 22:00:00,"1508,4889818304257","0,0","256,2203087681724"
2030-02-10 23:00:00,"1570,3166470438384","0,0","61,827665213412786"
2030-02-11 00:00:00,"1733,9104703938892","0,0","163,5938233500508"
2030-02-11 01:00:00,"1733,9104703938892","0,0","0,0"
2030-02-11 02:00:00,"1733,9104703938892","0,0","0,0"
2030-02-11 03:00:00,"1733,9104703938892","0,0","0,0"
2030-02-11 04:00:00,"1333,3382244148136","360,5150213811681","0,0"
2030-02-11 05:00:00,"926,4539748553291","366,1958246035361","0,0"
2030-02-11 06:00:00,"481,6417973316359","400,33095977132376","0,0"
2030-02-11 07:00:00,"0,0","433,4776175984723","0,0"
2030-02-11 08:00:00,"0,0","0,0","0,0"
2030-02-11 09:00:00,"0,0","0,0","0,0"
2030-02-11 10:00:00,"433,4776175984723","0,0","433,4776175984723"
2030-02-11 11:00:00,"866,9552351969446","0,0","433,4776175984723"
2030-02-11 12:00:00,"1300,432852795417","0,0","433,4776175984723"
2030-02-11 13:00:00,"1733,9104703938892","0,0","433,4776175984723"
2030-02-11 14:00:00,"1733,9104703938892","0,0","0,0"
2030-02-11 15:00:00,"1733,9104703938892","0,0","0,0"
2030-02-11 16:00:00,"1733,9104703938892","0,0","0,0"
2030-02-11 17:00:00,"1252,2686730622534","433,4776175984723","0,0"
2030-02-11 18:00:00,"770,6268757306175","433,4776175984723","0,0"
2030-02-11 19:00:00,"288,98507839898156","433,4776175984723","0,0"
2030-02-11 20:00:00,"0,0","260,0865705590834","0,0"
2030-02-11 21:00:00,"0,0","0,0","0,0"
2030-02-11 22:00:00,"0,0","0,0","0,0"
2030-02-11 23:00:00,"433,4776175984723","0,0","433,4776175984723"
2030-02-12 00:00:00,"866,9552351969446","0,0","433,4776175984723"
2030-02-12 01:00:00,"1300,432852795417","0,0","433,4776175984723"
2030-02-12 02:00:00,"1733,9104703938892","0,0","433,4776175984723"
2030-02-12 03:00:00,"1733,9104703938892","0,0","0,0"
2030-02-12 04:00:00,"1733,9104703938892","0,0","0,0"
2030-02-12 05:00:00,"1733,9104703938892","0,0","0,0"
2030-02-12 06:00:00,"1252,2686730622534","433,4776175984723","0,0"
2030-02-12 07:00:00,"770,6268757306175","433,4776175984723","0,0"
2030-02-12 08:00:00,"770,6268757306175","0,0","0,0"
2030-02-12 09:00:00,"770,6268757306175","0,0","0,0"
2030-02-12 10:00:00,"770,6268757306175","0,0","0,0"
2030-02-12 11:00:00,"1204,1044933290898","0,0","433,4776175984723"
2030-02-12 12:00:00,"1300,432852795417","0,0","96,32835946632713"
2030-02-12 13:00:00,"1733,9104703938892","0,0","433,4776175984723"
2030-02-12 14:00:00,"1733,9104703938892","0,0","0,0"
2030-02-12 15:00:00,"1733,9104703938892","0,0","0,0"
2030-02-12 16:00:00,"1733,9104703938892","0,0","0,0"
2030-02-12 17:00:00,"1252,2686730622534","433,4776175984723","0,0"
2030-02-12 18:00:00,"770,6268757306175","433,4776175984723","0,0"
2030-02-12 19:00:00,"481,6417973316359","260,0865705590834","0,0"
2030-02-12 20:00:00,"0,0","433,4776175984723","0,0"
2030-02-12 21:00:00,"0,0","0,0","0,0"
2030-02-12 22:00:00,"0,0","0,0","0,0"
2030-02-12 23:00:00,"433,4776175984723","0,0","433,4776175984723"
2030-02-13 00:00:00,"433,4776175984723","0,0","0,0"
2030-02-13 01:00:00,"866,9552351969446","0,0","433,4776175984723"
2030-02-13 02:00:00,"1300,432852795417","0,0","433,4776175984723"
2030-02-13 03:00:00,"1733,9104703938892","0,0","433,4776175984723"
2030-02-13 04:00:00,"1733,9104703938892","0,0","0,0"
2030-02-13 05:00:00,"1733,9104703938892","0,0","0,0"
2030-02-13 06:00:00,"1252,2686730622534","433,4776175984723","0,0"
2030-02-13 07:00:00,"770,6268757306175","433,4776175984723","0,0"
2030-02-13 08:00:00,"288,98507839898156","433,4776175984723","0,0"
2030-02-13 09:00:00,"288,98507839898156","0,0","0,0"
2030-02-13 10:00:00,"288,98507839898156","0,0","0,0"
2030-02-13 11:00:00,"433,4776175984723","0,0","144,49253919949075"
2030-02-13 12:00:00,"866,9552351969446","0,0","433,4776175984723"
2030-02-13 13:00:00,"1300,432852795417","0,0","433,4776175984723"
2030-02-13 14:00:00,"1733,9104703938892","0,0","433,4776175984723"
2030-02-13 15:00:00,"1733,9104703938892","0,0","0,0"
2030-02-13 16:00:00,"1733,9104703938892","0,0","0,0"
2030-02-13 17:00:00,"1252,2686730622534","433,4776175984723","0,0"
2030-02-13 18:00:00,"770,6268757306175","433,4776175984723","0,0"
2030-02-13 19:00:00,"770,6268757306175","0,0","0,0"
2030-02-13 20:00:00,"930,4976374004746","0,0","159,87076166985707"
2030-02-13 21:00:00,"774,879361525991","140,05644828703515","0,0"
2030-02-13 22:00:00,"774,879361525991","0,0","0,0"
2030-02-13 23:00:00,"774,879361525991","0,0","0,0"
2030-02-14 00:00:00,"774,879361525991","0,0","0,0"
2030-02-14 01:00:00,"774,879361525991","0,0","0,0"
2030-02-14 02:00:00,"774,879361525991","0,0","0,0"
2030-02-14 03:00:00,"774,879361525991","0,0","0,0"
2030-02-14 04:00:00,"504,90914437979814","242,97319543157363","0,0"
2030-02-14 05:00:00,"492,5926230942402","11,08486915700216","0,0"
2030-02-14 06:00:00,"481,6417973316359","9,85574318634384","0,0"
2030-02-14 07:00:00,"0,0","433,4776175984723","0,0"
2030-02-14 08:00:00,"0,0","0,0","0,0"
2030-02-14 09:00:00,"0,0","0,0","0,0"
2030-02-14 10:00:00,"433,4776175984723","0,0","433,4776175984723"
2030-02-14 11:00:00,"866,9552351969446","0,0","433,4776175984723"
2030-02-14 12:00:00,"1300,432852795417","0,0","433,4776175984723"
2030-02-14 13:00:00,"1733,9104703938892","0,0","433,4776175984723"
2030-02-14 14:00:00,"1733,9104703938892","0,0","0,0"
2030-02-14 15:00:00,"1733,9104703938892","0,0","0,0"
2030-02-14 16:00:00,"1252,2686730622534","433,4776175984723","0,0"
2030-02-14 17:00:00,"770,6268757306175","433,4776175984723","0,0"
2030-02-14 18:00:00,"288,98507839898156","433,4776175984723","0,0"
2030-02-14 19:00:00,"0,0","260,0865705590834","0,0"
2030-02-14 20:00:00,"0,0","0,0","0,0"
2030-02-14 21:00:00,"0,0","0,0","0,0"
2030-02-14 22:00:00,"0,0","0,0","0,0"
2030-02-14 23:00:00,"0,0","0,0","0,0"
2030-02-15 00:00:00,"433,4776175984723","0,0","433,4776175984723"
2030-02-15 01:00:00,"866,9552351969446","0,0","433,4776175984723"
2030-02-15 02:00:00,"1300,432852795417","0,0","433,4776175984723"
2030-02-15 03:00:00,"1733,9104703938892","0,0","433,4776175984723"
2030-02-15 04:00:00,"1733,9104703938892","0,0","0,0"
2030-02-15 05:00:00,"1733,9104703938892","0,0","0,0"
2030-02-15 06:00:00,"1252,2686730622534","433,4776175984723","0,0"
2030-02-15 07:00:00,"770,6268757306175","433,4776175984723","0,0"
2030-02-15 08:00:00,"770,6268757306175","0,0","0,0"
2030-02-15 09:00:00,"915,1194149301082","0,0","144,4925391994907"
2030-02-15 10:00:00,"433,4776175984723","433,4776175984723","0,0"
2030-02-15 11:00:00,"866,9552351969446","0,0","433,4776175984723"
2030-02-15 12:00:00,"1300,432852795417","0,0","433,4776175984723"
2030-02-15 13:00:00,"1733,9104703938892","0,0","433,4776175984723"
2030-02-15 14:00:00,"1733,9104703938892","0,0","0,0"
2030-02-15 15:00:00,"1733,9104703938892","0,0","0,0"
2030-02-15 16:00:00,"1252,2686730622534","433,4776175984723","0,0"
2030-02-15 17:00:00,"770,6268757306175","433,4776175984723","0,0"
2030-02-15 18:00:00,"288,98507839898156","433,4776175984723","0,0"
2030-02-15 19:00:00,"0,0","260,0865705590834","0,0"
2030-02-15 20:00:00,"0,0","0,0","0,0"
2030-02-15 21:00:00,"0,0","0,0","0,0"
2030-02-15 22:00:00,"0,0","0,0","0,0"
2030-02-15 23:00:00,"0,0","0,0","0,0"
2030-02-16 00:00:00,"0,0","0,0","0,0"
2030-02-16 01:00:00,"0,0","0,0","0,0"
2030-02-16 02:00:00,"0,0","0,0","0,0"
2030-02-16 03:00:00,"0,0","0,0","0,0"
2030-02-16 04:00:00,"0,0","0,0","0,0"
2030-02-16 05:00:00,"0,0","0,0","0,0"
2030-02-16 06:00:00,"0,0","0,0","0,0"
2030-02-16 07:00:00,"0,0","0,0","0,0"
2030-02-16 08:00:00,"0,0","0,0","0,0"
2030-02-16 09:00:00,"0,0","0,0","0,0"
2030-02-16 10:00:00,"176,65256634858133","0,0","176,65256634858133"
2030-02-16 11:00:00,"610,1301839470536","0,0","433,4776175984723"
2030-02-16 12:00:00,"577,9701567979632","28,9440244341814","0,0"
2030-02-16 13:00:00,"1011,4477743964355","0,0","433,4776175984723"
2030-02-16 14:00:00,"1444,9253919949078","0,0","433,4776175984723"
2030-02-16 15:00:00,"1444,9253919949078","0,0","0,0"
2030-02-16 16:00:00,"963,2835946632719","433,4776175984723","0,0"
2030-02-16 17:00:00,"481,6417973316359","433,4776175984723","0,0"
2030-02-16 18:00:00,"0,0","433,4776175984723","0,0"
2030-02-16 19:00:00,"0,0","0,0","0,0"
2030-02-16 20:00:00,"0,0","0,0","0,0"
2030-02-16 21:00:00,"0,0","0,0","0,0"
2030-02-16 22:00:00,"0,0","0,0","0,0"
2030-02-16 23:00:00,"0,0","0,0","0,0"
2030-02-17 00:00:00,"0,0","0,0","0,0"
2030-02-17 01:00:00,"0,0","0,0","0,0"
2030-02-17 02:00:00,"0,0","0,0","0,0"
2030-02-17 03:00:00,"0,0","0,0","0,0"
2030-02-17 04:00:00,"433,4776175984723","0,0","433,4776175984723"
2030-02-17 05:00:00,"866,9552351969446","0,0","433,4776175984723"
2030-02-17 06:00:00,"1300,432852795417","0,0","433,4776175984723"
2030-02-17 07:00:00,"1318,218541913324","0,0","17,785689117907168"
2030-02-17 08:00:00,"1733,9104703938892","0,0","415,6919284805652"
2030-02-17 09:00:00,"1733,9104703938892","0,0","0,0"
2030-02-17 10:00:00,"1733,9104703938892","0,0","0,0"
2030-02-17 11:00:00,"1733,9104703938892","0,0","0,0"
2030-02-17 12:00:00,"1733,9104703938892","0,0","0,0"
2030-02-17 13:00:00,"1733,9104703938892","0,0","0,0"
2030-02-17 14:00:00,"1733,9104703938892","0,0","0,0"
2030-02-17 15:00:00,"1733,9104703938892","0,0","0,0"
2030-02-17 16:00:00,"1733,9104703938892","0,0","0,0"
2030-02-17 17:00:00,"1733,9104703938892","0,0","0,0"
2030-02-17 18:00:00,"1733,9104703938892","0,0","0,0"
2030-02-17 19:00:00,"1733,9104703938892","0,0","0,0"
2030-02-17 20:00:00,"1733,9104703938892","0,0","0,0"
2030-02-17 21:00:00,"1733,9104703938892","0,0","0,0"
2030-02-17 22:00:00,"1733,9104703938892","0,0","0,0"
2030-02-17 23:00:00,"1733,9104703938892","0,0","0,0"
2030-02-18 00:00:00,"1733,9104703938892","0,0","0,0"
2030-02-18 01:00:00,"1733,9104703938892","0,0","0,0"
2030-02-18 02:00:00,"1733,9104703938892","0,0","0,0"
2030-02-18 03:00:00,"1733,9104703938892","0,0","0,0"
2030-02-18 04:00:00,"1733,9104703938892","0,0","0,0"
2030-02-18 05:00:00,"1733,9104703938892","0,0","0,0"
2030-02-18 06:00:00,"1252,2686730622534","433,4776175984723","0,0"
2030-02-18 07:00:00,"770,6268757306175","433,4776175984723","0,0"
2030-02-18 08:00:00,"770,6268757306175","0,0","0,0"
2030-02-18 09:00:00,"770,6268757306175","0,0","0,0"
2030-02-18 10:00:00,"770,6268757306175","0,0","0,0"
2030-02-18 11:00:00,"770,6268757306175","0,0","0,0"
2030-02-18 12:00:00,"1204,1044933290898","0,0","433,4776175984723"
2030-02-18 13:00:00,"1637,582110927562","0,0","433,4776175984723"
2030-02-18 14:00:00,"1733,9104703938892","0,0","96,32835946632713"
2030-02-18 15:00:00,"1733,9104703938892","0,0","0,0"
2030-02-18 16:00:00,"1733,9104703938892","0,0","0,0"
2030-02-18 17:00:00,"1252,2686730622534","433,4776175984723","0,0"
2030-02-18 18:00:00,"963,2835946632719","260,0865705590833","0,0"
2030-02-18 19:00:00,"963,2835946632719","0,0","0,0"
2030-02-18 20:00:00,"963,2835946632719","0,0","0,0"
2030-02-18 21:00:00,"481,6417973316359","433,4776175984723","0,0"
2030-02-18 22:00:00,"0,0","433,4776175984723","0,0"
2030-02-18 23:00:00,"0,0","0,0","0,0"
2030-02-19 00:00:00,"0,0","0,0","0,0"
2030-02-19 01:00:00,"0,0","0,0","0,0"
2030-02-19 02:00:00,"0,0","0,0","0,0"
2030-02-19 03:00:00,"68,9935309472445","0,0","68,9935309472445"
2030-02-19 04:00:00,"479,08901151910413","0,0","410,09548057185964"
2030-02-19 05:00:00,"479,08901151910413","0,0","0,0"
2030-02-19 06:00:00,"30,815318504680818","403,446323712981","0,0"
2030-02-19 07:00:00,"30,815318504680818","0,0","0,0"
2030-02-19 08:00:00,"30,815318504680818","0,0","0,0"
2030-02-19 09:00:00,"272,1655163158034","0,0","241,3501978111226"
2030-02-19 10:00:00,"705,6431339142757","0,0","433,4776175984723"
2030-02-19 11:00:00,"1139,120751512748","0,0","433,4776175984723"
2030-02-19 12:00:00,"1139,120751512748","0,0","0,0"
2030-02-19 13:00:00,"1572,5983691112203","0,0","433,4776175984723"
2030-02-19 14:00:00,"1733,9104703938892","0,0","161,31210128266883"
2030-02-19 15:00:00,"1733,9104703938892","0,0","0,0"
2030-02-19 16:00:00,"1495,2370915055094","214,80604099954178","0,0"
2030-02-19 17:00:00,"1013,5952941738735","433,4776175984723","0,0"
2030-02-19 18:00:00,"531,9534968422377","433,4776175984723","0,0"
2030-02-19 19:00:00,"50,31169951060173","433,4776175984723","0,0"
2030-02-19 20:00:00,"0,0","45,280529559541556","0,0"
2030-02-19 21:00:00,"0,0","0,0","0,0"
2030-02-19 22:00:00,"0,0","0,0","0,0"
2030-02-19 23:00:00,"433,4776175984723","0,0","433,4776175984723"
2030-02-20 00:00:00,"866,9552351969446","0,0","433,4776175984723"
2030-02-20 01:00:00,"866,9552351969446","0,0","0,0"
2030-02-20 02:00:00,"1300,432852795417","0,0","433,4776175984723"
2030-02-20 03:00:00,"1425,2720159973794","0,0","124,83916320196249"
2030-02-20 04:00:00,"1425,2720159973794","0,0","0,0"
2030-02-20 05:00:00,"1425,2720159973794","0,0","0,0"
2030-02-20 06:00:00,"943,6302186657435","433,4776175984723","0,0"
2030-02-20 07:00:00,"461,98842133410756","433,4776175984723","0,0"
2030-02-20 08:00:00,"0,0","415,7895792006968","0,0"
2030-02-20 09:00:00,"0,0","0,0","0,0"
2030-02-20 10:00:00,"0,0","0,0","0,0"
2030-02-20 11:00:00,"433,4776175984723","0,0","433,4776175984723"
2030-02-20 12:00:00,"755,90694997836","0,0","322,4293323798877"
2030-02-20 13:00:00,"1189,3845675768323","0,0","433,4776175984723"
2030-02-20 14:00:00,"1189,3845675768323","0,0","0,0"
2030-02-20 15:00:00,"1189,3845675768323","0,0","0,0"
2030-02-20 16:00:00,"1189,3845675768323","0,0","0,0"
2030-02-20 17:00:00,"707,7427702451964","433,4776175984723","0,0"
2030-02-20 18:00:00,"226,10097291356044","433,4776175984723","0,0"
2030-02-20 19:00:00,"226,10097291356044","0,0","0,0"
2030-02-20 20:00:00,"226,10097291356044","0,0","0,0"
2030-02-20 21:00:00,"226,10097291356044","0,0","0,0"
2030-02-20 22:00:00,"4,564707375957685","199,38263898384247","0,0"
2030-02-20 23:00:00,"0,0","4,108236638361916","0,0"
2030-02-21 00:00:00,"0,0","0,0","0,0"
2030-02-21 01:00:00,"433,4776175984723","0,0","433,4776175984723"
2030-02-21 02:00:00,"866,9552351969446","0,0","433,4776175984723"
2030-02-21 03:00:00,"1300,432852795417","0,0","433,4776175984723"
2030-02-21 04:00:00,"1733,9104703938892","0,0","433,4776175984723"
2030-02-21 05:00:00,"1444,9253919949078","260,0865705590832","0,0"
2030-02-21 06:00:00,"963,2835946632719","433,4776175984723","0,0"
2030-02-21 07:00:00,"481,6417973316359","433,4776175984723","0,0"
2030-02-21 08:00:00,"0,0","433,4776175984723","0,0"
2030-02-21 09:00:00,"0,0","0,0","0,0"
2030-02-21 10:00:00,"0,0","0,0","0,0"
2030-02-21 11:00:00,"0,0","0,0","0,0"
2030-02-21 12:00:00,"433,4776175984723","0,0","433,4776175984723"
2030-02-21 13:00:00,"866,9552351969446","0,0","433,4776175984723"
2030-02-21 14:00:00,"1300,432852795417","0,0","433,4776175984723"
2030-02-21 15:00:00,"1300,432852795417","0,0","0,0"
2030-02-21 16:00:00,"963,2835946632719","303,43433231893056","0,0"
2030-02-21 17:00:00,"481,6417973316359","433,4776175984723","0,0"
2030-02-21 18:00:00,"0,0","433,4776175984723","0,0"
2030-02-21 19:00:00,"0,0","0,0","0,0"
2030-02-21 20:00:00,"0,0","0,0","0,0"
2030-02-21 21:00:00,"0,0","0,0","0,0"
2030-02-21 22:00:00,"0,0","0,0","0,0"
2030-02-21 23:00:00,"0,0","0,0","0,0"
2030-02-22 00:00:00,"0,0","0,0","0,0"
2030-02-22 01:00:00,"0,0","0,0","0,0"
2030-02-22 02:00:00,"0,0","0,0","0,0"
2030-02-22 03:00:00,"0,0","0,0","0,0"
2030-02-22 04:00:00,"0,0","0,0","0,0"
2030-02-22 05:00:00,"0,0","0,0","0,0"
2030-02-22 06:00:00,"0,0","0,0","0,0"
2030-02-22 07:00:00,"0,0","0,0","0,0"
2030-02-22 08:00:00,"0,0","0,0","0,0"
2030-02-22 09:00:00,"0,0","0,0","0,0"
2030-02-22 10:00:00,"0,0","0,0","0,0"
2030-02-22 11:00:00,"0,0","0,0","0,0"
2030-02-22 12:00:00,"0,0","0,0","0,0"
2030-02-22 13:00:00,"0,0","0,0","0,0"
2030-02-22 14:00:00,"0,0","0,0","0,0"
2030-02-22 15:00:00,"0,0","0,0","0,0"
2030-02-22 16:00:00,"0,0","0,0","0,0"
2030-02-22 17:00:00,"0,0","0,0","0,0"
2030-02-22 18:00:00,"433,4776175984723","0,0","433,4776175984723"
2030-02-22 19:00:00,"866,9552351969446","0,0","433,4776175984723"
2030-02-22 20:00:00,"866,9552351969446","0,0","0,0"
2030-02-22 21:00:00,"866,9552351969446","0,0","0,0"
2030-02-22 22:00:00,"699,2108036276185","150,96998841239355","0,0"
2030-02-22 23:00:00,"404,1658455111002","265,5404623048664","0,0"
2030-02-23 00:00:00,"404,1658455111002","0,0","0,0"
2030-02-23 01:00:00,"0,0","363,7492609599902","0,0"
2030-02-23 02:00:00,"0,0","0,0","0,0"
2030-02-23 03:00:00,"433,4776175984723","0,0","433,4776175984723"
2030-02-23 04:00:00,"866,9552351969446","0,0","433,4776175984723"
2030-02-23 05:00:00,"1300,432852795417","0,0","433,4776175984723"
2030-02-23 06:00:00,"1733,9104703938892","0,0","433,4776175984723"
2030-02-23 07:00:00,"1733,9104703938892","0,0","0,0"
2030-02-23 08:00:00,"1733,9104703938892","0,0","0,0"
2030-02-23 09:00:00,"1733,9104703938892","0,0","0,0"
2030-02-23 10:00:00,"1733,9104703938892","0,0","0,0"
2030-02-23 11:00:00,"1733,9104703938892","0,0","0,0"
2030-02-23 12:00:00,"1733,9104703938892","0,0","0,0"
2030-02-23 13:00:00,"1733,9104703938892","0,0","0,0"
2030-02-23 14:00:00,"1733,9104703938892","0,0","0,0"
2030-02-23 15:00:00,"1733,9104703938892","0,0","0,0"
2030-02-23 16:00:00,"1733,9104703938892","0,0","0,0"
2030-02-23 17:00:00,"1733,9104703938892","0,0","0,0"
2030-02-23 18:00:00,"1252,2686730622534","433,4776175984723","0,0"
2030-02-23 19:00:00,"770,6268757306175","433,4776175984723","0,0"
2030-02-23 20:00:00,"288,98507839898156","433,4776175984723","0,0"
2030-02-23 21:00:00,"0,0","260,0865705590834","0,0"
2030-02-23 22:00:00,"0,0","0,0","0,0"
2030-02-23 23:00:00,"0,0","0,0","0,0"
2030-02-24 00:00:00,"0,0","0,0","0,0"
2030-02-24 01:00:00,"0,0","0,0","0,0"
2030-02-24 02:00:00,"0,0","0,0","0,0"
2030-02-24 03:00:00,"0,0","0,0","0,0"
2030-02-24 04:00:00,"0,0","0,0","0,0"
2030-02-24 05:00:00,"0,0","0,0","0,0"
2030-02-24 06:00:00,"0,0","0,0","0,0"
2030-02-24 07:00:00,"433,4776175984723","0,0","433,4776175984723"
2030-02-24 08:00:00,"433,4776175984723","0,0","0,0"
2030-02-24 09:00:00,"433,4776175984723","0,0","0,0"
2030-02-24 10:00:00,"866,9552351969446","0,0","433,4776175984723"
2030-02-24 11:00:00,"941,9326038102247","0,0","74,97736861328013"
2030-02-24 12:00:00,"941,9326038102247","0,0","0,0"
2030-02-24 13:00:00,"941,9326038102247","0,0","0,0"
2030-02-24 14:00:00,"1375,410221408697","0,0","433,4776175984723"
2030-02-24 15:00:00,"1733,9104703938892","0,0","358,50024898519223"
2030-02-24 16:00:00,"1733,9104703938892","0,0","0,0"
2030-02-24 17:00:00,"1252,2686730622534","433,4776175984723","0,0"
2030-02-24 18:00:00,"770,6268757306174","433,4776175984723","0,0"
2030-02-24 19:00:00,"288,98507839898144","433,4776175984723","0,0"
2030-02-24 20:00:00,"288,98507839898144","0,0","0,0"
2030-02-24 21:00:00,"722,4626959974539","0,0","433,4776175984723"
2030-02-24 22:00:00,"697,3493889828956","22,60197631310257","0,0"
2030-02-24 23:00:00,"481,6417973316359","194,13683248613367","0,0"
2030-02-25 00:00:00,"0,0","433,4776175984723","0,0"
2030-02-25 01:00:00,"0,2781369836633871","0,0","0,2781369836633871"
2030-02-25 02:00:00,"433,7557545821357","0,0","433,4776175984723"
2030-02-25 03:00:00,"867,2333721806081","0,0","433,4776175984723"
2030-02-25 04:00:00,"1300,7109897790804","0,0","433,4776175984723"
2030-02-25 05:00:00,"1300,7109897790804","0,0","0,0"
2030-02-25 06:00:00,"1297,8372596232884","2,586357140213636","0,0"
2030-02-25 07:00:00,"941,5749152435744","320,6361099417426","0,0"
2030-02-25 08:00:00,"501,3739057115557","396,1809085788168","0,0"
2030-02-25 09:00:00,"351,965352102751","134,4676982479242","0,0"
2030-02-25 10:00:00,"586,915321852196","0,0","234,94996974944502"
2030-02-25 11:00:00,"857,0351942280853","0,0","270,11987237588926"
2030-02-25 12:00:00,"1290,5128118265577","0,0","433,4776175984723"
2030-02-25 13:00:00,"1723,99042942503","0,0","433,4776175984723"
2030-02-25 14:00:00,"1733,9104703938892","0,0","9,920040968859325"
2030-02-25 15:00:00,"1733,9104703938892","0,0","0,0"
2030-02-25 16:00:00,"1371,1502847154295","326,48416711061367","0,0"
2030-02-25 17:00:00,"889,5084873837936","433,4776175984723","0,0"
2030-02-25 18:00:00,"407,8666900521577","433,4776175984723","0,0"
2030-02-25 19:00:00,"0,0","367,0800210469419","0,0"
2030-02-25 20:00:00,"0,0","0,0","0,0"
2030-02-25 21:00:00,"0,0","0,0","0,0"
2030-02-25 22:00:00,"0,0","0,0","0,0"
2030-02-25 23:00:00,"0,0","0,0","0,0"
2030-02-26 00:00:00,"0,0","0,0","0,0"
2030-02-26 01:00:00,"433,4776175984723","0,0","433,4776175984723"
2030-02-26 02:00:00,"866,9552351969446","0,0","433,4776175984723"
2030-02-26 03:00:00,"1300,432852795417","0,0","433,4776175984723"
2030-02-26 04:00:00,"1733,9104703938892","0,0","433,4776175984723"
2030-02-26 05:00:00,"1444,9253919949078","260,0865705590832","0,0"
2030-02-26 06:00:00,"963,2835946632719","433,4776175984723","0,0"
2030-02-26 07:00:00,"481,6417973316359","433,4776175984723","0,0"
2030-02-26 08:00:00,"0,0","433,4776175984723","0,0"
2030-02-26 09:00:00,"0,0","0,0","0,0"
2030-02-26 10:00:00,"433,4776175984723","0,0","433,4776175984723"
2030-02-26 11:00:00,"866,9552351969446","0,0","433,4776175984723"
2030-02-26 12:00:00,"1300,432852795417","0,0","433,4776175984723"
2030-02-26 13:00:00,"1733,9104703938892","0,0","433,4776175984723"
2030-02-26 14:00:00,"1733,9104703938892","0,0","0,0"
2030-02-26 15:00:00,"1733,9104703938892","0,0","0,0"
2030-02-26 16:00:00,"1733,9104703938892","0,0","0,0"
2030-02-26 17:00:00,"1733,9104703938892","0,0","0,0"
2030-02-26 18:00:00,"1733,9104703938892","0,0","0,0"
2030-02-26 19:00:00,"1733,9104703938892","0,0","0,0"
2030-02-26 20:00:00,"1733,9104703938892","0,0","0,0"
2030-02-26 21:00:00,"1733,9104703938892","0,0","0,0"
2030-02-26 22:00:00,"1733,9104703938892","0,0","0,0"
2030-02-26 23:00:00,"1733,9104703938892","0,0","0,0"
2030-02-27 00:00:00,"1733,9104703938892","0,0","0,0"
2030-02-27 01:00:00,"1733,9104703938892","0,0","0,0"
2030-02-27 02:00:00,"1733,9104703938892","0,0","0,0"
2030-02-27 03:00:00,"1733,9104703938892","0,0","0,0"
2030-02-27 04:00:00,"1733,9104703938892","0,0","0,0"
2030-02-27 05:00:00,"1733,9104703938892","0,0","0,0"
2030-02-27 06:00:00,"1395,5419920846905","304,5316304782788","0,0"
2030-02-27 07:00:00,"913,9001947530546","433,4776175984723","0,0"
2030-02-27 08:00:00,"432,25839742141864","433,4776175984723","0,0"
2030-02-27 09:00:00,"432,25839742141864","0,0","0,0"
2030-02-27 10:00:00,"432,25839742141864","0,0","0,0"
2030-02-27 11:00:00,"432,25839742141864","0,0","0,0"
2030-02-27 12:00:00,"432,25839742141864","0,0","0,0"
2030-02-27 13:00:00,"432,25839742141864","0,0","0,0"
2030-02-27 14:00:00,"432,25839742141864","0,0","0,0"
2030-02-27 15:00:00,"324,1092332460814","97,33424775780355","0,0"
2030-02-27 16:00:00,"481,6417973316359","0,0","157,53256408555455"
2030-02-27 17:00:00,"481,6417973316359","0,0","0,0"
2030-02-27 18:00:00,"0,0","433,4776175984723","0,0"
2030-02-27 19:00:00,"0,0","0,0","0,0"
2030-02-27 20:00:00,"0,0","0,0","0,0"
2030-02-27 21:00:00,"0,0","0,0","0,0"
2030-02-27 22:00:00,"0,0","0,0","0,0"
2030-02-27 23:00:00,"433,4776175984723","0,0","433,4776175984723"
2030-02-28 00:00:00,"866,9552351969446","0,0","433,4776175984723"
2030-02-28 01:00:00,"1300,432852795417","0,0","433,4776175984723"
2030-02-28 02:00:00,"1300,432852795417","0,0","0,0"
2030-02-28 03:00:00,"1733,9104703938892","0,0","433,4776175984723"
2030-02-28 04:00:00,"1733,9104703938892","0,0","0,0"
2030-02-28 05:00:00,"1733,9104703938892","0,0","0,0"
2030-02-28 06:00:00,"1252,2686730622534","433,4776175984723","0,0"
2030-02-28 07:00:00,"866,9552351969446","346,78209407877785","0,0"
2030-02-28 08:00:00,"866,9552351969446","0,0","0,0"
2030-02-28 09:00:00,"1300,432852795417","0,0","433,4776175984723"
2030-02-28 10:00:00,"1733,9104703938892","0,0","433,4776175984723"
2030-02-28 11:00:00,"1733,9104703938892","0,0","0,0"
2030-02-28 12:00:00,"1733,9104703938892","0,0","0,0"
2030-02-28 13:00:00,"1733,9104703938892","0,0","0,0"
2030-02-28 14:00:00,"1733,9104703938892","0,0","0,0"
2030-02-28 15:00:00,"1733,9104703938892","0,0","0,0"
2030-02-28 16:00:00,"1252,2686730622534","433,4776175984723","0,0"
2030-02-28 17:00:00,"770,6268757306175","433,4776175984723","0,0"
2030-02-28 18:00:00,"288,98507839898156","433,4776175984723","0,0"
2030-02-28 19:00:00,"0,0","260,0865705590834","0,0"
2030-02-28 20:00:00,"0,0","0,0","0,0"
2030-02-28 21:00:00,"0,0","0,0","0,0"
2030-02-28 22:00:00,"0,0","0,0","0,0"
2030-02-28 23:00:00,"43,41554493982808","0,0","43,41554493982808"
2030-03-01 00:00:00,"434,8636995113353","0,0","391,44815457150725"
2030-03-01 01:00:00,"868,3413171098076","0,0","433,4776175984723"
2030-03-01 02:00:00,"1301,8189347082798","0,0","433,4776175984723"
2030-03-01 03:00:00,"1301,8189347082798","0,0","0,0"
2030-03-01 04:00:00,"1444,9253919949078","0,0","143,10645728662803"
2030-03-01 05:00:00,"963,2835946632719","433,4776175984723","0,0"
2030-03-01 06:00:00,"481,6417973316359","433,4776175984723","0,0"
2030-03-01 07:00:00,"0,0","433,4776175984723","0,0"
2030-03-01 08:00:00,"0,0","0,0","0,0"
2030-03-01 09:00:00,"0,0","0,0","0,0"
2030-03-01 10:00:00,"433,4776175984723","0,0","433,4776175984723"
2030-03-01 11:00:00,"433,4776175984723","0,0","0,0"
2030-03-01 12:00:00,"866,9552351969446","0,0","433,4776175984723"
2030-03-01 13:00:00,"1300,432852795417","0,0","433,4776175984723"
2030-03-01 14:00:00,"1733,9104703938892","0,0","433,4776175984723"
2030-03-01 15:00:00,"1733,9104703938892","0,0","0,0"
2030-03-01 16:00:00,"1252,2686730622534","433,4776175984723","0,0"
2030-03-01 17:00:00,"770,6268757306175","433,4776175984723","0,0"
2030-03-01 18:00:00,"288,98507839898156","433,4776175984723","0,0"
2030-03-01 19:00:00,"0,0","260,0865705590834","0,0"
2030-03-01 20:00:00,"0,0","0,0","0,0"
2030-03-01 21:00:00,"0,0","0,0","0,0"
2030-03-01 22:00:00,"0,0","0,0","0,0"
2030-03-01 23:00:00,"0,0","0,0","0,0"
2030-03-02 00:00:00,"0,0","0,0","0,0"
2030-03-02 01:00:00,"0,0","0,0","0,0"
2030-03-02 02:00:00,"0,0","0,0","0,0"
2030-03-02 03:00:00,"0,0","0,0","0,0"
2030-03-02 04:00:00,"0,0","0,0","0,0"
2030-03-02 05:00:00,"0,0","0,0","0,0"
2030-03-02 06:00:00,"0,0","0,0","0,0"
2030-03-02 07:00:00,"433,4776175984723","0,0","433,4776175984723"
2030-03-02 08:00:00,"866,9552351969446","0,0","433,4776175984723"
2030-03-02 09:00:00,"663,9274397584217","182,72501589467066","0,0"
2030-03-02 10:00:00,"182,28564242678573","433,4776175984723","0,0"
2030-03-02 11:00:00,"0,0","164,05707818410716","0,0"
2030-03-02 12:00:00,"291,5620433879876","0,0","291,5620433879876"
2030-03-02 13:00:00,"334,1770709665755","0,0","42,6150275785879"
2030-03-02 14:00:00,"679,3315149768013","0,0","345,15444401022575"
2030-03-02 15:00:00,"1112,8091325752735","0,0","433,4776175984723"
2030-03-02 16:00:00,"1112,8091325752735","0,0","0,0"
2030-03-02 17:00:00,"1024,6912835628689","79,30606411116412","0,0"
2030-03-02 18:00:00,"543,049486231233","433,4776175984723","0,0"
2030-03-02 19:00:00,"251,68095723531843","262,23167609632316","0,0"
2030-03-02 20:00:00,"251,68095723531843","0,0","0,0"
2030-03-02 21:00:00,"251,68095723531843","0,0","0,0"
2030-03-02 22:00:00,"0,0","226,51286151178658","0,0"
2030-03-02 23:00:00,"0,0","0,0","0,0"
2030-03-03 00:00:00,"0,0","0,0","0,0"
2030-03-03 01:00:00,"0,0","0,0","0,0"
2030-03-03 02:00:00,"0,0","0,0","0,0"
2030-03-03 03:00:00,"0,0","0,0","0,0"
2030-03-03 04:00:00,"0,0","0,0","0,0"
2030-03-03 05:00:00,"0,0","0,0","0,0"
2030-03-03 06:00:00,"0,0","0,0","0,0"
2030-03-03 07:00:00,"0,0","0,0","0,0"
2030-03-03 08:00:00,"221,15329361619615","0,0","221,15329361619615"
2030-03-03 09:00:00,"654,6309112146685","0,0","433,4776175984723"
2030-03-03 10:00:00,"654,6309112146685","0,0","0,0"
2030-03-03 11:00:00,"654,6309112146685","0,0","0,0"
2030-03-03 12:00:00,"735,4073294661753","0,0","80,77641825150687"
2030-03-03 13:00:00,"739,0696901012186","0,0","3,662360635043399"
2030-03-03 14:00:00,"739,0696901012186","0,0","0,0"
2030-03-03 15:00:00,"963,2835946632719","0,0","224,2139045620532"
2030-03-03 16:00:00,"963,2835946632719","0,0","0,0"
2030-03-03 17:00:00,"481,6417973316359","433,4776175984723","0,0"
2030-03-03 18:00:00,"0,0","433,4776175984723","0,0"
2030-03-03 19:00:00,"0,0","0,0","0,0"
2030-03-03 20:00:00,"0,0","0,0","0,0"
2030-03-03 21:00:00,"107,01956513444526","0,0","107,01956513444526"
2030-03-03 22:00:00,"372,1106895687939","0,0","265,0911244343486"
2030-03-03 23:00:00,"463,1174784282936","0,0","91,00678885949975"
2030-03-04 00:00:00,"896,595096026766","0,0","433,4776175984723"
2030-03-04 01:00:00,"1093,5151916160778","0,0","196,92009558931187"
2030-03-04 02:00:00,"1093,5151916160778","0,0","0,0"
2030-03-04 03:00:00,"1093,5151916160778","0,0","0,0"
2030-03-04 04:00:00,"1093,5151916160778","0,0","0,0"
2030-03-04 05:00:00,"963,2835946632719","117,20843725752535","0,0"
2030-03-04 06:00:00,"481,6417973316359","433,4776175984723","0,0"
2030-03-04 07:00:00,"0,0","433,4776175984723","0,0"
2030-03-04 08:00:00,"433,4776175984723","0,0","433,4776175984723"
2030-03-04 09:00:00,"866,9552351969446","0,0","433,4776175984723"
2030-03-04 10:00:00,"1300,432852795417","0,0","433,4776175984723"
2030-03-04 11:00:00,"1733,9104703938892","0,0","433,4776175984723"
2030-03-04 12:00:00,"1733,9104703938892","0,0","0,0"
2030-03-04 13:00:00,"1733,9104703938892","0,0","0,0"
2030-03-04 14:00:00,"1733,9104703938892","0,0","0,0"
2030-03-04 15:00:00,"1733,9104703938892","0,0","0,0"
2030-03-04 16:00:00,"1733,9104703938892","0,0","0,0"
2030-03-04 17:00:00,"1733,9104703938892","0,0","0,0"
2030-03-04 18:00:00,"1733,9104703938892","0,0","0,0"
2030-03-04 19:00:00,"1733,9104703938892","0,0","0,0"
2030-03-04 20:00:00,"1733,9104703938892","0,0","0,0"
2030-03-04 21:00:00,"1733,9104703938892","0,0","0,0"
2030-03-04 22:00:00,"1733,9104703938892","0,0","0,0"
2030-03-04 23:00:00,"1733,9104703938892","0,0","0,0"
2030-03-05 00:00:00,"1733,9104703938892","0,0","0,0"
2030-03-05 01:00:00,"1733,9104703938892","0,0","0,0"
2030-03-05 02:00:00,"1733,9104703938892","0,0","0,0"
2030-03-05 03:00:00,"1733,9104703938892","0,0","0,0"
2030-03-05 04:00:00,"1733,9104703938892","0,0","0,0"
2030-03-05 05:00:00,"1417,9047144456931","284,40518035337647","0,0"
2030-03-05 06:00:00,"936,2629171140572","433,4776175984723","0,0"
2030-03-05 07:00:00,"454,6211197824213","433,4776175984723","0,0"
2030-03-05 08:00:00,"0,0","409,15900780417917","0,0"
2030-03-05 09:00:00,"0,0","0,0","0,0"
2030-03-05 10:00:00,"0,0","0,0","0,0"
2030-03-05 11:00:00,"0,0","0,0","0,0"
2030-03-05 12:00:00,"433,4776175984723","0,0","433,4776175984723"
2030-03-05 13:00:00,"481,6417973316359","0,0","48,16417973316362"
2030-03-05 14:00:00,"481,6417973316359","0,0","0,0"
2030-03-05 15:00:00,"481,6417973316359","0,0","0,0"
2030-03-05 16:00:00,"481,6417973316359","0,0","0,0"
2030-03-05 17:00:00,"481,6417973316359","0,0","0,0"
2030-03-05 18:00:00,"0,0","433,4776175984723","0,0"
2030-03-05 19:00:00,"0,0","0,0","0,0"
2030-03-05 20:00:00,"0,0","0,0","0,0"
2030-03-05 21:00:00,"0,0","0,0","0,0"
2030-03-05 22:00:00,"402,718734677198","0,0","402,718734677198"
2030-03-05 23:00:00,"836,1963522756703","0,0","433,4776175984723"
2030-03-06 00:00:00,"1269,6739698741426","0,0","433,4776175984723"
2030-03-06 01:00:00,"1269,6739698741426","0,0","0,0"
2030-03-06 02:00:00,"1269,6739698741426","0,0","0,0"
2030-03-06 03:00:00,"1269,6739698741426","0,0","0,0"
2030-03-06 04:00:00,"1269,6739698741426","0,0","0,0"
2030-03-06 05:00:00,"788,0321725425067","433,4776175984723","0,0"
2030-03-06 06:00:00,"470,951325550657","285,37276229266473","0,0"
2030-03-06 07:00:00,"146,81169026132056","291,72567176040275","0,0"
2030-03-06 08:00:00,"0,0","132,1305212351885","0,0"
2030-03-06 09:00:00,"0,0","0,0","0,0"
2030-03-06 10:00:00,"433,4776175984723","0,0","433,4776175984723"
2030-03-06 11:00:00,"866,9552351969446","0,0","433,4776175984723"
2030-03-06 12:00:00,"1300,432852795417","0,0","433,4776175984723"
2030-03-06 13:00:00,"1733,9104703938892","0,0","433,4776175984723"
2030-03-06 14:00:00,"1733,9104703938892","0,0","0,0"
2030-03-06 15:00:00,"1733,9104703938892","0,0","0,0"
2030-03-06 16:00:00,"1733,9104703938892","0,0","0,0"
2030-03-06 17:00:00,"1252,2686730622534","433,4776175984723","0,0"
2030-03-06 18:00:00,"770,6268757306175","433,4776175984723","0,0"
2030-03-06 19:00:00,"288,98507839898156","433,4776175984723","0,0"
2030-03-06 20:00:00,"0,0","260,0865705590834","0,0"
2030-03-06 21:00:00,"0,0","0,0","0,0"
2030-03-06 22:00:00,"0,0","0,0","0,0"
2030-03-06 23:00:00,"433,4776175984723","0,0","433,4776175984723"
2030-03-07 00:00:00,"433,4776175984723","0,0","0,0"
2030-03-07 01:00:00,"866,9552351969446","0,0","433,4776175984723"
2030-03-07 02:00:00,"1300,432852795417","0,0","433,4776175984723"
2030-03-07 03:00:00,"1417,1913283175134","0,0","116,75847552209638"
2030-03-07 04:00:00,"1733,9104703938892","0,0","316,7191420763759"
2030-03-07 05:00:00,"1674,637318086155","53,3458370769609","0,0"
2030-03-07 06:00:00,"1192,995520754519","433,4776175984723","0,0"
2030-03-07 07:00:00,"711,3537234228831","433,4776175984723","0,0"
2030-03-07 08:00:00,"229,71192609124728","433,4776175984723","0,0"
2030-03-07 09:00:00,"0,0","206,74073348212255","0,0"
2030-03-07 10:00:00,"0,0","0,0","0,0"
2030-03-07 11:00:00,"433,4776175984723","0,0","433,4776175984723"
2030-03-07 12:00:00,"866,9552351969446","0,0","433,4776175984723"
2030-03-07 13:00:00,"1300,432852795417","0,0","433,4776175984723"
2030-03-07 14:00:00,"1733,9104703938892","0,0","433,4776175984723"
2030-03-07 15:00:00,"1733,9104703938892","0,0","0,0"
2030-03-07 16:00:00,"1252,2686730622534","433,4776175984723","0,0"
2030-03-07 17:00:00,"770,6268757306175","433,4776175984723","0,0"
2030-03-07 18:00:00,"288,98507839898156","433,4776175984723","0,0"
2030-03-07 19:00:00,"0,0","260,0865705590834","0,0"
2030-03-07 20:00:00,"0,0","0,0","0,0"
2030-03-07 21:00:00,"0,0","0,0","0,0"
2030-03-07 22:00:00,"0,0","0,0","0,0"
2030-03-07 23:00:00,"0,0","0,0","0,0"
2030-03-08 00:00:00,"433,4776175984723","0,0","433,4776175984723"
2030-03-08 01:00:00,"866,9552351969446","0,0","433,4776175984723"
2030-03-08 02:00:00,"1300,432852795417","0,0","433,4776175984723"
2030-03-08 03:00:00,"1733,9104703938892","0,0","433,4776175984723"
2030-03-08 04:00:00,"1733,9104703938892","0,0","0,0"
2030-03-08 05:00:00,"1444,9253919949078","260,0865705590832","0,0"
2030-03-08 06:00:00,"963,2835946632719","433,4776175984723","0,0"
2030-03-08 07:00:00,"481,6417973316359","433,4776175984723","0,0"
2030-03-08 08:00:00,"0,0","433,4776175984723","0,0"
2030-03-08 09:00:00,"0,0","0,0","0,0"
2030-03-08 10:00:00,"0,0","0,0","0,0"
2030-03-08 11:00:00,"433,4776175984723","0,0","433,4776175984723"
2030-03-08 12:00:00,"866,9552351969446","0,0","433,4776175984723"
2030-03-08 13:00:00,"1300,432852795417","0,0","433,4776175984723"
2030-03-08 14:00:00,"1733,9104703938892","0,0","433,4776175984723"
2030-03-08 15:00:00,"1733,9104703938892","0,0","0,0"
2030-03-08 16:00:00,"1252,2686730622534","433,4776175984723","0,0"
2030-03-08 17:00:00,"770,6268757306175","433,4776175984723","0,0"
2030-03-08 18:00:00,"288,98507839898156","433,4776175984723","0,0"
2030-03-08 19:00:00,"0,0","260,0865705590834","0,0"
2030-03-08 20:00:00,"0,0","0,0","0,0"
2030-03-08 21:00:00,"0,0","0,0","0,0"
2030-03-08 22:00:00,"0,0","0,0","0,0"
2030-03-08 23:00:00,"0,0","0,0","0,0"
2030-03-09 00:00:00,"0,0","0,0","0,0"
2030-03-09 01:00:00,"433,4776175984723","0,0","433,4776175984723"
2030-03-09 02:00:00,"866,9552351969446","0,0","433,4776175984723"
2030-03-09 03:00:00,"1300,432852795417","0,0","433,4776175984723"
2030-03-09 04:00:00,"1711,1072479204888","0,0","410,67439512507195"
2030-03-09 05:00:00,"1229,465450588853","433,4776175984723","0,0"
2030-03-09 06:00:00,"747,8236532572171","433,4776175984723","0,0"
2030-03-09 07:00:00,"747,8236532572171","0,0","0,0"
2030-03-09 08:00:00,"747,8236532572171","0,0","0,0"
2030-03-09 09:00:00,"747,8236532572171","0,0","0,0"
2030-03-09 10:00:00,"747,8236532572171","0,0","0,0"
2030-03-09 11:00:00,"747,8236532572171","0,0","0,0"
2030-03-09 12:00:00,"747,8236532572171","0,0","0,0"
2030-03-09 13:00:00,"1168,208063917362","0,0","420,3844106601451"
2030-03-09 14:00:00,"1601,6856815158344","0,0","433,4776175984723"
2030-03-09 15:00:00,"1586,6531284991981","13,52929771497263","0,0"
2030-03-09 16:00:00,"1733,9104703938892","0,0","147,25734189469114"
2030-03-09 17:00:00,"1733,9104703938892","0,0","0,0"
2030-03-09 18:00:00,"1575,1666501724824","142,86943819926614","0,0"
2030-03-09 19:00:00,"1093,5248528408465","433,4776175984723","0,0"
2030-03-09 20:00:00,"1260,467537753217","0,0","166,94268491237045"
2030-03-09 21:00:00,"1693,9451553516892","0,0","433,4776175984723"
2030-03-09 22:00:00,"1693,9451553516892","0,0","0,0"
2030-03-09 23:00:00,"1733,9104703938892","0,0","39,96531504220002"
2030-03-10 00:00:00,"1733,9104703938892","0,0","0,0"
2030-03-10 01:00:00,"1733,9104703938892","0,0","0,0"
2030-03-10 02:00:00,"1733,9104703938892","0,0","0,0"
2030-03-10 03:00:00,"1463,9163677649929","242,9946923660067","0,0"
2030-03-10 04:00:00,"982,274570433357","433,4776175984723","0,0"
2030-03-10 05:00:00,"706,6097592188378","248,09833009306726","0,0"
2030-03-10 06:00:00,"963,4049672496642","0,0","256,7952080308265"
2030-03-10 07:00:00,"481,76316991802827","433,4776175984723","0,0"
2030-03-10 08:00:00,"481,76316991802827","0,0","0,0"
2030-03-10 09:00:00,"235,15500277406267","221,94735042956904","0,0"
2030-03-10 10:00:00,"668,632620372535","0,0","433,4776175984723"
2030-03-10 11:00:00,"1102,1102379710073","0,0","433,4776175984723"
2030-03-10 12:00:00,"1300,432852795417","0,0","198,32261482440958"
2030-03-10 13:00:00,"1733,9104703938892","0,0","433,4776175984723"
2030-03-10 14:00:00,"1733,9104703938892","0,0","0,0"
2030-03-10 15:00:00,"1733,9104703938892","0,0","0,0"
2030-03-10 16:00:00,"1733,9104703938892","0,0","0,0"
2030-03-10 17:00:00,"1733,9104703938892","0,0","0,0"
2030-03-10 18:00:00,"1733,9104703938892","0,0","0,0"
2030-03-10 19:00:00,"1733,9104703938892","0,0","0,0"
2030-03-10 20:00:00,"1733,9104703938892","0,0","0,0"
2030-03-10 21:00:00,"1733,9104703938892","0,0","0,0"
2030-03-10 22:00:00,"1733,9104703938892","0,0","0,0"
2030-03-10 23:00:00,"1733,9104703938892","0,0","0,0"
2030-03-11 00:00:00,"1733,9104703938892","0,0","0,0"
2030-03-11 01:00:00,"1733,9104703938892","0,0","0,0"
2030-03-11 02:00:00,"1733,9104703938892","0,0","0,0"
2030-03-11 03:00:00,"1733,9104703938892","0,0","0,0"
2030-03-11 04:00:00,"1733,9104703938892","0,0","0,0"
2030-03-11 05:00:00,"1733,9104703938892","0,0","0,0"
2030-03-11 06:00:00,"1733,9104703938892","0,0","0,0"
2030-03-11 07:00:00,"1733,9104703938892","0,0","0,0"
2030-03-11 08:00:00,"1733,9104703938892","0,0","0,0"
2030-03-11 09:00:00,"1733,9104703938892","0,0","0,0"
2030-03-11 10:00:00,"1733,9104703938892","0,0","0,0"
2030-03-11 11:00:00,"1733,9104703938892","0,0","0,0"
2030-03-11 12:00:00,"1733,9104703938892","0,0","0,0"
2030-03-11 13:00:00,"1733,9104703938892","0,0","0,0"
2030-03-11 14:00:00,"1733,9104703938892","0,0","0,0"
2030-03-11 15:00:00,"1733,9104703938892","0,0","0,0"
2030-03-11 16:00:00,"1733,9104703938892","0,0","0,0"
2030-03-11 17:00:00,"1252,2686730622534","433,4776175984723","0,0"
2030-03-11 18:00:00,"770,6268757306175","433,4776175984723","0,0"
2030-03-11 19:00:00,"288,98507839898156","433,4776175984723","0,0"
2030-03-11 20:00:00,"48,16417973316362","216,73880879923612","0,0"
2030-03-11 21:00:00,"48,16417973316362","0,0","0,0"
2030-03-11 22:00:00,"48,16417973316362","0,0","0,0"
2030-03-11 23:00:00,"48,16417973316362","0,0","0,0"
2030-03-12 00:00:00,"48,16417973316362","0,0","0,0"
2030-03-12 01:00:00,"48,16417973316362","0,0","0,0"
2030-03-12 02:00:00,"481,6417973316359","0,0","433,4776175984723"
2030-03-12 03:00:00,"481,6417973316359","0,0","0,0"
2030-03-12 04:00:00,"481,6417973316359","0,0","0,0"
2030-03-12 05:00:00,"481,6417973316359","0,0","0,0"
2030-03-12 06:00:00,"0,0","433,4776175984723","0,0"
2030-03-12 07:00:00,"0,0","0,0","0,0"
2030-03-12 08:00:00,"0,0","0,0","0,0"
2030-03-12 09:00:00,"0,0","0,0","0,0"
2030-03-12 10:00:00,"433,4776175984723","0,0","433,4776175984723"
2030-03-12 11:00:00,"623,6311741500924","0,0","190,1535565516201"
2030-03-12 12:00:00,"1057,1087917485647","0,0","433,4776175984723"
2030-03-12 13:00:00,"1057,1087917485647","0,0","0,0"
2030-03-12 14:00:00,"1490,586409347037","0,0","433,4776175984723"
2030-03-12 15:00:00,"1612,3364981481607","0,0","121,75008880112358"
2030-03-12 16:00:00,"1612,3364981481607","0,0","0,0"
2030-03-12 17:00:00,"1612,3364981481607","0,0","0,0"
2030-03-12 18:00:00,"1612,3364981481607","0,0","0,0"
2030-03-12 19:00:00,"1612,3364981481607","0,0","0,0"
2030-03-12 20:00:00,"1612,3364981481607","0,0","0,0"
2030-03-12 21:00:00,"1612,3364981481607","0,0","0,0"
2030-03-12 22:00:00,"1612,3364981481607","0,0","0,0"
2030-03-12 23:00:00,"1612,3364981481607","0,0","0,0"
2030-03-13 00:00:00,"1612,3364981481607","0,0","0,0"
2030-03-13 01:00:00,"1612,3364981481607","0,0","0,0"
2030-03-13 02:00:00,"1612,3364981481607","0,0","0,0"
2030-03-13 03:00:00,"1612,3364981481607","0,0","0,0"
2030-03-13 04:00:00,"1612,3364981481607","0,0","0,0"
2030-03-13 05:00:00,"1612,3364981481607","0,0","0,0"
2030-03-13 06:00:00,"1130,6947008165248","433,4776175984723","0,0"
2030-03-13 07:00:00,"649,0529034848889","433,4776175984723","0,0"
2030-03-13 08:00:00,"649,0529034848889","0,0","0,0"
2030-03-13 09:00:00,"649,0529034848889","0,0","0,0"
2030-03-13 10:00:00,"649,0529034848889","0,0","0,0"
2030-03-13 11:00:00,"649,0529034848889","0,0","0,0"
2030-03-13 12:00:00,"649,0529034848889","0,0","0,0"
2030-03-13 13:00:00,"866,9552351969446","0,0","217,90233171205563"
2030-03-13 14:00:00,"1300,432852795417","0,0","433,4776175984723"
2030-03-13 15:00:00,"1733,9104703938892","0,0","433,4776175984723"
2030-03-13 16:00:00,"1733,9104703938892","0,0","0,0"
2030-03-13 17:00:00,"1252,2686730622534","433,4776175984723","0,0"
2030-03-13 18:00:00,"770,6268757306175","433,4776175984723","0,0"
2030-03-13 19:00:00,"288,98507839898156","433,4776175984723","0,0"
2030-03-13 20:00:00,"0,0","260,0865705590834","0,0"
2030-03-13 21:00:00,"0,0","0,0","0,0"
2030-03-13 22:00:00,"0,0","0,0","0,0"
2030-03-13 23:00:00,"0,0","0,0","0,0"
2030-03-14 00:00:00,"144,49253919949092","0,0","144,49253919949092"
2030-03-14 01:00:00,"577,9701567979632","0,0","433,4776175984723"
2030-03-14 02:00:00,"1011,4477743964355","0,0","433,4776175984723"
2030-03-14 03:00:00,"1444,9253919949078","0,0","433,4776175984723"
2030-03-14 04:00:00,"1444,9253919949078","0,0","0,0"
2030-03-14 05:00:00,"963,2835946632719","433,4776175984723","0,0"
2030-03-14 06:00:00,"481,6417973316359","433,4776175984723","0,0"
2030-03-14 07:00:00,"0,0","433,4776175984723","0,0"
2030-03-14 08:00:00,"0,0","0,0","0,0"
2030-03-14 09:00:00,"0,0","0,0","0,0"
2030-03-14 10:00:00,"433,4776175984723","0,0","433,4776175984723"
2030-03-14 11:00:00,"866,9552351969446","0,0","433,4776175984723"
2030-03-14 12:00:00,"1300,432852795417","0,0","433,4776175984723"
2030-03-14 13:00:00,"1733,9104703938892","0,0","433,4776175984723"
2030-03-14 14:00:00,"1733,9104703938892","0,0","0,0"
2030-03-14 15:00:00,"1444,9253919949078","260,0865705590832","0,0"
2030-03-14 16:00:00,"963,2835946632719","433,4776175984723","0,0"
2030-03-14 17:00:00,"481,6417973316359","433,4776175984723","0,0"
2030-03-14 18:00:00,"0,0","433,4776175984723","0,0"
2030-03-14 19:00:00,"0,0","0,0","0,0"
2030-03-14 20:00:00,"0,0","0,0","0,0"
2030-03-14 21:00:00,"0,0","0,0","0,0"
2030-03-14 22:00:00,"0,0","0,0","0,0"
2030-03-14 23:00:00,"0,0","0,0","0,0"
2030-03-15 00:00:00,"433,4776175984723","0,0","433,4776175984723"
2030-03-15 01:00:00,"866,9552351969446","0,0","433,4776175984723"
2030-03-15 02:00:00,"1300,432852795417","0,0","433,4776175984723"
2030-03-15 03:00:00,"1733,9104703938892","0,0","433,4776175984723"
2030-03-15 04:00:00,"1733,9104703938892","0,0","0,0"
2030-03-15 05:00:00,"1733,9104703938892","0,0","0,0"
2030-03-15 06:00:00,"1733,9104703938892","0,0","0,0"
2030-03-15 07:00:00,"1733,9104703938892","0,0","0,0"
2030-03-15 08:00:00,"1733,9104703938892","0,0","0,0"
2030-03-15 09:00:00,"1733,9104703938892","0,0","0,0"
2030-03-15 10:00:00,"1733,9104703938892","0,0","0,0"
2030-03-15 11:00:00,"1733,9104703938892","0,0","0,0"
2030-03-15 12:00:00,"1733,9104703938892","0,0","0,0"
2030-03-15 13:00:00,"1733,9104703938892","0,0","0,0"
2030-03-15 14:00:00,"1733,9104703938892","0,0","0,0"
2030-03-15 15:00:00,"1733,9104703938892","0,0","0,0"
2030-03-15 16:00:00,"1733,9104703938892","0,0","0,0"
2030-03-15 17:00:00,"1252,2686730622534","433,4776175984723","0,0"
2030-03-15 18:00:00,"770,6268757306175","433,4776175984723","0,0"
2030-03-15 19:00:00,"288,98507839898156","433,4776175984723","0,0"
2030-03-15 20:00:00,"0,0","260,0865705590834","0,0"
2030-03-15 21:00:00,"0,0","0,0","0,0"
2030-03-15 22:00:00,"0,0","0,0","0,0"
2030-03-15 23:00:00,"0,0","0,0","0,0"
2030-03-16 00:00:00,"0,0","0,0","0,0"
2030-03-16 01:00:00,"0,0","0,0","0,0"
2030-03-16 02:00:00,"0,0","0,0","0,0"
2030-03-16 03:00:00,"19,475051156139045","0,0","19,475051156139045"
2030-03-16 04:00:00,"452,95266875461135","0,0","433,4776175984723"
2030-03-16 05:00:00,"452,95266875461135","0,0","0,0"
2030-03-16 06:00:00,"0,0","407,6574018791502","0,0"
2030-03-16 07:00:00,"0,0","0,0","0,0"
2030-03-16 08:00:00,"0,0","0,0","0,0"
2030-03-16 09:00:00,"0,0","0,0","0,0"
2030-03-16 10:00:00,"0,0","0,0","0,0"
2030-03-16 11:00:00,"433,4776175984723","0,0","433,4776175984723"
2030-03-16 12:00:00,"866,9552351969446","0,0","433,4776175984723"
2030-03-16 13:00:00,"1300,432852795417","0,0","433,4776175984723"
2030-03-16 14:00:00,"1733,9104703938892","0,0","433,4776175984723"
2030-03-16 15:00:00,"1733,9104703938892","0,0","0,0"
2030-03-16 16:00:00,"1733,9104703938892","0,0","0,0"
2030-03-16 17:00:00,"1252,2686730622534","433,4776175984723","0,0"
2030-03-16 18:00:00,"770,6268757306175","433,4776175984723","0,0"
2030-03-16 19:00:00,"708,8189840332161","55,627102527661236","0,0"
2030-03-16 20:00:00,"708,8189840332161","0,0","0,0"
2030-03-16 21:00:00,"227,17718670158013","433,4776175984723","0,0"
2030-03-16 22:00:00,"473,2955553025522","0,0","246,11836860097208"
2030-03-16 23:00:00,"906,7731729010245","0,0","433,4776175984723"
2030-03-17 00:00:00,"963,2835946632719","0,0","56,51042176224736"
2030-03-17 01:00:00,"481,6417973316359","433,4776175984723","0,0"
2030-03-17 02:00:00,"0,0","433,4776175984723","0,0"
2030-03-17 03:00:00,"0,0","0,0","0,0"
2030-03-17 04:00:00,"0,0","0,0","0,0"
2030-03-17 05:00:00,"0,0","0,0","0,0"
2030-03-17 06:00:00,"0,0","0,0","0,0"
2030-03-17 07:00:00,"0,0","0,0","0,0"
2030-03-17 08:00:00,"0,0","0,0","0,0"
2030-03-17 09:00:00,"433,4776175984723","0,0","433,4776175984723"
2030-03-17 10:00:00,"866,9552351969446","0,0","433,4776175984723"
2030-03-17 11:00:00,"866,9552351969446","0,0","0,0"
2030-03-17 12:00:00,"1300,432852795417","0,0","433,4776175984723"
2030-03-17 13:00:00,"1300,432852795417","0,0","0,0"
2030-03-17 14:00:00,"1733,9104703938892","0,0","433,4776175984723"
2030-03-17 15:00:00,"1733,9104703938892","0,0","0,0"
2030-03-17 16:00:00,"1733,9104703938892","0,0","0,0"
2030-03-17 17:00:00,"1733,9104703938892","0,0","0,0"
2030-03-17 18:00:00,"1365,3700442823322","331,68638350040135","0,0"
2030-03-17 19:00:00,"1365,3700442823322","0,0","0,0"
2030-03-17 20:00:00,"1365,3700442823322","0,0","0,0"
2030-03-17 21:00:00,"1365,3700442823322","0,0","0,0"
2030-03-17 22:00:00,"883,7282469506963","433,4776175984723","0,0"
2030-03-17 23:00:00,"402,0864496190604","433,4776175984723","0,0"
2030-03-18 00:00:00,"0,0","361,87780465715434","0,0"
2030-03-18 01:00:00,"433,4776175984723","0,0","433,4776175984723"
2030-03-18 02:00:00,"866,9552351969446","0,0","433,4776175984723"
2030-03-18 03:00:00,"1300,432852795417","0,0","433,4776175984723"
2030-03-18 04:00:00,"1300,432852795417","0,0","0,0"
2030-03-18 05:00:00,"818,791055463781","433,4776175984723","0,0"
2030-03-18 06:00:00,"337,1492581321451","433,4776175984723","0,0"
2030-03-18 07:00:00,"0,0","303,4343323189306","0,0"
2030-03-18 08:00:00,"0,0","0,0","0,0"
2030-03-18 09:00:00,"433,4776175984723","0,0","433,4776175984723"
2030-03-18 10:00:00,"647,480050785952","0,0","214,00243318747977"
2030-03-18 11:00:00,"1056,7471545529577","0,0","409,2671037670057"
2030-03-18 12:00:00,"1490,22477215143","0,0","433,4776175984723"
2030-03-18 13:00:00,"1733,9104703938892","0,0","243,68569824245924"
2030-03-18 14:00:00,"1733,9104703938892","0,0","0,0"
2030-03-18 15:00:00,"1733,9104703938892","0,0","0,0"
2030-03-18 16:00:00,"1733,9104703938892","0,0","0,0"
2030-03-18 17:00:00,"1252,2686730622534","433,4776175984723","0,0"
2030-03-18 18:00:00,"770,6268757306175","433,4776175984723","0,0"
2030-03-18 19:00:00,"288,98507839898156","433,4776175984723","0,0"
2030-03-18 20:00:00,"0,0","260,0865705590834","0,0"
2030-03-18 21:00:00,"0,0","0,0","0,0"
2030-03-18 22:00:00,"0,0","0,0","0,0"
2030-03-18 23:00:00,"433,4776175984723","0,0","433,4776175984723"
2030-03-19 00:00:00,"433,4776175984723","0,0","0,0"
2030-03-19 01:00:00,"529,8059770647995","0,0","96,32835946632724"
2030-03-19 02:00:00,"963,2835946632719","0,0","433,4776175984723"
2030-03-19 03:00:00,"963,2835946632719","0,0","0,0"
2030-03-19 04:00:00,"963,2835946632719","0,0","0,0"
2030-03-19 05:00:00,"481,6417973316359","433,4776175984723","0,0"
2030-03-19 06:00:00,"0,0","433,4776175984723","0,0"
2030-03-19 07:00:00,"0,0","0,0","0,0"
2030-03-19 08:00:00,"0,0","0,0","0,0"
2030-03-19 09:00:00,"0,0","0,0","0,0"
2030-03-19 10:00:00,"0,0","0,0","0,0"
2030-03-19 11:00:00,"51,3319411097001","0,0","51,3319411097001"
2030-03-19 12:00:00,"210,84533877398786","0,0","159,51339766428777"
2030-03-19 13:00:00,"406,13720779944225","0,0","195,2918690254544"
2030-03-19 14:00:00,"629,3677220358511","0,0","223,2305142364089"
2030-03-19 15:00:00,"629,3677220358511","0,0","0,0"
2030-03-19 16:00:00,"629,3677220358511","0,0","0,0"
2030-03-19 17:00:00,"147,72592470421517","433,4776175984723","0,0"
2030-03-19 18:00:00,"425,56894578611417","0,0","277,843021081899"
2030-03-19 19:00:00,"481,6417973316359","0,0","56,07285154552177"
2030-03-19 20:00:00,"0,0","433,4776175984723","0,0"
2030-03-19 21:00:00,"433,4776175984723","0,0","433,4776175984723"
2030-03-19 22:00:00,"866,9552351969446","0,0","433,4776175984723"
2030-03-19 23:00:00,"481,6417973316359","346,7820940787778","0,0"
2030-03-20 00:00:00,"0,0","433,4776175984723","0,0"
2030-03-20 01:00:00,"433,4776175984723","0,0","433,4776175984723"
2030-03-20 02:00:00,"866,9552351969446","0,0","433,4776175984723"
2030-03-20 03:00:00,"963,2835946632719","0,0","96,32835946632724"
2030-03-20 04:00:00,"963,2835946632719","0,0","0,0"
2030-03-20 05:00:00,"481,6417973316359","433,4776175984723","0,0"
2030-03-20 06:00:00,"0,0","433,4776175984723","0,0"
2030-03-20 07:00:00,"0,0","0,0","0,0"
2030-03-20 08:00:00,"0,0","0,0","0,0"
2030-03-20 09:00:00,"433,4776175984723","0,0","433,4776175984723"
2030-03-20 10:00:00,"866,9552351969446","0,0","433,4776175984723"
2030-03-20 11:00:00,"1300,432852795417","0,0","433,4776175984723"
2030-03-20 12:00:00,"1733,9104703938892","0,0","433,4776175984723"
2030-03-20 13:00:00,"1733,9104703938892","0,0","0,0"
2030-03-20 14:00:00,"1733,9104703938892","0,0","0,0"
2030-03-20 15:00:00,"1733,9104703938892","0,0","0,0"
2030-03-20 16:00:00,"1733,9104703938892","0,0","0,0"
2030-03-20 17:00:00,"1252,2686730622534","433,4776175984723","0,0"
2030-03-20 18:00:00,"770,6268757306175","433,4776175984723","0,0"
2030-03-20 19:00:00,"288,98507839898156","433,4776175984723","0,0"
2030-03-20 20:00:00,"0,0","260,0865705590834","0,0"
2030-03-20 21:00:00,"0,0","0,0","0,0"
2030-03-20 22:00:00,"0,0","0,0","0,0"
2030-03-20 23:00:00,"0,0","0,0","0,0"
2030-03-21 00:00:00,"0,0","0,0","0,0"
2030-03-21 01:00:00,"433,4776175984723","0,0","433,4776175984723"
2030-03-21 02:00:00,"866,9552351969446","0,0","433,4776175984723"
2030-03-21 03:00:00,"963,2835946632719","0,0","96,32835946632724"
2030-03-21 04:00:00,"963,2835946632719","0,0","0,0"
2030-03-21 05:00:00,"481,6417973316359","433,4776175984723","0,0"
2030-03-21 06:00:00,"0,0","433,4776175984723","0,0"
2030-03-21 07:00:00,"0,0","0,0","0,0"
2030-03-21 08:00:00,"0,0","0,0","0,0"
2030-03-21 09:00:00,"0,0","0,0","0,0"
2030-03-21 10:00:00,"0,0","0,0","0,0"
2030-03-21 11:00:00,"0,0","0,0","0,0"
2030-03-21 12:00:00,"0,0","0,0","0,0"
2030-03-21 13:00:00,"0,0","0,0","0,0"
2030-03-21 14:00:00,"433,4776175984723","0,0","433,4776175984723"
2030-03-21 15:00:00,"722,3211398306901","0,0","288,8435222322177"
2030-03-21 16:00:00,"1155,7987574291624","0,0","433,4776175984723"
2030-03-21 17:00:00,"674,1569600975265","433,4776175984723","0,0"
2030-03-21 18:00:00,"192,51516276589058","433,4776175984723","0,0"
2030-03-21 19:00:00,"625,9927803643629","0,0","433,4776175984723"
2030-03-21 20:00:00,"393,1081330219429","209,59618260817803","0,0"
2030-03-21 21:00:00,"0,0","353,7973197197486","0,0"
2030-03-21 22:00:00,"0,0","0,0","0,0"
2030-03-21 23:00:00,"0,0","0,0","0,0"
2030-03-22 00:00:00,"0,0","0,0","0,0"
2030-03-22 01:00:00,"0,0","0,0","0,0"
2030-03-22 02:00:00,"0,0","0,0","0,0"
2030-03-22 03:00:00,"120,00445924452134","0,0","120,00445924452134"
2030-03-22 04:00:00,"120,00445924452134","0,0","0,0"
2030-03-22 05:00:00,"120,00445924452134","0,0","0,0"
2030-03-22 06:00:00,"0,0","108,0040133200692","0,0"
2030-03-22 07:00:00,"0,0","0,0","0,0"
2030-03-22 08:00:00,"355,1084194217702","0,0","355,1084194217702"
2030-03-22 09:00:00,"788,5860370202424","0,0","433,4776175984723"
2030-03-22 10:00:00,"1222,0636546187147","0,0","433,4776175984723"
2030-03-22 11:00:00,"1655,541272217187","0,0","433,4776175984723"
2030-03-22 12:00:00,"1715,0324829089434","0,0","59,49121069175641"
2030-03-22 13:00:00,"1715,0324829089434","0,0","0,0"
2030-03-22 14:00:00,"1300,432852795417","373,1396671021738","0,0"
2030-03-22 15:00:00,"1733,9104703938892","0,0","433,4776175984723"
2030-03-22 16:00:00,"1531,1489287304612","182,48538749708513","0,0"
2030-03-22 17:00:00,"1049,5071313988253","433,4776175984723","0,0"
2030-03-22 18:00:00,"567,8653340671895","433,4776175984723","0,0"
2030-03-22 19:00:00,"86,22353673555352","433,4776175984723","0,0"
2030-03-22 20:00:00,"86,22353673555352","0,0","0,0"
2030-03-22 21:00:00,"86,22353673555352","0,0","0,0"
2030-03-22 22:00:00,"86,22353673555352","0,0","0,0"
2030-03-22 23:00:00,"519,7011543340259","0,0","433,4776175984723"
2030-03-23 00:00:00,"953,1787719324982","0,0","433,4776175984723"
2030-03-23 01:00:00,"1386,6563895309705","0,0","433,4776175984723"
2030-03-23 02:00:00,"963,2835946632719","381,03551538092876","0,0"
2030-03-23 03:00:00,"481,6417973316359","433,4776175984723","0,0"
2030-03-23 04:00:00,"0,0","433,4776175984723","0,0"
2030-03-23 05:00:00,"433,4776175984723","0,0","433,4776175984723"
2030-03-23 06:00:00,"866,9552351969446","0,0","433,4776175984723"
2030-03-23 07:00:00,"385,3134378653087","433,4776175984723","0,0"
2030-03-23 08:00:00,"52,437964581192034","299,587925955705","0,0"
2030-03-23 09:00:00,"0,0","47,19416812307283","0,0"
2030-03-23 10:00:00,"0,0","390,1298558386251","433,4776175984723"
2030-03-23 11:00:00,"433,4776175984723","0,0","433,4776175984723"
2030-03-23 12:00:00,"866,9552351969446","0,0","433,4776175984723"
2030-03-23 13:00:00,"818,791055463781","433,4776175984723","433,4776175984723"
2030-03-23 14:00:00,"1252,2686730622534","0,0","433,4776175984723"
2030-03-23 15:00:00,"1685,7462906607257","0,0","433,4776175984723"
2030-03-23 16:00:00,"1637,582110927562","433,4776175984723","433,4776175984723"
2030-03-23 17:00:00,"1733,9104703938892","303,4343323189307","433,4776175984723"
2030-03-23 18:00:00,"1733,9104703938892","390,12985583862525","433,4776175984723"
2030-03-23 19:00:00,"1300,432852795417","390,1298558386251","0,0"
2030-03-23 20:00:00,"1733,9104703938892","0,0","433,4776175984723"
2030-03-23 21:00:00,"1733,9104703938892","0,0","0,0"
2030-03-23 22:00:00,"1733,9104703938892","0,0","0,0"
2030-03-23 23:00:00,"1733,9104703938892","0,0","0,0"
2030-03-24 00:00:00,"1733,9104703938892","0,0","0,0"
2030-03-24 01:00:00,"1733,9104703938892","0,0","0,0"
2030-03-24 02:00:00,"1252,2686730622534","433,4776175984723","0,0"
2030-03-24 03:00:00,"1252,2686730622534","0,0","0,0"
2030-03-24 04:00:00,"1252,2686730622534","0,0","0,0"
2030-03-24 05:00:00,"1252,2686730622534","0,0","0,0"
2030-03-24 06:00:00,"1252,2686730622534","0,0","0,0"
2030-03-24 07:00:00,"1252,2686730622534","0,0","0,0"
2030-03-24 08:00:00,"1252,2686730622534","0,0","0,0"
2030-03-24 09:00:00,"1252,2686730622534","0,0","0,0"
2030-03-24 10:00:00,"1252,2686730622534","0,0","0,0"
2030-03-24 11:00:00,"1252,2686730622534","0,0","0,0"
2030-03-24 12:00:00,"939,5373976314863","281,4581478876903","0,0"
2030-03-24 13:00:00,"866,9552351969446","65,32394619108749","0,0"
2030-03-24 14:00:00,"1300,432852795417","0,0","433,4776175984723"
2030-03-24 15:00:00,"1733,9104703938892","0,0","433,4776175984723"
2030-03-24 16:00:00,"1733,9104703938892","0,0","0,0"
2030-03-24 17:00:00,"1733,9104703938892","0,0","0,0"
2030-03-24 18:00:00,"1733,9104703938892","0,0","0,0"
2030-03-24 19:00:00,"1295,9949737592365","394,12394697118754","0,0"
2030-03-24 20:00:00,"814,3531764276006","433,4776175984723","0,0"
2030-03-24 21:00:00,"332,7113790959647","433,4776175984723","0,0"
2030-03-24 22:00:00,"0,0","299,4402411863682","0,0"
2030-03-24 23:00:00,"0,0","0,0","0,0"
2030-03-25 00:00:00,"0,0","0,0","0,0"
2030-03-25 01:00:00,"139,01872333899615","0,0","139,01872333899615"
2030-03-25 02:00:00,"572,4963409374684","0,0","433,4776175984723"
2030-03-25 03:00:00,"1005,9739585359407","0,0","433,4776175984723"
2030-03-25 04:00:00,"1021,5329476917159","0,0","15,558989155775123"
2030-03-25 05:00:00,"539,89115036008","433,4776175984723","0,0"
2030-03-25 06:00:00,"58,24935302844409","433,4776175984723","0,0"
2030-03-25 07:00:00,"58,24935302844409","0,0","0,0"
2030-03-25 08:00:00,"0,0","52,42441772559968","0,0"
2030-03-25 09:00:00,"433,4776175984723","0,0","433,4776175984723"
2030-03-25 10:00:00,"866,9552351969446","0,0","433,4776175984723"
2030-03-25 11:00:00,"1300,432852795417","0,0","433,4776175984723"
2030-03-25 12:00:00,"1733,9104703938892","0,0","433,4776175984723"
2030-03-25 13:00:00,"1733,9104703938892","0,0","0,0"
2030-03-25 14:00:00,"1733,9104703938892","0,0","0,0"
2030-03-25 15:00:00,"1733,9104703938892","0,0","0,0"
2030-03-25 16:00:00,"1733,9104703938892","0,0","0,0"
2030-03-25 17:00:00,"1733,9104703938892","0,0","0,0"
2030-03-25 18:00:00,"1252,2686730622534","433,4776175984723","0,0"
2030-03-25 19:00:00,"770,6268757306175","433,4776175984723","0,0"
2030-03-25 20:00:00,"288,98507839898156","433,4776175984723","0,0"
2030-03-25 21:00:00,"0,0","260,0865705590834","0,0"
2030-03-25 22:00:00,"0,0","0,0","0,0"
2030-03-25 23:00:00,"0,0","0,0","0,0"
2030-03-26 00:00:00,"0,0","0,0","0,0"
2030-03-26 01:00:00,"0,0","0,0","0,0"
2030-03-26 02:00:00,"0,0","0,0","0,0"
2030-03-26 03:00:00,"0,0","0,0","0,0"
2030-03-26 04:00:00,"433,4776175984723","0,0","433,4776175984723"
2030-03-26 05:00:00,"0,0","390,1298558386251","0,0"
2030-03-26 06:00:00,"0,0","0,0","0,0"
2030-03-26 07:00:00,"0,0","0,0","0,0"
2030-03-26 08:00:00,"0,0","0,0","0,0"
2030-03-26 09:00:00,"0,0","0,0","0,0"
2030-03-26 10:00:00,"0,0","0,0","0,0"
2030-03-26 11:00:00,"433,4776175984723","0,0","433,4776175984723"
2030-03-26 12:00:00,"866,9552351969446","0,0","433,4776175984723"
2030-03-26 13:00:00,"1300,432852795417","0,0","433,4776175984723"
2030-03-26 14:00:00,"1733,9104703938892","0,0","433,4776175984723"
2030-03-26 15:00:00,"1733,9104703938892","0,0","0,0"
2030-03-26 16:00:00,"1733,9104703938892","0,0","0,0"
2030-03-26 17:00:00,"1733,9104703938892","0,0","0,0"
2030-03-26 18:00:00,"1252,2686730622534","433,4776175984723","0,0"
2030-03-26 19:00:00,"770,6268757306175","433,4776175984723","0,0"
2030-03-26 20:00:00,"288,98507839898156","433,4776175984723","0,0"
2030-03-26 21:00:00,"722,4626959974539","0,0","433,4776175984723"
2030-03-26 22:00:00,"1155,9403135959262","0,0","433,4776175984723"
2030-03-26 23:00:00,"1589,4179311943985","0,0","433,4776175984723"
2030-03-27 00:00:00,"1706,0992860229383","0,0","116,68135482853967"
2030-03-27 01:00:00,"1373,401112543708","299,4283561313073","0,0"
2030-03-27 02:00:00,"1543,9803044750197","0,0","170,57919193131164"
2030-03-27 03:00:00,"1733,9104703938892","0,0","189,93016591886953"
2030-03-27 04:00:00,"1733,9104703938892","0,0","0,0"
2030-03-27 05:00:00,"1252,2686730622534","433,4776175984723","0,0"
2030-03-27 06:00:00,"770,6268757306175","433,4776175984723","0,0"
2030-03-27 07:00:00,"288,98507839898156","433,4776175984723","0,0"
2030-03-27 08:00:00,"288,98507839898156","0,0","0,0"
2030-03-27 09:00:00,"450,1111098170087","0,0","161,12603141802714"
2030-03-27 10:00:00,"883,588727415481","0,0","433,4776175984723"
2030-03-27 11:00:00,"1317,0663450139532","0,0","433,4776175984723"
2030-03-27 12:00:00,"1733,9104703938892","0,0","416,84412537993603"
2030-03-27 13:00:00,"1733,9104703938892","0,0","0,0"
2030-03-27 14:00:00,"1733,9104703938892","0,0","0,0"
2030-03-27 15:00:00,"1733,9104703938892","0,0","0,0"
2030-03-27 16:00:00,"1254,0802403393798","431,84720704905845","0,0"
2030-03-27 17:00:00,"772,4384430077439","433,4776175984723","0,0"
2030-03-27 18:00:00,"290,79664567610797","433,4776175984723","0,0"
2030-03-27 19:00:00,"290,79664567610797","0,0","0,0"
2030-03-27 20:00:00,"31,53519635924397","233,3353043851776","0,0"
2030-03-27 21:00:00,"31,53519635924397","0,0","0,0"
2030-03-27 22:00:00,"31,53519635924397","0,0","0,0"
2030-03-27 23:00:00,"465,0128139577163","0,0","433,4776175984723"
2030-03-28 00:00:00,"866,9552351969446","0,0","401,94242123922834"
2030-03-28 01:00:00,"1300,432852795417","0,0","433,4776175984723"
2030-03-28 02:00:00,"1733,9104703938892","0,0","433,4776175984723"
2030-03-28 03:00:00,"1733,9104703938892","0,0","0,0"
2030-03-28 04:00:00,"1733,9104703938892","0,0","0,0"
2030-03-28 05:00:00,"1733,9104703938892","0,0","0,0"
2030-03-28 06:00:00,"1252,2686730622534","433,4776175984723","0,0"
2030-03-28 07:00:00,"770,6268757306175","433,4776175984723","0,0"
2030-03-28 08:00:00,"770,6268757306175","0,0","0,0"
2030-03-28 09:00:00,"770,6268757306175","0,0","0,0"
2030-03-28 10:00:00,"770,6268757306175","0,0","0,0"
2030-03-28 11:00:00,"1204,1044933290898","0,0","433,4776175984723"
2030-03-28 12:00:00,"1637,582110927562","0,0","433,4776175984723"
2030-03-28 13:00:00,"1733,9104703938892","0,0","96,32835946632713"
2030-03-28 14:00:00,"1733,9104703938892","0,0","0,0"
2030-03-28 15:00:00,"1733,9104703938892","0,0","0,0"
2030-03-28 16:00:00,"1733,9104703938892","0,0","0,0"
2030-03-28 17:00:00,"1733,9104703938892","0,0","0,0"
2030-03-28 18:00:00,"1733,9104703938892","0,0","0,0"
2030-03-28 19:00:00,"1733,9104703938892","0,0","0,0"
2030-03-28 20:00:00,"1733,9104703938892","0,0","0,0"
2030-03-28 21:00:00,"1733,9104703938892","0,0","0,0"
2030-03-28 22:00:00,"1733,9104703938892","0,0","0,0"
2030-03-28 23:00:00,"1733,9104703938892","0,0","0,0"
2030-03-29 00:00:00,"1733,9104703938892","0,0","0,0"
2030-03-29 01:00:00,"1733,9104703938892","0,0","0,0"
2030-03-29 02:00:00,"1733,9104703938892","0,0","0,0"
2030-03-29 03:00:00,"1733,9104703938892","0,0","0,0"
2030-03-29 04:00:00,"1733,9104703938892","0,0","0,0"
2030-03-29 05:00:00,"1733,9104703938892","0,0","0,0"
2030-03-29 06:00:00,"1252,2686730622534","433,4776175984723","0,0"
2030-03-29 07:00:00,"770,6268757306175","433,4776175984723","0,0"
2030-03-29 08:00:00,"770,6268757306175","0,0","0,0"
2030-03-29 09:00:00,"770,6268757306175","0,0","0,0"
2030-03-29 10:00:00,"770,6268757306175","0,0","0,0"
2030-03-29 11:00:00,"1029,9076862694772","0,0","259,28081053885967"
2030-03-29 12:00:00,"866,9552351969446","146,65720596527933","0,0"
2030-03-29 13:00:00,"1300,432852795417","0,0","433,4776175984723"
2030-03-29 14:00:00,"1733,9104703938892","0,0","433,4776175984723"
2030-03-29 15:00:00,"1733,9104703938892","0,0","0,0"
2030-03-29 16:00:00,"1733,9104703938892","0,0","0,0"
2030-03-29 17:00:00,"1252,2686730622534","433,4776175984723","0,0"
2030-03-29 18:00:00,"770,6268757306175","433,4776175984723","0,0"
2030-03-29 19:00:00,"481,6417973316359","260,0865705590834","0,0"
2030-03-29 20:00:00,"0,0","433,4776175984723","0,0"
2030-03-29 21:00:00,"0,0","0,0","0,0"
2030-03-29 22:00:00,"0,0","0,0","0,0"
2030-03-29 23:00:00,"0,0","0,0","0,0"
2030-03-30 00:00:00,"0,0","0,0","0,0"
2030-03-30 01:00:00,"0,0","0,0","0,0"
2030-03-30 02:00:00,"0,0","0,0","0,0"
2030-03-30 03:00:00,"0,0","0,0","0,0"
2030-03-30 04:00:00,"0,0","0,0","0,0"
2030-03-30 05:00:00,"0,0","0,0","0,0"
2030-03-30 06:00:00,"0,0","0,0","0,0"
2030-03-30 07:00:00,"0,0","0,0","0,0"
2030-03-30 08:00:00,"0,0","0,0","0,0"
2030-03-30 09:00:00,"433,4776175984723","0,0","433,4776175984723"
2030-03-30 10:00:00,"175,72370702763942","231,97851951374957","0,0"
2030-03-30 11:00:00,"609,2013246261117","0,0","433,4776175984723"
2030-03-30 12:00:00,"1000,1396032061039","0,0","390,9382785799922"
2030-03-30 13:00:00,"1300,432852795417","0,0","300,2932495893131"
2030-03-30 14:00:00,"1733,9104703938892","0,0","433,4776175984723"
2030-03-30 15:00:00,"1733,9104703938892","0,0","0,0"
2030-03-30 16:00:00,"1733,9104703938892","0,0","0,0"
2030-03-30 17:00:00,"1252,2686730622534","433,4776175984723","0,0"
2030-03-30 18:00:00,"770,6268757306175","433,4776175984723","0,0"
2030-03-30 19:00:00,"288,98507839898156","433,4776175984723","0,0"
2030-03-30 20:00:00,"0,0","260,0865705590834","0,0"
2030-03-30 21:00:00,"0,0","0,0","0,0"
2030-03-30 22:00:00,"0,0","0,0","0,0"
2030-03-30 23:00:00,"0,0","0,0","0,0"
2030-03-31 00:00:00,"27,15790235581204","0,0","27,15790235581204"
2030-03-31 01:00:00,"460,63551995428435","0,0","433,4776175984723"
2030-03-31 02:00:00,"656,8224306551571","0,0","196,18691070087272"
2030-03-31 03:00:00,"410,8858393975798","221,34293213181957","0,0"
2030-03-31 04:00:00,"4,054602248694516","366,14811343399674","0,0"
2030-03-31 05:00:00,"0,0","3,649142023825064","0,0"
2030-03-31 06:00:00,"84,30074472269776","0,0","84,30074472269776"
2030-03-31 07:00:00,"0,0","75,87067025042798","0,0"
2030-03-31 08:00:00,"213,81426746343385","0,0","213,81426746343385"
2030-03-31 09:00:00,"333,8991017344016","0,0","120,08483427096775"
2030-03-31 10:00:00,"333,8991017344016","0,0","0,0"
2030-03-31 11:00:00,"333,8991017344016","0,0","0,0"
2030-03-31 12:00:00,"646,9336381467444","0,0","313,03453641234285"
2030-03-31 13:00:00,"1080,4112557452167","0,0","433,4776175984723"
2030-03-31 14:00:00,"1300,432852795417","0,0","220,0215970502001"
2030-03-31 15:00:00,"1733,9104703938892","0,0","433,4776175984723"
2030-03-31 16:00:00,"1665,6078550880711","61,47235377523629","0,0"
2030-03-31 17:00:00,"1589,6008183300532","68,40633308221607","0,0"
2030-03-31 18:00:00,"1733,9104703938892","0,0","144,3096520638361"
2030-03-31 19:00:00,"1717,4437989660255","14,820004285077356","0,0"
2030-03-31 20:00:00,"1235,8020016343896","433,4776175984723","0,0"
2030-03-31 21:00:00,"1235,8020016343896","0,0","0,0"
2030-03-31 22:00:00,"1235,8020016343896","0,0","0,0"
2030-03-31 23:00:00,"1300,432852795417","0,0","64,63085116102731"
2030-04-01 00:00:00,"1300,432852795417","0,0","0,0"
2030-04-01 01:00:00,"1300,432852795417","0,0","0,0"
2030-04-01 02:00:00,"1733,9104703938892","0,0","433,4776175984723"
2030-04-01 03:00:00,"1733,9104703938892","0,0","0,0"
2030-04-01 04:00:00,"1252,2686730622534","433,4776175984723","0,0"
2030-04-01 05:00:00,"770,6268757306175","433,4776175984723","0,0"
2030-04-01 06:00:00,"288,98507839898156","433,4776175984723","0,0"
2030-04-01 07:00:00,"47,90499670929529","216,97207352071763","0,0"
2030-04-01 08:00:00,"0,0","43,11449703836576","0,0"
2030-04-01 09:00:00,"0,0","0,0","0,0"
2030-04-01 10:00:00,"433,4776175984723","0,0","433,4776175984723"
2030-04-01 11:00:00,"866,9552351969446","0,0","433,4776175984723"
2030-04-01 12:00:00,"1300,432852795417","0,0","433,4776175984723"
2030-04-01 13:00:00,"1733,9104703938892","0,0","433,4776175984723"
2030-04-01 14:00:00,"1733,9104703938892","0,0","0,0"
2030-04-01 15:00:00,"1733,9104703938892","0,0","0,0"
2030-04-01 16:00:00,"1733,9104703938892","0,0","0,0"
2030-04-01 17:00:00,"1733,9104703938892","0,0","0,0"
2030-04-01 18:00:00,"1733,9104703938892","0,0","0,0"
2030-04-01 19:00:00,"1252,2686730622534","433,4776175984723","0,0"
2030-04-01 20:00:00,"770,6268757306175","433,4776175984723","0,0"
2030-04-01 21:00:00,"288,98507839898156","433,4776175984723","0,0"
2030-04-01 22:00:00,"0,0","260,0865705590834","0,0"
2030-04-01 23:00:00,"0,0","0,0","0,0"
2030-04-02 00:00:00,"0,0","0,0","0,0"
2030-04-02 01:00:00,"0,0","0,0","0,0"
2030-04-02 02:00:00,"433,4776175984723","0,0","433,4776175984723"
2030-04-02 03:00:00,"866,9552351969446","0,0","433,4776175984723"
2030-04-02 04:00:00,"901,2177485187699","0,0","34,26251332182534"
2030-04-02 05:00:00,"481,6417973316359","377,61835606842055","0,0"
2030-04-02 06:00:00,"0,0","433,4776175984723","0,0"
2030-04-02 07:00:00,"0,0","0,0","0,0"
2030-04-02 08:00:00,"0,0","0,0","0,0"
2030-04-02 09:00:00,"0,0","0,0","0,0"
2030-04-02 10:00:00,"433,4776175984723","0,0","433,4776175984723"
2030-04-02 11:00:00,"866,9552351969446","0,0","433,4776175984723"
2030-04-02 12:00:00,"1300,432852795417","0,0","433,4776175984723"
2030-04-02 13:00:00,"1733,9104703938892","0,0","433,4776175984723"
2030-04-02 14:00:00,"1733,9104703938892","0,0","0,0"
2030-04-02 15:00:00,"1733,9104703938892","0,0","0,0"
2030-04-02 16:00:00,"1733,9104703938892","0,0","0,0"
2030-04-02 17:00:00,"1252,2686730622534","433,4776175984723","0,0"
2030-04-02 18:00:00,"1252,2686730622534","0,0","0,0"
2030-04-02 19:00:00,"1252,2686730622534","0,0","0,0"
2030-04-02 20:00:00,"1252,2686730622534","0,0","0,0"
2030-04-02 21:00:00,"1685,7462906607257","0,0","433,4776175984723"
2030-04-02 22:00:00,"1733,9104703938892","0,0","48,164179733163564"
2030-04-02 23:00:00,"1733,9104703938892","0,0","0,0"
2030-04-03 00:00:00,"1733,9104703938892","0,0","0,0"
2030-04-03 01:00:00,"1733,9104703938892","0,0","0,0"
2030-04-03 02:00:00,"1733,9104703938892","0,0","0,0"
2030-04-03 03:00:00,"1444,9253919949078","260,0865705590832","0,0"
2030-04-03 04:00:00,"963,2835946632719","433,4776175984723","0,0"
2030-04-03 05:00:00,"481,6417973316359","433,4776175984723","0,0"
2030-04-03 06:00:00,"0,0","433,4776175984723","0,0"
2030-04-03 07:00:00,"0,0","0,0","0,0"
2030-04-03 08:00:00,"0,0","0,0","0,0"
2030-04-03 09:00:00,"0,0","0,0","0,0"
2030-04-03 10:00:00,"433,4776175984723","0,0","433,4776175984723"
2030-04-03 11:00:00,"866,9552351969446","0,0","433,4776175984723"
2030-04-03 12:00:00,"1300,432852795417","0,0","433,4776175984723"
2030-04-03 13:00:00,"1733,9104703938892","0,0","433,4776175984723"
2030-04-03 14:00:00,"1733,9104703938892","0,0","0,0"
2030-04-03 15:00:00,"1733,9104703938892","0,0","0,0"
2030-04-03 16:00:00,"1733,9104703938892","0,0","0,0"
2030-04-03 17:00:00,"1252,2686730622534","433,4776175984723","0,0"
2030-04-03 18:00:00,"770,6268757306175","433,4776175984723","0,0"
2030-04-03 19:00:00,"288,98507839898156","433,4776175984723","0,0"
2030-04-03 20:00:00,"0,0","260,0865705590834","0,0"
2030-04-03 21:00:00,"0,0","0,0","0,0"
2030-04-03 22:00:00,"0,0","0,0","0,0"
2030-04-03 23:00:00,"433,4776175984723","0,0","433,4776175984723"
2030-04-04 00:00:00,"866,9552351969446","0,0","433,4776175984723"
2030-04-04 01:00:00,"1300,432852795417","0,0","433,4776175984723"
2030-04-04 02:00:00,"1444,9253919949078","0,0","144,49253919949092"
2030-04-04 03:00:00,"1444,9253919949078","0,0","0,0"
2030-04-04 04:00:00,"963,2835946632719","433,4776175984723","0,0"
2030-04-04 05:00:00,"481,6417973316359","433,4776175984723","0,0"
2030-04-04 06:00:00,"0,0","433,4776175984723","0,0"
2030-04-04 07:00:00,"0,0","0,0","0,0"
2030-04-04 08:00:00,"0,0","0,0","0,0"
2030-04-04 09:00:00,"127,8078689208232","0,0","127,8078689208232"
2030-04-04 10:00:00,"561,2854865192955","0,0","433,4776175984723"
2030-04-04 11:00:00,"994,7631041177679","0,0","433,4776175984723"
2030-04-04 12:00:00,"1428,2407217162402","0,0","433,4776175984723"
2030-04-04 13:00:00,"1733,9104703938892","0,0","305,66974867764907"
2030-04-04 14:00:00,"1733,9104703938892","0,0","0,0"
2030-04-04 15:00:00,"1733,9104703938892","0,0","0,0"
2030-04-04 16:00:00,"1252,2686730622534","433,4776175984723","0,0"
2030-04-04 17:00:00,"770,6268757306175","433,4776175984723","0,0"
2030-04-04 18:00:00,"288,98507839898156","433,4776175984723","0,0"
2030-04-04 19:00:00,"0,0","260,0865705590834","0,0"
2030-04-04 20:00:00,"0,0","0,0","0,0"
2030-04-04 21:00:00,"0,0","0,0","0,0"
2030-04-04 22:00:00,"0,0","0,0","0,0"
2030-04-04 23:00:00,"230,66915834712472","0,0","230,66915834712472"
2030-04-05 00:00:00,"664,146775945597","0,0","433,4776175984723"
2030-04-05 01:00:00,"664,146775945597","0,0","0,0"
2030-04-05 02:00:00,"888,7826099402552","0,0","224,63583399465819"
2030-04-05 03:00:00,"942,8709537623292","0,0","54,088343822074094"
2030-04-05 04:00:00,"481,6417973316359","415,1062407876239","0,0"
2030-04-05 05:00:00,"0,0","433,4776175984723","0,0"
2030-04-05 06:00:00,"0,0","0,0","0,0"
2030-04-05 07:00:00,"58,2913272231786","0,0","58,2913272231786"
2030-04-05 08:00:00,"58,2913272231786","0,0","0,0"
2030-04-05 09:00:00,"58,2913272231786","0,0","0,0"
2030-04-05 10:00:00,"268,2434452217597","0,0","209,95211799858112"
2030-04-05 11:00:00,"664,0056992041566","0,0","395,7622539823969"
2030-04-05 12:00:00,"1097,483316802629","0,0","433,4776175984723"
2030-04-05 13:00:00,"1530,9609344011012","0,0","433,4776175984723"
2030-04-05 14:00:00,"1733,9104703938892","0,0","202,94953599278807"
2030-04-05 15:00:00,"1733,9104703938892","0,0","0,0"
2030-04-05 16:00:00,"1670,7613928888766","56,83416975451139","0,0"
2030-04-05 17:00:00,"1189,1195955572407","433,4776175984723","0,0"
2030-04-05 18:00:00,"707,4777982256048","433,4776175984723","0,0"
2030-04-05 19:00:00,"225,8360008939689","433,4776175984723","0,0"
2030-04-05 20:00:00,"0,0","203,252400804572","0,0"
2030-04-05 21:00:00,"0,0","0,0","0,0"
2030-04-05 22:00:00,"0,0","0,0","0,0"
2030-04-05 23:00:00,"0,0","0,0","0,0"
2030-04-06 00:00:00,"0,0","0,0","0,0"
2030-04-06 01:00:00,"0,0","0,0","0,0"
2030-04-06 02:00:00,"0,0","0,0","0,0"
2030-04-06 03:00:00,"0,0","0,0","0,0"
2030-04-06 04:00:00,"0,0","0,0","0,0"
2030-04-06 05:00:00,"0,0","0,0","0,0"
2030-04-06 06:00:00,"0,0","0,0","0,0"
2030-04-06 07:00:00,"0,0","0,0","0,0"
2030-04-06 08:00:00,"0,0","0,0","0,0"
2030-04-06 09:00:00,"0,0","0,0","0,0"
2030-04-06 10:00:00,"0,0","0,0","0,0"
2030-04-06 11:00:00,"433,4776175984723","0,0","433,4776175984723"
2030-04-06 12:00:00,"866,9552351969446","0,0","433,4776175984723"
2030-04-06 13:00:00,"1300,432852795417","0,0","433,4776175984723"
2030-04-06 14:00:00,"1733,9104703938892","0,0","433,4776175984723"
2030-04-06 15:00:00,"1733,9104703938892","0,0","0,0"
2030-04-06 16:00:00,"1252,2686730622534","433,4776175984723","0,0"
2030-04-06 17:00:00,"770,6268757306175","433,4776175984723","0,0"
2030-04-06 18:00:00,"288,98507839898156","433,4776175984723","0,0"
2030-04-06 19:00:00,"0,0","260,0865705590834","0,0"
2030-04-06 20:00:00,"0,0","0,0","0,0"
2030-04-06 21:00:00,"0,0","0,0","0,0"
2030-04-06 22:00:00,"0,0","0,0","0,0"
2030-04-06 23:00:00,"0,0","0,0","0,0"
2030-04-07 00:00:00,"0,0","0,0","0,0"
2030-04-07 01:00:00,"0,0","0,0","0,0"
2030-04-07 02:00:00,"0,0","0,0","0,0"
2030-04-07 03:00:00,"0,0","0,0","0,0"
2030-04-07 04:00:00,"0,0","0,0","0,0"
2030-04-07 05:00:00,"0,0","0,0","0,0"
2030-04-07 06:00:00,"0,0","0,0","0,0"
2030-04-07 07:00:00,"0,0","0,0","0,0"
2030-04-07 08:00:00,"0,0","0,0","0,0"
2030-04-07 09:00:00,"0,0","0,0","0,0"
2030-04-07 10:00:00,"0,0","0,0","0,0"
2030-04-07 11:00:00,"207,59592896262984","0,0","207,59592896262984"
2030-04-07 12:00:00,"641,0735465611021","0,0","433,4776175984723"
2030-04-07 13:00:00,"866,9552351969446","0,0","225,88168863584252"
2030-04-07 14:00:00,"1300,432852795417","0,0","433,4776175984723"
2030-04-07 15:00:00,"1733,9104703938892","0,0","433,4776175984723"
2030-04-07 16:00:00,"1733,9104703938892","0,0","0,0"
2030-04-07 17:00:00,"1252,2686730622534","433,4776175984723","0,0"
2030-04-07 18:00:00,"770,6268757306175","433,4776175984723","0,0"
2030-04-07 19:00:00,"288,98507839898156","433,4776175984723","0,0"
2030-04-07 20:00:00,"146,39274964139418","128,33309588182863","0,0"
2030-04-07 21:00:00,"146,39274964139418","0,0","0,0"
2030-04-07 22:00:00,"146,39274964139418","0,0","0,0"
2030-04-07 23:00:00,"579,8703672398665","0,0","433,4776175984723"
2030-04-08 00:00:00,"1013,3479848383388","0,0","433,4776175984723"
2030-04-08 01:00:00,"1444,9253919949078","0,0","431,5774071565691"
2030-04-08 02:00:00,"1444,9253919949078","0,0","0,0"
2030-04-08 03:00:00,"1444,9253919949078","0,0","0,0"
2030-04-08 04:00:00,"963,2835946632719","433,4776175984723","0,0"
2030-04-08 05:00:00,"481,6417973316359","433,4776175984723","0,0"
2030-04-08 06:00:00,"0,0","433,4776175984723","0,0"
2030-04-08 07:00:00,"0,0","0,0","0,0"
2030-04-08 08:00:00,"433,4776175984723","0,0","433,4776175984723"
2030-04-08 09:00:00,"866,9552351969446","0,0","433,4776175984723"
2030-04-08 10:00:00,"1300,432852795417","0,0","433,4776175984723"
2030-04-08 11:00:00,"1733,9104703938892","0,0","433,4776175984723"
2030-04-08 12:00:00,"1733,9104703938892","0,0","0,0"
2030-04-08 13:00:00,"1733,9104703938892","0,0","0,0"
2030-04-08 14:00:00,"1733,9104703938892","0,0","0,0"
2030-04-08 15:00:00,"1733,9104703938892","0,0","0,0"
2030-04-08 16:00:00,"1733,9104703938892","0,0","0,0"
2030-04-08 17:00:00,"1733,9104703938892","0,0","0,0"
2030-04-08 18:00:00,"1630,7758373623367","92,8211697283973","0,0"
2030-04-08 19:00:00,"1149,1340400307008","433,4776175984723","0,0"
2030-04-08 20:00:00,"1043,0995606371428","95,43103145420226","0,0"
2030-04-08 21:00:00,"1043,0995606371428","0,0","0,0"
2030-04-08 22:00:00,"1043,0995606371428","0,0","0,0"
2030-04-08 23:00:00,"1043,0995606371428","0,0","0,0"
2030-04-09 00:00:00,"1043,0995606371428","0,0","0,0"
2030-04-09 01:00:00,"1043,0995606371428","0,0","0,0"
2030-04-09 02:00:00,"1043,0995606371428","0,0","0,0"
2030-04-09 03:00:00,"1043,0995606371428","0,0","0,0"
2030-04-09 04:00:00,"561,4577633055069","433,4776175984723","0,0"
2030-04-09 05:00:00,"79,81596597387097","433,4776175984723","0,0"
2030-04-09 06:00:00,"0,0","71,83436937648388","0,0"
2030-04-09 07:00:00,"0,0","0,0","0,0"
2030-04-09 08:00:00,"0,0","0,0","0,0"
2030-04-09 09:00:00,"0,0","0,0","0,0"
2030-04-09 10:00:00,"433,4776175984723","0,0","433,4776175984723"
2030-04-09 11:00:00,"866,9552351969446","0,0","433,4776175984723"
2030-04-09 12:00:00,"1300,432852795417","0,0","433,4776175984723"
2030-04-09 13:00:00,"1733,9104703938892","0,0","433,4776175984723"
2030-04-09 14:00:00,"1733,9104703938892","0,0","0,0"
2030-04-09 15:00:00,"1733,9104703938892","0,0","0,0"
2030-04-09 16:00:00,"1733,9104703938892","0,0","0,0"
2030-04-09 17:00:00,"1252,2686730622534","433,4776175984723","0,0"
2030-04-09 18:00:00,"770,6268757306175","433,4776175984723","0,0"
2030-04-09 19:00:00,"634,4924510130628","122,52098224579917","0,0"
2030-04-09 20:00:00,"699,6603870453666","0,0","65,16793603230384"
2030-04-09 21:00:00,"642,7394946565171","51,22880314996456","0,0"
2030-04-09 22:00:00,"847,3778282471151","0,0","204,638333590598"
2030-04-09 23:00:00,"847,3778282471151","0,0","0,0"
2030-04-10 00:00:00,"847,3778282471151","0,0","0,0"
2030-04-10 01:00:00,"847,3778282471151","0,0","0,0"
2030-04-10 02:00:00,"847,3778282471151","0,0","0,0"
2030-04-10 03:00:00,"486,2599216361841","325,00611594983786","0,0"
2030-04-10 04:00:00,"369,001238472036","105,53281484773329","0,0"
2030-04-10 05:00:00,"175,98272418618777","173,71666285726337","0,0"
2030-04-10 06:00:00,"0,0","158,38445176756898","0,0"
2030-04-10 07:00:00,"0,0","0,0","0,0"
2030-04-10 08:00:00,"0,0","0,0","0,0"
2030-04-10 09:00:00,"0,0","0,0","0,0"
2030-04-10 10:00:00,"222,07844131683902","0,0","222,07844131683902"
2030-04-10 11:00:00,"655,5560589153113","0,0","433,4776175984723"
2030-04-10 12:00:00,"1089,0336765137836","0,0","433,4776175984723"
2030-04-10 13:00:00,"1300,432852795417","0,0","211,39917628163334"
2030-04-10 14:00:00,"1733,9104703938892","0,0","433,4776175984723"
2030-04-10 15:00:00,"1733,9104703938892","0,0","0,0"
2030-04-10 16:00:00,"1252,2686730622534","433,4776175984723","0,0"
2030-04-10 17:00:00,"770,6268757306175","433,4776175984723","0,0"
2030-04-10 18:00:00,"770,6268757306175","0,0","0,0"
2030-04-10 19:00:00,"770,6268757306175","0,0","0,0"
2030-04-10 20:00:00,"770,6268757306175","0,0","0,0"
2030-04-10 21:00:00,"1204,1044933290898","0,0","433,4776175984723"
2030-04-10 22:00:00,"1637,582110927562","0,0","433,4776175984723"
2030-04-10 23:00:00,"1733,9104703938892","0,0","96,32835946632713"
2030-04-11 00:00:00,"1733,9104703938892","0,0","0,0"
2030-04-11 01:00:00,"1733,9104703938892","0,0","0,0"
2030-04-11 02:00:00,"1252,2686730622534","433,4776175984723","0,0"
2030-04-11 03:00:00,"793,6622355741081","412,74579373933074","0,0"
2030-04-11 04:00:00,"551,0744592175713","218,32899872088313","0,0"
2030-04-11 05:00:00,"321,39565223373","206,7109262854571","0,0"
2030-04-11 06:00:00,"4,901120224441261","284,84507880835986","0,0"
2030-04-11 07:00:00,"0,0","4,411008201997134","0,0"
2030-04-11 08:00:00,"0,0","0,0","0,0"
2030-04-11 09:00:00,"24,584390123022615","0,0","24,584390123022615"
2030-04-11 10:00:00,"321,15661954498444","0,0","296,5722294219618"
2030-04-11 11:00:00,"754,6342371434567","0,0","433,4776175984723"
2030-04-11 12:00:00,"1188,1118547419292","0,0","433,4776175984723"
2030-04-11 13:00:00,"1621,5894723404015","0,0","433,4776175984723"
2030-04-11 14:00:00,"1733,9104703938892","0,0","112,32099805348776"
2030-04-11 15:00:00,"1733,9104703938892","0,0","0,0"
2030-04-11 16:00:00,"1529,5149832331317","183,95593844468175","0,0"
2030-04-11 17:00:00,"1047,8731859014958","433,4776175984723","0,0"
2030-04-11 18:00:00,"566,23138856986","433,4776175984723","0,0"
2030-04-11 19:00:00,"84,58959123822405","433,4776175984723","0,0"
2030-04-11 20:00:00,"84,58959123822405","0,0","0,0"
2030-04-11 21:00:00,"84,58959123822405","0,0","0,0"
2030-04-11 22:00:00,"84,58959123822405","0,0","0,0"
2030-04-11 23:00:00,"84,58959123822405","0,0","0,0"
2030-04-12 00:00:00,"84,58959123822405","0,0","0,0"
2030-04-12 01:00:00,"84,58959123822405","0,0","0,0"
2030-04-12 02:00:00,"16,57952508357593","61,2090595391833","0,0"
2030-04-12 03:00:00,"151,4260261053818","0,0","134,84650102180586"
2030-04-12 04:00:00,"79,92364930846907","64,35213911722145","0,0"
2030-04-12 05:00:00,"0,0","71,93128437762216","0,0"
2030-04-12 06:00:00,"0,0","0,0","0,0"
2030-04-12 07:00:00,"0,0","0,0","0,0"
2030-04-12 08:00:00,"0,0","0,0","0,0"
2030-04-12 09:00:00,"0,0","0,0","0,0"
2030-04-12 10:00:00,"433,4776175984723","0,0","433,4776175984723"
2030-04-12 11:00:00,"866,9552351969446","0,0","433,4776175984723"
2030-04-12 12:00:00,"1300,432852795417","0,0","433,4776175984723"
2030-04-12 13:00:00,"1733,9104703938892","0,0","433,4776175984723"
2030-04-12 14:00:00,"1733,9104703938892","0,0","0,0"
2030-04-12 15:00:00,"1733,9104703938892","0,0","0,0"
2030-04-12 16:00:00,"1733,9104703938892","0,0","0,0"
2030-04-12 17:00:00,"1733,9104703938892","0,0","0,0"
2030-04-12 18:00:00,"1733,9104703938892","0,0","0,0"
2030-04-12 19:00:00,"1502,7875908348528","208,01059160313264","0,0"
2030-04-12 20:00:00,"1073,774573975697","386,11171517324027","0,0"
2030-04-12 21:00:00,"1073,774573975697","0,0","0,0"
2030-04-12 22:00:00,"1073,774573975697","0,0","0,0"
2030-04-12 23:00:00,"1073,774573975697","0,0","0,0"
2030-04-13 00:00:00,"1073,774573975697","0,0","0,0"
2030-04-13 01:00:00,"1073,774573975697","0,0","0,0"
2030-04-13 02:00:00,"1073,774573975697","0,0","0,0"
2030-04-13 03:00:00,"1073,774573975697","0,0","0,0"
2030-04-13 04:00:00,"592,1327766440611","433,4776175984723","0,0"
2030-04-13 05:00:00,"110,49097931242517","433,4776175984723","0,0"
2030-04-13 06:00:00,"0,0","99,44188138118264","0,0"
2030-04-13 07:00:00,"0,0","0,0","0,0"
2030-04-13 08:00:00,"0,0","0,0","0,0"
2030-04-13 09:00:00,"3,923833330706998","0,0","3,923833330706998"
2030-04-13 10:00:00,"309,6655462666137","0,0","305,7417129359067"
2030-04-13 11:00:00,"727,9272329371884","0,0","418,26168667057465"
2030-04-13 12:00:00,"1161,4048505356607","0,0","433,4776175984723"
2030-04-13 13:00:00,"1594,882468134133","0,0","433,4776175984723"
2030-04-13 14:00:00,"1733,9104703938892","0,0","139,02800225975625"
2030-04-13 15:00:00,"1733,9104703938892","0,0","0,0"
2030-04-13 16:00:00,"1733,9104703938892","0,0","0,0"
2030-04-13 17:00:00,"1252,2686730622534","433,4776175984723","0,0"
2030-04-13 18:00:00,"770,6268757306175","433,4776175984723","0,0"
2030-04-13 19:00:00,"288,98507839898156","433,4776175984723","0,0"
2030-04-13 20:00:00,"0,0","260,0865705590834","0,0"
2030-04-13 21:00:00,"0,0","0,0","0,0"
2030-04-13 22:00:00,"0,0","0,0","0,0"
2030-04-13 23:00:00,"0,0","0,0","0,0"
2030-04-14 00:00:00,"0,0","0,0","0,0"
2030-04-14 01:00:00,"0,0","0,0","0,0"
2030-04-14 02:00:00,"0,0","0,0","0,0"
2030-04-14 03:00:00,"0,0","0,0","0,0"
2030-04-14 04:00:00,"0,0","0,0","0,0"
2030-04-14 05:00:00,"0,0","0,0","0,0"
2030-04-14 06:00:00,"0,0","0,0","0,0"
2030-04-14 07:00:00,"0,0","0,0","0,0"
2030-04-14 08:00:00,"0,0","0,0","0,0"
2030-04-14 09:00:00,"433,4776175984723","0,0","433,4776175984723"
2030-04-14 10:00:00,"433,4776175984723","0,0","0,0"
2030-04-14 11:00:00,"866,9552351969446","0,0","433,4776175984723"
2030-04-14 12:00:00,"1300,432852795417","0,0","433,4776175984723"
2030-04-14 13:00:00,"1300,432852795417","0,0","0,0"
2030-04-14 14:00:00,"1733,9104703938892","0,0","433,4776175984723"
2030-04-14 15:00:00,"1733,9104703938892","0,0","0,0"
2030-04-14 16:00:00,"1733,9104703938892","0,0","0,0"
2030-04-14 17:00:00,"1541,253751461235","173,39104703938884","0,0"
2030-04-14 18:00:00,"1059,611954129599","433,4776175984723","0,0"
2030-04-14 19:00:00,"577,9701567979632","433,4776175984723","0,0"
2030-04-14 20:00:00,"577,9701567979632","0,0","0,0"
2030-04-14 21:00:00,"577,9701567979632","0,0","0,0"
2030-04-14 22:00:00,"577,9701567979632","0,0","0,0"
2030-04-14 23:00:00,"1011,4477743964355","0,0","433,4776175984723"
2030-04-15 00:00:00,"1444,9253919949078","0,0","433,4776175984723"
2030-04-15 01:00:00,"1444,9253919949078","0,0","0,0"
2030-04-15 02:00:00,"1444,9253919949078","0,0","0,0"
2030-04-15 03:00:00,"1444,9253919949078","0,0","0,0"
2030-04-15 04:00:00,"963,2835946632719","433,4776175984723","0,0"
2030-04-15 05:00:00,"481,6417973316359","433,4776175984723","0,0"
2030-04-15 06:00:00,"0,0","433,4776175984723","0,0"
2030-04-15 07:00:00,"0,0","0,0","0,0"
2030-04-15 08:00:00,"0,0","0,0","0,0"
2030-04-15 09:00:00,"433,4776175984723","0,0","433,4776175984723"
2030-04-15 10:00:00,"866,9552351969446","0,0","433,4776175984723"
2030-04-15 11:00:00,"1300,432852795417","0,0","433,4776175984723"
2030-04-15 12:00:00,"1300,432852795417","0,0","0,0"
2030-04-15 13:00:00,"1300,432852795417","0,0","0,0"
2030-04-15 14:00:00,"1733,9104703938892","0,0","433,4776175984723"
2030-04-15 15:00:00,"1733,9104703938892","0,0","0,0"
2030-04-15 16:00:00,"1733,9104703938892","0,0","0,0"
2030-04-15 17:00:00,"1252,2686730622534","433,4776175984723","0,0"
2030-04-15 18:00:00,"770,6268757306175","433,4776175984723","0,0"
2030-04-15 19:00:00,"1204,1044933290898","0,0","433,4776175984723"
2030-04-15 20:00:00,"1204,1044933290898","0,0","0,0"
2030-04-15 21:00:00,"1300,432852795417","0,0","96,32835946632713"
2030-04-15 22:00:00,"1733,9104703938892","0,0","433,4776175984723"
2030-04-15 23:00:00,"1733,9104703938892","0,0","0,0"
2030-04-16 00:00:00,"1605,538402495734","115,53486110833961","0,0"
2030-04-16 01:00:00,"1605,538402495734","0,0","0,0"
2030-04-16 02:00:00,"1605,538402495734","0,0","0,0"
2030-04-16 03:00:00,"1199,9941424528986","364,989834038552","0,0"
2030-04-16 04:00:00,"718,3523451212627","433,4776175984723","0,0"
2030-04-16 05:00:00,"368,48803981149774","314,8778747787885","0,0"
2030-04-16 06:00:00,"0,0","331,63923583034796","0,0"
2030-04-16 07:00:00,"24,60837060070486","0,0","24,60837060070486"
2030-04-16 08:00:00,"49,905191903184175","0,0","25,296821302479316"
2030-04-16 09:00:00,"483,3828095016565","0,0","433,4776175984723"
2030-04-16 10:00:00,"866,9552351969446","0,0","383,57242569528813"
2030-04-16 11:00:00,"1300,432852795417","0,0","433,4776175984723"
2030-04-16 12:00:00,"1300,432852795417","0,0","0,0"
2030-04-16 13:00:00,"1733,9104703938892","0,0","433,4776175984723"
2030-04-16 14:00:00,"1733,9104703938892","0,0","0,0"
2030-04-16 15:00:00,"1733,9104703938892","0,0","0,0"
2030-04-16 16:00:00,"1733,9104703938892","0,0","0,0"
2030-04-16 17:00:00,"1252,2686730622534","433,4776175984723","0,0"
2030-04-16 18:00:00,"770,6268757306175","433,4776175984723","0,0"
2030-04-16 19:00:00,"288,98507839898156","433,4776175984723","0,0"
2030-04-16 20:00:00,"0,0","260,0865705590834","0,0"
2030-04-16 21:00:00,"433,4776175984723","0,0","433,4776175984723"
2030-04-16 22:00:00,"866,9552351969446","0,0","433,4776175984723"
2030-04-16 23:00:00,"1300,432852795417","0,0","433,4776175984723"
2030-04-17 00:00:00,"1733,9104703938892","0,0","433,4776175984723"
2030-04-17 01:00:00,"1733,9104703938892","0,0","0,0"
2030-04-17 02:00:00,"1733,9104703938892","0,0","0,0"
2030-04-17 03:00:00,"1444,9253919949078","260,0865705590832","0,0"
2030-04-17 04:00:00,"963,2835946632719","433,4776175984723","0,0"
2030-04-17 05:00:00,"481,6417973316359","433,4776175984723","0,0"
2030-04-17 06:00:00,"0,0","433,4776175984723","0,0"
2030-04-17 07:00:00,"0,0","0,0","0,0"
2030-04-17 08:00:00,"0,0","0,0","0,0"
2030-04-17 09:00:00,"244,15030389401068","0,0","244,15030389401068"
2030-04-17 10:00:00,"677,627921492483","0,0","433,4776175984723"
2030-04-17 11:00:00,"1111,1055390909553","0,0","433,4776175984723"
2030-04-17 12:00:00,"1111,1055390909553","0,0","0,0"
2030-04-17 13:00:00,"1544,5831566894276","0,0","433,4776175984723"
2030-04-17 14:00:00,"1733,9104703938892","0,0","189,32731370446157"
2030-04-17 15:00:00,"1733,9104703938892","0,0","0,0"
2030-04-17 16:00:00,"1733,9104703938892","0,0","0,0"
2030-04-17 17:00:00,"1733,9104703938892","0,0","0,0"
2030-04-17 18:00:00,"1733,9104703938892","0,0","0,0"
2030-04-17 19:00:00,"1733,9104703938892","0,0","0,0"
2030-04-17 20:00:00,"1733,9104703938892","0,0","0,0"
2030-04-17 21:00:00,"1733,9104703938892","0,0","0,0"
2030-04-17 22:00:00,"1733,9104703938892","0,0","0,0"
2030-04-17 23:00:00,"1733,9104703938892","0,0","0,0"
2030-04-18 00:00:00,"1733,9104703938892","0,0","0,0"
2030-04-18 01:00:00,"1733,9104703938892","0,0","0,0"
2030-04-18 02:00:00,"1733,9104703938892","0,0","0,0"
2030-04-18 03:00:00,"1733,9104703938892","0,0","0,0"
2030-04-18 04:00:00,"1252,2686730622534","433,4776175984723","0,0"
2030-04-18 05:00:00,"770,6268757306175","433,4776175984723","0,0"
2030-04-18 06:00:00,"288,98507839898156","433,4776175984723","0,0"
2030-04-18 07:00:00,"288,98507839898156","0,0","0,0"
2030-04-18 08:00:00,"288,98507839898156","0,0","0,0"
2030-04-18 09:00:00,"288,98507839898156","0,0","0,0"
2030-04-18 10:00:00,"383,29124903540844","0,0","94,3061706364269"
2030-04-18 11:00:00,"643,5771014178365","0,0","260,285852382428"
2030-04-18 12:00:00,"1077,0547190163088","0,0","433,4776175984723"
2030-04-18 13:00:00,"1510,5323366147811","0,0","433,4776175984723"
2030-04-18 14:00:00,"1510,5323366147811","0,0","0,0"
2030-04-18 15:00:00,"1510,5323366147811","0,0","0,0"
2030-04-18 16:00:00,"1510,5323366147811","0,0","0,0"
2030-04-18 17:00:00,"1028,8905392831452","433,4776175984723","0,0"
2030-04-18 18:00:00,"547,2487419515094","433,4776175984723","0,0"
2030-04-18 19:00:00,"65,60694461987345","433,4776175984723","0,0"
2030-04-18 20:00:00,"0,0","59,0462501578861","0,0"
2030-04-18 21:00:00,"0,0","0,0","0,0"
2030-04-18 22:00:00,"0,0","0,0","0,0"
2030-04-18 23:00:00,"0,0","0,0","0,0"
2030-04-19 00:00:00,"0,0","0,0","0,0"
2030-04-19 01:00:00,"0,0","0,0","0,0"
2030-04-19 02:00:00,"0,0","0,0","0,0"
2030-04-19 03:00:00,"0,0","0,0","0,0"
2030-04-19 04:00:00,"0,0","0,0","0,0"
2030-04-19 05:00:00,"0,0","0,0","0,0"
2030-04-19 06:00:00,"0,0","0,0","0,0"
2030-04-19 07:00:00,"0,0","0,0","0,0"
2030-04-19 08:00:00,"0,0","0,0","0,0"
2030-04-19 09:00:00,"33,577386949540596","0,0","33,577386949540596"
2030-04-19 10:00:00,"0,0","30,219648254586534","0,0"
2030-04-19 11:00:00,"361,3914574493962","0,0","361,3914574493962"
2030-04-19 12:00:00,"794,8690750478686","0,0","433,4776175984723"
2030-04-19 13:00:00,"1228,346692646341","0,0","433,4776175984723"
2030-04-19 14:00:00,"1661,8243102448132","0,0","433,4776175984723"
2030-04-19 15:00:00,"1733,9104703938892","0,0","72,08616014907602"
2030-04-19 16:00:00,"1733,9104703938892","0,0","0,0"
2030-04-19 17:00:00,"1733,9104703938892","0,0","0,0"
2030-04-19 18:00:00,"1476,5654840409131","231,61048771767844","0,0"
2030-04-19 19:00:00,"994,9236867092773","433,4776175984723","0,0"
2030-04-19 20:00:00,"513,2818893776414","433,4776175984723","0,0"
2030-04-19 21:00:00,"513,2818893776414","0,0","0,0"
2030-04-19 22:00:00,"513,2818893776414","0,0","0,0"
2030-04-19 23:00:00,"513,2818893776414","0,0","0,0"
2030-04-20 00:00:00,"513,2818893776414","0,0","0,0"
2030-04-20 01:00:00,"513,2818893776414","0,0","0,0"
2030-04-20 02:00:00,"513,2818893776414","0,0","0,0"
2030-04-20 03:00:00,"513,2818893776414","0,0","0,0"
2030-04-20 04:00:00,"31,640092046005464","433,4776175984723","0,0"
2030-04-20 05:00:00,"0,0","28,476082841404917","0,0"
2030-04-20 06:00:00,"0,0","0,0","0,0"
2030-04-20 07:00:00,"0,0","0,0","0,0"
2030-04-20 08:00:00,"0,0","0,0","0,0"
2030-04-20 09:00:00,"0,0","0,0","0,0"
2030-04-20 10:00:00,"384,3768857849406","0,0","384,3768857849406"
2030-04-20 11:00:00,"817,854503383413","0,0","433,4776175984723"
2030-04-20 12:00:00,"1251,3321209818853","0,0","433,4776175984723"
2030-04-20 13:00:00,"1684,8097385803576","0,0","433,4776175984723"
2030-04-20 14:00:00,"1733,9104703938892","0,0","49,10073181353164"
2030-04-20 15:00:00,"1733,9104703938892","0,0","0,0"
2030-04-20 16:00:00,"1733,9104703938892","0,0","0,0"
2030-04-20 17:00:00,"1252,2686730622534","433,4776175984723","0,0"
2030-04-20 18:00:00,"770,6268757306175","433,4776175984723","0,0"
2030-04-20 19:00:00,"288,98507839898156","433,4776175984723","0,0"
2030-04-20 20:00:00,"0,0","260,0865705590834","0,0"
2030-04-20 21:00:00,"0,0","0,0","0,0"
2030-04-20 22:00:00,"0,0","0,0","0,0"
2030-04-20 23:00:00,"0,0","0,0","0,0"
2030-04-21 00:00:00,"0,0","0,0","0,0"
2030-04-21 01:00:00,"0,0","0,0","0,0"
2030-04-21 02:00:00,"0,0","0,0","0,0"
2030-04-21 03:00:00,"0,0","0,0","0,0"
2030-04-21 04:00:00,"0,0","0,0","0,0"
2030-04-21 05:00:00,"0,0","0,0","0,0"
2030-04-21 06:00:00,"0,0","0,0","0,0"
2030-04-21 07:00:00,"0,0","0,0","0,0"
2030-04-21 08:00:00,"0,0","0,0","0,0"
2030-04-21 09:00:00,"433,4776175984723","0,0","433,4776175984723"
2030-04-21 10:00:00,"866,9552351969446","0,0","433,4776175984723"
2030-04-21 11:00:00,"1300,432852795417","0,0","433,4776175984723"
2030-04-21 12:00:00,"1300,432852795417","0,0","0,0"
2030-04-21 13:00:00,"1733,9104703938892","0,0","433,4776175984723"
2030-04-21 14:00:00,"1733,9104703938892","0,0","0,0"
2030-04-21 15:00:00,"1733,9104703938892","0,0","0,0"
2030-04-21 16:00:00,"1733,9104703938892","0,0","0,0"
2030-04-21 17:00:00,"1733,9104703938892","0,0","0,0"
2030-04-21 18:00:00,"1733,9104703938892","0,0","0,0"
2030-04-21 19:00:00,"1733,9104703938892","0,0","0,0"
2030-04-21 20:00:00,"1733,9104703938892","0,0","0,0"
2030-04-21 21:00:00,"1733,9104703938892","0,0","0,0"
2030-04-21 22:00:00,"1733,9104703938892","0,0","0,0"
2030-04-21 23:00:00,"1733,9104703938892","0,0","0,0"
2030-04-22 00:00:00,"1252,2686730622534","433,4776175984723","0,0"
2030-04-22 01:00:00,"770,6268757306175","433,4776175984723","0,0"
2030-04-22 02:00:00,"389,0997471307617","343,3744157398702","0,0"
2030-04-22 03:00:00,"627,0603913937914","0,0","237,96064426302968"
2030-04-22 04:00:00,"561,0098301077189","59,44550515746522","0,0"
2030-04-22 05:00:00,"284,7359817447838","248,64646352664153","0,0"
2030-04-22 06:00:00,"0,0","256,2623835703054","0,0"
2030-04-22 07:00:00,"0,0","0,0","0,0"
2030-04-22 08:00:00,"433,4776175984723","0,0","433,4776175984723"
2030-04-22 09:00:00,"866,9552351969446","0,0","433,4776175984723"
2030-04-22 10:00:00,"866,9552351969446","0,0","0,0"
2030-04-22 11:00:00,"1300,432852795417","0,0","433,4776175984723"
2030-04-22 12:00:00,"1733,9104703938892","0,0","433,4776175984723"
2030-04-22 13:00:00,"1733,9104703938892","0,0","0,0"
2030-04-22 14:00:00,"1733,9104703938892","0,0","0,0"
2030-04-22 15:00:00,"1733,9104703938892","0,0","0,0"
2030-04-22 16:00:00,"1733,9104703938892","0,0","0,0"
2030-04-22 17:00:00,"1733,9104703938892","0,0","0,0"
2030-04-22 18:00:00,"1469,2992342600753","238,15011252043251","0,0"
2030-04-22 19:00:00,"987,6574369284394","433,4776175984723","0,0"
2030-04-22 20:00:00,"987,6574369284394","0,0","0,0"
2030-04-22 21:00:00,"987,6574369284394","0,0","0,0"
2030-04-22 22:00:00,"987,6574369284394","0,0","0,0"
2030-04-22 23:00:00,"987,6574369284394","0,0","0,0"
2030-04-23 00:00:00,"987,6574369284394","0,0","0,0"
2030-04-23 01:00:00,"987,6574369284394","0,0","0,0"
2030-04-23 02:00:00,"987,6574369284394","0,0","0,0"
2030-04-23 03:00:00,"506,01563959680357","433,4776175984723","0,0"
2030-04-23 04:00:00,"24,37384226516765","433,4776175984723","0,0"
2030-04-23 05:00:00,"0,0","21,936458038650883","0,0"
2030-04-23 06:00:00,"0,0","0,0","0,0"
2030-04-23 07:00:00,"0,0","0,0","0,0"
2030-04-23 08:00:00,"0,0","0,0","0,0"
2030-04-23 09:00:00,"0,0","0,0","0,0"
2030-04-23 10:00:00,"433,4776175984723","0,0","433,4776175984723"
2030-04-23 11:00:00,"866,9552351969446","0,0","433,4776175984723"
2030-04-23 12:00:00,"1300,432852795417","0,0","433,4776175984723"
2030-04-23 13:00:00,"1733,9104703938892","0,0","433,4776175984723"
2030-04-23 14:00:00,"1733,9104703938892","0,0","0,0"
2030-04-23 15:00:00,"1733,9104703938892","0,0","0,0"
2030-04-23 16:00:00,"1733,9104703938892","0,0","0,0"
2030-04-23 17:00:00,"1252,2686730622534","433,4776175984723","0,0"
2030-04-23 18:00:00,"770,6268757306175","433,4776175984723","0,0"
2030-04-23 19:00:00,"288,98507839898156","433,4776175984723","0,0"
2030-04-23 20:00:00,"0,0","260,0865705590834","0,0"
2030-04-23 21:00:00,"0,0","0,0","0,0"
2030-04-23 22:00:00,"0,0","0,0","0,0"
2030-04-23 23:00:00,"144,49253919949092","0,0","144,49253919949092"
2030-04-24 00:00:00,"577,9701567979632","0,0","433,4776175984723"
2030-04-24 01:00:00,"1011,4477743964355","0,0","433,4776175984723"
2030-04-24 02:00:00,"1444,9253919949078","0,0","433,4776175984723"
2030-04-24 03:00:00,"1444,9253919949078","0,0","0,0"
2030-04-24 04:00:00,"963,2835946632719","433,4776175984723","0,0"
2030-04-24 05:00:00,"481,6417973316359","433,4776175984723","0,0"
2030-04-24 06:00:00,"0,0","433,4776175984723","0,0"
2030-04-24 07:00:00,"0,0","0,0","0,0"
2030-04-24 08:00:00,"0,0","0,0","0,0"
2030-04-24 09:00:00,"433,4776175984723","0,0","433,4776175984723"
2030-04-24 10:00:00,"866,9552351969446","0,0","433,4776175984723"
2030-04-24 11:00:00,"1300,432852795417","0,0","433,4776175984723"
2030-04-24 12:00:00,"1733,9104703938892","0,0","433,4776175984723"
2030-04-24 13:00:00,"1733,9104703938892","0,0","0,0"
2030-04-24 14:00:00,"1733,9104703938892","0,0","0,0"
2030-04-24 15:00:00,"1733,9104703938892","0,0","0,0"
2030-04-24 16:00:00,"1733,9104703938892","0,0","0,0"
2030-04-24 17:00:00,"1733,9104703938892","0,0","0,0"
2030-04-24 18:00:00,"1733,9104703938892","0,0","0,0"
2030-04-24 19:00:00,"1252,2686730622534","433,4776175984723","0,0"
2030-04-24 20:00:00,"770,6268757306175","433,4776175984723","0,0"
2030-04-24 21:00:00,"288,98507839898156","433,4776175984723","0,0"
2030-04-24 22:00:00,"288,98507839898156","0,0","0,0"
2030-04-24 23:00:00,"722,4626959974539","0,0","433,4776175984723"
2030-04-25 00:00:00,"1155,9403135959262","0,0","433,4776175984723"
2030-04-25 01:00:00,"1444,9253919949078","0,0","288,9850783989816"
2030-04-25 02:00:00,"1444,9253919949078","0,0","0,0"
2030-04-25 03:00:00,"963,2835946632719","433,4776175984723","0,0"
2030-04-25 04:00:00,"481,6417973316359","433,4776175984723","0,0"
2030-04-25 05:00:00,"0,0","433,4776175984723","0,0"
2030-04-25 06:00:00,"0,0","0,0","0,0"
2030-04-25 07:00:00,"0,0","0,0","0,0"
2030-04-25 08:00:00,"433,4776175984723","0,0","433,4776175984723"
2030-04-25 09:00:00,"866,9552351969446","0,0","433,4776175984723"
2030-04-25 10:00:00,"1300,432852795417","0,0","433,4776175984723"
2030-04-25 11:00:00,"1300,432852795417","0,0","0,0"
2030-04-25 12:00:00,"1300,432852795417","0,0","0,0"
2030-04-25 13:00:00,"1300,432852795417","0,0","0,0"
2030-04-25 14:00:00,"1733,9104703938892","0,0","433,4776175984723"
2030-04-25 15:00:00,"1733,9104703938892","0,0","0,0"
2030-04-25 16:00:00,"1733,9104703938892","0,0","0,0"
2030-04-25 17:00:00,"1252,2686730622534","433,4776175984723","0,0"
2030-04-25 18:00:00,"770,6268757306175","433,4776175984723","0,0"
2030-04-25 19:00:00,"288,98507839898156","433,4776175984723","0,0"
2030-04-25 20:00:00,"0,0","260,0865705590834","0,0"
2030-04-25 21:00:00,"0,0","0,0","0,0"
2030-04-25 22:00:00,"0,0","0,0","0,0"
2030-04-25 23:00:00,"0,0","0,0","0,0"
2030-04-26 00:00:00,"433,4776175984723","0,0","433,4776175984723"
2030-04-26 01:00:00,"866,9552351969446","0,0","433,4776175984723"
2030-04-26 02:00:00,"963,2835946632719","0,0","96,32835946632724"
2030-04-26 03:00:00,"963,2835946632719","0,0","0,0"
2030-04-26 04:00:00,"963,2835946632719","0,0","0,0"
2030-04-26 05:00:00,"481,6417973316359","433,4776175984723","0,0"
2030-04-26 06:00:00,"0,0","433,4776175984723","0,0"
2030-04-26 07:00:00,"0,0","0,0","0,0"
2030-04-26 08:00:00,"0,0","0,0","0,0"
2030-04-26 09:00:00,"0,0","0,0","0,0"
2030-04-26 10:00:00,"0,0","0,0","0,0"
2030-04-26 11:00:00,"0,0","0,0","0,0"
2030-04-26 12:00:00,"433,4776175984723","0,0","433,4776175984723"
2030-04-26 13:00:00,"433,4776175984723","0,0","0,0"
2030-04-26 14:00:00,"433,4776175984723","0,0","0,0"
2030-04-26 15:00:00,"433,4776175984723","0,0","0,0"
2030-04-26 16:00:00,"433,4776175984723","0,0","0,0"
2030-04-26 17:00:00,"433,4776175984723","0,0","0,0"
2030-04-26 18:00:00,"0,0","390,1298558386251","0,0"
2030-04-26 19:00:00,"0,0","0,0","0,0"
2030-04-26 20:00:00,"0,0","0,0","0,0"
2030-04-26 21:00:00,"0,0","0,0","0,0"
2030-04-26 22:00:00,"0,0","0,0","0,0"
2030-04-26 23:00:00,"0,0","0,0","0,0"
2030-04-27 00:00:00,"226,3245522079676","0,0","226,3245522079676"
2030-04-27 01:00:00,"659,8021698064399","0,0","433,4776175984723"
2030-04-27 02:00:00,"659,8021698064399","0,0","0,0"
2030-04-27 03:00:00,"659,8021698064399","0,0","0,0"
2030-04-27 04:00:00,"416,12888195515603","219,30595906615542","0,0"
2030-04-27 05:00:00,"0,0","374,5159937596404","0,0"
2030-04-27 06:00:00,"0,0","0,0","0,0"
2030-04-27 07:00:00,"0,0","0,0","0,0"
2030-04-27 08:00:00,"325,94278859422394","0,0","325,94278859422394"
2030-04-27 09:00:00,"759,4204061926962","0,0","433,4776175984723"
2030-04-27 10:00:00,"1192,8980237911685","0,0","433,4776175984723"
2030-04-27 11:00:00,"722,1909375638503","423,63637760458636","0,0"
2030-04-27 12:00:00,"1155,6685551623227","0,0","433,4776175984723"
2030-04-27 13:00:00,"1589,146172760795","0,0","433,4776175984723"
2030-04-27 14:00:00,"1713,2260420458804","0,0","124,07986928508535"
2030-04-27 15:00:00,"1733,9104703938892","0,0","20,684428348008908"
2030-04-27 16:00:00,"1733,9104703938892","0,0","0,0"
2030-04-27 17:00:00,"1733,9104703938892","0,0","0,0"
2030-04-27 18:00:00,"1252,2686730622534","433,4776175984723","0,0"
2030-04-27 19:00:00,"941,1434407155004","280,01270911207763","0,0"
2030-04-27 20:00:00,"941,1434407155004","0,0","0,0"
2030-04-27 21:00:00,"941,1434407155004","0,0","0,0"
2030-04-27 22:00:00,"1374,6210583139728","0,0","433,4776175984723"
2030-04-27 23:00:00,"1733,9104703938892","0,0","359,28941207991653"
2030-04-28 00:00:00,"1533,579308470119","180,29804573139307","0,0"
2030-04-28 01:00:00,"1429,5277742492826","93,64638079875283","0,0"
2030-04-28 02:00:00,"1158,578376220968","243,8544582254831","0,0"
2030-04-28 03:00:00,"1158,578376220968","0,0","0,0"
2030-04-28 04:00:00,"963,2835946632719","175,76530340192647","0,0"
2030-04-28 05:00:00,"481,6417973316359","433,4776175984723","0,0"
2030-04-28 06:00:00,"0,0","433,4776175984723","0,0"
2030-04-28 07:00:00,"0,0","0,0","0,0"
2030-04-28 08:00:00,"0,0","0,0","0,0"
2030-04-28 09:00:00,"433,4776175984723","0,0","433,4776175984723"
2030-04-28 10:00:00,"745,3692715783461","0,0","311,89165397987375"
2030-04-28 11:00:00,"769,9678024472873","0,0","24,598530868941225"
2030-04-28 12:00:00,"1203,4454200457596","0,0","433,4776175984723"
2030-04-28 13:00:00,"1636,923037644232","0,0","433,4776175984723"
2030-04-28 14:00:00,"1733,9104703938892","0,0","96,98743274965733"
2030-04-28 15:00:00,"1733,9104703938892","0,0","0,0"
2030-04-28 16:00:00,"1733,9104703938892","0,0","0,0"
2030-04-28 17:00:00,"1733,9104703938892","0,0","0,0"
2030-04-28 18:00:00,"1733,9104703938892","0,0","0,0"
2030-04-28 19:00:00,"1733,9104703938892","0,0","0,0"
2030-04-28 20:00:00,"1733,9104703938892","0,0","0,0"
2030-04-28 21:00:00,"1733,9104703938892","0,0","0,0"
2030-04-28 22:00:00,"1633,8656819612108","90,04030958941053","0,0"
2030-04-28 23:00:00,"1152,223884629575","433,4776175984723","0,0"
2030-04-29 00:00:00,"853,0862440416673","269,22387652911686","0,0"
2030-04-29 01:00:00,"963,2340045426826","0,0","110,14776050101518"
2030-04-29 02:00:00,"1396,7116221411547","0,0","433,4776175984723"
2030-04-29 03:00:00,"1733,9104703938892","0,0","337,1988482527345"
2030-04-29 04:00:00,"1733,9104703938892","0,0","0,0"
2030-04-29 05:00:00,"1252,2686730622534","433,4776175984723","0,0"
2030-04-29 06:00:00,"770,6268757306175","433,4776175984723","0,0"
2030-04-29 07:00:00,"770,6268757306175","0,0","0,0"
2030-04-29 08:00:00,"770,6268757306175","0,0","0,0"
2030-04-29 09:00:00,"770,6268757306175","0,0","0,0"
2030-04-29 10:00:00,"1204,1044933290898","0,0","433,4776175984723"
2030-04-29 11:00:00,"1637,582110927562","0,0","433,4776175984723"
2030-04-29 12:00:00,"1733,9104703938892","0,0","96,32835946632713"
2030-04-29 13:00:00,"1733,9104703938892","0,0","0,0"
2030-04-29 14:00:00,"1733,9104703938892","0,0","0,0"
2030-04-29 15:00:00,"1733,9104703938892","0,0","0,0"
2030-04-29 16:00:00,"1733,9104703938892","0,0","0,0"
2030-04-29 17:00:00,"1252,2686730622534","433,4776175984723","0,0"
2030-04-29 18:00:00,"770,6268757306175","433,4776175984723","0,0"
2030-04-29 19:00:00,"288,98507839898156","433,4776175984723","0,0"
2030-04-29 20:00:00,"0,0","260,0865705590834","0,0"
2030-04-29 21:00:00,"0,0","0,0","0,0"
2030-04-29 22:00:00,"0,0","0,0","0,0"
2030-04-29 23:00:00,"0,0","0,0","0,0"
2030-04-30 00:00:00,"433,4776175984723","0,0","433,4776175984723"
2030-04-30 01:00:00,"866,9552351969446","0,0","433,4776175984723"
2030-04-30 02:00:00,"1300,432852795417","0,0","433,4776175984723"
2030-04-30 03:00:00,"1444,9253919949078","0,0","144,49253919949092"
2030-04-30 04:00:00,"963,2835946632719","433,4776175984723","0,0"
2030-04-30 05:00:00,"481,6417973316359","433,4776175984723","0,0"
2030-04-30 06:00:00,"0,0","433,4776175984723","0,0"
2030-04-30 07:00:00,"0,0","0,0","0,0"
2030-04-30 08:00:00,"0,0","0,0","0,0"
2030-04-30 09:00:00,"0,0","0,0","0,0"
2030-04-30 10:00:00,"433,4776175984723","0,0","433,4776175984723"
2030-04-30 11:00:00,"866,9552351969446","0,0","433,4776175984723"
2030-04-30 12:00:00,"1300,432852795417","0,0","433,4776175984723"
2030-04-30 13:00:00,"1733,9104703938892","0,0","433,4776175984723"
2030-04-30 14:00:00,"1733,9104703938892","0,0","0,0"
2030-04-30 15:00:00,"1733,9104703938892","0,0","0,0"
2030-04-30 16:00:00,"1733,9104703938892","0,0","0,0"
2030-04-30 17:00:00,"1312,3226126210664","379,42907199554054","0,0"
2030-04-30 18:00:00,"830,6808152894305","433,4776175984723","0,0"
2030-04-30 19:00:00,"349,03901795779456","433,4776175984723","0,0"
2030-04-30 20:00:00,"0,0","314,1351161620151","0,0"
2030-04-30 21:00:00,"0,0","0,0","0,0"
2030-04-30 22:00:00,"0,0","0,0","0,0"
2030-04-30 23:00:00,"0,0","0,0","0,0"
2030-05-01 00:00:00,"32,80236033632936","0,0","32,80236033632936"
2030-05-01 01:00:00,"32,80236033632936","0,0","0,0"
2030-05-01 02:00:00,"32,80236033632936","0,0","0,0"
2030-05-01 03:00:00,"32,80236033632936","0,0","0,0"
2030-05-01 04:00:00,"32,80236033632936","0,0","0,0"
2030-05-01 05:00:00,"0,0","29,52212430269642","0,0"
2030-05-01 06:00:00,"0,0","0,0","0,0"
2030-05-01 07:00:00,"0,0","0,0","0,0"
2030-05-01 08:00:00,"0,0","0,0","0,0"
2030-05-01 09:00:00,"433,4776175984723","0,0","433,4776175984723"
2030-05-01 10:00:00,"866,9552351969446","0,0","433,4776175984723"
2030-05-01 11:00:00,"1300,432852795417","0,0","433,4776175984723"
2030-05-01 12:00:00,"1733,9104703938892","0,0","433,4776175984723"
2030-05-01 13:00:00,"1733,9104703938892","0,0","0,0"
2030-05-01 14:00:00,"1733,9104703938892","0,0","0,0"
2030-05-01 15:00:00,"1733,9104703938892","0,0","0,0"
2030-05-01 16:00:00,"1733,9104703938892","0,0","0,0"
2030-05-01 17:00:00,"1733,9104703938892","0,0","0,0"
2030-05-01 18:00:00,"1623,956429351884","98,95863693780466","0,0"
2030-05-01 19:00:00,"1142,3146320202482","433,4776175984723","0,0"
2030-05-01 20:00:00,"798,4474677071682","309,4804478817719","0,0"
2030-05-01 21:00:00,"798,4474677071682","0,0","0,0"
2030-05-01 22:00:00,"798,4474677071682","0,0","0,0"
2030-05-01 23:00:00,"798,4474677071682","0,0","0,0"
2030-05-02 00:00:00,"798,4474677071682","0,0","0,0"
2030-05-02 01:00:00,"1231,9250853056406","0,0","433,4776175984723"
2030-05-02 02:00:00,"1525,819037485045","0,0","293,89395217940466"
2030-05-02 03:00:00,"1374,5823203619693","136,11304541076817","0,0"
2030-05-02 04:00:00,"892,9405230303333","433,4776175984723","0,0"
2030-05-02 05:00:00,"411,2987256986974","433,4776175984723","0,0"
2030-05-02 06:00:00,"0,0","370,16885312882766","0,0"
2030-05-02 07:00:00,"0,0","0,0","0,0"
2030-05-02 08:00:00,"0,0","0,0","0,0"
2030-05-02 09:00:00,"89,82188168071411","0,0","89,82188168071411"
2030-05-02 10:00:00,"523,2994992791864","0,0","433,4776175984723"
2030-05-02 11:00:00,"956,7771168776587","0,0","433,4776175984723"
2030-05-02 12:00:00,"1390,254734476131","0,0","433,4776175984723"
2030-05-02 13:00:00,"1733,9104703938892","0,0","343,65573591775814"
2030-05-02 14:00:00,"1733,9104703938892","0,0","0,0"
2030-05-02 15:00:00,"1733,9104703938892","0,0","0,0"
2030-05-02 16:00:00,"1733,9104703938892","0,0","0,0"
2030-05-02 17:00:00,"1252,2686730622534","433,4776175984723","0,0"
2030-05-02 18:00:00,"770,6268757306175","433,4776175984723","0,0"
2030-05-02 19:00:00,"288,98507839898156","433,4776175984723","0,0"
2030-05-02 20:00:00,"0,0","260,0865705590834","0,0"
2030-05-02 21:00:00,"0,0","0,0","0,0"
2030-05-02 22:00:00,"0,0","0,0","0,0"
2030-05-02 23:00:00,"144,49253919949092","0,0","144,49253919949092"
2030-05-03 00:00:00,"577,9701567979632","0,0","433,4776175984723"
2030-05-03 01:00:00,"1011,4477743964355","0,0","433,4776175984723"
2030-05-03 02:00:00,"1444,9253919949078","0,0","433,4776175984723"
2030-05-03 03:00:00,"1444,9253919949078","0,0","0,0"
2030-05-03 04:00:00,"963,2835946632719","433,4776175984723","0,0"
2030-05-03 05:00:00,"481,6417973316359","433,4776175984723","0,0"
2030-05-03 06:00:00,"0,0","433,4776175984723","0,0"
2030-05-03 07:00:00,"0,0","0,0","0,0"
2030-05-03 08:00:00,"0,0","0,0","0,0"
2030-05-03 09:00:00,"0,0","0,0","0,0"
2030-05-03 10:00:00,"56,23638993944515","0,0","56,23638993944515"
2030-05-03 11:00:00,"112,17771088003538","0,0","55,94132094059023"
2030-05-03 12:00:00,"112,17771088003538","0,0","0,0"
2030-05-03 13:00:00,"112,17771088003538","0,0","0,0"
2030-05-03 14:00:00,"112,17771088003538","0,0","0,0"
2030-05-03 15:00:00,"112,17771088003538","0,0","0,0"
2030-05-03 16:00:00,"112,17771088003538","0,0","0,0"
2030-05-03 17:00:00,"112,17771088003538","0,0","0,0"
2030-05-03 18:00:00,"112,17771088003538","0,0","0,0"
2030-05-03 19:00:00,"0,0","100,95993979203183","0,0"
2030-05-03 20:00:00,"0,0","0,0","0,0"
2030-05-03 21:00:00,"0,0","0,0","0,0"
2030-05-03 22:00:00,"0,0","0,0","0,0"
2030-05-03 23:00:00,"0,0","0,0","0,0"
2030-05-04 00:00:00,"0,0","0,0","0,0"
2030-05-04 01:00:00,"0,0","0,0","0,0"
2030-05-04 02:00:00,"0,0","0,0","0,0"
2030-05-04 03:00:00,"0,0","0,0","0,0"
2030-05-04 04:00:00,"0,0","0,0","0,0"
2030-05-04 05:00:00,"0,0","0,0","0,0"
2030-05-04 06:00:00,"0,0","0,0","0,0"
2030-05-04 07:00:00,"0,0","0,0","0,0"
2030-05-04 08:00:00,"0,0","0,0","0,0"
2030-05-04 09:00:00,"0,0","0,0","0,0"
2030-05-04 10:00:00,"0,0","0,0","0,0"
2030-05-04 11:00:00,"433,4776175984723","0,0","433,4776175984723"
2030-05-04 12:00:00,"866,9552351969446","0,0","433,4776175984723"
2030-05-04 13:00:00,"1300,432852795417","0,0","433,4776175984723"
2030-05-04 14:00:00,"1733,9104703938892","0,0","433,4776175984723"
2030-05-04 15:00:00,"1733,9104703938892","0,0","0,0"
2030-05-04 16:00:00,"1733,9104703938892","0,0","0,0"
2030-05-04 17:00:00,"1444,9253919949078","260,0865705590832","0,0"
2030-05-04 18:00:00,"963,2835946632719","433,4776175984723","0,0"
2030-05-04 19:00:00,"481,6417973316359","433,4776175984723","0,0"
2030-05-04 20:00:00,"0,0","433,4776175984723","0,0"
2030-05-04 21:00:00,"0,0","0,0","0,0"
2030-05-04 22:00:00,"0,0","0,0","0,0"
2030-05-04 23:00:00,"0,0","0,0","0,0"
2030-05-05 00:00:00,"0,0","0,0","0,0"
2030-05-05 01:00:00,"48,16417973316362","0,0","48,16417973316362"
2030-05-05 02:00:00,"481,6417973316359","0,0","433,4776175984723"
2030-05-05 03:00:00,"481,6417973316359","0,0","0,0"
2030-05-05 04:00:00,"481,6417973316359","0,0","0,0"
2030-05-05 05:00:00,"0,0","433,4776175984723","0,0"
2030-05-05 06:00:00,"0,0","0,0","0,0"
2030-05-05 07:00:00,"433,4776175984723","0,0","433,4776175984723"
2030-05-05 08:00:00,"866,9552351969446","0,0","433,4776175984723"
2030-05-05 09:00:00,"866,9552351969446","0,0","0,0"
2030-05-05 10:00:00,"1300,432852795417","0,0","433,4776175984723"
2030-05-05 11:00:00,"1300,432852795417","0,0","0,0"
2030-05-05 12:00:00,"1300,432852795417","0,0","0,0"
2030-05-05 13:00:00,"1300,432852795417","0,0","0,0"
2030-05-05 14:00:00,"1733,9104703938892","0,0","433,4776175984723"
2030-05-05 15:00:00,"1733,9104703938892","0,0","0,0"
2030-05-05 16:00:00,"1733,9104703938892","0,0","0,0"
2030-05-05 17:00:00,"1444,9253919949078","260,0865705590832","0,0"
2030-05-05 18:00:00,"963,2835946632719","433,4776175984723","0,0"
2030-05-05 19:00:00,"481,6417973316359","433,4776175984723","0,0"
2030-05-05 20:00:00,"0,0","433,4776175984723","0,0"
2030-05-05 21:00:00,"310,29289310393324","0,0","310,29289310393324"
2030-05-05 22:00:00,"310,29289310393324","0,0","0,0"
2030-05-05 23:00:00,"310,29289310393324","0,0","0,0"
2030-05-06 00:00:00,"310,29289310393324","0,0","0,0"
2030-05-06 01:00:00,"310,29289310393324","0,0","0,0"
2030-05-06 02:00:00,"310,29289310393324","0,0","0,0"
2030-05-06 03:00:00,"310,29289310393324","0,0","0,0"
2030-05-06 04:00:00,"310,29289310393324","0,0","0,0"
2030-05-06 05:00:00,"743,7705107024055","0,0","433,4776175984723"
2030-05-06 06:00:00,"743,7705107024055","0,0","0,0"
2030-05-06 07:00:00,"1177,2481283008779","0,0","433,4776175984723"
2030-05-06 08:00:00,"1177,2481283008779","0,0","0,0"
2030-05-06 09:00:00,"1177,2481283008779","0,0","0,0"
2030-05-06 10:00:00,"1177,2481283008779","0,0","0,0"
2030-05-06 11:00:00,"1177,2481283008779","0,0","0,0"
2030-05-06 12:00:00,"1177,2481283008779","0,0","0,0"
2030-05-06 13:00:00,"1300,432852795417","0,0","123,18472449453895"
2030-05-06 14:00:00,"1733,9104703938892","0,0","433,4776175984723"
2030-05-06 15:00:00,"1733,9104703938892","0,0","0,0"
2030-05-06 16:00:00,"1733,9104703938892","0,0","0,0"
2030-05-06 17:00:00,"1252,2686730622534","433,4776175984723","0,0"
2030-05-06 18:00:00,"1685,7462906607257","0,0","433,4776175984723"
2030-05-06 19:00:00,"1733,9104703938892","0,0","48,164179733163564"
2030-05-06 20:00:00,"1252,2686730622534","433,4776175984723","0,0"
2030-05-06 21:00:00,"770,6268757306175","433,4776175984723","0,0"
2030-05-06 22:00:00,"770,6268757306175","0,0","0,0"
2030-05-06 23:00:00,"770,6268757306175","0,0","0,0"
2030-05-07 00:00:00,"770,6268757306175","0,0","0,0"
2030-05-07 01:00:00,"770,6268757306175","0,0","0,0"
2030-05-07 02:00:00,"963,2835946632719","0,0","192,65671893265437"
2030-05-07 03:00:00,"963,2835946632719","0,0","0,0"
2030-05-07 04:00:00,"481,6417973316359","433,4776175984723","0,0"
2030-05-07 05:00:00,"0,0","433,4776175984723","0,0"
2030-05-07 06:00:00,"0,0","0,0","0,0"
2030-05-07 07:00:00,"0,0","0,0","0,0"
2030-05-07 08:00:00,"0,0","0,0","0,0"
2030-05-07 09:00:00,"0,0","0,0","0,0"
2030-05-07 10:00:00,"0,0","0,0","0,0"
2030-05-07 11:00:00,"433,4776175984723","0,0","433,4776175984723"
2030-05-07 12:00:00,"866,9552351969446","0,0","433,4776175984723"
2030-05-07 13:00:00,"1300,432852795417","0,0","433,4776175984723"
2030-05-07 14:00:00,"1733,9104703938892","0,0","433,4776175984723"
2030-05-07 15:00:00,"1733,9104703938892","0,0","0,0"
2030-05-07 16:00:00,"1733,9104703938892","0,0","0,0"
2030-05-07 17:00:00,"1733,9104703938892","0,0","0,0"
2030-05-07 18:00:00,"1444,9253919949078","260,0865705590832","0,0"
2030-05-07 19:00:00,"963,2835946632719","433,4776175984723","0,0"
2030-05-07 20:00:00,"481,6417973316359","433,4776175984723","0,0"
2030-05-07 21:00:00,"0,0","433,4776175984723","0,0"
2030-05-07 22:00:00,"0,0","0,0","0,0"
2030-05-07 23:00:00,"0,0","0,0","0,0"
2030-05-08 00:00:00,"0,0","0,0","0,0"
2030-05-08 01:00:00,"0,0","0,0","0,0"
2030-05-08 02:00:00,"433,4776175984723","0,0","433,4776175984723"
2030-05-08 03:00:00,"667,1041541090967","0,0","233,62653651062442"
2030-05-08 04:00:00,"226,743658713417","396,3244458561117","0,0"
2030-05-08 05:00:00,"0,0","204,0692928420753","0,0"
2030-05-08 06:00:00,"0,0","0,0","0,0"
2030-05-08 07:00:00,"0,0","0,0","0,0"
2030-05-08 08:00:00,"433,4776175984723","0,0","433,4776175984723"
2030-05-08 09:00:00,"433,4776175984723","0,0","0,0"
2030-05-08 10:00:00,"866,9552351969446","0,0","433,4776175984723"
2030-05-08 11:00:00,"1300,432852795417","0,0","433,4776175984723"
2030-05-08 12:00:00,"1380,3827169547183","0,0","79,94986415930134"
2030-05-08 13:00:00,"1380,3827169547183","0,0","0,0"
2030-05-08 14:00:00,"1733,9104703938892","0,0","353,527753439171"
2030-05-08 15:00:00,"1733,9104703938892","0,0","0,0"
2030-05-08 16:00:00,"1733,9104703938892","0,0","0,0"
2030-05-08 17:00:00,"1733,9104703938892","0,0","0,0"
2030-05-08 18:00:00,"1252,2686730622534","433,4776175984723","0,0"
2030-05-08 19:00:00,"770,6268757306175","433,4776175984723","0,0"
2030-05-08 20:00:00,"770,6268757306175","0,0","0,0"
2030-05-08 21:00:00,"433,4776175984723","303,4343323189307","0,0"
2030-05-08 22:00:00,"866,9552351969446","0,0","433,4776175984723"
2030-05-08 23:00:00,"866,9552351969446","0,0","0,0"
2030-05-09 00:00:00,"1300,432852795417","0,0","433,4776175984723"
2030-05-09 01:00:00,"1733,9104703938892","0,0","433,4776175984723"
2030-05-09 02:00:00,"1733,9104703938892","0,0","0,0"
2030-05-09 03:00:00,"1614,9031994256388","107,10654387142525","0,0"
2030-05-09 04:00:00,"1133,261402094003","433,4776175984723","0,0"
2030-05-09 05:00:00,"651,6196047623671","433,4776175984723","0,0"
2030-05-09 06:00:00,"409,78989816265727","217,64673593973882","0,0"
2030-05-09 07:00:00,"89,51575572943467","288,24672818990035","0,0"
2030-05-09 08:00:00,"0,0","80,5641801564912","0,0"
2030-05-09 09:00:00,"0,0","0,0","0,0"
2030-05-09 10:00:00,"433,4776175984723","0,0","433,4776175984723"
2030-05-09 11:00:00,"866,9552351969446","0,0","433,4776175984723"
2030-05-09 12:00:00,"1300,432852795417","0,0","433,4776175984723"
2030-05-09 13:00:00,"1733,9104703938892","0,0","433,4776175984723"
2030-05-09 14:00:00,"1733,9104703938892","0,0","0,0"
2030-05-09 15:00:00,"1733,9104703938892","0,0","0,0"
2030-05-09 16:00:00,"1733,9104703938892","0,0","0,0"
2030-05-09 17:00:00,"1733,9104703938892","0,0","0,0"
2030-05-09 18:00:00,"1733,9104703938892","0,0","0,0"
2030-05-09 19:00:00,"1390,5983625467738","308,9808970624038","0,0"
2030-05-09 20:00:00,"908,956565215138","433,4776175984723","0,0"
2030-05-09 21:00:00,"816,4994819559951","83,21137493322861","0,0"
2030-05-09 22:00:00,"816,4994819559951","0,0","0,0"
2030-05-09 23:00:00,"816,4994819559951","0,0","0,0"
2030-05-10 00:00:00,"816,4994819559951","0,0","0,0"
2030-05-10 01:00:00,"816,4994819559951","0,0","0,0"
2030-05-10 02:00:00,"930,5077267358974","0,0","114,00824477990234"
2030-05-10 03:00:00,"930,5077267358974","0,0","0,0"
2030-05-10 04:00:00,"930,5077267358974","0,0","0,0"
2030-05-10 05:00:00,"448,86592940426146","433,4776175984723","0,0"
2030-05-10 06:00:00,"0,0","403,9793364638353","0,0"
2030-05-10 07:00:00,"0,0","0,0","0,0"
2030-05-10 08:00:00,"0,0","0,0","0,0"
2030-05-10 09:00:00,"0,0","0,0","0,0"
2030-05-10 10:00:00,"433,4776175984723","0,0","433,4776175984723"
2030-05-10 11:00:00,"866,9552351969446","0,0","433,4776175984723"
2030-05-10 12:00:00,"1300,432852795417","0,0","433,4776175984723"
2030-05-10 13:00:00,"1733,9104703938892","0,0","433,4776175984723"
2030-05-10 14:00:00,"1733,9104703938892","0,0","0,0"
2030-05-10 15:00:00,"1733,9104703938892","0,0","0,0"
2030-05-10 16:00:00,"1733,9104703938892","0,0","0,0"
2030-05-10 17:00:00,"1536,9202147907085","177,29123004286254","0,0"
2030-05-10 18:00:00,"1055,2784174590727","433,4776175984723","0,0"
2030-05-10 19:00:00,"573,6366201274368","433,4776175984723","0,0"
2030-05-10 20:00:00,"91,99482279580087","433,4776175984723","0,0"
2030-05-10 21:00:00,"0,0","82,79534051622078","0,0"
2030-05-10 22:00:00,"0,0","0,0","0,0"
2030-05-10 23:00:00,"0,0","0,0","0,0"
2030-05-11 00:00:00,"0,0","0,0","0,0"
2030-05-11 01:00:00,"0,0","0,0","0,0"
2030-05-11 02:00:00,"0,0","0,0","0,0"
2030-05-11 03:00:00,"0,0","0,0","0,0"
2030-05-11 04:00:00,"0,0","0,0","0,0"
2030-05-11 05:00:00,"0,0","0,0","0,0"
2030-05-11 06:00:00,"0,0","0,0","0,0"
2030-05-11 07:00:00,"0,0","0,0","0,0"
2030-05-11 08:00:00,"0,0","0,0","0,0"
2030-05-11 09:00:00,"0,0","0,0","0,0"
2030-05-11 10:00:00,"0,0","0,0","0,0"
2030-05-11 11:00:00,"433,4776175984723","0,0","433,4776175984723"
2030-05-11 12:00:00,"866,9552351969446","0,0","433,4776175984723"
2030-05-11 13:00:00,"1300,432852795417","0,0","433,4776175984723"
2030-05-11 14:00:00,"1733,9104703938892","0,0","433,4776175984723"
2030-05-11 15:00:00,"1733,9104703938892","0,0","0,0"
2030-05-11 16:00:00,"1733,9104703938892","0,0","0,0"
2030-05-11 17:00:00,"1733,9104703938892","0,0","0,0"
2030-05-11 18:00:00,"1467,474412002023","239,79245255267955","0,0"
2030-05-11 19:00:00,"1280,641782108561","168,14936690411565","0,0"
2030-05-11 20:00:00,"1101,7863053244423","160,9699291057068","0,0"
2030-05-11 21:00:00,"961,8327421532484","125,95820685407448","0,0"
2030-05-11 22:00:00,"921,1700785951456","36,59639720229258","0,0"
2030-05-11 23:00:00,"481,6417973316359","395,57545313715866","0,0"
2030-05-12 00:00:00,"0,0","433,4776175984723","0,0"
2030-05-12 01:00:00,"0,0","0,0","0,0"
2030-05-12 02:00:00,"0,0","0,0","0,0"
2030-05-12 03:00:00,"0,0","0,0","0,0"
2030-05-12 04:00:00,"0,0","0,0","0,0"
2030-05-12 05:00:00,"0,0","0,0","0,0"
2030-05-12 06:00:00,"198,0411619574527","0,0","198,0411619574527"
2030-05-12 07:00:00,"0,0","178,2370457617074","0,0"
2030-05-12 08:00:00,"100,9764143475453","0,0","100,9764143475453"
2030-05-12 09:00:00,"534,4540319460176","0,0","433,4776175984723"
2030-05-12 10:00:00,"849,9525911615831","0,0","315,4985592155654"
2030-05-12 11:00:00,"907,2717587968243","0,0","57,31916763524123"
2030-05-12 12:00:00,"1306,5308120386171","0,0","399,25905324179286"
2030-05-12 13:00:00,"1733,9104703938892","0,0","427,3796583552721"
2030-05-12 14:00:00,"1733,9104703938892","0,0","0,0"
2030-05-12 15:00:00,"1733,9104703938892","0,0","0,0"
2030-05-12 16:00:00,"1733,9104703938892","0,0","0,0"
2030-05-12 17:00:00,"1733,9104703938892","0,0","0,0"
2030-05-12 18:00:00,"1571,5105779666342","146,15990318452955","0,0"
2030-05-12 19:00:00,"1089,8687806349983","433,4776175984723","0,0"
2030-05-12 20:00:00,"608,2269833033624","433,4776175984723","0,0"
2030-05-12 21:00:00,"126,58518597172656","433,4776175984723","0,0"
2030-05-12 22:00:00,"0,0","113,9266673745539","0,0"
2030-05-12 23:00:00,"433,4776175984723","0,0","433,4776175984723"
2030-05-13 00:00:00,"377,42277625509763","50,4493572090372","0,0"
2030-05-13 01:00:00,"232,59749896498002","130,34274956110585","0,0"
2030-05-13 02:00:00,"666,0751165634523","0,0","433,4776175984723"
2030-05-13 03:00:00,"1099,5527341619245","0,0","433,4776175984723"
2030-05-13 04:00:00,"963,2835946632719","122,64222554878737","0,0"
2030-05-13 05:00:00,"481,6417973316359","433,4776175984723","0,0"
2030-05-13 06:00:00,"0,0","433,4776175984723","0,0"
2030-05-13 07:00:00,"0,0","0,0","0,0"
2030-05-13 08:00:00,"433,4776175984723","0,0","433,4776175984723"
2030-05-13 09:00:00,"866,9552351969446","0,0","433,4776175984723"
2030-05-13 10:00:00,"866,9552351969446","0,0","0,0"
2030-05-13 11:00:00,"1300,432852795417","0,0","433,4776175984723"
2030-05-13 12:00:00,"1733,9104703938892","0,0","433,4776175984723"
2030-05-13 13:00:00,"1733,9104703938892","0,0","0,0"
2030-05-13 14:00:00,"1733,9104703938892","0,0","0,0"
2030-05-13 15:00:00,"1733,9104703938892","0,0","0,0"
2030-05-13 16:00:00,"1733,9104703938892","0,0","0,0"
2030-05-13 17:00:00,"1733,9104703938892","0,0","0,0"
2030-05-13 18:00:00,"1733,9104703938892","0,0","0,0"
2030-05-13 19:00:00,"1733,9104703938892","0,0","0,0"
2030-05-13 20:00:00,"1655,3105383392283","70,73993884919493","0,0"
2030-05-13 21:00:00,"1232,2496585618142","380,7547917996728","0,0"
2030-05-13 22:00:00,"877,8771914045687","318,9352204415209","0,0"
2030-05-13 23:00:00,"631,7582923938378","221,50700910965787","0,0"
2030-05-14 00:00:00,"944,3098111414379","0,0","312,55151874760014"
2030-05-14 01:00:00,"963,2835946632719","0,0","18,97378352183398"
2030-05-14 02:00:00,"963,2835946632719","0,0","0,0"
2030-05-14 03:00:00,"963,2835946632719","0,0","0,0"
2030-05-14 04:00:00,"963,2835946632719","0,0","0,0"
2030-05-14 05:00:00,"481,6417973316359","433,4776175984723","0,0"
2030-05-14 06:00:00,"0,0","433,4776175984723","0,0"
2030-05-14 07:00:00,"0,0","0,0","0,0"
2030-05-14 08:00:00,"0,0","0,0","0,0"
2030-05-14 09:00:00,"433,4776175984723","0,0","433,4776175984723"
2030-05-14 10:00:00,"866,9552351969446","0,0","433,4776175984723"
2030-05-14 11:00:00,"1183,2325494890815","0,0","316,27731429213696"
2030-05-14 12:00:00,"1616,7101670875538","0,0","433,4776175984723"
2030-05-14 13:00:00,"1733,9104703938892","0,0","117,2003033063354"
2030-05-14 14:00:00,"1733,9104703938892","0,0","0,0"
2030-05-14 15:00:00,"1733,9104703938892","0,0","0,0"
2030-05-14 16:00:00,"1252,2686730622534","433,4776175984723","0,0"
2030-05-14 17:00:00,"770,6268757306175","433,4776175984723","0,0"
2030-05-14 18:00:00,"288,98507839898156","433,4776175984723","0,0"
2030-05-14 19:00:00,"288,98507839898156","0,0","0,0"
2030-05-14 20:00:00,"288,98507839898156","0,0","0,0"
2030-05-14 21:00:00,"288,98507839898156","0,0","0,0"
2030-05-14 22:00:00,"722,4626959974539","0,0","433,4776175984723"
2030-05-14 23:00:00,"1155,9403135959262","0,0","433,4776175984723"
2030-05-15 00:00:00,"1589,4179311943985","0,0","433,4776175984723"
2030-05-15 01:00:00,"1589,4179311943985","0,0","0,0"
2030-05-15 02:00:00,"1733,9104703938892","0,0","144,4925391994907"
2030-05-15 03:00:00,"1733,9104703938892","0,0","0,0"
2030-05-15 04:00:00,"1252,2686730622534","433,4776175984723","0,0"
2030-05-15 05:00:00,"770,6268757306175","433,4776175984723","0,0"
2030-05-15 06:00:00,"288,98507839898156","433,4776175984723","0,0"
2030-05-15 07:00:00,"0,0","260,0865705590834","0,0"
2030-05-15 08:00:00,"433,4776175984723","0,0","433,4776175984723"
2030-05-15 09:00:00,"866,9552351969446","0,0","433,4776175984723"
2030-05-15 10:00:00,"866,9552351969446","0,0","0,0"
2030-05-15 11:00:00,"1300,432852795417","0,0","433,4776175984723"
2030-05-15 12:00:00,"1300,432852795417","0,0","0,0"
2030-05-15 13:00:00,"1733,9104703938892","0,0","433,4776175984723"
2030-05-15 14:00:00,"1733,9104703938892","0,0","0,0"
2030-05-15 15:00:00,"1733,9104703938892","0,0","0,0"
2030-05-15 16:00:00,"1733,9104703938892","0,0","0,0"
2030-05-15 17:00:00,"1444,9253919949078","260,0865705590832","0,0"
2030-05-15 18:00:00,"963,2835946632719","433,4776175984723","0,0"
2030-05-15 19:00:00,"481,6417973316359","433,4776175984723","0,0"
2030-05-15 20:00:00,"0,0","433,4776175984723","0,0"
2030-05-15 21:00:00,"0,0","0,0","0,0"
2030-05-15 22:00:00,"0,0","0,0","0,0"
2030-05-15 23:00:00,"433,4776175984723","0,0","433,4776175984723"
2030-05-16 00:00:00,"866,9552351969446","0,0","433,4776175984723"
2030-05-16 01:00:00,"1300,432852795417","0,0","433,4776175984723"
2030-05-16 02:00:00,"1733,9104703938892","0,0","433,4776175984723"
2030-05-16 03:00:00,"1733,9104703938892","0,0","0,0"
2030-05-16 04:00:00,"1252,2686730622534","433,4776175984723","0,0"
2030-05-16 05:00:00,"770,6268757306175","433,4776175984723","0,0"
2030-05-16 06:00:00,"288,98507839898156","433,4776175984723","0,0"
2030-05-16 07:00:00,"0,0","260,0865705590834","0,0"
2030-05-16 08:00:00,"0,0","0,0","0,0"
2030-05-16 09:00:00,"433,4776175984723","0,0","433,4776175984723"
2030-05-16 10:00:00,"866,9552351969446","0,0","433,4776175984723"
2030-05-16 11:00:00,"866,9552351969446","0,0","0,0"
2030-05-16 12:00:00,"1300,432852795417","0,0","433,4776175984723"
2030-05-16 13:00:00,"1733,9104703938892","0,0","433,4776175984723"
2030-05-16 14:00:00,"1733,9104703938892","0,0","0,0"
2030-05-16 15:00:00,"1733,9104703938892","0,0","0,0"
2030-05-16 16:00:00,"1733,9104703938892","0,0","0,0"
2030-05-16 17:00:00,"1252,2686730622534","433,4776175984723","0,0"
2030-05-16 18:00:00,"770,6268757306175","433,4776175984723","0,0"
2030-05-16 19:00:00,"288,98507839898156","433,4776175984723","0,0"
2030-05-16 20:00:00,"0,0","260,0865705590834","0,0"
2030-05-16 21:00:00,"0,0","0,0","0,0"
2030-05-16 22:00:00,"0,0","0,0","0,0"
2030-05-16 23:00:00,"0,0","0,0","0,0"
2030-05-17 00:00:00,"0,0","0,0","0,0"
2030-05-17 01:00:00,"0,0","0,0","0,0"
2030-05-17 02:00:00,"0,0","0,0","0,0"
2030-05-17 03:00:00,"0,0","0,0","0,0"
2030-05-17 04:00:00,"0,0","0,0","0,0"
2030-05-17 05:00:00,"0,0","0,0","0,0"
2030-05-17 06:00:00,"0,0","0,0","0,0"
2030-05-17 07:00:00,"0,0","0,0","0,0"
2030-05-17 08:00:00,"0,0","0,0","0,0"
2030-05-17 09:00:00,"0,0","0,0","0,0"
2030-05-17 10:00:00,"0,0","0,0","0,0"
2030-05-17 11:00:00,"433,4776175984723","0,0","433,4776175984723"
2030-05-17 12:00:00,"866,9552351969446","0,0","433,4776175984723"
2030-05-17 13:00:00,"1300,432852795417","0,0","433,4776175984723"
2030-05-17 14:00:00,"1733,9104703938892","0,0","433,4776175984723"
2030-05-17 15:00:00,"1733,9104703938892","0,0","0,0"
2030-05-17 16:00:00,"1733,9104703938892","0,0","0,0"
2030-05-17 17:00:00,"1733,9104703938892","0,0","0,0"
2030-05-17 18:00:00,"1651,6558489252066","74,02915932181446","0,0"
2030-05-17 19:00:00,"1651,6558489252066","0,0","0,0"
2030-05-17 20:00:00,"1676,1480304893144","0,0","24,492181564107696"
2030-05-17 21:00:00,"1194,5062331576785","433,4776175984723","0,0"
2030-05-17 22:00:00,"712,8644358260426","433,4776175984723","0,0"
2030-05-17 23:00:00,"481,6417973316359","208,100374644966","0,0"
2030-05-18 00:00:00,"481,6417973316359","0,0","0,0"
2030-05-18 01:00:00,"481,6417973316359","0,0","0,0"
2030-05-18 02:00:00,"481,6417973316359","0,0","0,0"
2030-05-18 03:00:00,"481,6417973316359","0,0","0,0"
2030-05-18 04:00:00,"481,6417973316359","0,0","0,0"
2030-05-18 05:00:00,"0,0","433,4776175984723","0,0"
2030-05-18 06:00:00,"0,0","0,0","0,0"
2030-05-18 07:00:00,"0,0","0,0","0,0"
2030-05-18 08:00:00,"0,0","0,0","0,0"
2030-05-18 09:00:00,"433,4776175984723","0,0","433,4776175984723"
2030-05-18 10:00:00,"866,9552351969446","0,0","433,4776175984723"
2030-05-18 11:00:00,"866,9552351969446","0,0","0,0"
2030-05-18 12:00:00,"1300,432852795417","0,0","433,4776175984723"
2030-05-18 13:00:00,"1300,432852795417","0,0","0,0"
2030-05-18 14:00:00,"1733,9104703938892","0,0","433,4776175984723"
2030-05-18 15:00:00,"1733,9104703938892","0,0","0,0"
2030-05-18 16:00:00,"1733,9104703938892","0,0","0,0"
2030-05-18 17:00:00,"1733,9104703938892","0,0","0,0"
2030-05-18 18:00:00,"1340,914497476765","353,69637562541175","0,0"
2030-05-18 19:00:00,"859,2727001451292","433,4776175984723","0,0"
2030-05-18 20:00:00,"377,6309028134933","433,4776175984723","0,0"
2030-05-18 21:00:00,"811,1085204119656","0,0","433,4776175984723"
2030-05-18 22:00:00,"1244,586138010438","0,0","433,4776175984723"
2030-05-18 23:00:00,"1662,1888961587576","0,0","417,6027581483196"
2030-05-19 00:00:00,"1733,9104703938892","0,0","71,7215742351316"
2030-05-19 01:00:00,"1425,7581703553983","277,3370700346417","0,0"
2030-05-19 02:00:00,"1119,8045457139528","275,358262177301","0,0"
2030-05-19 03:00:00,"638,162748382317","433,4776175984723","0,0"
2030-05-19 04:00:00,"156,52095105068105","433,4776175984723","0,0"
2030-05-19 05:00:00,"0,0","140,86885594561295","0,0"
2030-05-19 06:00:00,"0,0","0,0","0,0"
2030-05-19 07:00:00,"0,0","0,0","0,0"
2030-05-19 08:00:00,"242,52395344272003","0,0","242,52395344272003"
2030-05-19 09:00:00,"676,0015710411924","0,0","433,4776175984723"
2030-05-19 10:00:00,"1093,1857079836177","0,0","417,1841369424253"
2030-05-19 11:00:00,"1526,66332558209","0,0","433,4776175984723"
2030-05-19 12:00:00,"1045,0215282504541","433,4776175984723","0,0"
2030-05-19 13:00:00,"1300,432852795417","0,0","255,41132454496272"
2030-05-19 14:00:00,"1733,9104703938892","0,0","433,4776175984723"
2030-05-19 15:00:00,"1733,9104703938892","0,0","0,0"
2030-05-19 16:00:00,"1733,9104703938892","0,0","0,0"
2030-05-19 17:00:00,"1733,9104703938892","0,0","0,0"
2030-05-19 18:00:00,"1733,9104703938892","0,0","0,0"
2030-05-19 19:00:00,"1444,9253919949078","260,0865705590832","0,0"
2030-05-19 20:00:00,"963,2835946632719","433,4776175984723","0,0"
2030-05-19 21:00:00,"963,2835946632719","0,0","0,0"
2030-05-19 22:00:00,"963,2835946632719","0,0","0,0"
2030-05-19 23:00:00,"963,2835946632719","0,0","0,0"
2030-05-20 00:00:00,"963,2835946632719","0,0","0,0"
2030-05-20 01:00:00,"963,2835946632719","0,0","0,0"
2030-05-20 02:00:00,"963,2835946632719","0,0","0,0"
2030-05-20 03:00:00,"963,2835946632719","0,0","0,0"
2030-05-20 04:00:00,"963,2835946632719","0,0","0,0"
2030-05-20 05:00:00,"481,6417973316359","433,4776175984723","0,0"
2030-05-20 06:00:00,"0,0","433,4776175984723","0,0"
2030-05-20 07:00:00,"0,0","0,0","0,0"
2030-05-20 08:00:00,"0,0","0,0","0,0"
2030-05-20 09:00:00,"100,41261472234697","0,0","100,41261472234697"
2030-05-20 10:00:00,"333,75699486351664","0,0","233,34438014116967"
2030-05-20 11:00:00,"767,234612461989","0,0","433,4776175984723"
2030-05-20 12:00:00,"1141,1660908682932","0,0","373,93147840630417"
2030-05-20 13:00:00,"1574,6437084667655","0,0","433,4776175984723"
2030-05-20 14:00:00,"1716,619354778945","0,0","141,97564631217966"
2030-05-20 15:00:00,"1733,9104703938892","0,0","17,291115614944218"
2030-05-20 16:00:00,"1733,9104703938892","0,0","0,0"
2030-05-20 17:00:00,"1252,2686730622534","433,4776175984723","0,0"
2030-05-20 18:00:00,"770,6268757306175","433,4776175984723","0,0"
2030-05-20 19:00:00,"350,70589975406705","377,9288783788954","0,0"
2030-05-20 20:00:00,"0,0","315,6353097786603","0,0"
2030-05-20 21:00:00,"0,0","0,0","0,0"
2030-05-20 22:00:00,"0,0","0,0","0,0"
2030-05-20 23:00:00,"0,0","0,0","0,0"
2030-05-21 00:00:00,"0,0","0,0","0,0"
2030-05-21 01:00:00,"0,0","0,0","0,0"
2030-05-21 02:00:00,"0,0","0,0","0,0"
2030-05-21 03:00:00,"0,0","0,0","0,0"
2030-05-21 04:00:00,"0,0","0,0","0,0"
2030-05-21 05:00:00,"0,0","0,0","0,0"
2030-05-21 06:00:00,"0,0","0,0","0,0"
2030-05-21 07:00:00,"229,6808021844459","0,0","229,6808021844459"
2030-05-21 08:00:00,"405,77100738880404","0,0","176,09020520435814"
2030-05-21 09:00:00,"839,2486249872763","0,0","433,4776175984723"
2030-05-21 10:00:00,"839,2486249872763","0,0","0,0"
2030-05-21 11:00:00,"702,1065633097529","123,42785550977105","0,0"
2030-05-21 12:00:00,"615,3589217729448","78,07287738312736","0,0"
2030-05-21 13:00:00,"866,9552351969446","0,0","251,59631342399985"
2030-05-21 14:00:00,"1300,432852795417","0,0","433,4776175984723"
2030-05-21 15:00:00,"1733,9104703938892","0,0","433,4776175984723"
2030-05-21 16:00:00,"1733,9104703938892","0,0","0,0"
2030-05-21 17:00:00,"1444,9253919949078","260,0865705590832","0,0"
2030-05-21 18:00:00,"963,2835946632719","433,4776175984723","0,0"
2030-05-21 19:00:00,"481,6417973316359","433,4776175984723","0,0"
2030-05-21 20:00:00,"0,0","433,4776175984723","0,0"
2030-05-21 21:00:00,"0,0","0,0","0,0"
2030-05-21 22:00:00,"0,0","0,0","0,0"
2030-05-21 23:00:00,"0,0","0,0","0,0"
2030-05-22 00:00:00,"20,906445808375977","0,0","20,906445808375977"
2030-05-22 01:00:00,"454,38406340684827","0,0","433,4776175984723"
2030-05-22 02:00:00,"887,8616810053206","0,0","433,4776175984723"
2030-05-22 03:00:00,"887,8616810053206","0,0","0,0"
2030-05-22 04:00:00,"481,6417973316359","365,5978953063162","0,0"
2030-05-22 05:00:00,"0,0","433,4776175984723","0,0"
2030-05-22 06:00:00,"0,0","0,0","0,0"
2030-05-22 07:00:00,"0,0","0,0","0,0"
2030-05-22 08:00:00,"0,0","0,0","0,0"
2030-05-22 09:00:00,"0,0","0,0","0,0"
2030-05-22 10:00:00,"433,4776175984723","0,0","433,4776175984723"
2030-05-22 11:00:00,"866,9552351969446","0,0","433,4776175984723"
2030-05-22 12:00:00,"1300,432852795417","0,0","433,4776175984723"
2030-05-22 13:00:00,"1733,9104703938892","0,0","433,4776175984723"
2030-05-22 14:00:00,"1733,9104703938892","0,0","0,0"
2030-05-22 15:00:00,"1733,9104703938892","0,0","0,0"
2030-05-22 16:00:00,"1733,9104703938892","0,0","0,0"
2030-05-22 17:00:00,"1733,9104703938892","0,0","0,0"
2030-05-22 18:00:00,"1733,9104703938892","0,0","0,0"
2030-05-22 19:00:00,"1733,9104703938892","0,0","0,0"
2030-05-22 20:00:00,"1544,307432372429","170,6427342193141","0,0"
2030-05-22 21:00:00,"1062,6656350407932","433,4776175984723","0,0"
2030-05-22 22:00:00,"581,0238377091573","433,4776175984723","0,0"
2030-05-22 23:00:00,"324,0115611118206","231,31104893760306","0,0"
2030-05-23 00:00:00,"0,0","291,61040500063854","0,0"
2030-05-23 01:00:00,"0,0","0,0","0,0"
2030-05-23 02:00:00,"0,0","0,0","0,0"
2030-05-23 03:00:00,"0,0","0,0","0,0"
2030-05-23 04:00:00,"0,0","0,0","0,0"
2030-05-23 05:00:00,"0,0","0,0","0,0"
2030-05-23 06:00:00,"0,0","0,0","0,0"
2030-05-23 07:00:00,"0,0","0,0","0,0"
2030-05-23 08:00:00,"0,0","0,0","0,0"
2030-05-23 09:00:00,"0,0","0,0","0,0"
2030-05-23 10:00:00,"433,4776175984723","0,0","433,4776175984723"
2030-05-23 11:00:00,"866,9552351969446","0,0","433,4776175984723"
2030-05-23 12:00:00,"1300,432852795417","0,0","433,4776175984723"
2030-05-23 13:00:00,"1733,9104703938892","0,0","433,4776175984723"
2030-05-23 14:00:00,"1733,9104703938892","0,0","0,0"
2030-05-23 15:00:00,"1733,9104703938892","0,0","0,0"
2030-05-23 16:00:00,"1733,9104703938892","0,0","0,0"
2030-05-23 17:00:00,"1252,2686730622534","433,4776175984723","0,0"
2030-05-23 18:00:00,"770,6268757306175","433,4776175984723","0,0"
2030-05-23 19:00:00,"288,98507839898156","433,4776175984723","0,0"
2030-05-23 20:00:00,"0,0","260,0865705590834","0,0"
2030-05-23 21:00:00,"0,0","0,0","0,0"
2030-05-23 22:00:00,"0,0","0,0","0,0"
2030-05-23 23:00:00,"0,0","0,0","0,0"
2030-05-24 00:00:00,"48,16417973316362","0,0","48,16417973316362"
2030-05-24 01:00:00,"481,6417973316359","0,0","433,4776175984723"
2030-05-24 02:00:00,"481,6417973316359","0,0","0,0"
2030-05-24 03:00:00,"481,6417973316359","0,0","0,0"
2030-05-24 04:00:00,"481,6417973316359","0,0","0,0"
2030-05-24 05:00:00,"0,0","433,4776175984723","0,0"
2030-05-24 06:00:00,"0,0","0,0","0,0"
2030-05-24 07:00:00,"0,0","0,0","0,0"
2030-05-24 08:00:00,"0,0","0,0","0,0"
2030-05-24 09:00:00,"0,0","0,0","0,0"
2030-05-24 10:00:00,"0,0","0,0","0,0"
2030-05-24 11:00:00,"433,4776175984723","0,0","433,4776175984723"
2030-05-24 12:00:00,"866,9552351969446","0,0","433,4776175984723"
2030-05-24 13:00:00,"1300,432852795417","0,0","433,4776175984723"
2030-05-24 14:00:00,"1733,9104703938892","0,0","433,4776175984723"
2030-05-24 15:00:00,"1733,9104703938892","0,0","0,0"
2030-05-24 16:00:00,"1733,9104703938892","0,0","0,0"
2030-05-24 17:00:00,"1733,9104703938892","0,0","0,0"
2030-05-24 18:00:00,"1733,9104703938892","0,0","0,0"
2030-05-24 19:00:00,"1648,8513141965307","76,5532405776227","0,0"
2030-05-24 20:00:00,"1167,2095168648948","433,4776175984723","0,0"
2030-05-24 21:00:00,"685,5677195332589","433,4776175984723","0,0"
2030-05-24 22:00:00,"203,925922201623","433,4776175984723","0,0"
2030-05-24 23:00:00,"203,925922201623","0,0","0,0"
2030-05-25 00:00:00,"203,925922201623","0,0","0,0"
2030-05-25 01:00:00,"203,925922201623","0,0","0,0"
2030-05-25 02:00:00,"203,925922201623","0,0","0,0"
2030-05-25 03:00:00,"203,925922201623","0,0","0,0"
2030-05-25 04:00:00,"203,925922201623","0,0","0,0"
2030-05-25 05:00:00,"0,0","183,5333299814607","0,0"
2030-05-25 06:00:00,"0,0","0,0","0,0"
2030-05-25 07:00:00,"0,0","0,0","0,0"
2030-05-25 08:00:00,"173,890020529683","0,0","173,890020529683"
2030-05-25 09:00:00,"607,3676381281552","0,0","433,4776175984723"
2030-05-25 10:00:00,"1040,8452557266276","0,0","433,4776175984723"
2030-05-25 11:00:00,"1040,8452557266276","0,0","0,0"
2030-05-25 12:00:00,"561,7213620434818","431,21150431483113","0,0"
2030-05-25 13:00:00,"995,1989796419541","0,0","433,4776175984723"
2030-05-25 14:00:00,"1428,6765972404264","0,0","433,4776175984723"
2030-05-25 15:00:00,"1733,9104703938892","0,0","305,2338731534628"
2030-05-25 16:00:00,"1733,9104703938892","0,0","0,0"
2030-05-25 17:00:00,"1733,9104703938892","0,0","0,0"
2030-05-25 18:00:00,"1692,9152259026075","36,89572004215357","0,0"
2030-05-25 19:00:00,"1211,2734285709716","433,4776175984723","0,0"
2030-05-25 20:00:00,"729,6316312393358","433,4776175984723","0,0"
2030-05-25 21:00:00,"247,98983390769985","433,4776175984723","0,0"
2030-05-25 22:00:00,"0,0","223,19085051692986","0,0"
2030-05-25 23:00:00,"0,0","0,0","0,0"
2030-05-26 00:00:00,"0,0","0,0","0,0"
2030-05-26 01:00:00,"0,0","0,0","0,0"
2030-05-26 02:00:00,"0,0","0,0","0,0"
2030-05-26 03:00:00,"0,0","0,0","0,0"
2030-05-26 04:00:00,"0,0","0,0","0,0"
2030-05-26 05:00:00,"0,0","0,0","0,0"
2030-05-26 06:00:00,"0,0","0,0","0,0"
2030-05-26 07:00:00,"0,0","0,0","0,0"
2030-05-26 08:00:00,"0,0","0,0","0,0"
2030-05-26 09:00:00,"182,0942414114988","226,24503856827613","433,4776175984723"
2030-05-26 10:00:00,"0,0","433,4776175984723","299,54755592013714"
2030-05-26 11:00:00,"0,0","390,1298558386251","433,4776175984723"
2030-05-26 12:00:00,"433,4776175984723","0,0","433,4776175984723"
2030-05-26 13:00:00,"866,9552351969446","0,0","433,4776175984723"
2030-05-26 14:00:00,"1300,432852795417","0,0","433,4776175984723"
2030-05-26 15:00:00,"1733,9104703938892","0,0","433,4776175984723"
2030-05-26 16:00:00,"1733,9104703938892","390,1298558386251","433,4776175984723"
2030-05-26 17:00:00,"1685,7462906607257","433,4776175984723","433,4776175984723"
2030-05-26 18:00:00,"1733,9104703938892","346,7820940787777","433,4776175984723"
2030-05-26 19:00:00,"1733,9104703938892","0,0","0,0"
2030-05-26 20:00:00,"1370,2340024772202","327,30882112500217","0,0"
2030-05-26 21:00:00,"1370,2340024772202","0,0","0,0"
2030-05-26 22:00:00,"1370,2340024772202","0,0","0,0"
2030-05-26 23:00:00,"1370,2340024772202","0,0","0,0"
2030-05-27 00:00:00,"1370,2340024772202","0,0","0,0"
2030-05-27 01:00:00,"1370,2340024772202","0,0","0,0"
2030-05-27 02:00:00,"1370,2340024772202","0,0","0,0"
2030-05-27 03:00:00,"963,2835946632719","366,2553670325535","0,0"
2030-05-27 04:00:00,"481,6417973316359","433,4776175984723","0,0"
2030-05-27 05:00:00,"0,0","433,4776175984723","0,0"
2030-05-27 06:00:00,"0,0","390,1298558386251","433,4776175984723"
2030-05-27 07:00:00,"96,32835946632713","303,4343323189307","433,4776175984723"
2030-05-27 08:00:00,"48,164179733163564","433,4776175984723","433,4776175984723"
2030-05-27 09:00:00,"481,64179733163587","0,0","433,4776175984723"
2030-05-27 10:00:00,"915,1194149301082","0,0","433,4776175984723"
2030-05-27 11:00:00,"866,9552351969446","433,4776175984723","433,4776175984723"
2030-05-27 12:00:00,"1300,432852795417","0,0","433,4776175984723"
2030-05-27 13:00:00,"1733,9104703938892","0,0","433,4776175984723"
2030-05-27 14:00:00,"1733,9104703938892","0,0","0,0"
2030-05-27 15:00:00,"1733,9104703938892","0,0","0,0"
2030-05-27 16:00:00,"1733,9104703938892","0,0","0,0"
2030-05-27 17:00:00,"1444,9253919949078","260,0865705590832","0,0"
2030-05-27 18:00:00,"963,2835946632719","433,4776175984723","0,0"
2030-05-27 19:00:00,"481,6417973316359","433,4776175984723","0,0"
2030-05-27 20:00:00,"0,0","433,4776175984723","0,0"
2030-05-27 21:00:00,"433,4776175984723","0,0","433,4776175984723"
2030-05-27 22:00:00,"866,9552351969446","0,0","433,4776175984723"
2030-05-27 23:00:00,"1300,432852795417","0,0","433,4776175984723"
2030-05-28 00:00:00,"1733,9104703938892","0,0","433,4776175984723"
2030-05-28 01:00:00,"1733,9104703938892","0,0","0,0"
2030-05-28 02:00:00,"1733,9104703938892","0,0","0,0"
2030-05-28 03:00:00,"1252,2686730622534","433,4776175984723","0,0"
2030-05-28 04:00:00,"770,6268757306175","433,4776175984723","0,0"
2030-05-28 05:00:00,"288,98507839898156","433,4776175984723","0,0"
2030-05-28 06:00:00,"0,0","260,0865705590834","0,0"
2030-05-28 07:00:00,"31,09805814132949","0,0","31,09805814132949"
2030-05-28 08:00:00,"81,43592067102367","0,0","50,33786252969418"
2030-05-28 09:00:00,"514,913538269496","0,0","433,4776175984723"
2030-05-28 10:00:00,"948,3911558679683","0,0","433,4776175984723"
2030-05-28 11:00:00,"1050,2644900483062","0,0","101,87333418033785"
2030-05-28 12:00:00,"1050,2644900483062","0,0","0,0"
2030-05-28 13:00:00,"1421,0501235669756","0,0","370,7856335186694"
2030-05-28 14:00:00,"1733,9104703938892","0,0","312,86034682691366"
2030-05-28 15:00:00,"1733,9104703938892","0,0","0,0"
2030-05-28 16:00:00,"1733,9104703938892","0,0","0,0"
2030-05-28 17:00:00,"1733,9104703938892","0,0","0,0"
2030-05-28 18:00:00,"1733,9104703938892","0,0","0,0"
2030-05-28 19:00:00,"1733,9104703938892","0,0","0,0"
2030-05-28 20:00:00,"1252,2686730622534","433,4776175984723","0,0"
2030-05-28 21:00:00,"1300,432852795417","0,0","48,164179733163564"
2030-05-28 22:00:00,"1733,9104703938892","0,0","433,4776175984723"
2030-05-28 23:00:00,"1733,9104703938892","0,0","0,0"
2030-05-29 00:00:00,"1733,9104703938892","0,0","0,0"
2030-05-29 01:00:00,"1444,9253919949078","260,0865705590832","0,0"
2030-05-29 02:00:00,"1444,9253919949078","0,0","0,0"
2030-05-29 03:00:00,"963,2835946632719","433,4776175984723","0,0"
2030-05-29 04:00:00,"481,6417973316359","433,4776175984723","0,0"
2030-05-29 05:00:00,"0,0","433,4776175984723","0,0"
2030-05-29 06:00:00,"0,0","0,0","0,0"
2030-05-29 07:00:00,"0,0","0,0","0,0"
2030-05-29 08:00:00,"0,0","0,0","0,0"
2030-05-29 09:00:00,"433,4776175984723","0,0","433,4776175984723"
2030-05-29 10:00:00,"866,9552351969446","0,0","433,4776175984723"
2030-05-29 11:00:00,"1300,432852795417","0,0","433,4776175984723"
2030-05-29 12:00:00,"902,2745430013913","358,34247881462306","0,0"
2030-05-29 13:00:00,"1335,7521605998636","0,0","433,4776175984723"
2030-05-29 14:00:00,"1733,9104703938892","0,0","398,1583097940257"
2030-05-29 15:00:00,"1733,9104703938892","0,0","0,0"
2030-05-29 16:00:00,"1733,9104703938892","0,0","0,0"
2030-05-29 17:00:00,"1733,9104703938892","0,0","0,0"
2030-05-29 18:00:00,"1252,2686730622534","433,4776175984723","0,0"
2030-05-29 19:00:00,"770,6268757306175","433,4776175984723","0,0"
2030-05-29 20:00:00,"288,98507839898156","433,4776175984723","0,0"
2030-05-29 21:00:00,"0,0","260,0865705590834","0,0"
2030-05-29 22:00:00,"0,0","0,0","0,0"
2030-05-29 23:00:00,"0,0","0,0","0,0"
2030-05-30 00:00:00,"0,0","0,0","0,0"
2030-05-30 01:00:00,"0,0","0,0","0,0"
2030-05-30 02:00:00,"0,0","0,0","0,0"
2030-05-30 03:00:00,"0,0","0,0","0,0"
2030-05-30 04:00:00,"0,0","0,0","0,0"
2030-05-30 05:00:00,"0,0","0,0","0,0"
2030-05-30 06:00:00,"0,0","0,0","0,0"
2030-05-30 07:00:00,"0,0","0,0","0,0"
2030-05-30 08:00:00,"0,0","0,0","0,0"
2030-05-30 09:00:00,"258,79984727568785","0,0","258,79984727568785"
2030-05-30 10:00:00,"692,2774648741602","0,0","433,4776175984723"
2030-05-30 11:00:00,"1125,7550824726325","0,0","433,4776175984723"
2030-05-30 12:00:00,"1125,7550824726325","0,0","0,0"
2030-05-30 13:00:00,"1125,7550824726325","0,0","0,0"
2030-05-30 14:00:00,"1559,2327000711048","0,0","433,4776175984723"
2030-05-30 15:00:00,"1733,9104703938892","0,0","174,6777703227845"
2030-05-30 16:00:00,"1733,9104703938892","0,0","0,0"
2030-05-30 17:00:00,"1733,9104703938892","0,0","0,0"
2030-05-30 18:00:00,"1252,2686730622534","433,4776175984723","0,0"
2030-05-30 19:00:00,"770,6268757306175","433,4776175984723","0,0"
2030-05-30 20:00:00,"288,98507839898156","433,4776175984723","0,0"
2030-05-30 21:00:00,"288,98507839898156","0,0","0,0"
2030-05-30 22:00:00,"0,0","260,0865705590834","0,0"
2030-05-30 23:00:00,"0,0","0,0","0,0"
2030-05-31 00:00:00,"18,120733603108647","0,0","18,120733603108647"
2030-05-31 01:00:00,"451,59835120158095","0,0","433,4776175984723"
2030-05-31 02:00:00,"885,0759688000533","0,0","433,4776175984723"
2030-05-31 03:00:00,"885,0759688000533","0,0","0,0"
2030-05-31 04:00:00,"885,0759688000533","0,0","0,0"
2030-05-31 05:00:00,"403,43417146841733","433,4776175984723","0,0"
2030-05-31 06:00:00,"0,0","363,09075432157556","0,0"
2030-05-31 07:00:00,"0,0","0,0","0,0"
2030-05-31 08:00:00,"433,4776175984723","0,0","433,4776175984723"
2030-05-31 09:00:00,"866,9552351969446","0,0","433,4776175984723"
2030-05-31 10:00:00,"866,9552351969446","0,0","0,0"
2030-05-31 11:00:00,"1300,432852795417","0,0","433,4776175984723"
2030-05-31 12:00:00,"1300,432852795417","0,0","0,0"
2030-05-31 13:00:00,"1300,432852795417","0,0","0,0"
2030-05-31 14:00:00,"1733,9104703938892","0,0","433,4776175984723"
2030-05-31 15:00:00,"1733,9104703938892","0,0","0,0"
2030-05-31 16:00:00,"1733,9104703938892","0,0","0,0"
2030-05-31 17:00:00,"1252,2686730622534","433,4776175984723","0,0"
2030-05-31 18:00:00,"770,6268757306175","433,4776175984723","0,0"
2030-05-31 19:00:00,"288,98507839898156","433,4776175984723","0,0"
2030-05-31 20:00:00,"0,0","260,0865705590834","0,0"
2030-05-31 21:00:00,"0,0","0,0","0,0"
2030-05-31 22:00:00,"0,0","0,0","0,0"
2030-05-31 23:00:00,"0,0","0,0","0,0"
2030-06-01 00:00:00,"0,0","0,0","0,0"
2030-06-01 01:00:00,"0,0","0,0","0,0"
2030-06-01 02:00:00,"0,0","0,0","0,0"
2030-06-01 03:00:00,"0,0","0,0","0,0"
2030-06-01 04:00:00,"0,0","0,0","0,0"
2030-06-01 05:00:00,"0,0","0,0","0,0"
2030-06-01 06:00:00,"0,0","0,0","0,0"
2030-06-01 07:00:00,"0,0","0,0","0,0"
2030-06-01 08:00:00,"0,0","0,0","0,0"
2030-06-01 09:00:00,"0,0","0,0","0,0"
2030-06-01 10:00:00,"0,0","0,0","0,0"
2030-06-01 11:00:00,"6,557923047453869","0,0","6,557923047453869"
2030-06-01 12:00:00,"440,0355406459262","0,0","433,4776175984723"
2030-06-01 13:00:00,"873,5131582443985","0,0","433,4776175984723"
2030-06-01 14:00:00,"1306,9907758428708","0,0","433,4776175984723"
2030-06-01 15:00:00,"1733,9104703938892","0,0","426,9196945510185"
2030-06-01 16:00:00,"1733,9104703938892","0,0","0,0"
2030-06-01 17:00:00,"1663,9669792701068","62,94914201140426","0,0"
2030-06-01 18:00:00,"1733,9104703938892","0,0","69,94349112378245"
2030-06-01 19:00:00,"1733,9104703938892","0,0","0,0"
2030-06-01 20:00:00,"1733,9104703938892","0,0","0,0"
2030-06-01 21:00:00,"1692,3239259970412","37,42788995716323","0,0"
2030-06-01 22:00:00,"1210,6821286654053","433,4776175984723","0,0"
2030-06-01 23:00:00,"1210,6821286654053","0,0","0,0"
2030-06-02 00:00:00,"729,0403313337695","433,4776175984723","0,0"
2030-06-02 01:00:00,"729,0403313337695","0,0","0,0"
2030-06-02 02:00:00,"729,0403313337695","0,0","0,0"
2030-06-02 03:00:00,"390,0464144490454","305,09452519625165","0,0"
2030-06-02 04:00:00,"0,0","351,04177300414085","0,0"
2030-06-02 05:00:00,"0,0","0,0","0,0"
2030-06-02 06:00:00,"0,0","0,0","0,0"
2030-06-02 07:00:00,"0,0","390,1298558386251","433,4776175984723"
2030-06-02 08:00:00,"0,0","390,1298558386251","433,4776175984723"
2030-06-02 09:00:00,"0,0","390,1298558386251","433,4776175984723"
2030-06-02 10:00:00,"433,4776175984723","0,0","433,4776175984723"
2030-06-02 11:00:00,"599,4825528954245","0,0","166,00493529695228"
2030-06-02 12:00:00,"551,318373162261","433,4776175984723","433,4776175984723"
2030-06-02 13:00:00,"723,5712680636964","235,1022504273332","433,4776175984723"
2030-06-02 14:00:00,"1157,0488856621687","0,0","433,4776175984723"
2030-06-02 15:00:00,"1590,526503260641","0,0","433,4776175984723"
2030-06-02 16:00:00,"1379,9104835169492","433,4776175984723","271,025777587944"
2030-06-02 17:00:00,"898,2686861853132","433,4776175984723","0,0"
2030-06-02 18:00:00,"416,62688885367726","433,4776175984723","0,0"
2030-06-02 19:00:00,"0,0","433,4776175984723","65,01490847795867"
2030-06-02 20:00:00,"0,0","390,1298558386251","433,4776175984723"
2030-06-02 21:00:00,"0,0","390,1298558386251","433,4776175984723"
2030-06-02 22:00:00,"433,4776175984723","0,0","433,4776175984723"
2030-06-02 23:00:00,"866,9552351969446","0,0","433,4776175984723"
2030-06-03 00:00:00,"1300,432852795417","0,0","433,4776175984723"
2030-06-03 01:00:00,"1733,9104703938892","0,0","433,4776175984723"
2030-06-03 02:00:00,"1733,9104703938892","390,1298558386251","433,4776175984723"
2030-06-03 03:00:00,"1346,7513236635466","433,4776175984723","94,4826506012933"
2030-06-03 04:00:00,"865,1095263319107","433,4776175984723","0,0"
2030-06-03 05:00:00,"383,4677290002748","433,4776175984723","0,0"
2030-06-03 06:00:00,"0,0","433,4776175984723","98,17406833136113"
2030-06-03 07:00:00,"433,4776175984723","0,0","433,4776175984723"
2030-06-03 08:00:00,"866,9552351969446","0,0","433,4776175984723"
2030-06-03 09:00:00,"818,791055463781","433,4776175984723","433,4776175984723"
2030-06-03 10:00:00,"1252,2686730622534","0,0","433,4776175984723"
2030-06-03 11:00:00,"1204,1044933290898","433,4776175984723","433,4776175984723"
2030-06-03 12:00:00,"1637,582110927562","0,0","433,4776175984723"
2030-06-03 13:00:00,"1733,9104703938892","303,43433231893084","433,4776175984723"
2030-06-03 14:00:00,"1733,9104703938892","390,1298558386251","433,4776175984723"
2030-06-03 15:00:00,"1733,9104703938892","390,1298558386251","433,4776175984723"
2030-06-03 16:00:00,"1733,9104703938892","390,1298558386251","433,4776175984723"
2030-06-03 17:00:00,"1733,9104703938892","0,0","0,0"
2030-06-03 18:00:00,"1683,098837571183","45,730469540435685","0,0"
2030-06-03 19:00:00,"1201,457040239547","433,4776175984723","0,0"
2030-06-03 20:00:00,"719,8152429079112","433,4776175984723","0,0"
2030-06-03 21:00:00,"1153,2928605063835","0,0","433,4776175984723"
2030-06-03 22:00:00,"1586,7704781048558","0,0","433,4776175984723"
2030-06-03 23:00:00,"1721,6557589893541","0,0","134,8852808844983"
2030-06-04 00:00:00,"1733,9104703938892","0,0","12,254711404535215"
2030-06-04 01:00:00,"1411,4001053877878","290,25932850549134","0,0"
2030-06-04 02:00:00,"929,7583080561519","433,4776175984723","0,0"
2030-06-04 03:00:00,"448,116510724516","433,4776175984723","0,0"
2030-06-04 04:00:00,"448,116510724516","0,0","0,0"
2030-06-04 05:00:00,"0,0","403,30485965206435","0,0"
2030-06-04 06:00:00,"0,0","0,0","0,0"
2030-06-04 07:00:00,"0,0","0,0","0,0"
2030-06-04 08:00:00,"433,4776175984723","0,0","433,4776175984723"
2030-06-04 09:00:00,"866,9552351969446","0,0","433,4776175984723"
2030-06-04 10:00:00,"1300,432852795417","0,0","433,4776175984723"
2030-06-04 11:00:00,"1733,9104703938892","0,0","433,4776175984723"
2030-06-04 12:00:00,"1733,9104703938892","0,0","0,0"
2030-06-04 13:00:00,"1733,9104703938892","0,0","0,0"
2030-06-04 14:00:00,"1733,9104703938892","0,0","0,0"
2030-06-04 15:00:00,"1733,9104703938892","0,0","0,0"
2030-06-04 16:00:00,"1733,9104703938892","0,0","0,0"
2030-06-04 17:00:00,"1733,9104703938892","0,0","0,0"
2030-06-04 18:00:00,"1733,9104703938892","0,0","0,0"
2030-06-04 19:00:00,"1252,2686730622534","433,4776175984723","0,0"
2030-06-04 20:00:00,"770,6268757306175","433,4776175984723","0,0"
2030-06-04 21:00:00,"770,6268757306175","0,0","0,0"
2030-06-04 22:00:00,"770,6268757306175","0,0","0,0"
2030-06-04 23:00:00,"770,6268757306175","0,0","0,0"
2030-06-05 00:00:00,"770,6268757306175","0,0","0,0"
2030-06-05 01:00:00,"545,8644067636826","202,28622207024142","0,0"
2030-06-05 02:00:00,"545,8644067636826","0,0","0,0"
2030-06-05 03:00:00,"545,8644067636826","0,0","0,0"
2030-06-05 04:00:00,"545,8644067636826","0,0","0,0"
2030-06-05 05:00:00,"545,8644067636826","0,0","0,0"
2030-06-05 06:00:00,"545,8644067636826","0,0","0,0"
2030-06-05 07:00:00,"545,8644067636826","0,0","0,0"
2030-06-05 08:00:00,"545,8644067636826","0,0","0,0"
2030-06-05 09:00:00,"866,9552351969446","0,0","321,090828433262"
2030-06-05 10:00:00,"866,9552351969446","0,0","0,0"
2030-06-05 11:00:00,"1300,432852795417","0,0","433,4776175984723"
2030-06-05 12:00:00,"1300,432852795417","0,0","0,0"
2030-06-05 13:00:00,"1733,9104703938892","0,0","433,4776175984723"
2030-06-05 14:00:00,"1733,9104703938892","0,0","0,0"
2030-06-05 15:00:00,"1733,9104703938892","0,0","0,0"
2030-06-05 16:00:00,"1733,9104703938892","0,0","0,0"
2030-06-05 17:00:00,"1733,9104703938892","0,0","0,0"
2030-06-05 18:00:00,"1733,9104703938892","0,0","0,0"
2030-06-05 19:00:00,"1252,2686730622534","433,4776175984723","0,0"
2030-06-05 20:00:00,"770,6268757306175","433,4776175984723","0,0"
2030-06-05 21:00:00,"288,98507839898156","433,4776175984723","0,0"
2030-06-05 22:00:00,"288,98507839898156","0,0","0,0"
2030-06-05 23:00:00,"288,98507839898156","0,0","0,0"
2030-06-06 00:00:00,"288,98507839898156","0,0","0,0"
2030-06-06 01:00:00,"288,98507839898156","0,0","0,0"
2030-06-06 02:00:00,"288,98507839898156","0,0","0,0"
2030-06-06 03:00:00,"288,98507839898156","0,0","0,0"
2030-06-06 04:00:00,"288,98507839898156","0,0","0,0"
2030-06-06 05:00:00,"0,0","260,0865705590834","0,0"
2030-06-06 06:00:00,"0,0","0,0","0,0"
2030-06-06 07:00:00,"0,0","0,0","0,0"
2030-06-06 08:00:00,"0,0","0,0","0,0"
2030-06-06 09:00:00,"5,303140593526976","0,0","5,303140593526976"
2030-06-06 10:00:00,"225,2679088005301","0,0","219,96476820700315"
2030-06-06 11:00:00,"225,2679088005301","0,0","0,0"
2030-06-06 12:00:00,"228,95914850263813","0,0","3,691239702108035"
2030-06-06 13:00:00,"228,95914850263813","0,0","0,0"
2030-06-06 14:00:00,"662,4367661011104","0,0","433,4776175984723"
2030-06-06 15:00:00,"1095,9143836995827","0,0","433,4776175984723"
2030-06-06 16:00:00,"1351,437261879849","0,0","255,5228781802664"
2030-06-06 17:00:00,"1369,8379791183693","0,0","18,40071723852023"
2030-06-06 18:00:00,"1733,9104703938892","0,0","364,0724912755199"
2030-06-06 19:00:00,"1705,2123213266625","25,82833416050407","0,0"
2030-06-06 20:00:00,"1439,4843864896272","239,15514135333171","0,0"
2030-06-06 21:00:00,"1439,4843864896272","0,0","0,0"
2030-06-06 22:00:00,"1439,4843864896272","0,0","0,0"
2030-06-06 23:00:00,"1439,4843864896272","0,0","0,0"
2030-06-07 00:00:00,"1439,4843864896272","0,0","0,0"
2030-06-07 01:00:00,"1439,4843864896272","0,0","0,0"
2030-06-07 02:00:00,"1439,4843864896272","0,0","0,0"
2030-06-07 03:00:00,"1439,4843864896272","0,0","0,0"
2030-06-07 04:00:00,"957,8425891579914","433,4776175984723","0,0"
2030-06-07 05:00:00,"476,20079182635544","433,4776175984723","0,0"
2030-06-07 06:00:00,"0,0","428,5807126437199","0,0"
2030-06-07 07:00:00,"0,0","0,0","0,0"
2030-06-07 08:00:00,"172,37334661369295","0,0","172,37334661369295"
2030-06-07 09:00:00,"0,0","155,13601195232366","0,0"
2030-06-07 10:00:00,"376,90127057596857","0,0","376,90127057596857"
2030-06-07 11:00:00,"625,9052130201313","0,0","249,00394244416276"
2030-06-07 12:00:00,"1059,3828306186037","0,0","433,4776175984723"
2030-06-07 13:00:00,"1492,860448217076","0,0","433,4776175984723"
2030-06-07 14:00:00,"1415,8969280180365","69,26716817913558","0,0"
2030-06-07 15:00:00,"1733,9104703938892","0,0","318,0135423758527"
2030-06-07 16:00:00,"1733,9104703938892","0,0","0,0"
2030-06-07 17:00:00,"1733,9104703938892","0,0","0,0"
2030-06-07 18:00:00,"1252,2686730622534","433,4776175984723","0,0"
2030-06-07 19:00:00,"770,6268757306175","433,4776175984723","0,0"
2030-06-07 20:00:00,"288,98507839898156","433,4776175984723","0,0"
2030-06-07 21:00:00,"0,0","260,0865705590834","0,0"
2030-06-07 22:00:00,"0,0","0,0","0,0"
2030-06-07 23:00:00,"0,0","0,0","0,0"
2030-06-08 00:00:00,"0,0","0,0","0,0"
2030-06-08 01:00:00,"0,0","0,0","0,0"
2030-06-08 02:00:00,"0,0","0,0","0,0"
2030-06-08 03:00:00,"0,0","0,0","0,0"
2030-06-08 04:00:00,"0,0","0,0","0,0"
2030-06-08 05:00:00,"0,0","0,0","0,0"
2030-06-08 06:00:00,"0,0","0,0","0,0"
2030-06-08 07:00:00,"0,0","0,0","0,0"
2030-06-08 08:00:00,"0,0","0,0","0,0"
2030-06-08 09:00:00,"0,0","0,0","0,0"
2030-06-08 10:00:00,"195,12296684859643","0,0","195,12296684859643"
2030-06-08 11:00:00,"628,6005844470687","0,0","433,4776175984723"
2030-06-08 12:00:00,"1062,078202045541","0,0","433,4776175984723"
2030-06-08 13:00:00,"1495,5558196440134","0,0","433,4776175984723"
2030-06-08 14:00:00,"1733,9104703938892","0,0","238,35465074987582"
2030-06-08 15:00:00,"1733,9104703938892","0,0","0,0"
2030-06-08 16:00:00,"1733,9104703938892","0,0","0,0"
2030-06-08 17:00:00,"1252,2686730622534","433,4776175984723","0,0"
2030-06-08 18:00:00,"770,6268757306175","433,4776175984723","0,0"
2030-06-08 19:00:00,"288,98507839898156","433,4776175984723","0,0"
2030-06-08 20:00:00,"0,0","260,0865705590834","0,0"
2030-06-08 21:00:00,"0,0","0,0","0,0"
2030-06-08 22:00:00,"0,0","0,0","0,0"
2030-06-08 23:00:00,"0,0","0,0","0,0"
2030-06-09 00:00:00,"0,0","0,0","0,0"
2030-06-09 01:00:00,"0,0","0,0","0,0"
2030-06-09 02:00:00,"0,0","0,0","0,0"
2030-06-09 03:00:00,"0,0","0,0","0,0"
2030-06-09 04:00:00,"0,0","0,0","0,0"
2030-06-09 05:00:00,"0,0","0,0","0,0"
2030-06-09 06:00:00,"0,0","0,0","0,0"
2030-06-09 07:00:00,"0,0","0,0","0,0"
2030-06-09 08:00:00,"0,0","0,0","0,0"
2030-06-09 09:00:00,"0,0","0,0","0,0"
2030-06-09 10:00:00,"221,17609453995834","0,0","221,17609453995834"
2030-06-09 11:00:00,"338,56353584614004","0,0","117,3874413061817"
2030-06-09 12:00:00,"772,0411534446123","0,0","433,4776175984723"
2030-06-09 13:00:00,"1205,5187710430846","0,0","433,4776175984723"
2030-06-09 14:00:00,"1638,996388641557","0,0","433,4776175984723"
2030-06-09 15:00:00,"1733,9104703938892","0,0","94,91408175233232"
2030-06-09 16:00:00,"1733,9104703938892","0,0","0,0"
2030-06-09 17:00:00,"1444,9253919949078","260,0865705590832","0,0"
2030-06-09 18:00:00,"963,2835946632719","433,4776175984723","0,0"
2030-06-09 19:00:00,"481,6417973316359","433,4776175984723","0,0"
2030-06-09 20:00:00,"0,0","433,4776175984723","0,0"
2030-06-09 21:00:00,"0,0","0,0","0,0"
2030-06-09 22:00:00,"0,0","0,0","0,0"
2030-06-09 23:00:00,"0,0","0,0","0,0"
2030-06-10 00:00:00,"0,0","0,0","0,0"
2030-06-10 01:00:00,"0,0","0,0","0,0"
2030-06-10 02:00:00,"48,16417973316362","0,0","48,16417973316362"
2030-06-10 03:00:00,"481,6417973316359","0,0","433,4776175984723"
2030-06-10 04:00:00,"0,0","433,4776175984723","0,0"
2030-06-10 05:00:00,"0,0","0,0","0,0"
2030-06-10 06:00:00,"0,0","0,0","0,0"
2030-06-10 07:00:00,"433,4776175984723","0,0","433,4776175984723"
2030-06-10 08:00:00,"866,9552351969446","0,0","433,4776175984723"
2030-06-10 09:00:00,"1300,432852795417","0,0","433,4776175984723"
2030-06-10 10:00:00,"1252,2686730622534","433,4776175984723","433,4776175984723"
2030-06-10 11:00:00,"1396,761212261744","260,08657055908344","433,4776175984723"
2030-06-10 12:00:00,"1348,5970325285805","433,4776175984723","433,4776175984723"
2030-06-10 13:00:00,"1300,432852795417","433,4776175984723","433,4776175984723"
2030-06-10 14:00:00,"1733,9104703938892","0,0","433,4776175984723"
2030-06-10 15:00:00,"1733,9104703938892","0,0","0,0"
2030-06-10 16:00:00,"1733,9104703938892","0,0","0,0"
2030-06-10 17:00:00,"1252,2686730622534","433,4776175984723","0,0"
2030-06-10 18:00:00,"770,6268757306175","433,4776175984723","0,0"
2030-06-10 19:00:00,"770,6268757306175","0,0","0,0"
2030-06-10 20:00:00,"770,6268757306175","0,0","0,0"
2030-06-10 21:00:00,"799,5229906891111","0,0","28,896114958493627"
2030-06-10 22:00:00,"1233,0006082875834","0,0","433,4776175984723"
2030-06-10 23:00:00,"1666,4782258860557","0,0","433,4776175984723"
2030-06-11 00:00:00,"1733,9104703938892","0,0","67,4322445078335"
2030-06-11 01:00:00,"1390,755040030285","308,83988732724373","0,0"
2030-06-11 02:00:00,"1390,755040030285","0,0","0,0"
2030-06-11 03:00:00,"1319,8127923043003","63,84802295338629","0,0"
2030-06-11 04:00:00,"838,1709949726644","433,4776175984723","0,0"
2030-06-11 05:00:00,"356,5291976410285","433,4776175984723","0,0"
2030-06-11 06:00:00,"0,0","320,8762778769256","0,0"
2030-06-11 07:00:00,"0,0","0,0","0,0"
2030-06-11 08:00:00,"0,0","0,0","0,0"
2030-06-11 09:00:00,"433,4776175984723","0,0","433,4776175984723"
2030-06-11 10:00:00,"866,9552351969446","0,0","433,4776175984723"
2030-06-11 11:00:00,"866,9552351969446","390,1298558386251","433,4776175984723"
2030-06-11 12:00:00,"1300,432852795417","0,0","433,4776175984723"
2030-06-11 13:00:00,"1733,9104703938892","0,0","433,4776175984723"
2030-06-11 14:00:00,"1733,9104703938892","0,0","0,0"
2030-06-11 15:00:00,"1733,9104703938892","390,12985583862525","433,4776175984723"
2030-06-11 16:00:00,"1733,9104703938892","0,0","0,0"
2030-06-11 17:00:00,"1733,9104703938892","0,0","0,0"
2030-06-11 18:00:00,"1294,2821985921125","395,6654446215991","0,0"
2030-06-11 19:00:00,"812,6404012604767","433,4776175984723","0,0"
2030-06-11 20:00:00,"330,99860392884074","433,4776175984723","0,0"
2030-06-11 21:00:00,"729,193031102458","0,0","398,19442717361727"
2030-06-11 22:00:00,"1162,6706487009303","0,0","433,4776175984723"
2030-06-11 23:00:00,"1596,1482662994026","0,0","433,4776175984723"
2030-06-12 00:00:00,"1596,1482662994026","0,0","0,0"
2030-06-12 01:00:00,"1420,9657604435815","157,66425527023898","0,0"
2030-06-12 02:00:00,"1420,9657604435815","0,0","0,0"
2030-06-12 03:00:00,"939,3239631119457","433,4776175984723","0,0"
2030-06-12 04:00:00,"457,6821657803098","433,4776175984723","0,0"
2030-06-12 05:00:00,"0,0","411,9139492022788","0,0"
2030-06-12 06:00:00,"0,0","0,0","0,0"
2030-06-12 07:00:00,"433,4776175984723","0,0","433,4776175984723"
2030-06-12 08:00:00,"866,9552351969446","0,0","433,4776175984723"
2030-06-12 09:00:00,"1300,432852795417","0,0","433,4776175984723"
2030-06-12 10:00:00,"1490,5198252167656","219,05158065941117","433,4776175984723"
2030-06-12 11:00:00,"1514,794076200418","368,283029953338","433,4776175984723"
2030-06-12 12:00:00,"1033,152278868782","433,4776175984723","0,0"
2030-06-12 13:00:00,"866,9552351969446","433,4776175984723","315,44475365979844"
2030-06-12 14:00:00,"1300,432852795417","0,0","433,4776175984723"
2030-06-12 15:00:00,"1733,9104703938892","0,0","433,4776175984723"
2030-06-12 16:00:00,"1733,9104703938892","0,0","0,0"
2030-06-12 17:00:00,"1733,9104703938892","0,0","0,0"
2030-06-12 18:00:00,"1733,9104703938892","0,0","0,0"
2030-06-12 19:00:00,"1252,2686730622534","433,4776175984723","0,0"
2030-06-12 20:00:00,"770,6268757306175","433,4776175984723","0,0"
2030-06-12 21:00:00,"288,98507839898156","433,4776175984723","0,0"
2030-06-12 22:00:00,"722,4626959974539","0,0","433,4776175984723"
2030-06-12 23:00:00,"1155,9403135959262","0,0","433,4776175984723"
2030-06-13 00:00:00,"1589,4179311943985","0,0","433,4776175984723"
2030-06-13 01:00:00,"1733,9104703938892","0,0","144,4925391994907"
2030-06-13 02:00:00,"1444,9253919949078","260,0865705590832","0,0"
2030-06-13 03:00:00,"963,2835946632719","433,4776175984723","0,0"
2030-06-13 04:00:00,"481,6417973316359","433,4776175984723","0,0"
2030-06-13 05:00:00,"0,0","433,4776175984723","0,0"
2030-06-13 06:00:00,"0,0","0,0","0,0"
2030-06-13 07:00:00,"433,4776175984723","0,0","433,4776175984723"
2030-06-13 08:00:00,"866,9552351969446","0,0","433,4776175984723"
2030-06-13 09:00:00,"1300,432852795417","0,0","433,4776175984723"
2030-06-13 10:00:00,"1300,432852795417","0,0","0,0"
2030-06-13 11:00:00,"1733,9104703938892","0,0","433,4776175984723"
2030-06-13 12:00:00,"1687,9012470790597","41,40830098334658","0,0"
2030-06-13 13:00:00,"1687,9012470790597","0,0","0,0"
2030-06-13 14:00:00,"1733,9104703938892","0,0","46,00922331482957"
2030-06-13 15:00:00,"1733,9104703938892","0,0","0,0"
2030-06-13 16:00:00,"1733,9104703938892","0,0","0,0"
2030-06-13 17:00:00,"1733,9104703938892","0,0","0,0"
2030-06-13 18:00:00,"1252,2686730622534","433,4776175984723","0,0"
2030-06-13 19:00:00,"770,6268757306175","433,4776175984723","0,0"
2030-06-13 20:00:00,"288,98507839898156","433,4776175984723","0,0"
2030-06-13 21:00:00,"0,0","260,0865705590834","0,0"
2030-06-13 22:00:00,"0,0","0,0","0,0"
2030-06-13 23:00:00,"433,4776175984723","0,0","433,4776175984723"
2030-06-14 00:00:00,"866,9552351969446","0,0","433,4776175984723"
2030-06-14 01:00:00,"866,9552351969446","0,0","0,0"
2030-06-14 02:00:00,"866,9552351969446","0,0","0,0"
2030-06-14 03:00:00,"866,9552351969446","0,0","0,0"
2030-06-14 04:00:00,"481,6417973316359","346,7820940787778","0,0"
2030-06-14 05:00:00,"0,0","433,4776175984723","0,0"
2030-06-14 06:00:00,"0,0","0,0","0,0"
2030-06-14 07:00:00,"0,0","0,0","0,0"
2030-06-14 08:00:00,"0,0","0,0","0,0"
2030-06-14 09:00:00,"0,0","0,0","0,0"
2030-06-14 10:00:00,"433,4776175984723","0,0","433,4776175984723"
2030-06-14 11:00:00,"743,8697127361293","0,0","310,392095137657"
2030-06-14 12:00:00,"1177,3473303346016","0,0","433,4776175984723"
2030-06-14 13:00:00,"1610,8249479330739","0,0","433,4776175984723"
2030-06-14 14:00:00,"1733,9104703938892","0,0","123,08552246081535"
2030-06-14 15:00:00,"1733,9104703938892","0,0","0,0"
2030-06-14 16:00:00,"1733,9104703938892","0,0","0,0"
2030-06-14 17:00:00,"1733,9104703938892","0,0","0,0"
2030-06-14 18:00:00,"1252,2686730622534","433,4776175984723","0,0"
2030-06-14 19:00:00,"770,6268757306175","433,4776175984723","0,0"
2030-06-14 20:00:00,"770,6268757306175","0,0","0,0"
2030-06-14 21:00:00,"770,6268757306175","0,0","0,0"
2030-06-14 22:00:00,"481,6417973316359","260,0865705590834","0,0"
2030-06-14 23:00:00,"0,0","433,4776175984723","0,0"
2030-06-15 00:00:00,"0,0","0,0","0,0"
2030-06-15 01:00:00,"0,0","0,0","0,0"
2030-06-15 02:00:00,"0,0","0,0","0,0"
2030-06-15 03:00:00,"0,0","0,0","0,0"
2030-06-15 04:00:00,"0,0","0,0","0,0"
2030-06-15 05:00:00,"0,0","0,0","0,0"
2030-06-15 06:00:00,"0,0","0,0","0,0"
2030-06-15 07:00:00,"0,0","0,0","0,0"
2030-06-15 08:00:00,"0,0","0,0","0,0"
2030-06-15 09:00:00,"284,09974902786035","0,0","284,09974902786035"
2030-06-15 10:00:00,"717,5773666263326","0,0","433,4776175984723"
2030-06-15 11:00:00,"717,5773666263326","0,0","0,0"
2030-06-15 12:00:00,"1151,054984224805","0,0","433,4776175984723"
2030-06-15 13:00:00,"1584,5326018232772","0,0","433,4776175984723"
2030-06-15 14:00:00,"1733,9104703938892","0,0","149,377868570612"
2030-06-15 15:00:00,"1733,9104703938892","0,0","0,0"
2030-06-15 16:00:00,"1733,9104703938892","0,0","0,0"
2030-06-15 17:00:00,"1733,9104703938892","0,0","0,0"
2030-06-15 18:00:00,"1733,9104703938892","0,0","0,0"
2030-06-15 19:00:00,"1733,9104703938892","0,0","0,0"
2030-06-15 20:00:00,"1733,9104703938892","0,0","0,0"
2030-06-15 21:00:00,"1733,9104703938892","0,0","0,0"
2030-06-15 22:00:00,"1733,9104703938892","0,0","0,0"
2030-06-15 23:00:00,"1733,9104703938892","0,0","0,0"
2030-06-16 00:00:00,"1733,9104703938892","0,0","0,0"
2030-06-16 01:00:00,"1733,9104703938892","0,0","0,0"
2030-06-16 02:00:00,"1322,757570387973","370,03761000532467","0,0"
2030-06-16 03:00:00,"841,115773056337","433,4776175984723","0,0"
2030-06-16 04:00:00,"359,4739757247011","433,4776175984723","0,0"
2030-06-16 05:00:00,"0,0","323,52657815223097","0,0"
2030-06-16 06:00:00,"0,0","0,0","0,0"
2030-06-16 07:00:00,"0,0","0,0","0,0"
2030-06-16 08:00:00,"391,4438935748431","0,0","391,4438935748431"
2030-06-16 09:00:00,"824,9215111733154","0,0","433,4776175984723"
2030-06-16 10:00:00,"1258,3991287717877","0,0","433,4776175984723"
2030-06-16 11:00:00,"1258,3991287717877","0,0","0,0"
2030-06-16 12:00:00,"1300,432852795417","0,0","42,03372402362925"
2030-06-16 13:00:00,"1733,9104703938892","0,0","433,4776175984723"
2030-06-16 14:00:00,"1733,9104703938892","0,0","0,0"
2030-06-16 15:00:00,"1733,9104703938892","0,0","0,0"
2030-06-16 16:00:00,"1733,9104703938892","0,0","0,0"
2030-06-16 17:00:00,"1733,9104703938892","0,0","0,0"
2030-06-16 18:00:00,"1733,9104703938892","0,0","0,0"
2030-06-16 19:00:00,"1733,9104703938892","0,0","0,0"
2030-06-16 20:00:00,"1444,9253919949078","260,0865705590832","0,0"
2030-06-16 21:00:00,"1444,9253919949078","0,0","0,0"
2030-06-16 22:00:00,"1444,9253919949078","0,0","0,0"
2030-06-16 23:00:00,"1444,9253919949078","0,0","0,0"
2030-06-17 00:00:00,"1444,9253919949078","0,0","0,0"
2030-06-17 01:00:00,"1444,9253919949078","0,0","0,0"
2030-06-17 02:00:00,"1444,9253919949078","0,0","0,0"
2030-06-17 03:00:00,"1444,9253919949078","0,0","0,0"
2030-06-17 04:00:00,"963,2835946632719","433,4776175984723","0,0"
2030-06-17 05:00:00,"481,6417973316359","433,4776175984723","0,0"
2030-06-17 06:00:00,"0,0","433,4776175984723","0,0"
2030-06-17 07:00:00,"0,0","0,0","0,0"
2030-06-17 08:00:00,"0,0","0,0","0,0"
2030-06-17 09:00:00,"29,42583472649092","0,0","29,42583472649092"
2030-06-17 10:00:00,"374,37497627250764","0,0","344,94914154601673"
2030-06-17 11:00:00,"807,85259387098","0,0","433,4776175984723"
2030-06-17 12:00:00,"1241,3302114694523","0,0","433,4776175984723"
2030-06-17 13:00:00,"1674,8078290679246","0,0","433,4776175984723"
2030-06-17 14:00:00,"1733,9104703938892","0,0","59,10264132596468"
2030-06-17 15:00:00,"1733,9104703938892","0,0","0,0"
2030-06-17 16:00:00,"1252,2686730622534","433,4776175984723","0,0"
2030-06-17 17:00:00,"770,6268757306175","433,4776175984723","0,0"
2030-06-17 18:00:00,"288,98507839898156","433,4776175984723","0,0"
2030-06-17 19:00:00,"0,0","260,0865705590834","0,0"
2030-06-17 20:00:00,"0,0","0,0","0,0"
2030-06-17 21:00:00,"0,0","0,0","0,0"
2030-06-17 22:00:00,"0,0","0,0","0,0"
2030-06-17 23:00:00,"433,4776175984723","0,0","433,4776175984723"
2030-06-18 00:00:00,"866,9552351969446","0,0","433,4776175984723"
2030-06-18 01:00:00,"1300,432852795417","0,0","433,4776175984723"
2030-06-18 02:00:00,"1733,9104703938892","0,0","433,4776175984723"
2030-06-18 03:00:00,"1252,2686730622534","433,4776175984723","0,0"
2030-06-18 04:00:00,"963,2835946632719","260,0865705590833","0,0"
2030-06-18 05:00:00,"481,6417973316359","433,4776175984723","0,0"
2030-06-18 06:00:00,"0,0","433,4776175984723","0,0"
2030-06-18 07:00:00,"0,0","0,0","0,0"
2030-06-18 08:00:00,"0,0","0,0","0,0"
2030-06-18 09:00:00,"433,4776175984723","0,0","433,4776175984723"
2030-06-18 10:00:00,"866,9552351969446","0,0","433,4776175984723"
2030-06-18 11:00:00,"1300,432852795417","0,0","433,4776175984723"
2030-06-18 12:00:00,"1300,432852795417","0,0","0,0"
2030-06-18 13:00:00,"1733,9104703938892","0,0","433,4776175984723"
2030-06-18 14:00:00,"1733,9104703938892","0,0","0,0"
2030-06-18 15:00:00,"1733,9104703938892","0,0","0,0"
2030-06-18 16:00:00,"1733,9104703938892","0,0","0,0"
2030-06-18 17:00:00,"1733,9104703938892","0,0","0,0"
2030-06-18 18:00:00,"1252,2686730622534","433,4776175984723","0,0"
2030-06-18 19:00:00,"770,6268757306175","433,4776175984723","0,0"
2030-06-18 20:00:00,"288,98507839898156","433,4776175984723","0,0"
2030-06-18 21:00:00,"288,98507839898156","0,0","0,0"
2030-06-18 22:00:00,"288,98507839898156","0,0","0,0"
2030-06-18 23:00:00,"288,98507839898156","0,0","0,0"
2030-06-19 00:00:00,"288,98507839898156","0,0","0,0"
2030-06-19 01:00:00,"288,98507839898156","0,0","0,0"
2030-06-19 02:00:00,"288,98507839898156","0,0","0,0"
2030-06-19 03:00:00,"288,98507839898156","0,0","0,0"
2030-06-19 04:00:00,"288,98507839898156","0,0","0,0"
2030-06-19 05:00:00,"0,0","260,0865705590834","0,0"
2030-06-19 06:00:00,"0,0","0,0","0,0"
2030-06-19 07:00:00,"0,0","0,0","0,0"
2030-06-19 08:00:00,"0,0","0,0","0,0"
2030-06-19 09:00:00,"433,4776175984723","0,0","433,4776175984723"
2030-06-19 10:00:00,"866,9552351969446","0,0","433,4776175984723"
2030-06-19 11:00:00,"866,9552351969446","0,0","0,0"
2030-06-19 12:00:00,"1300,432852795417","0,0","433,4776175984723"
2030-06-19 13:00:00,"1733,9104703938892","0,0","433,4776175984723"
2030-06-19 14:00:00,"1733,9104703938892","0,0","0,0"
2030-06-19 15:00:00,"1733,9104703938892","0,0","0,0"
2030-06-19 16:00:00,"1733,9104703938892","0,0","0,0"
2030-06-19 17:00:00,"1733,9104703938892","0,0","0,0"
2030-06-19 18:00:00,"1733,9104703938892","0,0","0,0"
2030-06-19 19:00:00,"1733,9104703938892","0,0","0,0"
2030-06-19 20:00:00,"1340,377336408756","354,17982058661994","0,0"
2030-06-19 21:00:00,"858,7355390771202","433,4776175984723","0,0"
2030-06-19 22:00:00,"858,7355390771202","0,0","0,0"
2030-06-19 23:00:00,"858,7355390771202","0,0","0,0"
2030-06-20 00:00:00,"858,7355390771202","0,0","0,0"
2030-06-20 01:00:00,"858,7355390771202","0,0","0,0"
2030-06-20 02:00:00,"858,7355390771202","0,0","0,0"
2030-06-20 03:00:00,"625,7305921312253","209,70445225130536","0,0"
2030-06-20 04:00:00,"516,2151563273585","98,56389222348014","0,0"
2030-06-20 05:00:00,"102,7843884294293","372,08769110813626","0,0"
2030-06-20 06:00:00,"9,773779578781346","83,70954796558316","0,0"
2030-06-20 07:00:00,"0,0","8,796401620903211","0,0"
2030-06-20 08:00:00,"0,0","0,0","0,0"
2030-06-20 09:00:00,"256,6040069285005","0,0","256,6040069285005"
2030-06-20 10:00:00,"690,0816245269727","0,0","433,4776175984723"
2030-06-20 11:00:00,"1123,559242125445","0,0","433,4776175984723"
2030-06-20 12:00:00,"1557,0368597239174","0,0","433,4776175984723"
2030-06-20 13:00:00,"1733,9104703938892","0,0","176,87361066997187"
2030-06-20 14:00:00,"1733,9104703938892","0,0","0,0"
2030-06-20 15:00:00,"1733,9104703938892","0,0","0,0"
2030-06-20 16:00:00,"1542,7636231149868","172,0321625510121","0,0"
2030-06-20 17:00:00,"1061,121825783351","433,4776175984723","0,0"
2030-06-20 18:00:00,"579,480028451715","433,4776175984723","0,0"
2030-06-20 19:00:00,"97,83823112007912","433,4776175984723","0,0"
2030-06-20 20:00:00,"97,83823112007912","0,0","0,0"
2030-06-20 21:00:00,"97,83823112007912","0,0","0,0"
2030-06-20 22:00:00,"97,83823112007912","0,0","0,0"
2030-06-20 23:00:00,"531,3158487185515","0,0","433,4776175984723"
2030-06-21 00:00:00,"964,7934663170238","0,0","433,4776175984723"
2030-06-21 01:00:00,"1398,271083915496","0,0","433,4776175984723"
2030-06-21 02:00:00,"1733,9104703938892","0,0","335,63938647839313"
2030-06-21 03:00:00,"1733,9104703938892","0,0","0,0"
2030-06-21 04:00:00,"1252,2686730622534","433,4776175984723","0,0"
2030-06-21 05:00:00,"1002,8834720044345","224,44668095203696","0,0"
2030-06-21 06:00:00,"783,35727637315","197,57357606815606","0,0"
2030-06-21 07:00:00,"783,35727637315","0,0","0,0"
2030-06-21 08:00:00,"887,8558607443892","0,0","104,49858437123932"
2030-06-21 09:00:00,"1321,3334783428616","0,0","433,4776175984723"
2030-06-21 10:00:00,"1444,9253919949078","0,0","123,59191365204629"
2030-06-21 11:00:00,"1444,9253919949078","0,0","0,0"
2030-06-21 12:00:00,"1444,9253919949078","0,0","0,0"
2030-06-21 13:00:00,"1444,9253919949078","0,0","0,0"
2030-06-21 14:00:00,"1444,9253919949078","0,0","0,0"
2030-06-21 15:00:00,"1444,9253919949078","0,0","0,0"
2030-06-21 16:00:00,"1444,9253919949078","0,0","0,0"
2030-06-21 17:00:00,"963,2835946632719","433,4776175984723","0,0"
2030-06-21 18:00:00,"481,6417973316359","433,4776175984723","0,0"
2030-06-21 19:00:00,"0,0","433,4776175984723","0,0"
2030-06-21 20:00:00,"0,0","0,0","0,0"
2030-06-21 21:00:00,"0,0","0,0","0,0"
2030-06-21 22:00:00,"0,0","0,0","0,0"
2030-06-21 23:00:00,"0,0","0,0","0,0"
2030-06-22 00:00:00,"0,0","0,0","0,0"
2030-06-22 01:00:00,"0,0","0,0","0,0"
2030-06-22 02:00:00,"0,0","0,0","0,0"
2030-06-22 03:00:00,"0,0","0,0","0,0"
2030-06-22 04:00:00,"0,0","0,0","0,0"
2030-06-22 05:00:00,"0,0","0,0","0,0"
2030-06-22 06:00:00,"0,0","0,0","0,0"
2030-06-22 07:00:00,"0,0","0,0","0,0"
2030-06-22 08:00:00,"433,4776175984723","0,0","433,4776175984723"
2030-06-22 09:00:00,"767,1022166813264","0,0","333,6245990828541"
2030-06-22 10:00:00,"767,1022166813264","0,0","0,0"
2030-06-22 11:00:00,"847,3407728508182","0,0","80,23855616949191"
2030-06-22 12:00:00,"1280,8183904492905","0,0","433,4776175984723"
2030-06-22 13:00:00,"1532,8472933991359","0,0","252,02890294984536"
2030-06-22 14:00:00,"1733,9104703938892","0,0","201,0631769947533"
2030-06-22 15:00:00,"1733,9104703938892","0,0","0,0"
2030-06-22 16:00:00,"1733,9104703938892","0,0","0,0"
2030-06-22 17:00:00,"1733,9104703938892","0,0","0,0"
2030-06-22 18:00:00,"1252,2686730622534","433,4776175984723","0,0"
2030-06-22 19:00:00,"770,6268757306175","433,4776175984723","0,0"
2030-06-22 20:00:00,"288,98507839898156","433,4776175984723","0,0"
2030-06-22 21:00:00,"0,0","260,0865705590834","0,0"
2030-06-22 22:00:00,"0,0","0,0","0,0"
2030-06-22 23:00:00,"0,0","0,0","0,0"
2030-06-23 00:00:00,"0,0","0,0","0,0"
2030-06-23 01:00:00,"0,0","0,0","0,0"
2030-06-23 02:00:00,"0,0","0,0","0,0"
2030-06-23 03:00:00,"0,0","0,0","0,0"
2030-06-23 04:00:00,"0,0","0,0","0,0"
2030-06-23 05:00:00,"0,0","0,0","0,0"
2030-06-23 06:00:00,"0,0","0,0","0,0"
2030-06-23 07:00:00,"0,0","0,0","0,0"
2030-06-23 08:00:00,"0,0","0,0","0,0"
2030-06-23 09:00:00,"0,0","0,0","0,0"
2030-06-23 10:00:00,"433,4776175984723","0,0","433,4776175984723"
2030-06-23 11:00:00,"738,8923548161379","0,0","305,4147372176656"
2030-06-23 12:00:00,"1131,010905662468","0,0","392,11855084633027"
2030-06-23 13:00:00,"1221,3661690290005","0,0","90,35526336653248"
2030-06-23 14:00:00,"1654,8437866274728","0,0","433,4776175984723"
2030-06-23 15:00:00,"1654,8437866274728","0,0","0,0"
2030-06-23 16:00:00,"1733,9104703938892","0,0","79,06668376641642"
2030-06-23 17:00:00,"1733,9104703938892","0,0","0,0"
2030-06-23 18:00:00,"1733,9104703938892","0,0","0,0"
2030-06-23 19:00:00,"1733,9104703938892","0,0","0,0"
2030-06-23 20:00:00,"1733,9104703938892","0,0","0,0"
2030-06-23 21:00:00,"1733,9104703938892","0,0","0,0"
2030-06-23 22:00:00,"1733,9104703938892","0,0","0,0"
2030-06-23 23:00:00,"1733,9104703938892","0,0","0,0"
2030-06-24 00:00:00,"1733,9104703938892","0,0","0,0"
2030-06-24 01:00:00,"1733,9104703938892","0,0","0,0"
2030-06-24 02:00:00,"1444,9253919949078","260,0865705590832","0,0"
2030-06-24 03:00:00,"963,2835946632719","433,4776175984723","0,0"
2030-06-24 04:00:00,"481,6417973316359","433,4776175984723","0,0"
2030-06-24 05:00:00,"0,0","433,4776175984723","0,0"
2030-06-24 06:00:00,"0,0","0,0","0,0"
2030-06-24 07:00:00,"0,0","0,0","0,0"
2030-06-24 08:00:00,"0,0","0,0","0,0"
2030-06-24 09:00:00,"312,800552814544","0,0","312,800552814544"
2030-06-24 10:00:00,"746,2781704130164","0,0","433,4776175984723"
2030-06-24 11:00:00,"1126,478881694932","0,0","380,2007112819155"
2030-06-24 12:00:00,"1481,4448839475958","0,0","354,9660022526638"
2030-06-24 13:00:00,"1481,4448839475958","0,0","0,0"
2030-06-24 14:00:00,"1733,9104703938892","0,0","252,4655864462934"
2030-06-24 15:00:00,"1733,9104703938892","0,0","0,0"
2030-06-24 16:00:00,"1733,9104703938892","0,0","0,0"
2030-06-24 17:00:00,"1733,9104703938892","0,0","0,0"
2030-06-24 18:00:00,"1362,408107286063","334,3521267970437","0,0"
2030-06-24 19:00:00,"1362,408107286063","0,0","0,0"
2030-06-24 20:00:00,"1362,408107286063","0,0","0,0"
2030-06-24 21:00:00,"1362,408107286063","0,0","0,0"
2030-06-24 22:00:00,"1362,408107286063","0,0","0,0"
2030-06-24 23:00:00,"1362,408107286063","0,0","0,0"
2030-06-25 00:00:00,"1362,408107286063","0,0","0,0"
2030-06-25 01:00:00,"1362,408107286063","0,0","0,0"
2030-06-25 02:00:00,"1362,408107286063","0,0","0,0"
2030-06-25 03:00:00,"1362,408107286063","0,0","0,0"
2030-06-25 04:00:00,"880,766309954427","433,4776175984723","0,0"
2030-06-25 05:00:00,"399,12451262279114","433,4776175984723","0,0"
2030-06-25 06:00:00,"0,0","359,212061360512","0,0"
2030-06-25 07:00:00,"0,0","0,0","0,0"
2030-06-25 08:00:00,"118,82022813735519","0,0","118,82022813735519"
2030-06-25 09:00:00,"350,7632102508503","0,0","231,94298211349513"
2030-06-25 10:00:00,"784,2408278493226","0,0","433,4776175984723"
2030-06-25 11:00:00,"839,6848286387922","0,0","55,44400078946951"
2030-06-25 12:00:00,"981,818779051935","0,0","142,13395041314288"
2030-06-25 13:00:00,"997,4574321743459","0,0","15,638653122410759"
2030-06-25 14:00:00,"1237,0560040898401","0,0","239,59857191549423"
2030-06-25 15:00:00,"1360,8097718025679","0,0","123,75376771272772"
2030-06-25 16:00:00,"1733,9104703938892","0,0","373,1006985913214"
2030-06-25 17:00:00,"1733,9104703938892","0,0","0,0"
2030-06-25 18:00:00,"1333,3860213684936","360,47200412285605","0,0"
2030-06-25 19:00:00,"1333,3860213684936","0,0","0,0"
2030-06-25 20:00:00,"1333,3860213684936","0,0","0,0"
2030-06-25 21:00:00,"1333,3860213684936","0,0","0,0"
2030-06-25 22:00:00,"1333,3860213684936","0,0","0,0"
2030-06-25 23:00:00,"1333,3860213684936","0,0","0,0"
2030-06-26 00:00:00,"1333,3860213684936","0,0","0,0"
2030-06-26 01:00:00,"1333,3860213684936","0,0","0,0"
2030-06-26 02:00:00,"1333,3860213684936","0,0","0,0"
2030-06-26 03:00:00,"1333,3860213684936","0,0","0,0"
2030-06-26 04:00:00,"851,7442240368578","433,4776175984723","0,0"
2030-06-26 05:00:00,"370,10242670522183","433,4776175984723","0,0"
2030-06-26 06:00:00,"0,0","333,09218403469964","0,0"
2030-06-26 07:00:00,"0,0","0,0","0,0"
2030-06-26 08:00:00,"0,0","0,0","0,0"
2030-06-26 09:00:00,"0,0","0,0","0,0"
2030-06-26 10:00:00,"0,0","0,0","0,0"
2030-06-26 11:00:00,"279,7733385610324","0,0","279,7733385610324"
2030-06-26 12:00:00,"519,2390445728392","0,0","239,46570601180684"
2030-06-26 13:00:00,"952,7166621713116","0,0","433,4776175984723"
2030-06-26 14:00:00,"1386,1942797697839","0,0","433,4776175984723"
2030-06-26 15:00:00,"1733,9104703938892","0,0","347,71619062410525"
2030-06-26 16:00:00,"1733,9104703938892","0,0","0,0"
2030-06-26 17:00:00,"1733,9104703938892","0,0","0,0"
2030-06-26 18:00:00,"1733,9104703938892","0,0","0,0"
2030-06-26 19:00:00,"1733,9104703938892","0,0","0,0"
2030-06-26 20:00:00,"1733,9104703938892","0,0","0,0"
2030-06-26 21:00:00,"1733,9104703938892","0,0","0,0"
2030-06-26 22:00:00,"1733,9104703938892","0,0","0,0"
2030-06-26 23:00:00,"1733,9104703938892","0,0","0,0"
2030-06-27 00:00:00,"1733,9104703938892","0,0","0,0"
2030-06-27 01:00:00,"1733,9104703938892","0,0","0,0"
2030-06-27 02:00:00,"1733,9104703938892","0,0","0,0"
2030-06-27 03:00:00,"1733,9104703938892","0,0","0,0"
2030-06-27 04:00:00,"1733,9104703938892","0,0","0,0"
2030-06-27 05:00:00,"1252,2686730622534","433,4776175984723","0,0"
2030-06-27 06:00:00,"770,6268757306175","433,4776175984723","0,0"
2030-06-27 07:00:00,"663,2668840726319","96,62399249218701","0,0"
2030-06-27 08:00:00,"663,2668840726319","0,0","0,0"
2030-06-27 09:00:00,"663,2668840726319","0,0","0,0"
2030-06-27 10:00:00,"663,2668840726319","0,0","0,0"
2030-06-27 11:00:00,"987,9650223158601","0,0","324,69813824322813"
2030-06-27 12:00:00,"1421,4426399143324","0,0","433,4776175984723"
2030-06-27 13:00:00,"1733,9104703938892","0,0","312,46783047955677"
2030-06-27 14:00:00,"1733,9104703938892","0,0","0,0"
2030-06-27 15:00:00,"1733,9104703938892","0,0","0,0"
2030-06-27 16:00:00,"1733,9104703938892","0,0","0,0"
2030-06-27 17:00:00,"1444,9253919949078","260,0865705590832","0,0"
2030-06-27 18:00:00,"963,2835946632719","433,4776175984723","0,0"
2030-06-27 19:00:00,"481,6417973316359","433,4776175984723","0,0"
2030-06-27 20:00:00,"0,0","433,4776175984723","0,0"
2030-06-27 21:00:00,"0,0","0,0","0,0"
2030-06-27 22:00:00,"0,0","0,0","0,0"
2030-06-27 23:00:00,"0,0","0,0","0,0"
2030-06-28 00:00:00,"0,0","0,0","0,0"
2030-06-28 01:00:00,"0,0","0,0","0,0"
2030-06-28 02:00:00,"0,0","0,0","0,0"
2030-06-28 03:00:00,"0,0","0,0","0,0"
2030-06-28 04:00:00,"0,0","0,0","0,0"
2030-06-28 05:00:00,"0,0","0,0","0,0"
2030-06-28 06:00:00,"0,0","0,0","0,0"
2030-06-28 07:00:00,"0,0","0,0","0,0"
2030-06-28 08:00:00,"0,0","0,0","0,0"
2030-06-28 09:00:00,"0,0","0,0","0,0"
2030-06-28 10:00:00,"0,0","0,0","0,0"
2030-06-28 11:00:00,"433,4776175984723","0,0","433,4776175984723"
2030-06-28 12:00:00,"866,9552351969446","0,0","433,4776175984723"
2030-06-28 13:00:00,"1300,432852795417","0,0","433,4776175984723"
2030-06-28 14:00:00,"1733,9104703938892","0,0","433,4776175984723"
2030-06-28 15:00:00,"1733,9104703938892","0,0","0,0"
2030-06-28 16:00:00,"1733,9104703938892","0,0","0,0"
2030-06-28 17:00:00,"1444,9253919949078","260,0865705590832","0,0"
2030-06-28 18:00:00,"963,2835946632719","433,4776175984723","0,0"
2030-06-28 19:00:00,"481,6417973316359","433,4776175984723","0,0"
2030-06-28 20:00:00,"0,0","433,4776175984723","0,0"
2030-06-28 21:00:00,"0,0","0,0","0,0"
2030-06-28 22:00:00,"0,0","0,0","0,0"
2030-06-28 23:00:00,"0,0","0,0","0,0"
2030-06-29 00:00:00,"0,0","0,0","0,0"
2030-06-29 01:00:00,"0,0","0,0","0,0"
2030-06-29 02:00:00,"0,0","0,0","0,0"
2030-06-29 03:00:00,"0,0","0,0","0,0"
2030-06-29 04:00:00,"0,0","0,0","0,0"
2030-06-29 05:00:00,"0,0","0,0","0,0"
2030-06-29 06:00:00,"0,0","0,0","0,0"
2030-06-29 07:00:00,"0,0","0,0","0,0"
2030-06-29 08:00:00,"0,0","0,0","0,0"
2030-06-29 09:00:00,"0,0","0,0","0,0"
2030-06-29 10:00:00,"433,4776175984723","0,0","433,4776175984723"
2030-06-29 11:00:00,"866,9552351969446","0,0","433,4776175984723"
2030-06-29 12:00:00,"1300,432852795417","0,0","433,4776175984723"
2030-06-29 13:00:00,"1733,9104703938892","0,0","433,4776175984723"
2030-06-29 14:00:00,"1733,9104703938892","0,0","0,0"
2030-06-29 15:00:00,"1733,9104703938892","0,0","0,0"
2030-06-29 16:00:00,"1733,9104703938892","0,0","0,0"
2030-06-29 17:00:00,"1733,9104703938892","0,0","0,0"
2030-06-29 18:00:00,"1441,9861203627054","262,73191502806543","0,0"
2030-06-29 19:00:00,"960,3443230310695","433,4776175984723","0,0"
2030-06-29 20:00:00,"503,37965230236546","411,2682036558336","0,0"
2030-06-29 21:00:00,"503,37965230236546","0,0","0,0"
2030-06-29 22:00:00,"21,737854970729558","433,4776175984723","0,0"
2030-06-29 23:00:00,"0,0","19,564069473656602","0,0"
2030-06-30 00:00:00,"0,0","0,0","0,0"
2030-06-30 01:00:00,"0,0","0,0","0,0"
2030-06-30 02:00:00,"0,0","0,0","0,0"
2030-06-30 03:00:00,"0,0","0,0","0,0"
2030-06-30 04:00:00,"0,0","0,0","0,0"
2030-06-30 05:00:00,"0,0","0,0","0,0"
2030-06-30 06:00:00,"0,0","0,0","0,0"
2030-06-30 07:00:00,"0,0","0,0","0,0"
2030-06-30 08:00:00,"433,4776175984723","0,0","433,4776175984723"
2030-06-30 09:00:00,"866,9552351969446","0,0","433,4776175984723"
2030-06-30 10:00:00,"1300,432852795417","0,0","433,4776175984723"
2030-06-30 11:00:00,"1733,9104703938892","0,0","433,4776175984723"
2030-06-30 12:00:00,"1733,9104703938892","0,0","0,0"
2030-06-30 13:00:00,"1733,9104703938892","0,0","0,0"
2030-06-30 14:00:00,"1733,9104703938892","0,0","0,0"
2030-06-30 15:00:00,"1733,9104703938892","0,0","0,0"
2030-06-30 16:00:00,"1733,9104703938892","0,0","0,0"
2030-06-30 17:00:00,"1733,9104703938892","0,0","0,0"
2030-06-30 18:00:00,"1733,9104703938892","0,0","0,0"
2030-06-30 19:00:00,"1733,9104703938892","0,0","0,0"
2030-06-30 20:00:00,"1733,9104703938892","0,0","0,0"
2030-06-30 21:00:00,"1733,9104703938892","0,0","0,0"
2030-06-30 22:00:00,"1733,9104703938892","0,0","0,0"
2030-06-30 23:00:00,"1733,9104703938892","0,0","0,0"
2030-07-01 00:00:00,"1733,9104703938892","0,0","0,0"
2030-07-01 01:00:00,"1733,9104703938892","0,0","0,0"
2030-07-01 02:00:00,"1733,9104703938892","0,0","0,0"
2030-07-01 03:00:00,"1733,9104703938892","0,0","0,0"
2030-07-01 04:00:00,"1252,2686730622534","433,4776175984723","0,0"
2030-07-01 05:00:00,"770,6268757306175","433,4776175984723","0,0"
2030-07-01 06:00:00,"288,98507839898156","433,4776175984723","0,0"
2030-07-01 07:00:00,"288,98507839898156","0,0","0,0"
2030-07-01 08:00:00,"288,98507839898156","0,0","0,0"
2030-07-01 09:00:00,"288,98507839898156","0,0","0,0"
2030-07-01 10:00:00,"288,98507839898156","0,0","0,0"
2030-07-01 11:00:00,"722,4626959974539","0,0","433,4776175984723"
2030-07-01 12:00:00,"1155,9403135959262","0,0","433,4776175984723"
2030-07-01 13:00:00,"1589,4179311943985","0,0","433,4776175984723"
2030-07-01 14:00:00,"1733,9104703938892","0,0","144,4925391994907"
2030-07-01 15:00:00,"1733,9104703938892","0,0","0,0"
2030-07-01 16:00:00,"1733,9104703938892","0,0","0,0"
2030-07-01 17:00:00,"1264,0690456102325","422,85728230529105","0,0"
2030-07-01 18:00:00,"782,4272482785966","433,4776175984723","0,0"
2030-07-01 19:00:00,"300,78545094696074","433,4776175984723","0,0"
2030-07-01 20:00:00,"72,00446724271026","205,9028853338254","0,0"
2030-07-01 21:00:00,"0,0","64,80402051843923","0,0"
2030-07-01 22:00:00,"0,0","0,0","0,0"
2030-07-01 23:00:00,"96,32835946632724","0,0","96,32835946632724"
2030-07-02 00:00:00,"529,8059770647995","0,0","433,4776175984723"
2030-07-02 01:00:00,"963,2835946632719","0,0","433,4776175984723"
2030-07-02 02:00:00,"963,2835946632719","0,0","0,0"
2030-07-02 03:00:00,"963,2835946632719","0,0","0,0"
2030-07-02 04:00:00,"481,6417973316359","433,4776175984723","0,0"
2030-07-02 05:00:00,"0,0","433,4776175984723","0,0"
2030-07-02 06:00:00,"0,0","0,0","0,0"
2030-07-02 07:00:00,"0,0","0,0","0,0"
2030-07-02 08:00:00,"0,0","0,0","0,0"
2030-07-02 09:00:00,"0,0","0,0","0,0"
2030-07-02 10:00:00,"433,4776175984723","0,0","433,4776175984723"
2030-07-02 11:00:00,"866,9552351969446","0,0","433,4776175984723"
2030-07-02 12:00:00,"1300,432852795417","0,0","433,4776175984723"
2030-07-02 13:00:00,"1733,9104703938892","0,0","433,4776175984723"
2030-07-02 14:00:00,"1733,9104703938892","0,0","0,0"
2030-07-02 15:00:00,"1733,9104703938892","0,0","0,0"
2030-07-02 16:00:00,"1733,9104703938892","0,0","0,0"
2030-07-02 17:00:00,"1252,2686730622534","433,4776175984723","0,0"
2030-07-02 18:00:00,"770,6268757306175","433,4776175984723","0,0"
2030-07-02 19:00:00,"288,98507839898156","433,4776175984723","0,0"
2030-07-02 20:00:00,"0,0","260,0865705590834","0,0"
2030-07-02 21:00:00,"0,0","0,0","0,0"
2030-07-02 22:00:00,"0,0","0,0","0,0"
2030-07-02 23:00:00,"433,4776175984723","0,0","433,4776175984723"
2030-07-03 00:00:00,"806,2578420503203","0,0","372,78022445184797"
2030-07-03 01:00:00,"1239,7354596487926","0,0","433,4776175984723"
2030-07-03 02:00:00,"1444,9253919949078","0,0","205,18993234611526"
2030-07-03 03:00:00,"1444,9253919949078","0,0","0,0"
2030-07-03 04:00:00,"963,2835946632719","433,4776175984723","0,0"
2030-07-03 05:00:00,"481,6417973316359","433,4776175984723","0,0"
2030-07-03 06:00:00,"0,0","433,4776175984723","0,0"
2030-07-03 07:00:00,"0,0","0,0","0,0"
2030-07-03 08:00:00,"0,0","0,0","0,0"
2030-07-03 09:00:00,"0,0","0,0","0,0"
2030-07-03 10:00:00,"433,4776175984723","0,0","433,4776175984723"
2030-07-03 11:00:00,"866,9552351969446","0,0","433,4776175984723"
2030-07-03 12:00:00,"1300,432852795417","0,0","433,4776175984723"
2030-07-03 13:00:00,"1733,9104703938892","0,0","433,4776175984723"
2030-07-03 14:00:00,"1733,9104703938892","0,0","0,0"
2030-07-03 15:00:00,"1733,9104703938892","0,0","0,0"
2030-07-03 16:00:00,"1733,9104703938892","0,0","0,0"
2030-07-03 17:00:00,"1726,4969697079935","6,672150617306144","0,0"
2030-07-03 18:00:00,"1585,0442741761794","127,30742597863262","0,0"
2030-07-03 19:00:00,"1215,220102991978","332,8417540657814","0,0"
2030-07-03 20:00:00,"801,452475092316","372,3908651096956","0,0"
2030-07-03 21:00:00,"801,452475092316","0,0","0,0"
2030-07-03 22:00:00,"801,452475092316","0,0","0,0"
2030-07-03 23:00:00,"801,452475092316","0,0","0,0"
2030-07-04 00:00:00,"801,452475092316","0,0","0,0"
2030-07-04 01:00:00,"801,452475092316","0,0","0,0"
2030-07-04 02:00:00,"801,452475092316","0,0","0,0"
2030-07-04 03:00:00,"801,452475092316","0,0","0,0"
2030-07-04 04:00:00,"478,9538775070937","290,2487378267001","0,0"
2030-07-04 05:00:00,"0,0","431,0584897563843","0,0"
2030-07-04 06:00:00,"0,0","0,0","0,0"
2030-07-04 07:00:00,"0,0","0,0","0,0"
2030-07-04 08:00:00,"0,0","0,0","0,0"
2030-07-04 09:00:00,"0,0","0,0","0,0"
2030-07-04 10:00:00,"199,49629718786468","0,0","199,49629718786468"
2030-07-04 11:00:00,"632,973914786337","0,0","433,4776175984723"
2030-07-04 12:00:00,"1066,4515323848093","0,0","433,4776175984723"
2030-07-04 13:00:00,"1499,9291499832816","0,0","433,4776175984723"
2030-07-04 14:00:00,"1733,9104703938892","0,0","233,98132041060768"
2030-07-04 15:00:00,"1733,9104703938892","0,0","0,0"
2030-07-04 16:00:00,"1733,9104703938892","0,0","0,0"
2030-07-04 17:00:00,"1444,9253919949078","260,0865705590832","0,0"
2030-07-04 18:00:00,"963,2835946632719","433,4776175984723","0,0"
2030-07-04 19:00:00,"481,6417973316359","433,4776175984723","0,0"
2030-07-04 20:00:00,"0,0","433,4776175984723","0,0"
2030-07-04 21:00:00,"0,0","0,0","0,0"
2030-07-04 22:00:00,"0,0","0,0","0,0"
2030-07-04 23:00:00,"0,0","0,0","0,0"
2030-07-05 00:00:00,"0,0","0,0","0,0"
2030-07-05 01:00:00,"0,0","0,0","0,0"
2030-07-05 02:00:00,"0,0","0,0","0,0"
2030-07-05 03:00:00,"0,0","0,0","0,0"
2030-07-05 04:00:00,"433,4776175984723","0,0","433,4776175984723"
2030-07-05 05:00:00,"196,93584406642753","212,88759617884028","0,0"
2030-07-05 06:00:00,"0,0","177,24225965978476","0,0"
2030-07-05 07:00:00,"0,0","0,0","0,0"
2030-07-05 08:00:00,"0,0","0,0","0,0"
2030-07-05 09:00:00,"0,0","0,0","0,0"
2030-07-05 10:00:00,"433,4776175984723","0,0","433,4776175984723"
2030-07-05 11:00:00,"866,9552351969446","0,0","433,4776175984723"
2030-07-05 12:00:00,"1300,432852795417","0,0","433,4776175984723"
2030-07-05 13:00:00,"1733,9104703938892","0,0","433,4776175984723"
2030-07-05 14:00:00,"1733,9104703938892","0,0","0,0"
2030-07-05 15:00:00,"1733,9104703938892","0,0","0,0"
2030-07-05 16:00:00,"1733,9104703938892","0,0","0,0"
2030-07-05 17:00:00,"1523,1284403278273","189,70382705945576","0,0"
2030-07-05 18:00:00,"1041,4866429961914","433,4776175984723","0,0"
2030-07-05 19:00:00,"559,8448456645556","433,4776175984723","0,0"
2030-07-05 20:00:00,"78,20304833291965","433,4776175984723","0,0"
2030-07-05 21:00:00,"0,0","70,38274349962768","0,0"
2030-07-05 22:00:00,"0,0","0,0","0,0"
2030-07-05 23:00:00,"0,0","0,0","0,0"
2030-07-06 00:00:00,"0,0","0,0","0,0"
2030-07-06 01:00:00,"0,0","0,0","0,0"
2030-07-06 02:00:00,"0,0","0,0","0,0"
2030-07-06 03:00:00,"0,0","0,0","0,0"
2030-07-06 04:00:00,"0,0","0,0","0,0"
2030-07-06 05:00:00,"0,0","0,0","0,0"
2030-07-06 06:00:00,"0,0","0,0","0,0"
2030-07-06 07:00:00,"0,0","0,0","0,0"
2030-07-06 08:00:00,"0,0","0,0","0,0"
2030-07-06 09:00:00,"0,0","0,0","0,0"
2030-07-06 10:00:00,"433,4776175984723","0,0","433,4776175984723"
2030-07-06 11:00:00,"866,9552351969446","0,0","433,4776175984723"
2030-07-06 12:00:00,"1300,432852795417","0,0","433,4776175984723"
2030-07-06 13:00:00,"1300,432852795417","0,0","0,0"
2030-07-06 14:00:00,"1733,9104703938892","0,0","433,4776175984723"
2030-07-06 15:00:00,"1733,9104703938892","0,0","0,0"
2030-07-06 16:00:00,"1733,9104703938892","0,0","0,0"
2030-07-06 17:00:00,"1547,22423987414","168,01760746777433","0,0"
2030-07-06 18:00:00,"1065,5824425425042","433,4776175984723","0,0"
2030-07-06 19:00:00,"583,9406452108683","433,4776175984723","0,0"
2030-07-06 20:00:00,"102,29884787923237","433,4776175984723","0,0"
2030-07-06 21:00:00,"0,0","92,06896309130913","0,0"
2030-07-06 22:00:00,"0,0","0,0","0,0"
2030-07-06 23:00:00,"0,0","0,0","0,0"
2030-07-07 00:00:00,"0,0","0,0","0,0"
2030-07-07 01:00:00,"0,0","0,0","0,0"
2030-07-07 02:00:00,"0,0","0,0","0,0"
2030-07-07 03:00:00,"0,0","0,0","0,0"
2030-07-07 04:00:00,"0,0","0,0","0,0"
2030-07-07 05:00:00,"0,0","0,0","0,0"
2030-07-07 06:00:00,"253,91875781087512","0,0","253,91875781087512"
2030-07-07 07:00:00,"0,0","228,5268820297876","0,0"
2030-07-07 08:00:00,"0,0","0,0","0,0"
2030-07-07 09:00:00,"0,0","0,0","0,0"
2030-07-07 10:00:00,"433,4776175984723","0,0","433,4776175984723"
2030-07-07 11:00:00,"866,9552351969446","0,0","433,4776175984723"
2030-07-07 12:00:00,"866,9552351969446","0,0","0,0"
2030-07-07 13:00:00,"1300,432852795417","0,0","433,4776175984723"
2030-07-07 14:00:00,"1733,9104703938892","0,0","433,4776175984723"
2030-07-07 15:00:00,"1733,9104703938892","0,0","0,0"
2030-07-07 16:00:00,"1733,9104703938892","0,0","0,0"
2030-07-07 17:00:00,"1733,9104703938892","0,0","0,0"
2030-07-07 18:00:00,"1733,9104703938892","0,0","0,0"
2030-07-07 19:00:00,"1444,9253919949078","260,0865705590832","0,0"
2030-07-07 20:00:00,"963,2835946632719","433,4776175984723","0,0"
2030-07-07 21:00:00,"963,2835946632719","0,0","0,0"
2030-07-07 22:00:00,"963,2835946632719","0,0","0,0"
2030-07-07 23:00:00,"963,2835946632719","0,0","0,0"
2030-07-08 00:00:00,"963,2835946632719","0,0","0,0"
2030-07-08 01:00:00,"963,2835946632719","0,0","0,0"
2030-07-08 02:00:00,"963,2835946632719","0,0","0,0"
2030-07-08 03:00:00,"963,2835946632719","0,0","0,0"
2030-07-08 04:00:00,"481,6417973316359","433,4776175984723","0,0"
2030-07-08 05:00:00,"0,0","433,4776175984723","0,0"
2030-07-08 06:00:00,"0,0","0,0","0,0"
2030-07-08 07:00:00,"0,0","0,0","0,0"
2030-07-08 08:00:00,"0,0","0,0","0,0"
2030-07-08 09:00:00,"0,0","0,0","0,0"
2030-07-08 10:00:00,"433,4776175984723","0,0","433,4776175984723"
2030-07-08 11:00:00,"866,9552351969446","0,0","433,4776175984723"
2030-07-08 12:00:00,"1300,432852795417","0,0","433,4776175984723"
2030-07-08 13:00:00,"1521,217422099878","0,0","220,784569304461"
2030-07-08 14:00:00,"1733,9104703938892","0,0","212,69304829401136"
2030-07-08 15:00:00,"1733,9104703938892","0,0","0,0"
2030-07-08 16:00:00,"1372,0026160275106","325,7170689297408","0,0"
2030-07-08 17:00:00,"890,3608186958747","433,4776175984723","0,0"
2030-07-08 18:00:00,"408,7190213642388","433,4776175984723","0,0"
2030-07-08 19:00:00,"0,0","367,8471192278149","0,0"
2030-07-08 20:00:00,"0,0","0,0","0,0"
2030-07-08 21:00:00,"0,0","0,0","0,0"
2030-07-08 22:00:00,"0,0","0,0","0,0"
2030-07-08 23:00:00,"0,0","0,0","0,0"
2030-07-09 00:00:00,"0,0","0,0","0,0"
2030-07-09 01:00:00,"0,0","0,0","0,0"
2030-07-09 02:00:00,"48,16417973316362","0,0","48,16417973316362"
2030-07-09 03:00:00,"481,6417973316359","0,0","433,4776175984723"
2030-07-09 04:00:00,"0,0","433,4776175984723","0,0"
2030-07-09 05:00:00,"0,0","0,0","0,0"
2030-07-09 06:00:00,"0,0","0,0","0,0"
2030-07-09 07:00:00,"0,0","0,0","0,0"
2030-07-09 08:00:00,"349,36142608591643","0,0","349,36142608591643"
2030-07-09 09:00:00,"349,36142608591643","0,0","0,0"
2030-07-09 10:00:00,"433,4776175984723","0,0","84,11619151255587"
2030-07-09 11:00:00,"866,9552351969446","0,0","433,4776175984723"
2030-07-09 12:00:00,"1300,432852795417","0,0","433,4776175984723"
2030-07-09 13:00:00,"1733,9104703938892","0,0","433,4776175984723"
2030-07-09 14:00:00,"1733,9104703938892","0,0","0,0"
2030-07-09 15:00:00,"1733,9104703938892","0,0","0,0"
2030-07-09 16:00:00,"1733,9104703938892","0,0","0,0"
2030-07-09 17:00:00,"1733,9104703938892","0,0","0,0"
2030-07-09 18:00:00,"1733,9104703938892","0,0","0,0"
2030-07-09 19:00:00,"1733,9104703938892","0,0","0,0"
2030-07-09 20:00:00,"1633,861432231566","90,04413434609101","0,0"
2030-07-09 21:00:00,"1152,21963489993","433,4776175984723","0,0"
2030-07-09 22:00:00,"670,5778375682942","433,4776175984723","0,0"
2030-07-09 23:00:00,"670,5778375682942","0,0","0,0"
2030-07-10 00:00:00,"670,5778375682942","0,0","0,0"
2030-07-10 01:00:00,"670,5778375682942","0,0","0,0"
2030-07-10 02:00:00,"188,93604023665824","433,4776175984723","0,0"
2030-07-10 03:00:00,"0,0","170,0424362129924","0,0"
2030-07-10 04:00:00,"0,0","0,0","0,0"
2030-07-10 05:00:00,"0,0","0,0","0,0"
2030-07-10 06:00:00,"433,4776175984723","0,0","433,4776175984723"
2030-07-10 07:00:00,"866,9552351969446","0,0","433,4776175984723"
2030-07-10 08:00:00,"1300,432852795417","0,0","433,4776175984723"
2030-07-10 09:00:00,"1300,432852795417","0,0","0,0"
2030-07-10 10:00:00,"1300,432852795417","0,0","0,0"
2030-07-10 11:00:00,"1300,432852795417","0,0","0,0"
2030-07-10 12:00:00,"1733,9104703938892","0,0","433,4776175984723"
2030-07-10 13:00:00,"1733,9104703938892","0,0","0,0"
2030-07-10 14:00:00,"1733,9104703938892","0,0","0,0"
2030-07-10 15:00:00,"1733,9104703938892","0,0","0,0"
2030-07-10 16:00:00,"1733,9104703938892","0,0","0,0"
2030-07-10 17:00:00,"1733,9104703938892","0,0","0,0"
2030-07-10 18:00:00,"1733,9104703938892","0,0","0,0"
2030-07-10 19:00:00,"1733,9104703938892","0,0","0,0"
2030-07-10 20:00:00,"1602,3805964654925","118,376886535557","0,0"
2030-07-10 21:00:00,"1284,748114042371","285,8692341808094","0,0"
2030-07-10 22:00:00,"1187,829236973961","87,22698936156905","0,0"
2030-07-10 23:00:00,"1187,829236973961","0,0","0,0"
2030-07-11 00:00:00,"1187,829236973961","0,0","0,0"
2030-07-11 01:00:00,"901,7184539661712","257,4997047070109","0,0"
2030-07-11 02:00:00,"901,7184539661712","0,0","0,0"
2030-07-11 03:00:00,"806,5361661908714","85,66405899776974","0,0"
2030-07-11 04:00:00,"324,8943688592355","433,4776175984723","0,0"
2030-07-11 05:00:00,"0,0","292,40493197331193","0,0"
2030-07-11 06:00:00,"0,0","0,0","0,0"
2030-07-11 07:00:00,"0,0","0,0","0,0"
2030-07-11 08:00:00,"0,0","0,0","0,0"
2030-07-11 09:00:00,"0,0","0,0","0,0"
2030-07-11 10:00:00,"0,0","0,0","0,0"
2030-07-11 11:00:00,"433,4776175984723","0,0","433,4776175984723"
2030-07-11 12:00:00,"866,9552351969446","0,0","433,4776175984723"
2030-07-11 13:00:00,"1300,432852795417","0,0","433,4776175984723"
2030-07-11 14:00:00,"1733,9104703938892","0,0","433,4776175984723"
2030-07-11 15:00:00,"1733,9104703938892","0,0","0,0"
2030-07-11 16:00:00,"1733,9104703938892","0,0","0,0"
2030-07-11 17:00:00,"1444,9253919949078","260,0865705590832","0,0"
2030-07-11 18:00:00,"963,2835946632719","433,4776175984723","0,0"
2030-07-11 19:00:00,"481,6417973316359","433,4776175984723","0,0"
2030-07-11 20:00:00,"0,0","433,4776175984723","0,0"
2030-07-11 21:00:00,"0,0","0,0","0,0"
2030-07-11 22:00:00,"0,0","0,0","0,0"
2030-07-11 23:00:00,"0,0","0,0","0,0"
2030-07-12 00:00:00,"0,0","0,0","0,0"
2030-07-12 01:00:00,"0,0","0,0","0,0"
2030-07-12 02:00:00,"433,4776175984723","0,0","433,4776175984723"
2030-07-12 03:00:00,"599,6690206151975","0,0","166,1914030167252"
2030-07-12 04:00:00,"481,6417973316359","106,2245009552054","0,0"
2030-07-12 05:00:00,"0,0","433,4776175984723","0,0"
2030-07-12 06:00:00,"0,0","0,0","0,0"
2030-07-12 07:00:00,"0,0","0,0","0,0"
2030-07-12 08:00:00,"0,0","0,0","0,0"
2030-07-12 09:00:00,"0,0","0,0","0,0"
2030-07-12 10:00:00,"433,4776175984723","0,0","433,4776175984723"
2030-07-12 11:00:00,"866,9552351969446","0,0","433,4776175984723"
2030-07-12 12:00:00,"1300,432852795417","0,0","433,4776175984723"
2030-07-12 13:00:00,"1733,9104703938892","0,0","433,4776175984723"
2030-07-12 14:00:00,"1733,9104703938892","0,0","0,0"
2030-07-12 15:00:00,"1733,9104703938892","0,0","0,0"
2030-07-12 16:00:00,"1591,7799328233004","127,91748381352987","0,0"
2030-07-12 17:00:00,"1265,8663293207446","293,32224315230025","0,0"
2030-07-12 18:00:00,"784,2245319891088","433,4776175984723","0,0"
2030-07-12 19:00:00,"741,4737388930563","38,47571378644726","0,0"
2030-07-12 20:00:00,"582,1943469065433","143,35145278786172","0,0"
2030-07-12 21:00:00,"532,1304939101756","45,05746769673088","0,0"
2030-07-12 22:00:00,"532,1304939101756","0,0","0,0"
2030-07-12 23:00:00,"532,1304939101756","0,0","0,0"
2030-07-13 00:00:00,"532,1304939101756","0,0","0,0"
2030-07-13 01:00:00,"532,1304939101756","0,0","0,0"
2030-07-13 02:00:00,"532,1304939101756","0,0","0,0"
2030-07-13 03:00:00,"532,1304939101756","0,0","0,0"
2030-07-13 04:00:00,"50,488696578539646","433,4776175984723","0,0"
2030-07-13 05:00:00,"0,0","45,43982692068568","0,0"
2030-07-13 06:00:00,"0,0","0,0","0,0"
2030-07-13 07:00:00,"0,0","0,0","0,0"
2030-07-13 08:00:00,"433,4776175984723","0,0","433,4776175984723"
2030-07-13 09:00:00,"866,9552351969446","0,0","433,4776175984723"
2030-07-13 10:00:00,"1300,432852795417","0,0","433,4776175984723"
2030-07-13 11:00:00,"1733,9104703938892","0,0","433,4776175984723"
2030-07-13 12:00:00,"1733,9104703938892","0,0","0,0"
2030-07-13 13:00:00,"1733,9104703938892","0,0","0,0"
2030-07-13 14:00:00,"1733,9104703938892","0,0","0,0"
2030-07-13 15:00:00,"1733,9104703938892","0,0","0,0"
2030-07-13 16:00:00,"1733,9104703938892","0,0","0,0"
2030-07-13 17:00:00,"1733,9104703938892","0,0","0,0"
2030-07-13 18:00:00,"1252,2686730622534","433,4776175984723","0,0"
2030-07-13 19:00:00,"770,6268757306175","433,4776175984723","0,0"
2030-07-13 20:00:00,"288,98507839898156","433,4776175984723","0,0"
2030-07-13 21:00:00,"0,0","260,0865705590834","0,0"
2030-07-13 22:00:00,"0,0","0,0","0,0"
2030-07-13 23:00:00,"0,0","0,0","0,0"
2030-07-14 00:00:00,"0,0","0,0","0,0"
2030-07-14 01:00:00,"0,0","0,0","0,0"
2030-07-14 02:00:00,"0,0","0,0","0,0"
2030-07-14 03:00:00,"0,0","0,0","0,0"
2030-07-14 04:00:00,"0,0","0,0","0,0"
2030-07-14 05:00:00,"0,0","0,0","0,0"
2030-07-14 06:00:00,"0,0","0,0","0,0"
2030-07-14 07:00:00,"433,4776175984723","0,0","433,4776175984723"
2030-07-14 08:00:00,"866,9552351969446","0,0","433,4776175984723"
2030-07-14 09:00:00,"866,9552351969446","0,0","0,0"
2030-07-14 10:00:00,"1300,432852795417","0,0","433,4776175984723"
2030-07-14 11:00:00,"1300,432852795417","0,0","0,0"
2030-07-14 12:00:00,"1300,432852795417","0,0","0,0"
2030-07-14 13:00:00,"1300,432852795417","0,0","0,0"
2030-07-14 14:00:00,"1733,9104703938892","0,0","433,4776175984723"
2030-07-14 15:00:00,"1733,9104703938892","0,0","0,0"
2030-07-14 16:00:00,"1733,9104703938892","0,0","0,0"
2030-07-14 17:00:00,"1733,9104703938892","0,0","0,0"
2030-07-14 18:00:00,"1407,6979858433133","293,59123609551835","0,0"
2030-07-14 19:00:00,"926,0561885116774","433,4776175984723","0,0"
2030-07-14 20:00:00,"481,6417973316359","399,97295206203734","0,0"
2030-07-14 21:00:00,"481,6417973316359","0,0","0,0"
2030-07-14 22:00:00,"481,6417973316359","0,0","0,0"
2030-07-14 23:00:00,"481,6417973316359","0,0","0,0"
2030-07-15 00:00:00,"481,6417973316359","0,0","0,0"
2030-07-15 01:00:00,"481,6417973316359","0,0","0,0"
2030-07-15 02:00:00,"481,6417973316359","0,0","0,0"
2030-07-15 03:00:00,"481,6417973316359","0,0","0,0"
2030-07-15 04:00:00,"481,6417973316359","0,0","0,0"
2030-07-15 05:00:00,"0,0","433,4776175984723","0,0"
2030-07-15 06:00:00,"0,0","0,0","0,0"
2030-07-15 07:00:00,"0,0","0,0","0,0"
2030-07-15 08:00:00,"0,0","0,0","0,0"
2030-07-15 09:00:00,"14,992687127767397","0,0","14,992687127767397"
2030-07-15 10:00:00,"433,4776175984723","0,0","418,4849304707049"
2030-07-15 11:00:00,"866,9552351969446","0,0","433,4776175984723"
2030-07-15 12:00:00,"1300,432852795417","0,0","433,4776175984723"
2030-07-15 13:00:00,"1733,9104703938892","0,0","433,4776175984723"
2030-07-15 14:00:00,"1733,9104703938892","0,0","0,0"
2030-07-15 15:00:00,"1733,9104703938892","0,0","0,0"
2030-07-15 16:00:00,"1733,9104703938892","0,0","0,0"
2030-07-15 17:00:00,"1733,9104703938892","0,0","0,0"
2030-07-15 18:00:00,"1252,2686730622534","433,4776175984723","0,0"
2030-07-15 19:00:00,"770,6268757306175","433,4776175984723","0,0"
2030-07-15 20:00:00,"288,98507839898156","433,4776175984723","0,0"
2030-07-15 21:00:00,"288,98507839898156","0,0","0,0"
2030-07-15 22:00:00,"288,98507839898156","0,0","0,0"
2030-07-15 23:00:00,"288,98507839898156","0,0","0,0"
2030-07-16 00:00:00,"288,98507839898156","0,0","0,0"
2030-07-16 01:00:00,"288,98507839898156","0,0","0,0"
2030-07-16 02:00:00,"288,98507839898156","0,0","0,0"
2030-07-16 03:00:00,"288,98507839898156","0,0","0,0"
2030-07-16 04:00:00,"288,98507839898156","0,0","0,0"
2030-07-16 05:00:00,"0,0","260,0865705590834","0,0"
2030-07-16 06:00:00,"0,0","0,0","0,0"
2030-07-16 07:00:00,"0,0","0,0","0,0"
2030-07-16 08:00:00,"0,0","0,0","0,0"
2030-07-16 09:00:00,"0,0","0,0","0,0"
2030-07-16 10:00:00,"433,4776175984723","0,0","433,4776175984723"
2030-07-16 11:00:00,"866,9552351969446","0,0","433,4776175984723"
2030-07-16 12:00:00,"1300,432852795417","0,0","433,4776175984723"
2030-07-16 13:00:00,"1733,9104703938892","0,0","433,4776175984723"
2030-07-16 14:00:00,"1733,9104703938892","0,0","0,0"
2030-07-16 15:00:00,"1733,9104703938892","0,0","0,0"
2030-07-16 16:00:00,"1733,9104703938892","0,0","0,0"
2030-07-16 17:00:00,"1733,9104703938892","0,0","0,0"
2030-07-16 18:00:00,"1252,2686730622534","433,4776175984723","0,0"
2030-07-16 19:00:00,"770,6268757306175","433,4776175984723","0,0"
2030-07-16 20:00:00,"288,98507839898156","433,4776175984723","0,0"
2030-07-16 21:00:00,"0,0","260,0865705590834","0,0"
2030-07-16 22:00:00,"0,0","0,0","0,0"
2030-07-16 23:00:00,"0,0","0,0","0,0"
2030-07-17 00:00:00,"0,0","0,0","0,0"
2030-07-17 01:00:00,"0,0","0,0","0,0"
2030-07-17 02:00:00,"0,0","0,0","0,0"
2030-07-17 03:00:00,"0,0","0,0","0,0"
2030-07-17 04:00:00,"0,0","0,0","0,0"
2030-07-17 05:00:00,"0,0","0,0","0,0"
2030-07-17 06:00:00,"0,0","0,0","0,0"
2030-07-17 07:00:00,"0,0","0,0","0,0"
2030-07-17 08:00:00,"0,0","0,0","0,0"
2030-07-17 09:00:00,"330,353016470024","0,0","330,353016470024"
2030-07-17 10:00:00,"763,8306340684962","0,0","433,4776175984723"
2030-07-17 11:00:00,"1197,3082516669685","0,0","433,4776175984723"
2030-07-17 12:00:00,"1197,3082516669685","0,0","0,0"
2030-07-17 13:00:00,"1630,7858692654409","0,0","433,4776175984723"
2030-07-17 14:00:00,"1733,9104703938892","0,0","103,12460112844838"
2030-07-17 15:00:00,"1733,9104703938892","0,0","0,0"
2030-07-17 16:00:00,"1733,9104703938892","0,0","0,0"
2030-07-17 17:00:00,"1481,0373023505779","227,58585123898024","0,0"
2030-07-17 18:00:00,"999,395505018942","433,4776175984723","0,0"
2030-07-17 19:00:00,"517,7537076873061","433,4776175984723","0,0"
2030-07-17 20:00:00,"36,111910355670204","433,4776175984723","0,0"
2030-07-17 21:00:00,"0,0","32,50071932010318","0,0"
2030-07-17 22:00:00,"0,0","0,0","0,0"
2030-07-17 23:00:00,"0,0","0,0","0,0"
2030-07-18 00:00:00,"0,0","0,0","0,0"
2030-07-18 01:00:00,"0,0","0,0","0,0"
2030-07-18 02:00:00,"0,0","0,0","0,0"
2030-07-18 03:00:00,"0,0","0,0","0,0"
2030-07-18 04:00:00,"0,0","0,0","0,0"
2030-07-18 05:00:00,"63,22977182950662","0,0","63,22977182950662"
2030-07-18 06:00:00,"0,0","56,90679464655595","0,0"
2030-07-18 07:00:00,"0,0","0,0","0,0"
2030-07-18 08:00:00,"178,40516477918408","0,0","178,40516477918408"
2030-07-18 09:00:00,"178,40516477918408","0,0","0,0"
2030-07-18 10:00:00,"611,8827823776564","0,0","433,4776175984723"
2030-07-18 11:00:00,"1045,3603999761287","0,0","433,4776175984723"
2030-07-18 12:00:00,"1045,3603999761287","0,0","0,0"
2030-07-18 13:00:00,"1478,838017574601","0,0","433,4776175984723"
2030-07-18 14:00:00,"1478,838017574601","0,0","0,0"
2030-07-18 15:00:00,"1733,9104703938892","0,0","255,07245281928817"
2030-07-18 16:00:00,"1733,9104703938892","0,0","0,0"
2030-07-18 17:00:00,"1733,9104703938892","0,0","0,0"
2030-07-18 18:00:00,"1733,9104703938892","0,0","0,0"
2030-07-18 19:00:00,"1306,3822769721382","384,77537407957584","0,0"
2030-07-18 20:00:00,"869,588639092234","393,1142740919137","0,0"
2030-07-18 21:00:00,"1011,4477743964355","0,0","141,85913530420152"
2030-07-18 22:00:00,"1011,4477743964355","0,0","0,0"
2030-07-18 23:00:00,"1444,9253919949078","0,0","433,4776175984723"
2030-07-19 00:00:00,"1444,9253919949078","0,0","0,0"
2030-07-19 01:00:00,"1444,9253919949078","0,0","0,0"
2030-07-19 02:00:00,"1444,9253919949078","0,0","0,0"
2030-07-19 03:00:00,"1444,9253919949078","0,0","0,0"
2030-07-19 04:00:00,"963,2835946632719","433,4776175984723","0,0"
2030-07-19 05:00:00,"481,6417973316359","433,4776175984723","0,0"
2030-07-19 06:00:00,"0,0","433,4776175984723","0,0"
2030-07-19 07:00:00,"0,0","0,0","0,0"
2030-07-19 08:00:00,"72,75307259427366","0,0","72,75307259427366"
2030-07-19 09:00:00,"506,23069019274595","0,0","433,4776175984723"
2030-07-19 10:00:00,"939,7083077912182","0,0","433,4776175984723"
2030-07-19 11:00:00,"1373,1859253896905","0,0","433,4776175984723"
2030-07-19 12:00:00,"1733,9104703938892","0,0","360,7245450041987"
2030-07-19 13:00:00,"1733,9104703938892","0,0","0,0"
2030-07-19 14:00:00,"1733,9104703938892","0,0","0,0"
2030-07-19 15:00:00,"1733,9104703938892","0,0","0,0"
2030-07-19 16:00:00,"1733,9104703938892","0,0","0,0"
2030-07-19 17:00:00,"1444,9253919949078","260,0865705590832","0,0"
2030-07-19 18:00:00,"963,2835946632719","433,4776175984723","0,0"
2030-07-19 19:00:00,"481,6417973316359","433,4776175984723","0,0"
2030-07-19 20:00:00,"0,0","433,4776175984723","0,0"
2030-07-19 21:00:00,"0,0","0,0","0,0"
2030-07-19 22:00:00,"433,4776175984723","0,0","433,4776175984723"
2030-07-19 23:00:00,"373,9348173798059","53,58852019679976","0,0"
2030-07-20 00:00:00,"373,9348173798059","0,0","0,0"
2030-07-20 01:00:00,"0,0","336,5413356418253","0,0"
2030-07-20 02:00:00,"0,0","0,0","0,0"
2030-07-20 03:00:00,"0,0","0,0","0,0"
2030-07-20 04:00:00,"323,5891324580801","0,0","323,5891324580801"
2030-07-20 05:00:00,"180,15507802370004","129,09064899094204","0,0"
2030-07-20 06:00:00,"0,0","162,13957022133002","0,0"
2030-07-20 07:00:00,"0,0","0,0","0,0"
2030-07-20 08:00:00,"433,4776175984723","0,0","433,4776175984723"
2030-07-20 09:00:00,"866,9552351969446","0,0","433,4776175984723"
2030-07-20 10:00:00,"580,7305149858173","433,4776175984723","195,41707712050862"
2030-07-20 11:00:00,"351,13221236268623","433,4776175984723","252,04349470850485"
2030-07-20 12:00:00,"784,6098299611585","0,0","433,4776175984723"
2030-07-20 13:00:00,"962,1616855363484","0,0","177,55185557518985"
2030-07-20 14:00:00,"1395,6393031348207","0,0","433,4776175984723"
2030-07-20 15:00:00,"1733,9104703938892","0,0","338,2711672590685"
2030-07-20 16:00:00,"1733,9104703938892","0,0","0,0"
2030-07-20 17:00:00,"1733,9104703938892","0,0","0,0"
2030-07-20 18:00:00,"1356,7647515249412","339,4311469820532","0,0"
2030-07-20 19:00:00,"1241,621215857299","103,62918210087797","0,0"
2030-07-20 20:00:00,"936,7288650216428","274,4031157520904","0,0"
2030-07-20 21:00:00,"455,0870676900069","433,4776175984723","0,0"
2030-07-20 22:00:00,"455,0870676900069","0,0","0,0"
2030-07-20 23:00:00,"0,0","409,5783609210062","0,0"
2030-07-21 00:00:00,"0,0","0,0","0,0"
2030-07-21 01:00:00,"0,0","0,0","0,0"
2030-07-21 02:00:00,"0,0","0,0","0,0"
2030-07-21 03:00:00,"0,0","0,0","0,0"
2030-07-21 04:00:00,"0,0","0,0","0,0"
2030-07-21 05:00:00,"0,0","0,0","0,0"
2030-07-21 06:00:00,"0,0","0,0","0,0"
2030-07-21 07:00:00,"0,0","0,0","0,0"
2030-07-21 08:00:00,"0,0","0,0","0,0"
2030-07-21 09:00:00,"433,4776175984723","0,0","433,4776175984723"
2030-07-21 10:00:00,"433,4776175984723","0,0","0,0"
2030-07-21 11:00:00,"433,4776175984723","0,0","0,0"
2030-07-21 12:00:00,"866,9552351969446","0,0","433,4776175984723"
2030-07-21 13:00:00,"1300,432852795417","0,0","433,4776175984723"
2030-07-21 14:00:00,"1733,9104703938892","0,0","433,4776175984723"
2030-07-21 15:00:00,"1733,9104703938892","0,0","0,0"
2030-07-21 16:00:00,"1733,9104703938892","0,0","0,0"
2030-07-21 17:00:00,"1733,9104703938892","0,0","0,0"
2030-07-21 18:00:00,"1444,9253919949078","260,0865705590832","0,0"
2030-07-21 19:00:00,"1444,9253919949078","0,0","0,0"
2030-07-21 20:00:00,"963,2835946632719","433,4776175984723","0,0"
2030-07-21 21:00:00,"963,2835946632719","0,0","0,0"
2030-07-21 22:00:00,"963,2835946632719","0,0","0,0"
2030-07-21 23:00:00,"963,2835946632719","0,0","0,0"
2030-07-22 00:00:00,"963,2835946632719","0,0","0,0"
2030-07-22 01:00:00,"963,2835946632719","0,0","0,0"
2030-07-22 02:00:00,"963,2835946632719","0,0","0,0"
2030-07-22 03:00:00,"963,2835946632719","0,0","0,0"
2030-07-22 04:00:00,"963,2835946632719","0,0","0,0"
2030-07-22 05:00:00,"481,6417973316359","433,4776175984723","0,0"
2030-07-22 06:00:00,"0,0","433,4776175984723","0,0"
2030-07-22 07:00:00,"0,0","0,0","0,0"
2030-07-22 08:00:00,"0,0","0,0","0,0"
2030-07-22 09:00:00,"275,0989433617936","0,0","275,0989433617936"
2030-07-22 10:00:00,"433,4776175984723","0,0","158,3786742366787"
2030-07-22 11:00:00,"866,9552351969446","0,0","433,4776175984723"
2030-07-22 12:00:00,"1300,432852795417","0,0","433,4776175984723"
2030-07-22 13:00:00,"1733,9104703938892","0,0","433,4776175984723"
2030-07-22 14:00:00,"1733,9104703938892","0,0","0,0"
2030-07-22 15:00:00,"1733,9104703938892","0,0","0,0"
2030-07-22 16:00:00,"1733,9104703938892","0,0","0,0"
2030-07-22 17:00:00,"1444,9253919949078","260,0865705590832","0,0"
2030-07-22 18:00:00,"963,2835946632719","433,4776175984723","0,0"
2030-07-22 19:00:00,"481,6417973316359","433,4776175984723","0,0"
2030-07-22 20:00:00,"0,0","433,4776175984723","0,0"
2030-07-22 21:00:00,"0,0","0,0","0,0"
2030-07-22 22:00:00,"0,0","0,0","0,0"
2030-07-22 23:00:00,"0,0","0,0","0,0"
2030-07-23 00:00:00,"0,0","0,0","0,0"
2030-07-23 01:00:00,"433,4776175984723","0,0","433,4776175984723"
2030-07-23 02:00:00,"481,6417973316359","0,0","48,16417973316362"
2030-07-23 03:00:00,"481,6417973316359","0,0","0,0"
2030-07-23 04:00:00,"481,6417973316359","0,0","0,0"
2030-07-23 05:00:00,"0,0","433,4776175984723","0,0"
2030-07-23 06:00:00,"0,0","0,0","0,0"
2030-07-23 07:00:00,"0,0","0,0","0,0"
2030-07-23 08:00:00,"0,0","0,0","0,0"
2030-07-23 09:00:00,"0,0","0,0","0,0"
2030-07-23 10:00:00,"433,4776175984723","0,0","433,4776175984723"
2030-07-23 11:00:00,"433,4776175984723","0,0","0,0"
2030-07-23 12:00:00,"866,9552351969446","0,0","433,4776175984723"
2030-07-23 13:00:00,"1300,432852795417","0,0","433,4776175984723"
2030-07-23 14:00:00,"1733,9104703938892","0,0","433,4776175984723"
2030-07-23 15:00:00,"1733,9104703938892","0,0","0,0"
2030-07-23 16:00:00,"1733,9104703938892","0,0","0,0"
2030-07-23 17:00:00,"1733,9104703938892","0,0","0,0"
2030-07-23 18:00:00,"1733,9104703938892","0,0","0,0"
2030-07-23 19:00:00,"1733,9104703938892","0,0","0,0"
2030-07-23 20:00:00,"1252,2686730622534","433,4776175984723","0,0"
2030-07-23 21:00:00,"876,3558402462409","338,3215495344113","0,0"
2030-07-23 22:00:00,"631,0899962625342","220,73925958533596","0,0"
2030-07-23 23:00:00,"631,0899962625342","0,0","0,0"
2030-07-24 00:00:00,"1064,5676138610065","0,0","433,4776175984723"
2030-07-24 01:00:00,"1064,5676138610065","0,0","0,0"
2030-07-24 02:00:00,"1064,5676138610065","0,0","0,0"
2030-07-24 03:00:00,"1064,5676138610065","0,0","0,0"
2030-07-24 04:00:00,"582,9258165293706","433,4776175984723","0,0"
2030-07-24 05:00:00,"101,28401919773472","433,4776175984723","0,0"
2030-07-24 06:00:00,"0,0","91,15561727796124","0,0"
2030-07-24 07:00:00,"0,0","0,0","0,0"
2030-07-24 08:00:00,"433,4776175984723","0,0","433,4776175984723"
2030-07-24 09:00:00,"866,9552351969446","0,0","433,4776175984723"
2030-07-24 10:00:00,"866,9552351969446","0,0","0,0"
2030-07-24 11:00:00,"1300,432852795417","0,0","433,4776175984723"
2030-07-24 12:00:00,"1300,432852795417","0,0","0,0"
2030-07-24 13:00:00,"1300,432852795417","0,0","0,0"
2030-07-24 14:00:00,"1733,9104703938892","0,0","433,4776175984723"
2030-07-24 15:00:00,"1733,9104703938892","0,0","0,0"
2030-07-24 16:00:00,"1733,9104703938892","0,0","0,0"
2030-07-24 17:00:00,"1733,9104703938892","0,0","0,0"
2030-07-24 18:00:00,"1252,2686730622534","433,4776175984723","0,0"
2030-07-24 19:00:00,"770,6268757306175","433,4776175984723","0,0"
2030-07-24 20:00:00,"341,5729720971094","386,14851327015725","0,0"
2030-07-24 21:00:00,"341,5729720971094","0,0","0,0"
2030-07-24 22:00:00,"0,0","307,41567488739844","0,0"
2030-07-24 23:00:00,"0,0","0,0","0,0"
2030-07-25 00:00:00,"0,0","0,0","0,0"
2030-07-25 01:00:00,"0,0","0,0","0,0"
2030-07-25 02:00:00,"0,0","0,0","0,0"
2030-07-25 03:00:00,"0,0","0,0","0,0"
2030-07-25 04:00:00,"0,0","0,0","0,0"
2030-07-25 05:00:00,"0,0","0,0","0,0"
2030-07-25 06:00:00,"0,0","0,0","0,0"
2030-07-25 07:00:00,"0,0","0,0","0,0"
2030-07-25 08:00:00,"433,4776175984723","0,0","433,4776175984723"
2030-07-25 09:00:00,"866,9552351969446","0,0","433,4776175984723"
2030-07-25 10:00:00,"866,9552351969446","0,0","0,0"
2030-07-25 11:00:00,"1300,432852795417","0,0","433,4776175984723"
2030-07-25 12:00:00,"1733,9104703938892","0,0","433,4776175984723"
2030-07-25 13:00:00,"1733,9104703938892","0,0","0,0"
2030-07-25 14:00:00,"1733,9104703938892","0,0","0,0"
2030-07-25 15:00:00,"1733,9104703938892","0,0","0,0"
2030-07-25 16:00:00,"1733,9104703938892","0,0","0,0"
2030-07-25 17:00:00,"1733,9104703938892","0,0","0,0"
2030-07-25 18:00:00,"1733,9104703938892","0,0","0,0"
2030-07-25 19:00:00,"1252,2686730622534","433,4776175984723","0,0"
2030-07-25 20:00:00,"1252,2686730622534","0,0","0,0"
2030-07-25 21:00:00,"1252,2686730622534","0,0","0,0"
2030-07-25 22:00:00,"1252,2686730622534","0,0","0,0"
2030-07-25 23:00:00,"1252,2686730622534","0,0","0,0"
2030-07-26 00:00:00,"1252,2686730622534","0,0","0,0"
2030-07-26 01:00:00,"1252,2686730622534","0,0","0,0"
2030-07-26 02:00:00,"1252,2686730622534","0,0","0,0"
2030-07-26 03:00:00,"1252,2686730622534","0,0","0,0"
2030-07-26 04:00:00,"770,6268757306175","433,4776175984723","0,0"
2030-07-26 05:00:00,"288,98507839898156","433,4776175984723","0,0"
2030-07-26 06:00:00,"0,0","260,0865705590834","0,0"
2030-07-26 07:00:00,"0,0","0,0","0,0"
2030-07-26 08:00:00,"0,0","0,0","0,0"
2030-07-26 09:00:00,"0,0","0,0","0,0"
2030-07-26 10:00:00,"433,4776175984723","0,0","433,4776175984723"
2030-07-26 11:00:00,"837,0498445747248","0,0","403,5722269762526"
2030-07-26 12:00:00,"1270,5274621731971","0,0","433,4776175984723"
2030-07-26 13:00:00,"1704,0050797716694","0,0","433,4776175984723"
2030-07-26 14:00:00,"1733,9104703938892","0,0","29,905390622219784"
2030-07-26 15:00:00,"1733,9104703938892","0,0","0,0"
2030-07-26 16:00:00,"1733,9104703938892","0,0","0,0"
2030-07-26 17:00:00,"1426,4308303415394","276,73167604711483","0,0"
2030-07-26 18:00:00,"1357,5132484909423","62,0258236655373","0,0"
2030-07-26 19:00:00,"1357,5132484909423","0,0","0,0"
2030-07-26 20:00:00,"875,8714511593064","433,4776175984723","0,0"
2030-07-26 21:00:00,"394,22965382767046","433,4776175984723","0,0"
2030-07-26 22:00:00,"0,0","354,8066884449034","0,0"
2030-07-26 23:00:00,"0,0","0,0","0,0"
2030-07-27 00:00:00,"0,0","0,0","0,0"
2030-07-27 01:00:00,"0,0","0,0","0,0"
2030-07-27 02:00:00,"0,0","0,0","0,0"
2030-07-27 03:00:00,"0,0","0,0","0,0"
2030-07-27 04:00:00,"0,0","0,0","0,0"
2030-07-27 05:00:00,"0,0","0,0","0,0"
2030-07-27 06:00:00,"0,0","0,0","0,0"
2030-07-27 07:00:00,"0,0","0,0","0,0"
2030-07-27 08:00:00,"0,0","0,0","0,0"
2030-07-27 09:00:00,"0,0","0,0","0,0"
2030-07-27 10:00:00,"433,4776175984723","0,0","433,4776175984723"
2030-07-27 11:00:00,"433,4776175984723","0,0","0,0"
2030-07-27 12:00:00,"866,9552351969446","0,0","433,4776175984723"
2030-07-27 13:00:00,"866,9552351969446","0,0","0,0"
2030-07-27 14:00:00,"1300,432852795417","0,0","433,4776175984723"
2030-07-27 15:00:00,"1733,9104703938892","0,0","433,4776175984723"
2030-07-27 16:00:00,"1733,9104703938892","0,0","0,0"
2030-07-27 17:00:00,"1733,9104703938892","0,0","0,0"
2030-07-27 18:00:00,"1252,2686730622534","433,4776175984723","0,0"
2030-07-27 19:00:00,"770,6268757306175","433,4776175984723","0,0"
2030-07-27 20:00:00,"433,4776175984723","303,4343323189307","0,0"
2030-07-27 21:00:00,"433,4776175984723","0,0","0,0"
2030-07-27 22:00:00,"866,9552351969446","0,0","433,4776175984723"
2030-07-27 23:00:00,"1300,432852795417","0,0","433,4776175984723"
2030-07-28 00:00:00,"1733,9104703938892","0,0","433,4776175984723"
2030-07-28 01:00:00,"1732,5050745571007","1,2648562531097014","0,0"
2030-07-28 02:00:00,"1732,5050745571007","0,0","0,0"
2030-07-28 03:00:00,"1395,8449492439527","302,99411278183317","0,0"
2030-07-28 04:00:00,"914,2031519123168","433,4776175984723","0,0"
2030-07-28 05:00:00,"432,5613545806809","433,4776175984723","0,0"
2030-07-28 06:00:00,"0,0","389,3052191226128","0,0"
2030-07-28 07:00:00,"0,0","0,0","0,0"
2030-07-28 08:00:00,"0,0","0,0","0,0"
2030-07-28 09:00:00,"433,4776175984723","0,0","433,4776175984723"
2030-07-28 10:00:00,"258,60325142424716","157,3869295568026","0,0"
2030-07-28 11:00:00,"258,60325142424716","0,0","0,0"
2030-07-28 12:00:00,"258,60325142424716","0,0","0,0"
2030-07-28 13:00:00,"692,0808690227195","0,0","433,4776175984723"
2030-07-28 14:00:00,"1125,5584866211918","0,0","433,4776175984723"
2030-07-28 15:00:00,"1559,0361042196641","0,0","433,4776175984723"
2030-07-28 16:00:00,"1733,9104703938892","0,0","174,8743661742251"
2030-07-28 17:00:00,"1733,9104703938892","0,0","0,0"
2030-07-28 18:00:00,"1733,9104703938892","0,0","0,0"
2030-07-28 19:00:00,"1705,5392161303778","25,534128837160324","0,0"
2030-07-28 20:00:00,"1358,4795363790658","312,35371177618066","0,0"
2030-07-28 21:00:00,"963,2835946632719","355,6763475442146","0,0"
2030-07-28 22:00:00,"963,2835946632719","0,0","0,0"
2030-07-28 23:00:00,"963,2835946632719","0,0","0,0"
2030-07-29 00:00:00,"963,2835946632719","0,0","0,0"
2030-07-29 01:00:00,"963,2835946632719","0,0","0,0"
2030-07-29 02:00:00,"963,2835946632719","0,0","0,0"
2030-07-29 03:00:00,"963,2835946632719","0,0","0,0"
2030-07-29 04:00:00,"963,2835946632719","0,0","0,0"
2030-07-29 05:00:00,"481,6417973316359","433,4776175984723","0,0"
2030-07-29 06:00:00,"0,0","433,4776175984723","0,0"
2030-07-29 07:00:00,"0,0","0,0","0,0"
2030-07-29 08:00:00,"51,12477965491048","0,0","51,12477965491048"
2030-07-29 09:00:00,"51,12477965491048","0,0","0,0"
2030-07-29 10:00:00,"51,12477965491048","0,0","0,0"
2030-07-29 11:00:00,"133,06952804629327","0,0","81,94474839138279"
2030-07-29 12:00:00,"566,5471456447656","0,0","433,4776175984723"
2030-07-29 13:00:00,"1000,0247632432379","0,0","433,4776175984723"
2030-07-29 14:00:00,"1000,0247632432379","0,0","0,0"
2030-07-29 15:00:00,"1177,715880105496","0,0","177,69111686225796"
2030-07-29 16:00:00,"1611,1934977039682","0,0","433,4776175984723"
2030-07-29 17:00:00,"1444,9253919949078","149,64129513815436","0,0"
2030-07-29 18:00:00,"963,2835946632719","433,4776175984723","0,0"
2030-07-29 19:00:00,"481,6417973316359","433,4776175984723","0,0"
2030-07-29 20:00:00,"0,0","433,4776175984723","0,0"
2030-07-29 21:00:00,"0,0","0,0","0,0"
2030-07-29 22:00:00,"0,0","0,0","0,0"
2030-07-29 23:00:00,"0,0","0,0","0,0"
2030-07-30 00:00:00,"0,0","0,0","0,0"
2030-07-30 01:00:00,"433,4776175984723","0,0","433,4776175984723"
2030-07-30 02:00:00,"866,9552351969446","0,0","433,4776175984723"
2030-07-30 03:00:00,"963,2835946632719","0,0","96,32835946632724"
2030-07-30 04:00:00,"481,6417973316359","433,4776175984723","0,0"
2030-07-30 05:00:00,"0,0","433,4776175984723","0,0"
2030-07-30 06:00:00,"0,0","0,0","0,0"
2030-07-30 07:00:00,"0,0","0,0","0,0"
2030-07-30 08:00:00,"433,4776175984723","0,0","433,4776175984723"
2030-07-30 09:00:00,"866,9552351969446","0,0","433,4776175984723"
2030-07-30 10:00:00,"1300,432852795417","0,0","433,4776175984723"
2030-07-30 11:00:00,"1252,2686730622534","433,4776175984723","433,4776175984723"
2030-07-30 12:00:00,"1204,1044933290898","433,4776175984723","433,4776175984723"
2030-07-30 13:00:00,"1637,582110927562","0,0","433,4776175984723"
2030-07-30 14:00:00,"1733,9104703938892","0,0","96,32835946632713"
2030-07-30 15:00:00,"1733,9104703938892","0,0","0,0"
2030-07-30 16:00:00,"1733,9104703938892","0,0","0,0"
2030-07-30 17:00:00,"1733,9104703938892","0,0","0,0"
2030-07-30 18:00:00,"1733,9104703938892","0,0","0,0"
2030-07-30 19:00:00,"1733,9104703938892","0,0","0,0"
2030-07-30 20:00:00,"1733,9104703938892","0,0","0,0"
2030-07-30 21:00:00,"1321,3773763895576","371,2797846038984","0,0"
2030-07-30 22:00:00,"1321,3773763895576","0,0","0,0"
2030-07-30 23:00:00,"1321,3773763895576","0,0","0,0"
2030-07-31 00:00:00,"1321,3773763895576","0,0","0,0"
2030-07-31 01:00:00,"1321,3773763895576","0,0","0,0"
2030-07-31 02:00:00,"1321,3773763895576","0,0","0,0"
2030-07-31 03:00:00,"1321,3773763895576","0,0","0,0"
2030-07-31 04:00:00,"839,7355790579218","433,4776175984723","0,0"
2030-07-31 05:00:00,"358,0937817262858","433,4776175984723","0,0"
2030-07-31 06:00:00,"0,0","322,28440355365717","0,0"
2030-07-31 07:00:00,"0,0","0,0","0,0"
2030-07-31 08:00:00,"0,0","0,0","0,0"
2030-07-31 09:00:00,"0,0","0,0","0,0"
2030-07-31 10:00:00,"433,4776175984723","0,0","433,4776175984723"
2030-07-31 11:00:00,"866,9552351969446","0,0","433,4776175984723"
2030-07-31 12:00:00,"1300,432852795417","0,0","433,4776175984723"
2030-07-31 13:00:00,"1733,9104703938892","0,0","433,4776175984723"
2030-07-31 14:00:00,"1733,9104703938892","0,0","0,0"
2030-07-31 15:00:00,"1733,9104703938892","0,0","0,0"
2030-07-31 16:00:00,"1733,9104703938892","0,0","0,0"
2030-07-31 17:00:00,"1252,2686730622534","433,4776175984723","0,0"
2030-07-31 18:00:00,"770,6268757306175","433,4776175984723","0,0"
2030-07-31 19:00:00,"288,98507839898156","433,4776175984723","0,0"
2030-07-31 20:00:00,"0,0","260,0865705590834","0,0"
2030-07-31 21:00:00,"0,0","0,0","0,0"
2030-07-31 22:00:00,"0,0","0,0","0,0"
2030-07-31 23:00:00,"0,0","0,0","0,0"
2030-08-01 00:00:00,"0,0","0,0","0,0"
2030-08-01 01:00:00,"433,4776175984723","0,0","433,4776175984723"
2030-08-01 02:00:00,"866,9552351969446","0,0","433,4776175984723"
2030-08-01 03:00:00,"927,5463203344732","0,0","60,59108513752858"
2030-08-01 04:00:00,"445,9045230028373","433,4776175984723","0,0"
2030-08-01 05:00:00,"409,38398248718045","32,86848646409116","0,0"
2030-08-01 06:00:00,"141,44301848450678","241,14686760240625","0,0"
2030-08-01 07:00:00,"141,44301848450678","0,0","0,0"
2030-08-01 08:00:00,"0,0","127,29871663605608","0,0"
2030-08-01 09:00:00,"0,0","0,0","0,0"
2030-08-01 10:00:00,"433,4776175984723","0,0","433,4776175984723"
2030-08-01 11:00:00,"866,9552351969446","0,0","433,4776175984723"
2030-08-01 12:00:00,"1300,432852795417","0,0","433,4776175984723"
2030-08-01 13:00:00,"1733,9104703938892","0,0","433,4776175984723"
2030-08-01 14:00:00,"1733,9104703938892","0,0","0,0"
2030-08-01 15:00:00,"1733,9104703938892","0,0","0,0"
2030-08-01 16:00:00,"1733,9104703938892","0,0","0,0"
2030-08-01 17:00:00,"1733,9104703938892","0,0","0,0"
2030-08-01 18:00:00,"1252,2686730622534","433,4776175984723","0,0"
2030-08-01 19:00:00,"770,6268757306175","433,4776175984723","0,0"
2030-08-01 20:00:00,"288,98507839898156","433,4776175984723","0,0"
2030-08-01 21:00:00,"106,80800453715469","163,95936647564417","0,0"
2030-08-01 22:00:00,"106,80800453715469","0,0","0,0"
2030-08-01 23:00:00,"106,80800453715469","0,0","0,0"
2030-08-02 00:00:00,"106,80800453715469","0,0","0,0"
2030-08-02 01:00:00,"62,78615290810359","39,619666466145986","0,0"
2030-08-02 02:00:00,"62,78615290810359","0,0","0,0"
2030-08-02 03:00:00,"302,0785375189378","0,0","239,29238461083423"
2030-08-02 04:00:00,"286,8154645086476","13,736765709261206","0,0"
2030-08-02 05:00:00,"345,0990316749345","0,0","58,283567166286915"
2030-08-02 06:00:00,"0,0","310,58912850744105","0,0"
2030-08-02 07:00:00,"0,0","0,0","0,0"
2030-08-02 08:00:00,"0,0","0,0","0,0"
2030-08-02 09:00:00,"0,0","0,0","0,0"
2030-08-02 10:00:00,"433,4776175984723","0,0","433,4776175984723"
2030-08-02 11:00:00,"866,9552351969446","0,0","433,4776175984723"
2030-08-02 12:00:00,"1300,432852795417","0,0","433,4776175984723"
2030-08-02 13:00:00,"1733,9104703938892","0,0","433,4776175984723"
2030-08-02 14:00:00,"1733,9104703938892","0,0","0,0"
2030-08-02 15:00:00,"1733,9104703938892","0,0","0,0"
2030-08-02 16:00:00,"1733,9104703938892","0,0","0,0"
2030-08-02 17:00:00,"1252,2686730622534","433,4776175984723","0,0"
2030-08-02 18:00:00,"770,6268757306175","433,4776175984723","0,0"
2030-08-02 19:00:00,"288,98507839898156","433,4776175984723","0,0"
2030-08-02 20:00:00,"0,0","260,0865705590834","0,0"
2030-08-02 21:00:00,"0,0","0,0","0,0"
2030-08-02 22:00:00,"0,0","0,0","0,0"
2030-08-02 23:00:00,"0,0","0,0","0,0"
2030-08-03 00:00:00,"0,0","0,0","0,0"
2030-08-03 01:00:00,"344,01657245634635","0,0","344,01657245634635"
2030-08-03 02:00:00,"777,4941900548187","0,0","433,4776175984723"
2030-08-03 03:00:00,"777,4941900548187","0,0","0,0"
2030-08-03 04:00:00,"699,3430790041045","70,33599994564268","0,0"
2030-08-03 05:00:00,"413,39836585600597","257,35024183328875","0,0"
2030-08-03 06:00:00,"134,66957206812688","250,8559144090912","0,0"
2030-08-03 07:00:00,"0,0","121,20261486131419","0,0"
2030-08-03 08:00:00,"148,47551842104298","0,0","148,47551842104298"
2030-08-03 09:00:00,"581,9531360195153","0,0","433,4776175984723"
2030-08-03 10:00:00,"1015,4307536179876","0,0","433,4776175984723"
2030-08-03 11:00:00,"1095,3630172014343","0,0","79,93226358344668"
2030-08-03 12:00:00,"1308,210247391709","0,0","212,8472301902745"
2030-08-03 13:00:00,"1552,9486442865214","0,0","244,73839689481252"
2030-08-03 14:00:00,"1733,9104703938892","0,0","180,96182610736793"
2030-08-03 15:00:00,"1733,9104703938892","0,0","0,0"
2030-08-03 16:00:00,"1252,2686730622534","433,4776175984723","0,0"
2030-08-03 17:00:00,"826,4641264082541","383,22409198859935","0,0"
2030-08-03 18:00:00,"826,4641264082541","0,0","0,0"
2030-08-03 19:00:00,"1259,9417440067264","0,0","433,4776175984723"
2030-08-03 20:00:00,"1232,8105981868457","24,41803123789269","0,0"
2030-08-03 21:00:00,"1666,288215785318","0,0","433,4776175984723"
2030-08-03 22:00:00,"1733,9104703938892","0,0","67,62225460857128"
2030-08-03 23:00:00,"1430,1459511021385","273,38806736257567","0,0"
2030-08-04 00:00:00,"1430,1459511021385","0,0","0,0"
2030-08-04 01:00:00,"988,8312995308958","397,1831864141183","0,0"
2030-08-04 02:00:00,"603,1982989075013","347,06970056105496","0,0"
2030-08-04 03:00:00,"481,6417973316359","109,40085141827892","0,0"
2030-08-04 04:00:00,"0,0","433,4776175984723","0,0"
2030-08-04 05:00:00,"0,0","0,0","0,0"
2030-08-04 06:00:00,"0,0","0,0","0,0"
2030-08-04 07:00:00,"0,0","0,0","0,0"
2030-08-04 08:00:00,"0,0","0,0","0,0"
2030-08-04 09:00:00,"330,03832156293066","0,0","330,03832156293066"
2030-08-04 10:00:00,"636,7013175449356","0,0","306,66299598200493"
2030-08-04 11:00:00,"1070,178935143408","0,0","433,4776175984723"
2030-08-04 12:00:00,"1497,4965028602076","0,0","427,3175677167996"
2030-08-04 13:00:00,"1733,9104703938892","0,0","236,4139675336816"
2030-08-04 14:00:00,"1733,9104703938892","0,0","0,0"
2030-08-04 15:00:00,"1733,9104703938892","0,0","0,0"
2030-08-04 16:00:00,"1733,9104703938892","0,0","0,0"
2030-08-04 17:00:00,"1733,9104703938892","0,0","0,0"
2030-08-04 18:00:00,"1444,9253919949078","260,0865705590832","0,0"
2030-08-04 19:00:00,"963,2835946632719","433,4776175984723","0,0"
2030-08-04 20:00:00,"963,2835946632719","0,0","0,0"
2030-08-04 21:00:00,"963,2835946632719","0,0","0,0"
2030-08-04 22:00:00,"963,2835946632719","0,0","0,0"
2030-08-04 23:00:00,"963,2835946632719","0,0","0,0"
2030-08-05 00:00:00,"963,2835946632719","0,0","0,0"
2030-08-05 01:00:00,"963,2835946632719","0,0","0,0"
2030-08-05 02:00:00,"963,2835946632719","0,0","0,0"
2030-08-05 03:00:00,"963,2835946632719","0,0","0,0"
2030-08-05 04:00:00,"963,2835946632719","0,0","0,0"
2030-08-05 05:00:00,"481,6417973316359","433,4776175984723","0,0"
2030-08-05 06:00:00,"0,0","433,4776175984723","0,0"
2030-08-05 07:00:00,"0,0","0,0","0,0"
2030-08-05 08:00:00,"0,0","0,0","0,0"
2030-08-05 09:00:00,"0,0","0,0","0,0"
2030-08-05 10:00:00,"261,7392974987759","0,0","261,7392974987759"
2030-08-05 11:00:00,"587,5263132994758","0,0","325,78701580069986"
2030-08-05 12:00:00,"944,8178325567796","0,0","357,29151925730395"
2030-08-05 13:00:00,"1378,295450155252","0,0","433,4776175984723"
2030-08-05 14:00:00,"1733,9104703938892","0,0","355,61502023863727"
2030-08-05 15:00:00,"1733,9104703938892","0,0","0,0"
2030-08-05 16:00:00,"1733,9104703938892","0,0","0,0"
2030-08-05 17:00:00,"1252,2686730622534","433,4776175984723","0,0"
2030-08-05 18:00:00,"770,6268757306175","433,4776175984723","0,0"
2030-08-05 19:00:00,"288,98507839898156","433,4776175984723","0,0"
2030-08-05 20:00:00,"288,98507839898156","0,0","0,0"
2030-08-05 21:00:00,"288,98507839898156","0,0","0,0"
2030-08-05 22:00:00,"288,98507839898156","0,0","0,0"
2030-08-05 23:00:00,"288,98507839898156","0,0","0,0"
2030-08-06 00:00:00,"288,98507839898156","0,0","0,0"
2030-08-06 01:00:00,"288,98507839898156","0,0","0,0"
2030-08-06 02:00:00,"288,98507839898156","0,0","0,0"
2030-08-06 03:00:00,"288,98507839898156","0,0","0,0"
2030-08-06 04:00:00,"288,98507839898156","0,0","0,0"
2030-08-06 05:00:00,"0,0","260,0865705590834","0,0"
2030-08-06 06:00:00,"0,0","0,0","0,0"
2030-08-06 07:00:00,"0,0","0,0","0,0"
2030-08-06 08:00:00,"0,0","0,0","0,0"
2030-08-06 09:00:00,"0,0","0,0","0,0"
2030-08-06 10:00:00,"97,41427920419109","0,0","97,41427920419109"
2030-08-06 11:00:00,"520,2786268561673","0,0","422,86434765197623"
2030-08-06 12:00:00,"953,7562444546396","0,0","433,4776175984723"
2030-08-06 13:00:00,"963,2835946632719","0,0","9,527350208632228"
2030-08-06 14:00:00,"963,2835946632719","0,0","0,0"
2030-08-06 15:00:00,"963,2835946632719","0,0","0,0"
2030-08-06 16:00:00,"963,2835946632719","0,0","0,0"
2030-08-06 17:00:00,"481,6417973316359","433,4776175984723","0,0"
2030-08-06 18:00:00,"0,0","433,4776175984723","0,0"
2030-08-06 19:00:00,"0,0","0,0","0,0"
2030-08-06 20:00:00,"0,0","0,0","0,0"
2030-08-06 21:00:00,"0,0","0,0","0,0"
2030-08-06 22:00:00,"0,0","0,0","0,0"
2030-08-06 23:00:00,"0,0","0,0","0,0"
2030-08-07 00:00:00,"0,0","0,0","0,0"
2030-08-07 01:00:00,"0,0","0,0","0,0"
2030-08-07 02:00:00,"0,0","0,0","0,0"
2030-08-07 03:00:00,"0,0","0,0","0,0"
2030-08-07 04:00:00,"0,0","0,0","0,0"
2030-08-07 05:00:00,"0,0","0,0","0,0"
2030-08-07 06:00:00,"0,0","0,0","0,0"
2030-08-07 07:00:00,"0,0","0,0","0,0"
2030-08-07 08:00:00,"0,0","0,0","0,0"
2030-08-07 09:00:00,"433,4776175984723","0,0","433,4776175984723"
2030-08-07 10:00:00,"866,9552351969446","0,0","433,4776175984723"
2030-08-07 11:00:00,"1300,432852795417","0,0","433,4776175984723"
2030-08-07 12:00:00,"1733,9104703938892","0,0","433,4776175984723"
2030-08-07 13:00:00,"1733,9104703938892","0,0","0,0"
2030-08-07 14:00:00,"1733,9104703938892","0,0","0,0"
2030-08-07 15:00:00,"1733,9104703938892","0,0","0,0"
2030-08-07 16:00:00,"1733,9104703938892","0,0","0,0"
2030-08-07 17:00:00,"1733,9104703938892","0,0","0,0"
2030-08-07 18:00:00,"1321,606048410109","371,0739797854022","0,0"
2030-08-07 19:00:00,"839,9642510784731","433,4776175984723","0,0"
2030-08-07 20:00:00,"358,3224537468372","433,4776175984723","0,0"
2030-08-07 21:00:00,"0,0","322,49020837215346","0,0"
2030-08-07 22:00:00,"0,0","0,0","0,0"
2030-08-07 23:00:00,"433,4776175984723","0,0","433,4776175984723"
2030-08-08 00:00:00,"866,9552351969446","0,0","433,4776175984723"
2030-08-08 01:00:00,"1300,432852795417","0,0","433,4776175984723"
2030-08-08 02:00:00,"1733,9104703938892","0,0","433,4776175984723"
2030-08-08 03:00:00,"1733,9104703938892","0,0","0,0"
2030-08-08 04:00:00,"1252,2686730622534","433,4776175984723","0,0"
2030-08-08 05:00:00,"770,6268757306175","433,4776175984723","0,0"
2030-08-08 06:00:00,"288,98507839898156","433,4776175984723","0,0"
2030-08-08 07:00:00,"0,0","260,0865705590834","0,0"
2030-08-08 08:00:00,"0,0","0,0","0,0"
2030-08-08 09:00:00,"0,0","0,0","0,0"
2030-08-08 10:00:00,"433,4776175984723","0,0","433,4776175984723"
2030-08-08 11:00:00,"866,9552351969446","0,0","433,4776175984723"
2030-08-08 12:00:00,"1300,432852795417","0,0","433,4776175984723"
2030-08-08 13:00:00,"1733,9104703938892","0,0","433,4776175984723"
2030-08-08 14:00:00,"1733,9104703938892","0,0","0,0"
2030-08-08 15:00:00,"1733,9104703938892","0,0","0,0"
2030-08-08 16:00:00,"1444,9253919949078","260,0865705590832","0,0"
2030-08-08 17:00:00,"963,2835946632719","433,4776175984723","0,0"
2030-08-08 18:00:00,"481,6417973316359","433,4776175984723","0,0"
2030-08-08 19:00:00,"0,0","433,4776175984723","0,0"
2030-08-08 20:00:00,"0,0","0,0","0,0"
2030-08-08 21:00:00,"0,0","0,0","0,0"
2030-08-08 22:00:00,"0,0","0,0","0,0"
2030-08-08 23:00:00,"144,49253919949092","0,0","144,49253919949092"
2030-08-09 00:00:00,"577,9701567979632","0,0","433,4776175984723"
2030-08-09 01:00:00,"1011,4477743964355","0,0","433,4776175984723"
2030-08-09 02:00:00,"1444,9253919949078","0,0","433,4776175984723"
2030-08-09 03:00:00,"1444,9253919949078","0,0","0,0"
2030-08-09 04:00:00,"963,2835946632719","433,4776175984723","0,0"
2030-08-09 05:00:00,"481,6417973316359","433,4776175984723","0,0"
2030-08-09 06:00:00,"0,0","433,4776175984723","0,0"
2030-08-09 07:00:00,"0,0","0,0","0,0"
2030-08-09 08:00:00,"0,0","0,0","0,0"
2030-08-09 09:00:00,"0,0","0,0","0,0"
2030-08-09 10:00:00,"433,4776175984723","0,0","433,4776175984723"
2030-08-09 11:00:00,"866,9552351969446","0,0","433,4776175984723"
2030-08-09 12:00:00,"1300,432852795417","0,0","433,4776175984723"
2030-08-09 13:00:00,"1733,9104703938892","0,0","433,4776175984723"
2030-08-09 14:00:00,"1733,9104703938892","0,0","0,0"
2030-08-09 15:00:00,"1733,9104703938892","0,0","0,0"
2030-08-09 16:00:00,"1733,9104703938892","0,0","0,0"
2030-08-09 17:00:00,"1586,9791408829703","132,23819655982692","0,0"
2030-08-09 18:00:00,"1105,3373435513345","433,4776175984723","0,0"
2030-08-09 19:00:00,"623,6955462196986","433,4776175984723","0,0"
2030-08-09 20:00:00,"142,05374888806267","433,4776175984723","0,0"
2030-08-09 21:00:00,"0,0","127,8483739992564","0,0"
2030-08-09 22:00:00,"0,0","0,0","0,0"
2030-08-09 23:00:00,"0,0","0,0","0,0"
2030-08-10 00:00:00,"0,0","0,0","0,0"
2030-08-10 01:00:00,"0,0","0,0","0,0"
2030-08-10 02:00:00,"0,0","0,0","0,0"
2030-08-10 03:00:00,"0,0","0,0","0,0"
2030-08-10 04:00:00,"0,0","0,0","0,0"
2030-08-10 05:00:00,"0,0","0,0","0,0"
2030-08-10 06:00:00,"0,0","0,0","0,0"
2030-08-10 07:00:00,"49,79742014581541","0,0","49,79742014581541"
2030-08-10 08:00:00,"54,313340923999306","0,0","4,515920778183897"
2030-08-10 09:00:00,"487,7909585224716","0,0","433,4776175984723"
2030-08-10 10:00:00,"914,1780930817029","0,0","426,38713455923124"
2030-08-10 11:00:00,"580,4985773859794","300,3115641261511","0,0"
2030-08-10 12:00:00,"686,5570890371473","0,0","106,05851165116798"
2030-08-10 13:00:00,"1120,0347066356196","0,0","433,4776175984723"
2030-08-10 14:00:00,"1553,512324234092","0,0","433,4776175984723"
2030-08-10 15:00:00,"1330,7119573198283","200,52033022283723","0,0"
2030-08-10 16:00:00,"929,7725880100195","360,845432378828","0,0"
2030-08-10 17:00:00,"481,6417973316359","403,3177116105452","0,0"
2030-08-10 18:00:00,"0,0","433,4776175984723","0,0"
2030-08-10 19:00:00,"0,0","0,0","0,0"
2030-08-10 20:00:00,"0,0","0,0","0,0"
2030-08-10 21:00:00,"0,0","0,0","0,0"
2030-08-10 22:00:00,"0,0","0,0","0,0"
2030-08-10 23:00:00,"0,0","0,0","0,0"
2030-08-11 00:00:00,"0,0","0,0","0,0"
2030-08-11 01:00:00,"0,0","0,0","0,0"
2030-08-11 02:00:00,"0,0","0,0","0,0"
2030-08-11 03:00:00,"0,0","0,0","0,0"
2030-08-11 04:00:00,"0,0","0,0","0,0"
2030-08-11 05:00:00,"0,0","0,0","0,0"
2030-08-11 06:00:00,"0,0","0,0","0,0"
2030-08-11 07:00:00,"0,0","0,0","0,0"
2030-08-11 08:00:00,"433,4776175984723","0,0","433,4776175984723"
2030-08-11 09:00:00,"866,9552351969446","0,0","433,4776175984723"
2030-08-11 10:00:00,"866,9552351969446","0,0","0,0"
2030-08-11 11:00:00,"866,9552351969446","0,0","0,0"
2030-08-11 12:00:00,"1300,432852795417","0,0","433,4776175984723"
2030-08-11 13:00:00,"1733,9104703938892","0,0","433,4776175984723"
2030-08-11 14:00:00,"1733,9104703938892","0,0","0,0"
2030-08-11 15:00:00,"1733,9104703938892","0,0","0,0"
2030-08-11 16:00:00,"1733,9104703938892","0,0","0,0"
2030-08-11 17:00:00,"1733,9104703938892","0,0","0,0"
2030-08-11 18:00:00,"1252,2686730622534","433,4776175984723","0,0"
2030-08-11 19:00:00,"770,6268757306175","433,4776175984723","0,0"
2030-08-11 20:00:00,"481,6417973316359","260,0865705590834","0,0"
2030-08-11 21:00:00,"481,6417973316359","0,0","0,0"
2030-08-11 22:00:00,"481,6417973316359","0,0","0,0"
2030-08-11 23:00:00,"481,6417973316359","0,0","0,0"
2030-08-12 00:00:00,"481,6417973316359","0,0","0,0"
2030-08-12 01:00:00,"481,6417973316359","0,0","0,0"
2030-08-12 02:00:00,"481,6417973316359","0,0","0,0"
2030-08-12 03:00:00,"481,6417973316359","0,0","0,0"
2030-08-12 04:00:00,"481,6417973316359","0,0","0,0"
2030-08-12 05:00:00,"0,0","433,4776175984723","0,0"
2030-08-12 06:00:00,"0,0","0,0","0,0"
2030-08-12 07:00:00,"0,0","0,0","0,0"
2030-08-12 08:00:00,"0,0","0,0","0,0"
2030-08-12 09:00:00,"0,0","0,0","0,0"
2030-08-12 10:00:00,"433,4776175984723","0,0","433,4776175984723"
2030-08-12 11:00:00,"866,9552351969446","0,0","433,4776175984723"
2030-08-12 12:00:00,"1300,432852795417","0,0","433,4776175984723"
2030-08-12 13:00:00,"1733,9104703938892","0,0","433,4776175984723"
2030-08-12 14:00:00,"1733,9104703938892","0,0","0,0"
2030-08-12 15:00:00,"1733,9104703938892","0,0","0,0"
2030-08-12 16:00:00,"1733,9104703938892","0,0","0,0"
2030-08-12 17:00:00,"1733,9104703938892","0,0","0,0"
2030-08-12 18:00:00,"1252,2686730622534","433,4776175984723","0,0"
2030-08-12 19:00:00,"1252,2686730622534","0,0","0,0"
2030-08-12 20:00:00,"1252,2686730622534","0,0","0,0"
2030-08-12 21:00:00,"1252,2686730622534","0,0","0,0"
2030-08-12 22:00:00,"1252,2686730622534","0,0","0,0"
2030-08-12 23:00:00,"1252,2686730622534","0,0","0,0"
2030-08-13 00:00:00,"1637,0463403908275","0,0","384,7776673285741"
2030-08-13 01:00:00,"1733,9104703938892","0,0","96,86413000306163"
2030-08-13 02:00:00,"1733,9104703938892","0,0","0,0"
2030-08-13 03:00:00,"1444,9253919949078","260,0865705590832","0,0"
2030-08-13 04:00:00,"963,2835946632719","433,4776175984723","0,0"
2030-08-13 05:00:00,"481,6417973316359","433,4776175984723","0,0"
2030-08-13 06:00:00,"0,0","433,4776175984723","0,0"
2030-08-13 07:00:00,"0,0","0,0","0,0"
2030-08-13 08:00:00,"0,0","0,0","0,0"
2030-08-13 09:00:00,"74,50522847158697","0,0","74,50522847158697"
2030-08-13 10:00:00,"186,1190338845526","0,0","111,61380541296563"
2030-08-13 11:00:00,"487,12214188963765","0,0","301,00310800508504"
2030-08-13 12:00:00,"920,59975948811","0,0","433,4776175984723"
2030-08-13 13:00:00,"1214,7422951598826","0,0","294,1425356717727"
2030-08-13 14:00:00,"1648,219912758355","0,0","433,4776175984723"
2030-08-13 15:00:00,"1733,9104703938892","0,0","85,69055763553433"
2030-08-13 16:00:00,"1733,9104703938892","0,0","0,0"
2030-08-13 17:00:00,"1444,9253919949078","260,0865705590832","0,0"
2030-08-13 18:00:00,"963,2835946632719","433,4776175984723","0,0"
2030-08-13 19:00:00,"481,6417973316359","433,4776175984723","0,0"
2030-08-13 20:00:00,"0,0","433,4776175984723","0,0"
2030-08-13 21:00:00,"0,0","0,0","0,0"
2030-08-13 22:00:00,"0,0","0,0","0,0"
2030-08-13 23:00:00,"0,0","0,0","0,0"
2030-08-14 00:00:00,"0,0","0,0","0,0"
2030-08-14 01:00:00,"433,4776175984723","0,0","433,4776175984723"
2030-08-14 02:00:00,"481,6417973316359","0,0","48,16417973316362"
2030-08-14 03:00:00,"481,6417973316359","0,0","0,0"
2030-08-14 04:00:00,"481,6417973316359","0,0","0,0"
2030-08-14 05:00:00,"0,0","433,4776175984723","0,0"
2030-08-14 06:00:00,"0,0","0,0","0,0"
2030-08-14 07:00:00,"0,0","0,0","0,0"
2030-08-14 08:00:00,"0,0","0,0","0,0"
2030-08-14 09:00:00,"0,0","0,0","0,0"
2030-08-14 10:00:00,"433,4776175984723","0,0","433,4776175984723"
2030-08-14 11:00:00,"866,9552351969446","0,0","433,4776175984723"
2030-08-14 12:00:00,"1300,432852795417","0,0","433,4776175984723"
2030-08-14 13:00:00,"1733,9104703938892","0,0","433,4776175984723"
2030-08-14 14:00:00,"1733,9104703938892","0,0","0,0"
2030-08-14 15:00:00,"1733,9104703938892","0,0","0,0"
2030-08-14 16:00:00,"1733,9104703938892","0,0","0,0"
2030-08-14 17:00:00,"1733,9104703938892","0,0","0,0"
2030-08-14 18:00:00,"1252,2686730622534","433,4776175984723","0,0"
2030-08-14 19:00:00,"770,6268757306175","433,4776175984723","0,0"
2030-08-14 20:00:00,"373,24889728758507","357,64018059872916","0,0"
2030-08-14 21:00:00,"0,0","335,92400755882653","0,0"
2030-08-14 22:00:00,"0,0","0,0","0,0"
2030-08-14 23:00:00,"0,0","0,0","0,0"
2030-08-15 00:00:00,"0,0","0,0","0,0"
2030-08-15 01:00:00,"0,0","0,0","0,0"
2030-08-15 02:00:00,"0,0","0,0","0,0"
2030-08-15 03:00:00,"0,0","0,0","0,0"
2030-08-15 04:00:00,"0,0","0,0","0,0"
2030-08-15 05:00:00,"0,0","0,0","0,0"
2030-08-15 06:00:00,"340,87617103496245","0,0","340,87617103496245"
2030-08-15 07:00:00,"299,33226225676157","37,389517900380824","0,0"
2030-08-15 08:00:00,"0,0","269,3990360310854","0,0"
2030-08-15 09:00:00,"0,0","0,0","0,0"
2030-08-15 10:00:00,"0,0","0,0","0,0"
2030-08-15 11:00:00,"98,88062146396368","0,0","98,88062146396368"
2030-08-15 12:00:00,"532,358239062436","0,0","433,4776175984723"
2030-08-15 13:00:00,"965,8358566609083","0,0","433,4776175984723"
2030-08-15 14:00:00,"1399,3134742593807","0,0","433,4776175984723"
2030-08-15 15:00:00,"1733,9104703938892","0,0","334,5969961345086"
2030-08-15 16:00:00,"1733,9104703938892","0,0","0,0"
2030-08-15 17:00:00,"1733,9104703938892","0,0","0,0"
2030-08-15 18:00:00,"1252,2686730622534","433,4776175984723","0,0"
2030-08-15 19:00:00,"1252,2686730622534","0,0","0,0"
2030-08-15 20:00:00,"1252,2686730622534","0,0","0,0"
2030-08-15 21:00:00,"1252,2686730622534","0,0","0,0"
2030-08-15 22:00:00,"1252,2686730622534","0,0","0,0"
2030-08-15 23:00:00,"1068,7000880580981","165,21172650373978","0,0"
2030-08-16 00:00:00,"587,0582907264622","433,4776175984723","0,0"
2030-08-16 01:00:00,"481,6417973316359","94,87484405534369","0,0"
2030-08-16 02:00:00,"481,6417973316359","0,0","0,0"
2030-08-16 03:00:00,"481,6417973316359","0,0","0,0"
2030-08-16 04:00:00,"481,6417973316359","0,0","0,0"
2030-08-16 05:00:00,"0,0","433,4776175984723","0,0"
2030-08-16 06:00:00,"0,0","0,0","0,0"
2030-08-16 07:00:00,"0,0","0,0","0,0"
2030-08-16 08:00:00,"0,0","0,0","0,0"
2030-08-16 09:00:00,"325,61421720278264","0,0","325,61421720278264"
2030-08-16 10:00:00,"301,50648046534695","21,696963063692124","0,0"
2030-08-16 11:00:00,"617,174548874854","0,0","315,66806840950716"
2030-08-16 12:00:00,"1050,6521664733264","0,0","433,4776175984723"
2030-08-16 13:00:00,"1484,1297840717987","0,0","433,4776175984723"
2030-08-16 14:00:00,"1733,9104703938892","0,0","249,78068632209056"
2030-08-16 15:00:00,"1733,9104703938892","0,0","0,0"
2030-08-16 16:00:00,"1733,9104703938892","0,0","0,0"
2030-08-16 17:00:00,"1444,9253919949078","260,0865705590832","0,0"
2030-08-16 18:00:00,"963,2835946632719","433,4776175984723","0,0"
2030-08-16 19:00:00,"481,6417973316359","433,4776175984723","0,0"
2030-08-16 20:00:00,"0,0","433,4776175984723","0,0"
2030-08-16 21:00:00,"0,0","0,0","0,0"
2030-08-16 22:00:00,"0,0","0,0","0,0"
2030-08-16 23:00:00,"0,0","0,0","0,0"
2030-08-17 00:00:00,"0,0","0,0","0,0"
2030-08-17 01:00:00,"345,64994138141566","0,0","345,64994138141566"
2030-08-17 02:00:00,"696,7598834394394","0,0","351,1099420580237"
2030-08-17 03:00:00,"696,7598834394394","0,0","0,0"
2030-08-17 04:00:00,"696,7598834394394","0,0","0,0"
2030-08-17 05:00:00,"696,7598834394394","0,0","0,0"
2030-08-17 06:00:00,"1130,2375010379117","0,0","433,4776175984723"
2030-08-17 07:00:00,"1130,2375010379117","0,0","0,0"
2030-08-17 08:00:00,"1130,2375010379117","0,0","0,0"
2030-08-17 09:00:00,"1142,5481782627044","0,0","12,310677224792698"
2030-08-17 10:00:00,"1315,469831513234","0,0","172,9216532505297"
2030-08-17 11:00:00,"1733,9104703938892","0,0","418,44063888065506"
2030-08-17 12:00:00,"1733,9104703938892","0,0","0,0"
2030-08-17 13:00:00,"1733,9104703938892","0,0","0,0"
2030-08-17 14:00:00,"1733,9104703938892","0,0","0,0"
2030-08-17 15:00:00,"1733,9104703938892","0,0","0,0"
2030-08-17 16:00:00,"1733,9104703938892","0,0","0,0"
2030-08-17 17:00:00,"1252,2686730622534","433,4776175984723","0,0"
2030-08-17 18:00:00,"770,6268757306175","433,4776175984723","0,0"
2030-08-17 19:00:00,"288,98507839898156","433,4776175984723","0,0"
2030-08-17 20:00:00,"0,0","260,0865705590834","0,0"
2030-08-17 21:00:00,"0,0","0,0","0,0"
2030-08-17 22:00:00,"0,0","0,0","0,0"
2030-08-17 23:00:00,"0,0","0,0","0,0"
2030-08-18 00:00:00,"0,0","0,0","0,0"
2030-08-18 01:00:00,"0,0","0,0","0,0"
2030-08-18 02:00:00,"0,0","0,0","0,0"
2030-08-18 03:00:00,"0,0","0,0","0,0"
2030-08-18 04:00:00,"0,0","0,0","0,0"
2030-08-18 05:00:00,"0,0","0,0","0,0"
2030-08-18 06:00:00,"0,0","0,0","0,0"
2030-08-18 07:00:00,"433,4776175984723","0,0","433,4776175984723"
2030-08-18 08:00:00,"433,4776175984723","0,0","0,0"
2030-08-18 09:00:00,"866,9552351969446","0,0","433,4776175984723"
2030-08-18 10:00:00,"1300,432852795417","0,0","433,4776175984723"
2030-08-18 11:00:00,"1733,9104703938892","0,0","433,4776175984723"
2030-08-18 12:00:00,"1733,9104703938892","0,0","0,0"
2030-08-18 13:00:00,"1733,9104703938892","0,0","0,0"
2030-08-18 14:00:00,"1733,9104703938892","0,0","0,0"
2030-08-18 15:00:00,"1733,9104703938892","0,0","0,0"
2030-08-18 16:00:00,"1733,9104703938892","0,0","0,0"
2030-08-18 17:00:00,"1733,9104703938892","0,0","0,0"
2030-08-18 18:00:00,"1252,2686730622534","433,4776175984723","0,0"
2030-08-18 19:00:00,"770,6268757306175","433,4776175984723","0,0"
2030-08-18 20:00:00,"288,98507839898156","433,4776175984723","0,0"
2030-08-18 21:00:00,"0,0","260,0865705590834","0,0"
2030-08-18 22:00:00,"0,0","0,0","0,0"
2030-08-18 23:00:00,"0,0","0,0","0,0"
2030-08-19 00:00:00,"0,0","0,0","0,0"
2030-08-19 01:00:00,"0,0","0,0","0,0"
2030-08-19 02:00:00,"0,0","0,0","0,0"
2030-08-19 03:00:00,"0,0","0,0","0,0"
2030-08-19 04:00:00,"0,0","0,0","0,0"
2030-08-19 05:00:00,"0,0","0,0","0,0"
2030-08-19 06:00:00,"0,0","0,0","0,0"
2030-08-19 07:00:00,"0,0","0,0","0,0"
2030-08-19 08:00:00,"35,29834743868673","0,0","35,29834743868673"
2030-08-19 09:00:00,"468,77596503715904","0,0","433,4776175984723"
2030-08-19 10:00:00,"902,2535826356313","0,0","433,4776175984723"
2030-08-19 11:00:00,"997,7260049427164","0,0","95,47242230708503"
2030-08-19 12:00:00,"1082,0182799491927","0,0","84,29227500647636"
2030-08-19 13:00:00,"1445,0770325325193","0,0","363,0587525833267"
2030-08-19 14:00:00,"1733,9104703938892","0,0","288,83343786137"
2030-08-19 15:00:00,"1620,8075087417399","101,79266548693435","0,0"
2030-08-19 16:00:00,"1620,8075087417399","0,0","0,0"
2030-08-19 17:00:00,"1620,8075087417399","0,0","0,0"
2030-08-19 18:00:00,"1139,165711410104","433,4776175984723","0,0"
2030-08-19 19:00:00,"657,5239140784681","433,4776175984723","0,0"
2030-08-19 20:00:00,"175,8821167468322","433,4776175984723","0,0"
2030-08-19 21:00:00,"0,0","158,29390507214896","0,0"
2030-08-19 22:00:00,"0,0","0,0","0,0"
2030-08-19 23:00:00,"0,0","0,0","0,0"
2030-08-20 00:00:00,"0,0","0,0","0,0"
2030-08-20 01:00:00,"0,0","0,0","0,0"
2030-08-20 02:00:00,"0,0","0,0","0,0"
2030-08-20 03:00:00,"0,0","0,0","0,0"
2030-08-20 04:00:00,"0,0","0,0","0,0"
2030-08-20 05:00:00,"0,0","0,0","0,0"
2030-08-20 06:00:00,"0,0","0,0","0,0"
2030-08-20 07:00:00,"0,0","0,0","0,0"
2030-08-20 08:00:00,"0,0","0,0","0,0"
2030-08-20 09:00:00,"0,0","0,0","0,0"
2030-08-20 10:00:00,"433,4776175984723","0,0","433,4776175984723"
2030-08-20 11:00:00,"866,9552351969446","0,0","433,4776175984723"
2030-08-20 12:00:00,"1300,432852795417","0,0","433,4776175984723"
2030-08-20 13:00:00,"1733,9104703938892","0,0","433,4776175984723"
2030-08-20 14:00:00,"1733,9104703938892","0,0","0,0"
2030-08-20 15:00:00,"1733,9104703938892","0,0","0,0"
2030-08-20 16:00:00,"1733,9104703938892","0,0","0,0"
2030-08-20 17:00:00,"1733,9104703938892","0,0","0,0"
2030-08-20 18:00:00,"1733,9104703938892","0,0","0,0"
2030-08-20 19:00:00,"1733,9104703938892","0,0","0,0"
2030-08-20 20:00:00,"1704,496539750385","26,472537579153844","0,0"
2030-08-20 21:00:00,"1704,496539750385","0,0","0,0"
2030-08-20 22:00:00,"1704,496539750385","0,0","0,0"
2030-08-20 23:00:00,"1733,9104703938892","0,0","29,413930643504287"
2030-08-21 00:00:00,"1733,9104703938892","0,0","0,0"
2030-08-21 01:00:00,"1733,9104703938892","0,0","0,0"
2030-08-21 02:00:00,"1621,515131338207","101,15580515011392","0,0"
2030-08-21 03:00:00,"1165,8483088649032","410,1001402259736","0,0"
2030-08-21 04:00:00,"684,2065115332672","433,4776175984723","0,0"
2030-08-21 05:00:00,"202,56471420163123","433,4776175984723","0,0"
2030-08-21 06:00:00,"0,0","182,3082427814681","0,0"
2030-08-21 07:00:00,"0,0","0,0","0,0"
2030-08-21 08:00:00,"0,0","0,0","0,0"
2030-08-21 09:00:00,"0,0","0,0","0,0"
2030-08-21 10:00:00,"0,0","0,0","0,0"
2030-08-21 11:00:00,"433,4776175984723","0,0","433,4776175984723"
2030-08-21 12:00:00,"866,9552351969446","0,0","433,4776175984723"
2030-08-21 13:00:00,"1300,432852795417","0,0","433,4776175984723"
2030-08-21 14:00:00,"1733,9104703938892","0,0","433,4776175984723"
2030-08-21 15:00:00,"1733,9104703938892","0,0","0,0"
2030-08-21 16:00:00,"1733,9104703938892","0,0","0,0"
2030-08-21 17:00:00,"1696,3018436761374","33,84776404597655","0,0"
2030-08-21 18:00:00,"1214,6600463445016","433,4776175984723","0,0"
2030-08-21 19:00:00,"733,0182490128657","433,4776175984723","0,0"
2030-08-21 20:00:00,"733,0182490128657","0,0","0,0"
2030-08-21 21:00:00,"733,0182490128657","0,0","0,0"
2030-08-21 22:00:00,"733,0182490128657","0,0","0,0"
2030-08-21 23:00:00,"733,0182490128657","0,0","0,0"
2030-08-22 00:00:00,"733,0182490128657","0,0","0,0"
2030-08-22 01:00:00,"733,0182490128657","0,0","0,0"
2030-08-22 02:00:00,"963,2835946632719","0,0","230,26534565040618"
2030-08-22 03:00:00,"963,2835946632719","0,0","0,0"
2030-08-22 04:00:00,"963,2835946632719","0,0","0,0"
2030-08-22 05:00:00,"481,6417973316359","433,4776175984723","0,0"
2030-08-22 06:00:00,"0,0","433,4776175984723","0,0"
2030-08-22 07:00:00,"0,0","0,0","0,0"
2030-08-22 08:00:00,"0,0","0,0","0,0"
2030-08-22 09:00:00,"0,0","0,0","0,0"
2030-08-22 10:00:00,"433,4776175984723","0,0","433,4776175984723"
2030-08-22 11:00:00,"866,9552351969446","0,0","433,4776175984723"
2030-08-22 12:00:00,"1300,432852795417","0,0","433,4776175984723"
2030-08-22 13:00:00,"1697,5557405127643","0,0","397,12288771734734"
2030-08-22 14:00:00,"1733,9104703938892","0,0","36,354729881124925"
2030-08-22 15:00:00,"1733,9104703938892","0,0","0,0"
2030-08-22 16:00:00,"1400,2409491859098","300,3025690871814","0,0"
2030-08-22 17:00:00,"963,2835946632719","393,26161907037414","0,0"
2030-08-22 18:00:00,"481,6417973316359","433,4776175984723","0,0"
2030-08-22 19:00:00,"0,0","433,4776175984723","0,0"
2030-08-22 20:00:00,"0,0","0,0","0,0"
2030-08-22 21:00:00,"0,0","0,0","0,0"
2030-08-22 22:00:00,"0,0","0,0","0,0"
2030-08-22 23:00:00,"89,95702003868882","0,0","89,95702003868882"
2030-08-23 00:00:00,"523,4346376371611","0,0","433,4776175984723"
2030-08-23 01:00:00,"956,9122552356334","0,0","433,4776175984723"
2030-08-23 02:00:00,"1280,7993197655214","0,0","323,887064529888"
2030-08-23 03:00:00,"963,2835946632719","285,7641525920246","0,0"
2030-08-23 04:00:00,"481,6417973316359","433,4776175984723","0,0"
2030-08-23 05:00:00,"0,0","433,4776175984723","0,0"
2030-08-23 06:00:00,"0,0","0,0","0,0"
2030-08-23 07:00:00,"0,0","0,0","0,0"
2030-08-23 08:00:00,"0,0","0,0","0,0"
2030-08-23 09:00:00,"0,0","0,0","0,0"
2030-08-23 10:00:00,"433,4776175984723","0,0","433,4776175984723"
2030-08-23 11:00:00,"866,9552351969446","0,0","433,4776175984723"
2030-08-23 12:00:00,"1300,432852795417","0,0","433,4776175984723"
2030-08-23 13:00:00,"1733,9104703938892","0,0","433,4776175984723"
2030-08-23 14:00:00,"1733,9104703938892","0,0","0,0"
2030-08-23 15:00:00,"1733,9104703938892","0,0","0,0"
2030-08-23 16:00:00,"1733,9104703938892","0,0","0,0"
2030-08-23 17:00:00,"1252,2686730622534","433,4776175984723","0,0"
2030-08-23 18:00:00,"770,6268757306175","433,4776175984723","0,0"
2030-08-23 19:00:00,"288,98507839898156","433,4776175984723","0,0"
2030-08-23 20:00:00,"0,0","260,0865705590834","0,0"
2030-08-23 21:00:00,"0,0","0,0","0,0"
2030-08-23 22:00:00,"0,0","0,0","0,0"
2030-08-23 23:00:00,"0,0","0,0","0,0"
2030-08-24 00:00:00,"0,0","0,0","0,0"
2030-08-24 01:00:00,"0,0","0,0","0,0"
2030-08-24 02:00:00,"0,0","0,0","0,0"
2030-08-24 03:00:00,"0,0","0,0","0,0"
2030-08-24 04:00:00,"0,0","0,0","0,0"
2030-08-24 05:00:00,"0,0","0,0","0,0"
2030-08-24 06:00:00,"0,0","0,0","0,0"
2030-08-24 07:00:00,"0,0","0,0","0,0"
2030-08-24 08:00:00,"433,4776175984723","0,0","433,4776175984723"
2030-08-24 09:00:00,"866,9552351969446","0,0","433,4776175984723"
2030-08-24 10:00:00,"1211,8896514746984","0,0","344,9344162777539"
2030-08-24 11:00:00,"1645,3672690731707","0,0","433,4776175984723"
2030-08-24 12:00:00,"1733,9104703938892","0,0","88,54320132071848"
2030-08-24 13:00:00,"1733,9104703938892","0,0","0,0"
2030-08-24 14:00:00,"1733,9104703938892","0,0","0,0"
2030-08-24 15:00:00,"1733,9104703938892","0,0","0,0"
2030-08-24 16:00:00,"1733,9104703938892","0,0","0,0"
2030-08-24 17:00:00,"1252,2686730622534","433,4776175984723","0,0"
2030-08-24 18:00:00,"770,6268757306175","433,4776175984723","0,0"
2030-08-24 19:00:00,"770,6268757306175","0,0","0,0"
2030-08-24 20:00:00,"288,98507839898156","433,4776175984723","0,0"
2030-08-24 21:00:00,"288,98507839898156","0,0","0,0"
2030-08-24 22:00:00,"288,98507839898156","0,0","0,0"
2030-08-24 23:00:00,"288,98507839898156","0,0","0,0"
2030-08-25 00:00:00,"288,98507839898156","0,0","0,0"
2030-08-25 01:00:00,"288,98507839898156","0,0","0,0"
2030-08-25 02:00:00,"288,98507839898156","0,0","0,0"
2030-08-25 03:00:00,"288,98507839898156","0,0","0,0"
2030-08-25 04:00:00,"0,0","260,0865705590834","0,0"
2030-08-25 05:00:00,"0,0","0,0","0,0"
2030-08-25 06:00:00,"0,0","0,0","0,0"
2030-08-25 07:00:00,"0,0","0,0","0,0"
2030-08-25 08:00:00,"0,0","0,0","0,0"
2030-08-25 09:00:00,"0,0","0,0","0,0"
2030-08-25 10:00:00,"382,3631453883535","0,0","382,3631453883535"
2030-08-25 11:00:00,"776,8571111792326","0,0","394,4939657908791"
2030-08-25 12:00:00,"1210,3347287777049","0,0","433,4776175984723"
2030-08-25 13:00:00,"1517,686375083319","0,0","307,35164630561417"
2030-08-25 14:00:00,"1733,9104703938892","0,0","216,22409531057025"
2030-08-25 15:00:00,"1733,9104703938892","0,0","0,0"
2030-08-25 16:00:00,"1733,9104703938892","0,0","0,0"
2030-08-25 17:00:00,"1733,9104703938892","0,0","0,0"
2030-08-25 18:00:00,"1252,2686730622534","433,4776175984723","0,0"
2030-08-25 19:00:00,"770,6268757306175","433,4776175984723","0,0"
2030-08-25 20:00:00,"770,6268757306175","0,0","0,0"
2030-08-25 21:00:00,"770,6268757306175","0,0","0,0"
2030-08-25 22:00:00,"770,6268757306175","0,0","0,0"
2030-08-25 23:00:00,"770,6268757306175","0,0","0,0"
2030-08-26 00:00:00,"770,6268757306175","0,0","0,0"
2030-08-26 01:00:00,"770,6268757306175","0,0","0,0"
2030-08-26 02:00:00,"770,6268757306175","0,0","0,0"
2030-08-26 03:00:00,"770,6268757306175","0,0","0,0"
2030-08-26 04:00:00,"770,6268757306175","0,0","0,0"
2030-08-26 05:00:00,"288,98507839898156","433,4776175984723","0,0"
2030-08-26 06:00:00,"0,0","260,0865705590834","0,0"
2030-08-26 07:00:00,"0,0","0,0","0,0"
2030-08-26 08:00:00,"0,0","0,0","0,0"
2030-08-26 09:00:00,"0,0","0,0","0,0"
2030-08-26 10:00:00,"433,4776175984723","0,0","433,4776175984723"
2030-08-26 11:00:00,"866,9552351969446","0,0","433,4776175984723"
2030-08-26 12:00:00,"1300,432852795417","0,0","433,4776175984723"
2030-08-26 13:00:00,"1733,9104703938892","0,0","433,4776175984723"
2030-08-26 14:00:00,"1733,9104703938892","0,0","0,0"
2030-08-26 15:00:00,"1733,9104703938892","0,0","0,0"
2030-08-26 16:00:00,"1444,9253919949078","260,0865705590832","0,0"
2030-08-26 17:00:00,"963,2835946632719","433,4776175984723","0,0"
2030-08-26 18:00:00,"481,6417973316359","433,4776175984723","0,0"
2030-08-26 19:00:00,"0,0","433,4776175984723","0,0"
2030-08-26 20:00:00,"7,88874213485623","0,0","7,88874213485623"
2030-08-26 21:00:00,"0,0","7,099867921370606","0,0"
2030-08-26 22:00:00,"0,0","0,0","0,0"
2030-08-26 23:00:00,"0,0","0,0","0,0"
2030-08-27 00:00:00,"0,0","0,0","0,0"
2030-08-27 01:00:00,"48,16417973316362","0,0","48,16417973316362"
2030-08-27 02:00:00,"481,6417973316359","0,0","433,4776175984723"
2030-08-27 03:00:00,"481,6417973316359","0,0","0,0"
2030-08-27 04:00:00,"481,6417973316359","0,0","0,0"
2030-08-27 05:00:00,"481,6417973316359","0,0","0,0"
2030-08-27 06:00:00,"0,0","433,4776175984723","0,0"
2030-08-27 07:00:00,"0,0","0,0","0,0"
2030-08-27 08:00:00,"0,0","0,0","0,0"
2030-08-27 09:00:00,"0,0","0,0","0,0"
2030-08-27 10:00:00,"0,0","0,0","0,0"
2030-08-27 11:00:00,"433,4776175984723","0,0","433,4776175984723"
2030-08-27 12:00:00,"866,9552351969446","0,0","433,4776175984723"
2030-08-27 13:00:00,"1300,432852795417","0,0","433,4776175984723"
2030-08-27 14:00:00,"1733,9104703938892","0,0","433,4776175984723"
2030-08-27 15:00:00,"1733,9104703938892","0,0","0,0"
2030-08-27 16:00:00,"1733,9104703938892","0,0","0,0"
2030-08-27 17:00:00,"1252,2686730622534","433,4776175984723","0,0"
2030-08-27 18:00:00,"770,6268757306175","433,4776175984723","0,0"
2030-08-27 19:00:00,"288,98507839898156","433,4776175984723","0,0"
2030-08-27 20:00:00,"0,0","260,0865705590834","0,0"
2030-08-27 21:00:00,"0,0","0,0","0,0"
2030-08-27 22:00:00,"0,0","0,0","0,0"
2030-08-27 23:00:00,"0,0","0,0","0,0"
2030-08-28 00:00:00,"0,0","0,0","0,0"
2030-08-28 01:00:00,"0,0","0,0","0,0"
2030-08-28 02:00:00,"0,0","0,0","0,0"
2030-08-28 03:00:00,"0,0","0,0","0,0"
2030-08-28 04:00:00,"0,0","0,0","0,0"
2030-08-28 05:00:00,"0,0","0,0","0,0"
2030-08-28 06:00:00,"0,0","0,0","0,0"
2030-08-28 07:00:00,"0,0","0,0","0,0"
2030-08-28 08:00:00,"0,0","0,0","0,0"
2030-08-28 09:00:00,"433,4776175984723","0,0","433,4776175984723"
2030-08-28 10:00:00,"866,9552351969446","0,0","433,4776175984723"
2030-08-28 11:00:00,"1300,432852795417","0,0","433,4776175984723"
2030-08-28 12:00:00,"1733,9104703938892","0,0","433,4776175984723"
2030-08-28 13:00:00,"1733,9104703938892","0,0","0,0"
2030-08-28 14:00:00,"1733,9104703938892","0,0","0,0"
2030-08-28 15:00:00,"1733,9104703938892","0,0","0,0"
2030-08-28 16:00:00,"1733,9104703938892","0,0","0,0"
2030-08-28 17:00:00,"1733,9104703938892","0,0","0,0"
2030-08-28 18:00:00,"1733,9104703938892","0,0","0,0"
2030-08-28 19:00:00,"1444,9253919949078","260,0865705590832","0,0"
2030-08-28 20:00:00,"1444,9253919949078","0,0","0,0"
2030-08-28 21:00:00,"1444,9253919949078","0,0","0,0"
2030-08-28 22:00:00,"1444,9253919949078","0,0","0,0"
2030-08-28 23:00:00,"1444,9253919949078","0,0","0,0"
2030-08-29 00:00:00,"1444,9253919949078","0,0","0,0"
2030-08-29 01:00:00,"1444,9253919949078","0,0","0,0"
2030-08-29 02:00:00,"1444,9253919949078","0,0","0,0"
2030-08-29 03:00:00,"1444,9253919949078","0,0","0,0"
2030-08-29 04:00:00,"963,2835946632719","433,4776175984723","0,0"
2030-08-29 05:00:00,"481,6417973316359","433,4776175984723","0,0"
2030-08-29 06:00:00,"0,0","433,4776175984723","0,0"
2030-08-29 07:00:00,"433,4776175984723","0,0","433,4776175984723"
2030-08-29 08:00:00,"0,0","390,1298558386251","0,0"
2030-08-29 09:00:00,"84,0661324822417","0,0","84,0661324822417"
2030-08-29 10:00:00,"0,0","75,65951923401752","0,0"
2030-08-29 11:00:00,"433,4776175984723","0,0","433,4776175984723"
2030-08-29 12:00:00,"866,9552351969446","0,0","433,4776175984723"
2030-08-29 13:00:00,"866,9552351969446","0,0","0,0"
2030-08-29 14:00:00,"1300,432852795417","0,0","433,4776175984723"
2030-08-29 15:00:00,"1733,9104703938892","0,0","433,4776175984723"
2030-08-29 16:00:00,"1733,9104703938892","0,0","0,0"
2030-08-29 17:00:00,"1252,2686730622534","433,4776175984723","0,0"
2030-08-29 18:00:00,"916,9592249731695","301,7785032801754","0,0"
2030-08-29 19:00:00,"435,3174276415336","433,4776175984723","0,0"
2030-08-29 20:00:00,"0,0","391,7856848773802","0,0"
2030-08-29 21:00:00,"0,0","0,0","0,0"
2030-08-29 22:00:00,"0,0","0,0","0,0"
2030-08-29 23:00:00,"0,0","0,0","0,0"
2030-08-30 00:00:00,"0,0","0,0","0,0"
2030-08-30 01:00:00,"0,0","0,0","0,0"
2030-08-30 02:00:00,"0,0","0,0","0,0"
2030-08-30 03:00:00,"0,0","0,0","0,0"
2030-08-30 04:00:00,"433,4776175984723","0,0","433,4776175984723"
2030-08-30 05:00:00,"785,5662815606563","0,0","352,088663962184"
2030-08-30 06:00:00,"478,0424500460366","276,77144836315773","0,0"
2030-08-30 07:00:00,"478,0424500460366","0,0","0,0"
2030-08-30 08:00:00,"866,9552351969446","0,0","388,912785150908"
2030-08-30 09:00:00,"866,9552351969446","0,0","0,0"
2030-08-30 10:00:00,"866,9552351969446","0,0","0,0"
2030-08-30 11:00:00,"1300,432852795417","0,0","433,4776175984723"
2030-08-30 12:00:00,"1300,432852795417","0,0","0,0"
2030-08-30 13:00:00,"1300,432852795417","0,0","0,0"
2030-08-30 14:00:00,"1733,9104703938892","0,0","433,4776175984723"
2030-08-30 15:00:00,"1733,9104703938892","0,0","0,0"
2030-08-30 16:00:00,"1733,9104703938892","0,0","0,0"
2030-08-30 17:00:00,"1252,2686730622534","433,4776175984723","0,0"
2030-08-30 18:00:00,"770,6268757306175","433,4776175984723","0,0"
2030-08-30 19:00:00,"288,98507839898156","433,4776175984723","0,0"
2030-08-30 20:00:00,"0,0","260,0865705590834","0,0"
2030-08-30 21:00:00,"0,0","0,0","0,0"
2030-08-30 22:00:00,"0,0","0,0","0,0"
2030-08-30 23:00:00,"0,0","0,0","0,0"
2030-08-31 00:00:00,"0,0","0,0","0,0"
2030-08-31 01:00:00,"0,0","0,0","0,0"
2030-08-31 02:00:00,"0,0","0,0","0,0"
2030-08-31 03:00:00,"0,0","0,0","0,0"
2030-08-31 04:00:00,"0,0","0,0","0,0"
2030-08-31 05:00:00,"0,0","0,0","0,0"
2030-08-31 06:00:00,"0,0","0,0","0,0"
2030-08-31 07:00:00,"0,0","0,0","0,0"
2030-08-31 08:00:00,"0,0","0,0","0,0"
2030-08-31 09:00:00,"0,0","0,0","0,0"
2030-08-31 10:00:00,"433,4776175984723","0,0","433,4776175984723"
2030-08-31 11:00:00,"866,9552351969446","0,0","433,4776175984723"
2030-08-31 12:00:00,"1300,432852795417","0,0","433,4776175984723"
2030-08-31 13:00:00,"1733,9104703938892","0,0","433,4776175984723"
2030-08-31 14:00:00,"1733,9104703938892","0,0","0,0"
2030-08-31 15:00:00,"1733,9104703938892","0,0","0,0"
2030-08-31 16:00:00,"1252,2686730622534","433,4776175984723","0,0"
2030-08-31 17:00:00,"770,6268757306175","433,4776175984723","0,0"
2030-08-31 18:00:00,"288,98507839898156","433,4776175984723","0,0"
2030-08-31 19:00:00,"0,0","260,0865705590834","0,0"
2030-08-31 20:00:00,"0,0","0,0","0,0"
2030-08-31 21:00:00,"0,0","0,0","0,0"
2030-08-31 22:00:00,"0,0","0,0","0,0"
2030-08-31 23:00:00,"433,4776175984723","0,0","433,4776175984723"
2030-09-01 00:00:00,"866,9552351969446","0,0","433,4776175984723"
2030-09-01 01:00:00,"1300,432852795417","0,0","433,4776175984723"
2030-09-01 02:00:00,"1733,9104703938892","0,0","433,4776175984723"
2030-09-01 03:00:00,"1733,9104703938892","0,0","0,0"
2030-09-01 04:00:00,"1279,591769316311","408,8868309698205","0,0"
2030-09-01 05:00:00,"797,9499719846751","433,4776175984723","0,0"
2030-09-01 06:00:00,"316,3081746530392","433,4776175984723","0,0"
2030-09-01 07:00:00,"749,7857922515116","0,0","433,4776175984723"
2030-09-01 08:00:00,"1183,2634098499839","0,0","433,4776175984723"
2030-09-01 09:00:00,"1183,2634098499839","0,0","0,0"
2030-09-01 10:00:00,"1381,6106902790573","0,0","198,3472804290734"
2030-09-01 11:00:00,"1381,6106902790573","0,0","0,0"
2030-09-01 12:00:00,"1381,6106902790573","0,0","0,0"
2030-09-01 13:00:00,"1583,2353114139955","0,0","201,6246211349382"
2030-09-01 14:00:00,"1733,9104703938892","0,0","150,67515897989364"
2030-09-01 15:00:00,"1733,9104703938892","0,0","0,0"
2030-09-01 16:00:00,"1733,9104703938892","0,0","0,0"
2030-09-01 17:00:00,"1252,2686730622534","433,4776175984723","0,0"
2030-09-01 18:00:00,"770,6268757306175","433,4776175984723","0,0"
2030-09-01 19:00:00,"770,6268757306175","0,0","0,0"
2030-09-01 20:00:00,"770,6268757306175","0,0","0,0"
2030-09-01 21:00:00,"830,0055764037586","0,0","59,37870067314107"
2030-09-01 22:00:00,"830,0055764037586","0,0","0,0"
2030-09-01 23:00:00,"830,0055764037586","0,0","0,0"
2030-09-02 00:00:00,"830,0055764037586","0,0","0,0"
2030-09-02 01:00:00,"830,0055764037586","0,0","0,0"
2030-09-02 02:00:00,"830,0055764037586","0,0","0,0"
2030-09-02 03:00:00,"830,0055764037586","0,0","0,0"
2030-09-02 04:00:00,"472,4867966310415","321,7669017954454","0,0"
2030-09-02 05:00:00,"0,0","425,23811696793734","0,0"
2030-09-02 06:00:00,"0,0","0,0","0,0"
2030-09-02 07:00:00,"0,0","0,0","0,0"
2030-09-02 08:00:00,"0,0","0,0","0,0"
2030-09-02 09:00:00,"170,64053110239018","0,0","170,64053110239018"
2030-09-02 10:00:00,"604,1181487008625","0,0","433,4776175984723"
2030-09-02 11:00:00,"1037,5957662993349","0,0","433,4776175984723"
2030-09-02 12:00:00,"1471,0733838978072","0,0","433,4776175984723"
2030-09-02 13:00:00,"1718,2796740792053","0,0","247,20629018139806"
2030-09-02 14:00:00,"1733,9104703938892","0,0","15,630796314683948"
2030-09-02 15:00:00,"1733,9104703938892","0,0","0,0"
2030-09-02 16:00:00,"1444,9253919949078","260,0865705590832","0,0"
2030-09-02 17:00:00,"963,2835946632719","433,4776175984723","0,0"
2030-09-02 18:00:00,"481,6417973316359","433,4776175984723","0,0"
2030-09-02 19:00:00,"0,0","433,4776175984723","0,0"
2030-09-02 20:00:00,"0,0","0,0","0,0"
2030-09-02 21:00:00,"0,0","0,0","0,0"
2030-09-02 22:00:00,"0,0","0,0","0,0"
2030-09-02 23:00:00,"433,4776175984723","0,0","433,4776175984723"
2030-09-03 00:00:00,"433,4776175984723","0,0","0,0"
2030-09-03 01:00:00,"529,8059770647995","0,0","96,32835946632724"
2030-09-03 02:00:00,"963,2835946632719","0,0","433,4776175984723"
2030-09-03 03:00:00,"963,2835946632719","0,0","0,0"
2030-09-03 04:00:00,"963,2835946632719","0,0","0,0"
2030-09-03 05:00:00,"481,6417973316359","433,4776175984723","0,0"
2030-09-03 06:00:00,"0,0","433,4776175984723","0,0"
2030-09-03 07:00:00,"0,0","0,0","0,0"
2030-09-03 08:00:00,"0,0","0,0","0,0"
2030-09-03 09:00:00,"0,0","0,0","0,0"
2030-09-03 10:00:00,"0,0","390,1298558386251","433,4776175984723"
2030-09-03 11:00:00,"85,24301221957813","313,4111448410047","433,4776175984723"
2030-09-03 12:00:00,"135,65654042758416","344,7576804514196","433,4776175984723"
2030-09-03 13:00:00,"433,4776175984723","122,09088638482575","433,4776175984723"
2030-09-03 14:00:00,"866,9552351969446","0,0","433,4776175984723"
2030-09-03 15:00:00,"1300,432852795417","0,0","433,4776175984723"
2030-09-03 16:00:00,"1733,9104703938892","0,0","433,4776175984723"
2030-09-03 17:00:00,"1733,9104703938892","0,0","0,0"
2030-09-03 18:00:00,"1733,9104703938892","0,0","0,0"
2030-09-03 19:00:00,"1252,2686730622534","433,4776175984723","0,0"
2030-09-03 20:00:00,"1252,2686730622534","0,0","0,0"
2030-09-03 21:00:00,"1252,2686730622534","0,0","0,0"
2030-09-03 22:00:00,"1252,2686730622534","0,0","0,0"
2030-09-03 23:00:00,"1252,2686730622534","0,0","0,0"
2030-09-04 00:00:00,"1252,2686730622534","0,0","0,0"
2030-09-04 01:00:00,"1252,2686730622534","0,0","0,0"
2030-09-04 02:00:00,"1252,2686730622534","0,0","0,0"
2030-09-04 03:00:00,"1252,2686730622534","0,0","0,0"
2030-09-04 04:00:00,"1252,2686730622534","0,0","0,0"
2030-09-04 05:00:00,"770,6268757306175","433,4776175984723","0,0"
2030-09-04 06:00:00,"770,6268757306175","0,0","0,0"
2030-09-04 07:00:00,"770,6268757306175","0,0","0,0"
2030-09-04 08:00:00,"770,6268757306175","0,0","0,0"
2030-09-04 09:00:00,"397,2035184419851","336,0810215597691","0,0"
2030-09-04 10:00:00,"362,2963996458387","31,4164069165318","0,0"
2030-09-04 11:00:00,"387,60557379304583","0,0","25,30917414720716"
2030-09-04 12:00:00,"433,4776175984723","0,0","45,87204380542647"
2030-09-04 13:00:00,"866,9552351969446","0,0","433,4776175984723"
2030-09-04 14:00:00,"1300,432852795417","0,0","433,4776175984723"
2030-09-04 15:00:00,"1733,9104703938892","0,0","433,4776175984723"
2030-09-04 16:00:00,"1733,9104703938892","0,0","0,0"
2030-09-04 17:00:00,"1252,2686730622534","433,4776175984723","0,0"
2030-09-04 18:00:00,"770,6268757306175","433,4776175984723","0,0"
2030-09-04 19:00:00,"288,98507839898156","433,4776175984723","0,0"
2030-09-04 20:00:00,"0,0","260,0865705590834","0,0"
2030-09-04 21:00:00,"433,4776175984723","0,0","433,4776175984723"
2030-09-04 22:00:00,"866,9552351969446","0,0","433,4776175984723"
2030-09-04 23:00:00,"953,1215997467962","0,0","86,16636454985155"
2030-09-05 00:00:00,"953,1215997467962","0,0","0,0"
2030-09-05 01:00:00,"953,1215997467962","0,0","0,0"
2030-09-05 02:00:00,"953,1215997467962","0,0","0,0"
2030-09-05 03:00:00,"953,1215997467962","0,0","0,0"
2030-09-05 04:00:00,"481,6417973316359","424,3318221736442","0,0"
2030-09-05 05:00:00,"0,0","433,4776175984723","0,0"
2030-09-05 06:00:00,"0,0","0,0","0,0"
2030-09-05 07:00:00,"0,0","0,0","0,0"
2030-09-05 08:00:00,"0,0","0,0","0,0"
2030-09-05 09:00:00,"0,0","0,0","0,0"
2030-09-05 10:00:00,"154,32256797225904","0,0","154,32256797225904"
2030-09-05 11:00:00,"587,8001855707314","0,0","433,4776175984723"
2030-09-05 12:00:00,"1021,2778031692037","0,0","433,4776175984723"
2030-09-05 13:00:00,"1454,755420767676","0,0","433,4776175984723"
2030-09-05 14:00:00,"1733,9104703938892","0,0","279,1550496262132"
2030-09-05 15:00:00,"1733,9104703938892","0,0","0,0"
2030-09-05 16:00:00,"1733,9104703938892","0,0","0,0"
2030-09-05 17:00:00,"1733,9104703938892","0,0","0,0"
2030-09-05 18:00:00,"1252,2686730622534","433,4776175984723","0,0"
2030-09-05 19:00:00,"770,6268757306175","433,4776175984723","0,0"
2030-09-05 20:00:00,"288,98507839898156","433,4776175984723","0,0"
2030-09-05 21:00:00,"0,0","260,0865705590834","0,0"
2030-09-05 22:00:00,"433,4776175984723","0,0","433,4776175984723"
2030-09-05 23:00:00,"866,9552351969446","0,0","433,4776175984723"
2030-09-06 00:00:00,"1300,432852795417","0,0","433,4776175984723"
2030-09-06 01:00:00,"1733,9104703938892","0,0","433,4776175984723"
2030-09-06 02:00:00,"1733,9104703938892","0,0","0,0"
2030-09-06 03:00:00,"1733,9104703938892","0,0","0,0"
2030-09-06 04:00:00,"1252,2686730622534","433,4776175984723","0,0"
2030-09-06 05:00:00,"770,6268757306175","433,4776175984723","0,0"
2030-09-06 06:00:00,"288,98507839898156","433,4776175984723","0,0"
2030-09-06 07:00:00,"722,4626959974539","0,0","433,4776175984723"
2030-09-06 08:00:00,"722,4626959974539","0,0","0,0"
2030-09-06 09:00:00,"722,4626959974539","0,0","0,0"
2030-09-06 10:00:00,"722,4626959974539","0,0","0,0"
2030-09-06 11:00:00,"1155,9403135959262","0,0","433,4776175984723"
2030-09-06 12:00:00,"1300,432852795417","0,0","144,4925391994907"
2030-09-06 13:00:00,"1300,432852795417","0,0","0,0"
2030-09-06 14:00:00,"1733,9104703938892","0,0","433,4776175984723"
2030-09-06 15:00:00,"1733,9104703938892","0,0","0,0"
2030-09-06 16:00:00,"1733,9104703938892","0,0","0,0"
2030-09-06 17:00:00,"1252,2686730622534","433,4776175984723","0,0"
2030-09-06 18:00:00,"770,6268757306175","433,4776175984723","0,0"
2030-09-06 19:00:00,"288,98507839898156","433,4776175984723","0,0"
2030-09-06 20:00:00,"0,0","260,0865705590834","0,0"
2030-09-06 21:00:00,"0,0","0,0","0,0"
2030-09-06 22:00:00,"0,0","0,0","0,0"
2030-09-06 23:00:00,"0,0","0,0","0,0"
2030-09-07 00:00:00,"0,0","0,0","0,0"
2030-09-07 01:00:00,"0,0","0,0","0,0"
2030-09-07 02:00:00,"0,0","0,0","0,0"
2030-09-07 03:00:00,"0,0","0,0","0,0"
2030-09-07 04:00:00,"0,0","0,0","0,0"
2030-09-07 05:00:00,"78,26673021208319","0,0","78,26673021208319"
2030-09-07 06:00:00,"126,52661370715609","0,0","48,2598834950729"
2030-09-07 07:00:00,"0,0","113,87395233644047","0,0"
2030-09-07 08:00:00,"433,4776175984723","0,0","433,4776175984723"
2030-09-07 09:00:00,"866,9552351969446","0,0","433,4776175984723"
2030-09-07 10:00:00,"1300,432852795417","0,0","433,4776175984723"
2030-09-07 11:00:00,"1603,863576650355","0,0","303,43072385493815"
2030-09-07 12:00:00,"1177,8843179536623","383,3813328270235","0,0"
2030-09-07 13:00:00,"1331,335821555057","0,0","153,4515036013948"
2030-09-07 14:00:00,"1733,9104703938892","0,0","402,57464883883216"
2030-09-07 15:00:00,"1733,9104703938892","0,0","0,0"
2030-09-07 16:00:00,"1733,9104703938892","0,0","0,0"
2030-09-07 17:00:00,"1733,9104703938892","0,0","0,0"
2030-09-07 18:00:00,"1444,9253919949078","260,0865705590832","0,0"
2030-09-07 19:00:00,"1444,9253919949078","0,0","0,0"
2030-09-07 20:00:00,"963,2835946632719","433,4776175984723","0,0"
2030-09-07 21:00:00,"481,6417973316359","433,4776175984723","0,0"
2030-09-07 22:00:00,"0,0","433,4776175984723","0,0"
2030-09-07 23:00:00,"0,0","0,0","0,0"
2030-09-08 00:00:00,"0,0","0,0","0,0"
2030-09-08 01:00:00,"0,0","0,0","0,0"
2030-09-08 02:00:00,"0,0","0,0","0,0"
2030-09-08 03:00:00,"0,0","0,0","0,0"
2030-09-08 04:00:00,"0,0","0,0","0,0"
2030-09-08 05:00:00,"63,51055620268312","0,0","63,51055620268312"
2030-09-08 06:00:00,"0,0","57,15950058241481","0,0"
2030-09-08 07:00:00,"0,0","0,0","0,0"
2030-09-08 08:00:00,"0,0","0,0","0,0"
2030-09-08 09:00:00,"433,4776175984723","0,0","433,4776175984723"
2030-09-08 10:00:00,"866,9552351969446","0,0","433,4776175984723"
2030-09-08 11:00:00,"1300,432852795417","0,0","433,4776175984723"
2030-09-08 12:00:00,"1676,7491836358251","0,0","376,3163308404082"
2030-09-08 13:00:00,"1676,7491836358251","0,0","0,0"
2030-09-08 14:00:00,"1733,9104703938892","0,0","57,16128675806402"
2030-09-08 15:00:00,"1733,9104703938892","0,0","0,0"
2030-09-08 16:00:00,"1733,9104703938892","0,0","0,0"
2030-09-08 17:00:00,"1733,9104703938892","0,0","0,0"
2030-09-08 18:00:00,"1312,867497333021","378,9386757547814","0,0"
2030-09-08 19:00:00,"1312,867497333021","0,0","0,0"
2030-09-08 20:00:00,"1312,867497333021","0,0","0,0"
2030-09-08 21:00:00,"1312,867497333021","0,0","0,0"
2030-09-08 22:00:00,"1733,9104703938892","0,0","421,0429730608682"
2030-09-08 23:00:00,"1733,9104703938892","0,0","0,0"
2030-09-09 00:00:00,"1733,9104703938892","0,0","0,0"
2030-09-09 01:00:00,"1733,9104703938892","0,0","0,0"
2030-09-09 02:00:00,"1400,2468539003796","300,29725484415866","0,0"
2030-09-09 03:00:00,"1400,2468539003796","0,0","0,0"
2030-09-09 04:00:00,"963,2835946632719","393,26693331339703","0,0"
2030-09-09 05:00:00,"481,6417973316359","433,4776175984723","0,0"
2030-09-09 06:00:00,"0,0","433,4776175984723","0,0"
2030-09-09 07:00:00,"0,0","0,0","0,0"
2030-09-09 08:00:00,"0,0","0,0","0,0"
2030-09-09 09:00:00,"0,0","0,0","0,0"
2030-09-09 10:00:00,"433,4776175984723","0,0","433,4776175984723"
2030-09-09 11:00:00,"866,9552351969446","0,0","433,4776175984723"
2030-09-09 12:00:00,"1300,432852795417","0,0","433,4776175984723"
2030-09-09 13:00:00,"1733,9104703938892","0,0","433,4776175984723"
2030-09-09 14:00:00,"1733,9104703938892","0,0","0,0"
2030-09-09 15:00:00,"1733,9104703938892","0,0","0,0"
2030-09-09 16:00:00,"1733,9104703938892","0,0","0,0"
2030-09-09 17:00:00,"1252,2686730622534","433,4776175984723","0,0"
2030-09-09 18:00:00,"770,6268757306175","433,4776175984723","0,0"
2030-09-09 19:00:00,"384,3888672253233","347,61420765476475","0,0"
2030-09-09 20:00:00,"384,3888672253233","0,0","0,0"
2030-09-09 21:00:00,"384,3888672253233","0,0","0,0"
2030-09-09 22:00:00,"384,3888672253233","0,0","0,0"
2030-09-09 23:00:00,"384,3888672253233","0,0","0,0"
2030-09-10 00:00:00,"495,39763078862137","0,0","111,0087635632981"
2030-09-10 01:00:00,"512,5145159279573","0,0","17,116885139335935"
2030-09-10 02:00:00,"945,9921335264296","0,0","433,4776175984723"
2030-09-10 03:00:00,"1103,5007501308435","0,0","157,50861660441393"
2030-09-10 04:00:00,"904,5146326128631","179,08750576618223","0,0"
2030-09-10 05:00:00,"438,48295995841676","419,4285053890017","0,0"
2030-09-10 06:00:00,"0,0","394,6346639625751","0,0"
2030-09-10 07:00:00,"0,0","0,0","0,0"
2030-09-10 08:00:00,"0,0","0,0","0,0"
2030-09-10 09:00:00,"0,0","0,0","0,0"
2030-09-10 10:00:00,"433,4776175984723","0,0","433,4776175984723"
2030-09-10 11:00:00,"866,9552351969446","0,0","433,4776175984723"
2030-09-10 12:00:00,"1300,432852795417","0,0","433,4776175984723"
2030-09-10 13:00:00,"1733,9104703938892","0,0","433,4776175984723"
2030-09-10 14:00:00,"1733,9104703938892","0,0","0,0"
2030-09-10 15:00:00,"1733,9104703938892","0,0","0,0"
2030-09-10 16:00:00,"1733,9104703938892","0,0","0,0"
2030-09-10 17:00:00,"1718,9772315914133","13,439914922228308","0,0"
2030-09-10 18:00:00,"1718,9772315914133","0,0","0,0"
2030-09-10 19:00:00,"1733,9104703938892","0,0","14,933238802475913"
2030-09-10 20:00:00,"1576,5855037313765","141,5924699962614","0,0"
2030-09-10 21:00:00,"1576,5855037313765","0,0","0,0"
2030-09-10 22:00:00,"1576,5855037313765","0,0","0,0"
2030-09-10 23:00:00,"1576,5855037313765","0,0","0,0"
2030-09-11 00:00:00,"1576,5855037313765","0,0","0,0"
2030-09-11 01:00:00,"1576,5855037313765","0,0","0,0"
2030-09-11 02:00:00,"1576,5855037313765","0,0","0,0"
2030-09-11 03:00:00,"1576,5855037313765","0,0","0,0"
2030-09-11 04:00:00,"1094,9437063997407","433,4776175984723","0,0"
2030-09-11 05:00:00,"613,3019090681047","433,4776175984723","0,0"
2030-09-11 06:00:00,"131,66011173646874","433,4776175984723","0,0"
2030-09-11 07:00:00,"0,0","118,49410056282186","0,0"
2030-09-11 08:00:00,"0,0","0,0","0,0"
2030-09-11 09:00:00,"0,0","0,0","0,0"
2030-09-11 10:00:00,"433,4776175984723","0,0","433,4776175984723"
2030-09-11 11:00:00,"866,9552351969446","0,0","433,4776175984723"
2030-09-11 12:00:00,"1300,432852795417","0,0","433,4776175984723"
2030-09-11 13:00:00,"1733,9104703938892","0,0","433,4776175984723"
2030-09-11 14:00:00,"1733,9104703938892","0,0","0,0"
2030-09-11 15:00:00,"1733,9104703938892","0,0","0,0"
2030-09-11 16:00:00,"1733,9104703938892","0,0","0,0"
2030-09-11 17:00:00,"1252,2686730622534","433,4776175984723","0,0"
2030-09-11 18:00:00,"770,6268757306175","433,4776175984723","0,0"
2030-09-11 19:00:00,"770,6268757306175","0,0","0,0"
2030-09-11 20:00:00,"770,6268757306175","0,0","0,0"
2030-09-11 21:00:00,"770,6268757306175","0,0","0,0"
2030-09-11 22:00:00,"866,9552351969446","0,0","96,32835946632713"
2030-09-11 23:00:00,"1300,432852795417","0,0","433,4776175984723"
2030-09-12 00:00:00,"1733,9104703938892","0,0","433,4776175984723"
2030-09-12 01:00:00,"1733,9104703938892","0,0","0,0"
2030-09-12 02:00:00,"1733,9104703938892","0,0","0,0"
2030-09-12 03:00:00,"1733,9104703938892","0,0","0,0"
2030-09-12 04:00:00,"1733,9104703938892","0,0","0,0"
2030-09-12 05:00:00,"1252,2686730622534","433,4776175984723","0,0"
2030-09-12 06:00:00,"1300,432852795417","0,0","48,164179733163564"
2030-09-12 07:00:00,"1733,9104703938892","0,0","433,4776175984723"
2030-09-12 08:00:00,"1733,9104703938892","0,0","0,0"
2030-09-12 09:00:00,"1733,9104703938892","0,0","0,0"
2030-09-12 10:00:00,"1733,9104703938892","0,0","0,0"
2030-09-12 11:00:00,"1733,9104703938892","0,0","0,0"
2030-09-12 12:00:00,"1733,9104703938892","0,0","0,0"
2030-09-12 13:00:00,"1733,9104703938892","0,0","0,0"
2030-09-12 14:00:00,"1733,9104703938892","0,0","0,0"
2030-09-12 15:00:00,"1733,9104703938892","0,0","0,0"
2030-09-12 16:00:00,"1252,2686730622534","433,4776175984723","0,0"
2030-09-12 17:00:00,"770,6268757306175","433,4776175984723","0,0"
2030-09-12 18:00:00,"288,98507839898156","433,4776175984723","0,0"
2030-09-12 19:00:00,"0,0","260,0865705590834","0,0"
2030-09-12 20:00:00,"0,0","0,0","0,0"
2030-09-12 21:00:00,"0,0","0,0","0,0"
2030-09-12 22:00:00,"0,0","0,0","0,0"
2030-09-12 23:00:00,"0,0","0,0","0,0"
2030-09-13 00:00:00,"0,0","0,0","0,0"
2030-09-13 01:00:00,"0,0","0,0","0,0"
2030-09-13 02:00:00,"0,0","0,0","0,0"
2030-09-13 03:00:00,"0,0","0,0","0,0"
2030-09-13 04:00:00,"0,0","0,0","0,0"
2030-09-13 05:00:00,"0,0","0,0","0,0"
2030-09-13 06:00:00,"0,0","0,0","0,0"
2030-09-13 07:00:00,"0,0","0,0","0,0"
2030-09-13 08:00:00,"0,0","0,0","0,0"
2030-09-13 09:00:00,"0,0","0,0","0,0"
2030-09-13 10:00:00,"0,0","0,0","0,0"
2030-09-13 11:00:00,"433,4776175984723","0,0","433,4776175984723"
2030-09-13 12:00:00,"866,9552351969446","0,0","433,4776175984723"
2030-09-13 13:00:00,"1300,432852795417","0,0","433,4776175984723"
2030-09-13 14:00:00,"1733,9104703938892","0,0","433,4776175984723"
2030-09-13 15:00:00,"1733,9104703938892","0,0","0,0"
2030-09-13 16:00:00,"1444,9253919949078","260,0865705590832","0,0"
2030-09-13 17:00:00,"963,2835946632719","433,4776175984723","0,0"
2030-09-13 18:00:00,"481,6417973316359","433,4776175984723","0,0"
2030-09-13 19:00:00,"0,0","433,4776175984723","0,0"
2030-09-13 20:00:00,"0,0","0,0","0,0"
2030-09-13 21:00:00,"0,0","0,0","0,0"
2030-09-13 22:00:00,"0,0","0,0","0,0"
2030-09-13 23:00:00,"77,76314850625569","0,0","77,76314850625569"
2030-09-14 00:00:00,"77,76314850625569","0,0","0,0"
2030-09-14 01:00:00,"77,76314850625569","0,0","0,0"
2030-09-14 02:00:00,"77,76314850625569","0,0","0,0"
2030-09-14 03:00:00,"77,76314850625569","0,0","0,0"
2030-09-14 04:00:00,"77,76314850625569","0,0","0,0"
2030-09-14 05:00:00,"0,0","69,98683365563012","0,0"
2030-09-14 06:00:00,"0,0","0,0","0,0"
2030-09-14 07:00:00,"0,0","0,0","0,0"
2030-09-14 08:00:00,"0,0","0,0","0,0"
2030-09-14 09:00:00,"0,0","0,0","0,0"
2030-09-14 10:00:00,"0,0","0,0","0,0"
2030-09-14 11:00:00,"0,0","0,0","0,0"
2030-09-14 12:00:00,"433,4776175984723","0,0","433,4776175984723"
2030-09-14 13:00:00,"866,9552351969446","0,0","433,4776175984723"
2030-09-14 14:00:00,"1300,432852795417","0,0","433,4776175984723"
2030-09-14 15:00:00,"1733,9104703938892","0,0","433,4776175984723"
2030-09-14 16:00:00,"1733,9104703938892","0,0","0,0"
2030-09-14 17:00:00,"1733,9104703938892","0,0","0,0"
2030-09-14 18:00:00,"1733,9104703938892","0,0","0,0"
2030-09-14 19:00:00,"1252,2686730622534","433,4776175984723","0,0"
2030-09-14 20:00:00,"1252,2686730622534","0,0","0,0"
2030-09-14 21:00:00,"1252,2686730622534","0,0","0,0"
2030-09-14 22:00:00,"1252,2686730622534","0,0","0,0"
2030-09-14 23:00:00,"1252,2686730622534","0,0","0,0"
2030-09-15 00:00:00,"1252,2686730622534","0,0","0,0"
2030-09-15 01:00:00,"1685,7462906607257","0,0","433,4776175984723"
2030-09-15 02:00:00,"1685,7462906607257","0,0","0,0"
2030-09-15 03:00:00,"1685,7462906607257","0,0","0,0"
2030-09-15 04:00:00,"1685,7462906607257","0,0","0,0"
2030-09-15 05:00:00,"1685,7462906607257","0,0","0,0"
2030-09-15 06:00:00,"1685,7462906607257","0,0","0,0"
2030-09-15 07:00:00,"1204,1044933290898","433,4776175984723","0,0"
2030-09-15 08:00:00,"1204,1044933290898","0,0","0,0"
2030-09-15 09:00:00,"1637,582110927562","0,0","433,4776175984723"
2030-09-15 10:00:00,"1637,582110927562","0,0","0,0"
2030-09-15 11:00:00,"1637,582110927562","0,0","0,0"
2030-09-15 12:00:00,"1637,582110927562","0,0","0,0"
2030-09-15 13:00:00,"1300,432852795417","303,4343323189307","0,0"
2030-09-15 14:00:00,"1733,9104703938892","0,0","433,4776175984723"
2030-09-15 15:00:00,"1714,419586579186","17,541795433232913","0,0"
2030-09-15 16:00:00,"1733,9104703938892","0,0","19,49088381470318"
2030-09-15 17:00:00,"1370,5304147285865","327,04205009877234","0,0"
2030-09-15 18:00:00,"888,8886173969506","433,4776175984723","0,0"
2030-09-15 19:00:00,"407,2468200653147","433,4776175984723","0,0"
2030-09-15 20:00:00,"0,0","366,5221380587832","0,0"
2030-09-15 21:00:00,"0,0","0,0","0,0"
2030-09-15 22:00:00,"0,0","0,0","0,0"
2030-09-15 23:00:00,"0,0","0,0","0,0"
2030-09-16 00:00:00,"0,0","0,0","0,0"
2030-09-16 01:00:00,"0,0","0,0","0,0"
2030-09-16 02:00:00,"0,0","0,0","0,0"
2030-09-16 03:00:00,"0,0","0,0","0,0"
2030-09-16 04:00:00,"0,0","0,0","0,0"
2030-09-16 05:00:00,"0,0","0,0","0,0"
2030-09-16 06:00:00,"0,0","0,0","0,0"
2030-09-16 07:00:00,"0,0","0,0","0,0"
2030-09-16 08:00:00,"0,0","0,0","0,0"
2030-09-16 09:00:00,"433,4776175984723","0,0","433,4776175984723"
2030-09-16 10:00:00,"866,9552351969446","0,0","433,4776175984723"
2030-09-16 11:00:00,"1300,432852795417","0,0","433,4776175984723"
2030-09-16 12:00:00,"1733,9104703938892","0,0","433,4776175984723"
2030-09-16 13:00:00,"1733,9104703938892","0,0","0,0"
2030-09-16 14:00:00,"1733,9104703938892","0,0","0,0"
2030-09-16 15:00:00,"1733,9104703938892","0,0","0,0"
2030-09-16 16:00:00,"1733,9104703938892","0,0","0,0"
2030-09-16 17:00:00,"1733,9104703938892","0,0","0,0"
2030-09-16 18:00:00,"1733,9104703938892","0,0","0,0"
2030-09-16 19:00:00,"1733,9104703938892","0,0","0,0"
2030-09-16 20:00:00,"1733,9104703938892","0,0","0,0"
2030-09-16 21:00:00,"1733,9104703938892","0,0","0,0"
2030-09-16 22:00:00,"1733,9104703938892","0,0","0,0"
2030-09-16 23:00:00,"1733,9104703938892","0,0","0,0"
2030-09-17 00:00:00,"1733,9104703938892","0,0","0,0"
2030-09-17 01:00:00,"1733,9104703938892","0,0","0,0"
2030-09-17 02:00:00,"1733,9104703938892","0,0","0,0"
2030-09-17 03:00:00,"1733,9104703938892","0,0","0,0"
2030-09-17 04:00:00,"1252,2686730622534","433,4776175984723","0,0"
2030-09-17 05:00:00,"1174,9575724799083","69,57999052411049","0,0"
2030-09-17 06:00:00,"801,1439702151124","336,43224203831636","0,0"
2030-09-17 07:00:00,"319,5021728834765","433,4776175984723","0,0"
2030-09-17 08:00:00,"0,0","287,5519555951288","0,0"
2030-09-17 09:00:00,"0,0","0,0","0,0"
2030-09-17 10:00:00,"413,8200998918189","0,0","413,8200998918189"
2030-09-17 11:00:00,"847,2977174902912","0,0","433,4776175984723"
2030-09-17 12:00:00,"847,2977174902912","0,0","0,0"
2030-09-17 13:00:00,"1222,7796720943768","0,0","375,4819546040856"
2030-09-17 14:00:00,"1656,257289692849","0,0","433,4776175984723"
2030-09-17 15:00:00,"1733,9104703938892","0,0","77,65318070104013"
2030-09-17 16:00:00,"1490,3842791699192","219,17357210157303","0,0"
2030-09-17 17:00:00,"1008,7424818382833","433,4776175984723","0,0"
2030-09-17 18:00:00,"527,1006845066474","433,4776175984723","0,0"
2030-09-17 19:00:00,"45,45888717501151","433,4776175984723","0,0"
2030-09-17 20:00:00,"45,45888717501151","0,0","0,0"
2030-09-17 21:00:00,"45,45888717501151","0,0","0,0"
2030-09-17 22:00:00,"478,9365047734838","0,0","433,4776175984723"
2030-09-17 23:00:00,"912,4141223719562","0,0","433,4776175984723"
2030-09-18 00:00:00,"1220,6666096269184","0,0","308,25248725496226"
2030-09-18 01:00:00,"1654,1442272253908","0,0","433,4776175984723"
2030-09-18 02:00:00,"1654,1442272253908","0,0","0,0"
2030-09-18 03:00:00,"1654,1442272253908","0,0","0,0"
2030-09-18 04:00:00,"1172,5024298937549","433,4776175984723","0,0"
2030-09-18 05:00:00,"690,8606325621189","433,4776175984723","0,0"
2030-09-18 06:00:00,"209,21883523048294","433,4776175984723","0,0"
2030-09-18 07:00:00,"0,0","188,29695170743463","0,0"
2030-09-18 08:00:00,"0,0","0,0","0,0"
2030-09-18 09:00:00,"77,81479756849667","0,0","77,81479756849667"
2030-09-18 10:00:00,"272,12213744934","0,0","194,30733988084336"
2030-09-18 11:00:00,"705,5997550478123","0,0","433,4776175984723"
2030-09-18 12:00:00,"1139,0773726462846","0,0","433,4776175984723"
2030-09-18 13:00:00,"1572,554990244757","0,0","433,4776175984723"
2030-09-18 14:00:00,"1733,9104703938892","0,0","161,35548014913235"
2030-09-18 15:00:00,"1733,9104703938892","0,0","0,0"
2030-09-18 16:00:00,"1252,2686730622534","433,4776175984723","0,0"
2030-09-18 17:00:00,"770,6268757306175","433,4776175984723","0,0"
2030-09-18 18:00:00,"288,98507839898156","433,4776175984723","0,0"
2030-09-18 19:00:00,"0,0","260,0865705590834","0,0"
2030-09-18 20:00:00,"0,0","0,0","0,0"
2030-09-18 21:00:00,"0,0","0,0","0,0"
2030-09-18 22:00:00,"433,4776175984723","0,0","433,4776175984723"
2030-09-18 23:00:00,"866,9552351969446","0,0","433,4776175984723"
2030-09-19 00:00:00,"1300,432852795417","0,0","433,4776175984723"
2030-09-19 01:00:00,"1394,322398158139","0,0","93,88954536272217"
2030-09-19 02:00:00,"1394,322398158139","0,0","0,0"
2030-09-19 03:00:00,"1733,9104703938892","0,0","339,58807223575025"
2030-09-19 04:00:00,"1412,773464672355","289,0233051493808","0,0"
2030-09-19 05:00:00,"931,131667340719","433,4776175984723","0,0"
2030-09-19 06:00:00,"481,6417973316359","404,5408830081747","0,0"
2030-09-19 07:00:00,"0,0","433,4776175984723","0,0"
2030-09-19 08:00:00,"0,0","0,0","0,0"
2030-09-19 09:00:00,"0,0","0,0","0,0"
2030-09-19 10:00:00,"0,0","0,0","0,0"
2030-09-19 11:00:00,"429,9624341758611","0,0","429,9624341758611"
2030-09-19 12:00:00,"433,4776175984723","0,0","3,5151834226112015"
2030-09-19 13:00:00,"866,9552351969446","0,0","433,4776175984723"
2030-09-19 14:00:00,"1300,432852795417","0,0","433,4776175984723"
2030-09-19 15:00:00,"1733,9104703938892","0,0","433,4776175984723"
2030-09-19 16:00:00,"1733,9104703938892","0,0","0,0"
2030-09-19 17:00:00,"1252,2686730622534","433,4776175984723","0,0"
2030-09-19 18:00:00,"1226,1314028036952","23,52354323270235","0,0"
2030-09-19 19:00:00,"1226,1314028036952","0,0","0,0"
2030-09-19 20:00:00,"801,4674362870362","382,1975698649931","0,0"
2030-09-19 21:00:00,"801,4674362870362","0,0","0,0"
2030-09-19 22:00:00,"801,4674362870362","0,0","0,0"
2030-09-19 23:00:00,"1234,9450538855085","0,0","433,4776175984723"
2030-09-20 00:00:00,"1604,7560245228174","0,0","369,81097063730886"
2030-09-20 01:00:00,"1604,7560245228174","0,0","0,0"
2030-09-20 02:00:00,"1604,7560245228174","0,0","0,0"
2030-09-20 03:00:00,"1604,7560245228174","0,0","0,0"
2030-09-20 04:00:00,"1150,607592380208","408,7335889283484","0,0"
2030-09-20 05:00:00,"668,9657950485721","433,4776175984723","0,0"
2030-09-20 06:00:00,"187,3239977169361","433,4776175984723","0,0"
2030-09-20 07:00:00,"0,0","168,59159794524248","0,0"
2030-09-20 08:00:00,"0,0","0,0","0,0"
2030-09-20 09:00:00,"227,7453332522145","0,0","227,7453332522145"
2030-09-20 10:00:00,"661,2229508506869","0,0","433,4776175984723"
2030-09-20 11:00:00,"1094,7005684491592","0,0","433,4776175984723"
2030-09-20 12:00:00,"1439,1291376726458","0,0","344,42856922348653"
2030-09-20 13:00:00,"1709,6434960703482","0,0","270,5143583977024"
2030-09-20 14:00:00,"1733,9104703938892","0,0","24,26697432354092"
2030-09-20 15:00:00,"1733,9104703938892","0,0","0,0"
2030-09-20 16:00:00,"1444,9253919949078","260,0865705590832","0,0"
2030-09-20 17:00:00,"963,2835946632719","433,4776175984723","0,0"
2030-09-20 18:00:00,"481,6417973316359","433,4776175984723","0,0"
2030-09-20 19:00:00,"0,0","433,4776175984723","0,0"
2030-09-20 20:00:00,"0,0","0,0","0,0"
2030-09-20 21:00:00,"0,0","0,0","0,0"
2030-09-20 22:00:00,"0,0","0,0","0,0"
2030-09-20 23:00:00,"0,0","0,0","0,0"
2030-09-21 00:00:00,"0,0","0,0","0,0"
2030-09-21 01:00:00,"0,0","0,0","0,0"
2030-09-21 02:00:00,"0,0","0,0","0,0"
2030-09-21 03:00:00,"0,0","0,0","0,0"
2030-09-21 04:00:00,"0,0","0,0","0,0"
2030-09-21 05:00:00,"0,0","0,0","0,0"
2030-09-21 06:00:00,"0,0","0,0","0,0"
2030-09-21 07:00:00,"0,0","0,0","0,0"
2030-09-21 08:00:00,"0,0","0,0","0,0"
2030-09-21 09:00:00,"163,16805241032193","0,0","163,16805241032193"
2030-09-21 10:00:00,"596,6456700087942","0,0","433,4776175984723"
2030-09-21 11:00:00,"1030,1232876072665","0,0","433,4776175984723"
2030-09-21 12:00:00,"1463,6009052057389","0,0","433,4776175984723"
2030-09-21 13:00:00,"1463,6009052057389","0,0","0,0"
2030-09-21 14:00:00,"1713,5726232620077","0,0","249,97171805626886"
2030-09-21 15:00:00,"1542,7910720015389","153,70339613442195","0,0"
2030-09-21 16:00:00,"1061,149274669903","433,4776175984723","0,0"
2030-09-21 17:00:00,"579,5074773382671","433,4776175984723","0,0"
2030-09-21 18:00:00,"97,86568000663118","433,4776175984723","0,0"
2030-09-21 19:00:00,"481,6417973316359","0,0","383,77611732500475"
2030-09-21 20:00:00,"0,0","433,4776175984723","0,0"
2030-09-21 21:00:00,"0,0","0,0","0,0"
2030-09-21 22:00:00,"0,0","0,0","0,0"
2030-09-21 23:00:00,"0,0","0,0","0,0"
2030-09-22 00:00:00,"0,0","0,0","0,0"
2030-09-22 01:00:00,"0,0","0,0","0,0"
2030-09-22 02:00:00,"0,0","0,0","0,0"
2030-09-22 03:00:00,"0,0","0,0","0,0"
2030-09-22 04:00:00,"48,16417973316362","0,0","48,16417973316362"
2030-09-22 05:00:00,"481,6417973316359","0,0","433,4776175984723"
2030-09-22 06:00:00,"0,0","433,4776175984723","0,0"
2030-09-22 07:00:00,"230,37998510659992","0,0","230,37998510659992"
2030-09-22 08:00:00,"0,0","207,34198659593991","0,0"
2030-09-22 09:00:00,"433,4776175984723","0,0","433,4776175984723"
2030-09-22 10:00:00,"866,9552351969446","0,0","433,4776175984723"
2030-09-22 11:00:00,"866,9552351969446","0,0","0,0"
2030-09-22 12:00:00,"1300,432852795417","0,0","433,4776175984723"
2030-09-22 13:00:00,"866,9552351969446","390,1298558386251","0,0"
2030-09-22 14:00:00,"1300,432852795417","0,0","433,4776175984723"
2030-09-22 15:00:00,"1733,9104703938892","0,0","433,4776175984723"
2030-09-22 16:00:00,"1348,5970325285805","346,78209407877785","0,0"
2030-09-22 17:00:00,"866,9552351969446","433,4776175984723","0,0"
2030-09-22 18:00:00,"1300,432852795417","0,0","433,4776175984723"
2030-09-22 19:00:00,"1733,9104703938892","0,0","433,4776175984723"
2030-09-22 20:00:00,"1259,6116029413897","426,8689807072495","0,0"
2030-09-22 21:00:00,"1259,6116029413897","0,0","0,0"
2030-09-22 22:00:00,"961,382742036527","268,4059748143764","0,0"
2030-09-22 23:00:00,"805,6591041765757","140,15127407395613","0,0"
2030-09-23 00:00:00,"993,655968367533","0,0","187,9968641909573"
2030-09-23 01:00:00,"937,3913336811264","50,63817121776587","0,0"
2030-09-23 02:00:00,"982,4787005291853","0,0","45,08736684805889"
2030-09-23 03:00:00,"1415,9563181276576","0,0","433,4776175984723"
2030-09-23 04:00:00,"963,2835946632719","407,4054511179471","0,0"
2030-09-23 05:00:00,"481,6417973316359","433,4776175984723","0,0"
2030-09-23 06:00:00,"0,0","433,4776175984723","0,0"
2030-09-23 07:00:00,"0,0","0,0","0,0"
2030-09-23 08:00:00,"0,0","0,0","0,0"
2030-09-23 09:00:00,"0,0","0,0","0,0"
2030-09-23 10:00:00,"433,4776175984723","0,0","433,4776175984723"
2030-09-23 11:00:00,"866,9552351969446","0,0","433,4776175984723"
2030-09-23 12:00:00,"1300,432852795417","0,0","433,4776175984723"
2030-09-23 13:00:00,"1733,9104703938892","0,0","433,4776175984723"
2030-09-23 14:00:00,"1733,9104703938892","0,0","0,0"
2030-09-23 15:00:00,"1733,9104703938892","0,0","0,0"
2030-09-23 16:00:00,"1733,9104703938892","0,0","0,0"
2030-09-23 17:00:00,"1252,2686730622534","433,4776175984723","0,0"
2030-09-23 18:00:00,"770,6268757306175","433,4776175984723","0,0"
2030-09-23 19:00:00,"288,98507839898156","433,4776175984723","0,0"
2030-09-23 20:00:00,"288,98507839898156","0,0","0,0"
2030-09-23 21:00:00,"288,98507839898156","0,0","0,0"
2030-09-23 22:00:00,"288,98507839898156","0,0","0,0"
2030-09-23 23:00:00,"433,4776175984723","0,0","144,49253919949075"
2030-09-24 00:00:00,"866,9552351969446","0,0","433,4776175984723"
2030-09-24 01:00:00,"1300,432852795417","0,0","433,4776175984723"
2030-09-24 02:00:00,"1733,9104703938892","0,0","433,4776175984723"
2030-09-24 03:00:00,"1733,9104703938892","0,0","0,0"
2030-09-24 04:00:00,"1733,9104703938892","0,0","0,0"
2030-09-24 05:00:00,"1252,2686730622534","433,4776175984723","0,0"
2030-09-24 06:00:00,"770,6268757306175","433,4776175984723","0,0"
2030-09-24 07:00:00,"770,6268757306175","0,0","0,0"
2030-09-24 08:00:00,"924,0040440178718","0,0","153,37716828725434"
2030-09-24 09:00:00,"1357,4816616163441","0,0","433,4776175984723"
2030-09-24 10:00:00,"915,1194149301082","398,12602201761234","0,0"
2030-09-24 11:00:00,"433,4776175984723","433,4776175984723","0,0"
2030-09-24 12:00:00,"866,9552351969446","0,0","433,4776175984723"
2030-09-24 13:00:00,"1300,432852795417","0,0","433,4776175984723"
2030-09-24 14:00:00,"1733,9104703938892","0,0","433,4776175984723"
2030-09-24 15:00:00,"1733,9104703938892","0,0","0,0"
2030-09-24 16:00:00,"1252,2686730622534","433,4776175984723","0,0"
2030-09-24 17:00:00,"770,6268757306175","433,4776175984723","0,0"
2030-09-24 18:00:00,"288,98507839898156","433,4776175984723","0,0"
2030-09-24 19:00:00,"0,0","260,0865705590834","0,0"
2030-09-24 20:00:00,"0,0","0,0","0,0"
2030-09-24 21:00:00,"0,0","0,0","0,0"
2030-09-24 22:00:00,"433,4776175984723","0,0","433,4776175984723"
2030-09-24 23:00:00,"866,9552351969446","0,0","433,4776175984723"
2030-09-25 00:00:00,"1300,432852795417","0,0","433,4776175984723"
2030-09-25 01:00:00,"1733,9104703938892","0,0","433,4776175984723"
2030-09-25 02:00:00,"1733,9104703938892","0,0","0,0"
2030-09-25 03:00:00,"1733,9104703938892","0,0","0,0"
2030-09-25 04:00:00,"1275,6036340632008","412,4761526976195","0,0"
2030-09-25 05:00:00,"793,961836731565","433,4776175984723","0,0"
2030-09-25 06:00:00,"312,32003939992904","433,4776175984723","0,0"
2030-09-25 07:00:00,"0,0","281,0880354599361","0,0"
2030-09-25 08:00:00,"0,0","0,0","0,0"
2030-09-25 09:00:00,"0,0","0,0","0,0"
2030-09-25 10:00:00,"433,4776175984723","0,0","433,4776175984723"
2030-09-25 11:00:00,"866,9552351969446","0,0","433,4776175984723"
2030-09-25 12:00:00,"1300,432852795417","0,0","433,4776175984723"
2030-09-25 13:00:00,"1733,9104703938892","0,0","433,4776175984723"
2030-09-25 14:00:00,"1733,9104703938892","0,0","0,0"
2030-09-25 15:00:00,"1733,9104703938892","0,0","0,0"
2030-09-25 16:00:00,"1460,3240516781716","246,22777684414598","0,0"
2030-09-25 17:00:00,"978,6822543465357","433,4776175984723","0,0"
2030-09-25 18:00:00,"497,0404570148998","433,4776175984723","0,0"
2030-09-25 19:00:00,"15,398659683263872","433,4776175984723","0,0"
2030-09-25 20:00:00,"0,0","13,858793714937484","0,0"
2030-09-25 21:00:00,"0,0","0,0","0,0"
2030-09-25 22:00:00,"0,0","0,0","0,0"
2030-09-25 23:00:00,"433,4776175984723","0,0","433,4776175984723"
2030-09-26 00:00:00,"866,9552351969446","0,0","433,4776175984723"
2030-09-26 01:00:00,"1300,432852795417","0,0","433,4776175984723"
2030-09-26 02:00:00,"1733,9104703938892","0,0","433,4776175984723"
2030-09-26 03:00:00,"1733,9104703938892","0,0","0,0"
2030-09-26 04:00:00,"1252,2686730622534","433,4776175984723","0,0"
2030-09-26 05:00:00,"770,6268757306175","433,4776175984723","0,0"
2030-09-26 06:00:00,"288,98507839898156","433,4776175984723","0,0"
2030-09-26 07:00:00,"0,0","260,0865705590834","0,0"
2030-09-26 08:00:00,"0,0","0,0","0,0"
2030-09-26 09:00:00,"0,0","0,0","0,0"
2030-09-26 10:00:00,"433,4776175984723","0,0","433,4776175984723"
2030-09-26 11:00:00,"866,9552351969446","0,0","433,4776175984723"
2030-09-26 12:00:00,"1300,432852795417","0,0","433,4776175984723"
2030-09-26 13:00:00,"1733,9104703938892","0,0","433,4776175984723"
2030-09-26 14:00:00,"1733,9104703938892","0,0","0,0"
2030-09-26 15:00:00,"1733,9104703938892","0,0","0,0"
2030-09-26 16:00:00,"1252,2686730622534","433,4776175984723","0,0"
2030-09-26 17:00:00,"770,6268757306175","433,4776175984723","0,0"
2030-09-26 18:00:00,"288,98507839898156","433,4776175984723","0,0"
2030-09-26 19:00:00,"0,0","260,0865705590834","0,0"
2030-09-26 20:00:00,"0,0","0,0","0,0"
2030-09-26 21:00:00,"0,0","0,0","0,0"
2030-09-26 22:00:00,"0,0","0,0","0,0"
2030-09-26 23:00:00,"433,4776175984723","0,0","433,4776175984723"
2030-09-27 00:00:00,"866,9552351969446","0,0","433,4776175984723"
2030-09-27 01:00:00,"1300,432852795417","0,0","433,4776175984723"
2030-09-27 02:00:00,"1444,9253919949078","0,0","144,49253919949092"
2030-09-27 03:00:00,"1444,9253919949078","0,0","0,0"
2030-09-27 04:00:00,"963,2835946632719","433,4776175984723","0,0"
2030-09-27 05:00:00,"481,6417973316359","433,4776175984723","0,0"
2030-09-27 06:00:00,"0,0","433,4776175984723","0,0"
2030-09-27 07:00:00,"0,0","0,0","0,0"
2030-09-27 08:00:00,"0,0","0,0","0,0"
2030-09-27 09:00:00,"0,0","0,0","0,0"
2030-09-27 10:00:00,"191,81449564608278","0,0","191,81449564608278"
2030-09-27 11:00:00,"433,4776175984723","0,0","241,66312195238953"
2030-09-27 12:00:00,"866,9552351969446","0,0","433,4776175984723"
2030-09-27 13:00:00,"1300,432852795417","0,0","433,4776175984723"
2030-09-27 14:00:00,"1733,9104703938892","0,0","433,4776175984723"
2030-09-27 15:00:00,"1733,9104703938892","0,0","0,0"
2030-09-27 16:00:00,"1733,9104703938892","0,0","0,0"
2030-09-27 17:00:00,"1252,2686730622534","433,4776175984723","0,0"
2030-09-27 18:00:00,"770,6268757306175","433,4776175984723","0,0"
2030-09-27 19:00:00,"288,98507839898156","433,4776175984723","0,0"
2030-09-27 20:00:00,"0,0","260,0865705590834","0,0"
2030-09-27 21:00:00,"0,0","0,0","0,0"
2030-09-27 22:00:00,"0,0","0,0","0,0"
2030-09-27 23:00:00,"0,0","0,0","0,0"
2030-09-28 00:00:00,"0,0","0,0","0,0"
2030-09-28 01:00:00,"0,0","0,0","0,0"
2030-09-28 02:00:00,"0,0","0,0","0,0"
2030-09-28 03:00:00,"0,0","0,0","0,0"
2030-09-28 04:00:00,"0,0","0,0","0,0"
2030-09-28 05:00:00,"0,0","0,0","0,0"
2030-09-28 06:00:00,"0,0","0,0","0,0"
2030-09-28 07:00:00,"0,0","0,0","0,0"
2030-09-28 08:00:00,"0,0","0,0","0,0"
2030-09-28 09:00:00,"433,4776175984723","0,0","433,4776175984723"
2030-09-28 10:00:00,"433,4776175984723","0,0","0,0"
2030-09-28 11:00:00,"866,9552351969446","0,0","433,4776175984723"
2030-09-28 12:00:00,"866,9552351969446","0,0","0,0"
2030-09-28 13:00:00,"1300,432852795417","0,0","433,4776175984723"
2030-09-28 14:00:00,"1733,9104703938892","0,0","433,4776175984723"
2030-09-28 15:00:00,"1733,9104703938892","0,0","0,0"
2030-09-28 16:00:00,"1488,5333235524504","220,83943215729494","0,0"
2030-09-28 17:00:00,"1147,753677370362","306,70168156387945","0,0"
2030-09-28 18:00:00,"666,1118800387262","433,4776175984723","0,0"
2030-09-28 19:00:00,"666,1118800387262","0,0","0,0"
2030-09-28 20:00:00,"666,1118800387262","0,0","0,0"
2030-09-28 21:00:00,"666,1118800387262","0,0","0,0"
2030-09-28 22:00:00,"666,1118800387262","0,0","0,0"
2030-09-28 23:00:00,"666,1118800387262","0,0","0,0"
2030-09-29 00:00:00,"666,1118800387262","0,0","0,0"
2030-09-29 01:00:00,"1099,5894976371985","0,0","433,4776175984723"
2030-09-29 02:00:00,"1099,5894976371985","0,0","0,0"
2030-09-29 03:00:00,"1099,5894976371985","0,0","0,0"
2030-09-29 04:00:00,"1099,5894976371985","0,0","0,0"
2030-09-29 05:00:00,"1099,5894976371985","0,0","0,0"
2030-09-29 06:00:00,"1099,5894976371985","0,0","0,0"
2030-09-29 07:00:00,"1099,5894976371985","0,0","0,0"
2030-09-29 08:00:00,"1099,5894976371985","0,0","0,0"
2030-09-29 09:00:00,"1099,5894976371985","0,0","0,0"
2030-09-29 10:00:00,"1099,5894976371985","0,0","0,0"
2030-09-29 11:00:00,"1099,5894976371985","0,0","0,0"
2030-09-29 12:00:00,"1099,5894976371985","0,0","0,0"
2030-09-29 13:00:00,"1242,0268426973432","0,0","142,4373450601447"
2030-09-29 14:00:00,"1242,0268426973432","0,0","0,0"
2030-09-29 15:00:00,"770,2009325364877","424,6433191447699","0,0"
2030-09-29 16:00:00,"866,9552351969446","0,0","96,75430266045691"
2030-09-29 17:00:00,"866,9552351969446","0,0","0,0"
2030-09-29 18:00:00,"866,9552351969446","0,0","0,0"
2030-09-29 19:00:00,"1300,432852795417","0,0","433,4776175984723"
2030-09-29 20:00:00,"1733,9104703938892","0,0","433,4776175984723"
2030-09-29 21:00:00,"1300,432852795417","390,1298558386251","0,0"
2030-09-29 22:00:00,"1300,432852795417","0,0","0,0"
2030-09-29 23:00:00,"1300,432852795417","0,0","0,0"
2030-09-30 00:00:00,"1300,432852795417","0,0","0,0"
2030-09-30 01:00:00,"1300,432852795417","0,0","0,0"
2030-09-30 02:00:00,"1300,432852795417","0,0","0,0"
2030-09-30 03:00:00,"1733,9104703938892","0,0","433,4776175984723"
2030-09-30 04:00:00,"1599,520359253968","120,95110002592895","0,0"
2030-09-30 05:00:00,"1117,8785619223322","433,4776175984723","0,0"
2030-09-30 06:00:00,"636,2367645906963","433,4776175984723","0,0"
2030-09-30 07:00:00,"154,5949672590604","433,4776175984723","0,0"
2030-09-30 08:00:00,"0,0","139,13547053315438","0,0"
2030-09-30 09:00:00,"0,0","0,0","0,0"
2030-09-30 10:00:00,"247,84928708030634","0,0","247,84928708030634"
2030-09-30 11:00:00,"681,3269046787786","0,0","433,4776175984723"
2030-09-30 12:00:00,"1114,804522277251","0,0","433,4776175984723"
2030-09-30 13:00:00,"1548,2821398757233","0,0","433,4776175984723"
2030-09-30 14:00:00,"1733,9104703938892","0,0","185,62833051816602"
2030-09-30 15:00:00,"1733,9104703938892","0,0","0,0"
2030-09-30 16:00:00,"1252,2686730622534","433,4776175984723","0,0"
2030-09-30 17:00:00,"770,6268757306175","433,4776175984723","0,0"
2030-09-30 18:00:00,"288,98507839898156","433,4776175984723","0,0"
2030-09-30 19:00:00,"0,0","260,0865705590834","0,0"
2030-09-30 20:00:00,"0,0","0,0","0,0"
2030-09-30 21:00:00,"0,0","0,0","0,0"
2030-09-30 22:00:00,"0,0","0,0","0,0"
2030-09-30 23:00:00,"0,0","0,0","0,0"
2030-10-01 00:00:00,"0,0","0,0","0,0"
2030-10-01 01:00:00,"0,0","0,0","0,0"
2030-10-01 02:00:00,"0,0","0,0","0,0"
2030-10-01 03:00:00,"0,0","0,0","0,0"
2030-10-01 04:00:00,"0,0","0,0","0,0"
2030-10-01 05:00:00,"0,0","0,0","0,0"
2030-10-01 06:00:00,"0,0","0,0","0,0"
2030-10-01 07:00:00,"0,0","0,0","0,0"
2030-10-01 08:00:00,"28,724096238084783","0,0","28,724096238084783"
2030-10-01 09:00:00,"462,2017138365571","0,0","433,4776175984723"
2030-10-01 10:00:00,"895,6793314350293","0,0","433,4776175984723"
2030-10-01 11:00:00,"1329,1569490335016","0,0","433,4776175984723"
2030-10-01 12:00:00,"1733,9104703938892","0,0","404,7535213603876"
2030-10-01 13:00:00,"1733,9104703938892","0,0","0,0"
2030-10-01 14:00:00,"1733,9104703938892","0,0","0,0"
2030-10-01 15:00:00,"1733,9104703938892","0,0","0,0"
2030-10-01 16:00:00,"1733,9104703938892","0,0","0,0"
2030-10-01 17:00:00,"1733,9104703938892","0,0","0,0"
2030-10-01 18:00:00,"1306,8879370255725","384,3202800314851","0,0"
2030-10-01 19:00:00,"1306,8879370255725","0,0","0,0"
2030-10-01 20:00:00,"1306,8879370255725","0,0","0,0"
2030-10-01 21:00:00,"1306,8879370255725","0,0","0,0"
2030-10-01 22:00:00,"1306,8879370255725","0,0","0,0"
2030-10-01 23:00:00,"1306,8879370255725","0,0","0,0"
2030-10-02 00:00:00,"1306,8879370255725","0,0","0,0"
2030-10-02 01:00:00,"1306,8879370255725","0,0","0,0"
2030-10-02 02:00:00,"1306,8879370255725","0,0","0,0"
2030-10-02 03:00:00,"1306,8879370255725","0,0","0,0"
2030-10-02 04:00:00,"825,2461396939365","433,4776175984723","0,0"
2030-10-02 05:00:00,"343,60434236230054","433,4776175984723","0,0"
2030-10-02 06:00:00,"0,0","309,2439081260705","0,0"
2030-10-02 07:00:00,"0,0","0,0","0,0"
2030-10-02 08:00:00,"0,0","0,0","0,0"
2030-10-02 09:00:00,"0,0","0,0","0,0"
2030-10-02 10:00:00,"433,4776175984723","0,0","433,4776175984723"
2030-10-02 11:00:00,"866,9552351969446","0,0","433,4776175984723"
2030-10-02 12:00:00,"1300,432852795417","0,0","433,4776175984723"
2030-10-02 13:00:00,"1733,9104703938892","0,0","433,4776175984723"
2030-10-02 14:00:00,"1733,9104703938892","0,0","0,0"
2030-10-02 15:00:00,"1733,9104703938892","0,0","0,0"
2030-10-02 16:00:00,"1257,6426917696494","428,6410007618158","0,0"
2030-10-02 17:00:00,"776,0008944380136","433,4776175984723","0,0"
2030-10-02 18:00:00,"294,3590971063777","433,4776175984723","0,0"
2030-10-02 19:00:00,"294,3590971063777","0,0","0,0"
2030-10-02 20:00:00,"0,0","264,92318739573994","0,0"
2030-10-02 21:00:00,"0,0","0,0","0,0"
2030-10-02 22:00:00,"0,0","0,0","0,0"
2030-10-02 23:00:00,"0,0","0,0","0,0"
2030-10-03 00:00:00,"0,0","0,0","0,0"
2030-10-03 01:00:00,"0,0","0,0","0,0"
2030-10-03 02:00:00,"0,0","0,0","0,0"
2030-10-03 03:00:00,"0,0","0,0","0,0"
2030-10-03 04:00:00,"433,4776175984723","0,0","433,4776175984723"
2030-10-03 05:00:00,"0,0","390,1298558386251","0,0"
2030-10-03 06:00:00,"0,0","0,0","0,0"
2030-10-03 07:00:00,"0,0","0,0","0,0"
2030-10-03 08:00:00,"0,0","0,0","0,0"
2030-10-03 09:00:00,"0,0","390,1298558386251","433,4776175984723"
2030-10-03 10:00:00,"0,0","390,1298558386251","433,4776175984723"
2030-10-03 11:00:00,"0,0","390,1298558386251","433,4776175984723"
2030-10-03 12:00:00,"0,0","390,1298558386251","433,4776175984723"
2030-10-03 13:00:00,"0,0","390,1298558386251","433,4776175984723"
2030-10-03 14:00:00,"0,0","390,1298558386251","433,4776175984723"
2030-10-03 15:00:00,"0,0","390,1298558386251","433,4776175984723"
2030-10-03 16:00:00,"144,49253919949086","260,08657055908327","433,4776175984723"
2030-10-03 17:00:00,"96,32835946632724","433,4776175984723","433,4776175984723"
2030-10-03 18:00:00,"48,16417973316362","433,4776175984723","433,4776175984723"
2030-10-03 19:00:00,"0,0","433,4776175984723","433,4776175984723"
2030-10-03 20:00:00,"0,0","390,1298558386251","433,4776175984723"
2030-10-03 21:00:00,"0,0","390,1298558386251","433,4776175984723"
2030-10-03 22:00:00,"0,0","390,1298558386251","433,4776175984723"
2030-10-03 23:00:00,"433,4776175984723","0,0","433,4776175984723"
2030-10-04 00:00:00,"866,9552351969446","0,0","433,4776175984723"
2030-10-04 01:00:00,"1300,432852795417","0,0","433,4776175984723"
2030-10-04 02:00:00,"1733,9104703938892","0,0","433,4776175984723"
2030-10-04 03:00:00,"1733,9104703938892","390,1298558386251","433,4776175984723"
2030-10-04 04:00:00,"1733,9104703938892","390,1298558386251","433,4776175984723"
2030-10-04 05:00:00,"1685,7462906607257","433,4776175984723","433,4776175984723"
2030-10-04 06:00:00,"1300,432852795417","433,4776175984723","96,32835946632719"
2030-10-04 07:00:00,"1733,9104703938892","0,0","433,4776175984723"
2030-10-04 08:00:00,"1733,9104703938892","390,1298558386251","433,4776175984723"
2030-10-04 09:00:00,"1685,7462906607257","433,4776175984723","433,4776175984723"
2030-10-04 10:00:00,"1733,9104703938892","346,78209407877785","433,4776175984723"
2030-10-04 11:00:00,"1733,9104703938892","390,1298558386251","433,4776175984723"
2030-10-04 12:00:00,"1685,7462906607257","433,4776175984723","433,4776175984723"
2030-10-04 13:00:00,"1637,582110927562","433,4776175984723","433,4776175984723"
2030-10-04 14:00:00,"1733,9104703938892","0,0","96,32835946632713"
2030-10-04 15:00:00,"1733,9104703938892","0,0","0,0"
2030-10-04 16:00:00,"1733,9104703938892","0,0","0,0"
2030-10-04 17:00:00,"1733,9104703938892","0,0","0,0"
2030-10-04 18:00:00,"1733,9104703938892","0,0","0,0"
2030-10-04 19:00:00,"1733,9104703938892","0,0","0,0"
2030-10-04 20:00:00,"1733,9104703938892","0,0","0,0"
2030-10-04 21:00:00,"1733,9104703938892","0,0","0,0"
2030-10-04 22:00:00,"1733,9104703938892","0,0","0,0"
2030-10-04 23:00:00,"1733,9104703938892","0,0","0,0"
2030-10-05 00:00:00,"1733,9104703938892","0,0","0,0"
2030-10-05 01:00:00,"1733,9104703938892","0,0","0,0"
2030-10-05 02:00:00,"1733,9104703938892","0,0","0,0"
2030-10-05 03:00:00,"1733,9104703938892","0,0","0,0"
2030-10-05 04:00:00,"1444,9253919949078","260,0865705590832","0,0"
2030-10-05 05:00:00,"963,2835946632719","433,4776175984723","0,0"
2030-10-05 06:00:00,"481,6417973316359","433,4776175984723","0,0"
2030-10-05 07:00:00,"0,0","433,4776175984723","0,0"
2030-10-05 08:00:00,"0,0","0,0","0,0"
2030-10-05 09:00:00,"0,0","0,0","0,0"
2030-10-05 10:00:00,"0,0","0,0","0,0"
2030-10-05 11:00:00,"0,0","0,0","0,0"
2030-10-05 12:00:00,"0,0","0,0","0,0"
2030-10-05 13:00:00,"433,4776175984723","0,0","433,4776175984723"
2030-10-05 14:00:00,"866,9552351969446","0,0","433,4776175984723"
2030-10-05 15:00:00,"1300,432852795417","0,0","433,4776175984723"
2030-10-05 16:00:00,"1300,432852795417","0,0","0,0"
2030-10-05 17:00:00,"1300,432852795417","0,0","0,0"
2030-10-05 18:00:00,"1733,9104703938892","0,0","433,4776175984723"
2030-10-05 19:00:00,"1444,9253919949078","260,0865705590832","0,0"
2030-10-05 20:00:00,"963,2835946632719","433,4776175984723","0,0"
2030-10-05 21:00:00,"481,6417973316359","433,4776175984723","0,0"
2030-10-05 22:00:00,"0,0","433,4776175984723","0,0"
2030-10-05 23:00:00,"0,0","0,0","0,0"
2030-10-06 00:00:00,"0,0","0,0","0,0"
2030-10-06 01:00:00,"0,0","0,0","0,0"
2030-10-06 02:00:00,"0,0","0,0","0,0"
2030-10-06 03:00:00,"4,660758653478737","0,0","4,660758653478737"
2030-10-06 04:00:00,"0,0","4,194682788130863","0,0"
2030-10-06 05:00:00,"0,0","0,0","0,0"
2030-10-06 06:00:00,"0,0","0,0","0,0"
2030-10-06 07:00:00,"0,0","0,0","0,0"
2030-10-06 08:00:00,"0,0","0,0","0,0"
2030-10-06 09:00:00,"0,0","0,0","0,0"
2030-10-06 10:00:00,"0,0","0,0","0,0"
2030-10-06 11:00:00,"433,4776175984723","0,0","433,4776175984723"
2030-10-06 12:00:00,"866,9552351969446","0,0","433,4776175984723"
2030-10-06 13:00:00,"1300,432852795417","0,0","433,4776175984723"
2030-10-06 14:00:00,"1733,9104703938892","0,0","433,4776175984723"
2030-10-06 15:00:00,"1733,9104703938892","0,0","0,0"
2030-10-06 16:00:00,"1252,2686730622534","433,4776175984723","0,0"
2030-10-06 17:00:00,"770,6268757306175","433,4776175984723","0,0"
2030-10-06 18:00:00,"288,98507839898156","433,4776175984723","0,0"
2030-10-06 19:00:00,"0,0","260,0865705590834","0,0"
2030-10-06 20:00:00,"0,0","0,0","0,0"
2030-10-06 21:00:00,"282,09104775105305","0,0","282,09104775105305"
2030-10-06 22:00:00,"715,5686653495254","0,0","433,4776175984723"
2030-10-06 23:00:00,"1149,0462829479977","0,0","433,4776175984723"
2030-10-07 00:00:00,"1394,7429942230024","0,0","245,69671127500465"
2030-10-07 01:00:00,"1733,9104703938892","0,0","339,1674761708869"
2030-10-07 02:00:00,"1733,9104703938892","0,0","0,0"
2030-10-07 03:00:00,"1733,9104703938892","0,0","0,0"
2030-10-07 04:00:00,"1548,1425655468963","167,1911143622936","0,0"
2030-10-07 05:00:00,"1066,5007682152605","433,4776175984723","0,0"
2030-10-07 06:00:00,"584,8589708836245","433,4776175984723","0,0"
2030-10-07 07:00:00,"103,21717355198858","433,4776175984723","0,0"
2030-10-07 08:00:00,"0,0","92,89545619678972","0,0"
2030-10-07 09:00:00,"433,4776175984723","0,0","433,4776175984723"
2030-10-07 10:00:00,"866,9552351969446","0,0","433,4776175984723"
2030-10-07 11:00:00,"1300,432852795417","0,0","433,4776175984723"
2030-10-07 12:00:00,"1429,3095861352851","0,0","128,87673333986822"
2030-10-07 13:00:00,"1733,9104703938892","0,0","304,60088425860414"
2030-10-07 14:00:00,"1733,9104703938892","0,0","0,0"
2030-10-07 15:00:00,"1733,9104703938892","0,0","0,0"
2030-10-07 16:00:00,"1252,2686730622534","433,4776175984723","0,0"
2030-10-07 17:00:00,"770,6268757306175","433,4776175984723","0,0"
2030-10-07 18:00:00,"288,98507839898156","433,4776175984723","0,0"
2030-10-07 19:00:00,"0,0","260,0865705590834","0,0"
2030-10-07 20:00:00,"0,0","0,0","0,0"
2030-10-07 21:00:00,"0,0","0,0","0,0"
2030-10-07 22:00:00,"367,22934900213284","0,0","367,22934900213284"
2030-10-07 23:00:00,"800,7069666006051","0,0","433,4776175984723"
2030-10-08 00:00:00,"866,9552351969446","0,0","66,24826859633947"
2030-10-08 01:00:00,"1300,432852795417","0,0","433,4776175984723"
2030-10-08 02:00:00,"1733,9104703938892","0,0","433,4776175984723"
2030-10-08 03:00:00,"1733,9104703938892","0,0","0,0"
2030-10-08 04:00:00,"1733,9104703938892","0,0","0,0"
2030-10-08 05:00:00,"1252,2686730622534","433,4776175984723","0,0"
2030-10-08 06:00:00,"770,6268757306175","433,4776175984723","0,0"
2030-10-08 07:00:00,"288,98507839898156","433,4776175984723","0,0"
2030-10-08 08:00:00,"0,0","260,0865705590834","0,0"
2030-10-08 09:00:00,"0,0","0,0","0,0"
2030-10-08 10:00:00,"433,4776175984723","0,0","433,4776175984723"
2030-10-08 11:00:00,"866,9552351969446","0,0","433,4776175984723"
2030-10-08 12:00:00,"1300,432852795417","0,0","433,4776175984723"
2030-10-08 13:00:00,"1733,9104703938892","0,0","433,4776175984723"
2030-10-08 14:00:00,"1733,9104703938892","0,0","0,0"
2030-10-08 15:00:00,"1733,9104703938892","0,0","0,0"
2030-10-08 16:00:00,"1733,9104703938892","0,0","0,0"
2030-10-08 17:00:00,"1252,2686730622534","433,4776175984723","0,0"
2030-10-08 18:00:00,"1300,432852795417","0,0","48,164179733163564"
2030-10-08 19:00:00,"1733,9104703938892","0,0","433,4776175984723"
2030-10-08 20:00:00,"1252,2686730622534","433,4776175984723","0,0"
2030-10-08 21:00:00,"1106,0289976761271","131,61570784751353","0,0"
2030-10-08 22:00:00,"1106,0289976761271","0,0","0,0"
2030-10-08 23:00:00,"1106,0289976761271","0,0","0,0"
2030-10-09 00:00:00,"1106,0289976761271","0,0","0,0"
2030-10-09 01:00:00,"1106,0289976761271","0,0","0,0"
2030-10-09 02:00:00,"1106,0289976761271","0,0","0,0"
2030-10-09 03:00:00,"1145,4089628741576","0,0","39,37996519803039"
2030-10-09 04:00:00,"1578,88658047263","0,0","433,4776175984723"
2030-10-09 05:00:00,"1097,244783140994","433,4776175984723","0,0"
2030-10-09 06:00:00,"615,6029858093582","433,4776175984723","0,0"
2030-10-09 07:00:00,"366,226665537853","224,43868824435464","0,0"
2030-10-09 08:00:00,"6,765548562127833","323,51500527815267","0,0"
2030-10-09 09:00:00,"0,0","6,088993705915049","0,0"
2030-10-09 10:00:00,"0,0","0,0","0,0"
2030-10-09 11:00:00,"433,4776175984723","0,0","433,4776175984723"
2030-10-09 12:00:00,"866,9552351969446","0,0","433,4776175984723"
2030-10-09 13:00:00,"1300,432852795417","0,0","433,4776175984723"
2030-10-09 14:00:00,"1733,9104703938892","0,0","433,4776175984723"
2030-10-09 15:00:00,"1733,9104703938892","0,0","0,0"
2030-10-09 16:00:00,"1252,2686730622534","433,4776175984723","0,0"
2030-10-09 17:00:00,"770,6268757306175","433,4776175984723","0,0"
2030-10-09 18:00:00,"288,98507839898156","433,4776175984723","0,0"
2030-10-09 19:00:00,"244,17348652495428","40,33043268662455","0,0"
2030-10-09 20:00:00,"0,0","219,75613787245885","0,0"
2030-10-09 21:00:00,"0,0","0,0","0,0"
2030-10-09 22:00:00,"0,0","0,0","0,0"
2030-10-09 23:00:00,"433,4776175984723","0,0","433,4776175984723"
2030-10-10 00:00:00,"866,9552351969446","0,0","433,4776175984723"
2030-10-10 01:00:00,"1300,432852795417","0,0","433,4776175984723"
2030-10-10 02:00:00,"1733,9104703938892","0,0","433,4776175984723"
2030-10-10 03:00:00,"1733,9104703938892","0,0","0,0"
2030-10-10 04:00:00,"1733,9104703938892","0,0","0,0"
2030-10-10 05:00:00,"1252,2686730622534","433,4776175984723","0,0"
2030-10-10 06:00:00,"770,6268757306175","433,4776175984723","0,0"
2030-10-10 07:00:00,"288,98507839898156","433,4776175984723","0,0"
2030-10-10 08:00:00,"288,98507839898156","0,0","0,0"
2030-10-10 09:00:00,"288,98507839898156","0,0","0,0"
2030-10-10 10:00:00,"433,4776175984723","0,0","144,49253919949075"
2030-10-10 11:00:00,"866,9552351969446","0,0","433,4776175984723"
2030-10-10 12:00:00,"1300,432852795417","0,0","433,4776175984723"
2030-10-10 13:00:00,"1733,9104703938892","0,0","433,4776175984723"
2030-10-10 14:00:00,"1733,9104703938892","0,0","0,0"
2030-10-10 15:00:00,"1733,9104703938892","0,0","0,0"
2030-10-10 16:00:00,"1252,2686730622534","433,4776175984723","0,0"
2030-10-10 17:00:00,"770,6268757306175","433,4776175984723","0,0"
2030-10-10 18:00:00,"288,98507839898156","433,4776175984723","0,0"
2030-10-10 19:00:00,"0,0","260,0865705590834","0,0"
2030-10-10 20:00:00,"0,0","0,0","0,0"
2030-10-10 21:00:00,"377,7602161296893","0,0","377,7602161296893"
2030-10-10 22:00:00,"811,2378337281616","0,0","433,4776175984723"
2030-10-10 23:00:00,"1244,715451326634","0,0","433,4776175984723"
2030-10-11 00:00:00,"1649,5029234432795","0,0","404,78747211664563"
2030-10-11 01:00:00,"1616,0646596417537","30,094437421373243","0,0"
2030-10-11 02:00:00,"1733,9104703938892","0,0","117,84581075213555"
2030-10-11 03:00:00,"1733,9104703938892","0,0","0,0"
2030-10-11 04:00:00,"1252,2686730622534","433,4776175984723","0,0"
2030-10-11 05:00:00,"963,2835946632719","260,0865705590833","0,0"
2030-10-11 06:00:00,"481,6417973316359","433,4776175984723","0,0"
2030-10-11 07:00:00,"0,0","433,4776175984723","0,0"
2030-10-11 08:00:00,"0,0","0,0","0,0"
2030-10-11 09:00:00,"0,0","0,0","0,0"
2030-10-11 10:00:00,"0,0","0,0","0,0"
2030-10-11 11:00:00,"433,4776175984723","0,0","433,4776175984723"
2030-10-11 12:00:00,"866,9552351969446","0,0","433,4776175984723"
2030-10-11 13:00:00,"1300,432852795417","0,0","433,4776175984723"
2030-10-11 14:00:00,"1300,432852795417","0,0","0,0"
2030-10-11 15:00:00,"1300,432852795417","0,0","0,0"
2030-10-11 16:00:00,"818,791055463781","433,4776175984723","0,0"
2030-10-11 17:00:00,"806,1648667654354","11,36356982851116","0,0"
2030-10-11 18:00:00,"725,2751947946656","72,80070477369283","0,0"
2030-10-11 19:00:00,"514,4010779414323","189,78670516790993","0,0"
2030-10-11 20:00:00,"356,96164693771755","141,69548790334323","0,0"
2030-10-11 21:00:00,"410,20528859017816","0,0","53,24364165246061"
2030-10-11 22:00:00,"410,20528859017816","0,0","0,0"
2030-10-11 23:00:00,"0,0","369,18475973116034","0,0"
2030-10-12 00:00:00,"144,49253919949092","0,0","144,49253919949092"
2030-10-12 01:00:00,"577,9701567979632","0,0","433,4776175984723"
2030-10-12 02:00:00,"1011,4477743964355","0,0","433,4776175984723"
2030-10-12 03:00:00,"1444,9253919949078","0,0","433,4776175984723"
2030-10-12 04:00:00,"1444,9253919949078","0,0","0,0"
2030-10-12 05:00:00,"963,2835946632719","433,4776175984723","0,0"
2030-10-12 06:00:00,"481,6417973316359","433,4776175984723","0,0"
2030-10-12 07:00:00,"0,0","433,4776175984723","0,0"
2030-10-12 08:00:00,"433,4776175984723","0,0","433,4776175984723"
2030-10-12 09:00:00,"866,9552351969446","0,0","433,4776175984723"
2030-10-12 10:00:00,"1300,432852795417","0,0","433,4776175984723"
2030-10-12 11:00:00,"1300,432852795417","0,0","0,0"
2030-10-12 12:00:00,"1300,432852795417","0,0","0,0"
2030-10-12 13:00:00,"1300,432852795417","0,0","0,0"
2030-10-12 14:00:00,"1733,9104703938892","0,0","433,4776175984723"
2030-10-12 15:00:00,"1733,9104703938892","0,0","0,0"
2030-10-12 16:00:00,"1733,9104703938892","0,0","0,0"
2030-10-12 17:00:00,"1252,2686730622534","433,4776175984723","0,0"
2030-10-12 18:00:00,"770,6268757306175","433,4776175984723","0,0"
2030-10-12 19:00:00,"288,98507839898156","433,4776175984723","0,0"
2030-10-12 20:00:00,"0,0","260,0865705590834","0,0"
2030-10-12 21:00:00,"0,0","0,0","0,0"
2030-10-12 22:00:00,"433,4776175984723","0,0","433,4776175984723"
2030-10-12 23:00:00,"433,4776175984723","0,0","0,0"
2030-10-13 00:00:00,"866,9552351969446","0,0","433,4776175984723"
2030-10-13 01:00:00,"1300,432852795417","0,0","433,4776175984723"
2030-10-13 02:00:00,"1733,9104703938892","0,0","433,4776175984723"
2030-10-13 03:00:00,"1733,9104703938892","0,0","0,0"
2030-10-13 04:00:00,"1444,9253919949078","260,0865705590832","0,0"
2030-10-13 05:00:00,"963,2835946632719","433,4776175984723","0,0"
2030-10-13 06:00:00,"481,6417973316359","433,4776175984723","0,0"
2030-10-13 07:00:00,"0,0","433,4776175984723","0,0"
2030-10-13 08:00:00,"0,0","0,0","0,0"
2030-10-13 09:00:00,"433,4776175984723","0,0","433,4776175984723"
2030-10-13 10:00:00,"866,9552351969446","0,0","433,4776175984723"
2030-10-13 11:00:00,"866,9552351969446","0,0","0,0"
2030-10-13 12:00:00,"866,9552351969446","0,0","0,0"
2030-10-13 13:00:00,"1300,432852795417","0,0","433,4776175984723"
2030-10-13 14:00:00,"1733,9104703938892","0,0","433,4776175984723"
2030-10-13 15:00:00,"1733,9104703938892","0,0","0,0"
2030-10-13 16:00:00,"1733,9104703938892","0,0","0,0"
2030-10-13 17:00:00,"1733,9104703938892","0,0","0,0"
2030-10-13 18:00:00,"1733,9104703938892","0,0","0,0"
2030-10-13 19:00:00,"1733,9104703938892","0,0","0,0"
2030-10-13 20:00:00,"1733,9104703938892","0,0","0,0"
2030-10-13 21:00:00,"1733,9104703938892","0,0","0,0"
2030-10-13 22:00:00,"1733,9104703938892","0,0","0,0"
2030-10-13 23:00:00,"1733,9104703938892","0,0","0,0"
2030-10-14 00:00:00,"1733,9104703938892","0,0","0,0"
2030-10-14 01:00:00,"1733,9104703938892","0,0","0,0"
2030-10-14 02:00:00,"1733,9104703938892","0,0","0,0"
2030-10-14 03:00:00,"1733,9104703938892","0,0","0,0"
2030-10-14 04:00:00,"1444,9253919949078","260,0865705590832","0,0"
2030-10-14 05:00:00,"963,2835946632719","433,4776175984723","0,0"
2030-10-14 06:00:00,"481,6417973316359","433,4776175984723","0,0"
2030-10-14 07:00:00,"0,0","433,4776175984723","0,0"
2030-10-14 08:00:00,"0,0","0,0","0,0"
2030-10-14 09:00:00,"0,0","0,0","0,0"
2030-10-14 10:00:00,"0,0","0,0","0,0"
2030-10-14 11:00:00,"433,4776175984723","0,0","433,4776175984723"
2030-10-14 12:00:00,"866,9552351969446","0,0","433,4776175984723"
2030-10-14 13:00:00,"1300,432852795417","0,0","433,4776175984723"
2030-10-14 14:00:00,"1300,432852795417","0,0","0,0"
2030-10-14 15:00:00,"1300,432852795417","0,0","0,0"
2030-10-14 16:00:00,"818,791055463781","433,4776175984723","0,0"
2030-10-14 17:00:00,"337,1492581321451","433,4776175984723","0,0"
2030-10-14 18:00:00,"337,1492581321451","0,0","0,0"
2030-10-14 19:00:00,"337,1492581321451","0,0","0,0"
2030-10-14 20:00:00,"337,1492581321451","0,0","0,0"
2030-10-14 21:00:00,"337,1492581321451","0,0","0,0"
2030-10-14 22:00:00,"770,6268757306175","0,0","433,4776175984723"
2030-10-14 23:00:00,"963,2835946632719","0,0","192,65671893265437"
2030-10-15 00:00:00,"963,2835946632719","0,0","0,0"
2030-10-15 01:00:00,"963,2835946632719","0,0","0,0"
2030-10-15 02:00:00,"963,2835946632719","0,0","0,0"
2030-10-15 03:00:00,"963,2835946632719","0,0","0,0"
2030-10-15 04:00:00,"963,2835946632719","0,0","0,0"
2030-10-15 05:00:00,"481,6417973316359","433,4776175984723","0,0"
2030-10-15 06:00:00,"0,0","433,4776175984723","0,0"
2030-10-15 07:00:00,"0,0","0,0","0,0"
2030-10-15 08:00:00,"0,0","0,0","0,0"
2030-10-15 09:00:00,"330,6579775214198","0,0","330,6579775214198"
2030-10-15 10:00:00,"764,1355951198921","0,0","433,4776175984723"
2030-10-15 11:00:00,"1197,6132127183644","0,0","433,4776175984723"
2030-10-15 12:00:00,"1393,774760649397","0,0","196,1615479310326"
2030-10-15 13:00:00,"1393,774760649397","0,0","0,0"
2030-10-15 14:00:00,"1733,9104703938892","0,0","340,13570974449226"
2030-10-15 15:00:00,"1733,9104703938892","0,0","0,0"
2030-10-15 16:00:00,"1733,9104703938892","0,0","0,0"
2030-10-15 17:00:00,"1733,9104703938892","0,0","0,0"
2030-10-15 18:00:00,"1733,9104703938892","0,0","0,0"
2030-10-15 19:00:00,"1626,5030257905255","96,66670014302743","0,0"
2030-10-15 20:00:00,"1216,1845564692553","369,28662238914325","0,0"
2030-10-15 21:00:00,"734,5427591376194","433,4776175984723","0,0"
2030-10-15 22:00:00,"252,9009618059835","433,4776175984723","0,0"
2030-10-15 23:00:00,"0,0","227,61086562538514","0,0"
2030-10-16 00:00:00,"0,0","0,0","0,0"
2030-10-16 01:00:00,"0,0","0,0","0,0"
2030-10-16 02:00:00,"0,0","0,0","0,0"
2030-10-16 03:00:00,"0,0","0,0","0,0"
2030-10-16 04:00:00,"0,0","0,0","0,0"
2030-10-16 05:00:00,"433,4776175984723","0,0","433,4776175984723"
2030-10-16 06:00:00,"866,9552351969446","0,0","433,4776175984723"
2030-10-16 07:00:00,"1300,432852795417","0,0","433,4776175984723"
2030-10-16 08:00:00,"1459,2429712204794","0,0","158,8101184250624"
2030-10-16 09:00:00,"1459,2429712204794","0,0","0,0"
2030-10-16 10:00:00,"1459,2429712204794","0,0","0,0"
2030-10-16 11:00:00,"1459,2429712204794","0,0","0,0"
2030-10-16 12:00:00,"1459,2429712204794","0,0","0,0"
2030-10-16 13:00:00,"1733,9104703938892","0,0","274,66749917340985"
2030-10-16 14:00:00,"1733,9104703938892","0,0","0,0"
2030-10-16 15:00:00,"1733,9104703938892","0,0","0,0"
2030-10-16 16:00:00,"1252,2686730622534","433,4776175984723","0,0"
2030-10-16 17:00:00,"770,6268757306175","433,4776175984723","0,0"
2030-10-16 18:00:00,"724,0056931916374","41,95906428508206","0,0"
2030-10-16 19:00:00,"724,0056931916374","0,0","0,0"
2030-10-16 20:00:00,"724,0056931916374","0,0","0,0"
2030-10-16 21:00:00,"724,0056931916374","0,0","0,0"
2030-10-16 22:00:00,"724,0056931916374","0,0","0,0"
2030-10-16 23:00:00,"724,0056931916374","0,0","0,0"
2030-10-17 00:00:00,"724,0056931916374","0,0","0,0"
2030-10-17 01:00:00,"724,0056931916374","0,0","0,0"
2030-10-17 02:00:00,"713,1771235022339","9,745712720463146","0,0"
2030-10-17 03:00:00,"885,638300663288","0,0","172,46117716105402"
2030-10-17 04:00:00,"1319,1159182617603","0,0","433,4776175984723"
2030-10-17 05:00:00,"868,7374621225817","405,34061052526073","0,0"
2030-10-17 06:00:00,"481,6417973316359","348,3860983118512","0,0"
2030-10-17 07:00:00,"0,0","433,4776175984723","0,0"
2030-10-17 08:00:00,"0,0","0,0","0,0"
2030-10-17 09:00:00,"433,4776175984723","0,0","433,4776175984723"
2030-10-17 10:00:00,"866,9552351969446","0,0","433,4776175984723"
2030-10-17 11:00:00,"1300,432852795417","0,0","433,4776175984723"
2030-10-17 12:00:00,"1300,432852795417","0,0","0,0"
2030-10-17 13:00:00,"1300,9778811355743","0,0","0,545028340157387"
2030-10-17 14:00:00,"1733,9104703938892","0,0","432,9325892583149"
2030-10-17 15:00:00,"1733,9104703938892","0,0","0,0"
2030-10-17 16:00:00,"1252,2686730622534","433,4776175984723","0,0"
2030-10-17 17:00:00,"770,6268757306175","433,4776175984723","0,0"
2030-10-17 18:00:00,"288,98507839898156","433,4776175984723","0,0"
2030-10-17 19:00:00,"0,0","260,0865705590834","0,0"
2030-10-17 20:00:00,"0,0","0,0","0,0"
2030-10-17 21:00:00,"235,04697153497557","0,0","235,04697153497557"
2030-10-17 22:00:00,"235,04697153497557","0,0","0,0"
2030-10-17 23:00:00,"433,4776175984723","0,0","198,43064606349674"
2030-10-18 00:00:00,"866,9552351969446","0,0","433,4776175984723"
2030-10-18 01:00:00,"1300,432852795417","0,0","433,4776175984723"
2030-10-18 02:00:00,"1733,9104703938892","0,0","433,4776175984723"
2030-10-18 03:00:00,"1733,9104703938892","0,0","0,0"
2030-10-18 04:00:00,"1733,9104703938892","0,0","0,0"
2030-10-18 05:00:00,"1252,2686730622534","433,4776175984723","0,0"
2030-10-18 06:00:00,"770,6268757306175","433,4776175984723","0,0"
2030-10-18 07:00:00,"288,98507839898156","433,4776175984723","0,0"
2030-10-18 08:00:00,"0,0","260,0865705590834","0,0"
2030-10-18 09:00:00,"205,14936715862655","0,0","205,14936715862655"
2030-10-18 10:00:00,"593,5273591455762","0,0","388,3779919869496"
2030-10-18 11:00:00,"1027,0049767440485","0,0","433,4776175984723"
2030-10-18 12:00:00,"1460,4825943425208","0,0","433,4776175984723"
2030-10-18 13:00:00,"1733,9104703938892","0,0","273,4278760513685"
2030-10-18 14:00:00,"1733,9104703938892","0,0","0,0"
2030-10-18 15:00:00,"1733,9104703938892","0,0","0,0"
2030-10-18 16:00:00,"1252,2686730622534","433,4776175984723","0,0"
2030-10-18 17:00:00,"770,6268757306175","433,4776175984723","0,0"
2030-10-18 18:00:00,"288,98507839898156","433,4776175984723","0,0"
2030-10-18 19:00:00,"0,0","260,0865705590834","0,0"
2030-10-18 20:00:00,"0,0","0,0","0,0"
2030-10-18 21:00:00,"0,0","0,0","0,0"
2030-10-18 22:00:00,"0,0","0,0","0,0"
2030-10-18 23:00:00,"0,0","0,0","0,0"
2030-10-19 00:00:00,"0,0","0,0","0,0"
2030-10-19 01:00:00,"0,0","0,0","0,0"
2030-10-19 02:00:00,"0,0","0,0","0,0"
2030-10-19 03:00:00,"0,0","0,0","0,0"
2030-10-19 04:00:00,"0,0","0,0","0,0"
2030-10-19 05:00:00,"0,0","0,0","0,0"
2030-10-19 06:00:00,"0,0","0,0","0,0"
2030-10-19 07:00:00,"0,0","0,0","0,0"
2030-10-19 08:00:00,"0,0","0,0","0,0"
2030-10-19 09:00:00,"0,0","0,0","0,0"
2030-10-19 10:00:00,"0,0","0,0","0,0"
2030-10-19 11:00:00,"433,4776175984723","0,0","433,4776175984723"
2030-10-19 12:00:00,"866,9552351969446","0,0","433,4776175984723"
2030-10-19 13:00:00,"1300,432852795417","0,0","433,4776175984723"
2030-10-19 14:00:00,"1733,9104703938892","0,0","433,4776175984723"
2030-10-19 15:00:00,"1733,9104703938892","0,0","0,0"
2030-10-19 16:00:00,"1733,9104703938892","0,0","0,0"
2030-10-19 17:00:00,"1252,2686730622534","433,4776175984723","0,0"
2030-10-19 18:00:00,"770,6268757306175","433,4776175984723","0,0"
2030-10-19 19:00:00,"288,98507839898156","433,4776175984723","0,0"
2030-10-19 20:00:00,"0,0","260,0865705590834","0,0"
2030-10-19 21:00:00,"0,0","0,0","0,0"
2030-10-19 22:00:00,"0,0","0,0","0,0"
2030-10-19 23:00:00,"0,0","0,0","0,0"
2030-10-20 00:00:00,"0,0","0,0","0,0"
2030-10-20 01:00:00,"0,0","0,0","0,0"
2030-10-20 02:00:00,"48,16417973316362","0,0","48,16417973316362"
2030-10-20 03:00:00,"481,6417973316359","0,0","433,4776175984723"
2030-10-20 04:00:00,"481,6417973316359","0,0","0,0"
2030-10-20 05:00:00,"481,6417973316359","0,0","0,0"
2030-10-20 06:00:00,"0,0","433,4776175984723","0,0"
2030-10-20 07:00:00,"0,0","0,0","0,0"
2030-10-20 08:00:00,"0,0","0,0","0,0"
2030-10-20 09:00:00,"0,0","0,0","0,0"
2030-10-20 10:00:00,"0,0","0,0","0,0"
2030-10-20 11:00:00,"433,4776175984723","0,0","433,4776175984723"
2030-10-20 12:00:00,"866,9552351969446","0,0","433,4776175984723"
2030-10-20 13:00:00,"1300,432852795417","0,0","433,4776175984723"
2030-10-20 14:00:00,"1733,9104703938892","0,0","433,4776175984723"
2030-10-20 15:00:00,"1733,9104703938892","0,0","0,0"
2030-10-20 16:00:00,"1252,2686730622534","433,4776175984723","0,0"
2030-10-20 17:00:00,"770,6268757306175","433,4776175984723","0,0"
2030-10-20 18:00:00,"288,98507839898156","433,4776175984723","0,0"
2030-10-20 19:00:00,"20,776103638089914","241,38807728480245","0,0"
2030-10-20 20:00:00,"20,776103638089914","0,0","0,0"
2030-10-20 21:00:00,"20,776103638089914","0,0","0,0"
2030-10-20 22:00:00,"20,776103638089914","0,0","0,0"
2030-10-20 23:00:00,"0,0","18,69849327428092","0,0"
2030-10-21 00:00:00,"0,0","0,0","0,0"
2030-10-21 01:00:00,"0,0","0,0","0,0"
2030-10-21 02:00:00,"0,0","0,0","0,0"
2030-10-21 03:00:00,"0,0","0,0","0,0"
2030-10-21 04:00:00,"119,9716586351135","0,0","119,9716586351135"
2030-10-21 05:00:00,"119,9716586351135","0,0","0,0"
2030-10-21 06:00:00,"119,9716586351135","0,0","0,0"
2030-10-21 07:00:00,"119,9716586351135","0,0","0,0"
2030-10-21 08:00:00,"119,9716586351135","0,0","0,0"
2030-10-21 09:00:00,"553,4492762335858","0,0","433,4776175984723"
2030-10-21 10:00:00,"986,9268938320581","0,0","433,4776175984723"
2030-10-21 11:00:00,"1420,4045114305304","0,0","433,4776175984723"
2030-10-21 12:00:00,"1733,9104703938892","0,0","313,50595896335886"
2030-10-21 13:00:00,"1733,9104703938892","0,0","0,0"
2030-10-21 14:00:00,"1733,9104703938892","0,0","0,0"
2030-10-21 15:00:00,"1733,9104703938892","0,0","0,0"
2030-10-21 16:00:00,"1252,2686730622534","433,4776175984723","0,0"
2030-10-21 17:00:00,"770,6268757306175","433,4776175984723","0,0"
2030-10-21 18:00:00,"481,6417973316359","260,0865705590834","0,0"
2030-10-21 19:00:00,"0,0","433,4776175984723","0,0"
2030-10-21 20:00:00,"0,0","0,0","0,0"
2030-10-21 21:00:00,"0,0","0,0","0,0"
2030-10-21 22:00:00,"0,0","0,0","0,0"
2030-10-21 23:00:00,"0,0","0,0","0,0"
2030-10-22 00:00:00,"0,0","0,0","0,0"
2030-10-22 01:00:00,"236,1806511382781","0,0","236,1806511382781"
2030-10-22 02:00:00,"669,6582687367504","0,0","433,4776175984723"
2030-10-22 03:00:00,"1103,1358863352227","0,0","433,4776175984723"
2030-10-22 04:00:00,"1536,613503933695","0,0","433,4776175984723"
2030-10-22 05:00:00,"1536,613503933695","0,0","0,0"
2030-10-22 06:00:00,"1054,9717066020592","433,4776175984723","0,0"
2030-10-22 07:00:00,"1054,9717066020592","0,0","0,0"
2030-10-22 08:00:00,"1054,9717066020592","0,0","0,0"
2030-10-22 09:00:00,"1054,9717066020592","0,0","0,0"
2030-10-22 10:00:00,"1300,432852795417","0,0","245,46114619335776"
2030-10-22 11:00:00,"1733,9104703938892","0,0","433,4776175984723"
2030-10-22 12:00:00,"1733,9104703938892","0,0","0,0"
2030-10-22 13:00:00,"1733,9104703938892","0,0","0,0"
2030-10-22 14:00:00,"1733,9104703938892","0,0","0,0"
2030-10-22 15:00:00,"1733,9104703938892","0,0","0,0"
2030-10-22 16:00:00,"1252,2686730622534","433,4776175984723","0,0"
2030-10-22 17:00:00,"770,6268757306175","433,4776175984723","0,0"
2030-10-22 18:00:00,"288,98507839898156","433,4776175984723","0,0"
2030-10-22 19:00:00,"288,98507839898156","0,0","0,0"
2030-10-22 20:00:00,"288,98507839898156","0,0","0,0"
2030-10-22 21:00:00,"722,4626959974539","0,0","433,4776175984723"
2030-10-22 22:00:00,"722,4626959974539","0,0","0,0"
2030-10-22 23:00:00,"1155,9403135959262","0,0","433,4776175984723"
2030-10-23 00:00:00,"1589,4179311943985","0,0","433,4776175984723"
2030-10-23 01:00:00,"1733,9104703938892","0,0","144,4925391994907"
2030-10-23 02:00:00,"1733,9104703938892","0,0","0,0"
2030-10-23 03:00:00,"1733,9104703938892","0,0","0,0"
2030-10-23 04:00:00,"1733,9104703938892","0,0","0,0"
2030-10-23 05:00:00,"1733,9104703938892","0,0","0,0"
2030-10-23 06:00:00,"1252,2686730622534","433,4776175984723","0,0"
2030-10-23 07:00:00,"965,4215699397565","258,1623928102471","0,0"
2030-10-23 08:00:00,"965,4215699397565","0,0","0,0"
2030-10-23 09:00:00,"965,4215699397565","0,0","0,0"
2030-10-23 10:00:00,"978,0042298138424","0,0","12,582659874085834"
2030-10-23 11:00:00,"978,0042298138424","0,0","0,0"
2030-10-23 12:00:00,"1300,432852795417","0,0","322,4286229815746"
2030-10-23 13:00:00,"1733,9104703938892","0,0","433,4776175984723"
2030-10-23 14:00:00,"1733,9104703938892","0,0","0,0"
2030-10-23 15:00:00,"1644,3435494201979","80,6102288763223","0,0"
2030-10-23 16:00:00,"1644,3435494201979","0,0","0,0"
2030-10-23 17:00:00,"1162,701752088562","433,4776175984723","0,0"
2030-10-23 18:00:00,"999,1972731548174","147,1540310403701","0,0"
2030-10-23 19:00:00,"517,5554758231815","433,4776175984723","0,0"
2030-10-23 20:00:00,"35,91367849154557","433,4776175984723","0,0"
2030-10-23 21:00:00,"35,91367849154557","0,0","0,0"
2030-10-23 22:00:00,"35,91367849154557","0,0","0,0"
2030-10-23 23:00:00,"35,91367849154557","0,0","0,0"
2030-10-24 00:00:00,"35,91367849154557","0,0","0,0"
2030-10-24 01:00:00,"469,3912960900179","0,0","433,4776175984723"
2030-10-24 02:00:00,"469,3912960900179","0,0","0,0"
2030-10-24 03:00:00,"469,3912960900179","0,0","0,0"
2030-10-24 04:00:00,"469,3912960900179","0,0","0,0"
2030-10-24 05:00:00,"315,795523823647","138,2361950397338","0,0"
2030-10-24 06:00:00,"104,58566140510513","190,08887617668768","0,0"
2030-10-24 07:00:00,"0,0","94,12709526459462","0,0"
2030-10-24 08:00:00,"0,0","0,0","0,0"
2030-10-24 09:00:00,"0,0","0,0","0,0"
2030-10-24 10:00:00,"96,32835946632724","0,0","96,32835946632724"
2030-10-24 11:00:00,"96,32835946632724","0,0","0,0"
2030-10-24 12:00:00,"529,8059770647995","0,0","433,4776175984723"
2030-10-24 13:00:00,"963,2835946632719","0,0","433,4776175984723"
2030-10-24 14:00:00,"963,2835946632719","0,0","0,0"
2030-10-24 15:00:00,"963,2835946632719","0,0","0,0"
2030-10-24 16:00:00,"481,6417973316359","433,4776175984723","0,0"
2030-10-24 17:00:00,"0,0","433,4776175984723","0,0"
2030-10-24 18:00:00,"0,0","0,0","0,0"
2030-10-24 19:00:00,"0,0","0,0","0,0"
2030-10-24 20:00:00,"0,0","0,0","0,0"
2030-10-24 21:00:00,"0,0","0,0","0,0"
2030-10-24 22:00:00,"0,0","0,0","0,0"
2030-10-24 23:00:00,"433,4776175984723","0,0","433,4776175984723"
2030-10-25 00:00:00,"866,9552351969446","0,0","433,4776175984723"
2030-10-25 01:00:00,"1300,432852795417","0,0","433,4776175984723"
2030-10-25 02:00:00,"1733,9104703938892","0,0","433,4776175984723"
2030-10-25 03:00:00,"1733,9104703938892","0,0","0,0"
2030-10-25 04:00:00,"1733,9104703938892","0,0","0,0"
2030-10-25 05:00:00,"1252,2686730622534","433,4776175984723","0,0"
2030-10-25 06:00:00,"770,6268757306175","433,4776175984723","0,0"
2030-10-25 07:00:00,"288,98507839898156","433,4776175984723","0,0"
2030-10-25 08:00:00,"288,98507839898156","0,0","0,0"
2030-10-25 09:00:00,"288,98507839898156","0,0","0,0"
2030-10-25 10:00:00,"288,98507839898156","0,0","0,0"
2030-10-25 11:00:00,"722,4626959974539","0,0","433,4776175984723"
2030-10-25 12:00:00,"1155,9403135959262","0,0","433,4776175984723"
2030-10-25 13:00:00,"1314,1772131069538","0,0","158,23689951102756"
2030-10-25 14:00:00,"1314,1772131069538","0,0","0,0"
2030-10-25 15:00:00,"832,5354157753179","433,4776175984723","0,0"
2030-10-25 16:00:00,"350,893618443682","433,4776175984723","0,0"
2030-10-25 17:00:00,"0,0","315,80425659931376","0,0"
2030-10-25 18:00:00,"128,33214873876398","0,0","128,33214873876398"
2030-10-25 19:00:00,"0,0","115,49893386488758","0,0"
2030-10-25 20:00:00,"0,0","0,0","0,0"
2030-10-25 21:00:00,"0,0","0,0","0,0"
2030-10-25 22:00:00,"0,0","0,0","0,0"
2030-10-25 23:00:00,"0,0","0,0","0,0"
2030-10-26 00:00:00,"0,0","0,0","0,0"
2030-10-26 01:00:00,"0,0","0,0","0,0"
2030-10-26 02:00:00,"0,0","0,0","0,0"
2030-10-26 03:00:00,"0,0","0,0","0,0"
2030-10-26 04:00:00,"122,75291975010033","0,0","122,75291975010033"
2030-10-26 05:00:00,"122,75291975010033","0,0","0,0"
2030-10-26 06:00:00,"122,75291975010033","0,0","0,0"
2030-10-26 07:00:00,"122,75291975010033","0,0","0,0"
2030-10-26 08:00:00,"122,75291975010033","0,0","0,0"
2030-10-26 09:00:00,"122,75291975010033","0,0","0,0"
2030-10-26 10:00:00,"556,2305373485726","0,0","433,4776175984723"
2030-10-26 11:00:00,"953,2964406881156","0,0","397,06590333954296"
2030-10-26 12:00:00,"1386,774058286588","0,0","433,4776175984723"
2030-10-26 13:00:00,"1733,9104703938892","0,0","347,13641210730134"
2030-10-26 14:00:00,"1733,9104703938892","0,0","0,0"
2030-10-26 15:00:00,"1733,9104703938892","0,0","0,0"
2030-10-26 16:00:00,"1252,2686730622534","433,4776175984723","0,0"
2030-10-26 17:00:00,"770,6268757306175","433,4776175984723","0,0"
2030-10-26 18:00:00,"288,98507839898156","433,4776175984723","0,0"
2030-10-26 19:00:00,"288,98507839898156","0,0","0,0"
2030-10-26 20:00:00,"288,98507839898156","0,0","0,0"
2030-10-26 21:00:00,"288,98507839898156","0,0","0,0"
2030-10-26 22:00:00,"288,98507839898156","0,0","0,0"
2030-10-26 23:00:00,"288,98507839898156","0,0","0,0"
2030-10-27 00:00:00,"288,98507839898156","0,0","0,0"
2030-10-27 01:00:00,"288,98507839898156","0,0","0,0"
2030-10-27 02:00:00,"288,98507839898156","0,0","0,0"
2030-10-27 03:00:00,"288,98507839898156","0,0","0,0"
2030-10-27 04:00:00,"288,98507839898156","0,0","0,0"
2030-10-27 05:00:00,"288,98507839898156","0,0","0,0"
2030-10-27 06:00:00,"288,98507839898156","0,0","0,0"
2030-10-27 07:00:00,"288,98507839898156","0,0","0,0"
2030-10-27 08:00:00,"722,4626959974539","0,0","433,4776175984723"
2030-10-27 09:00:00,"1155,9403135959262","0,0","433,4776175984723"
2030-10-27 10:00:00,"1589,4179311943985","0,0","433,4776175984723"
2030-10-27 11:00:00,"1733,9104703938892","0,0","144,4925391994907"
2030-10-27 12:00:00,"1733,9104703938892","0,0","0,0"
2030-10-27 13:00:00,"1733,9104703938892","0,0","0,0"
2030-10-27 14:00:00,"1733,9104703938892","0,0","0,0"
2030-10-27 15:00:00,"1733,9104703938892","0,0","0,0"
2030-10-27 16:00:00,"1733,9104703938892","0,0","0,0"
2030-10-27 17:00:00,"1252,2686730622534","433,4776175984723","0,0"
2030-10-27 18:00:00,"770,6268757306175","433,4776175984723","0,0"
2030-10-27 19:00:00,"288,98507839898156","433,4776175984723","0,0"
2030-10-27 20:00:00,"288,98507839898156","0,0","0,0"
2030-10-27 21:00:00,"288,98507839898156","0,0","0,0"
2030-10-27 22:00:00,"288,98507839898156","0,0","0,0"
2030-10-27 23:00:00,"722,4626959974539","0,0","433,4776175984723"
2030-10-28 00:00:00,"722,4626959974539","0,0","0,0"
2030-10-28 01:00:00,"1155,9403135959262","0,0","433,4776175984723"
2030-10-28 02:00:00,"1589,4179311943985","0,0","433,4776175984723"
2030-10-28 03:00:00,"1733,9104703938892","0,0","144,4925391994907"
2030-10-28 04:00:00,"1733,9104703938892","0,0","0,0"
2030-10-28 05:00:00,"1733,9104703938892","0,0","0,0"
2030-10-28 06:00:00,"1252,2686730622534","433,4776175984723","0,0"
2030-10-28 07:00:00,"770,6268757306175","433,4776175984723","0,0"
2030-10-28 08:00:00,"770,6268757306175","0,0","0,0"
2030-10-28 09:00:00,"770,6268757306175","0,0","0,0"
2030-10-28 10:00:00,"866,9552351969446","0,0","96,32835946632713"
2030-10-28 11:00:00,"1300,432852795417","0,0","433,4776175984723"
2030-10-28 12:00:00,"1733,9104703938892","0,0","433,4776175984723"
2030-10-28 13:00:00,"1733,9104703938892","0,0","0,0"
2030-10-28 14:00:00,"1733,9104703938892","0,0","0,0"
2030-10-28 15:00:00,"1733,9104703938892","0,0","0,0"
2030-10-28 16:00:00,"1444,9253919949078","260,0865705590832","0,0"
2030-10-28 17:00:00,"963,2835946632719","433,4776175984723","0,0"
2030-10-28 18:00:00,"481,6417973316359","433,4776175984723","0,0"
2030-10-28 19:00:00,"0,0","433,4776175984723","0,0"
2030-10-28 20:00:00,"0,0","0,0","0,0"
2030-10-28 21:00:00,"0,0","0,0","0,0"
2030-10-28 22:00:00,"0,0","0,0","0,0"
2030-10-28 23:00:00,"0,0","0,0","0,0"
2030-10-29 00:00:00,"433,4776175984723","0,0","433,4776175984723"
2030-10-29 01:00:00,"866,9552351969446","0,0","433,4776175984723"
2030-10-29 02:00:00,"1300,432852795417","0,0","433,4776175984723"
2030-10-29 03:00:00,"1733,9104703938892","0,0","433,4776175984723"
2030-10-29 04:00:00,"1733,9104703938892","0,0","0,0"
2030-10-29 05:00:00,"1733,9104703938892","0,0","0,0"
2030-10-29 06:00:00,"1252,2686730622534","433,4776175984723","0,0"
2030-10-29 07:00:00,"770,6268757306175","433,4776175984723","0,0"
2030-10-29 08:00:00,"770,6268757306175","0,0","0,0"
2030-10-29 09:00:00,"770,6268757306175","0,0","0,0"
2030-10-29 10:00:00,"884,3049106687688","0,0","113,67803493815131"
2030-10-29 11:00:00,"1317,782528267241","0,0","433,4776175984723"
2030-10-29 12:00:00,"1444,9253919949078","0,0","127,1428637276667"
2030-10-29 13:00:00,"1444,9253919949078","0,0","0,0"
2030-10-29 14:00:00,"1444,9253919949078","0,0","0,0"
2030-10-29 15:00:00,"1444,9253919949078","0,0","0,0"
2030-10-29 16:00:00,"963,2835946632719","433,4776175984723","0,0"
2030-10-29 17:00:00,"481,6417973316359","433,4776175984723","0,0"
2030-10-29 18:00:00,"0,0","433,4776175984723","0,0"
2030-10-29 19:00:00,"0,0","0,0","0,0"
2030-10-29 20:00:00,"0,0","0,0","0,0"
2030-10-29 21:00:00,"0,0","0,0","0,0"
2030-10-29 22:00:00,"0,0","0,0","0,0"
2030-10-29 23:00:00,"0,0","0,0","0,0"
2030-10-30 00:00:00,"0,0","0,0","0,0"
2030-10-30 01:00:00,"0,0","0,0","0,0"
2030-10-30 02:00:00,"0,0","0,0","0,0"
2030-10-30 03:00:00,"0,0","0,0","0,0"
2030-10-30 04:00:00,"433,4776175984723","0,0","433,4776175984723"
2030-10-30 05:00:00,"866,9552351969446","0,0","433,4776175984723"
2030-10-30 06:00:00,"866,9552351969446","0,0","0,0"
2030-10-30 07:00:00,"665,28096719135","181,50684120503516","0,0"
2030-10-30 08:00:00,"781,5599151687722","0,0","116,27894797742228"
2030-10-30 09:00:00,"781,5599151687722","0,0","0,0"
2030-10-30 10:00:00,"866,9552351969446","0,0","85,39532002817232"
2030-10-30 11:00:00,"1300,432852795417","0,0","433,4776175984723"
2030-10-30 12:00:00,"1733,9104703938892","0,0","433,4776175984723"
2030-10-30 13:00:00,"1733,9104703938892","0,0","0,0"
2030-10-30 14:00:00,"1733,9104703938892","0,0","0,0"
2030-10-30 15:00:00,"1252,2686730622534","433,4776175984723","0,0"
2030-10-30 16:00:00,"770,6268757306175","433,4776175984723","0,0"
2030-10-30 17:00:00,"288,98507839898156","433,4776175984723","0,0"
2030-10-30 18:00:00,"0,0","260,0865705590834","0,0"
2030-10-30 19:00:00,"0,0","0,0","0,0"
2030-10-30 20:00:00,"0,0","0,0","0,0"
2030-10-30 21:00:00,"0,0","0,0","0,0"
2030-10-30 22:00:00,"0,0","0,0","0,0"
2030-10-30 23:00:00,"433,4776175984723","0,0","433,4776175984723"
2030-10-31 00:00:00,"866,9552351969446","0,0","433,4776175984723"
2030-10-31 01:00:00,"1300,432852795417","0,0","433,4776175984723"
2030-10-31 02:00:00,"1733,9104703938892","0,0","433,4776175984723"
2030-10-31 03:00:00,"1733,9104703938892","0,0","0,0"
2030-10-31 04:00:00,"1733,9104703938892","0,0","0,0"
2030-10-31 05:00:00,"1733,9104703938892","0,0","0,0"
2030-10-31 06:00:00,"1252,2686730622534","433,4776175984723","0,0"
2030-10-31 07:00:00,"770,6268757306175","433,4776175984723","0,0"
2030-10-31 08:00:00,"288,98507839898156","433,4776175984723","0,0"
2030-10-31 09:00:00,"288,98507839898156","0,0","0,0"
2030-10-31 10:00:00,"433,4776175984723","0,0","144,49253919949075"
2030-10-31 11:00:00,"866,9552351969446","0,0","433,4776175984723"
2030-10-31 12:00:00,"1300,432852795417","0,0","433,4776175984723"
2030-10-31 13:00:00,"1733,9104703938892","0,0","433,4776175984723"
2030-10-31 14:00:00,"1733,9104703938892","0,0","0,0"
2030-10-31 15:00:00,"1733,9104703938892","0,0","0,0"
2030-10-31 16:00:00,"1733,9104703938892","0,0","0,0"
2030-10-31 17:00:00,"1380,5303272893732","318,04212879406435","0,0"
2030-10-31 18:00:00,"898,8885299577373","433,4776175984723","0,0"
2030-10-31 19:00:00,"417,2467326261014","433,4776175984723","0,0"
2030-10-31 20:00:00,"0,0","375,5220593634912","0,0"
2030-10-31 21:00:00,"0,0","0,0","0,0"
2030-10-31 22:00:00,"0,0","0,0","0,0"
2030-10-31 23:00:00,"0,0","0,0","0,0"
2030-11-01 00:00:00,"0,0","0,0","0,0"
2030-11-01 01:00:00,"0,0","0,0","0,0"
2030-11-01 02:00:00,"0,0","0,0","0,0"
2030-11-01 03:00:00,"0,0","0,0","0,0"
2030-11-01 04:00:00,"0,0","0,0","0,0"
2030-11-01 05:00:00,"0,0","0,0","0,0"
2030-11-01 06:00:00,"0,0","0,0","0,0"
2030-11-01 07:00:00,"0,0","0,0","0,0"
2030-11-01 08:00:00,"0,0","0,0","0,0"
2030-11-01 09:00:00,"0,0","0,0","0,0"
2030-11-01 10:00:00,"0,0","0,0","0,0"
2030-11-01 11:00:00,"433,4776175984723","0,0","433,4776175984723"
2030-11-01 12:00:00,"866,9552351969446","0,0","433,4776175984723"
2030-11-01 13:00:00,"1300,432852795417","0,0","433,4776175984723"
2030-11-01 14:00:00,"1733,9104703938892","0,0","433,4776175984723"
2030-11-01 15:00:00,"1252,2686730622534","433,4776175984723","0,0"
2030-11-01 16:00:00,"1685,7462906607257","0,0","433,4776175984723"
2030-11-01 17:00:00,"1495,900362543847","170,86133530519078","0,0"
2030-11-01 18:00:00,"1014,2585652122111","433,4776175984723","0,0"
2030-11-01 19:00:00,"553,3114454807323","414,85240775833086","0,0"
2030-11-01 20:00:00,"986,7890630792047","0,0","433,4776175984723"
2030-11-01 21:00:00,"1420,266680677677","0,0","433,4776175984723"
2030-11-01 22:00:00,"1446,3920147470185","0,0","26,12533406934159"
2030-11-01 23:00:00,"1296,4883770487058","134,91327392848143","0,0"
2030-11-02 00:00:00,"1729,9659946471781","0,0","433,4776175984723"
2030-11-02 01:00:00,"1367,9794613605388","325,7878799579753","0,0"
2030-11-02 02:00:00,"886,337664028903","433,4776175984723","0,0"
2030-11-02 03:00:00,"441,62298965347276","400,2432069378872","0,0"
2030-11-02 04:00:00,"664,6835705741471","0,0","223,06058092067434"
2030-11-02 05:00:00,"1098,1611881726194","0,0","433,4776175984723"
2030-11-02 06:00:00,"1531,6388057710917","0,0","433,4776175984723"
2030-11-02 07:00:00,"1531,6388057710917","0,0","0,0"
2030-11-02 08:00:00,"1531,6388057710917","0,0","0,0"
2030-11-02 09:00:00,"1531,6388057710917","0,0","0,0"
2030-11-02 10:00:00,"1733,9104703938892","0,0","202,27166462279752"
2030-11-02 11:00:00,"1733,9104703938892","0,0","0,0"
2030-11-02 12:00:00,"1733,9104703938892","0,0","0,0"
2030-11-02 13:00:00,"1733,9104703938892","0,0","0,0"
2030-11-02 14:00:00,"1733,9104703938892","0,0","0,0"
2030-11-02 15:00:00,"1733,9104703938892","0,0","0,0"
2030-11-02 16:00:00,"1252,2686730622534","433,4776175984723","0,0"
2030-11-02 17:00:00,"770,6268757306175","433,4776175984723","0,0"
2030-11-02 18:00:00,"288,98507839898156","433,4776175984723","0,0"
2030-11-02 19:00:00,"0,0","260,0865705590834","0,0"
2030-11-02 20:00:00,"0,0","0,0","0,0"
2030-11-02 21:00:00,"0,0","0,0","0,0"
2030-11-02 22:00:00,"0,0","0,0","0,0"
2030-11-02 23:00:00,"0,0","0,0","0,0"
2030-11-03 00:00:00,"0,0","0,0","0,0"
2030-11-03 01:00:00,"0,0","0,0","0,0"
2030-11-03 02:00:00,"433,4776175984723","0,0","433,4776175984723"
2030-11-03 03:00:00,"202,49733522477973","207,8822541363233","0,0"
2030-11-03 04:00:00,"202,49733522477973","0,0","0,0"
2030-11-03 05:00:00,"0,0","182,24760170230175","0,0"
2030-11-03 06:00:00,"0,0","0,0","0,0"
2030-11-03 07:00:00,"0,0","0,0","0,0"
2030-11-03 08:00:00,"0,0","0,0","0,0"
2030-11-03 09:00:00,"0,0","0,0","0,0"
2030-11-03 10:00:00,"0,0","0,0","0,0"
2030-11-03 11:00:00,"0,0","0,0","0,0"
2030-11-03 12:00:00,"433,4776175984723","0,0","433,4776175984723"
2030-11-03 13:00:00,"866,9552351969446","0,0","433,4776175984723"
2030-11-03 14:00:00,"1300,432852795417","0,0","433,4776175984723"
2030-11-03 15:00:00,"1733,9104703938892","0,0","433,4776175984723"
2030-11-03 16:00:00,"1733,9104703938892","0,0","0,0"
2030-11-03 17:00:00,"1252,2686730622534","433,4776175984723","0,0"
2030-11-03 18:00:00,"1252,2686730622534","0,0","0,0"
2030-11-03 19:00:00,"1252,2686730622534","0,0","0,0"
2030-11-03 20:00:00,"770,6268757306175","433,4776175984723","0,0"
2030-11-03 21:00:00,"770,6268757306175","0,0","0,0"
2030-11-03 22:00:00,"1204,1044933290898","0,0","433,4776175984723"
2030-11-03 23:00:00,"1204,1044933290898","0,0","0,0"
2030-11-04 00:00:00,"1637,582110927562","0,0","433,4776175984723"
2030-11-04 01:00:00,"1300,432852795417","303,4343323189307","0,0"
2030-11-04 02:00:00,"1733,9104703938892","0,0","433,4776175984723"
2030-11-04 03:00:00,"1733,9104703938892","0,0","0,0"
2030-11-04 04:00:00,"1733,9104703938892","0,0","0,0"
2030-11-04 05:00:00,"1733,9104703938892","0,0","0,0"
2030-11-04 06:00:00,"1733,9104703938892","0,0","0,0"
2030-11-04 07:00:00,"1733,9104703938892","0,0","0,0"
2030-11-04 08:00:00,"1733,9104703938892","0,0","0,0"
2030-11-04 09:00:00,"1733,9104703938892","0,0","0,0"
2030-11-04 10:00:00,"1733,9104703938892","0,0","0,0"
2030-11-04 11:00:00,"1733,9104703938892","0,0","0,0"
2030-11-04 12:00:00,"1733,9104703938892","0,0","0,0"
2030-11-04 13:00:00,"1733,9104703938892","0,0","0,0"
2030-11-04 14:00:00,"1733,9104703938892","0,0","0,0"
2030-11-04 15:00:00,"1733,9104703938892","0,0","0,0"
2030-11-04 16:00:00,"1638,7275597646808","85,6646195662875","0,0"
2030-11-04 17:00:00,"1330,6128465667312","277,3032418781547","0,0"
2030-11-04 18:00:00,"1173,8385984468605","141,09682330788354","0,0"
2030-11-04 19:00:00,"1066,9241706211083","96,22298504317705","0,0"
2030-11-04 20:00:00,"963,2835946632719","93,27651836205276","0,0"
2030-11-04 21:00:00,"481,6417973316359","433,4776175984723","0,0"
2030-11-04 22:00:00,"0,0","433,4776175984723","0,0"
2030-11-04 23:00:00,"0,0","0,0","0,0"
2030-11-05 00:00:00,"176,79251369063013","0,0","176,79251369063013"
2030-11-05 01:00:00,"610,2701312891024","0,0","433,4776175984723"
2030-11-05 02:00:00,"566,7577693952671","39,161125704451806","0,0"
2030-11-05 03:00:00,"85,11597206363122","433,4776175984723","0,0"
2030-11-05 04:00:00,"0,0","76,6043748572681","0,0"
2030-11-05 05:00:00,"0,0","0,0","0,0"
2030-11-05 06:00:00,"0,0","0,0","0,0"
2030-11-05 07:00:00,"0,0","0,0","0,0"
2030-11-05 08:00:00,"0,0","0,0","0,0"
2030-11-05 09:00:00,"433,4776175984723","0,0","433,4776175984723"
2030-11-05 10:00:00,"866,9552351969446","0,0","433,4776175984723"
2030-11-05 11:00:00,"1300,432852795417","0,0","433,4776175984723"
2030-11-05 12:00:00,"1733,9104703938892","0,0","433,4776175984723"
2030-11-05 13:00:00,"1733,9104703938892","0,0","0,0"
2030-11-05 14:00:00,"1733,9104703938892","0,0","0,0"
2030-11-05 15:00:00,"1733,9104703938892","0,0","0,0"
2030-11-05 16:00:00,"1733,9104703938892","0,0","0,0"
2030-11-05 17:00:00,"1713,7304481397955","18,162020028684296","0,0"
2030-11-05 18:00:00,"1248,2603423240948","418,9230952341307","0,0"
2030-11-05 19:00:00,"766,618544992459","433,4776175984723","0,0"
2030-11-05 20:00:00,"601,2543153624055","148,82780666704815","0,0"
2030-11-05 21:00:00,"245,9932180779213","319,7349875560357","0,0"
2030-11-05 22:00:00,"156,09553007956072","80,90791919852454","0,0"
2030-11-05 23:00:00,"156,09553007956072","0,0","0,0"
2030-11-06 00:00:00,"156,09553007956072","0,0","0,0"
2030-11-06 01:00:00,"156,09553007956072","0,0","0,0"
2030-11-06 02:00:00,"156,09553007956072","0,0","0,0"
2030-11-06 03:00:00,"156,09553007956072","0,0","0,0"
2030-11-06 04:00:00,"529,8059770647995","0,0","373,71044698523883"
2030-11-06 05:00:00,"963,2835946632719","0,0","433,4776175984723"
2030-11-06 06:00:00,"481,6417973316359","433,4776175984723","0,0"
2030-11-06 07:00:00,"0,0","433,4776175984723","0,0"
2030-11-06 08:00:00,"0,0","0,0","0,0"
2030-11-06 09:00:00,"421,0688849950434","0,0","421,0688849950434"
2030-11-06 10:00:00,"854,5465025935157","0,0","433,4776175984723"
2030-11-06 11:00:00,"1288,024120191988","0,0","433,4776175984723"
2030-11-06 12:00:00,"1721,5017377904603","0,0","433,4776175984723"
2030-11-06 13:00:00,"1733,9104703938892","0,0","12,408732603428973"
2030-11-06 14:00:00,"1733,9104703938892","0,0","0,0"
2030-11-06 15:00:00,"1733,9104703938892","0,0","0,0"
2030-11-06 16:00:00,"1290,143566930271","399,39021311725634","0,0"
2030-11-06 17:00:00,"808,5017695986351","433,4776175984723","0,0"
2030-11-06 18:00:00,"326,85997226699914","433,4776175984723","0,0"
2030-11-06 19:00:00,"326,85997226699914","0,0","0,0"
2030-11-06 20:00:00,"326,85997226699914","0,0","0,0"
2030-11-06 21:00:00,"326,85997226699914","0,0","0,0"
2030-11-06 22:00:00,"355,0775560561636","0,0","28,217583789164465"
2030-11-06 23:00:00,"451,8827056024709","0,0","96,8051495463073"
2030-11-07 00:00:00,"885,3603232009432","0,0","433,4776175984723"
2030-11-07 01:00:00,"1300,432852795417","0,0","415,07252959447374"
2030-11-07 02:00:00,"1733,9104703938892","0,0","433,4776175984723"
2030-11-07 03:00:00,"1733,9104703938892","0,0","0,0"
2030-11-07 04:00:00,"1733,9104703938892","0,0","0,0"
2030-11-07 05:00:00,"1733,9104703938892","0,0","0,0"
2030-11-07 06:00:00,"1733,9104703938892","0,0","0,0"
2030-11-07 07:00:00,"1733,9104703938892","0,0","0,0"
2030-11-07 08:00:00,"1733,9104703938892","0,0","0,0"
2030-11-07 09:00:00,"1733,9104703938892","0,0","0,0"
2030-11-07 10:00:00,"1733,9104703938892","0,0","0,0"
2030-11-07 11:00:00,"1733,9104703938892","0,0","0,0"
2030-11-07 12:00:00,"1733,9104703938892","0,0","0,0"
2030-11-07 13:00:00,"1733,9104703938892","0,0","0,0"
2030-11-07 14:00:00,"1733,9104703938892","0,0","0,0"
2030-11-07 15:00:00,"1252,2686730622534","433,4776175984723","0,0"
2030-11-07 16:00:00,"770,6268757306175","433,4776175984723","0,0"
2030-11-07 17:00:00,"288,98507839898156","433,4776175984723","0,0"
2030-11-07 18:00:00,"0,0","260,0865705590834","0,0"
2030-11-07 19:00:00,"0,0","0,0","0,0"
2030-11-07 20:00:00,"0,0","0,0","0,0"
2030-11-07 21:00:00,"0,0","0,0","0,0"
2030-11-07 22:00:00,"0,0","0,0","0,0"
2030-11-07 23:00:00,"0,0","0,0","0,0"
2030-11-08 00:00:00,"0,0","0,0","0,0"
2030-11-08 01:00:00,"433,4776175984723","0,0","433,4776175984723"
2030-11-08 02:00:00,"866,9552351969446","0,0","433,4776175984723"
2030-11-08 03:00:00,"1300,432852795417","0,0","433,4776175984723"
2030-11-08 04:00:00,"1733,9104703938892","0,0","433,4776175984723"
2030-11-08 05:00:00,"1733,9104703938892","0,0","0,0"
2030-11-08 06:00:00,"1541,253751461235","173,39104703938884","0,0"
2030-11-08 07:00:00,"1059,611954129599","433,4776175984723","0,0"
2030-11-08 08:00:00,"577,9701567979632","433,4776175984723","0,0"
2030-11-08 09:00:00,"577,9701567979632","0,0","0,0"
2030-11-08 10:00:00,"577,9701567979632","0,0","0,0"
2030-11-08 11:00:00,"1011,4477743964355","0,0","433,4776175984723"
2030-11-08 12:00:00,"1444,9253919949078","0,0","433,4776175984723"
2030-11-08 13:00:00,"1444,9253919949078","0,0","0,0"
2030-11-08 14:00:00,"1444,9253919949078","0,0","0,0"
2030-11-08 15:00:00,"963,2835946632719","433,4776175984723","0,0"
2030-11-08 16:00:00,"481,6417973316359","433,4776175984723","0,0"
2030-11-08 17:00:00,"0,0","433,4776175984723","0,0"
2030-11-08 18:00:00,"0,0","0,0","0,0"
2030-11-08 19:00:00,"0,0","0,0","0,0"
2030-11-08 20:00:00,"0,0","0,0","0,0"
2030-11-08 21:00:00,"0,0","0,0","0,0"
2030-11-08 22:00:00,"0,0","0,0","0,0"
2030-11-08 23:00:00,"0,0","0,0","0,0"
2030-11-09 00:00:00,"0,0","0,0","0,0"
2030-11-09 01:00:00,"0,0","0,0","0,0"
2030-11-09 02:00:00,"0,0","0,0","0,0"
2030-11-09 03:00:00,"0,0","0,0","0,0"
2030-11-09 04:00:00,"0,0","0,0","0,0"
2030-11-09 05:00:00,"0,0","0,0","0,0"
2030-11-09 06:00:00,"0,0","0,0","0,0"
2030-11-09 07:00:00,"0,0","0,0","0,0"
2030-11-09 08:00:00,"0,0","0,0","0,0"
2030-11-09 09:00:00,"0,0","0,0","0,0"
2030-11-09 10:00:00,"0,0","0,0","0,0"
2030-11-09 11:00:00,"0,0","0,0","0,0"
2030-11-09 12:00:00,"433,4776175984723","0,0","433,4776175984723"
2030-11-09 13:00:00,"866,9552351969446","0,0","433,4776175984723"
2030-11-09 14:00:00,"1300,432852795417","0,0","433,4776175984723"
2030-11-09 15:00:00,"1733,9104703938892","0,0","433,4776175984723"
2030-11-09 16:00:00,"1733,9104703938892","0,0","0,0"
2030-11-09 17:00:00,"1733,9104703938892","0,0","0,0"
2030-11-09 18:00:00,"1536,2398540604968","177,90355470005312","0,0"
2030-11-09 19:00:00,"1733,9104703938892","0,0","197,67061633339245"
2030-11-09 20:00:00,"1733,9104703938892","0,0","0,0"
2030-11-09 21:00:00,"1733,9104703938892","0,0","0,0"
2030-11-09 22:00:00,"1733,9104703938892","0,0","0,0"
2030-11-09 23:00:00,"1733,9104703938892","0,0","0,0"
2030-11-10 00:00:00,"1733,9104703938892","0,0","0,0"
2030-11-10 01:00:00,"1733,9104703938892","0,0","0,0"
2030-11-10 02:00:00,"1733,9104703938892","0,0","0,0"
2030-11-10 03:00:00,"1733,9104703938892","0,0","0,0"
2030-11-10 04:00:00,"1733,9104703938892","0,0","0,0"
2030-11-10 05:00:00,"1733,9104703938892","0,0","0,0"
2030-11-10 06:00:00,"1733,9104703938892","0,0","0,0"
2030-11-10 07:00:00,"1733,9104703938892","0,0","0,0"
2030-11-10 08:00:00,"1733,9104703938892","0,0","0,0"
2030-11-10 09:00:00,"1733,9104703938892","0,0","0,0"
2030-11-10 10:00:00,"1733,9104703938892","0,0","0,0"
2030-11-10 11:00:00,"1733,9104703938892","0,0","0,0"
2030-11-10 12:00:00,"1733,9104703938892","0,0","0,0"
2030-11-10 13:00:00,"1733,9104703938892","0,0","0,0"
2030-11-10 14:00:00,"1733,9104703938892","0,0","0,0"
2030-11-10 15:00:00,"1733,9104703938892","0,0","0,0"
2030-11-10 16:00:00,"1252,2686730622534","433,4776175984723","0,0"
2030-11-10 17:00:00,"770,6268757306175","433,4776175984723","0,0"
2030-11-10 18:00:00,"288,98507839898156","433,4776175984723","0,0"
2030-11-10 19:00:00,"288,98507839898156","0,0","0,0"
2030-11-10 20:00:00,"0,0","260,0865705590834","0,0"
2030-11-10 21:00:00,"0,0","0,0","0,0"
2030-11-10 22:00:00,"0,0","0,0","0,0"
2030-11-10 23:00:00,"112,8043877578174","0,0","112,8043877578174"
2030-11-11 00:00:00,"530,2706868778366","0,0","417,46629912001924"
2030-11-11 01:00:00,"530,2706868778366","0,0","0,0"
2030-11-11 02:00:00,"600,3565654842265","0,0","70,08587860638984"
2030-11-11 03:00:00,"1033,834183082699","0,0","433,4776175984723"
2030-11-11 04:00:00,"1467,3118006811712","0,0","433,4776175984723"
2030-11-11 05:00:00,"1733,9104703938892","0,0","266,598669712718"
2030-11-11 06:00:00,"1444,9253919949078","260,0865705590832","0,0"
2030-11-11 07:00:00,"963,2835946632719","433,4776175984723","0,0"
2030-11-11 08:00:00,"481,6417973316359","433,4776175984723","0,0"
2030-11-11 09:00:00,"0,0","433,4776175984723","0,0"
2030-11-11 10:00:00,"433,4776175984723","0,0","433,4776175984723"
2030-11-11 11:00:00,"866,9552351969446","0,0","433,4776175984723"
2030-11-11 12:00:00,"1300,432852795417","0,0","433,4776175984723"
2030-11-11 13:00:00,"1733,9104703938892","0,0","433,4776175984723"
2030-11-11 14:00:00,"1733,9104703938892","0,0","0,0"
2030-11-11 15:00:00,"1733,9104703938892","0,0","0,0"
2030-11-11 16:00:00,"1733,9104703938892","0,0","0,0"
2030-11-11 17:00:00,"1733,9104703938892","0,0","0,0"
2030-11-11 18:00:00,"1311,9158036743315","379,795200047602","0,0"
2030-11-11 19:00:00,"830,2740063426957","433,4776175984723","0,0"
2030-11-11 20:00:00,"348,63220901105973","433,4776175984723","0,0"
2030-11-11 21:00:00,"348,63220901105973","0,0","0,0"
2030-11-11 22:00:00,"348,63220901105973","0,0","0,0"
2030-11-11 23:00:00,"782,1098266095321","0,0","433,4776175984723"
2030-11-12 00:00:00,"808,8587214301003","0,0","26,74889482056824"
2030-11-12 01:00:00,"1242,3363390285726","0,0","433,4776175984723"
2030-11-12 02:00:00,"1675,813956627045","0,0","433,4776175984723"
2030-11-12 03:00:00,"1675,813956627045","0,0","0,0"
2030-11-12 04:00:00,"1675,813956627045","0,0","0,0"
2030-11-12 05:00:00,"1675,813956627045","0,0","0,0"
2030-11-12 06:00:00,"1194,172159295409","433,4776175984723","0,0"
2030-11-12 07:00:00,"712,5303619637731","433,4776175984723","0,0"
2030-11-12 08:00:00,"230,88856463213713","433,4776175984723","0,0"
2030-11-12 09:00:00,"0,0","207,79970816892342","0,0"
2030-11-12 10:00:00,"433,4776175984723","0,0","433,4776175984723"
2030-11-12 11:00:00,"621,8798964484263","0,0","188,40227884995392"
2030-11-12 12:00:00,"459,66067417547083","145,99730004565993","0,0"
2030-11-12 13:00:00,"893,1382917739431","0,0","433,4776175984723"
2030-11-12 14:00:00,"1326,6159093724154","0,0","433,4776175984723"
2030-11-12 15:00:00,"963,2835946632719","326,9990832382292","0,0"
2030-11-12 16:00:00,"481,6417973316359","433,4776175984723","0,0"
2030-11-12 17:00:00,"0,0","433,4776175984723","0,0"
2030-11-12 18:00:00,"0,0","0,0","0,0"
2030-11-12 19:00:00,"0,0","0,0","0,0"
2030-11-12 20:00:00,"0,0","0,0","0,0"
2030-11-12 21:00:00,"0,0","0,0","0,0"
2030-11-12 22:00:00,"0,0","0,0","0,0"
2030-11-12 23:00:00,"433,4776175984723","0,0","433,4776175984723"
2030-11-13 00:00:00,"866,9552351969446","0,0","433,4776175984723"
2030-11-13 01:00:00,"1300,432852795417","0,0","433,4776175984723"
2030-11-13 02:00:00,"1733,9104703938892","0,0","433,4776175984723"
2030-11-13 03:00:00,"1733,9104703938892","0,0","0,0"
2030-11-13 04:00:00,"1733,9104703938892","0,0","0,0"
2030-11-13 05:00:00,"1733,9104703938892","0,0","0,0"
2030-11-13 06:00:00,"1252,2686730622534","433,4776175984723","0,0"
2030-11-13 07:00:00,"770,6268757306175","433,4776175984723","0,0"
2030-11-13 08:00:00,"288,98507839898156","433,4776175984723","0,0"
2030-11-13 09:00:00,"0,0","260,0865705590834","0,0"
2030-11-13 10:00:00,"0,0","0,0","0,0"
2030-11-13 11:00:00,"0,0","0,0","0,0"
2030-11-13 12:00:00,"0,0","0,0","0,0"
2030-11-13 13:00:00,"0,0","0,0","0,0"
2030-11-13 14:00:00,"433,4776175984723","0,0","433,4776175984723"
2030-11-13 15:00:00,"433,4776175984723","0,0","0,0"
2030-11-13 16:00:00,"433,4776175984723","0,0","0,0"
2030-11-13 17:00:00,"433,4776175984723","0,0","0,0"
2030-11-13 18:00:00,"433,4776175984723","0,0","0,0"
2030-11-13 19:00:00,"563,3141242342215","0,0","129,83650663574917"
2030-11-13 20:00:00,"996,7917418326938","0,0","433,4776175984723"
2030-11-13 21:00:00,"623,3271932385942","336,11809373468964","0,0"
2030-11-13 22:00:00,"253,37187963442352","332,9597822437536","0,0"
2030-11-13 23:00:00,"253,37187963442352","0,0","0,0"
2030-11-14 00:00:00,"253,37187963442352","0,0","0,0"
2030-11-14 01:00:00,"686,8494972328958","0,0","433,4776175984723"
2030-11-14 02:00:00,"1120,3271148313681","0,0","433,4776175984723"
2030-11-14 03:00:00,"1553,8047324298404","0,0","433,4776175984723"
2030-11-14 04:00:00,"1733,9104703938892","0,0","180,10573796404879"
2030-11-14 05:00:00,"1733,9104703938892","0,0","0,0"
2030-11-14 06:00:00,"1252,2686730622534","433,4776175984723","0,0"
2030-11-14 07:00:00,"770,6268757306175","433,4776175984723","0,0"
2030-11-14 08:00:00,"288,98507839898156","433,4776175984723","0,0"
2030-11-14 09:00:00,"288,98507839898156","0,0","0,0"
2030-11-14 10:00:00,"722,4626959974539","0,0","433,4776175984723"
2030-11-14 11:00:00,"866,9552351969446","0,0","144,4925391994907"
2030-11-14 12:00:00,"1300,432852795417","0,0","433,4776175984723"
2030-11-14 13:00:00,"1733,9104703938892","0,0","433,4776175984723"
2030-11-14 14:00:00,"1733,9104703938892","0,0","0,0"
2030-11-14 15:00:00,"1733,9104703938892","0,0","0,0"
2030-11-14 16:00:00,"1733,9104703938892","0,0","0,0"
2030-11-14 17:00:00,"1733,9104703938892","0,0","0,0"
2030-11-14 18:00:00,"1733,9104703938892","0,0","0,0"
2030-11-14 19:00:00,"1733,9104703938892","0,0","0,0"
2030-11-14 20:00:00,"1733,9104703938892","0,0","0,0"
2030-11-14 21:00:00,"1733,9104703938892","0,0","0,0"
2030-11-14 22:00:00,"1733,9104703938892","0,0","0,0"
2030-11-14 23:00:00,"1733,9104703938892","0,0","0,0"
2030-11-15 00:00:00,"1733,9104703938892","0,0","0,0"
2030-11-15 01:00:00,"1733,9104703938892","0,0","0,0"
2030-11-15 02:00:00,"1733,9104703938892","0,0","0,0"
2030-11-15 03:00:00,"1733,9104703938892","0,0","0,0"
2030-11-15 04:00:00,"1733,9104703938892","0,0","0,0"
2030-11-15 05:00:00,"1733,9104703938892","0,0","0,0"
2030-11-15 06:00:00,"1733,9104703938892","0,0","0,0"
2030-11-15 07:00:00,"1733,9104703938892","0,0","0,0"
2030-11-15 08:00:00,"1733,9104703938892","0,0","0,0"
2030-11-15 09:00:00,"1733,9104703938892","0,0","0,0"
2030-11-15 10:00:00,"1733,9104703938892","0,0","0,0"
2030-11-15 11:00:00,"1733,9104703938892","0,0","0,0"
2030-11-15 12:00:00,"1733,9104703938892","0,0","0,0"
2030-11-15 13:00:00,"1733,9104703938892","0,0","0,0"
2030-11-15 14:00:00,"1481,4032048563852","227,25653898375364","0,0"
2030-11-15 15:00:00,"999,7614075247493","433,4776175984723","0,0"
2030-11-15 16:00:00,"518,1196101931134","433,4776175984723","0,0"
2030-11-15 17:00:00,"36,47781286147751","433,4776175984723","0,0"
2030-11-15 18:00:00,"0,0","32,830031575329755","0,0"
2030-11-15 19:00:00,"275,17349710448525","0,0","275,17349710448525"
2030-11-15 20:00:00,"708,6511147029576","0,0","433,4776175984723"
2030-11-15 21:00:00,"1041,1151203789311","0,0","332,46400567597357"
2030-11-15 22:00:00,"559,4733230472951","433,4776175984723","0,0"
2030-11-15 23:00:00,"194,83303615899956","328,176258199466","0,0"
2030-11-16 00:00:00,"0,0","175,3497325430996","0,0"
2030-11-16 01:00:00,"433,4776175984723","0,0","433,4776175984723"
2030-11-16 02:00:00,"866,9552351969446","0,0","433,4776175984723"
2030-11-16 03:00:00,"1300,432852795417","0,0","433,4776175984723"
2030-11-16 04:00:00,"1733,9104703938892","0,0","433,4776175984723"
2030-11-16 05:00:00,"1733,9104703938892","0,0","0,0"
2030-11-16 06:00:00,"1318,6885894700774","373,69969283143064","0,0"
2030-11-16 07:00:00,"1677,7704087924626","0,0","359,08181932238523"
2030-11-16 08:00:00,"1196,1286114608267","433,4776175984723","0,0"
2030-11-16 09:00:00,"714,4868141291909","433,4776175984723","0,0"
2030-11-16 10:00:00,"232,84501679755493","433,4776175984723","0,0"
2030-11-16 11:00:00,"144,49253919949092","79,5172298382576","0,0"
2030-11-16 12:00:00,"577,9701567979632","0,0","433,4776175984723"
2030-11-16 13:00:00,"1011,4477743964355","0,0","433,4776175984723"
2030-11-16 14:00:00,"1444,9253919949078","0,0","433,4776175984723"
2030-11-16 15:00:00,"1444,9253919949078","0,0","0,0"
2030-11-16 16:00:00,"963,2835946632719","433,4776175984723","0,0"
2030-11-16 17:00:00,"481,6417973316359","433,4776175984723","0,0"
2030-11-16 18:00:00,"0,0","433,4776175984723","0,0"
2030-11-16 19:00:00,"0,0","0,0","0,0"
2030-11-16 20:00:00,"0,0","0,0","0,0"
2030-11-16 21:00:00,"0,0","0,0","0,0"
2030-11-16 22:00:00,"0,0","0,0","0,0"
2030-11-16 23:00:00,"0,0","0,0","0,0"
2030-11-17 00:00:00,"0,0","0,0","0,0"
2030-11-17 01:00:00,"433,4776175984723","0,0","433,4776175984723"
2030-11-17 02:00:00,"866,9552351969446","0,0","433,4776175984723"
2030-11-17 03:00:00,"1300,432852795417","0,0","433,4776175984723"
2030-11-17 04:00:00,"1733,9104703938892","0,0","433,4776175984723"
2030-11-17 05:00:00,"1733,9104703938892","0,0","0,0"
2030-11-17 06:00:00,"1733,9104703938892","0,0","0,0"
2030-11-17 07:00:00,"1733,9104703938892","0,0","0,0"
2030-11-17 08:00:00,"1733,9104703938892","0,0","0,0"
2030-11-17 09:00:00,"1252,2686730622534","433,4776175984723","0,0"
2030-11-17 10:00:00,"770,6268757306175","433,4776175984723","0,0"
2030-11-17 11:00:00,"288,98507839898156","433,4776175984723","0,0"
2030-11-17 12:00:00,"0,0","260,0865705590834","0,0"
2030-11-17 13:00:00,"433,4776175984723","0,0","433,4776175984723"
2030-11-17 14:00:00,"866,9552351969446","0,0","433,4776175984723"
2030-11-17 15:00:00,"1300,432852795417","0,0","433,4776175984723"
2030-11-17 16:00:00,"818,791055463781","433,4776175984723","0,0"
2030-11-17 17:00:00,"337,1492581321451","433,4776175984723","0,0"
2030-11-17 18:00:00,"0,0","303,4343323189306","0,0"
2030-11-17 19:00:00,"0,0","0,0","0,0"
2030-11-17 20:00:00,"0,0","0,0","0,0"
2030-11-17 21:00:00,"0,0","0,0","0,0"
2030-11-17 22:00:00,"0,0","0,0","0,0"
2030-11-17 23:00:00,"433,4776175984723","0,0","433,4776175984723"
2030-11-18 00:00:00,"866,9552351969446","0,0","433,4776175984723"
2030-11-18 01:00:00,"1300,432852795417","0,0","433,4776175984723"
2030-11-18 02:00:00,"1733,9104703938892","0,0","433,4776175984723"
2030-11-18 03:00:00,"1252,2686730622534","433,4776175984723","0,0"
2030-11-18 04:00:00,"866,9552351969446","346,7820940787778","0,0"
2030-11-18 05:00:00,"1300,432852795417","0,0","433,4776175984723"
2030-11-18 06:00:00,"1733,9104703938892","0,0","433,4776175984723"
2030-11-18 07:00:00,"1252,2686730622534","433,4776175984723","0,0"
2030-11-18 08:00:00,"1685,7462906607257","0,0","433,4776175984723"
2030-11-18 09:00:00,"1685,7462906607257","0,0","0,0"
2030-11-18 10:00:00,"1685,7462906607257","0,0","0,0"
2030-11-18 11:00:00,"1685,7462906607257","0,0","0,0"
2030-11-18 12:00:00,"1685,7462906607257","0,0","0,0"
2030-11-18 13:00:00,"1685,7462906607257","0,0","0,0"
2030-11-18 14:00:00,"1204,1044933290898","433,4776175984723","0,0"
2030-11-18 15:00:00,"1204,1044933290898","0,0","0,0"
2030-11-18 16:00:00,"1204,1044933290898","0,0","0,0"
2030-11-18 17:00:00,"1204,1044933290898","0,0","0,0"
2030-11-18 18:00:00,"1204,1044933290898","0,0","0,0"
2030-11-18 19:00:00,"1204,1044933290898","0,0","0,0"
2030-11-18 20:00:00,"722,4626959974539","433,4776175984723","0,0"
2030-11-18 21:00:00,"722,4626959974539","0,0","0,0"
2030-11-18 22:00:00,"722,4626959974539","0,0","0,0"
2030-11-18 23:00:00,"433,4776175984723","260,08657055908344","0,0"
2030-11-19 00:00:00,"866,9552351969446","0,0","433,4776175984723"
2030-11-19 01:00:00,"1300,432852795417","0,0","433,4776175984723"
2030-11-19 02:00:00,"1733,9104703938892","0,0","433,4776175984723"
2030-11-19 03:00:00,"1733,9104703938892","0,0","0,0"
2030-11-19 04:00:00,"1733,9104703938892","0,0","0,0"
2030-11-19 05:00:00,"1733,9104703938892","0,0","0,0"
2030-11-19 06:00:00,"1733,9104703938892","0,0","0,0"
2030-11-19 07:00:00,"1314,0851263561783","377,8428096339398","0,0"
2030-11-19 08:00:00,"1070,9960703385962","218,78015041582384","0,0"
2030-11-19 09:00:00,"1442,9316203464255","0,0","371,9355500078293"
2030-11-19 10:00:00,"1118,3859658172453","292,09108907626216","0,0"
2030-11-19 11:00:00,"636,7441684856093","433,4776175984723","0,0"
2030-11-19 12:00:00,"433,4776175984723","182,93989579842327","0,0"
2030-11-19 13:00:00,"866,9552351969446","0,0","433,4776175984723"
2030-11-19 14:00:00,"1300,432852795417","0,0","433,4776175984723"
2030-11-19 15:00:00,"1733,9104703938892","0,0","433,4776175984723"
2030-11-19 16:00:00,"1252,2686730622534","433,4776175984723","0,0"
2030-11-19 17:00:00,"770,6268757306175","433,4776175984723","0,0"
2030-11-19 18:00:00,"288,98507839898156","433,4776175984723","0,0"
2030-11-19 19:00:00,"0,0","260,0865705590834","0,0"
2030-11-19 20:00:00,"0,0","0,0","0,0"
2030-11-19 21:00:00,"433,4776175984723","0,0","433,4776175984723"
2030-11-19 22:00:00,"866,9552351969446","0,0","433,4776175984723"
2030-11-19 23:00:00,"866,9552351969446","0,0","0,0"
2030-11-20 00:00:00,"1300,432852795417","0,0","433,4776175984723"
2030-11-20 01:00:00,"1300,432852795417","0,0","0,0"
2030-11-20 02:00:00,"1733,9104703938892","0,0","433,4776175984723"
2030-11-20 03:00:00,"1733,9104703938892","0,0","0,0"
2030-11-20 04:00:00,"1733,9104703938892","0,0","0,0"
2030-11-20 05:00:00,"1444,9253919949078","260,0865705590832","0,0"
2030-11-20 06:00:00,"963,2835946632719","433,4776175984723","0,0"
2030-11-20 07:00:00,"481,6417973316359","433,4776175984723","0,0"
2030-11-20 08:00:00,"0,0","433,4776175984723","0,0"
2030-11-20 09:00:00,"433,4776175984723","0,0","433,4776175984723"
2030-11-20 10:00:00,"866,9552351969446","0,0","433,4776175984723"
2030-11-20 11:00:00,"1300,432852795417","0,0","433,4776175984723"
2030-11-20 12:00:00,"1733,9104703938892","0,0","433,4776175984723"
2030-11-20 13:00:00,"1733,9104703938892","0,0","0,0"
2030-11-20 14:00:00,"1733,9104703938892","0,0","0,0"
2030-11-20 15:00:00,"1733,9104703938892","0,0","0,0"
2030-11-20 16:00:00,"1733,9104703938892","0,0","0,0"
2030-11-20 17:00:00,"1733,9104703938892","0,0","0,0"
2030-11-20 18:00:00,"1733,9104703938892","0,0","0,0"
2030-11-20 19:00:00,"1394,1248698539928","305,8070404859068","0,0"
2030-11-20 20:00:00,"912,4830725223568","433,4776175984723","0,0"
2030-11-20 21:00:00,"912,4830725223568","0,0","0,0"
2030-11-20 22:00:00,"912,4830725223568","0,0","0,0"
2030-11-20 23:00:00,"912,4830725223568","0,0","0,0"
2030-11-21 00:00:00,"912,4830725223568","0,0","0,0"
2030-11-21 01:00:00,"912,4830725223568","0,0","0,0"
2030-11-21 02:00:00,"1124,3495029831586","0,0","211,86643046080178"
2030-11-21 03:00:00,"1300,432852795417","0,0","176,0833498122583"
2030-11-21 04:00:00,"1300,432852795417","0,0","0,0"
2030-11-21 05:00:00,"1733,9104703938892","0,0","433,4776175984723"
2030-11-21 06:00:00,"1733,9104703938892","0,0","0,0"
2030-11-21 07:00:00,"1733,9104703938892","0,0","0,0"
2030-11-21 08:00:00,"1252,2686730622534","433,4776175984723","0,0"
2030-11-21 09:00:00,"1252,2686730622534","0,0","0,0"
2030-11-21 10:00:00,"1252,2686730622534","0,0","0,0"
2030-11-21 11:00:00,"1252,2686730622534","0,0","0,0"
2030-11-21 12:00:00,"1444,9253919949078","0,0","192,65671893265448"
2030-11-21 13:00:00,"1444,9253919949078","0,0","0,0"
2030-11-21 14:00:00,"963,2835946632719","433,4776175984723","0,0"
2030-11-21 15:00:00,"481,6417973316359","433,4776175984723","0,0"
2030-11-21 16:00:00,"0,0","433,4776175984723","0,0"
2030-11-21 17:00:00,"0,0","0,0","0,0"
2030-11-21 18:00:00,"0,0","0,0","0,0"
2030-11-21 19:00:00,"0,0","0,0","0,0"
2030-11-21 20:00:00,"0,0","0,0","0,0"
2030-11-21 21:00:00,"0,0","0,0","0,0"
2030-11-21 22:00:00,"0,0","0,0","0,0"
2030-11-21 23:00:00,"0,0","0,0","0,0"
2030-11-22 00:00:00,"0,0","0,0","0,0"
2030-11-22 01:00:00,"433,4776175984723","0,0","433,4776175984723"
2030-11-22 02:00:00,"866,9552351969446","0,0","433,4776175984723"
2030-11-22 03:00:00,"1300,432852795417","0,0","433,4776175984723"
2030-11-22 04:00:00,"1733,9104703938892","0,0","433,4776175984723"
2030-11-22 05:00:00,"1733,9104703938892","0,0","0,0"
2030-11-22 06:00:00,"1252,2686730622534","433,4776175984723","0,0"
2030-11-22 07:00:00,"770,6268757306175","433,4776175984723","0,0"
2030-11-22 08:00:00,"288,98507839898156","433,4776175984723","0,0"
2030-11-22 09:00:00,"288,98507839898156","0,0","0,0"
2030-11-22 10:00:00,"0,0","260,0865705590834","0,0"
2030-11-22 11:00:00,"0,0","0,0","0,0"
2030-11-22 12:00:00,"433,4776175984723","0,0","433,4776175984723"
2030-11-22 13:00:00,"866,9552351969446","0,0","433,4776175984723"
2030-11-22 14:00:00,"1300,432852795417","0,0","433,4776175984723"
2030-11-22 15:00:00,"1444,9253919949078","0,0","144,49253919949092"
2030-11-22 16:00:00,"963,2835946632719","433,4776175984723","0,0"
2030-11-22 17:00:00,"481,6417973316359","433,4776175984723","0,0"
2030-11-22 18:00:00,"0,0","433,4776175984723","0,0"
2030-11-22 19:00:00,"0,0","0,0","0,0"
2030-11-22 20:00:00,"0,0","0,0","0,0"
2030-11-22 21:00:00,"0,0","0,0","0,0"
2030-11-22 22:00:00,"0,0","0,0","0,0"
2030-11-22 23:00:00,"0,0","0,0","0,0"
2030-11-23 00:00:00,"0,0","390,1298558386251","433,4776175984723"
2030-11-23 01:00:00,"0,0","390,1298558386251","433,4776175984723"
2030-11-23 02:00:00,"108,07777026932172","292,85986259623553","433,4776175984723"
2030-11-23 03:00:00,"0,0","433,4776175984723","373,5640270623142"
2030-11-23 04:00:00,"433,4776175984723","0,0","433,4776175984723"
2030-11-23 05:00:00,"866,9552351969446","0,0","433,4776175984723"
2030-11-23 06:00:00,"1300,432852795417","0,0","433,4776175984723"
2030-11-23 07:00:00,"1733,9104703938892","0,0","433,4776175984723"
2030-11-23 08:00:00,"1685,7462906607257","433,4776175984723","433,4776175984723"
2030-11-23 09:00:00,"1300,432852795417","433,4776175984723","96,32835946632719"
2030-11-23 10:00:00,"1733,9104703938892","0,0","433,4776175984723"
2030-11-23 11:00:00,"1252,2686730622534","433,4776175984723","0,0"
2030-11-23 12:00:00,"770,6268757306175","433,4776175984723","0,0"
2030-11-23 13:00:00,"1204,1044933290898","0,0","433,4776175984723"
2030-11-23 14:00:00,"1637,582110927562","0,0","433,4776175984723"
2030-11-23 15:00:00,"1155,9403135959262","433,4776175984723","0,0"
2030-11-23 16:00:00,"674,2985162642904","433,4776175984723","0,0"
2030-11-23 17:00:00,"578,4292785374719","86,28231395413667","0,0"
2030-11-23 18:00:00,"96,78748120583595","433,4776175984723","0,0"
2030-11-23 19:00:00,"0,0","87,10873308525235","0,0"
2030-11-23 20:00:00,"433,4776175984723","0,0","433,4776175984723"
2030-11-23 21:00:00,"0,0","433,4776175984723","48,16417973316362"
2030-11-23 22:00:00,"433,4776175984723","0,0","433,4776175984723"
2030-11-23 23:00:00,"866,9552351969446","0,0","433,4776175984723"
2030-11-24 00:00:00,"385,3134378653087","433,4776175984723","0,0"
2030-11-24 01:00:00,"0,0","433,4776175984723","96,32835946632724"
2030-11-24 02:00:00,"433,4776175984723","0,0","433,4776175984723"
2030-11-24 03:00:00,"866,9552351969446","0,0","433,4776175984723"
2030-11-24 04:00:00,"1300,432852795417","0,0","433,4776175984723"
2030-11-24 05:00:00,"1733,9104703938892","0,0","433,4776175984723"
2030-11-24 06:00:00,"1733,9104703938892","390,1298558386251","433,4776175984723"
2030-11-24 07:00:00,"1685,7462906607257","433,4776175984723","433,4776175984723"
2030-11-24 08:00:00,"1733,9104703938892","346,78209407877785","433,4776175984723"
2030-11-24 09:00:00,"1685,7462906607257","433,4776175984723","433,4776175984723"
2030-11-24 10:00:00,"1637,582110927562","433,4776175984723","433,4776175984723"
2030-11-24 11:00:00,"1733,9104703938892","303,4343323189307","433,4776175984723"
2030-11-24 12:00:00,"1733,9104703938892","390,12985583862525","433,4776175984723"
2030-11-24 13:00:00,"1733,9104703938892","0,0","0,0"
2030-11-24 14:00:00,"1733,9104703938892","0,0","0,0"
2030-11-24 15:00:00,"1252,2686730622534","433,4776175984723","0,0"
2030-11-24 16:00:00,"770,6268757306175","433,4776175984723","0,0"
2030-11-24 17:00:00,"770,6268757306175","0,0","0,0"
2030-11-24 18:00:00,"770,6268757306175","0,0","0,0"
2030-11-24 19:00:00,"770,6268757306175","0,0","0,0"
2030-11-24 20:00:00,"288,98507839898156","433,4776175984723","0,0"
2030-11-24 21:00:00,"288,98507839898156","0,0","0,0"
2030-11-24 22:00:00,"288,98507839898156","0,0","0,0"
2030-11-24 23:00:00,"288,98507839898156","0,0","0,0"
2030-11-25 00:00:00,"704,4799740427045","0,0","415,49489564372294"
2030-11-25 01:00:00,"1011,7125778424299","0,0","307,2326037997255"
2030-11-25 02:00:00,"1000,4543333375952","10,132420054351257","0,0"
2030-11-25 03:00:00,"1000,4543333375952","0,0","0,0"
2030-11-25 04:00:00,"866,9552351969446","120,14918832658556","0,0"
2030-11-25 05:00:00,"1300,432852795417","0,0","433,4776175984723"
2030-11-25 06:00:00,"1733,9104703938892","0,0","433,4776175984723"
2030-11-25 07:00:00,"1733,9104703938892","0,0","0,0"
2030-11-25 08:00:00,"1659,087087280892","67,34104480169742","0,0"
2030-11-25 09:00:00,"1701,6715404920574","0,0","42,58445321116534"
2030-11-25 10:00:00,"1701,6715404920574","0,0","0,0"
2030-11-25 11:00:00,"1701,6715404920574","0,0","0,0"
2030-11-25 12:00:00,"1220,0297431604215","433,4776175984723","0,0"
2030-11-25 13:00:00,"1115,196356485255","94,35004800764995","0,0"
2030-11-25 14:00:00,"1548,6739740837272","0,0","433,4776175984723"
2030-11-25 15:00:00,"1733,9104703938892","0,0","185,23649631016207"
2030-11-25 16:00:00,"1733,9104703938892","0,0","0,0"
2030-11-25 17:00:00,"1733,9104703938892","0,0","0,0"
2030-11-25 18:00:00,"1733,9104703938892","0,0","0,0"
2030-11-25 19:00:00,"1733,9104703938892","0,0","0,0"
2030-11-25 20:00:00,"1733,9104703938892","0,0","0,0"
2030-11-25 21:00:00,"1733,9104703938892","0,0","0,0"
2030-11-25 22:00:00,"1733,9104703938892","0,0","0,0"
2030-11-25 23:00:00,"1733,9104703938892","0,0","0,0"
2030-11-26 00:00:00,"1733,9104703938892","0,0","0,0"
2030-11-26 01:00:00,"1733,9104703938892","0,0","0,0"
2030-11-26 02:00:00,"1733,9104703938892","0,0","0,0"
2030-11-26 03:00:00,"1733,9104703938892","0,0","0,0"
2030-11-26 04:00:00,"1733,9104703938892","0,0","0,0"
2030-11-26 05:00:00,"1733,9104703938892","0,0","0,0"
2030-11-26 06:00:00,"1733,9104703938892","0,0","0,0"
2030-11-26 07:00:00,"1733,9104703938892","0,0","0,0"
2030-11-26 08:00:00,"1733,9104703938892","0,0","0,0"
2030-11-26 09:00:00,"1733,9104703938892","0,0","0,0"
2030-11-26 10:00:00,"1733,9104703938892","0,0","0,0"
2030-11-26 11:00:00,"1733,9104703938892","0,0","0,0"
2030-11-26 12:00:00,"1733,9104703938892","0,0","0,0"
2030-11-26 13:00:00,"1733,9104703938892","0,0","0,0"
2030-11-26 14:00:00,"1733,9104703938892","0,0","0,0"
2030-11-26 15:00:00,"1733,9104703938892","0,0","0,0"
2030-11-26 16:00:00,"1733,9104703938892","0,0","0,0"
2030-11-26 17:00:00,"1733,9104703938892","0,0","0,0"
2030-11-26 18:00:00,"1733,9104703938892","0,0","0,0"
2030-11-26 19:00:00,"1733,9104703938892","0,0","0,0"
2030-11-26 20:00:00,"1733,9104703938892","0,0","0,0"
2030-11-26 21:00:00,"1733,9104703938892","0,0","0,0"
2030-11-26 22:00:00,"1733,9104703938892","0,0","0,0"
2030-11-26 23:00:00,"1733,9104703938892","0,0","0,0"
2030-11-27 00:00:00,"1733,9104703938892","0,0","0,0"
2030-11-27 01:00:00,"1733,9104703938892","0,0","0,0"
2030-11-27 02:00:00,"1733,9104703938892","0,0","0,0"
2030-11-27 03:00:00,"1733,9104703938892","0,0","0,0"
2030-11-27 04:00:00,"1733,9104703938892","0,0","0,0"
2030-11-27 05:00:00,"1396,2063610406121","303,93369841794936","0,0"
2030-11-27 06:00:00,"914,5645637089763","433,4776175984723","0,0"
2030-11-27 07:00:00,"432,9227663773404","433,4776175984723","0,0"
2030-11-27 08:00:00,"0,0","389,63048973960633","0,0"
2030-11-27 09:00:00,"0,0","0,0","0,0"
2030-11-27 10:00:00,"433,4776175984723","0,0","433,4776175984723"
2030-11-27 11:00:00,"866,9552351969446","0,0","433,4776175984723"
2030-11-27 12:00:00,"866,9552351969446","0,0","0,0"
2030-11-27 13:00:00,"866,9552351969446","0,0","0,0"
2030-11-27 14:00:00,"1300,432852795417","0,0","433,4776175984723"
2030-11-27 15:00:00,"1733,9104703938892","0,0","433,4776175984723"
2030-11-27 16:00:00,"1733,9104703938892","0,0","0,0"
2030-11-27 17:00:00,"1733,9104703938892","0,0","0,0"
2030-11-27 18:00:00,"1252,2686730622534","433,4776175984723","0,0"
2030-11-27 19:00:00,"770,6268757306175","433,4776175984723","0,0"
2030-11-27 20:00:00,"481,6417973316359","260,0865705590834","0,0"
2030-11-27 21:00:00,"0,0","433,4776175984723","0,0"
2030-11-27 22:00:00,"0,0","0,0","0,0"
2030-11-27 23:00:00,"433,4776175984723","0,0","433,4776175984723"
2030-11-28 00:00:00,"866,9552351969446","0,0","433,4776175984723"
2030-11-28 01:00:00,"1300,432852795417","0,0","433,4776175984723"
2030-11-28 02:00:00,"1733,9104703938892","0,0","433,4776175984723"
2030-11-28 03:00:00,"1733,9104703938892","0,0","0,0"
2030-11-28 04:00:00,"1252,2686730622534","433,4776175984723","0,0"
2030-11-28 05:00:00,"934,861612997552","285,6663540582312","0,0"
2030-11-28 06:00:00,"454,2019926910999","432,5936582758069","0,0"
2030-11-28 07:00:00,"0,0","408,7817934219899","0,0"
2030-11-28 08:00:00,"0,0","0,0","0,0"
2030-11-28 09:00:00,"0,0","0,0","0,0"
2030-11-28 10:00:00,"172,01872773513577","0,0","172,01872773513577"
2030-11-28 11:00:00,"499,76317521887813","0,0","327,74444748374236"
2030-11-28 12:00:00,"499,76317521887813","0,0","0,0"
2030-11-28 13:00:00,"933,2407928173504","0,0","433,4776175984723"
2030-11-28 14:00:00,"1300,432852795417","0,0","367,1920599780665"
2030-11-28 15:00:00,"1733,9104703938892","0,0","433,4776175984723"
2030-11-28 16:00:00,"1733,9104703938892","0,0","0,0"
2030-11-28 17:00:00,"1733,9104703938892","0,0","0,0"
2030-11-28 18:00:00,"1733,9104703938892","0,0","0,0"
2030-11-28 19:00:00,"1733,9104703938892","0,0","0,0"
2030-11-28 20:00:00,"1521,7220287699192","190,969597461573","0,0"
2030-11-28 21:00:00,"1449,957991688341","64,58763337342032","0,0"
2030-11-28 22:00:00,"1733,9104703938892","0,0","283,95247870554823"
2030-11-28 23:00:00,"1551,0694773572884","164,55689373294072","0,0"
2030-11-29 00:00:00,"1300,432852795417","225,57296210568438","0,0"
2030-11-29 01:00:00,"1733,9104703938892","0,0","433,4776175984723"
2030-11-29 02:00:00,"1491,9141756997292","217,79666522474395","0,0"
2030-11-29 03:00:00,"1010,2723783680933","433,4776175984723","0,0"
2030-11-29 04:00:00,"528,6305810364574","433,4776175984723","0,0"
2030-11-29 05:00:00,"339,39931858820864","170,30813620342389","0,0"
2030-11-29 06:00:00,"772,876936186681","0,0","433,4776175984723"
2030-11-29 07:00:00,"818,2506295289575","0,0","45,37369334227651"
2030-11-29 08:00:00,"336,60883219732153","433,4776175984723","0,0"
2030-11-29 09:00:00,"0,0","302,94794897758936","0,0"
2030-11-29 10:00:00,"363,1914108876038","0,0","363,1914108876038"
2030-11-29 11:00:00,"743,4939969709731","0,0","380,30258608336925"
2030-11-29 12:00:00,"1166,4711429384977","0,0","422,9771459675247"
2030-11-29 13:00:00,"1599,94876053697","0,0","433,4776175984723"
2030-11-29 14:00:00,"1733,9104703938892","0,0","133,96170985691924"
2030-11-29 15:00:00,"1733,9104703938892","0,0","0,0"
2030-11-29 16:00:00,"1726,202269133919","6,937381133973304","0,0"
2030-11-29 17:00:00,"1244,560471802283","433,4776175984723","0,0"
2030-11-29 18:00:00,"762,9186744706471","433,4776175984723","0,0"
2030-11-29 19:00:00,"281,2768771390112","433,4776175984723","0,0"
2030-11-29 20:00:00,"281,2768771390112","0,0","0,0"
2030-11-29 21:00:00,"281,2768771390112","0,0","0,0"
2030-11-29 22:00:00,"281,2768771390112","0,0","0,0"
2030-11-29 23:00:00,"281,2768771390112","0,0","0,0"
2030-11-30 00:00:00,"281,2768771390112","0,0","0,0"
2030-11-30 01:00:00,"281,2768771390112","0,0","0,0"
2030-11-30 02:00:00,"472,4741971530496","0,0","191,19732001403838"
2030-11-30 03:00:00,"472,4741971530496","0,0","0,0"
2030-11-30 04:00:00,"553,9612202545779","0,0","81,48702310152834"
2030-11-30 05:00:00,"553,9612202545779","0,0","0,0"
2030-11-30 06:00:00,"553,9612202545779","0,0","0,0"
2030-11-30 07:00:00,"866,9552351969446","0,0","312,99401494236673"
2030-11-30 08:00:00,"1300,432852795417","0,0","433,4776175984723"
2030-11-30 09:00:00,"1733,9104703938892","0,0","433,4776175984723"
2030-11-30 10:00:00,"1733,9104703938892","0,0","0,0"
2030-11-30 11:00:00,"1733,9104703938892","0,0","0,0"
2030-11-30 12:00:00,"1733,9104703938892","0,0","0,0"
2030-11-30 13:00:00,"1733,9104703938892","0,0","0,0"
2030-11-30 14:00:00,"1733,9104703938892","0,0","0,0"
2030-11-30 15:00:00,"1444,9253919949078","260,0865705590832","0,0"
2030-11-30 16:00:00,"963,2835946632719","433,4776175984723","0,0"
2030-11-30 17:00:00,"481,6417973316359","433,4776175984723","0,0"
2030-11-30 18:00:00,"0,0","433,4776175984723","0,0"
2030-11-30 19:00:00,"0,0","0,0","0,0"
2030-11-30 20:00:00,"0,0","0,0","0,0"
2030-11-30 21:00:00,"0,0","0,0","0,0"
2030-11-30 22:00:00,"0,0","0,0","0,0"
2030-11-30 23:00:00,"0,0","0,0","0,0"
2030-12-01 00:00:00,"433,4776175984723","0,0","433,4776175984723"
2030-12-01 01:00:00,"866,9552351969446","0,0","433,4776175984723"
2030-12-01 02:00:00,"1300,432852795417","0,0","433,4776175984723"
2030-12-01 03:00:00,"1733,9104703938892","0,0","433,4776175984723"
2030-12-01 04:00:00,"1733,9104703938892","0,0","0,0"
2030-12-01 05:00:00,"1733,9104703938892","0,0","0,0"
2030-12-01 06:00:00,"1733,9104703938892","0,0","0,0"
2030-12-01 07:00:00,"1733,9104703938892","0,0","0,0"
2030-12-01 08:00:00,"1733,9104703938892","0,0","0,0"
2030-12-01 09:00:00,"1733,9104703938892","0,0","0,0"
2030-12-01 10:00:00,"1733,9104703938892","0,0","0,0"
2030-12-01 11:00:00,"1733,9104703938892","0,0","0,0"
2030-12-01 12:00:00,"1733,9104703938892","0,0","0,0"
2030-12-01 13:00:00,"1733,9104703938892","0,0","0,0"
2030-12-01 14:00:00,"1733,9104703938892","0,0","0,0"
2030-12-01 15:00:00,"1733,9104703938892","0,0","0,0"
2030-12-01 16:00:00,"1252,2686730622534","433,4776175984723","0,0"
2030-12-01 17:00:00,"770,6268757306175","433,4776175984723","0,0"
2030-12-01 18:00:00,"288,98507839898156","433,4776175984723","0,0"
2030-12-01 19:00:00,"0,0","260,0865705590834","0,0"
2030-12-01 20:00:00,"0,0","0,0","0,0"
2030-12-01 21:00:00,"0,0","0,0","0,0"
2030-12-01 22:00:00,"0,0","0,0","0,0"
2030-12-01 23:00:00,"362,6112904082782","0,0","362,6112904082782"
2030-12-02 00:00:00,"362,6112904082782","0,0","0,0"
2030-12-02 01:00:00,"362,6112904082782","0,0","0,0"
2030-12-02 02:00:00,"362,6112904082782","0,0","0,0"
2030-12-02 03:00:00,"362,6112904082782","0,0","0,0"
2030-12-02 04:00:00,"399,63835070936335","0,0","37,02706030108516"
2030-12-02 05:00:00,"399,63835070936335","0,0","0,0"
2030-12-02 06:00:00,"0,0","359,674515638427","0,0"
2030-12-02 07:00:00,"0,0","0,0","0,0"
2030-12-02 08:00:00,"0,0","0,0","0,0"
2030-12-02 09:00:00,"0,0","0,0","0,0"
2030-12-02 10:00:00,"433,4776175984723","0,0","433,4776175984723"
2030-12-02 11:00:00,"866,9552351969446","0,0","433,4776175984723"
2030-12-02 12:00:00,"1300,432852795417","0,0","433,4776175984723"
2030-12-02 13:00:00,"1733,9104703938892","0,0","433,4776175984723"
2030-12-02 14:00:00,"1733,9104703938892","0,0","0,0"
2030-12-02 15:00:00,"1733,9104703938892","0,0","0,0"
2030-12-02 16:00:00,"1304,2966846648437","386,65240715614084","0,0"
2030-12-02 17:00:00,"822,6548873332079","433,4776175984723","0,0"
2030-12-02 18:00:00,"435,27806090030913","348,63914378960885","0,0"
2030-12-02 19:00:00,"393,68880746142395","37,43032809499664","0,0"
2030-12-02 20:00:00,"0,0","354,31992671528155","0,0"
2030-12-02 21:00:00,"0,0","0,0","0,0"
2030-12-02 22:00:00,"0,0","0,0","0,0"
2030-12-02 23:00:00,"433,4776175984723","0,0","433,4776175984723"
2030-12-03 00:00:00,"866,9552351969446","0,0","433,4776175984723"
2030-12-03 01:00:00,"866,9552351969446","0,0","0,0"
2030-12-03 02:00:00,"1300,432852795417","0,0","433,4776175984723"
2030-12-03 03:00:00,"1733,9104703938892","0,0","433,4776175984723"
2030-12-03 04:00:00,"1733,9104703938892","0,0","0,0"
2030-12-03 05:00:00,"1733,9104703938892","0,0","0,0"
2030-12-03 06:00:00,"1733,9104703938892","0,0","0,0"
2030-12-03 07:00:00,"1733,9104703938892","0,0","0,0"
2030-12-03 08:00:00,"1733,9104703938892","0,0","0,0"
2030-12-03 09:00:00,"1733,9104703938892","0,0","0,0"
2030-12-03 10:00:00,"1733,9104703938892","0,0","0,0"
2030-12-03 11:00:00,"1733,9104703938892","0,0","0,0"
2030-12-03 12:00:00,"1733,9104703938892","0,0","0,0"
2030-12-03 13:00:00,"1733,9104703938892","0,0","0,0"
2030-12-03 14:00:00,"1733,9104703938892","0,0","0,0"
2030-12-03 15:00:00,"1733,9104703938892","0,0","0,0"
2030-12-03 16:00:00,"1733,9104703938892","0,0","0,0"
2030-12-03 17:00:00,"1733,9104703938892","0,0","0,0"
2030-12-03 18:00:00,"1733,9104703938892","0,0","0,0"
2030-12-03 19:00:00,"1733,9104703938892","0,0","0,0"
2030-12-03 20:00:00,"1733,9104703938892","0,0","0,0"
2030-12-03 21:00:00,"1733,9104703938892","0,0","0,0"
2030-12-03 22:00:00,"1733,9104703938892","0,0","0,0"
2030-12-03 23:00:00,"1733,9104703938892","0,0","0,0"
2030-12-04 00:00:00,"1733,9104703938892","0,0","0,0"
2030-12-04 01:00:00,"1733,9104703938892","0,0","0,0"
2030-12-04 02:00:00,"1733,9104703938892","0,0","0,0"
2030-12-04 03:00:00,"1733,9104703938892","0,0","0,0"
2030-12-04 04:00:00,"1733,9104703938892","0,0","0,0"
2030-12-04 05:00:00,"1733,9104703938892","0,0","0,0"
2030-12-04 06:00:00,"1733,9104703938892","0,0","0,0"
2030-12-04 07:00:00,"1252,2686730622534","433,4776175984723","0,0"
2030-12-04 08:00:00,"842,7921831954957","368,5288408800818","0,0"
2030-12-04 09:00:00,"818,9051004026519","21,498374513559405","0,0"
2030-12-04 10:00:00,"818,9051004026519","0,0","0,0"
2030-12-04 11:00:00,"1252,3827180011242","0,0","433,4776175984723"
2030-12-04 12:00:00,"1685,8603355995965","0,0","433,4776175984723"
2030-12-04 13:00:00,"1733,9104703938892","0,0","48,05013479429272"
2030-12-04 14:00:00,"1689,021036017432","40,40049093881157","0,0"
2030-12-04 15:00:00,"1444,9253919949078","219,68607962027158","0,0"
2030-12-04 16:00:00,"963,2835946632719","433,4776175984723","0,0"
2030-12-04 17:00:00,"481,6417973316359","433,4776175984723","0,0"
2030-12-04 18:00:00,"0,0","433,4776175984723","0,0"
2030-12-04 19:00:00,"0,0","0,0","0,0"
2030-12-04 20:00:00,"0,0","0,0","0,0"
2030-12-04 21:00:00,"0,0","0,0","0,0"
2030-12-04 22:00:00,"0,0","0,0","0,0"
2030-12-04 23:00:00,"0,0","0,0","0,0"
2030-12-05 00:00:00,"0,0","0,0","0,0"
2030-12-05 01:00:00,"0,0","0,0","0,0"
2030-12-05 02:00:00,"433,4776175984723","0,0","433,4776175984723"
2030-12-05 03:00:00,"433,4776175984723","0,0","0,0"
2030-12-05 04:00:00,"143,4217981031813","261,0502375457619","0,0"
2030-12-05 05:00:00,"460,176671606395","0,0","316,75487350321373"
2030-12-05 06:00:00,"893,6542892048674","0,0","433,4776175984723"
2030-12-05 07:00:00,"893,6542892048674","0,0","0,0"
2030-12-05 08:00:00,"893,6542892048674","0,0","0,0"
2030-12-05 09:00:00,"1205,8914413676412","0,0","312,2371521627738"
2030-12-05 10:00:00,"1639,3690589661135","0,0","433,4776175984723"
2030-12-05 11:00:00,"1639,3690589661135","0,0","0,0"
2030-12-05 12:00:00,"1677,0905366853726","0,0","37,72147771925921"
2030-12-05 13:00:00,"1733,9104703938892","0,0","56,81993370851666"
2030-12-05 14:00:00,"1733,9104703938892","0,0","0,0"
2030-12-05 15:00:00,"1444,9253919949078","260,0865705590832","0,0"
2030-12-05 16:00:00,"963,2835946632719","433,4776175984723","0,0"
2030-12-05 17:00:00,"481,6417973316359","433,4776175984723","0,0"
2030-12-05 18:00:00,"0,0","433,4776175984723","0,0"
2030-12-05 19:00:00,"0,0","0,0","0,0"
2030-12-05 20:00:00,"0,0","0,0","0,0"
2030-12-05 21:00:00,"0,0","0,0","0,0"
2030-12-05 22:00:00,"0,0","0,0","0,0"
2030-12-05 23:00:00,"0,0","0,0","0,0"
2030-12-06 00:00:00,"0,0","0,0","0,0"
2030-12-06 01:00:00,"0,0","0,0","0,0"
2030-12-06 02:00:00,"433,4776175984723","0,0","433,4776175984723"
2030-12-06 03:00:00,"866,9552351969446","0,0","433,4776175984723"
2030-12-06 04:00:00,"1300,432852795417","0,0","433,4776175984723"
2030-12-06 05:00:00,"1300,432852795417","0,0","0,0"
2030-12-06 06:00:00,"1300,432852795417","0,0","0,0"
2030-12-06 07:00:00,"1300,432852795417","0,0","0,0"
2030-12-06 08:00:00,"1300,432852795417","0,0","0,0"
2030-12-06 09:00:00,"1300,432852795417","0,0","0,0"
2030-12-06 10:00:00,"1300,432852795417","0,0","0,0"
2030-12-06 11:00:00,"1300,432852795417","0,0","0,0"
2030-12-06 12:00:00,"1300,432852795417","0,0","0,0"
2030-12-06 13:00:00,"1300,432852795417","0,0","0,0"
2030-12-06 14:00:00,"1733,9104703938892","0,0","433,4776175984723"
2030-12-06 15:00:00,"1733,9104703938892","0,0","0,0"
2030-12-06 16:00:00,"1733,9104703938892","0,0","0,0"
2030-12-06 17:00:00,"1733,9104703938892","0,0","0,0"
2030-12-06 18:00:00,"1733,9104703938892","0,0","0,0"
2030-12-06 19:00:00,"1733,9104703938892","0,0","0,0"
2030-12-06 20:00:00,"1728,572044101601","4,804583663059475","0,0"
2030-12-06 21:00:00,"1310,9369832535194","375,8715547632734","0,0"
2030-12-06 22:00:00,"829,2951859218836","433,4776175984723","0,0"
2030-12-06 23:00:00,"829,2951859218836","0,0","0,0"
2030-12-07 00:00:00,"390,4681317756601","394,9443487316011","0,0"
2030-12-07 01:00:00,"390,4681317756601","0,0","0,0"
2030-12-07 02:00:00,"390,4681317756601","0,0","0,0"
2030-12-07 03:00:00,"390,4681317756601","0,0","0,0"
2030-12-07 04:00:00,"390,4681317756601","0,0","0,0"
2030-12-07 05:00:00,"390,4681317756601","0,0","0,0"
2030-12-07 06:00:00,"183,1826298280207","186,55695175287542","0,0"
2030-12-07 07:00:00,"0,0","164,86436684521863","0,0"
2030-12-07 08:00:00,"0,0","0,0","0,0"
2030-12-07 09:00:00,"0,0","0,0","0,0"
2030-12-07 10:00:00,"433,4776175984723","0,0","433,4776175984723"
2030-12-07 11:00:00,"866,9552351969446","0,0","433,4776175984723"
2030-12-07 12:00:00,"1300,432852795417","0,0","433,4776175984723"
2030-12-07 13:00:00,"1733,9104703938892","0,0","433,4776175984723"
2030-12-07 14:00:00,"1733,9104703938892","0,0","0,0"
2030-12-07 15:00:00,"1733,9104703938892","0,0","0,0"
2030-12-07 16:00:00,"1733,9104703938892","0,0","0,0"
2030-12-07 17:00:00,"1733,9104703938892","0,0","0,0"
2030-12-07 18:00:00,"1733,9104703938892","0,0","0,0"
2030-12-07 19:00:00,"1733,9104703938892","0,0","0,0"
2030-12-07 20:00:00,"1733,9104703938892","0,0","0,0"
2030-12-07 21:00:00,"1733,9104703938892","0,0","0,0"
2030-12-07 22:00:00,"1733,9104703938892","0,0","0,0"
2030-12-07 23:00:00,"1733,9104703938892","0,0","0,0"
2030-12-08 00:00:00,"1733,9104703938892","0,0","0,0"
2030-12-08 01:00:00,"1733,9104703938892","0,0","0,0"
2030-12-08 02:00:00,"1733,9104703938892","0,0","0,0"
2030-12-08 03:00:00,"1733,9104703938892","0,0","0,0"
2030-12-08 04:00:00,"1733,9104703938892","0,0","0,0"
2030-12-08 05:00:00,"1733,9104703938892","0,0","0,0"
2030-12-08 06:00:00,"1733,9104703938892","0,0","0,0"
2030-12-08 07:00:00,"1733,9104703938892","0,0","0,0"
2030-12-08 08:00:00,"1733,9104703938892","0,0","0,0"
2030-12-08 09:00:00,"1733,9104703938892","0,0","0,0"
2030-12-08 10:00:00,"1733,9104703938892","0,0","0,0"
2030-12-08 11:00:00,"1733,9104703938892","0,0","0,0"
2030-12-08 12:00:00,"1733,9104703938892","0,0","0,0"
2030-12-08 13:00:00,"1733,9104703938892","0,0","0,0"
2030-12-08 14:00:00,"1733,9104703938892","0,0","0,0"
2030-12-08 15:00:00,"1733,9104703938892","0,0","0,0"
2030-12-08 16:00:00,"1252,2686730622534","433,4776175984723","0,0"
2030-12-08 17:00:00,"770,6268757306175","433,4776175984723","0,0"
2030-12-08 18:00:00,"288,98507839898156","433,4776175984723","0,0"
2030-12-08 19:00:00,"288,98507839898156","0,0","0,0"
2030-12-08 20:00:00,"288,98507839898156","0,0","0,0"
2030-12-08 21:00:00,"288,98507839898156","0,0","0,0"
2030-12-08 22:00:00,"288,98507839898156","0,0","0,0"
2030-12-08 23:00:00,"288,98507839898156","0,0","0,0"
2030-12-09 00:00:00,"433,4776175984723","0,0","144,49253919949075"
2030-12-09 01:00:00,"866,9552351969446","0,0","433,4776175984723"
2030-12-09 02:00:00,"1300,432852795417","0,0","433,4776175984723"
2030-12-09 03:00:00,"1733,9104703938892","0,0","433,4776175984723"
2030-12-09 04:00:00,"1733,9104703938892","0,0","0,0"
2030-12-09 05:00:00,"1733,9104703938892","0,0","0,0"
2030-12-09 06:00:00,"1252,2686730622534","433,4776175984723","0,0"
2030-12-09 07:00:00,"770,6268757306175","433,4776175984723","0,0"
2030-12-09 08:00:00,"770,6268757306175","0,0","0,0"
2030-12-09 09:00:00,"770,6268757306175","0,0","0,0"
2030-12-09 10:00:00,"770,6268757306175","0,0","0,0"
2030-12-09 11:00:00,"1204,1044933290898","0,0","433,4776175984723"
2030-12-09 12:00:00,"1637,582110927562","0,0","433,4776175984723"
2030-12-09 13:00:00,"1733,9104703938892","0,0","96,32835946632713"
2030-12-09 14:00:00,"1733,9104703938892","0,0","0,0"
2030-12-09 15:00:00,"1444,9253919949078","260,0865705590832","0,0"
2030-12-09 16:00:00,"963,2835946632719","433,4776175984723","0,0"
2030-12-09 17:00:00,"481,6417973316359","433,4776175984723","0,0"
2030-12-09 18:00:00,"0,0","433,4776175984723","0,0"
2030-12-09 19:00:00,"0,0","0,0","0,0"
2030-12-09 20:00:00,"0,0","0,0","0,0"
2030-12-09 21:00:00,"0,0","0,0","0,0"
2030-12-09 22:00:00,"0,0","0,0","0,0"
2030-12-09 23:00:00,"433,4776175984723","0,0","433,4776175984723"
2030-12-10 00:00:00,"433,4776175984723","0,0","0,0"
2030-12-10 01:00:00,"866,9552351969446","0,0","433,4776175984723"
2030-12-10 02:00:00,"1300,432852795417","0,0","433,4776175984723"
2030-12-10 03:00:00,"1733,9104703938892","0,0","433,4776175984723"
2030-12-10 04:00:00,"1733,9104703938892","0,0","0,0"
2030-12-10 05:00:00,"1733,9104703938892","0,0","0,0"
2030-12-10 06:00:00,"1733,9104703938892","0,0","0,0"
2030-12-10 07:00:00,"1252,2686730622534","433,4776175984723","0,0"
2030-12-10 08:00:00,"1252,2686730622534","0,0","0,0"
2030-12-10 09:00:00,"1252,2686730622534","0,0","0,0"
2030-12-10 10:00:00,"1252,2686730622534","0,0","0,0"
2030-12-10 11:00:00,"1444,9253919949078","0,0","192,65671893265448"
2030-12-10 12:00:00,"1444,9253919949078","0,0","0,0"
2030-12-10 13:00:00,"1444,9253919949078","0,0","0,0"
2030-12-10 14:00:00,"1444,9253919949078","0,0","0,0"
2030-12-10 15:00:00,"1444,9253919949078","0,0","0,0"
2030-12-10 16:00:00,"963,2835946632719","433,4776175984723","0,0"
2030-12-10 17:00:00,"481,6417973316359","433,4776175984723","0,0"
2030-12-10 18:00:00,"0,0","433,4776175984723","0,0"
2030-12-10 19:00:00,"0,0","0,0","0,0"
2030-12-10 20:00:00,"0,0","0,0","0,0"
2030-12-10 21:00:00,"0,0","0,0","0,0"
2030-12-10 22:00:00,"0,0","0,0","0,0"
2030-12-10 23:00:00,"0,0","0,0","0,0"
2030-12-11 00:00:00,"433,4776175984723","0,0","433,4776175984723"
2030-12-11 01:00:00,"866,9552351969446","0,0","433,4776175984723"
2030-12-11 02:00:00,"1300,432852795417","0,0","433,4776175984723"
2030-12-11 03:00:00,"1733,9104703938892","0,0","433,4776175984723"
2030-12-11 04:00:00,"1733,9104703938892","0,0","0,0"
2030-12-11 05:00:00,"1733,9104703938892","0,0","0,0"
2030-12-11 06:00:00,"1295,6010958345196","394,47843710343267","0,0"
2030-12-11 07:00:00,"813,9592985028837","433,4776175984723","0,0"
2030-12-11 08:00:00,"713,3986058774708","90,50462336287165","0,0"
2030-12-11 09:00:00,"899,3488095835495","0,0","185,9502037060787"
2030-12-11 10:00:00,"1252,7837601460444","0,0","353,4349505624949"
2030-12-11 11:00:00,"1475,0203334123937","0,0","222,2365732663493"
2030-12-11 12:00:00,"1475,0203334123937","0,0","0,0"
2030-12-11 13:00:00,"1733,9104703938892","0,0","258,89013698149546"
2030-12-11 14:00:00,"1733,9104703938892","0,0","0,0"
2030-12-11 15:00:00,"1444,9253919949078","260,0865705590832","0,0"
2030-12-11 16:00:00,"963,2835946632719","433,4776175984723","0,0"
2030-12-11 17:00:00,"481,6417973316359","433,4776175984723","0,0"
2030-12-11 18:00:00,"0,0","433,4776175984723","0,0"
2030-12-11 19:00:00,"0,0","0,0","0,0"
2030-12-11 20:00:00,"0,0","0,0","0,0"
2030-12-11 21:00:00,"0,0","0,0","0,0"
2030-12-11 22:00:00,"0,0","0,0","0,0"
2030-12-11 23:00:00,"0,0","0,0","0,0"
2030-12-12 00:00:00,"433,4776175984723","0,0","433,4776175984723"
2030-12-12 01:00:00,"866,9552351969446","0,0","433,4776175984723"
2030-12-12 02:00:00,"1300,432852795417","0,0","433,4776175984723"
2030-12-12 03:00:00,"1733,9104703938892","0,0","433,4776175984723"
2030-12-12 04:00:00,"1733,9104703938892","0,0","0,0"
2030-12-12 05:00:00,"1733,9104703938892","0,0","0,0"
2030-12-12 06:00:00,"1733,9104703938892","0,0","0,0"
2030-12-12 07:00:00,"1252,2686730622534","433,4776175984723","0,0"
2030-12-12 08:00:00,"866,9552351969446","346,78209407877785","0,0"
2030-12-12 09:00:00,"866,9552351969446","0,0","0,0"
2030-12-12 10:00:00,"1300,432852795417","0,0","433,4776175984723"
2030-12-12 11:00:00,"1300,432852795417","0,0","0,0"
2030-12-12 12:00:00,"1300,432852795417","0,0","0,0"
2030-12-12 13:00:00,"1733,9104703938892","0,0","433,4776175984723"
2030-12-12 14:00:00,"1733,9104703938892","0,0","0,0"
2030-12-12 15:00:00,"1444,9253919949078","260,0865705590832","0,0"
2030-12-12 16:00:00,"963,2835946632719","433,4776175984723","0,0"
2030-12-12 17:00:00,"481,6417973316359","433,4776175984723","0,0"
2030-12-12 18:00:00,"0,0","433,4776175984723","0,0"
2030-12-12 19:00:00,"0,0","0,0","0,0"
2030-12-12 20:00:00,"0,0","0,0","0,0"
2030-12-12 21:00:00,"0,0","0,0","0,0"
2030-12-12 22:00:00,"433,4776175984723","0,0","433,4776175984723"
2030-12-12 23:00:00,"866,9552351969446","0,0","433,4776175984723"
2030-12-13 00:00:00,"1300,432852795417","0,0","433,4776175984723"
2030-12-13 01:00:00,"1733,9104703938892","0,0","433,4776175984723"
2030-12-13 02:00:00,"1252,2686730622534","433,4776175984723","0,0"
2030-12-13 03:00:00,"1685,7462906607257","0,0","433,4776175984723"
2030-12-13 04:00:00,"1733,9104703938892","0,0","48,164179733163564"
2030-12-13 05:00:00,"1733,9104703938892","0,0","0,0"
2030-12-13 06:00:00,"1733,9104703938892","0,0","0,0"
2030-12-13 07:00:00,"1252,2686730622534","433,4776175984723","0,0"
2030-12-13 08:00:00,"1252,2686730622534","0,0","0,0"
2030-12-13 09:00:00,"1252,2686730622534","0,0","0,0"
2030-12-13 10:00:00,"1300,432852795417","0,0","48,164179733163564"
2030-12-13 11:00:00,"1733,9104703938892","0,0","433,4776175984723"
2030-12-13 12:00:00,"1733,9104703938892","0,0","0,0"
2030-12-13 13:00:00,"1733,9104703938892","0,0","0,0"
2030-12-13 14:00:00,"1733,9104703938892","0,0","0,0"
2030-12-13 15:00:00,"1444,9253919949078","260,0865705590832","0,0"
2030-12-13 16:00:00,"963,2835946632719","433,4776175984723","0,0"
2030-12-13 17:00:00,"481,6417973316359","433,4776175984723","0,0"
2030-12-13 18:00:00,"0,0","433,4776175984723","0,0"
2030-12-13 19:00:00,"0,0","0,0","0,0"
2030-12-13 20:00:00,"0,0","0,0","0,0"
2030-12-13 21:00:00,"0,0","0,0","0,0"
2030-12-13 22:00:00,"433,4776175984723","0,0","433,4776175984723"
2030-12-13 23:00:00,"866,9552351969446","0,0","433,4776175984723"
2030-12-14 00:00:00,"866,9552351969446","0,0","0,0"
2030-12-14 01:00:00,"866,9552351969446","0,0","0,0"
2030-12-14 02:00:00,"1300,432852795417","0,0","433,4776175984723"
2030-12-14 03:00:00,"1733,9104703938892","0,0","433,4776175984723"
2030-12-14 04:00:00,"1733,9104703938892","0,0","0,0"
2030-12-14 05:00:00,"1733,9104703938892","0,0","0,0"
2030-12-14 06:00:00,"1733,9104703938892","0,0","0,0"
2030-12-14 07:00:00,"1733,9104703938892","0,0","0,0"
2030-12-14 08:00:00,"1733,9104703938892","0,0","0,0"
2030-12-14 09:00:00,"1733,9104703938892","0,0","0,0"
2030-12-14 10:00:00,"1733,9104703938892","0,0","0,0"
2030-12-14 11:00:00,"1733,9104703938892","0,0","0,0"
2030-12-14 12:00:00,"1733,9104703938892","0,0","0,0"
2030-12-14 13:00:00,"1733,9104703938892","0,0","0,0"
2030-12-14 14:00:00,"1733,9104703938892","0,0","0,0"
2030-12-14 15:00:00,"1444,9253919949078","260,0865705590832","0,0"
2030-12-14 16:00:00,"963,2835946632719","433,4776175984723","0,0"
2030-12-14 17:00:00,"481,6417973316359","433,4776175984723","0,0"
2030-12-14 18:00:00,"0,0","433,4776175984723","0,0"
2030-12-14 19:00:00,"0,0","0,0","0,0"
2030-12-14 20:00:00,"0,0","0,0","0,0"
2030-12-14 21:00:00,"0,0","0,0","0,0"
2030-12-14 22:00:00,"0,0","0,0","0,0"
2030-12-14 23:00:00,"0,0","0,0","0,0"
2030-12-15 00:00:00,"433,4776175984723","0,0","433,4776175984723"
2030-12-15 01:00:00,"866,9552351969446","0,0","433,4776175984723"
2030-12-15 02:00:00,"1300,432852795417","0,0","433,4776175984723"
2030-12-15 03:00:00,"1733,9104703938892","0,0","433,4776175984723"
2030-12-15 04:00:00,"1733,9104703938892","0,0","0,0"
2030-12-15 05:00:00,"1733,9104703938892","0,0","0,0"
2030-12-15 06:00:00,"1733,9104703938892","0,0","0,0"
2030-12-15 07:00:00,"1716,2908324534085","15,857674146432668","0,0"
2030-12-15 08:00:00,"1234,6490351217726","433,4776175984723","0,0"
2030-12-15 09:00:00,"1300,432852795417","0,0","65,78381767364436"
2030-12-15 10:00:00,"1733,9104703938892","0,0","433,4776175984723"
2030-12-15 11:00:00,"1733,9104703938892","0,0","0,0"
2030-12-15 12:00:00,"1733,9104703938892","0,0","0,0"
2030-12-15 13:00:00,"1733,9104703938892","0,0","0,0"
2030-12-15 14:00:00,"1733,9104703938892","0,0","0,0"
2030-12-15 15:00:00,"1733,9104703938892","0,0","0,0"
2030-12-15 16:00:00,"1252,2686730622534","433,4776175984723","0,0"
2030-12-15 17:00:00,"770,6268757306175","433,4776175984723","0,0"
2030-12-15 18:00:00,"288,98507839898156","433,4776175984723","0,0"
2030-12-15 19:00:00,"0,0","260,0865705590834","0,0"
2030-12-15 20:00:00,"0,0","0,0","0,0"
2030-12-15 21:00:00,"0,0","0,0","0,0"
2030-12-15 22:00:00,"0,0","0,0","0,0"
2030-12-15 23:00:00,"433,4776175984723","0,0","433,4776175984723"
2030-12-16 00:00:00,"866,9552351969446","0,0","433,4776175984723"
2030-12-16 01:00:00,"866,9552351969446","0,0","0,0"
2030-12-16 02:00:00,"1300,432852795417","0,0","433,4776175984723"
2030-12-16 03:00:00,"1733,9104703938892","0,0","433,4776175984723"
2030-12-16 04:00:00,"1733,9104703938892","0,0","0,0"
2030-12-16 05:00:00,"1733,9104703938892","0,0","0,0"
2030-12-16 06:00:00,"1586,4808994825792","132,68661382017905","0,0"
2030-12-16 07:00:00,"1104,8391021509433","433,4776175984723","0,0"
2030-12-16 08:00:00,"837,6211917951352","240,4961193202272","0,0"
2030-12-16 09:00:00,"837,6211917951352","0,0","0,0"
2030-12-16 10:00:00,"837,6211917951352","0,0","0,0"
2030-12-16 11:00:00,"837,6211917951352","0,0","0,0"
2030-12-16 12:00:00,"837,6211917951352","0,0","0,0"
2030-12-16 13:00:00,"998,309072895101","0,0","160,68788109996586"
2030-12-16 14:00:00,"1115,6118790143405","0,0","117,30280611923945"
2030-12-16 15:00:00,"1444,9253919949078","0,0","329,31351298056734"
2030-12-16 16:00:00,"963,2835946632719","433,4776175984723","0,0"
2030-12-16 17:00:00,"481,6417973316359","433,4776175984723","0,0"
2030-12-16 18:00:00,"0,0","433,4776175984723","0,0"
2030-12-16 19:00:00,"0,0","0,0","0,0"
2030-12-16 20:00:00,"0,0","0,0","0,0"
2030-12-16 21:00:00,"0,0","0,0","0,0"
2030-12-16 22:00:00,"0,0","0,0","0,0"
2030-12-16 23:00:00,"0,0","0,0","0,0"
2030-12-17 00:00:00,"433,4776175984723","0,0","433,4776175984723"
2030-12-17 01:00:00,"866,9552351969446","0,0","433,4776175984723"
2030-12-17 02:00:00,"866,9552351969446","0,0","0,0"
2030-12-17 03:00:00,"1300,432852795417","0,0","433,4776175984723"
2030-12-17 04:00:00,"1733,9104703938892","0,0","433,4776175984723"
2030-12-17 05:00:00,"1733,9104703938892","0,0","0,0"
2030-12-17 06:00:00,"1252,2686730622534","433,4776175984723","0,0"
2030-12-17 07:00:00,"770,6268757306175","433,4776175984723","0,0"
2030-12-17 08:00:00,"577,9701567979632","173,39104703938884","0,0"
2030-12-17 09:00:00,"577,9701567979632","0,0","0,0"
2030-12-17 10:00:00,"577,9701567979632","0,0","0,0"
2030-12-17 11:00:00,"577,9701567979632","0,0","0,0"
2030-12-17 12:00:00,"1011,4477743964355","0,0","433,4776175984723"
2030-12-17 13:00:00,"1444,9253919949078","0,0","433,4776175984723"
2030-12-17 14:00:00,"1444,9253919949078","0,0","0,0"
2030-12-17 15:00:00,"1444,9253919949078","0,0","0,0"
2030-12-17 16:00:00,"963,2835946632719","433,4776175984723","0,0"
2030-12-17 17:00:00,"481,6417973316359","433,4776175984723","0,0"
2030-12-17 18:00:00,"0,0","433,4776175984723","0,0"
2030-12-17 19:00:00,"0,0","0,0","0,0"
2030-12-17 20:00:00,"0,0","0,0","0,0"
2030-12-17 21:00:00,"0,0","0,0","0,0"
2030-12-17 22:00:00,"0,0","0,0","0,0"
2030-12-17 23:00:00,"0,0","0,0","0,0"
2030-12-18 00:00:00,"433,4776175984723","0,0","433,4776175984723"
2030-12-18 01:00:00,"433,4776175984723","0,0","0,0"
2030-12-18 02:00:00,"866,9552351969446","0,0","433,4776175984723"
2030-12-18 03:00:00,"1300,432852795417","0,0","433,4776175984723"
2030-12-18 04:00:00,"1733,9104703938892","0,0","433,4776175984723"
2030-12-18 05:00:00,"1733,9104703938892","0,0","0,0"
2030-12-18 06:00:00,"1733,9104703938892","0,0","0,0"
2030-12-18 07:00:00,"1733,9104703938892","0,0","0,0"
2030-12-18 08:00:00,"1733,9104703938892","0,0","0,0"
2030-12-18 09:00:00,"1733,9104703938892","0,0","0,0"
2030-12-18 10:00:00,"1733,9104703938892","0,0","0,0"
2030-12-18 11:00:00,"1733,9104703938892","0,0","0,0"
2030-12-18 12:00:00,"1733,9104703938892","0,0","0,0"
2030-12-18 13:00:00,"1733,9104703938892","0,0","0,0"
2030-12-18 14:00:00,"1733,9104703938892","0,0","0,0"
2030-12-18 15:00:00,"1733,9104703938892","0,0","0,0"
2030-12-18 16:00:00,"1733,9104703938892","0,0","0,0"
2030-12-18 17:00:00,"1733,9104703938892","0,0","0,0"
2030-12-18 18:00:00,"1733,9104703938892","0,0","0,0"
2030-12-18 19:00:00,"1733,9104703938892","0,0","0,0"
2030-12-18 20:00:00,"1733,9104703938892","0,0","0,0"
2030-12-18 21:00:00,"1733,9104703938892","0,0","0,0"
2030-12-18 22:00:00,"1733,9104703938892","0,0","0,0"
2030-12-18 23:00:00,"1733,9104703938892","0,0","0,0"
2030-12-19 00:00:00,"1733,9104703938892","0,0","0,0"
2030-12-19 01:00:00,"1733,9104703938892","0,0","0,0"
2030-12-19 02:00:00,"1733,9104703938892","0,0","0,0"
2030-12-19 03:00:00,"1733,9104703938892","0,0","0,0"
2030-12-19 04:00:00,"1733,9104703938892","0,0","0,0"
2030-12-19 05:00:00,"1733,9104703938892","0,0","0,0"
2030-12-19 06:00:00,"1733,9104703938892","0,0","0,0"
2030-12-19 07:00:00,"1252,2686730622534","433,4776175984723","0,0"
2030-12-19 08:00:00,"770,6268757306175","433,4776175984723","0,0"
2030-12-19 09:00:00,"770,6268757306175","0,0","0,0"
2030-12-19 10:00:00,"866,9552351969446","0,0","96,32835946632713"
2030-12-19 11:00:00,"1300,432852795417","0,0","433,4776175984723"
2030-12-19 12:00:00,"1733,9104703938892","0,0","433,4776175984723"
2030-12-19 13:00:00,"1733,9104703938892","0,0","0,0"
2030-12-19 14:00:00,"1733,9104703938892","0,0","0,0"
2030-12-19 15:00:00,"1252,2686730622534","433,4776175984723","0,0"
2030-12-19 16:00:00,"770,6268757306175","433,4776175984723","0,0"
2030-12-19 17:00:00,"288,98507839898156","433,4776175984723","0,0"
2030-12-19 18:00:00,"0,0","260,0865705590834","0,0"
2030-12-19 19:00:00,"0,0","0,0","0,0"
2030-12-19 20:00:00,"0,0","0,0","0,0"
2030-12-19 21:00:00,"0,0","0,0","0,0"
2030-12-19 22:00:00,"0,0","0,0","0,0"
2030-12-19 23:00:00,"0,0","0,0","0,0"
2030-12-20 00:00:00,"0,0","0,0","0,0"
2030-12-20 01:00:00,"433,4776175984723","0,0","433,4776175984723"
2030-12-20 02:00:00,"866,9552351969446","0,0","433,4776175984723"
2030-12-20 03:00:00,"1300,432852795417","0,0","433,4776175984723"
2030-12-20 04:00:00,"1733,9104703938892","0,0","433,4776175984723"
2030-12-20 05:00:00,"1733,9104703938892","0,0","0,0"
2030-12-20 06:00:00,"1733,9104703938892","0,0","0,0"
2030-12-20 07:00:00,"1733,9104703938892","0,0","0,0"
2030-12-20 08:00:00,"1733,9104703938892","0,0","0,0"
2030-12-20 09:00:00,"1733,9104703938892","0,0","0,0"
2030-12-20 10:00:00,"1733,9104703938892","0,0","0,0"
2030-12-20 11:00:00,"1733,9104703938892","0,0","0,0"
2030-12-20 12:00:00,"1733,9104703938892","0,0","0,0"
2030-12-20 13:00:00,"1733,9104703938892","0,0","0,0"
2030-12-20 14:00:00,"1733,9104703938892","0,0","0,0"
2030-12-20 15:00:00,"1444,9253919949078","260,0865705590832","0,0"
2030-12-20 16:00:00,"963,2835946632719","433,4776175984723","0,0"
2030-12-20 17:00:00,"481,6417973316359","433,4776175984723","0,0"
2030-12-20 18:00:00,"0,0","433,4776175984723","0,0"
2030-12-20 19:00:00,"0,0","0,0","0,0"
2030-12-20 20:00:00,"0,0","0,0","0,0"
2030-12-20 21:00:00,"0,0","0,0","0,0"
2030-12-20 22:00:00,"0,0","0,0","0,0"
2030-12-20 23:00:00,"0,0","0,0","0,0"
2030-12-21 00:00:00,"433,4776175984723","0,0","433,4776175984723"
2030-12-21 01:00:00,"866,9552351969446","0,0","433,4776175984723"
2030-12-21 02:00:00,"1300,432852795417","0,0","433,4776175984723"
2030-12-21 03:00:00,"1300,432852795417","0,0","0,0"
2030-12-21 04:00:00,"1733,9104703938892","0,0","433,4776175984723"
2030-12-21 05:00:00,"1733,9104703938892","0,0","0,0"
2030-12-21 06:00:00,"1733,9104703938892","0,0","0,0"
2030-12-21 07:00:00,"1733,9104703938892","0,0","0,0"
2030-12-21 08:00:00,"1733,9104703938892","0,0","0,0"
2030-12-21 09:00:00,"1733,9104703938892","0,0","0,0"
2030-12-21 10:00:00,"1733,9104703938892","0,0","0,0"
2030-12-21 11:00:00,"1733,9104703938892","0,0","0,0"
2030-12-21 12:00:00,"1733,9104703938892","0,0","0,0"
2030-12-21 13:00:00,"1733,9104703938892","0,0","0,0"
2030-12-21 14:00:00,"1733,9104703938892","0,0","0,0"
2030-12-21 15:00:00,"1444,9253919949078","260,0865705590832","0,0"
2030-12-21 16:00:00,"963,2835946632719","433,4776175984723","0,0"
2030-12-21 17:00:00,"481,6417973316359","433,4776175984723","0,0"
2030-12-21 18:00:00,"0,0","433,4776175984723","0,0"
2030-12-21 19:00:00,"0,0","0,0","0,0"
2030-12-21 20:00:00,"0,0","0,0","0,0"
2030-12-21 21:00:00,"0,0","0,0","0,0"
2030-12-21 22:00:00,"0,0","0,0","0,0"
2030-12-21 23:00:00,"0,0","0,0","0,0"
2030-12-22 00:00:00,"0,0","0,0","0,0"
2030-12-22 01:00:00,"351,8455684584228","0,0","351,8455684584228"
2030-12-22 02:00:00,"351,8455684584228","0,0","0,0"
2030-12-22 03:00:00,"785,3231860568951","0,0","433,4776175984723"
2030-12-22 04:00:00,"1218,8008036553674","0,0","433,4776175984723"
2030-12-22 05:00:00,"1652,2784212538397","0,0","433,4776175984723"
2030-12-22 06:00:00,"1652,2784212538397","0,0","0,0"
2030-12-22 07:00:00,"1652,2784212538397","0,0","0,0"
2030-12-22 08:00:00,"1652,2784212538397","0,0","0,0"
2030-12-22 09:00:00,"1652,2784212538397","0,0","0,0"
2030-12-22 10:00:00,"1652,2784212538397","0,0","0,0"
2030-12-22 11:00:00,"1652,2784212538397","0,0","0,0"
2030-12-22 12:00:00,"1652,2784212538397","0,0","0,0"
2030-12-22 13:00:00,"1652,2784212538397","0,0","0,0"
2030-12-22 14:00:00,"1652,2784212538397","0,0","0,0"
2030-12-22 15:00:00,"1652,2784212538397","0,0","0,0"
2030-12-22 16:00:00,"1652,2784212538397","0,0","0,0"
2030-12-22 17:00:00,"1170,6366239222039","433,4776175984723","0,0"
2030-12-22 18:00:00,"1170,6366239222039","0,0","0,0"
2030-12-22 19:00:00,"1170,6366239222039","0,0","0,0"
2030-12-22 20:00:00,"1170,6366239222039","0,0","0,0"
2030-12-22 21:00:00,"1170,6366239222039","0,0","0,0"
2030-12-22 22:00:00,"1170,6366239222039","0,0","0,0"
2030-12-22 23:00:00,"1170,6366239222039","0,0","0,0"
2030-12-23 00:00:00,"1170,6366239222039","0,0","0,0"
2030-12-23 01:00:00,"1170,6366239222039","0,0","0,0"
2030-12-23 02:00:00,"1300,432852795417","0,0","129,79622887321307"
2030-12-23 03:00:00,"1733,9104703938892","0,0","433,4776175984723"
2030-12-23 04:00:00,"1733,9104703938892","0,0","0,0"
2030-12-23 05:00:00,"1733,9104703938892","0,0","0,0"
2030-12-23 06:00:00,"1444,9253919949078","260,0865705590832","0,0"
2030-12-23 07:00:00,"963,2835946632719","433,4776175984723","0,0"
2030-12-23 08:00:00,"481,6417973316359","433,4776175984723","0,0"
2030-12-23 09:00:00,"0,0","433,4776175984723","0,0"
2030-12-23 10:00:00,"0,0","0,0","0,0"
2030-12-23 11:00:00,"0,0","0,0","0,0"
2030-12-23 12:00:00,"433,4776175984723","0,0","433,4776175984723"
2030-12-23 13:00:00,"866,9552351969446","0,0","433,4776175984723"
2030-12-23 14:00:00,"1165,616150427779","0,0","298,6609152308344"
2030-12-23 15:00:00,"1165,616150427779","0,0","0,0"
2030-12-23 16:00:00,"1165,616150427779","0,0","0,0"
2030-12-23 17:00:00,"1165,616150427779","0,0","0,0"
2030-12-23 18:00:00,"683,9743530961432","433,4776175984723","0,0"
2030-12-23 19:00:00,"202,33255576450728","433,4776175984723","0,0"
2030-12-23 20:00:00,"0,0","182,09930018805653","0,0"
2030-12-23 21:00:00,"0,0","0,0","0,0"
2030-12-23 22:00:00,"0,0","0,0","0,0"
2030-12-23 23:00:00,"0,0","0,0","0,0"
2030-12-24 00:00:00,"0,0","0,0","0,0"
2030-12-24 01:00:00,"433,4776175984723","0,0","433,4776175984723"
2030-12-24 02:00:00,"866,9552351969446","0,0","433,4776175984723"
2030-12-24 03:00:00,"1300,432852795417","0,0","433,4776175984723"
2030-12-24 04:00:00,"1733,9104703938892","0,0","433,4776175984723"
2030-12-24 05:00:00,"1733,9104703938892","0,0","0,0"
2030-12-24 06:00:00,"1733,9104703938892","0,0","0,0"
2030-12-24 07:00:00,"1733,9104703938892","0,0","0,0"
2030-12-24 08:00:00,"1733,9104703938892","0,0","0,0"
2030-12-24 09:00:00,"1733,9104703938892","0,0","0,0"
2030-12-24 10:00:00,"1733,9104703938892","0,0","0,0"
2030-12-24 11:00:00,"1733,9104703938892","0,0","0,0"
2030-12-24 12:00:00,"1733,9104703938892","0,0","0,0"
2030-12-24 13:00:00,"1733,9104703938892","0,0","0,0"
2030-12-24 14:00:00,"1733,9104703938892","0,0","0,0"
2030-12-24 15:00:00,"1444,9253919949078","260,0865705590832","0,0"
2030-12-24 16:00:00,"963,2835946632719","433,4776175984723","0,0"
2030-12-24 17:00:00,"481,6417973316359","433,4776175984723","0,0"
2030-12-24 18:00:00,"0,0","433,4776175984723","0,0"
2030-12-24 19:00:00,"0,0","0,0","0,0"
2030-12-24 20:00:00,"0,0","0,0","0,0"
2030-12-24 21:00:00,"0,0","0,0","0,0"
2030-12-24 22:00:00,"0,0","0,0","0,0"
2030-12-24 23:00:00,"0,0","0,0","0,0"
2030-12-25 00:00:00,"0,0","0,0","0,0"
2030-12-25 01:00:00,"0,0","0,0","0,0"
2030-12-25 02:00:00,"0,0","0,0","0,0"
2030-12-25 03:00:00,"0,0","0,0","0,0"
2030-12-25 04:00:00,"0,0","0,0","0,0"
2030-12-25 05:00:00,"433,4776175984723","0,0","433,4776175984723"
2030-12-25 06:00:00,"866,9552351969446","0,0","433,4776175984723"
2030-12-25 07:00:00,"866,9552351969446","0,0","0,0"
2030-12-25 08:00:00,"866,9552351969446","0,0","0,0"
2030-12-25 09:00:00,"866,9552351969446","0,0","0,0"
2030-12-25 10:00:00,"866,9552351969446","0,0","0,0"
2030-12-25 11:00:00,"385,3134378653087","433,4776175984723","0,0"
2030-12-25 12:00:00,"385,3134378653087","0,0","0,0"
2030-12-25 13:00:00,"818,791055463781","0,0","433,4776175984723"
2030-12-25 14:00:00,"1252,2686730622534","0,0","433,4776175984723"
2030-12-25 15:00:00,"1252,2686730622534","0,0","0,0"
2030-12-25 16:00:00,"770,6268757306175","433,4776175984723","0,0"
2030-12-25 17:00:00,"338,41534715555207","388,99037571755883","0,0"
2030-12-25 18:00:00,"0,0","304,57381243999686","0,0"
2030-12-25 19:00:00,"0,0","390,1298558386251","433,4776175984723"
2030-12-25 20:00:00,"0,0","390,1298558386251","433,4776175984723"
2030-12-25 21:00:00,"96,32835946632713","303,4343323189307","433,4776175984723"
2030-12-25 22:00:00,"529,8059770647994","0,0","433,4776175984723"
2030-12-25 23:00:00,"963,2835946632717","0,0","433,4776175984723"
2030-12-26 00:00:00,"915,1194149301082","433,4776175984723","433,4776175984723"
2030-12-26 01:00:00,"1348,5970325285805","0,0","433,4776175984723"
2030-12-26 02:00:00,"1300,432852795417","433,4776175984723","433,4776175984723"
2030-12-26 03:00:00,"1733,9104703938892","0,0","433,4776175984723"
2030-12-26 04:00:00,"1733,9104703938892","390,1298558386251","433,4776175984723"
2030-12-26 05:00:00,"1685,7462906607257","433,4776175984723","433,4776175984723"
2030-12-26 06:00:00,"1733,9104703938892","346,78209407877785","433,4776175984723"
2030-12-26 07:00:00,"1733,9104703938892","390,1298558386251","433,4776175984723"
2030-12-26 08:00:00,"1733,9104703938892","0,0","0,0"
2030-12-26 09:00:00,"1733,9104703938892","0,0","0,0"
2030-12-26 10:00:00,"1733,9104703938892","0,0","0,0"
2030-12-26 11:00:00,"1733,9104703938892","0,0","0,0"
2030-12-26 12:00:00,"1733,9104703938892","0,0","0,0"
2030-12-26 13:00:00,"1733,9104703938892","0,0","0,0"
2030-12-26 14:00:00,"1733,9104703938892","0,0","0,0"
2030-12-26 15:00:00,"1733,9104703938892","0,0","0,0"
2030-12-26 16:00:00,"1733,9104703938892","0,0","0,0"
2030-12-26 17:00:00,"1444,9253919949078","260,0865705590832","0,0"
2030-12-26 18:00:00,"963,2835946632719","433,4776175984723","0,0"
2030-12-26 19:00:00,"481,6417973316359","433,4776175984723","0,0"
2030-12-26 20:00:00,"0,0","433,4776175984723","0,0"
2030-12-26 21:00:00,"0,0","0,0","0,0"
2030-12-26 22:00:00,"0,0","0,0","0,0"
2030-12-26 23:00:00,"0,0","0,0","0,0"
2030-12-27 00:00:00,"254,34510633844224","0,0","254,34510633844224"
2030-12-27 01:00:00,"687,8227239369146","0,0","433,4776175984723"
2030-12-27 02:00:00,"1121,300341535387","0,0","433,4776175984723"
2030-12-27 03:00:00,"1554,7779591338592","0,0","433,4776175984723"
2030-12-27 04:00:00,"1733,9104703938892","0,0","179,13251126003001"
2030-12-27 05:00:00,"1733,9104703938892","0,0","0,0"
2030-12-27 06:00:00,"1468,03233523562","239,2903216424424","0,0"
2030-12-27 07:00:00,"986,3905379039841","433,4776175984723","0,0"
2030-12-27 08:00:00,"504,74874057234814","433,4776175984723","0,0"
2030-12-27 09:00:00,"364,25513496082283","126,44424505037279","0,0"
2030-12-27 10:00:00,"346,7667411011514","15,739554473704288","0,0"
2030-12-27 11:00:00,"346,7667411011514","0,0","0,0"
2030-12-27 12:00:00,"309,4972443029954","33,54254711834041","0,0"
2030-12-27 13:00:00,"47,41076167784718","235,8778343626334","0,0"
2030-12-27 14:00:00,"47,41076167784718","0,0","0,0"
2030-12-27 15:00:00,"480,8883792763195","0,0","433,4776175984723"
2030-12-27 16:00:00,"914,3659968747918","0,0","433,4776175984723"
2030-12-27 17:00:00,"1251,2077949161435","0,0","336,8417980413517"
2030-12-27 18:00:00,"1443,9062173148702","0,0","192,69842239872662"
2030-12-27 19:00:00,"962,2644199832343","433,4776175984723","0,0"
2030-12-27 20:00:00,"480,6226226515984","433,4776175984723","0,0"
2030-12-27 21:00:00,"0,0","432,56036038643856","0,0"
2030-12-27 22:00:00,"0,0","0,0","0,0"
2030-12-27 23:00:00,"0,0","0,0","0,0"
2030-12-28 00:00:00,"433,4776175984723","0,0","433,4776175984723"
2030-12-28 01:00:00,"639,0727422059713","0,0","205,59512460749892"
2030-12-28 02:00:00,"1072,5503598044436","0,0","433,4776175984723"
2030-12-28 03:00:00,"1506,027977402916","0,0","433,4776175984723"
2030-12-28 04:00:00,"1733,9104703938892","0,0","227,88249299097333"
2030-12-28 05:00:00,"1733,9104703938892","0,0","0,0"
2030-12-28 06:00:00,"1733,9104703938892","0,0","0,0"
2030-12-28 07:00:00,"1733,9104703938892","0,0","0,0"
2030-12-28 08:00:00,"1733,9104703938892","0,0","0,0"
2030-12-28 09:00:00,"1733,9104703938892","0,0","0,0"
2030-12-28 10:00:00,"1733,9104703938892","0,0","0,0"
2030-12-28 11:00:00,"1733,9104703938892","0,0","0,0"
2030-12-28 12:00:00,"1733,9104703938892","0,0","0,0"
2030-12-28 13:00:00,"1733,9104703938892","0,0","0,0"
2030-12-28 14:00:00,"1733,9104703938892","0,0","0,0"
2030-12-28 15:00:00,"1733,9104703938892","0,0","0,0"
2030-12-28 16:00:00,"1252,2686730622534","433,4776175984723","0,0"
2030-12-28 17:00:00,"770,6268757306175","433,4776175984723","0,0"
2030-12-28 18:00:00,"288,98507839898156","433,4776175984723","0,0"
2030-12-28 19:00:00,"0,0","260,0865705590834","0,0"
2030-12-28 20:00:00,"0,0","0,0","0,0"
2030-12-28 21:00:00,"0,0","0,0","0,0"
2030-12-28 22:00:00,"0,0","0,0","0,0"
2030-12-28 23:00:00,"0,0","0,0","0,0"
2030-12-29 00:00:00,"0,0","0,0","0,0"
2030-12-29 01:00:00,"0,0","0,0","0,0"
2030-12-29 02:00:00,"433,4776175984723","0,0","433,4776175984723"
2030-12-29 03:00:00,"866,9552351969446","0,0","433,4776175984723"
2030-12-29 04:00:00,"866,9552351969446","0,0","0,0"
2030-12-29 05:00:00,"1080,717745807141","0,0","213,76251061019644"
2030-12-29 06:00:00,"1262,1836680889564","0,0","181,46592228181538"
2030-12-29 07:00:00,"780,5418707573206","433,4776175984723","0,0"
2030-12-29 08:00:00,"1111,5911297796508","0,0","331,0492590223302"
2030-12-29 09:00:00,"1111,5911297796508","0,0","0,0"
2030-12-29 10:00:00,"1111,5911297796508","0,0","0,0"
2030-12-29 11:00:00,"1545,0687473781231","0,0","433,4776175984723"
2030-12-29 12:00:00,"1733,9104703938892","0,0","188,8417230157661"
2030-12-29 13:00:00,"1733,9104703938892","0,0","0,0"
2030-12-29 14:00:00,"1733,9104703938892","0,0","0,0"
2030-12-29 15:00:00,"1733,9104703938892","0,0","0,0"
2030-12-29 16:00:00,"1252,2686730622534","433,4776175984723","0,0"
2030-12-29 17:00:00,"770,6268757306175","433,4776175984723","0,0"
2030-12-29 18:00:00,"288,98507839898156","433,4776175984723","0,0"
2030-12-29 19:00:00,"0,0","260,0865705590834","0,0"
2030-12-29 20:00:00,"0,0","0,0","0,0"
2030-12-29 21:00:00,"0,0","0,0","0,0"
2030-12-29 22:00:00,"433,4776175984723","0,0","433,4776175984723"
2030-12-29 23:00:00,"866,9552351969446","0,0","433,4776175984723"
2030-12-30 00:00:00,"866,9552351969446","0,0","0,0"
2030-12-30 01:00:00,"1300,432852795417","0,0","433,4776175984723"
2030-12-30 02:00:00,"1300,432852795417","0,0","0,0"
2030-12-30 03:00:00,"1733,9104703938892","0,0","433,4776175984723"
2030-12-30 04:00:00,"1733,9104703938892","0,0","0,0"
2030-12-30 05:00:00,"1733,9104703938892","0,0","0,0"
2030-12-30 06:00:00,"1733,9104703938892","0,0","0,0"
2030-12-30 07:00:00,"1347,3202352682415","347,93121161308295","0,0"
2030-12-30 08:00:00,"1300,432852795417","42,198644225542125","0,0"
2030-12-30 09:00:00,"1300,432852795417","0,0","0,0"
2030-12-30 10:00:00,"1300,432852795417","0,0","0,0"
2030-12-30 11:00:00,"1300,432852795417","0,0","0,0"
2030-12-30 12:00:00,"1733,9104703938892","0,0","433,4776175984723"
2030-12-30 13:00:00,"1733,9104703938892","0,0","0,0"
2030-12-30 14:00:00,"1733,9104703938892","0,0","0,0"
2030-12-30 15:00:00,"1733,9104703938892","0,0","0,0"
2030-12-30 16:00:00,"1252,2686730622534","433,4776175984723","0,0"
2030-12-30 17:00:00,"770,6268757306175","433,4776175984723","0,0"
2030-12-30 18:00:00,"288,98507839898156","433,4776175984723","0,0"
2030-12-30 19:00:00,"0,0","260,0865705590834","0,0"
2030-12-30 20:00:00,"0,0","0,0","0,0"
2030-12-30 21:00:00,"0,0","0,0","0,0"
2030-12-30 22:00:00,"0,0","0,0","0,0"
2030-12-30 23:00:00,"106,7599663857327","0,0","106,7599663857327"
2030-12-31 00:00:00,"433,4776175984723","0,0","326,7176512127396"
2030-12-31 01:00:00,"866,9552351969446","0,0","433,4776175984723"
2030-12-31 02:00:00,"1300,432852795417","0,0","433,4776175984723"
2030-12-31 03:00:00,"1733,9104703938892","0,0","433,4776175984723"
2030-12-31 04:00:00,"1733,9104703938892","0,0","0,0"
2030-12-31 05:00:00,"1733,9104703938892","0,0","0,0"
2030-12-31 06:00:00,"1733,9104703938892","0,0","0,0"
2030-12-31 07:00:00,"1733,9104703938892","0,0","0,0"
2030-12-31 08:00:00,"1733,9104703938892","0,0","0,0"
2030-12-31 09:00:00,"1733,9104703938892","0,0","0,0"
2030-12-31 10:00:00,"1252,2686730622534","433,4776175984723","0,0"
2030-12-31 11:00:00,"963,2835946632719","260,0865705590833","0,0"
2030-12-31 12:00:00,"481,6417973316359","433,4776175984723","0,0"
2030-12-31 13:00:00,"0,0","433,4776175984723","0,0"
2030-12-31 14:00:00,"302,7029265725184","0,0","302,7029265725184"
2030-12-31 15:00:00,"736,1805441709907","0,0","433,4776175984723"
2030-12-31 16:00:00,"1169,658161769463","0,0","433,4776175984723"
2030-12-31 17:00:00,"1350,8645871014749","0,0","181,2064253320118"
2030-12-31 18:00:00,"1733,9104703938892","0,0","383,0458832924143"
2030-12-31 19:00:00,"1452,760936882081","253,0345801606274","0,0"
2030-12-31 20:00:00,"971,1191395504452","433,4776175984723","0,0"
2030-12-31 21:00:00,"866,9552351969446","93,74751391815052","0,0"
2030-12-31 22:00:00,"866,9552351969446","0,0","0,0"
2030-12-31 23:00:00,"866,9552351969446","0,0","0,0"
2031-01-01 00:00:00,,,
