,"(('Pumpspeicherkraftwerk', 'None'), 'storage_content')","(('Pumpspeicherkraftwerk', 'Strom'), 'flow')","(('Strom', 'Pumpspeicherkraftwerk'), 'flow')"
2030-01-01 00:00:00,"1152,0","0,0","0,0"
2030-01-01 01:00:00,"1152,0","0,0","0,0"
2030-01-01 02:00:00,"1152,0","0,0","0,0"
2030-01-01 03:00:00,"1152,0","0,0","0,0"
2030-01-01 04:00:00,"1152,0","0,0","0,0"
2030-01-01 05:00:00,"1152,0","0,0","0,0"
2030-01-01 06:00:00,"1152,0","0,0","0,0"
2030-01-01 07:00:00,"1152,0","0,0","0,0"
2030-01-01 08:00:00,"1152,0","0,0","0,0"
2030-01-01 09:00:00,"1288,0034604164837","0,0","136,00346041648373"
2030-01-01 10:00:00,"1288,0034604164837","0,0","0,0"
2030-01-01 11:00:00,"1288,0034604164837","0,0","0,0"
2030-01-01 12:00:00,"1397,3806186016952","0,0","109,37715818521161"
2030-01-01 13:00:00,"1685,3806186016952","0,0","288,0"
2030-01-01 14:00:00,"1973,3806186016952","0,0","288,0"
2030-01-01 15:00:00,"2261,3806186016955","0,0","288,0"
2030-01-01 16:00:00,"2261,3806186016955","0,0","0,0"
2030-01-01 17:00:00,"2261,3806186016955","0,0","0,0"
2030-01-01 18:00:00,"2139,9947426805466","97,10870073691927","0,0"
2030-01-01 19:00:00,"2139,9947426805466","0,0","0,0"
2030-01-01 20:00:00,"1978,5466994456697","129,15843458790147","0,0"
2030-01-01 21:00:00,"1916,8838801924403","49,330255402583475","0,0"
2030-01-01 22:00:00,"1682,1128486955163","187,8168251975393","0,0"
2030-01-01 23:00:00,"1682,1128486955163","0,0","0,0"
2030-01-02 00:00:00,"1659,657708960568","17,964111787958586","0,0"
2030-01-02 01:00:00,"1659,657708960568","0,0","0,0"
2030-01-02 02:00:00,"1728,0","0,0","68,34229103943198"
2030-01-02 03:00:00,"2016,0","0,0","288,0"
2030-01-02 04:00:00,"2304,0","0,0","288,0"
2030-01-02 05:00:00,"2304,0","0,0","0,0"
2030-01-02 06:00:00,"2304,0","0,0","0,0"
2030-01-02 07:00:00,"2304,0","0,0","0,0"
2030-01-02 08:00:00,"2304,0","0,0","0,0"
2030-01-02 09:00:00,"2304,0","0,0","0,0"
2030-01-02 10:00:00,"2304,0","0,0","0,0"
2030-01-02 11:00:00,"2304,0","0,0","0,0"
2030-01-02 12:00:00,"2304,0","0,0","0,0"
2030-01-02 13:00:00,"2304,0","0,0","0,0"
2030-01-02 14:00:00,"2304,0","0,0","0,0"
2030-01-02 15:00:00,"2304,0","0,0","0,0"
2030-01-02 16:00:00,"2257,246715103234","37,4026279174131","0,0"
2030-01-02 17:00:00,"2098,8208976128135","126,74065399233638","0,0"
2030-01-02 18:00:00,"1738,8208976128135","288,0","0,0"
2030-01-02 19:00:00,"1378,8208976128135","288,0","0,0"
2030-01-02 20:00:00,"1018,8208976128135","288,0","0,0"
2030-01-02 21:00:00,"658,8208976128135","288,0","0,0"
2030-01-02 22:00:00,"658,8208976128135","0,0","0,0"
2030-01-02 23:00:00,"658,8208976128135","0,0","0,0"
2030-01-03 00:00:00,"658,8208976128135","0,0","0,0"
2030-01-03 01:00:00,"658,8208976128135","0,0","0,0"
2030-01-03 02:00:00,"658,8208976128135","0,0","0,0"
2030-01-03 03:00:00,"658,8208976128135","0,0","0,0"
2030-01-03 04:00:00,"658,8208976128135","0,0","0,0"
2030-01-03 05:00:00,"658,8208976128135","0,0","0,0"
2030-01-03 06:00:00,"360,0","239,0567180902508","0,0"
2030-01-03 07:00:00,"0,0","288,0","0,0"
2030-01-03 08:00:00,"0,0","0,0","0,0"
2030-01-03 09:00:00,"0,0","0,0","0,0"
2030-01-03 10:00:00,"0,0","0,0","0,0"
2030-01-03 11:00:00,"0,0","0,0","0,0"
2030-01-03 12:00:00,"0,0","0,0","0,0"
2030-01-03 13:00:00,"0,0","0,0","0,0"
2030-01-03 14:00:00,"0,0","0,0","0,0"
2030-01-03 15:00:00,"0,0","0,0","0,0"
2030-01-03 16:00:00,"0,0","0,0","0,0"
2030-01-03 17:00:00,"0,0","0,0","0,0"
2030-01-03 18:00:00,"0,0","0,0","0,0"
2030-01-03 19:00:00,"0,0","0,0","0,0"
2030-01-03 20:00:00,"0,0","0,0","0,0"
2030-01-03 21:00:00,"0,0","0,0","0,0"
2030-01-03 22:00:00,"288,0","0,0","288,0"
2030-01-03 23:00:00,"576,0","0,0","288,0"
2030-01-04 00:00:00,"864,0","0,0","288,0"
2030-01-04 01:00:00,"1152,0","0,0","288,0"
2030-01-04 02:00:00,"1440,0","0,0","288,0"
2030-01-04 03:00:00,"1728,0","0,0","288,0"
2030-01-04 04:00:00,"2016,0","0,0","288,0"
2030-01-04 05:00:00,"2304,0","0,0","288,0"
2030-01-04 06:00:00,"2304,0","0,0","0,0"
2030-01-04 07:00:00,"1944,0","288,0","0,0"
2030-01-04 08:00:00,"1800,0","115,2","0,0"
2030-01-04 09:00:00,"1800,0","0,0","0,0"
2030-01-04 10:00:00,"1800,0","0,0","0,0"
2030-01-04 11:00:00,"1800,0","0,0","0,0"
2030-01-04 12:00:00,"1800,0","0,0","0,0"
2030-01-04 13:00:00,"1800,0","0,0","0,0"
2030-01-04 14:00:00,"1440,0","288,0","0,0"
2030-01-04 15:00:00,"1080,0","288,0","0,0"
2030-01-04 16:00:00,"720,0","288,0","0,0"
2030-01-04 17:00:00,"360,0","288,0","0,0"
2030-01-04 18:00:00,"0,0","288,0","0,0"
2030-01-04 19:00:00,"0,0","0,0","0,0"
2030-01-04 20:00:00,"0,0","0,0","0,0"
2030-01-04 21:00:00,"0,0","0,0","0,0"
2030-01-04 22:00:00,"0,0","0,0","0,0"
2030-01-04 23:00:00,"0,0","0,0","0,0"
2030-01-05 00:00:00,"288,0","0,0","288,0"
2030-01-05 01:00:00,"576,0","0,0","288,0"
2030-01-05 02:00:00,"864,0","0,0","288,0"
2030-01-05 03:00:00,"1152,0","0,0","288,0"
2030-01-05 04:00:00,"1440,0","0,0","288,0"
2030-01-05 05:00:00,"1728,0","0,0","288,0"
2030-01-05 06:00:00,"2016,0","0,0","288,0"
2030-01-05 07:00:00,"2016,0","0,0","0,0"
2030-01-05 08:00:00,"1656,0","288,0","0,0"
2030-01-05 09:00:00,"1296,0","288,0","0,0"
2030-01-05 10:00:00,"1296,0","0,0","0,0"
2030-01-05 11:00:00,"1296,0","0,0","0,0"
2030-01-05 12:00:00,"1296,0","0,0","0,0"
2030-01-05 13:00:00,"1296,0","0,0","0,0"
2030-01-05 14:00:00,"1080,0","172,8","0,0"
2030-01-05 15:00:00,"720,0","288,0","0,0"
2030-01-05 16:00:00,"360,0","288,0","0,0"
2030-01-05 17:00:00,"360,0","0,0","0,0"
2030-01-05 18:00:00,"360,0","0,0","0,0"
2030-01-05 19:00:00,"0,0","288,0","0,0"
2030-01-05 20:00:00,"0,0","0,0","0,0"
2030-01-05 21:00:00,"0,0","0,0","0,0"
2030-01-05 22:00:00,"0,0","0,0","0,0"
2030-01-05 23:00:00,"0,0","0,0","0,0"
2030-01-06 00:00:00,"0,0","0,0","0,0"
2030-01-06 01:00:00,"0,0","0,0","0,0"
2030-01-06 02:00:00,"0,0","0,0","0,0"
2030-01-06 03:00:00,"222,26493580546958","0,0","222,26493580546958"
2030-01-06 04:00:00,"510,2649358054696","0,0","288,0"
2030-01-06 05:00:00,"798,2649358054696","0,0","288,0"
2030-01-06 06:00:00,"798,2649358054696","0,0","0,0"
2030-01-06 07:00:00,"798,2649358054696","0,0","0,0"
2030-01-06 08:00:00,"1086,2649358054696","0,0","288,0"
2030-01-06 09:00:00,"1086,2649358054696","0,0","0,0"
2030-01-06 10:00:00,"1152,0","0,0","65,73506419453037"
2030-01-06 11:00:00,"1440,0","0,0","288,0"
2030-01-06 12:00:00,"1728,0","0,0","288,0"
2030-01-06 13:00:00,"2016,0","0,0","288,0"
2030-01-06 14:00:00,"2304,0","0,0","288,0"
2030-01-06 15:00:00,"2304,0","0,0","0,0"
2030-01-06 16:00:00,"2304,0","0,0","0,0"
2030-01-06 17:00:00,"2304,0","0,0","0,0"
2030-01-06 18:00:00,"2304,0","0,0","0,0"
2030-01-06 19:00:00,"2304,0","0,0","0,0"
2030-01-06 20:00:00,"2304,0","0,0","0,0"
2030-01-06 21:00:00,"2304,0","0,0","0,0"
2030-01-06 22:00:00,"2304,0","0,0","0,0"
2030-01-06 23:00:00,"2304,0","0,0","0,0"
2030-01-07 00:00:00,"2304,0","0,0","0,0"
2030-01-07 01:00:00,"2304,0","0,0","0,0"
2030-01-07 02:00:00,"2304,0","0,0","0,0"
2030-01-07 03:00:00,"2304,0","0,0","0,0"
2030-01-07 04:00:00,"2304,0","0,0","0,0"
2030-01-07 05:00:00,"2304,0","0,0","0,0"
2030-01-07 06:00:00,"2304,0","0,0","0,0"
2030-01-07 07:00:00,"2304,0","0,0","0,0"
2030-01-07 08:00:00,"2304,0","0,0","0,0"
2030-01-07 09:00:00,"2304,0","0,0","0,0"
2030-01-07 10:00:00,"2304,0","0,0","0,0"
2030-01-07 11:00:00,"2304,0","0,0","0,0"
2030-01-07 12:00:00,"2304,0","0,0","0,0"
2030-01-07 13:00:00,"2304,0","0,0","0,0"
2030-01-07 14:00:00,"2304,0","0,0","0,0"
2030-01-07 15:00:00,"2304,0","0,0","0,0"
2030-01-07 16:00:00,"1944,0","288,0","0,0"
2030-01-07 17:00:00,"1584,0","288,0","0,0"
2030-01-07 18:00:00,"1224,0","288,0","0,0"
2030-01-07 19:00:00,"864,0","288,0","0,0"
2030-01-07 20:00:00,"504,0","288,0","0,0"
2030-01-07 21:00:00,"373,812409958766","104,1500720329872","0,0"
2030-01-07 22:00:00,"373,812409958766","0,0","0,0"
2030-01-07 23:00:00,"661,812409958766","0,0","288,0"
2030-01-08 00:00:00,"689,6211608385602","0,0","27,808750879794218"
2030-01-08 01:00:00,"689,6211608385602","0,0","0,0"
2030-01-08 02:00:00,"689,6211608385602","0,0","0,0"
2030-01-08 03:00:00,"689,6211608385602","0,0","0,0"
2030-01-08 04:00:00,"689,6211608385602","0,0","0,0"
2030-01-08 05:00:00,"689,6211608385602","0,0","0,0"
2030-01-08 06:00:00,"360,0","263,69692867084814","0,0"
2030-01-08 07:00:00,"0,0","288,0","0,0"
2030-01-08 08:00:00,"0,0","0,0","0,0"
2030-01-08 09:00:00,"0,0","0,0","0,0"
2030-01-08 10:00:00,"0,0","0,0","0,0"
2030-01-08 11:00:00,"0,0","0,0","0,0"
2030-01-08 12:00:00,"0,0","0,0","0,0"
2030-01-08 13:00:00,"288,0","0,0","288,0"
2030-01-08 14:00:00,"288,0","0,0","0,0"
2030-01-08 15:00:00,"288,0","0,0","0,0"
2030-01-08 16:00:00,"288,0","0,0","0,0"
2030-01-08 17:00:00,"282,39927491464414","4,480580068284667","0,0"
2030-01-08 18:00:00,"282,39927491464414","0,0","0,0"
2030-01-08 19:00:00,"0,0","225,9194199317153","0,0"
2030-01-08 20:00:00,"0,0","0,0","0,0"
2030-01-08 21:00:00,"0,0","0,0","0,0"
2030-01-08 22:00:00,"288,0","0,0","288,0"
2030-01-08 23:00:00,"576,0","0,0","288,0"
2030-01-09 00:00:00,"864,0","0,0","288,0"
2030-01-09 01:00:00,"1152,0","0,0","288,0"
2030-01-09 02:00:00,"1440,0","0,0","288,0"
2030-01-09 03:00:00,"1728,0","0,0","288,0"
2030-01-09 04:00:00,"2016,0","0,0","288,0"
2030-01-09 05:00:00,"2016,0","0,0","0,0"
2030-01-09 06:00:00,"2016,0","0,0","0,0"
2030-01-09 07:00:00,"2016,0","0,0","0,0"
2030-01-09 08:00:00,"2016,0","0,0","0,0"
2030-01-09 09:00:00,"2016,0","0,0","0,0"
2030-01-09 10:00:00,"2016,0","0,0","0,0"
2030-01-09 11:00:00,"2016,0","0,0","0,0"
2030-01-09 12:00:00,"2016,0","0,0","0,0"
2030-01-09 13:00:00,"2016,0","0,0","0,0"
2030-01-09 14:00:00,"2016,0","0,0","0,0"
2030-01-09 15:00:00,"1656,0","288,0","0,0"
2030-01-09 16:00:00,"1296,0","288,0","0,0"
2030-01-09 17:00:00,"936,0","288,0","0,0"
2030-01-09 18:00:00,"576,0","288,0","0,0"
2030-01-09 19:00:00,"216,0","288,0","0,0"
2030-01-09 20:00:00,"216,0","0,0","0,0"
2030-01-09 21:00:00,"216,0","0,0","0,0"
2030-01-09 22:00:00,"216,0","0,0","0,0"
2030-01-09 23:00:00,"216,0","0,0","0,0"
2030-01-10 00:00:00,"216,0","0,0","0,0"
2030-01-10 01:00:00,"504,0","0,0","288,0"
2030-01-10 02:00:00,"720,0","0,0","216,0"
2030-01-10 03:00:00,"720,0","0,0","0,0"
2030-01-10 04:00:00,"720,0","0,0","0,0"
2030-01-10 05:00:00,"720,0","0,0","0,0"
2030-01-10 06:00:00,"360,0","288,0","0,0"
2030-01-10 07:00:00,"0,0","288,0","0,0"
2030-01-10 08:00:00,"0,0","0,0","0,0"
2030-01-10 09:00:00,"0,0","0,0","0,0"
2030-01-10 10:00:00,"0,0","0,0","0,0"
2030-01-10 11:00:00,"0,0","0,0","0,0"
2030-01-10 12:00:00,"0,0","0,0","0,0"
2030-01-10 13:00:00,"0,0","0,0","0,0"
2030-01-10 14:00:00,"0,0","0,0","0,0"
2030-01-10 15:00:00,"0,0","0,0","0,0"
2030-01-10 16:00:00,"0,0","0,0","0,0"
2030-01-10 17:00:00,"0,0","0,0","0,0"
2030-01-10 18:00:00,"0,0","0,0","0,0"
2030-01-10 19:00:00,"0,0","0,0","0,0"
2030-01-10 20:00:00,"0,0","0,0","0,0"
2030-01-10 21:00:00,"0,0","0,0","0,0"
2030-01-10 22:00:00,"0,0","0,0","0,0"
2030-01-10 23:00:00,"0,0","0,0","0,0"
2030-01-11 00:00:00,"0,0","0,0","0,0"
2030-01-11 01:00:00,"0,0","0,0","0,0"
2030-01-11 02:00:00,"0,0","0,0","0,0"
2030-01-11 03:00:00,"0,0","0,0","0,0"
2030-01-11 04:00:00,"0,0","0,0","0,0"
2030-01-11 05:00:00,"0,0","0,0","0,0"
2030-01-11 06:00:00,"0,0","0,0","0,0"
2030-01-11 07:00:00,"0,0","0,0","0,0"
2030-01-11 08:00:00,"0,0","0,0","0,0"
2030-01-11 09:00:00,"0,0","0,0","0,0"
2030-01-11 10:00:00,"0,0","0,0","0,0"
2030-01-11 11:00:00,"0,0","0,0","0,0"
2030-01-11 12:00:00,"0,0","0,0","0,0"
2030-01-11 13:00:00,"0,0","0,0","0,0"
2030-01-11 14:00:00,"0,0","0,0","0,0"
2030-01-11 15:00:00,"0,0","0,0","0,0"
2030-01-11 16:00:00,"0,0","0,0","0,0"
2030-01-11 17:00:00,"0,0","0,0","0,0"
2030-01-11 18:00:00,"0,0","0,0","0,0"
2030-01-11 19:00:00,"0,0","0,0","0,0"
2030-01-11 20:00:00,"0,0","0,0","0,0"
2030-01-11 21:00:00,"0,0","0,0","0,0"
2030-01-11 22:00:00,"0,0","0,0","0,0"
2030-01-11 23:00:00,"0,0","0,0","0,0"
2030-01-12 00:00:00,"0,0","0,0","0,0"
2030-01-12 01:00:00,"0,0","0,0","0,0"
2030-01-12 02:00:00,"288,0","0,0","288,0"
2030-01-12 03:00:00,"576,0","0,0","288,0"
2030-01-12 04:00:00,"576,0","0,0","0,0"
2030-01-12 05:00:00,"864,0","0,0","288,0"
2030-01-12 06:00:00,"1152,0","0,0","288,0"
2030-01-12 07:00:00,"802,2914827260747","279,7668138191402","0,0"
2030-01-12 08:00:00,"1090,2914827260747","0,0","288,0"
2030-01-12 09:00:00,"1378,2914827260747","0,0","288,0"
2030-01-12 10:00:00,"1666,2914827260747","0,0","288,0"
2030-01-12 11:00:00,"1666,2914827260747","0,0","0,0"
2030-01-12 12:00:00,"1954,2914827260747","0,0","288,0"
2030-01-12 13:00:00,"2242,2914827260747","0,0","288,0"
2030-01-12 14:00:00,"2304,0","0,0","61,70851727392528"
2030-01-12 15:00:00,"2304,0","0,0","0,0"
2030-01-12 16:00:00,"2016,0","230,4","0,0"
2030-01-12 17:00:00,"2016,0","0,0","0,0"
2030-01-12 18:00:00,"2016,0","0,0","0,0"
2030-01-12 19:00:00,"2016,0","0,0","0,0"
2030-01-12 20:00:00,"2016,0","0,0","0,0"
2030-01-12 21:00:00,"2016,0","0,0","0,0"
2030-01-12 22:00:00,"2016,0","0,0","0,0"
2030-01-12 23:00:00,"2016,0","0,0","0,0"
2030-01-13 00:00:00,"2304,0","0,0","288,0"
2030-01-13 01:00:00,"2304,0","0,0","0,0"
2030-01-13 02:00:00,"2304,0","0,0","0,0"
2030-01-13 03:00:00,"2304,0","0,0","0,0"
2030-01-13 04:00:00,"2304,0","0,0","0,0"
2030-01-13 05:00:00,"2304,0","0,0","0,0"
2030-01-13 06:00:00,"2304,0","0,0","0,0"
2030-01-13 07:00:00,"2304,0","0,0","0,0"
2030-01-13 08:00:00,"2304,0","0,0","0,0"
2030-01-13 09:00:00,"2304,0","0,0","0,0"
2030-01-13 10:00:00,"2304,0","0,0","0,0"
2030-01-13 11:00:00,"2304,0","0,0","0,0"
2030-01-13 12:00:00,"2304,0","0,0","0,0"
2030-01-13 13:00:00,"2304,0","0,0","0,0"
2030-01-13 14:00:00,"2304,0","0,0","0,0"
2030-01-13 15:00:00,"2304,0","0,0","0,0"
2030-01-13 16:00:00,"2088,0","172,8","0,0"
2030-01-13 17:00:00,"1728,0","288,0","0,0"
2030-01-13 18:00:00,"2016,0","0,0","288,0"
2030-01-13 19:00:00,"2016,0","0,0","0,0"
2030-01-13 20:00:00,"2016,0","0,0","0,0"
2030-01-13 21:00:00,"2016,0","0,0","0,0"
2030-01-13 22:00:00,"2304,0","0,0","288,0"
2030-01-13 23:00:00,"2304,0","0,0","0,0"
2030-01-14 00:00:00,"2304,0","0,0","0,0"
2030-01-14 01:00:00,"2304,0","0,0","0,0"
2030-01-14 02:00:00,"2304,0","0,0","0,0"
2030-01-14 03:00:00,"2304,0","0,0","0,0"
2030-01-14 04:00:00,"2304,0","0,0","0,0"
2030-01-14 05:00:00,"2304,0","0,0","0,0"
2030-01-14 06:00:00,"2304,0","0,0","0,0"
2030-01-14 07:00:00,"2160,0","115,2","0,0"
2030-01-14 08:00:00,"2160,0","0,0","0,0"
2030-01-14 09:00:00,"2160,0","0,0","0,0"
2030-01-14 10:00:00,"2160,0","0,0","0,0"
2030-01-14 11:00:00,"2160,0","0,0","0,0"
2030-01-14 12:00:00,"2160,0","0,0","0,0"
2030-01-14 13:00:00,"2160,0","0,0","0,0"
2030-01-14 14:00:00,"1800,0","288,0","0,0"
2030-01-14 15:00:00,"1440,0","288,0","0,0"
2030-01-14 16:00:00,"1080,0","288,0","0,0"
2030-01-14 17:00:00,"720,0","288,0","0,0"
2030-01-14 18:00:00,"360,0","288,0","0,0"
2030-01-14 19:00:00,"0,0","288,0","0,0"
2030-01-14 20:00:00,"0,0","0,0","0,0"
2030-01-14 21:00:00,"0,0","0,0","0,0"
2030-01-14 22:00:00,"0,0","0,0","0,0"
2030-01-14 23:00:00,"0,0","0,0","0,0"
2030-01-15 00:00:00,"0,0","0,0","0,0"
2030-01-15 01:00:00,"0,0","0,0","0,0"
2030-01-15 02:00:00,"0,0","0,0","0,0"
2030-01-15 03:00:00,"288,0","0,0","288,0"
2030-01-15 04:00:00,"576,0","0,0","288,0"
2030-01-15 05:00:00,"864,0","0,0","288,0"
2030-01-15 06:00:00,"864,0","0,0","0,0"
2030-01-15 07:00:00,"864,0","0,0","0,0"
2030-01-15 08:00:00,"864,0","0,0","0,0"
2030-01-15 09:00:00,"864,0","0,0","0,0"
2030-01-15 10:00:00,"864,0","0,0","0,0"
2030-01-15 11:00:00,"864,0","0,0","0,0"
2030-01-15 12:00:00,"864,0","0,0","0,0"
2030-01-15 13:00:00,"720,0","115,2","0,0"
2030-01-15 14:00:00,"720,0","0,0","0,0"
2030-01-15 15:00:00,"720,0","0,0","0,0"
2030-01-15 16:00:00,"360,0","288,0","0,0"
2030-01-15 17:00:00,"0,0","288,0","0,0"
2030-01-15 18:00:00,"0,0","0,0","0,0"
2030-01-15 19:00:00,"0,0","0,0","0,0"
2030-01-15 20:00:00,"0,0","0,0","0,0"
2030-01-15 21:00:00,"0,0","0,0","0,0"
2030-01-15 22:00:00,"0,0","0,0","0,0"
2030-01-15 23:00:00,"288,0","0,0","288,0"
2030-01-16 00:00:00,"310,79790944320007","0,0","22,79790944320007"
2030-01-16 01:00:00,"598,7979094432001","0,0","288,0"
2030-01-16 02:00:00,"886,7979094432001","0,0","288,0"
2030-01-16 03:00:00,"1174,7979094432","0,0","288,0"
2030-01-16 04:00:00,"1174,7979094432","0,0","0,0"
2030-01-16 05:00:00,"1376,1140830803338","0,0","201,31617363713377"
2030-01-16 06:00:00,"1016,1140830803338","288,0","0,0"
2030-01-16 07:00:00,"656,1140830803338","288,0","0,0"
2030-01-16 08:00:00,"656,1140830803338","0,0","0,0"
2030-01-16 09:00:00,"944,1140830803338","0,0","288,0"
2030-01-16 10:00:00,"1232,1140830803338","0,0","288,0"
2030-01-16 11:00:00,"1520,1140830803338","0,0","288,0"
2030-01-16 12:00:00,"1808,1140830803338","0,0","288,0"
2030-01-16 13:00:00,"2016,0","0,0","207,88591691966616"
2030-01-16 14:00:00,"2304,0","0,0","288,0"
2030-01-16 15:00:00,"2304,0","0,0","0,0"
2030-01-16 16:00:00,"2304,0","0,0","0,0"
2030-01-16 17:00:00,"1944,0","288,0","0,0"
2030-01-16 18:00:00,"1840,9832878969703","82,41336968242376","0,0"
2030-01-16 19:00:00,"1480,9832878969703","288,0","0,0"
2030-01-16 20:00:00,"1120,9832878969703","288,0","0,0"
2030-01-16 21:00:00,"1120,9832878969703","0,0","0,0"
2030-01-16 22:00:00,"1120,9832878969703","0,0","0,0"
2030-01-16 23:00:00,"1120,9832878969703","0,0","0,0"
2030-01-17 00:00:00,"1120,9832878969703","0,0","0,0"
2030-01-17 01:00:00,"1120,9832878969703","0,0","0,0"
2030-01-17 02:00:00,"1408,9832878969703","0,0","288,0"
2030-01-17 03:00:00,"1440,0","0,0","31,016712103029704"
2030-01-17 04:00:00,"1440,0","0,0","0,0"
2030-01-17 05:00:00,"1080,0","288,0","0,0"
2030-01-17 06:00:00,"720,0","288,0","0,0"
2030-01-17 07:00:00,"360,0","288,0","0,0"
2030-01-17 08:00:00,"0,0","288,0","0,0"
2030-01-17 09:00:00,"0,0","0,0","0,0"
2030-01-17 10:00:00,"0,0","0,0","0,0"
2030-01-17 11:00:00,"0,0","0,0","0,0"
2030-01-17 12:00:00,"0,0","0,0","0,0"
2030-01-17 13:00:00,"288,0","0,0","288,0"
2030-01-17 14:00:00,"466,99706637030243","0,0","178,99706637030243"
2030-01-17 15:00:00,"466,99706637030243","0,0","0,0"
2030-01-17 16:00:00,"466,99706637030243","0,0","0,0"
2030-01-17 17:00:00,"466,99706637030243","0,0","0,0"
2030-01-17 18:00:00,"432,6143017795421","27,506211672608288","0,0"
2030-01-17 19:00:00,"72,61430177954207","288,0","0,0"
2030-01-17 20:00:00,"72,0","0,4914414236336597","0,0"
2030-01-17 21:00:00,"360,0","0,0","288,0"
2030-01-17 22:00:00,"648,0","0,0","288,0"
2030-01-17 23:00:00,"936,0","0,0","288,0"
2030-01-18 00:00:00,"1224,0","0,0","288,0"
2030-01-18 01:00:00,"1512,0","0,0","288,0"
2030-01-18 02:00:00,"1800,0","0,0","288,0"
2030-01-18 03:00:00,"1800,0","0,0","0,0"
2030-01-18 04:00:00,"1800,0","0,0","0,0"
2030-01-18 05:00:00,"1800,0","0,0","0,0"
2030-01-18 06:00:00,"1440,0","288,0","0,0"
2030-01-18 07:00:00,"1080,0","288,0","0,0"
2030-01-18 08:00:00,"720,0","288,0","0,0"
2030-01-18 09:00:00,"360,0","288,0","0,0"
2030-01-18 10:00:00,"0,0","288,0","0,0"
2030-01-18 11:00:00,"0,0","0,0","0,0"
2030-01-18 12:00:00,"0,0","0,0","0,0"
2030-01-18 13:00:00,"0,0","0,0","0,0"
2030-01-18 14:00:00,"0,0","0,0","0,0"
2030-01-18 15:00:00,"0,0","0,0","0,0"
2030-01-18 16:00:00,"0,0","0,0","0,0"
2030-01-18 17:00:00,"0,0","0,0","0,0"
2030-01-18 18:00:00,"0,0","0,0","0,0"
2030-01-18 19:00:00,"0,0","0,0","0,0"
2030-01-18 20:00:00,"0,0","0,0","0,0"
2030-01-18 21:00:00,"0,0","0,0","0,0"
2030-01-18 22:00:00,"0,0","0,0","0,0"
2030-01-18 23:00:00,"0,0","0,0","0,0"
2030-01-19 00:00:00,"0,0","0,0","0,0"
2030-01-19 01:00:00,"0,0","0,0","0,0"
2030-01-19 02:00:00,"288,0","0,0","288,0"
2030-01-19 03:00:00,"576,0","0,0","288,0"
2030-01-19 04:00:00,"864,0","0,0","288,0"
2030-01-19 05:00:00,"1152,0","0,0","288,0"
2030-01-19 06:00:00,"1152,0","0,0","0,0"
2030-01-19 07:00:00,"792,0","288,0","0,0"
2030-01-19 08:00:00,"648,0","115,2","0,0"
2030-01-19 09:00:00,"288,0","288,0","0,0"
2030-01-19 10:00:00,"576,0","0,0","288,0"
2030-01-19 11:00:00,"864,0","0,0","288,0"
2030-01-19 12:00:00,"1152,0","0,0","288,0"
2030-01-19 13:00:00,"1440,0","0,0","288,0"
2030-01-19 14:00:00,"1728,0","0,0","288,0"
2030-01-19 15:00:00,"2016,0","0,0","288,0"
2030-01-19 16:00:00,"2304,0","0,0","288,0"
2030-01-19 17:00:00,"1944,0","288,0","0,0"
2030-01-19 18:00:00,"1584,0","288,0","0,0"
2030-01-19 19:00:00,"1224,0","288,0","0,0"
2030-01-19 20:00:00,"1224,0","0,0","0,0"
2030-01-19 21:00:00,"864,0","288,0","0,0"
2030-01-19 22:00:00,"864,0","0,0","0,0"
2030-01-19 23:00:00,"864,0","0,0","0,0"
2030-01-20 00:00:00,"1152,0","0,0","288,0"
2030-01-20 01:00:00,"1440,0","0,0","288,0"
2030-01-20 02:00:00,"1728,0","0,0","288,0"
2030-01-20 03:00:00,"2016,0","0,0","288,0"
2030-01-20 04:00:00,"2304,0","0,0","288,0"
2030-01-20 05:00:00,"2304,0","0,0","0,0"
2030-01-20 06:00:00,"2115,7857511192815","150,57139910457494","0,0"
2030-01-20 07:00:00,"2115,7857511192815","0,0","0,0"
2030-01-20 08:00:00,"2304,0","0,0","188,21424888071851"
2030-01-20 09:00:00,"2304,0","0,0","0,0"
2030-01-20 10:00:00,"2304,0","0,0","0,0"
2030-01-20 11:00:00,"2304,0","0,0","0,0"
2030-01-20 12:00:00,"2304,0","0,0","0,0"
2030-01-20 13:00:00,"2304,0","0,0","0,0"
2030-01-20 14:00:00,"2304,0","0,0","0,0"
2030-01-20 15:00:00,"2304,0","0,0","0,0"
2030-01-20 16:00:00,"2304,0","0,0","0,0"
2030-01-20 17:00:00,"2304,0","0,0","0,0"
2030-01-20 18:00:00,"2304,0","0,0","0,0"
2030-01-20 19:00:00,"2304,0","0,0","0,0"
2030-01-20 20:00:00,"2304,0","0,0","0,0"
2030-01-20 21:00:00,"2304,0","0,0","0,0"
2030-01-20 22:00:00,"2304,0","0,0","0,0"
2030-01-20 23:00:00,"2304,0","0,0","0,0"
2030-01-21 00:00:00,"2304,0","0,0","0,0"
2030-01-21 01:00:00,"2304,0","0,0","0,0"
2030-01-21 02:00:00,"2304,0","0,0","0,0"
2030-01-21 03:00:00,"2304,0","0,0","0,0"
2030-01-21 04:00:00,"2304,0","0,0","0,0"
2030-01-21 05:00:00,"2304,0","0,0","0,0"
2030-01-21 06:00:00,"2304,0","0,0","0,0"
2030-01-21 07:00:00,"2160,0","115,2","0,0"
2030-01-21 08:00:00,"2160,0","0,0","0,0"
2030-01-21 09:00:00,"2160,0","0,0","0,0"
2030-01-21 10:00:00,"2160,0","0,0","0,0"
2030-01-21 11:00:00,"2160,0","0,0","0,0"
2030-01-21 12:00:00,"2160,0","0,0","0,0"
2030-01-21 13:00:00,"2160,0","0,0","0,0"
2030-01-21 14:00:00,"1800,0","288,0","0,0"
2030-01-21 15:00:00,"1440,0","288,0","0,0"
2030-01-21 16:00:00,"1080,0","288,0","0,0"
2030-01-21 17:00:00,"720,0","288,0","0,0"
2030-01-21 18:00:00,"360,0","288,0","0,0"
2030-01-21 19:00:00,"0,0","288,0","0,0"
2030-01-21 20:00:00,"0,0","0,0","0,0"
2030-01-21 21:00:00,"0,0","0,0","0,0"
2030-01-21 22:00:00,"0,0","0,0","0,0"
2030-01-21 23:00:00,"0,0","0,0","0,0"
2030-01-22 00:00:00,"0,0","0,0","0,0"
2030-01-22 01:00:00,"0,0","0,0","0,0"
2030-01-22 02:00:00,"0,0","0,0","0,0"
2030-01-22 03:00:00,"0,0","0,0","0,0"
2030-01-22 04:00:00,"253,47164048094385","0,0","253,47164048094385"
2030-01-22 05:00:00,"253,47164048094385","0,0","0,0"
2030-01-22 06:00:00,"253,47164048094385","0,0","0,0"
2030-01-22 07:00:00,"253,47164048094385","0,0","0,0"
2030-01-22 08:00:00,"0,0","202,77731238475508","0,0"
2030-01-22 09:00:00,"0,0","0,0","0,0"
2030-01-22 10:00:00,"0,0","0,0","0,0"
2030-01-22 11:00:00,"0,0","0,0","0,0"
2030-01-22 12:00:00,"0,0","0,0","0,0"
2030-01-22 13:00:00,"0,0","0,0","0,0"
2030-01-22 14:00:00,"0,0","0,0","0,0"
2030-01-22 15:00:00,"108,97907810638725","0,0","108,97907810638725"
2030-01-22 16:00:00,"110,68106052089252","0,0","1,701982414505153"
2030-01-22 17:00:00,"398,6810605208925","0,0","288,0"
2030-01-22 18:00:00,"686,6810605208925","0,0","288,0"
2030-01-22 19:00:00,"974,6810605208925","0,0","288,0"
2030-01-22 20:00:00,"1262,6810605208925","0,0","288,0"
2030-01-22 21:00:00,"1550,6810605208925","0,0","288,0"
2030-01-22 22:00:00,"1838,6810605208925","0,0","288,0"
2030-01-22 23:00:00,"2016,0","0,0","177,3189394791076"
2030-01-23 00:00:00,"2304,0","0,0","288,0"
2030-01-23 01:00:00,"2304,0","0,0","0,0"
2030-01-23 02:00:00,"2304,0","0,0","0,0"
2030-01-23 03:00:00,"2304,0","0,0","0,0"
2030-01-23 04:00:00,"2304,0","0,0","0,0"
2030-01-23 05:00:00,"2304,0","0,0","0,0"
2030-01-23 06:00:00,"2304,0","0,0","0,0"
2030-01-23 07:00:00,"2304,0","0,0","0,0"
2030-01-23 08:00:00,"2304,0","0,0","0,0"
2030-01-23 09:00:00,"2304,0","0,0","0,0"
2030-01-23 10:00:00,"2304,0","0,0","0,0"
2030-01-23 11:00:00,"2304,0","0,0","0,0"
2030-01-23 12:00:00,"2304,0","0,0","0,0"
2030-01-23 13:00:00,"2304,0","0,0","0,0"
2030-01-23 14:00:00,"2304,0","0,0","0,0"
2030-01-23 15:00:00,"2304,0","0,0","0,0"
2030-01-23 16:00:00,"2304,0","0,0","0,0"
2030-01-23 17:00:00,"2304,0","0,0","0,0"
2030-01-23 18:00:00,"2304,0","0,0","0,0"
2030-01-23 19:00:00,"2304,0","0,0","0,0"
2030-01-23 20:00:00,"2304,0","0,0","0,0"
2030-01-23 21:00:00,"2304,0","0,0","0,0"
2030-01-23 22:00:00,"2304,0","0,0","0,0"
2030-01-23 23:00:00,"2304,0","0,0","0,0"
2030-01-24 00:00:00,"2304,0","0,0","0,0"
2030-01-24 01:00:00,"2304,0","0,0","0,0"
2030-01-24 02:00:00,"2304,0","0,0","0,0"
2030-01-24 03:00:00,"2304,0","0,0","0,0"
2030-01-24 04:00:00,"2304,0","0,0","0,0"
2030-01-24 05:00:00,"2304,0","0,0","0,0"
2030-01-24 06:00:00,"2304,0","0,0","0,0"
2030-01-24 07:00:00,"2304,0","0,0","0,0"
2030-01-24 08:00:00,"2304,0","0,0","0,0"
2030-01-24 09:00:00,"2304,0","0,0","0,0"
2030-01-24 10:00:00,"2304,0","0,0","0,0"
2030-01-24 11:00:00,"2304,0","0,0","0,0"
2030-01-24 12:00:00,"2304,0","0,0","0,0"
2030-01-24 13:00:00,"2304,0","0,0","0,0"
2030-01-24 14:00:00,"2304,0","0,0","0,0"
2030-01-24 15:00:00,"2160,0","115,2","0,0"
2030-01-24 16:00:00,"1800,0","288,0","0,0"
2030-01-24 17:00:00,"1440,0","288,0","0,0"
2030-01-24 18:00:00,"1080,0","288,0","0,0"
2030-01-24 19:00:00,"1080,0","0,0","0,0"
2030-01-24 20:00:00,"1080,0","0,0","0,0"
2030-01-24 21:00:00,"1080,0","0,0","0,0"
2030-01-24 22:00:00,"1080,0","0,0","0,0"
2030-01-24 23:00:00,"1080,0","0,0","0,0"
2030-01-25 00:00:00,"1080,0","0,0","0,0"
2030-01-25 01:00:00,"1080,0","0,0","0,0"
2030-01-25 02:00:00,"1080,0","0,0","0,0"
2030-01-25 03:00:00,"1080,0","0,0","0,0"
2030-01-25 04:00:00,"1080,0","0,0","0,0"
2030-01-25 05:00:00,"1080,0","0,0","0,0"
2030-01-25 06:00:00,"720,0","288,0","0,0"
2030-01-25 07:00:00,"360,0","288,0","0,0"
2030-01-25 08:00:00,"360,0","0,0","0,0"
2030-01-25 09:00:00,"360,0","0,0","0,0"
2030-01-25 10:00:00,"360,0","0,0","0,0"
2030-01-25 11:00:00,"360,0","0,0","0,0"
2030-01-25 12:00:00,"360,0","0,0","0,0"
2030-01-25 13:00:00,"360,0","0,0","0,0"
2030-01-25 14:00:00,"360,0","0,0","0,0"
2030-01-25 15:00:00,"360,0","0,0","0,0"
2030-01-25 16:00:00,"0,0","288,0","0,0"
2030-01-25 17:00:00,"0,0","0,0","0,0"
2030-01-25 18:00:00,"0,0","0,0","0,0"
2030-01-25 19:00:00,"0,0","0,0","0,0"
2030-01-25 20:00:00,"0,0","0,0","0,0"
2030-01-25 21:00:00,"0,0","0,0","0,0"
2030-01-25 22:00:00,"0,0","0,0","0,0"
2030-01-25 23:00:00,"0,0","0,0","0,0"
2030-01-26 00:00:00,"0,0","0,0","0,0"
2030-01-26 01:00:00,"0,0","0,0","0,0"
2030-01-26 02:00:00,"0,0","0,0","0,0"
2030-01-26 03:00:00,"0,0","0,0","0,0"
2030-01-26 04:00:00,"0,0","0,0","0,0"
2030-01-26 05:00:00,"0,0","0,0","0,0"
2030-01-26 06:00:00,"0,0","0,0","0,0"
2030-01-26 07:00:00,"0,0","0,0","0,0"
2030-01-26 08:00:00,"0,0","0,0","0,0"
2030-01-26 09:00:00,"0,0","0,0","0,0"
2030-01-26 10:00:00,"0,0","0,0","0,0"
2030-01-26 11:00:00,"0,0","0,0","0,0"
2030-01-26 12:00:00,"0,0","0,0","0,0"
2030-01-26 13:00:00,"0,0","0,0","0,0"
2030-01-26 14:00:00,"199,85725949579705","0,0","199,85725949579705"
2030-01-26 15:00:00,"199,85725949579705","0,0","0,0"
2030-01-26 16:00:00,"0,0","159,88580759663765","0,0"
2030-01-26 17:00:00,"0,0","0,0","0,0"
2030-01-26 18:00:00,"0,0","0,0","0,0"
2030-01-26 19:00:00,"0,0","0,0","0,0"
2030-01-26 20:00:00,"0,0","0,0","0,0"
2030-01-26 21:00:00,"0,0","0,0","0,0"
2030-01-26 22:00:00,"0,0","0,0","0,0"
2030-01-26 23:00:00,"0,0","0,0","0,0"
2030-01-27 00:00:00,"288,0","0,0","288,0"
2030-01-27 01:00:00,"576,0","0,0","288,0"
2030-01-27 02:00:00,"864,0","0,0","288,0"
2030-01-27 03:00:00,"1152,0","0,0","288,0"
2030-01-27 04:00:00,"1440,0","0,0","288,0"
2030-01-27 05:00:00,"1728,0","0,0","288,0"
2030-01-27 06:00:00,"2016,0","0,0","288,0"
2030-01-27 07:00:00,"2304,0","0,0","288,0"
2030-01-27 08:00:00,"2304,0","0,0","0,0"
2030-01-27 09:00:00,"2304,0","0,0","0,0"
2030-01-27 10:00:00,"2304,0","0,0","0,0"
2030-01-27 11:00:00,"2304,0","0,0","0,0"
2030-01-27 12:00:00,"2304,0","0,0","0,0"
2030-01-27 13:00:00,"2304,0","0,0","0,0"
2030-01-27 14:00:00,"2304,0","0,0","0,0"
2030-01-27 15:00:00,"2304,0","0,0","0,0"
2030-01-27 16:00:00,"2304,0","0,0","0,0"
2030-01-27 17:00:00,"1944,0","288,0","0,0"
2030-01-27 18:00:00,"1584,0","288,0","0,0"
2030-01-27 19:00:00,"1584,0","0,0","0,0"
2030-01-27 20:00:00,"1584,0","0,0","0,0"
2030-01-27 21:00:00,"1584,0","0,0","0,0"
2030-01-27 22:00:00,"1584,0","0,0","0,0"
2030-01-27 23:00:00,"1584,0","0,0","0,0"
2030-01-28 00:00:00,"1872,0","0,0","288,0"
2030-01-28 01:00:00,"1872,0","0,0","0,0"
2030-01-28 02:00:00,"2160,0","0,0","288,0"
2030-01-28 03:00:00,"2304,0","0,0","144,0"
2030-01-28 04:00:00,"2304,0","0,0","0,0"
2030-01-28 05:00:00,"2304,0","0,0","0,0"
2030-01-28 06:00:00,"1944,0","288,0","0,0"
2030-01-28 07:00:00,"1584,0","288,0","0,0"
2030-01-28 08:00:00,"1584,0","0,0","0,0"
2030-01-28 09:00:00,"1584,0","0,0","0,0"
2030-01-28 10:00:00,"1584,0","0,0","0,0"
2030-01-28 11:00:00,"1584,0","0,0","0,0"
2030-01-28 12:00:00,"1584,0","0,0","0,0"
2030-01-28 13:00:00,"1584,0","0,0","0,0"
2030-01-28 14:00:00,"1584,0","0,0","0,0"
2030-01-28 15:00:00,"1224,0","288,0","0,0"
2030-01-28 16:00:00,"864,0","288,0","0,0"
2030-01-28 17:00:00,"504,0","288,0","0,0"
2030-01-28 18:00:00,"144,0","288,0","0,0"
2030-01-28 19:00:00,"0,0","115,2","0,0"
2030-01-28 20:00:00,"0,0","0,0","0,0"
2030-01-28 21:00:00,"0,0","0,0","0,0"
2030-01-28 22:00:00,"252,207910127579","0,0","252,207910127579"
2030-01-28 23:00:00,"540,207910127579","0,0","288,0"
2030-01-29 00:00:00,"828,207910127579","0,0","288,0"
2030-01-29 01:00:00,"1116,207910127579","0,0","288,0"
2030-01-29 02:00:00,"1404,207910127579","0,0","288,0"
2030-01-29 03:00:00,"1692,207910127579","0,0","288,0"
2030-01-29 04:00:00,"1980,207910127579","0,0","288,0"
2030-01-29 05:00:00,"1980,207910127579","0,0","0,0"
2030-01-29 06:00:00,"1620,207910127579","288,0","0,0"
2030-01-29 07:00:00,"1260,207910127579","288,0","0,0"
2030-01-29 08:00:00,"1260,207910127579","0,0","0,0"
2030-01-29 09:00:00,"1548,207910127579","0,0","288,0"
2030-01-29 10:00:00,"1836,207910127579","0,0","288,0"
2030-01-29 11:00:00,"1836,207910127579","0,0","0,0"
2030-01-29 12:00:00,"1836,207910127579","0,0","0,0"
2030-01-29 13:00:00,"1855,7428464357063","0,0","19,534936308127214"
2030-01-29 14:00:00,"1855,7428464357063","0,0","0,0"
2030-01-29 15:00:00,"1495,7428464357063","288,0","0,0"
2030-01-29 16:00:00,"1135,7428464357063","288,0","0,0"
2030-01-29 17:00:00,"775,7428464357063","288,0","0,0"
2030-01-29 18:00:00,"651,137337857124","99,68440686286583","0,0"
2030-01-29 19:00:00,"291,13733785712395","288,0","0,0"
2030-01-29 20:00:00,"0,0","232,90987028569918","0,0"
2030-01-29 21:00:00,"0,0","0,0","0,0"
2030-01-29 22:00:00,"0,0","0,0","0,0"
2030-01-29 23:00:00,"288,0","0,0","288,0"
2030-01-30 00:00:00,"576,0","0,0","288,0"
2030-01-30 01:00:00,"864,0","0,0","288,0"
2030-01-30 02:00:00,"1152,0","0,0","288,0"
2030-01-30 03:00:00,"1440,0","0,0","288,0"
2030-01-30 04:00:00,"1728,0","0,0","288,0"
2030-01-30 05:00:00,"1728,0","0,0","0,0"
2030-01-30 06:00:00,"1368,0","288,0","0,0"
2030-01-30 07:00:00,"1008,0","288,0","0,0"
2030-01-30 08:00:00,"1008,0","0,0","0,0"
2030-01-30 09:00:00,"1296,0","0,0","288,0"
2030-01-30 10:00:00,"1550,8645263824515","0,0","254,86452638245146"
2030-01-30 11:00:00,"1550,8645263824515","0,0","0,0"
2030-01-30 12:00:00,"1550,8645263824515","0,0","0,0"
2030-01-30 13:00:00,"1838,8645263824515","0,0","288,0"
2030-01-30 14:00:00,"1838,8645263824515","0,0","0,0"
2030-01-30 15:00:00,"1478,8645263824515","288,0","0,0"
2030-01-30 16:00:00,"1118,8645263824515","288,0","0,0"
2030-01-30 17:00:00,"758,8645263824516","288,0","0,0"
2030-01-30 18:00:00,"398,8645263824516","288,0","0,0"
2030-01-30 19:00:00,"398,8645263824516","0,0","0,0"
2030-01-30 20:00:00,"38,86452638245157","288,0","0,0"
2030-01-30 21:00:00,"288,0","0,0","249,13547361754843"
2030-01-30 22:00:00,"576,0","0,0","288,0"
2030-01-30 23:00:00,"864,0","0,0","288,0"
2030-01-31 00:00:00,"1152,0","0,0","288,0"
2030-01-31 01:00:00,"1440,0","0,0","288,0"
2030-01-31 02:00:00,"1728,0","0,0","288,0"
2030-01-31 03:00:00,"2016,0","0,0","288,0"
2030-01-31 04:00:00,"2304,0","0,0","288,0"
2030-01-31 05:00:00,"2304,0","0,0","0,0"
2030-01-31 06:00:00,"1944,0","288,0","0,0"
2030-01-31 07:00:00,"1584,0","288,0","0,0"
2030-01-31 08:00:00,"1395,5765199452399","150,73878404380815","0,0"
2030-01-31 09:00:00,"1395,5765199452399","0,0","0,0"
2030-01-31 10:00:00,"1395,5765199452399","0,0","0,0"
2030-01-31 11:00:00,"1395,5765199452399","0,0","0,0"
2030-01-31 12:00:00,"1395,5765199452399","0,0","0,0"
2030-01-31 13:00:00,"1395,5765199452399","0,0","0,0"
2030-01-31 14:00:00,"1395,5765199452399","0,0","0,0"
2030-01-31 15:00:00,"1080,0","252,4612159561919","0,0"
2030-01-31 16:00:00,"720,0","288,0","0,0"
2030-01-31 17:00:00,"360,0","288,0","0,0"
2030-01-31 18:00:00,"0,0","288,0","0,0"
2030-01-31 19:00:00,"0,0","0,0","0,0"
2030-01-31 20:00:00,"0,0","0,0","0,0"
2030-01-31 21:00:00,"0,0","0,0","0,0"
2030-01-31 22:00:00,"0,0","0,0","0,0"
2030-01-31 23:00:00,"0,0","0,0","0,0"
2030-02-01 00:00:00,"0,0","0,0","0,0"
2030-02-01 01:00:00,"0,0","0,0","0,0"
2030-02-01 02:00:00,"0,0","0,0","0,0"
2030-02-01 03:00:00,"0,0","0,0","0,0"
2030-02-01 04:00:00,"0,0","0,0","0,0"
2030-02-01 05:00:00,"0,0","0,0","0,0"
2030-02-01 06:00:00,"0,0","0,0","0,0"
2030-02-01 07:00:00,"0,0","0,0","0,0"
2030-02-01 08:00:00,"0,0","0,0","0,0"
2030-02-01 09:00:00,"0,0","0,0","0,0"
2030-02-01 10:00:00,"0,0","0,0","0,0"
2030-02-01 11:00:00,"0,0","0,0","0,0"
2030-02-01 12:00:00,"0,0","0,0","0,0"
2030-02-01 13:00:00,"0,0","0,0","0,0"
2030-02-01 14:00:00,"0,0","0,0","0,0"
2030-02-01 15:00:00,"0,0","0,0","0,0"
2030-02-01 16:00:00,"0,0","0,0","0,0"
2030-02-01 17:00:00,"0,0","0,0","0,0"
2030-02-01 18:00:00,"0,0","0,0","0,0"
2030-02-01 19:00:00,"0,0","0,0","0,0"
2030-02-01 20:00:00,"0,0","0,0","0,0"
2030-02-01 21:00:00,"0,0","0,0","0,0"
2030-02-01 22:00:00,"0,0","0,0","0,0"
2030-02-01 23:00:00,"0,0","0,0","0,0"
2030-02-02 00:00:00,"0,0","0,0","0,0"
2030-02-02 01:00:00,"0,0","0,0","0,0"
2030-02-02 02:00:00,"0,0","0,0","0,0"
2030-02-02 03:00:00,"0,0","0,0","0,0"
2030-02-02 04:00:00,"0,0","0,0","0,0"
2030-02-02 05:00:00,"0,0","0,0","0,0"
2030-02-02 06:00:00,"0,0","0,0","0,0"
2030-02-02 07:00:00,"288,0","0,0","288,0"
2030-02-02 08:00:00,"576,0","0,0","288,0"
2030-02-02 09:00:00,"864,0","0,0","288,0"
2030-02-02 10:00:00,"1152,0","0,0","288,0"
2030-02-02 11:00:00,"1440,0","0,0","288,0"
2030-02-02 12:00:00,"1728,0","0,0","288,0"
2030-02-02 13:00:00,"2016,0","0,0","288,0"
2030-02-02 14:00:00,"2304,0","0,0","288,0"
2030-02-02 15:00:00,"2304,0","0,0","0,0"
2030-02-02 16:00:00,"2304,0","0,0","0,0"
2030-02-02 17:00:00,"2304,0","0,0","0,0"
2030-02-02 18:00:00,"2304,0","0,0","0,0"
2030-02-02 19:00:00,"2304,0","0,0","0,0"
2030-02-02 20:00:00,"2304,0","0,0","0,0"
2030-02-02 21:00:00,"2304,0","0,0","0,0"
2030-02-02 22:00:00,"2304,0","0,0","0,0"
2030-02-02 23:00:00,"2304,0","0,0","0,0"
2030-02-03 00:00:00,"2304,0","0,0","0,0"
2030-02-03 01:00:00,"2304,0","0,0","0,0"
2030-02-03 02:00:00,"2304,0","0,0","0,0"
2030-02-03 03:00:00,"2304,0","0,0","0,0"
2030-02-03 04:00:00,"2304,0","0,0","0,0"
2030-02-03 05:00:00,"2304,0","0,0","0,0"
2030-02-03 06:00:00,"2304,0","0,0","0,0"
2030-02-03 07:00:00,"2304,0","0,0","0,0"
2030-02-03 08:00:00,"2304,0","0,0","0,0"
2030-02-03 09:00:00,"2304,0","0,0","0,0"
2030-02-03 10:00:00,"2304,0","0,0","0,0"
2030-02-03 11:00:00,"2304,0","0,0","0,0"
2030-02-03 12:00:00,"2304,0","0,0","0,0"
2030-02-03 13:00:00,"2304,0","0,0","0,0"
2030-02-03 14:00:00,"2304,0","0,0","0,0"
2030-02-03 15:00:00,"2304,0","0,0","0,0"
2030-02-03 16:00:00,"2304,0","0,0","0,0"
2030-02-03 17:00:00,"2304,0","0,0","0,0"
2030-02-03 18:00:00,"2304,0","0,0","0,0"
2030-02-03 19:00:00,"2304,0","0,0","0,0"
2030-02-03 20:00:00,"2304,0","0,0","0,0"
2030-02-03 21:00:00,"2304,0","0,0","0,0"
2030-02-03 22:00:00,"2304,0","0,0","0,0"
2030-02-03 23:00:00,"2304,0","0,0","0,0"
2030-02-04 00:00:00,"2304,0","0,0","0,0"
2030-02-04 01:00:00,"2304,0","0,0","0,0"
2030-02-04 02:00:00,"2304,0","0,0","0,0"
2030-02-04 03:00:00,"2304,0","0,0","0,0"
2030-02-04 04:00:00,"2304,0","0,0","0,0"
2030-02-04 05:00:00,"2304,0","0,0","0,0"
2030-02-04 06:00:00,"2090,466534427254","170,82677245819673","0,0"
2030-02-04 07:00:00,"1838,611388916319","201,48411640874798","0,0"
2030-02-04 08:00:00,"1478,611388916319","288,0","0,0"
2030-02-04 09:00:00,"1296,0","146,08911113305513","0,0"
2030-02-04 10:00:00,"1296,0","0,0","0,0"
2030-02-04 11:00:00,"1584,0","0,0","288,0"
2030-02-04 12:00:00,"1872,0","0,0","288,0"
2030-02-04 13:00:00,"2160,0","0,0","288,0"
2030-02-04 14:00:00,"2160,0","0,0","0,0"
2030-02-04 15:00:00,"1800,0","288,0","0,0"
2030-02-04 16:00:00,"1440,0","288,0","0,0"
2030-02-04 17:00:00,"1080,0","288,0","0,0"
2030-02-04 18:00:00,"720,0","288,0","0,0"
2030-02-04 19:00:00,"360,0","288,0","0,0"
2030-02-04 20:00:00,"0,0","288,0","0,0"
2030-02-04 21:00:00,"0,0","0,0","0,0"
2030-02-04 22:00:00,"0,0","0,0","0,0"
2030-02-04 23:00:00,"0,0","0,0","0,0"
2030-02-05 00:00:00,"0,0","0,0","0,0"
2030-02-05 01:00:00,"0,0","0,0","0,0"
2030-02-05 02:00:00,"0,0","0,0","0,0"
2030-02-05 03:00:00,"0,0","0,0","0,0"
2030-02-05 04:00:00,"288,0","0,0","288,0"
2030-02-05 05:00:00,"288,0","0,0","0,0"
2030-02-05 06:00:00,"0,0","230,4","0,0"
2030-02-05 07:00:00,"0,0","0,0","0,0"
2030-02-05 08:00:00,"0,0","0,0","0,0"
2030-02-05 09:00:00,"0,0","0,0","0,0"
2030-02-05 10:00:00,"0,0","0,0","0,0"
2030-02-05 11:00:00,"288,0","0,0","288,0"
2030-02-05 12:00:00,"576,0","0,0","288,0"
2030-02-05 13:00:00,"576,0","0,0","0,0"
2030-02-05 14:00:00,"576,0","0,0","0,0"
2030-02-05 15:00:00,"576,0","0,0","0,0"
2030-02-05 16:00:00,"576,0","0,0","0,0"
2030-02-05 17:00:00,"216,0","288,0","0,0"
2030-02-05 18:00:00,"166,05440749375214","39,95647400499829","0,0"
2030-02-05 19:00:00,"166,05440749375214","0,0","0,0"
2030-02-05 20:00:00,"166,05440749375214","0,0","0,0"
2030-02-05 21:00:00,"454,05440749375214","0,0","288,0"
2030-02-05 22:00:00,"742,0544074937521","0,0","288,0"
2030-02-05 23:00:00,"864,0","0,0","121,94559250624782"
2030-02-06 00:00:00,"1152,0","0,0","288,0"
2030-02-06 01:00:00,"1440,0","0,0","288,0"
2030-02-06 02:00:00,"1728,0","0,0","288,0"
2030-02-06 03:00:00,"2016,0","0,0","288,0"
2030-02-06 04:00:00,"2304,0","0,0","288,0"
2030-02-06 05:00:00,"2304,0","0,0","0,0"
2030-02-06 06:00:00,"2304,0","0,0","0,0"
2030-02-06 07:00:00,"2304,0","0,0","0,0"
2030-02-06 08:00:00,"2304,0","0,0","0,0"
2030-02-06 09:00:00,"2304,0","0,0","0,0"
2030-02-06 10:00:00,"2304,0","0,0","0,0"
2030-02-06 11:00:00,"2304,0","0,0","0,0"
2030-02-06 12:00:00,"2304,0","0,0","0,0"
2030-02-06 13:00:00,"2304,0","0,0","0,0"
2030-02-06 14:00:00,"2304,0","0,0","0,0"
2030-02-06 15:00:00,"2304,0","0,0","0,0"
2030-02-06 16:00:00,"2304,0","0,0","0,0"
2030-02-06 17:00:00,"2304,0","0,0","0,0"
2030-02-06 18:00:00,"2124,7012415248987","143,43900678008117","0,0"
2030-02-06 19:00:00,"2124,7012415248987","0,0","0,0"
2030-02-06 20:00:00,"2124,7012415248987","0,0","0,0"
2030-02-06 21:00:00,"2124,7012415248987","0,0","0,0"
2030-02-06 22:00:00,"2124,7012415248987","0,0","0,0"
2030-02-06 23:00:00,"2124,7012415248987","0,0","0,0"
2030-02-07 00:00:00,"2124,7012415248987","0,0","0,0"
2030-02-07 01:00:00,"2124,7012415248987","0,0","0,0"
2030-02-07 02:00:00,"2124,7012415248987","0,0","0,0"
2030-02-07 03:00:00,"2124,7012415248987","0,0","0,0"
2030-02-07 04:00:00,"2124,7012415248987","0,0","0,0"
2030-02-07 05:00:00,"2124,7012415248987","0,0","0,0"
2030-02-07 06:00:00,"1764,7012415248987","288,0","0,0"
2030-02-07 07:00:00,"1764,7012415248987","0,0","0,0"
2030-02-07 08:00:00,"1709,9428564135587","43,80670808907198","0,0"
2030-02-07 09:00:00,"1709,9428564135587","0,0","0,0"
2030-02-07 10:00:00,"1709,9428564135587","0,0","0,0"
2030-02-07 11:00:00,"1709,9428564135587","0,0","0,0"
2030-02-07 12:00:00,"1709,9428564135587","0,0","0,0"
2030-02-07 13:00:00,"1709,9428564135587","0,0","0,0"
2030-02-07 14:00:00,"1709,9428564135587","0,0","0,0"
2030-02-07 15:00:00,"1440,0","215,95428513084687","0,0"
2030-02-07 16:00:00,"1080,0","288,0","0,0"
2030-02-07 17:00:00,"720,0","288,0","0,0"
2030-02-07 18:00:00,"360,0","288,0","0,0"
2030-02-07 19:00:00,"0,0","288,0","0,0"
2030-02-07 20:00:00,"0,0","0,0","0,0"
2030-02-07 21:00:00,"0,0","0,0","0,0"
2030-02-07 22:00:00,"0,0","0,0","0,0"
2030-02-07 23:00:00,"0,0","0,0","0,0"
2030-02-08 00:00:00,"217,63139209871974","0,0","217,63139209871974"
2030-02-08 01:00:00,"217,63139209871974","0,0","0,0"
2030-02-08 02:00:00,"505,63139209871974","0,0","288,0"
2030-02-08 03:00:00,"793,6313920987197","0,0","288,0"
2030-02-08 04:00:00,"793,6313920987197","0,0","0,0"
2030-02-08 05:00:00,"793,6313920987197","0,0","0,0"
2030-02-08 06:00:00,"793,6313920987197","0,0","0,0"
2030-02-08 07:00:00,"720,0","58,905113678975795","0,0"
2030-02-08 08:00:00,"360,0","288,0","0,0"
2030-02-08 09:00:00,"360,0","0,0","0,0"
2030-02-08 10:00:00,"360,0","0,0","0,0"
2030-02-08 11:00:00,"360,0","0,0","0,0"
2030-02-08 12:00:00,"360,0","0,0","0,0"
2030-02-08 13:00:00,"360,0","0,0","0,0"
2030-02-08 14:00:00,"360,0","0,0","0,0"
2030-02-08 15:00:00,"360,0","0,0","0,0"
2030-02-08 16:00:00,"360,0","0,0","0,0"
2030-02-08 17:00:00,"0,0","288,0","0,0"
2030-02-08 18:00:00,"0,0","0,0","0,0"
2030-02-08 19:00:00,"0,0","0,0","0,0"
2030-02-08 20:00:00,"0,0","0,0","0,0"
2030-02-08 21:00:00,"0,0","0,0","0,0"
2030-02-08 22:00:00,"0,0","0,0","0,0"
2030-02-08 23:00:00,"0,0","0,0","0,0"
2030-02-09 00:00:00,"0,0","0,0","0,0"
2030-02-09 01:00:00,"0,0","0,0","0,0"
2030-02-09 02:00:00,"0,0","0,0","0,0"
2030-02-09 03:00:00,"0,0","0,0","0,0"
2030-02-09 04:00:00,"0,0","0,0","0,0"
2030-02-09 05:00:00,"0,0","0,0","0,0"
2030-02-09 06:00:00,"0,0","0,0","0,0"
2030-02-09 07:00:00,"0,0","0,0","0,0"
2030-02-09 08:00:00,"288,0","0,0","288,0"
2030-02-09 09:00:00,"576,0","0,0","288,0"
2030-02-09 10:00:00,"864,0","0,0","288,0"
2030-02-09 11:00:00,"1152,0","0,0","288,0"
2030-02-09 12:00:00,"1440,0","0,0","288,0"
2030-02-09 13:00:00,"1728,0","0,0","288,0"
2030-02-09 14:00:00,"2016,0","0,0","288,0"
2030-02-09 15:00:00,"2160,0","0,0","144,0"
2030-02-09 16:00:00,"2160,0","0,0","0,0"
2030-02-09 17:00:00,"1800,0","288,0","0,0"
2030-02-09 18:00:00,"1440,0","288,0","0,0"
2030-02-09 19:00:00,"1080,0","288,0","0,0"
2030-02-09 20:00:00,"720,0","288,0","0,0"
2030-02-09 21:00:00,"360,0","288,0","0,0"
2030-02-09 22:00:00,"0,0","288,0","0,0"
2030-02-09 23:00:00,"0,0","0,0","0,0"
2030-02-10 00:00:00,"0,0","0,0","0,0"
2030-02-10 01:00:00,"0,0","0,0","0,0"
2030-02-10 02:00:00,"0,0","0,0","0,0"
2030-02-10 03:00:00,"288,0","0,0","288,0"
2030-02-10 04:00:00,"576,0","0,0","288,0"
2030-02-10 05:00:00,"576,0","0,0","0,0"
2030-02-10 06:00:00,"864,0","0,0","288,0"
2030-02-10 07:00:00,"1152,0","0,0","288,0"
2030-02-10 08:00:00,"1440,0","0,0","288,0"
2030-02-10 09:00:00,"1440,0","0,0","0,0"
2030-02-10 10:00:00,"1440,0","0,0","0,0"
2030-02-10 11:00:00,"1440,0","0,0","0,0"
2030-02-10 12:00:00,"1728,0","0,0","288,0"
2030-02-10 13:00:00,"2016,0","0,0","288,0"
2030-02-10 14:00:00,"2304,0","0,0","288,0"
2030-02-10 15:00:00,"2304,0","0,0","0,0"
2030-02-10 16:00:00,"2304,0","0,0","0,0"
2030-02-10 17:00:00,"1944,0","288,0","0,0"
2030-02-10 18:00:00,"2232,0","0,0","288,0"
2030-02-10 19:00:00,"2304,0","0,0","72,0"
2030-02-10 20:00:00,"2304,0","0,0","0,0"
2030-02-10 21:00:00,"1944,0","288,0","0,0"
2030-02-10 22:00:00,"2016,0","0,0","72,0"
2030-02-10 23:00:00,"2304,0","0,0","288,0"
2030-02-11 00:00:00,"2304,0","0,0","0,0"
2030-02-11 01:00:00,"2304,0","0,0","0,0"
2030-02-11 02:00:00,"2304,0","0,0","0,0"
2030-02-11 03:00:00,"2304,0","0,0","0,0"
2030-02-11 04:00:00,"2304,0","0,0","0,0"
2030-02-11 05:00:00,"2304,0","0,0","0,0"
2030-02-11 06:00:00,"2304,0","0,0","0,0"
2030-02-11 07:00:00,"1995,9997832611296","246,40017339109636","0,0"
2030-02-11 08:00:00,"1995,9997832611296","0,0","0,0"
2030-02-11 09:00:00,"1995,9997832611296","0,0","0,0"
2030-02-11 10:00:00,"2016,0","0,0","20,00021673887045"
2030-02-11 11:00:00,"2304,0","0,0","288,0"
2030-02-11 12:00:00,"2304,0","0,0","0,0"
2030-02-11 13:00:00,"2304,0","0,0","0,0"
2030-02-11 14:00:00,"2304,0","0,0","0,0"
2030-02-11 15:00:00,"2304,0","0,0","0,0"
2030-02-11 16:00:00,"2304,0","0,0","0,0"
2030-02-11 17:00:00,"1944,0","288,0","0,0"
2030-02-11 18:00:00,"1584,0","288,0","0,0"
2030-02-11 19:00:00,"1584,0","0,0","0,0"
2030-02-11 20:00:00,"1584,0","0,0","0,0"
2030-02-11 21:00:00,"1584,0","0,0","0,0"
2030-02-11 22:00:00,"1584,0","0,0","0,0"
2030-02-11 23:00:00,"1728,0","0,0","144,0"
2030-02-12 00:00:00,"2016,0","0,0","288,0"
2030-02-12 01:00:00,"2304,0","0,0","288,0"
2030-02-12 02:00:00,"2304,0","0,0","0,0"
2030-02-12 03:00:00,"2304,0","0,0","0,0"
2030-02-12 04:00:00,"2304,0","0,0","0,0"
2030-02-12 05:00:00,"2304,0","0,0","0,0"
2030-02-12 06:00:00,"2304,0","0,0","0,0"
2030-02-12 07:00:00,"2304,0","0,0","0,0"
2030-02-12 08:00:00,"2304,0","0,0","0,0"
2030-02-12 09:00:00,"2304,0","0,0","0,0"
2030-02-12 10:00:00,"2304,0","0,0","0,0"
2030-02-12 11:00:00,"2304,0","0,0","0,0"
2030-02-12 12:00:00,"2304,0","0,0","0,0"
2030-02-12 13:00:00,"2304,0","0,0","0,0"
2030-02-12 14:00:00,"2304,0","0,0","0,0"
2030-02-12 15:00:00,"2304,0","0,0","0,0"
2030-02-12 16:00:00,"2304,0","0,0","0,0"
2030-02-12 17:00:00,"1944,0","288,0","0,0"
2030-02-12 18:00:00,"1584,0","288,0","0,0"
2030-02-12 19:00:00,"1514,5309328729095","55,57525370167241","0,0"
2030-02-12 20:00:00,"1440,0","59,624746298327636","0,0"
2030-02-12 21:00:00,"1440,0","0,0","0,0"
2030-02-12 22:00:00,"1440,0","0,0","0,0"
2030-02-12 23:00:00,"1440,0","0,0","0,0"
2030-02-13 00:00:00,"1440,0","0,0","0,0"
2030-02-13 01:00:00,"1728,0","0,0","288,0"
2030-02-13 02:00:00,"2016,0","0,0","288,0"
2030-02-13 03:00:00,"2304,0","0,0","288,0"
2030-02-13 04:00:00,"2304,0","0,0","0,0"
2030-02-13 05:00:00,"2304,0","0,0","0,0"
2030-02-13 06:00:00,"2304,0","0,0","0,0"
2030-02-13 07:00:00,"2304,0","0,0","0,0"
2030-02-13 08:00:00,"2304,0","0,0","0,0"
2030-02-13 09:00:00,"2304,0","0,0","0,0"
2030-02-13 10:00:00,"2304,0","0,0","0,0"
2030-02-13 11:00:00,"2304,0","0,0","0,0"
2030-02-13 12:00:00,"2304,0","0,0","0,0"
2030-02-13 13:00:00,"2304,0","0,0","0,0"
2030-02-13 14:00:00,"2304,0","0,0","0,0"
2030-02-13 15:00:00,"2304,0","0,0","0,0"
2030-02-13 16:00:00,"2304,0","0,0","0,0"
2030-02-13 17:00:00,"1944,0","288,0","0,0"
2030-02-13 18:00:00,"1584,0","288,0","0,0"
2030-02-13 19:00:00,"1584,0","0,0","0,0"
2030-02-13 20:00:00,"1584,0","0,0","0,0"
2030-02-13 21:00:00,"1584,0","0,0","0,0"
2030-02-13 22:00:00,"1584,0","0,0","0,0"
2030-02-13 23:00:00,"1584,0","0,0","0,0"
2030-02-14 00:00:00,"1584,0","0,0","0,0"
2030-02-14 01:00:00,"1584,0","0,0","0,0"
2030-02-14 02:00:00,"1584,0","0,0","0,0"
2030-02-14 03:00:00,"1584,0","0,0","0,0"
2030-02-14 04:00:00,"1584,0","0,0","0,0"
2030-02-14 05:00:00,"1584,0","0,0","0,0"
2030-02-14 06:00:00,"1584,0","0,0","0,0"
2030-02-14 07:00:00,"1440,0","115,2","0,0"
2030-02-14 08:00:00,"1440,0","0,0","0,0"
2030-02-14 09:00:00,"1440,0","0,0","0,0"
2030-02-14 10:00:00,"1440,0","0,0","0,0"
2030-02-14 11:00:00,"1440,0","0,0","0,0"
2030-02-14 12:00:00,"1440,0","0,0","0,0"
2030-02-14 13:00:00,"1440,0","0,0","0,0"
2030-02-14 14:00:00,"1440,0","0,0","0,0"
2030-02-14 15:00:00,"1440,0","0,0","0,0"
2030-02-14 16:00:00,"1080,0","288,0","0,0"
2030-02-14 17:00:00,"720,0","288,0","0,0"
2030-02-14 18:00:00,"360,0","288,0","0,0"
2030-02-14 19:00:00,"0,0","288,0","0,0"
2030-02-14 20:00:00,"0,0","0,0","0,0"
2030-02-14 21:00:00,"0,0","0,0","0,0"
2030-02-14 22:00:00,"0,0","0,0","0,0"
2030-02-14 23:00:00,"144,0","0,0","144,0"
2030-02-15 00:00:00,"432,0","0,0","288,0"
2030-02-15 01:00:00,"720,0","0,0","288,0"
2030-02-15 02:00:00,"1008,0","0,0","288,0"
2030-02-15 03:00:00,"1296,0","0,0","288,0"
2030-02-15 04:00:00,"1296,0","0,0","0,0"
2030-02-15 05:00:00,"1296,0","0,0","0,0"
2030-02-15 06:00:00,"936,0","288,0","0,0"
2030-02-15 07:00:00,"936,0","0,0","0,0"
2030-02-15 08:00:00,"936,0","0,0","0,0"
2030-02-15 09:00:00,"936,0","0,0","0,0"
2030-02-15 10:00:00,"576,0","288,0","0,0"
2030-02-15 11:00:00,"864,0","0,0","288,0"
2030-02-15 12:00:00,"1152,0","0,0","288,0"
2030-02-15 13:00:00,"1440,0","0,0","288,0"
2030-02-15 14:00:00,"1440,0","0,0","0,0"
2030-02-15 15:00:00,"1440,0","0,0","0,0"
2030-02-15 16:00:00,"1080,0","288,0","0,0"
2030-02-15 17:00:00,"720,0","288,0","0,0"
2030-02-15 18:00:00,"360,0","288,0","0,0"
2030-02-15 19:00:00,"0,0","288,0","0,0"
2030-02-15 20:00:00,"0,0","0,0","0,0"
2030-02-15 21:00:00,"0,0","0,0","0,0"
2030-02-15 22:00:00,"0,0","0,0","0,0"
2030-02-15 23:00:00,"0,0","0,0","0,0"
2030-02-16 00:00:00,"0,0","0,0","0,0"
2030-02-16 01:00:00,"0,0","0,0","0,0"
2030-02-16 02:00:00,"0,0","0,0","0,0"
2030-02-16 03:00:00,"0,0","0,0","0,0"
2030-02-16 04:00:00,"0,0","0,0","0,0"
2030-02-16 05:00:00,"0,0","0,0","0,0"
2030-02-16 06:00:00,"0,0","0,0","0,0"
2030-02-16 07:00:00,"0,0","0,0","0,0"
2030-02-16 08:00:00,"0,0","0,0","0,0"
2030-02-16 09:00:00,"0,0","0,0","0,0"
2030-02-16 10:00:00,"0,0","0,0","0,0"
2030-02-16 11:00:00,"0,0","0,0","0,0"
2030-02-16 12:00:00,"0,0","0,0","0,0"
2030-02-16 13:00:00,"288,0","0,0","288,0"
2030-02-16 14:00:00,"360,0","0,0","72,0"
2030-02-16 15:00:00,"360,0","0,0","0,0"
2030-02-16 16:00:00,"360,0","0,0","0,0"
2030-02-16 17:00:00,"0,0","288,0","0,0"
2030-02-16 18:00:00,"0,0","0,0","0,0"
2030-02-16 19:00:00,"0,0","0,0","0,0"
2030-02-16 20:00:00,"0,0","0,0","0,0"
2030-02-16 21:00:00,"0,0","0,0","0,0"
2030-02-16 22:00:00,"0,0","0,0","0,0"
2030-02-16 23:00:00,"0,0","0,0","0,0"
2030-02-17 00:00:00,"0,0","0,0","0,0"
2030-02-17 01:00:00,"0,0","0,0","0,0"
2030-02-17 02:00:00,"288,0","0,0","288,0"
2030-02-17 03:00:00,"576,0","0,0","288,0"
2030-02-17 04:00:00,"864,0","0,0","288,0"
2030-02-17 05:00:00,"1152,0","0,0","288,0"
2030-02-17 06:00:00,"1440,0","0,0","288,0"
2030-02-17 07:00:00,"1728,0","0,0","288,0"
2030-02-17 08:00:00,"2016,0","0,0","288,0"
2030-02-17 09:00:00,"2016,0","0,0","0,0"
2030-02-17 10:00:00,"2304,0","0,0","288,0"
2030-02-17 11:00:00,"2304,0","0,0","0,0"
2030-02-17 12:00:00,"2304,0","0,0","0,0"
2030-02-17 13:00:00,"2304,0","0,0","0,0"
2030-02-17 14:00:00,"2304,0","0,0","0,0"
2030-02-17 15:00:00,"2304,0","0,0","0,0"
2030-02-17 16:00:00,"2304,0","0,0","0,0"
2030-02-17 17:00:00,"2304,0","0,0","0,0"
2030-02-17 18:00:00,"2304,0","0,0","0,0"
2030-02-17 19:00:00,"2304,0","0,0","0,0"
2030-02-17 20:00:00,"2304,0","0,0","0,0"
2030-02-17 21:00:00,"2304,0","0,0","0,0"
2030-02-17 22:00:00,"2304,0","0,0","0,0"
2030-02-17 23:00:00,"2304,0","0,0","0,0"
2030-02-18 00:00:00,"2304,0","0,0","0,0"
2030-02-18 01:00:00,"2304,0","0,0","0,0"
2030-02-18 02:00:00,"2304,0","0,0","0,0"
2030-02-18 03:00:00,"2304,0","0,0","0,0"
2030-02-18 04:00:00,"2304,0","0,0","0,0"
2030-02-18 05:00:00,"2304,0","0,0","0,0"
2030-02-18 06:00:00,"2304,0","0,0","0,0"
2030-02-18 07:00:00,"2304,0","0,0","0,0"
2030-02-18 08:00:00,"2304,0","0,0","0,0"
2030-02-18 09:00:00,"2304,0","0,0","0,0"
2030-02-18 10:00:00,"2304,0","0,0","0,0"
2030-02-18 11:00:00,"2304,0","0,0","0,0"
2030-02-18 12:00:00,"2304,0","0,0","0,0"
2030-02-18 13:00:00,"2304,0","0,0","0,0"
2030-02-18 14:00:00,"2304,0","0,0","0,0"
2030-02-18 15:00:00,"2304,0","0,0","0,0"
2030-02-18 16:00:00,"2304,0","0,0","0,0"
2030-02-18 17:00:00,"1944,0","288,0","0,0"
2030-02-18 18:00:00,"1944,0","0,0","0,0"
2030-02-18 19:00:00,"1944,0","0,0","0,0"
2030-02-18 20:00:00,"1944,0","0,0","0,0"
2030-02-18 21:00:00,"1915,7589707379693","22,592823409624486","0,0"
2030-02-18 22:00:00,"1733,988654074892","145,4162533304618","0,0"
2030-02-18 23:00:00,"1733,988654074892","0,0","0,0"
2030-02-19 00:00:00,"1733,988654074892","0,0","0,0"
2030-02-19 01:00:00,"1733,988654074892","0,0","0,0"
2030-02-19 02:00:00,"1733,988654074892","0,0","0,0"
2030-02-19 03:00:00,"1733,988654074892","0,0","0,0"
2030-02-19 04:00:00,"1743,1555279305198","0,0","9,166873855627728"
2030-02-19 05:00:00,"1743,1555279305198","0,0","0,0"
2030-02-19 06:00:00,"1743,1555279305198","0,0","0,0"
2030-02-19 07:00:00,"1743,1555279305198","0,0","0,0"
2030-02-19 08:00:00,"1743,1555279305198","0,0","0,0"
2030-02-19 09:00:00,"1743,1555279305198","0,0","0,0"
2030-02-19 10:00:00,"2031,1555279305198","0,0","288,0"
2030-02-19 11:00:00,"2223,1668886310335","0,0","192,0113607005137"
2030-02-19 12:00:00,"2223,1668886310335","0,0","0,0"
2030-02-19 13:00:00,"2304,0","0,0","80,83311136896657"
2030-02-19 14:00:00,"2304,0","0,0","0,0"
2030-02-19 15:00:00,"2304,0","0,0","0,0"
2030-02-19 16:00:00,"1944,0","288,0","0,0"
2030-02-19 17:00:00,"1584,0","288,0","0,0"
2030-02-19 18:00:00,"1224,0","288,0","0,0"
2030-02-19 19:00:00,"864,0","288,0","0,0"
2030-02-19 20:00:00,"562,6545785797036","241,0763371362371","0,0"
2030-02-19 21:00:00,"562,6545785797036","0,0","0,0"
2030-02-19 22:00:00,"562,6545785797036","0,0","0,0"
2030-02-19 23:00:00,"562,6545785797036","0,0","0,0"
2030-02-20 00:00:00,"562,6545785797036","0,0","0,0"
2030-02-20 01:00:00,"562,6545785797036","0,0","0,0"
2030-02-20 02:00:00,"562,6545785797036","0,0","0,0"
2030-02-20 03:00:00,"562,6545785797036","0,0","0,0"
2030-02-20 04:00:00,"562,6545785797036","0,0","0,0"
2030-02-20 05:00:00,"562,6545785797036","0,0","0,0"
2030-02-20 06:00:00,"405,0996457456709","126,04394626722615","0,0"
2030-02-20 07:00:00,"72,0","266,4797165965367","0,0"
2030-02-20 08:00:00,"72,0","0,0","0,0"
2030-02-20 09:00:00,"72,0","0,0","0,0"
2030-02-20 10:00:00,"72,0","0,0","0,0"
2030-02-20 11:00:00,"360,0","0,0","288,0"
2030-02-20 12:00:00,"360,0","0,0","0,0"
2030-02-20 13:00:00,"360,0","0,0","0,0"
2030-02-20 14:00:00,"360,0","0,0","0,0"
2030-02-20 15:00:00,"360,0","0,0","0,0"
2030-02-20 16:00:00,"360,0","0,0","0,0"
2030-02-20 17:00:00,"0,0","288,0","0,0"
2030-02-20 18:00:00,"0,0","0,0","0,0"
2030-02-20 19:00:00,"0,0","0,0","0,0"
2030-02-20 20:00:00,"0,0","0,0","0,0"
2030-02-20 21:00:00,"0,0","0,0","0,0"
2030-02-20 22:00:00,"0,0","0,0","0,0"
2030-02-20 23:00:00,"0,0","0,0","0,0"
2030-02-21 00:00:00,"0,0","0,0","0,0"
2030-02-21 01:00:00,"0,0","0,0","0,0"
2030-02-21 02:00:00,"72,0","0,0","72,0"
2030-02-21 03:00:00,"72,0","0,0","0,0"
2030-02-21 04:00:00,"360,0","0,0","288,0"
2030-02-21 05:00:00,"360,0","0,0","0,0"
2030-02-21 06:00:00,"0,0","288,0","0,0"
2030-02-21 07:00:00,"0,0","0,0","0,0"
2030-02-21 08:00:00,"0,0","0,0","0,0"
2030-02-21 09:00:00,"0,0","0,0","0,0"
2030-02-21 10:00:00,"0,0","0,0","0,0"
2030-02-21 11:00:00,"0,0","0,0","0,0"
2030-02-21 12:00:00,"33,43037337872926","0,0","33,43037337872926"
2030-02-21 13:00:00,"33,43037337872926","0,0","0,0"
2030-02-21 14:00:00,"321,43037337872926","0,0","288,0"
2030-02-21 15:00:00,"321,43037337872926","0,0","0,0"
2030-02-21 16:00:00,"321,43037337872926","0,0","0,0"
2030-02-21 17:00:00,"321,43037337872926","0,0","0,0"
2030-02-21 18:00:00,"0,0","257,1442987029834","0,0"
2030-02-21 19:00:00,"0,0","0,0","0,0"
2030-02-21 20:00:00,"0,0","0,0","0,0"
2030-02-21 21:00:00,"0,0","0,0","0,0"
2030-02-21 22:00:00,"0,0","0,0","0,0"
2030-02-21 23:00:00,"0,0","0,0","0,0"
2030-02-22 00:00:00,"0,0","0,0","0,0"
2030-02-22 01:00:00,"0,0","0,0","0,0"
2030-02-22 02:00:00,"0,0","0,0","0,0"
2030-02-22 03:00:00,"0,0","0,0","0,0"
2030-02-22 04:00:00,"0,0","0,0","0,0"
2030-02-22 05:00:00,"0,0","0,0","0,0"
2030-02-22 06:00:00,"0,0","0,0","0,0"
2030-02-22 07:00:00,"0,0","0,0","0,0"
2030-02-22 08:00:00,"0,0","0,0","0,0"
2030-02-22 09:00:00,"0,0","0,0","0,0"
2030-02-22 10:00:00,"0,0","0,0","0,0"
2030-02-22 11:00:00,"0,0","0,0","0,0"
2030-02-22 12:00:00,"0,0","0,0","0,0"
2030-02-22 13:00:00,"0,0","0,0","0,0"
2030-02-22 14:00:00,"0,0","0,0","0,0"
2030-02-22 15:00:00,"0,0","0,0","0,0"
2030-02-22 16:00:00,"0,0","0,0","0,0"
2030-02-22 17:00:00,"0,0","0,0","0,0"
2030-02-22 18:00:00,"0,0","0,0","0,0"
2030-02-22 19:00:00,"0,0","0,0","0,0"
2030-02-22 20:00:00,"0,0","0,0","0,0"
2030-02-22 21:00:00,"0,0","0,0","0,0"
2030-02-22 22:00:00,"0,0","0,0","0,0"
2030-02-22 23:00:00,"0,0","0,0","0,0"
2030-02-23 00:00:00,"0,0","0,0","0,0"
2030-02-23 01:00:00,"0,0","0,0","0,0"
2030-02-23 02:00:00,"0,0","0,0","0,0"
2030-02-23 03:00:00,"288,0","0,0","288,0"
2030-02-23 04:00:00,"576,0","0,0","288,0"
2030-02-23 05:00:00,"864,0","0,0","288,0"
2030-02-23 06:00:00,"1152,0","0,0","288,0"
2030-02-23 07:00:00,"1440,0","0,0","288,0"
2030-02-23 08:00:00,"1728,0","0,0","288,0"
2030-02-23 09:00:00,"2016,0","0,0","288,0"
2030-02-23 10:00:00,"2304,0","0,0","288,0"
2030-02-23 11:00:00,"2304,0","0,0","0,0"
2030-02-23 12:00:00,"2304,0","0,0","0,0"
2030-02-23 13:00:00,"2304,0","0,0","0,0"
2030-02-23 14:00:00,"2304,0","0,0","0,0"
2030-02-23 15:00:00,"2304,0","0,0","0,0"
2030-02-23 16:00:00,"2304,0","0,0","0,0"
2030-02-23 17:00:00,"2304,0","0,0","0,0"
2030-02-23 18:00:00,"1944,0","288,0","0,0"
2030-02-23 19:00:00,"1584,0","288,0","0,0"
2030-02-23 20:00:00,"1224,0","288,0","0,0"
2030-02-23 21:00:00,"864,0","288,0","0,0"
2030-02-23 22:00:00,"504,0","288,0","0,0"
2030-02-23 23:00:00,"144,0","288,0","0,0"
2030-02-24 00:00:00,"144,0","0,0","0,0"
2030-02-24 01:00:00,"144,0","0,0","0,0"
2030-02-24 02:00:00,"144,0","0,0","0,0"
2030-02-24 03:00:00,"144,0","0,0","0,0"
2030-02-24 04:00:00,"144,0","0,0","0,0"
2030-02-24 05:00:00,"144,0","0,0","0,0"
2030-02-24 06:00:00,"0,0","115,2","0,0"
2030-02-24 07:00:00,"288,0","0,0","288,0"
2030-02-24 08:00:00,"473,07551200828397","0,0","185,07551200828397"
2030-02-24 09:00:00,"688,8736018349339","0,0","215,79808982664994"
2030-02-24 10:00:00,"976,8736018349339","0,0","288,0"
2030-02-24 11:00:00,"1264,8736018349339","0,0","288,0"
2030-02-24 12:00:00,"1552,8736018349339","0,0","288,0"
2030-02-24 13:00:00,"1728,0","0,0","175,12639816506606"
2030-02-24 14:00:00,"2016,0","0,0","288,0"
2030-02-24 15:00:00,"2304,0","0,0","288,0"
2030-02-24 16:00:00,"2304,0","0,0","0,0"
2030-02-24 17:00:00,"1944,0","288,0","0,0"
2030-02-24 18:00:00,"1584,0","288,0","0,0"
2030-02-24 19:00:00,"1224,0","288,0","0,0"
2030-02-24 20:00:00,"1224,0","0,0","0,0"
2030-02-24 21:00:00,"1224,0","0,0","0,0"
2030-02-24 22:00:00,"864,0","288,0","0,0"
2030-02-24 23:00:00,"504,614956877557","287,5080344979544","0,0"
2030-02-25 00:00:00,"399,0592276601028","84,44458337396327","0,0"
2030-02-25 01:00:00,"399,0592276601028","0,0","0,0"
2030-02-25 02:00:00,"687,0592276601028","0,0","288,0"
2030-02-25 03:00:00,"975,0592276601028","0,0","288,0"
2030-02-25 04:00:00,"1263,0592276601028","0,0","288,0"
2030-02-25 05:00:00,"1263,0592276601028","0,0","0,0"
2030-02-25 06:00:00,"1263,0592276601028","0,0","0,0"
2030-02-25 07:00:00,"1263,0592276601028","0,0","0,0"
2030-02-25 08:00:00,"1263,0592276601028","0,0","0,0"
2030-02-25 09:00:00,"1263,0592276601028","0,0","0,0"
2030-02-25 10:00:00,"1551,0592276601028","0,0","288,0"
2030-02-25 11:00:00,"1839,0592276601028","0,0","288,0"
2030-02-25 12:00:00,"1864,974933669896","0,0","25,91570600979321"
2030-02-25 13:00:00,"2152,974933669896","0,0","288,0"
2030-02-25 14:00:00,"2304,0","0,0","151,02506633010387"
2030-02-25 15:00:00,"2304,0","0,0","0,0"
2030-02-25 16:00:00,"1944,0","288,0","0,0"
2030-02-25 17:00:00,"1584,0","288,0","0,0"
2030-02-25 18:00:00,"1224,0","288,0","0,0"
2030-02-25 19:00:00,"864,0","288,0","0,0"
2030-02-25 20:00:00,"864,0","0,0","0,0"
2030-02-25 21:00:00,"864,0","0,0","0,0"
2030-02-25 22:00:00,"864,0","0,0","0,0"
2030-02-25 23:00:00,"864,0","0,0","0,0"
2030-02-26 00:00:00,"864,0","0,0","0,0"
2030-02-26 01:00:00,"864,0","0,0","0,0"
2030-02-26 02:00:00,"1152,0","0,0","288,0"
2030-02-26 03:00:00,"1152,0","0,0","0,0"
2030-02-26 04:00:00,"1440,0","0,0","288,0"
2030-02-26 05:00:00,"1440,0","0,0","0,0"
2030-02-26 06:00:00,"1440,0","0,0","0,0"
2030-02-26 07:00:00,"1440,0","0,0","0,0"
2030-02-26 08:00:00,"1440,0","0,0","0,0"
2030-02-26 09:00:00,"1440,0","0,0","0,0"
2030-02-26 10:00:00,"1440,0","0,0","0,0"
2030-02-26 11:00:00,"1728,0","0,0","288,0"
2030-02-26 12:00:00,"2016,0","0,0","288,0"
2030-02-26 13:00:00,"2304,0","0,0","288,0"
2030-02-26 14:00:00,"2304,0","0,0","0,0"
2030-02-26 15:00:00,"2304,0","0,0","0,0"
2030-02-26 16:00:00,"2304,0","0,0","0,0"
2030-02-26 17:00:00,"2304,0","0,0","0,0"
2030-02-26 18:00:00,"2304,0","0,0","0,0"
2030-02-26 19:00:00,"2304,0","0,0","0,0"
2030-02-26 20:00:00,"2304,0","0,0","0,0"
2030-02-26 21:00:00,"2304,0","0,0","0,0"
2030-02-26 22:00:00,"2304,0","0,0","0,0"
2030-02-26 23:00:00,"2304,0","0,0","0,0"
2030-02-27 00:00:00,"2304,0","0,0","0,0"
2030-02-27 01:00:00,"2304,0","0,0","0,0"
2030-02-27 02:00:00,"2304,0","0,0","0,0"
2030-02-27 03:00:00,"2304,0","0,0","0,0"
2030-02-27 04:00:00,"2304,0","0,0","0,0"
2030-02-27 05:00:00,"2304,0","0,0","0,0"
2030-02-27 06:00:00,"1944,0","288,0","0,0"
2030-02-27 07:00:00,"1584,0","288,0","0,0"
2030-02-27 08:00:00,"1224,0","288,0","0,0"
2030-02-27 09:00:00,"1224,0","0,0","0,0"
2030-02-27 10:00:00,"1224,0","0,0","0,0"
2030-02-27 11:00:00,"1224,0","0,0","0,0"
2030-02-27 12:00:00,"1224,0","0,0","0,0"
2030-02-27 13:00:00,"1224,0","0,0","0,0"
2030-02-27 14:00:00,"1224,0","0,0","0,0"
2030-02-27 15:00:00,"864,0","288,0","0,0"
2030-02-27 16:00:00,"864,0","0,0","0,0"
2030-02-27 17:00:00,"648,0","172,8","0,0"
2030-02-27 18:00:00,"288,0","288,0","0,0"
2030-02-27 19:00:00,"288,0","0,0","0,0"
2030-02-27 20:00:00,"288,0","0,0","0,0"
2030-02-27 21:00:00,"288,0","0,0","0,0"
2030-02-27 22:00:00,"576,0","0,0","288,0"
2030-02-27 23:00:00,"864,0","0,0","288,0"
2030-02-28 00:00:00,"1152,0","0,0","288,0"
2030-02-28 01:00:00,"1440,0","0,0","288,0"
2030-02-28 02:00:00,"1728,0","0,0","288,0"
2030-02-28 03:00:00,"2016,0","0,0","288,0"
2030-02-28 04:00:00,"2304,0","0,0","288,0"
2030-02-28 05:00:00,"2304,0","0,0","0,0"
2030-02-28 06:00:00,"2304,0","0,0","0,0"
2030-02-28 07:00:00,"2304,0","0,0","0,0"
2030-02-28 08:00:00,"2304,0","0,0","0,0"
2030-02-28 09:00:00,"2304,0","0,0","0,0"
2030-02-28 10:00:00,"2304,0","0,0","0,0"
2030-02-28 11:00:00,"2304,0","0,0","0,0"
2030-02-28 12:00:00,"2304,0","0,0","0,0"
2030-02-28 13:00:00,"2304,0","0,0","0,0"
2030-02-28 14:00:00,"2304,0","0,0","0,0"
2030-02-28 15:00:00,"1944,0","288,0","0,0"
2030-02-28 16:00:00,"1584,0","288,0","0,0"
2030-02-28 17:00:00,"1224,0","288,0","0,0"
2030-02-28 18:00:00,"864,0","288,0","0,0"
2030-02-28 19:00:00,"504,0","288,0","0,0"
2030-02-28 20:00:00,"144,0","288,0","0,0"
2030-02-28 21:00:00,"144,0","0,0","0,0"
2030-02-28 22:00:00,"144,0","0,0","0,0"
2030-02-28 23:00:00,"144,0","0,0","0,0"
2030-03-01 00:00:00,"144,0","0,0","0,0"
2030-03-01 01:00:00,"144,0","0,0","0,0"
2030-03-01 02:00:00,"144,0","0,0","0,0"
2030-03-01 03:00:00,"144,0","0,0","0,0"
2030-03-01 04:00:00,"144,0","0,0","0,0"
2030-03-01 05:00:00,"144,0","0,0","0,0"
2030-03-01 06:00:00,"0,0","115,2","0,0"
2030-03-01 07:00:00,"0,0","0,0","0,0"
2030-03-01 08:00:00,"0,0","0,0","0,0"
2030-03-01 09:00:00,"0,0","0,0","0,0"
2030-03-01 10:00:00,"0,0","0,0","0,0"
2030-03-01 11:00:00,"0,0","0,0","0,0"
2030-03-01 12:00:00,"288,0","0,0","288,0"
2030-03-01 13:00:00,"576,0","0,0","288,0"
2030-03-01 14:00:00,"864,0","0,0","288,0"
2030-03-01 15:00:00,"864,0","0,0","0,0"
2030-03-01 16:00:00,"720,0","115,2","0,0"
2030-03-01 17:00:00,"360,0","288,0","0,0"
2030-03-01 18:00:00,"0,0","288,0","0,0"
2030-03-01 19:00:00,"0,0","0,0","0,0"
2030-03-01 20:00:00,"0,0","0,0","0,0"
2030-03-01 21:00:00,"0,0","0,0","0,0"
2030-03-01 22:00:00,"0,0","0,0","0,0"
2030-03-01 23:00:00,"0,0","0,0","0,0"
2030-03-02 00:00:00,"0,0","0,0","0,0"
2030-03-02 01:00:00,"0,0","0,0","0,0"
2030-03-02 02:00:00,"0,0","0,0","0,0"
2030-03-02 03:00:00,"0,0","0,0","0,0"
2030-03-02 04:00:00,"0,0","0,0","0,0"
2030-03-02 05:00:00,"0,0","0,0","0,0"
2030-03-02 06:00:00,"0,0","0,0","0,0"
2030-03-02 07:00:00,"288,0","0,0","288,0"
2030-03-02 08:00:00,"576,0","0,0","288,0"
2030-03-02 09:00:00,"576,0","0,0","0,0"
2030-03-02 10:00:00,"216,0","288,0","0,0"
2030-03-02 11:00:00,"0,0","172,8","0,0"
2030-03-02 12:00:00,"0,0","0,0","0,0"
2030-03-02 13:00:00,"0,0","0,0","0,0"
2030-03-02 14:00:00,"0,0","0,0","0,0"
2030-03-02 15:00:00,"0,0","0,0","0,0"
2030-03-02 16:00:00,"0,0","0,0","0,0"
2030-03-02 17:00:00,"0,0","0,0","0,0"
2030-03-02 18:00:00,"0,0","0,0","0,0"
2030-03-02 19:00:00,"0,0","0,0","0,0"
2030-03-02 20:00:00,"0,0","0,0","0,0"
2030-03-02 21:00:00,"0,0","0,0","0,0"
2030-03-02 22:00:00,"0,0","0,0","0,0"
2030-03-02 23:00:00,"0,0","0,0","0,0"
2030-03-03 00:00:00,"0,0","0,0","0,0"
2030-03-03 01:00:00,"0,0","0,0","0,0"
2030-03-03 02:00:00,"0,0","0,0","0,0"
2030-03-03 03:00:00,"0,0","0,0","0,0"
2030-03-03 04:00:00,"0,0","0,0","0,0"
2030-03-03 05:00:00,"0,0","0,0","0,0"
2030-03-03 06:00:00,"0,0","0,0","0,0"
2030-03-03 07:00:00,"0,0","0,0","0,0"
2030-03-03 08:00:00,"0,0","0,0","0,0"
2030-03-03 09:00:00,"288,0","0,0","288,0"
2030-03-03 10:00:00,"288,0","0,0","0,0"
2030-03-03 11:00:00,"288,0","0,0","0,0"
2030-03-03 12:00:00,"288,0","0,0","0,0"
2030-03-03 13:00:00,"288,0","0,0","0,0"
2030-03-03 14:00:00,"549,4086457205324","0,0","261,40864572053243"
2030-03-03 15:00:00,"720,0","0,0","170,59135427946762"
2030-03-03 16:00:00,"720,0","0,0","0,0"
2030-03-03 17:00:00,"360,0","288,0","0,0"
2030-03-03 18:00:00,"0,0","288,0","0,0"
2030-03-03 19:00:00,"0,0","0,0","0,0"
2030-03-03 20:00:00,"0,0","0,0","0,0"
2030-03-03 21:00:00,"0,0","0,0","0,0"
2030-03-03 22:00:00,"288,0","0,0","288,0"
2030-03-03 23:00:00,"480,07040698306446","0,0","192,07040698306446"
2030-03-04 00:00:00,"768,0704069830645","0,0","288,0"
2030-03-04 01:00:00,"1056,0704069830645","0,0","288,0"
2030-03-04 02:00:00,"1056,0704069830645","0,0","0,0"
2030-03-04 03:00:00,"1056,0704069830645","0,0","0,0"
2030-03-04 04:00:00,"1152,0","0,0","95,9295930169356"
2030-03-04 05:00:00,"1152,0","0,0","0,0"
2030-03-04 06:00:00,"1152,0","0,0","0,0"
2030-03-04 07:00:00,"1152,0","0,0","0,0"
2030-03-04 08:00:00,"1440,0","0,0","288,0"
2030-03-04 09:00:00,"1728,0","0,0","288,0"
2030-03-04 10:00:00,"2016,0","0,0","288,0"
2030-03-04 11:00:00,"2304,0","0,0","288,0"
2030-03-04 12:00:00,"2304,0","0,0","0,0"
2030-03-04 13:00:00,"2304,0","0,0","0,0"
2030-03-04 14:00:00,"2304,0","0,0","0,0"
2030-03-04 15:00:00,"2304,0","0,0","0,0"
2030-03-04 16:00:00,"2304,0","0,0","0,0"
2030-03-04 17:00:00,"2304,0","0,0","0,0"
2030-03-04 18:00:00,"2304,0","0,0","0,0"
2030-03-04 19:00:00,"2304,0","0,0","0,0"
2030-03-04 20:00:00,"2304,0","0,0","0,0"
2030-03-04 21:00:00,"2304,0","0,0","0,0"
2030-03-04 22:00:00,"2304,0","0,0","0,0"
2030-03-04 23:00:00,"2304,0","0,0","0,0"
2030-03-05 00:00:00,"2304,0","0,0","0,0"
2030-03-05 01:00:00,"2304,0","0,0","0,0"
2030-03-05 02:00:00,"2304,0","0,0","0,0"
2030-03-05 03:00:00,"2304,0","0,0","0,0"
2030-03-05 04:00:00,"2304,0","0,0","0,0"
2030-03-05 05:00:00,"1944,0","288,0","0,0"
2030-03-05 06:00:00,"1584,0","288,0","0,0"
2030-03-05 07:00:00,"1224,0","288,0","0,0"
2030-03-05 08:00:00,"864,0","288,0","0,0"
2030-03-05 09:00:00,"720,0","115,2","0,0"
2030-03-05 10:00:00,"720,0","0,0","0,0"
2030-03-05 11:00:00,"720,0","0,0","0,0"
2030-03-05 12:00:00,"720,0","0,0","0,0"
2030-03-05 13:00:00,"720,0","0,0","0,0"
2030-03-05 14:00:00,"720,0","0,0","0,0"
2030-03-05 15:00:00,"720,0","0,0","0,0"
2030-03-05 16:00:00,"720,0","0,0","0,0"
2030-03-05 17:00:00,"360,0","288,0","0,0"
2030-03-05 18:00:00,"0,0","288,0","0,0"
2030-03-05 19:00:00,"0,0","0,0","0,0"
2030-03-05 20:00:00,"0,0","0,0","0,0"
2030-03-05 21:00:00,"0,0","0,0","0,0"
2030-03-05 22:00:00,"0,0","0,0","0,0"
2030-03-05 23:00:00,"288,0","0,0","288,0"
2030-03-06 00:00:00,"576,0","0,0","288,0"
2030-03-06 01:00:00,"576,0","0,0","0,0"
2030-03-06 02:00:00,"576,0","0,0","0,0"
2030-03-06 03:00:00,"576,0","0,0","0,0"
2030-03-06 04:00:00,"576,0","0,0","0,0"
2030-03-06 05:00:00,"216,0","288,0","0,0"
2030-03-06 06:00:00,"52,01989625816111","131,18408299347112","0,0"
2030-03-06 07:00:00,"52,01989625816111","0,0","0,0"
2030-03-06 08:00:00,"52,01989625816111","0,0","0,0"
2030-03-06 09:00:00,"0,0","41,61591700652889","0,0"
2030-03-06 10:00:00,"288,0","0,0","288,0"
2030-03-06 11:00:00,"576,0","0,0","288,0"
2030-03-06 12:00:00,"864,0","0,0","288,0"
2030-03-06 13:00:00,"1152,0","0,0","288,0"
2030-03-06 14:00:00,"1440,0","0,0","288,0"
2030-03-06 15:00:00,"1440,0","0,0","0,0"
2030-03-06 16:00:00,"1440,0","0,0","0,0"
2030-03-06 17:00:00,"1080,0","288,0","0,0"
2030-03-06 18:00:00,"720,0","288,0","0,0"
2030-03-06 19:00:00,"360,0","288,0","0,0"
2030-03-06 20:00:00,"0,0","288,0","0,0"
2030-03-06 21:00:00,"0,0","0,0","0,0"
2030-03-06 22:00:00,"0,0","0,0","0,0"
2030-03-06 23:00:00,"0,0","0,0","0,0"
2030-03-07 00:00:00,"275,5871532045171","0,0","275,5871532045171"
2030-03-07 01:00:00,"563,5871532045171","0,0","288,0"
2030-03-07 02:00:00,"851,5871532045171","0,0","288,0"
2030-03-07 03:00:00,"1080,0","0,0","228,4128467954829"
2030-03-07 04:00:00,"1080,0","0,0","0,0"
2030-03-07 05:00:00,"1080,0","0,0","0,0"
2030-03-07 06:00:00,"720,0","288,0","0,0"
2030-03-07 07:00:00,"360,0","288,0","0,0"
2030-03-07 08:00:00,"0,0","288,0","0,0"
2030-03-07 09:00:00,"0,0","0,0","0,0"
2030-03-07 10:00:00,"0,0","0,0","0,0"
2030-03-07 11:00:00,"216,0","0,0","216,0"
2030-03-07 12:00:00,"504,0","0,0","288,0"
2030-03-07 13:00:00,"792,0","0,0","288,0"
2030-03-07 14:00:00,"1080,0","0,0","288,0"
2030-03-07 15:00:00,"1080,0","0,0","0,0"
2030-03-07 16:00:00,"720,0","288,0","0,0"
2030-03-07 17:00:00,"360,0","288,0","0,0"
2030-03-07 18:00:00,"0,0","288,0","0,0"
2030-03-07 19:00:00,"0,0","0,0","0,0"
2030-03-07 20:00:00,"0,0","0,0","0,0"
2030-03-07 21:00:00,"0,0","0,0","0,0"
2030-03-07 22:00:00,"0,0","0,0","0,0"
2030-03-07 23:00:00,"288,0","0,0","288,0"
2030-03-08 00:00:00,"576,0","0,0","288,0"
2030-03-08 01:00:00,"864,0","0,0","288,0"
2030-03-08 02:00:00,"1152,0","0,0","288,0"
2030-03-08 03:00:00,"1440,0","0,0","288,0"
2030-03-08 04:00:00,"1292,0491895637786","118,36064834897712","0,0"
2030-03-08 05:00:00,"932,0491895637786","288,0","0,0"
2030-03-08 06:00:00,"572,0491895637786","288,0","0,0"
2030-03-08 07:00:00,"212,04918956377855","288,0","0,0"
2030-03-08 08:00:00,"0,0","169,63935165102285","0,0"
2030-03-08 09:00:00,"0,0","0,0","0,0"
2030-03-08 10:00:00,"0,0","0,0","0,0"
2030-03-08 11:00:00,"288,0","0,0","288,0"
2030-03-08 12:00:00,"576,0","0,0","288,0"
2030-03-08 13:00:00,"864,0","0,0","288,0"
2030-03-08 14:00:00,"899,6677593977964","0,0","35,66775939779643"
2030-03-08 15:00:00,"1113,20178669031","0,0","213,53402729251349"
2030-03-08 16:00:00,"753,20178669031","288,0","0,0"
2030-03-08 17:00:00,"393,20178669031","288,0","0,0"
2030-03-08 18:00:00,"33,20178669030997","288,0","0,0"
2030-03-08 19:00:00,"0,0","26,561429352247977","0,0"
2030-03-08 20:00:00,"0,0","0,0","0,0"
2030-03-08 21:00:00,"0,0","0,0","0,0"
2030-03-08 22:00:00,"0,0","0,0","0,0"
2030-03-08 23:00:00,"0,0","0,0","0,0"
2030-03-09 00:00:00,"0,0","0,0","0,0"
2030-03-09 01:00:00,"288,0","0,0","288,0"
2030-03-09 02:00:00,"576,0","0,0","288,0"
2030-03-09 03:00:00,"864,0","0,0","288,0"
2030-03-09 04:00:00,"1152,0","0,0","288,0"
2030-03-09 05:00:00,"792,0","288,0","0,0"
2030-03-09 06:00:00,"432,0","288,0","0,0"
2030-03-09 07:00:00,"432,0","0,0","0,0"
2030-03-09 08:00:00,"450,56574991565117","0,0","18,565749915651168"
2030-03-09 09:00:00,"738,5657499156512","0,0","288,0"
2030-03-09 10:00:00,"738,5657499156512","0,0","0,0"
2030-03-09 11:00:00,"1026,5657499156512","0,0","288,0"
2030-03-09 12:00:00,"1270,162474050179","0,0","243,59672413452796"
2030-03-09 13:00:00,"1558,162474050179","0,0","288,0"
2030-03-09 14:00:00,"1846,162474050179","0,0","288,0"
2030-03-09 15:00:00,"2016,0","0,0","169,83752594982099"
2030-03-09 16:00:00,"2304,0","0,0","288,0"
2030-03-09 17:00:00,"2304,0","0,0","0,0"
2030-03-09 18:00:00,"2304,0","0,0","0,0"
2030-03-09 19:00:00,"2148,2158670659032","124,62730634727728","0,0"
2030-03-09 20:00:00,"2304,0","0,0","155,78413293409676"
2030-03-09 21:00:00,"2304,0","0,0","0,0"
2030-03-09 22:00:00,"2304,0","0,0","0,0"
2030-03-09 23:00:00,"2304,0","0,0","0,0"
2030-03-10 00:00:00,"2304,0","0,0","0,0"
2030-03-10 01:00:00,"2304,0","0,0","0,0"
2030-03-10 02:00:00,"2304,0","0,0","0,0"
2030-03-10 03:00:00,"2304,0","0,0","0,0"
2030-03-10 04:00:00,"2161,5978604200545","113,92171166395633","0,0"
2030-03-10 05:00:00,"2161,5978604200545","0,0","0,0"
2030-03-10 06:00:00,"2161,5978604200545","0,0","0,0"
2030-03-10 07:00:00,"1801,5978604200545","288,0","0,0"
2030-03-10 08:00:00,"1801,5978604200545","0,0","0,0"
2030-03-10 09:00:00,"1801,5978604200545","0,0","0,0"
2030-03-10 10:00:00,"1991,0387706034699","0,0","189,44091018341527"
2030-03-10 11:00:00,"2016,0","0,0","24,961229396530143"
2030-03-10 12:00:00,"2016,0","0,0","0,0"
2030-03-10 13:00:00,"2304,0","0,0","288,0"
2030-03-10 14:00:00,"2304,0","0,0","0,0"
2030-03-10 15:00:00,"2304,0","0,0","0,0"
2030-03-10 16:00:00,"2304,0","0,0","0,0"
2030-03-10 17:00:00,"2304,0","0,0","0,0"
2030-03-10 18:00:00,"2304,0","0,0","0,0"
2030-03-10 19:00:00,"2304,0","0,0","0,0"
2030-03-10 20:00:00,"2304,0","0,0","0,0"
2030-03-10 21:00:00,"2304,0","0,0","0,0"
2030-03-10 22:00:00,"2304,0","0,0","0,0"
2030-03-10 23:00:00,"2304,0","0,0","0,0"
2030-03-11 00:00:00,"2304,0","0,0","0,0"
2030-03-11 01:00:00,"2304,0","0,0","0,0"
2030-03-11 02:00:00,"2304,0","0,0","0,0"
2030-03-11 03:00:00,"2304,0","0,0","0,0"
2030-03-11 04:00:00,"2304,0","0,0","0,0"
2030-03-11 05:00:00,"2304,0","0,0","0,0"
2030-03-11 06:00:00,"2304,0","0,0","0,0"
2030-03-11 07:00:00,"2304,0","0,0","0,0"
2030-03-11 08:00:00,"2304,0","0,0","0,0"
2030-03-11 09:00:00,"2304,0","0,0","0,0"
2030-03-11 10:00:00,"2304,0","0,0","0,0"
2030-03-11 11:00:00,"2304,0","0,0","0,0"
2030-03-11 12:00:00,"2304,0","0,0","0,0"
2030-03-11 13:00:00,"2304,0","0,0","0,0"
2030-03-11 14:00:00,"2304,0","0,0","0,0"
2030-03-11 15:00:00,"2304,0","0,0","0,0"
2030-03-11 16:00:00,"2304,0","0,0","0,0"
2030-03-11 17:00:00,"1944,0","288,0","0,0"
2030-03-11 18:00:00,"1584,0","288,0","0,0"
2030-03-11 19:00:00,"1224,0","288,0","0,0"
2030-03-11 20:00:00,"1224,0","0,0","0,0"
2030-03-11 21:00:00,"1224,0","0,0","0,0"
2030-03-11 22:00:00,"1224,0","0,0","0,0"
2030-03-11 23:00:00,"1224,0","0,0","0,0"
2030-03-12 00:00:00,"1224,0","0,0","0,0"
2030-03-12 01:00:00,"1224,0","0,0","0,0"
2030-03-12 02:00:00,"1224,0","0,0","0,0"
2030-03-12 03:00:00,"1224,0","0,0","0,0"
2030-03-12 04:00:00,"1224,0","0,0","0,0"
2030-03-12 05:00:00,"1224,0","0,0","0,0"
2030-03-12 06:00:00,"1224,0","0,0","0,0"
2030-03-12 07:00:00,"1224,0","0,0","0,0"
2030-03-12 08:00:00,"1224,0","0,0","0,0"
2030-03-12 09:00:00,"1224,0","0,0","0,0"
2030-03-12 10:00:00,"1224,0","0,0","0,0"
2030-03-12 11:00:00,"1224,0","0,0","0,0"
2030-03-12 12:00:00,"1224,0","0,0","0,0"
2030-03-12 13:00:00,"1224,0","0,0","0,0"
2030-03-12 14:00:00,"1252,157282281663","0,0","28,157282281662958"
2030-03-12 15:00:00,"1252,157282281663","0,0","0,0"
2030-03-12 16:00:00,"1252,157282281663","0,0","0,0"
2030-03-12 17:00:00,"1252,157282281663","0,0","0,0"
2030-03-12 18:00:00,"1252,157282281663","0,0","0,0"
2030-03-12 19:00:00,"1252,157282281663","0,0","0,0"
2030-03-12 20:00:00,"1252,157282281663","0,0","0,0"
2030-03-12 21:00:00,"1252,157282281663","0,0","0,0"
2030-03-12 22:00:00,"1252,157282281663","0,0","0,0"
2030-03-12 23:00:00,"1252,157282281663","0,0","0,0"
2030-03-13 00:00:00,"1252,157282281663","0,0","0,0"
2030-03-13 01:00:00,"1252,157282281663","0,0","0,0"
2030-03-13 02:00:00,"1252,157282281663","0,0","0,0"
2030-03-13 03:00:00,"1252,157282281663","0,0","0,0"
2030-03-13 04:00:00,"1252,157282281663","0,0","0,0"
2030-03-13 05:00:00,"1252,157282281663","0,0","0,0"
2030-03-13 06:00:00,"1252,157282281663","0,0","0,0"
2030-03-13 07:00:00,"1062,1732096078608","151,98725813904167","0,0"
2030-03-13 08:00:00,"1062,1732096078608","0,0","0,0"
2030-03-13 09:00:00,"1062,1732096078608","0,0","0,0"
2030-03-13 10:00:00,"1062,1732096078608","0,0","0,0"
2030-03-13 11:00:00,"1062,1732096078608","0,0","0,0"
2030-03-13 12:00:00,"1062,1732096078608","0,0","0,0"
2030-03-13 13:00:00,"1062,1732096078608","0,0","0,0"
2030-03-13 14:00:00,"1350,1732096078608","0,0","288,0"
2030-03-13 15:00:00,"1440,0","0,0","89,82679039213917"
2030-03-13 16:00:00,"1440,0","0,0","0,0"
2030-03-13 17:00:00,"1080,0","288,0","0,0"
2030-03-13 18:00:00,"720,0","288,0","0,0"
2030-03-13 19:00:00,"360,0","288,0","0,0"
2030-03-13 20:00:00,"0,0","288,0","0,0"
2030-03-13 21:00:00,"0,0","0,0","0,0"
2030-03-13 22:00:00,"0,0","0,0","0,0"
2030-03-13 23:00:00,"0,0","0,0","0,0"
2030-03-14 00:00:00,"216,0","0,0","216,0"
2030-03-14 01:00:00,"504,0","0,0","288,0"
2030-03-14 02:00:00,"792,0","0,0","288,0"
2030-03-14 03:00:00,"1080,0","0,0","288,0"
2030-03-14 04:00:00,"1080,0","0,0","0,0"
2030-03-14 05:00:00,"720,0","288,0","0,0"
2030-03-14 06:00:00,"360,0","288,0","0,0"
2030-03-14 07:00:00,"0,0","288,0","0,0"
2030-03-14 08:00:00,"0,0","0,0","0,0"
2030-03-14 09:00:00,"0,0","0,0","0,0"
2030-03-14 10:00:00,"288,0","0,0","288,0"
2030-03-14 11:00:00,"576,0","0,0","288,0"
2030-03-14 12:00:00,"864,0","0,0","288,0"
2030-03-14 13:00:00,"1152,0","0,0","288,0"
2030-03-14 14:00:00,"1393,3525738476733","0,0","241,35257384767328"
2030-03-14 15:00:00,"1176,151242527032","173,7610650565129","0,0"
2030-03-14 16:00:00,"999,9128757677406","140,99069340743313","0,0"
2030-03-14 17:00:00,"639,9128757677406","288,0","0,0"
2030-03-14 18:00:00,"279,91287576774056","288,0","0,0"
2030-03-14 19:00:00,"0,0","223,93030061419245","0,0"
2030-03-14 20:00:00,"0,0","0,0","0,0"
2030-03-14 21:00:00,"0,0","0,0","0,0"
2030-03-14 22:00:00,"0,0","0,0","0,0"
2030-03-14 23:00:00,"288,0","0,0","288,0"
2030-03-15 00:00:00,"576,0","0,0","288,0"
2030-03-15 01:00:00,"864,0","0,0","288,0"
2030-03-15 02:00:00,"1152,0","0,0","288,0"
2030-03-15 03:00:00,"1440,0","0,0","288,0"
2030-03-15 04:00:00,"1440,0","0,0","0,0"
2030-03-15 05:00:00,"1440,0","0,0","0,0"
2030-03-15 06:00:00,"1440,0","0,0","0,0"
2030-03-15 07:00:00,"1440,0","0,0","0,0"
2030-03-15 08:00:00,"1440,0","0,0","0,0"
2030-03-15 09:00:00,"1440,0","0,0","0,0"
2030-03-15 10:00:00,"1440,0","0,0","0,0"
2030-03-15 11:00:00,"1584,0","0,0","144,0"
2030-03-15 12:00:00,"1872,0","0,0","288,0"
2030-03-15 13:00:00,"2160,0","0,0","288,0"
2030-03-15 14:00:00,"2160,0","0,0","0,0"
2030-03-15 15:00:00,"2160,0","0,0","0,0"
2030-03-15 16:00:00,"1800,0","288,0","0,0"
2030-03-15 17:00:00,"1440,0","288,0","0,0"
2030-03-15 18:00:00,"1080,0","288,0","0,0"
2030-03-15 19:00:00,"720,0","288,0","0,0"
2030-03-15 20:00:00,"360,0","288,0","0,0"
2030-03-15 21:00:00,"0,0","288,0","0,0"
2030-03-15 22:00:00,"0,0","0,0","0,0"
2030-03-15 23:00:00,"0,0","0,0","0,0"
2030-03-16 00:00:00,"0,0","0,0","0,0"
2030-03-16 01:00:00,"0,0","0,0","0,0"
2030-03-16 02:00:00,"0,0","0,0","0,0"
2030-03-16 03:00:00,"0,0","0,0","0,0"
2030-03-16 04:00:00,"0,0","0,0","0,0"
2030-03-16 05:00:00,"0,0","0,0","0,0"
2030-03-16 06:00:00,"0,0","0,0","0,0"
2030-03-16 07:00:00,"0,0","0,0","0,0"
2030-03-16 08:00:00,"0,0","0,0","0,0"
2030-03-16 09:00:00,"0,0","0,0","0,0"
2030-03-16 10:00:00,"228,50676234645925","0,0","228,50676234645925"
2030-03-16 11:00:00,"516,5067623464593","0,0","288,0"
2030-03-16 12:00:00,"804,5067623464593","0,0","288,0"
2030-03-16 13:00:00,"1092,5067623464593","0,0","288,0"
2030-03-16 14:00:00,"1380,5067623464593","0,0","288,0"
2030-03-16 15:00:00,"1380,5067623464593","0,0","0,0"
2030-03-16 16:00:00,"1380,5067623464593","0,0","0,0"
2030-03-16 17:00:00,"1020,5067623464593","288,0","0,0"
2030-03-16 18:00:00,"660,5067623464593","288,0","0,0"
2030-03-16 19:00:00,"660,5067623464593","0,0","0,0"
2030-03-16 20:00:00,"660,5067623464593","0,0","0,0"
2030-03-16 21:00:00,"427,1079325384892","186,719063846376","0,0"
2030-03-16 22:00:00,"427,1079325384892","0,0","0,0"
2030-03-16 23:00:00,"427,1079325384892","0,0","0,0"
2030-03-17 00:00:00,"427,1079325384892","0,0","0,0"
2030-03-17 01:00:00,"308,89555896990515","94,56989885486723","0,0"
2030-03-17 02:00:00,"0,0","247,11644717592412","0,0"
2030-03-17 03:00:00,"0,0","0,0","0,0"
2030-03-17 04:00:00,"0,0","0,0","0,0"
2030-03-17 05:00:00,"0,0","0,0","0,0"
2030-03-17 06:00:00,"0,0","0,0","0,0"
2030-03-17 07:00:00,"0,0","0,0","0,0"
2030-03-17 08:00:00,"288,0","0,0","288,0"
2030-03-17 09:00:00,"576,0","0,0","288,0"
2030-03-17 10:00:00,"864,0","0,0","288,0"
2030-03-17 11:00:00,"1152,0","0,0","288,0"
2030-03-17 12:00:00,"1440,0","0,0","288,0"
2030-03-17 13:00:00,"1728,0","0,0","288,0"
2030-03-17 14:00:00,"2016,0","0,0","288,0"
2030-03-17 15:00:00,"2304,0","0,0","288,0"
2030-03-17 16:00:00,"2304,0","0,0","0,0"
2030-03-17 17:00:00,"2304,0","0,0","0,0"
2030-03-17 18:00:00,"2304,0","0,0","0,0"
2030-03-17 19:00:00,"2304,0","0,0","0,0"
2030-03-17 20:00:00,"2304,0","0,0","0,0"
2030-03-17 21:00:00,"2304,0","0,0","0,0"
2030-03-17 22:00:00,"2304,0","0,0","0,0"
2030-03-17 23:00:00,"1944,0","288,0","0,0"
2030-03-18 00:00:00,"1687,5728885582857","205,1416891533714","0,0"
2030-03-18 01:00:00,"1975,5728885582857","0,0","288,0"
2030-03-18 02:00:00,"1975,5728885582857","0,0","0,0"
2030-03-18 03:00:00,"1975,5728885582857","0,0","0,0"
2030-03-18 04:00:00,"1975,5728885582857","0,0","0,0"
2030-03-18 05:00:00,"1975,5728885582857","0,0","0,0"
2030-03-18 06:00:00,"1975,5728885582857","0,0","0,0"
2030-03-18 07:00:00,"1975,5728885582857","0,0","0,0"
2030-03-18 08:00:00,"1975,5728885582857","0,0","0,0"
2030-03-18 09:00:00,"2263,5728885582857","0,0","288,0"
2030-03-18 10:00:00,"2263,5728885582857","0,0","0,0"
2030-03-18 11:00:00,"2263,5728885582857","0,0","0,0"
2030-03-18 12:00:00,"2304,0","0,0","40,42711144171432"
2030-03-18 13:00:00,"2304,0","0,0","0,0"
2030-03-18 14:00:00,"2304,0","0,0","0,0"
2030-03-18 15:00:00,"2304,0","0,0","0,0"
2030-03-18 16:00:00,"2304,0","0,0","0,0"
2030-03-18 17:00:00,"1944,0","288,0","0,0"
2030-03-18 18:00:00,"1584,0","288,0","0,0"
2030-03-18 19:00:00,"1224,0","288,0","0,0"
2030-03-18 20:00:00,"864,0","288,0","0,0"
2030-03-18 21:00:00,"864,0","0,0","0,0"
2030-03-18 22:00:00,"864,0","0,0","0,0"
2030-03-18 23:00:00,"864,0","0,0","0,0"
2030-03-19 00:00:00,"864,0","0,0","0,0"
2030-03-19 01:00:00,"864,0","0,0","0,0"
2030-03-19 02:00:00,"864,0","0,0","0,0"
2030-03-19 03:00:00,"864,0","0,0","0,0"
2030-03-19 04:00:00,"864,0","0,0","0,0"
2030-03-19 05:00:00,"504,0","288,0","0,0"
2030-03-19 06:00:00,"144,0","288,0","0,0"
2030-03-19 07:00:00,"132,61707761506557","9,106337907947545","0,0"
2030-03-19 08:00:00,"132,61707761506557","0,0","0,0"
2030-03-19 09:00:00,"132,61707761506557","0,0","0,0"
2030-03-19 10:00:00,"132,61707761506557","0,0","0,0"
2030-03-19 11:00:00,"132,61707761506557","0,0","0,0"
2030-03-19 12:00:00,"132,61707761506557","0,0","0,0"
2030-03-19 13:00:00,"132,61707761506557","0,0","0,0"
2030-03-19 14:00:00,"132,61707761506557","0,0","0,0"
2030-03-19 15:00:00,"132,61707761506557","0,0","0,0"
2030-03-19 16:00:00,"132,61707761506557","0,0","0,0"
2030-03-19 17:00:00,"0,0","106,09366209205245","0,0"
2030-03-19 18:00:00,"0,0","0,0","0,0"
2030-03-19 19:00:00,"0,0","0,0","0,0"
2030-03-19 20:00:00,"0,0","0,0","0,0"
2030-03-19 21:00:00,"288,0","0,0","288,0"
2030-03-19 22:00:00,"371,51079220050644","0,0","83,51079220050644"
2030-03-19 23:00:00,"371,51079220050644","0,0","0,0"
2030-03-20 00:00:00,"141,80306457968894","183,766182096654","0,0"
2030-03-20 01:00:00,"429,8030645796889","0,0","288,0"
2030-03-20 02:00:00,"717,8030645796889","0,0","288,0"
2030-03-20 03:00:00,"1005,8030645796889","0,0","288,0"
2030-03-20 04:00:00,"1094,5758005784432","0,0","88,77273599875434"
2030-03-20 05:00:00,"734,5758005784432","288,0","0,0"
2030-03-20 06:00:00,"374,57580057844325","288,0","0,0"
2030-03-20 07:00:00,"662,5758005784432","0,0","288,0"
2030-03-20 08:00:00,"950,5758005784432","0,0","288,0"
2030-03-20 09:00:00,"1238,5758005784432","0,0","288,0"
2030-03-20 10:00:00,"1526,5758005784432","0,0","288,0"
2030-03-20 11:00:00,"1814,5758005784432","0,0","288,0"
2030-03-20 12:00:00,"2102,5758005784432","0,0","288,0"
2030-03-20 13:00:00,"2204,8839108152974","0,0","102,30811023685425"
2030-03-20 14:00:00,"2304,0","0,0","99,11608918470252"
2030-03-20 15:00:00,"2304,0","0,0","0,0"
2030-03-20 16:00:00,"1944,0","288,0","0,0"
2030-03-20 17:00:00,"1584,0","288,0","0,0"
2030-03-20 18:00:00,"1224,0","288,0","0,0"
2030-03-20 19:00:00,"864,0","288,0","0,0"
2030-03-20 20:00:00,"504,0","288,0","0,0"
2030-03-20 21:00:00,"144,0","288,0","0,0"
2030-03-20 22:00:00,"0,0","115,2","0,0"
2030-03-20 23:00:00,"0,0","0,0","0,0"
2030-03-21 00:00:00,"0,0","0,0","0,0"
2030-03-21 01:00:00,"0,0","0,0","0,0"
2030-03-21 02:00:00,"288,0","0,0","288,0"
2030-03-21 03:00:00,"288,0","0,0","0,0"
2030-03-21 04:00:00,"288,0","0,0","0,0"
2030-03-21 05:00:00,"121,58147004319903","133,13482396544077","0,0"
2030-03-21 06:00:00,"0,0","97,26517603455923","0,0"
2030-03-21 07:00:00,"0,0","0,0","0,0"
2030-03-21 08:00:00,"0,0","0,0","0,0"
2030-03-21 09:00:00,"0,0","0,0","0,0"
2030-03-21 10:00:00,"0,0","0,0","0,0"
2030-03-21 11:00:00,"0,0","0,0","0,0"
2030-03-21 12:00:00,"0,0","0,0","0,0"
2030-03-21 13:00:00,"0,0","0,0","0,0"
2030-03-21 14:00:00,"59,337312475299825","0,0","59,337312475299825"
2030-03-21 15:00:00,"59,337312475299825","0,0","0,0"
2030-03-21 16:00:00,"59,337312475299825","0,0","0,0"
2030-03-21 17:00:00,"59,337312475299825","0,0","0,0"
2030-03-21 18:00:00,"0,0","47,46984998023986","0,0"
2030-03-21 19:00:00,"0,0","0,0","0,0"
2030-03-21 20:00:00,"0,0","0,0","0,0"
2030-03-21 21:00:00,"0,0","0,0","0,0"
2030-03-21 22:00:00,"0,0","0,0","0,0"
2030-03-21 23:00:00,"0,0","0,0","0,0"
2030-03-22 00:00:00,"0,0","0,0","0,0"
2030-03-22 01:00:00,"0,0","0,0","0,0"
2030-03-22 02:00:00,"0,0","0,0","0,0"
2030-03-22 03:00:00,"0,0","0,0","0,0"
2030-03-22 04:00:00,"0,0","0,0","0,0"
2030-03-22 05:00:00,"0,0","0,0","0,0"
2030-03-22 06:00:00,"0,0","0,0","0,0"
2030-03-22 07:00:00,"0,0","0,0","0,0"
2030-03-22 08:00:00,"0,0","0,0","0,0"
2030-03-22 09:00:00,"288,0","0,0","288,0"
2030-03-22 10:00:00,"576,0","0,0","288,0"
2030-03-22 11:00:00,"864,0","0,0","288,0"
2030-03-22 12:00:00,"864,0","0,0","0,0"
2030-03-22 13:00:00,"864,0","0,0","0,0"
2030-03-22 14:00:00,"792,0","57,6","0,0"
2030-03-22 15:00:00,"1080,0","0,0","288,0"
2030-03-22 16:00:00,"1080,0","0,0","0,0"
2030-03-22 17:00:00,"720,0","288,0","0,0"
2030-03-22 18:00:00,"360,0","288,0","0,0"
2030-03-22 19:00:00,"0,0","288,0","0,0"
2030-03-22 20:00:00,"0,0","0,0","0,0"
2030-03-22 21:00:00,"0,0","0,0","0,0"
2030-03-22 22:00:00,"0,0","0,0","0,0"
2030-03-22 23:00:00,"288,0","0,0","288,0"
2030-03-23 00:00:00,"576,0","0,0","288,0"
2030-03-23 01:00:00,"864,0","0,0","288,0"
2030-03-23 02:00:00,"504,0","288,0","0,0"
2030-03-23 03:00:00,"144,0","288,0","0,0"
2030-03-23 04:00:00,"144,0","0,0","0,0"
2030-03-23 05:00:00,"432,0","0,0","288,0"
2030-03-23 06:00:00,"720,0","0,0","288,0"
2030-03-23 07:00:00,"360,0","288,0","0,0"
2030-03-23 08:00:00,"0,0","288,0","0,0"
2030-03-23 09:00:00,"0,0","0,0","0,0"
2030-03-23 10:00:00,"0,0","230,4","288,0"
2030-03-23 11:00:00,"288,0","0,0","288,0"
2030-03-23 12:00:00,"576,0","0,0","288,0"
2030-03-23 13:00:00,"864,0","0,0","288,0"
2030-03-23 14:00:00,"1152,0","0,0","288,0"
2030-03-23 15:00:00,"1440,0","0,0","288,0"
2030-03-23 16:00:00,"1728,0","0,0","288,0"
2030-03-23 17:00:00,"2016,0","0,0","288,0"
2030-03-23 18:00:00,"2304,0","0,0","288,0"
2030-03-23 19:00:00,"2226,594048891508","61,92476088679376","0,0"
2030-03-23 20:00:00,"2304,0","0,0","77,40595110849199"
2030-03-23 21:00:00,"2304,0","0,0","0,0"
2030-03-23 22:00:00,"2304,0","0,0","0,0"
2030-03-23 23:00:00,"2304,0","0,0","0,0"
2030-03-24 00:00:00,"2304,0","0,0","0,0"
2030-03-24 01:00:00,"2304,0","0,0","0,0"
2030-03-24 02:00:00,"1944,0","288,0","0,0"
2030-03-24 03:00:00,"1944,0","0,0","0,0"
2030-03-24 04:00:00,"1944,0","0,0","0,0"
2030-03-24 05:00:00,"1944,0","0,0","0,0"
2030-03-24 06:00:00,"1944,0","0,0","0,0"
2030-03-24 07:00:00,"1944,0","0,0","0,0"
2030-03-24 08:00:00,"1944,0","0,0","0,0"
2030-03-24 09:00:00,"1944,0","0,0","0,0"
2030-03-24 10:00:00,"1944,0","0,0","0,0"
2030-03-24 11:00:00,"1944,0","0,0","0,0"
2030-03-24 12:00:00,"1944,0","0,0","0,0"
2030-03-24 13:00:00,"1728,0","172,8","0,0"
2030-03-24 14:00:00,"2016,0","0,0","288,0"
2030-03-24 15:00:00,"2304,0","0,0","288,0"
2030-03-24 16:00:00,"2304,0","0,0","0,0"
2030-03-24 17:00:00,"2304,0","0,0","0,0"
2030-03-24 18:00:00,"2304,0","0,0","0,0"
2030-03-24 19:00:00,"1944,0","288,0","0,0"
2030-03-24 20:00:00,"1584,0","288,0","0,0"
2030-03-24 21:00:00,"1224,0","288,0","0,0"
2030-03-24 22:00:00,"864,0","288,0","0,0"
2030-03-24 23:00:00,"504,0","288,0","0,0"
2030-03-25 00:00:00,"144,0","288,0","0,0"
2030-03-25 01:00:00,"432,0","0,0","288,0"
2030-03-25 02:00:00,"720,0","0,0","288,0"
2030-03-25 03:00:00,"1008,0","0,0","288,0"
2030-03-25 04:00:00,"1296,0","0,0","288,0"
2030-03-25 05:00:00,"1142,4719156163128","122,8224675069498","0,0"
2030-03-25 06:00:00,"795,0462520206388","277,94053087653924","0,0"
2030-03-25 07:00:00,"921,8162448635292","0,0","126,76999284289042"
2030-03-25 08:00:00,"1152,0","0,0","230,18375513647084"
2030-03-25 09:00:00,"1440,0","0,0","288,0"
2030-03-25 10:00:00,"1728,0","0,0","288,0"
2030-03-25 11:00:00,"2016,0","0,0","288,0"
2030-03-25 12:00:00,"2304,0","0,0","288,0"
2030-03-25 13:00:00,"2304,0","0,0","0,0"
2030-03-25 14:00:00,"2304,0","0,0","0,0"
2030-03-25 15:00:00,"2304,0","0,0","0,0"
2030-03-25 16:00:00,"2304,0","0,0","0,0"
2030-03-25 17:00:00,"2304,0","0,0","0,0"
2030-03-25 18:00:00,"1944,0","288,0","0,0"
2030-03-25 19:00:00,"1584,0","288,0","0,0"
2030-03-25 20:00:00,"1224,0","288,0","0,0"
2030-03-25 21:00:00,"864,0","288,0","0,0"
2030-03-25 22:00:00,"504,0","288,0","0,0"
2030-03-25 23:00:00,"144,0","288,0","0,0"
2030-03-26 00:00:00,"144,0","0,0","0,0"
2030-03-26 01:00:00,"144,0","0,0","0,0"
2030-03-26 02:00:00,"144,0","0,0","0,0"
2030-03-26 03:00:00,"0,0","115,2","0,0"
2030-03-26 04:00:00,"0,0","0,0","0,0"
2030-03-26 05:00:00,"0,0","0,0","0,0"
2030-03-26 06:00:00,"0,0","0,0","0,0"
2030-03-26 07:00:00,"0,0","0,0","0,0"
2030-03-26 08:00:00,"0,0","0,0","0,0"
2030-03-26 09:00:00,"0,0","0,0","0,0"
2030-03-26 10:00:00,"288,0","0,0","288,0"
2030-03-26 11:00:00,"576,0","0,0","288,0"
2030-03-26 12:00:00,"864,0","0,0","288,0"
2030-03-26 13:00:00,"1152,0","0,0","288,0"
2030-03-26 14:00:00,"1440,0","0,0","288,0"
2030-03-26 15:00:00,"1728,0","0,0","288,0"
2030-03-26 16:00:00,"2016,0","0,0","288,0"
2030-03-26 17:00:00,"2016,0","0,0","0,0"
2030-03-26 18:00:00,"1656,0","288,0","0,0"
2030-03-26 19:00:00,"1296,0","288,0","0,0"
2030-03-26 20:00:00,"936,0","288,0","0,0"
2030-03-26 21:00:00,"1224,0","0,0","288,0"
2030-03-26 22:00:00,"1512,0","0,0","288,0"
2030-03-26 23:00:00,"1800,0","0,0","288,0"
2030-03-27 00:00:00,"2088,0","0,0","288,0"
2030-03-27 01:00:00,"2088,0","0,0","0,0"
2030-03-27 02:00:00,"2088,0","0,0","0,0"
2030-03-27 03:00:00,"2304,0","0,0","216,0"
2030-03-27 04:00:00,"2304,0","0,0","0,0"
2030-03-27 05:00:00,"1944,0","288,0","0,0"
2030-03-27 06:00:00,"1584,0","288,0","0,0"
2030-03-27 07:00:00,"1224,0","288,0","0,0"
2030-03-27 08:00:00,"1499,8657628241656","0,0","275,86576282416553"
2030-03-27 09:00:00,"1499,8657628241656","0,0","0,0"
2030-03-27 10:00:00,"1787,8657628241656","0,0","288,0"
2030-03-27 11:00:00,"2036,525247668956","0,0","248,6594848447903"
2030-03-27 12:00:00,"2304,0","0,0","267,4747523310441"
2030-03-27 13:00:00,"2304,0","0,0","0,0"
2030-03-27 14:00:00,"2304,0","0,0","0,0"
2030-03-27 15:00:00,"2304,0","0,0","0,0"
2030-03-27 16:00:00,"2304,0","0,0","0,0"
2030-03-27 17:00:00,"1944,0","288,0","0,0"
2030-03-27 18:00:00,"1728,871823048667","172,10254156106635","0,0"
2030-03-27 19:00:00,"1728,871823048667","0,0","0,0"
2030-03-27 20:00:00,"1728,871823048667","0,0","0,0"
2030-03-27 21:00:00,"1728,871823048667","0,0","0,0"
2030-03-27 22:00:00,"1728,871823048667","0,0","0,0"
2030-03-27 23:00:00,"1728,871823048667","0,0","0,0"
2030-03-28 00:00:00,"1728,871823048667","0,0","0,0"
2030-03-28 01:00:00,"2016,0","0,0","287,128176951333"
2030-03-28 02:00:00,"2304,0","0,0","288,0"
2030-03-28 03:00:00,"2304,0","0,0","0,0"
2030-03-28 04:00:00,"2304,0","0,0","0,0"
2030-03-28 05:00:00,"2304,0","0,0","0,0"
2030-03-28 06:00:00,"2304,0","0,0","0,0"
2030-03-28 07:00:00,"2304,0","0,0","0,0"
2030-03-28 08:00:00,"2304,0","0,0","0,0"
2030-03-28 09:00:00,"2304,0","0,0","0,0"
2030-03-28 10:00:00,"2304,0","0,0","0,0"
2030-03-28 11:00:00,"2304,0","0,0","0,0"
2030-03-28 12:00:00,"2304,0","0,0","0,0"
2030-03-28 13:00:00,"2304,0","0,0","0,0"
2030-03-28 14:00:00,"2304,0","0,0","0,0"
2030-03-28 15:00:00,"2304,0","0,0","0,0"
2030-03-28 16:00:00,"2304,0","0,0","0,0"
2030-03-28 17:00:00,"2304,0","0,0","0,0"
2030-03-28 18:00:00,"2304,0","0,0","0,0"
2030-03-28 19:00:00,"2304,0","0,0","0,0"
2030-03-28 20:00:00,"2304,0","0,0","0,0"
2030-03-28 21:00:00,"2304,0","0,0","0,0"
2030-03-28 22:00:00,"2304,0","0,0","0,0"
2030-03-28 23:00:00,"2304,0","0,0","0,0"
2030-03-29 00:00:00,"2304,0","0,0","0,0"
2030-03-29 01:00:00,"2304,0","0,0","0,0"
2030-03-29 02:00:00,"2304,0","0,0","0,0"
2030-03-29 03:00:00,"2304,0","0,0","0,0"
2030-03-29 04:00:00,"2304,0","0,0","0,0"
2030-03-29 05:00:00,"2304,0","0,0","0,0"
2030-03-29 06:00:00,"1944,0","288,0","0,0"
2030-03-29 07:00:00,"1584,0","288,0","0,0"
2030-03-29 08:00:00,"1584,0","0,0","0,0"
2030-03-29 09:00:00,"1584,0","0,0","0,0"
2030-03-29 10:00:00,"1584,0","0,0","0,0"
2030-03-29 11:00:00,"1584,0","0,0","0,0"
2030-03-29 12:00:00,"1584,0","0,0","0,0"
2030-03-29 13:00:00,"1584,0","0,0","0,0"
2030-03-29 14:00:00,"1800,0","0,0","216,0"
2030-03-29 15:00:00,"1800,0","0,0","0,0"
2030-03-29 16:00:00,"1440,0","288,0","0,0"
2030-03-29 17:00:00,"1080,0","288,0","0,0"
2030-03-29 18:00:00,"720,0","288,0","0,0"
2030-03-29 19:00:00,"360,0","288,0","0,0"
2030-03-29 20:00:00,"0,0","288,0","0,0"
2030-03-29 21:00:00,"0,0","0,0","0,0"
2030-03-29 22:00:00,"0,0","0,0","0,0"
2030-03-29 23:00:00,"0,0","0,0","0,0"
2030-03-30 00:00:00,"0,0","0,0","0,0"
2030-03-30 01:00:00,"0,0","0,0","0,0"
2030-03-30 02:00:00,"0,0","0,0","0,0"
2030-03-30 03:00:00,"0,0","0,0","0,0"
2030-03-30 04:00:00,"0,0","0,0","0,0"
2030-03-30 05:00:00,"0,0","0,0","0,0"
2030-03-30 06:00:00,"0,0","0,0","0,0"
2030-03-30 07:00:00,"0,0","0,0","0,0"
2030-03-30 08:00:00,"0,0","0,0","0,0"
2030-03-30 09:00:00,"288,0","0,0","288,0"
2030-03-30 10:00:00,"542,6133988332492","0,0","254,61339883324928"
2030-03-30 11:00:00,"830,6133988332492","0,0","288,0"
2030-03-30 12:00:00,"1118,6133988332492","0,0","288,0"
2030-03-30 13:00:00,"1406,6133988332492","0,0","288,0"
2030-03-30 14:00:00,"1694,6133988332492","0,0","288,0"
2030-03-30 15:00:00,"1982,6133988332492","0,0","288,0"
2030-03-30 16:00:00,"1982,6133988332492","0,0","0,0"
2030-03-30 17:00:00,"1622,6133988332492","288,0","0,0"
2030-03-30 18:00:00,"1262,6133988332492","288,0","0,0"
2030-03-30 19:00:00,"1262,6133988332492","0,0","0,0"
2030-03-30 20:00:00,"1262,6133988332492","0,0","0,0"
2030-03-30 21:00:00,"1262,6133988332492","0,0","0,0"
2030-03-30 22:00:00,"1262,6133988332492","0,0","0,0"
2030-03-30 23:00:00,"1262,6133988332492","0,0","0,0"
2030-03-31 00:00:00,"1262,6133988332492","0,0","0,0"
2030-03-31 01:00:00,"1262,6133988332492","0,0","0,0"
2030-03-31 02:00:00,"1262,6133988332492","0,0","0,0"
2030-03-31 03:00:00,"1262,6133988332492","0,0","0,0"
2030-03-31 04:00:00,"1262,6133988332492","0,0","0,0"
2030-03-31 05:00:00,"1262,6133988332492","0,0","0,0"
2030-03-31 06:00:00,"1262,6133988332492","0,0","0,0"
2030-03-31 07:00:00,"1262,6133988332492","0,0","0,0"
2030-03-31 08:00:00,"1262,6133988332492","0,0","0,0"
2030-03-31 09:00:00,"1550,6133988332492","0,0","288,0"
2030-03-31 10:00:00,"1550,6133988332492","0,0","0,0"
2030-03-31 11:00:00,"1550,6133988332492","0,0","0,0"
2030-03-31 12:00:00,"1550,6133988332492","0,0","0,0"
2030-03-31 13:00:00,"1838,6133988332492","0,0","288,0"
2030-03-31 14:00:00,"2016,0","0,0","177,38660116675078"
2030-03-31 15:00:00,"2304,0","0,0","288,0"
2030-03-31 16:00:00,"2304,0","0,0","0,0"
2030-03-31 17:00:00,"2304,0","0,0","0,0"
2030-03-31 18:00:00,"2304,0","0,0","0,0"
2030-03-31 19:00:00,"1954,886309108391","279,2909527132872","0,0"
2030-03-31 20:00:00,"1594,886309108391","288,0","0,0"
2030-03-31 21:00:00,"1594,886309108391","0,0","0,0"
2030-03-31 22:00:00,"1594,886309108391","0,0","0,0"
2030-03-31 23:00:00,"1594,886309108391","0,0","0,0"
2030-04-01 00:00:00,"1594,886309108391","0,0","0,0"
2030-04-01 01:00:00,"1594,886309108391","0,0","0,0"
2030-04-01 02:00:00,"1769,6457667521167","0,0","174,75945764372568"
2030-04-01 03:00:00,"1584,8824306202985","147,81066890545463","0,0"
2030-04-01 04:00:00,"1224,8824306202985","288,0","0,0"
2030-04-01 05:00:00,"864,8824306202985","288,0","0,0"
2030-04-01 06:00:00,"504,88243062029846","288,0","0,0"
2030-04-01 07:00:00,"144,88243062029846","288,0","0,0"
2030-04-01 08:00:00,"0,0","115,90594449623877","0,0"
2030-04-01 09:00:00,"288,0","0,0","288,0"
2030-04-01 10:00:00,"576,0","0,0","288,0"
2030-04-01 11:00:00,"864,0","0,0","288,0"
2030-04-01 12:00:00,"1152,0","0,0","288,0"
2030-04-01 13:00:00,"1440,0","0,0","288,0"
2030-04-01 14:00:00,"1728,0","0,0","288,0"
2030-04-01 15:00:00,"2016,0","0,0","288,0"
2030-04-01 16:00:00,"2243,6881321294377","0,0","227,6881321294377"
2030-04-01 17:00:00,"2243,6881321294377","0,0","0,0"
2030-04-01 18:00:00,"2243,6881321294377","0,0","0,0"
2030-04-01 19:00:00,"1883,6881321294377","288,0","0,0"
2030-04-01 20:00:00,"1523,6881321294377","288,0","0,0"
2030-04-01 21:00:00,"1163,6881321294377","288,0","0,0"
2030-04-01 22:00:00,"803,6881321294377","288,0","0,0"
2030-04-01 23:00:00,"443,6881321294377","288,0","0,0"
2030-04-02 00:00:00,"83,6881321294377","288,0","0,0"
2030-04-02 01:00:00,"0,0","66,95050570355016","0,0"
2030-04-02 02:00:00,"288,0","0,0","288,0"
2030-04-02 03:00:00,"288,0","0,0","0,0"
2030-04-02 04:00:00,"288,0","0,0","0,0"
2030-04-02 05:00:00,"288,0","0,0","0,0"
2030-04-02 06:00:00,"0,0","230,4","0,0"
2030-04-02 07:00:00,"0,0","0,0","0,0"
2030-04-02 08:00:00,"0,0","0,0","0,0"
2030-04-02 09:00:00,"288,0","0,0","288,0"
2030-04-02 10:00:00,"576,0","0,0","288,0"
2030-04-02 11:00:00,"864,0","0,0","288,0"
2030-04-02 12:00:00,"1152,0","0,0","288,0"
2030-04-02 13:00:00,"1440,0","0,0","288,0"
2030-04-02 14:00:00,"1728,0","0,0","288,0"
2030-04-02 15:00:00,"2016,0","0,0","288,0"
2030-04-02 16:00:00,"2016,0","0,0","0,0"
2030-04-02 17:00:00,"2016,0","0,0","0,0"
2030-04-02 18:00:00,"2016,0","0,0","0,0"
2030-04-02 19:00:00,"2016,0","0,0","0,0"
2030-04-02 20:00:00,"2016,0","0,0","0,0"
2030-04-02 21:00:00,"2304,0","0,0","288,0"
2030-04-02 22:00:00,"2304,0","0,0","0,0"
2030-04-02 23:00:00,"2304,0","0,0","0,0"
2030-04-03 00:00:00,"2304,0","0,0","0,0"
2030-04-03 01:00:00,"2304,0","0,0","0,0"
2030-04-03 02:00:00,"2304,0","0,0","0,0"
2030-04-03 03:00:00,"2297,5269928113626","5,17840575090986","0,0"
2030-04-03 04:00:00,"1937,5269928113626","288,0","0,0"
2030-04-03 05:00:00,"1577,5269928113626","288,0","0,0"
2030-04-03 06:00:00,"1217,5269928113626","288,0","0,0"
2030-04-03 07:00:00,"1217,5269928113626","0,0","0,0"
2030-04-03 08:00:00,"1217,5269928113626","0,0","0,0"
2030-04-03 09:00:00,"1217,5269928113626","0,0","0,0"
2030-04-03 10:00:00,"1440,0","0,0","222,47300718863744"
2030-04-03 11:00:00,"1728,0","0,0","288,0"
2030-04-03 12:00:00,"2016,0","0,0","288,0"
2030-04-03 13:00:00,"2304,0","0,0","288,0"
2030-04-03 14:00:00,"2304,0","0,0","0,0"
2030-04-03 15:00:00,"2304,0","0,0","0,0"
2030-04-03 16:00:00,"2304,0","0,0","0,0"
2030-04-03 17:00:00,"2212,376236372287","73,2990109021701","0,0"
2030-04-03 18:00:00,"1852,3762363722872","288,0","0,0"
2030-04-03 19:00:00,"1492,3762363722872","288,0","0,0"
2030-04-03 20:00:00,"1492,3762363722872","0,0","0,0"
2030-04-03 21:00:00,"1492,3762363722872","0,0","0,0"
2030-04-03 22:00:00,"1492,3762363722872","0,0","0,0"
2030-04-03 23:00:00,"1492,3762363722872","0,0","0,0"
2030-04-04 00:00:00,"1492,3762363722872","0,0","0,0"
2030-04-04 01:00:00,"1492,3762363722872","0,0","0,0"
2030-04-04 02:00:00,"1492,3762363722872","0,0","0,0"
2030-04-04 03:00:00,"1492,3762363722872","0,0","0,0"
2030-04-04 04:00:00,"1492,3762363722872","0,0","0,0"
2030-04-04 05:00:00,"1132,3762363722872","288,0","0,0"
2030-04-04 06:00:00,"772,3762363722872","288,0","0,0"
2030-04-04 07:00:00,"772,3762363722872","0,0","0,0"
2030-04-04 08:00:00,"772,3762363722872","0,0","0,0"
2030-04-04 09:00:00,"772,3762363722872","0,0","0,0"
2030-04-04 10:00:00,"804,5337011677659","0,0","32,157464795478745"
2030-04-04 11:00:00,"1092,533701167766","0,0","288,0"
2030-04-04 12:00:00,"1380,533701167766","0,0","288,0"
2030-04-04 13:00:00,"1615,1525608807506","0,0","234,61885971298466"
2030-04-04 14:00:00,"1615,1525608807506","0,0","0,0"
2030-04-04 15:00:00,"1615,1525608807506","0,0","0,0"
2030-04-04 16:00:00,"1615,1525608807506","0,0","0,0"
2030-04-04 17:00:00,"1255,1525608807506","288,0","0,0"
2030-04-04 18:00:00,"895,1525608807505","288,0","0,0"
2030-04-04 19:00:00,"895,1525608807505","0,0","0,0"
2030-04-04 20:00:00,"895,1525608807505","0,0","0,0"
2030-04-04 21:00:00,"895,1525608807505","0,0","0,0"
2030-04-04 22:00:00,"895,1525608807505","0,0","0,0"
2030-04-04 23:00:00,"895,1525608807505","0,0","0,0"
2030-04-05 00:00:00,"895,1525608807505","0,0","0,0"
2030-04-05 01:00:00,"895,1525608807505","0,0","0,0"
2030-04-05 02:00:00,"895,1525608807505","0,0","0,0"
2030-04-05 03:00:00,"895,1525608807505","0,0","0,0"
2030-04-05 04:00:00,"895,1525608807505","0,0","0,0"
2030-04-05 05:00:00,"768,1717476545114","101,58465058099125","0,0"
2030-04-05 06:00:00,"768,1717476545114","0,0","0,0"
2030-04-05 07:00:00,"768,1717476545114","0,0","0,0"
2030-04-05 08:00:00,"768,1717476545114","0,0","0,0"
2030-04-05 09:00:00,"768,1717476545114","0,0","0,0"
2030-04-05 10:00:00,"768,1717476545114","0,0","0,0"
2030-04-05 11:00:00,"929,2114190247521","0,0","161,03967137024068"
2030-04-05 12:00:00,"992,6060064914924","0,0","63,394587466740234"
2030-04-05 13:00:00,"1080,0","0,0","87,3939935085076"
2030-04-05 14:00:00,"1080,0","0,0","0,0"
2030-04-05 15:00:00,"1080,0","0,0","0,0"
2030-04-05 16:00:00,"1080,0","0,0","0,0"
2030-04-05 17:00:00,"720,0","288,0","0,0"
2030-04-05 18:00:00,"360,0","288,0","0,0"
2030-04-05 19:00:00,"0,0","288,0","0,0"
2030-04-05 20:00:00,"0,0","0,0","0,0"
2030-04-05 21:00:00,"0,0","0,0","0,0"
2030-04-05 22:00:00,"0,0","0,0","0,0"
2030-04-05 23:00:00,"0,0","0,0","0,0"
2030-04-06 00:00:00,"0,0","0,0","0,0"
2030-04-06 01:00:00,"0,0","0,0","0,0"
2030-04-06 02:00:00,"0,0","0,0","0,0"
2030-04-06 03:00:00,"0,0","0,0","0,0"
2030-04-06 04:00:00,"0,0","0,0","0,0"
2030-04-06 05:00:00,"0,0","0,0","0,0"
2030-04-06 06:00:00,"0,0","0,0","0,0"
2030-04-06 07:00:00,"0,0","0,0","0,0"
2030-04-06 08:00:00,"0,0","0,0","0,0"
2030-04-06 09:00:00,"0,0","0,0","0,0"
2030-04-06 10:00:00,"288,0","0,0","288,0"
2030-04-06 11:00:00,"576,0","0,0","288,0"
2030-04-06 12:00:00,"864,0","0,0","288,0"
2030-04-06 13:00:00,"1152,0","0,0","288,0"
2030-04-06 14:00:00,"1440,0","0,0","288,0"
2030-04-06 15:00:00,"1440,0","0,0","0,0"
2030-04-06 16:00:00,"1080,0","288,0","0,0"
2030-04-06 17:00:00,"720,0","288,0","0,0"
2030-04-06 18:00:00,"360,0","288,0","0,0"
2030-04-06 19:00:00,"0,0","288,0","0,0"
2030-04-06 20:00:00,"0,0","0,0","0,0"
2030-04-06 21:00:00,"0,0","0,0","0,0"
2030-04-06 22:00:00,"0,0","0,0","0,0"
2030-04-06 23:00:00,"0,0","0,0","0,0"
2030-04-07 00:00:00,"0,0","0,0","0,0"
2030-04-07 01:00:00,"0,0","0,0","0,0"
2030-04-07 02:00:00,"0,0","0,0","0,0"
2030-04-07 03:00:00,"0,0","0,0","0,0"
2030-04-07 04:00:00,"0,0","0,0","0,0"
2030-04-07 05:00:00,"0,0","0,0","0,0"
2030-04-07 06:00:00,"0,0","0,0","0,0"
2030-04-07 07:00:00,"288,0","0,0","288,0"
2030-04-07 08:00:00,"288,0","0,0","0,0"
2030-04-07 09:00:00,"576,0","0,0","288,0"
2030-04-07 10:00:00,"864,0","0,0","288,0"
2030-04-07 11:00:00,"1152,0","0,0","288,0"
2030-04-07 12:00:00,"1440,0","0,0","288,0"
2030-04-07 13:00:00,"1728,0","0,0","288,0"
2030-04-07 14:00:00,"2016,0","0,0","288,0"
2030-04-07 15:00:00,"2304,0","0,0","288,0"
2030-04-07 16:00:00,"2304,0","0,0","0,0"
2030-04-07 17:00:00,"1944,0","288,0","0,0"
2030-04-07 18:00:00,"1584,0","288,0","0,0"
2030-04-07 19:00:00,"1224,0","288,0","0,0"
2030-04-07 20:00:00,"864,0","288,0","0,0"
2030-04-07 21:00:00,"722,4393853314423","113,24849173484617","0,0"
2030-04-07 22:00:00,"722,4393853314423","0,0","0,0"
2030-04-07 23:00:00,"1010,4393853314423","0,0","288,0"
2030-04-08 00:00:00,"1298,4393853314423","0,0","288,0"
2030-04-08 01:00:00,"1298,4393853314423","0,0","0,0"
2030-04-08 02:00:00,"1133,1761679297686","132,210573921339","0,0"
2030-04-08 03:00:00,"1080,0","42,54093434381491","0,0"
2030-04-08 04:00:00,"720,0","288,0","0,0"
2030-04-08 05:00:00,"360,0","288,0","0,0"
2030-04-08 06:00:00,"0,0","288,0","0,0"
2030-04-08 07:00:00,"0,0","0,0","0,0"
2030-04-08 08:00:00,"288,0","0,0","288,0"
2030-04-08 09:00:00,"576,0","0,0","288,0"
2030-04-08 10:00:00,"864,0","0,0","288,0"
2030-04-08 11:00:00,"1152,0","0,0","288,0"
2030-04-08 12:00:00,"1440,0","0,0","288,0"
2030-04-08 13:00:00,"1728,0","0,0","288,0"
2030-04-08 14:00:00,"2016,0","0,0","288,0"
2030-04-08 15:00:00,"2304,0","0,0","288,0"
2030-04-08 16:00:00,"2304,0","0,0","0,0"
2030-04-08 17:00:00,"2304,0","0,0","0,0"
2030-04-08 18:00:00,"1944,0","288,0","0,0"
2030-04-08 19:00:00,"1584,0","288,0","0,0"
2030-04-08 20:00:00,"1224,0","288,0","0,0"
2030-04-08 21:00:00,"1224,0","0,0","0,0"
2030-04-08 22:00:00,"1224,0","0,0","0,0"
2030-04-08 23:00:00,"1224,0","0,0","0,0"
2030-04-09 00:00:00,"1224,0","0,0","0,0"
2030-04-09 01:00:00,"1224,0","0,0","0,0"
2030-04-09 02:00:00,"1224,0","0,0","0,0"
2030-04-09 03:00:00,"1080,0","115,2","0,0"
2030-04-09 04:00:00,"720,0","288,0","0,0"
2030-04-09 05:00:00,"360,0","288,0","0,0"
2030-04-09 06:00:00,"0,0","288,0","0,0"
2030-04-09 07:00:00,"0,0","0,0","0,0"
2030-04-09 08:00:00,"288,0","0,0","288,0"
2030-04-09 09:00:00,"576,0","0,0","288,0"
2030-04-09 10:00:00,"864,0","0,0","288,0"
2030-04-09 11:00:00,"1152,0","0,0","288,0"
2030-04-09 12:00:00,"1440,0","0,0","288,0"
2030-04-09 13:00:00,"1728,0","0,0","288,0"
2030-04-09 14:00:00,"2016,0","0,0","288,0"
2030-04-09 15:00:00,"2304,0","0,0","288,0"
2030-04-09 16:00:00,"2304,0","0,0","0,0"
2030-04-09 17:00:00,"1944,0","288,0","0,0"
2030-04-09 18:00:00,"1584,0","288,0","0,0"
2030-04-09 19:00:00,"1224,0","288,0","0,0"
2030-04-09 20:00:00,"1224,0","0,0","0,0"
2030-04-09 21:00:00,"1004,7637458603003","175,38900331175972","0,0"
2030-04-09 22:00:00,"1004,7637458603003","0,0","0,0"
2030-04-09 23:00:00,"1004,7637458603003","0,0","0,0"
2030-04-10 00:00:00,"1004,7637458603003","0,0","0,0"
2030-04-10 01:00:00,"1004,7637458603003","0,0","0,0"
2030-04-10 02:00:00,"1004,7637458603003","0,0","0,0"
2030-04-10 03:00:00,"1004,7637458603003","0,0","0,0"
2030-04-10 04:00:00,"644,7637458603003","288,0","0,0"
2030-04-10 05:00:00,"284,76374586030033","288,0","0,0"
2030-04-10 06:00:00,"284,76374586030033","0,0","0,0"
2030-04-10 07:00:00,"0,0","227,81099668824027","0,0"
2030-04-10 08:00:00,"288,0","0,0","288,0"
2030-04-10 09:00:00,"576,0","0,0","288,0"
2030-04-10 10:00:00,"864,0","0,0","288,0"
2030-04-10 11:00:00,"1152,0","0,0","288,0"
2030-04-10 12:00:00,"1440,0","0,0","288,0"
2030-04-10 13:00:00,"1728,0","0,0","288,0"
2030-04-10 14:00:00,"2016,0","0,0","288,0"
2030-04-10 15:00:00,"2304,0","0,0","288,0"
2030-04-10 16:00:00,"2304,0","0,0","0,0"
2030-04-10 17:00:00,"2016,0","230,4","0,0"
2030-04-10 18:00:00,"2016,0","0,0","0,0"
2030-04-10 19:00:00,"2016,0","0,0","0,0"
2030-04-10 20:00:00,"2016,0","0,0","0,0"
2030-04-10 21:00:00,"2016,0","0,0","0,0"
2030-04-10 22:00:00,"2304,0","0,0","288,0"
2030-04-10 23:00:00,"2304,0","0,0","0,0"
2030-04-11 00:00:00,"2304,0","0,0","0,0"
2030-04-11 01:00:00,"1999,6515246868103","243,47878025055178","0,0"
2030-04-11 02:00:00,"1639,6515246868103","288,0","0,0"
2030-04-11 03:00:00,"1556,6283273163456","66,41855789637174","0,0"
2030-04-11 04:00:00,"1196,6283273163456","288,0","0,0"
2030-04-11 05:00:00,"836,6283273163456","288,0","0,0"
2030-04-11 06:00:00,"836,6283273163456","0,0","0,0"
2030-04-11 07:00:00,"836,6283273163456","0,0","0,0"
2030-04-11 08:00:00,"836,6283273163456","0,0","0,0"
2030-04-11 09:00:00,"1124,6283273163456","0,0","288,0"
2030-04-11 10:00:00,"1412,6283273163456","0,0","288,0"
2030-04-11 11:00:00,"1700,6283273163456","0,0","288,0"
2030-04-11 12:00:00,"1988,6283273163456","0,0","288,0"
2030-04-11 13:00:00,"2276,6283273163453","0,0","288,0"
2030-04-11 14:00:00,"2304,0","0,0","27,37167268365465"
2030-04-11 15:00:00,"2304,0","0,0","0,0"
2030-04-11 16:00:00,"1944,0","288,0","0,0"
2030-04-11 17:00:00,"1584,0","288,0","0,0"
2030-04-11 18:00:00,"1224,0","288,0","0,0"
2030-04-11 19:00:00,"864,0","288,0","0,0"
2030-04-11 20:00:00,"864,0","0,0","0,0"
2030-04-11 21:00:00,"864,0","0,0","0,0"
2030-04-11 22:00:00,"864,0","0,0","0,0"
2030-04-11 23:00:00,"864,0","0,0","0,0"
2030-04-12 00:00:00,"864,0","0,0","0,0"
2030-04-12 01:00:00,"864,0","0,0","0,0"
2030-04-12 02:00:00,"720,0","115,2","0,0"
2030-04-12 03:00:00,"720,0","0,0","0,0"
2030-04-12 04:00:00,"360,0","288,0","0,0"
2030-04-12 05:00:00,"0,0","288,0","0,0"
2030-04-12 06:00:00,"0,0","0,0","0,0"
2030-04-12 07:00:00,"0,0","0,0","0,0"
2030-04-12 08:00:00,"288,0","0,0","288,0"
2030-04-12 09:00:00,"576,0","0,0","288,0"
2030-04-12 10:00:00,"864,0","0,0","288,0"
2030-04-12 11:00:00,"1152,0","0,0","288,0"
2030-04-12 12:00:00,"1440,0","0,0","288,0"
2030-04-12 13:00:00,"1728,0","0,0","288,0"
2030-04-12 14:00:00,"2016,0","0,0","288,0"
2030-04-12 15:00:00,"2304,0","0,0","288,0"
2030-04-12 16:00:00,"2304,0","0,0","0,0"
2030-04-12 17:00:00,"2304,0","0,0","0,0"
2030-04-12 18:00:00,"2304,0","0,0","0,0"
2030-04-12 19:00:00,"1944,0","288,0","0,0"
2030-04-12 20:00:00,"1584,0","288,0","0,0"
2030-04-12 21:00:00,"1224,0","288,0","0,0"
2030-04-12 22:00:00,"1224,0","0,0","0,0"
2030-04-12 23:00:00,"1224,0","0,0","0,0"
2030-04-13 00:00:00,"1224,0","0,0","0,0"
2030-04-13 01:00:00,"1224,0","0,0","0,0"
2030-04-13 02:00:00,"1224,0","0,0","0,0"
2030-04-13 03:00:00,"1080,0","115,2","0,0"
2030-04-13 04:00:00,"720,0","288,0","0,0"
2030-04-13 05:00:00,"360,0","288,0","0,0"
2030-04-13 06:00:00,"0,0","288,0","0,0"
2030-04-13 07:00:00,"0,0","0,0","0,0"
2030-04-13 08:00:00,"0,0","0,0","0,0"
2030-04-13 09:00:00,"288,0","0,0","288,0"
2030-04-13 10:00:00,"576,0","0,0","288,0"
2030-04-13 11:00:00,"864,0","0,0","288,0"
2030-04-13 12:00:00,"1152,0","0,0","288,0"
2030-04-13 13:00:00,"1440,0","0,0","288,0"
2030-04-13 14:00:00,"1728,0","0,0","288,0"
2030-04-13 15:00:00,"1800,0","0,0","72,0"
2030-04-13 16:00:00,"1440,0","288,0","0,0"
2030-04-13 17:00:00,"1080,0","288,0","0,0"
2030-04-13 18:00:00,"720,0","288,0","0,0"
2030-04-13 19:00:00,"360,0","288,0","0,0"
2030-04-13 20:00:00,"0,0","288,0","0,0"
2030-04-13 21:00:00,"0,0","0,0","0,0"
2030-04-13 22:00:00,"0,0","0,0","0,0"
2030-04-13 23:00:00,"0,0","0,0","0,0"
2030-04-14 00:00:00,"0,0","0,0","0,0"
2030-04-14 01:00:00,"0,0","0,0","0,0"
2030-04-14 02:00:00,"0,0","0,0","0,0"
2030-04-14 03:00:00,"0,0","0,0","0,0"
2030-04-14 04:00:00,"0,0","0,0","0,0"
2030-04-14 05:00:00,"0,0","0,0","0,0"
2030-04-14 06:00:00,"0,0","0,0","0,0"
2030-04-14 07:00:00,"0,0","0,0","0,0"
2030-04-14 08:00:00,"288,0","0,0","288,0"
2030-04-14 09:00:00,"576,0","0,0","288,0"
2030-04-14 10:00:00,"864,0","0,0","288,0"
2030-04-14 11:00:00,"1152,0","0,0","288,0"
2030-04-14 12:00:00,"1440,0","0,0","288,0"
2030-04-14 13:00:00,"1728,0","0,0","288,0"
2030-04-14 14:00:00,"2016,0","0,0","288,0"
2030-04-14 15:00:00,"2304,0","0,0","288,0"
2030-04-14 16:00:00,"2304,0","0,0","0,0"
2030-04-14 17:00:00,"1944,0","288,0","0,0"
2030-04-14 18:00:00,"1584,0","288,0","0,0"
2030-04-14 19:00:00,"1224,0","288,0","0,0"
2030-04-14 20:00:00,"1224,0","0,0","0,0"
2030-04-14 21:00:00,"1224,0","0,0","0,0"
2030-04-14 22:00:00,"1224,0","0,0","0,0"
2030-04-14 23:00:00,"1224,0","0,0","0,0"
2030-04-15 00:00:00,"1224,0","0,0","0,0"
2030-04-15 01:00:00,"1224,0","0,0","0,0"
2030-04-15 02:00:00,"1224,0","0,0","0,0"
2030-04-15 03:00:00,"1224,0","0,0","0,0"
2030-04-15 04:00:00,"864,0","288,0","0,0"
2030-04-15 05:00:00,"504,0","288,0","0,0"
2030-04-15 06:00:00,"144,0","288,0","0,0"
2030-04-15 07:00:00,"0,0","115,2","0,0"
2030-04-15 08:00:00,"0,0","0,0","0,0"
2030-04-15 09:00:00,"288,0","0,0","288,0"
2030-04-15 10:00:00,"576,0","0,0","288,0"
2030-04-15 11:00:00,"864,0","0,0","288,0"
2030-04-15 12:00:00,"1152,0","0,0","288,0"
2030-04-15 13:00:00,"1440,0","0,0","288,0"
2030-04-15 14:00:00,"1728,0","0,0","288,0"
2030-04-15 15:00:00,"2016,0","0,0","288,0"
2030-04-15 16:00:00,"2016,0","0,0","0,0"
2030-04-15 17:00:00,"1656,0","288,0","0,0"
2030-04-15 18:00:00,"1575,2766830648945","64,57865354808436","0,0"
2030-04-15 19:00:00,"1863,2766830648945","0,0","288,0"
2030-04-15 20:00:00,"1863,2766830648945","0,0","0,0"
2030-04-15 21:00:00,"2113,270623566631","0,0","249,9939405017364"
2030-04-15 22:00:00,"2255,1574362414417","0,0","141,8868126748107"
2030-04-15 23:00:00,"2304,0","0,0","48,842563758558185"
2030-04-16 00:00:00,"2304,0","0,0","0,0"
2030-04-16 01:00:00,"2304,0","0,0","0,0"
2030-04-16 02:00:00,"2304,0","0,0","0,0"
2030-04-16 03:00:00,"1944,0","288,0","0,0"
2030-04-16 04:00:00,"1726,6008537477205","173,91931700182352","0,0"
2030-04-16 05:00:00,"1440,0","229,28068299817642","0,0"
2030-04-16 06:00:00,"1440,0","0,0","0,0"
2030-04-16 07:00:00,"1440,0","0,0","0,0"
2030-04-16 08:00:00,"1440,0","0,0","0,0"
2030-04-16 09:00:00,"1728,0","0,0","288,0"
2030-04-16 10:00:00,"1728,0","0,0","0,0"
2030-04-16 11:00:00,"2016,0","0,0","288,0"
2030-04-16 12:00:00,"2016,0","0,0","0,0"
2030-04-16 13:00:00,"2304,0","0,0","288,0"
2030-04-16 14:00:00,"2304,0","0,0","0,0"
2030-04-16 15:00:00,"2304,0","0,0","0,0"
2030-04-16 16:00:00,"2304,0","0,0","0,0"
2030-04-16 17:00:00,"2304,0","0,0","0,0"
2030-04-16 18:00:00,"2304,0","0,0","0,0"
2030-04-16 19:00:00,"2304,0","0,0","0,0"
2030-04-16 20:00:00,"2304,0","0,0","0,0"
2030-04-16 21:00:00,"2304,0","0,0","0,0"
2030-04-16 22:00:00,"2304,0","0,0","0,0"
2030-04-16 23:00:00,"2304,0","0,0","0,0"
2030-04-17 00:00:00,"2304,0","0,0","0,0"
2030-04-17 01:00:00,"2304,0","0,0","0,0"
2030-04-17 02:00:00,"2304,0","0,0","0,0"
2030-04-17 03:00:00,"2304,0","0,0","0,0"
2030-04-17 04:00:00,"2304,0","0,0","0,0"
2030-04-17 05:00:00,"1944,0","288,0","0,0"
2030-04-17 06:00:00,"1728,0","172,8","0,0"
2030-04-17 07:00:00,"1728,0","0,0","0,0"
2030-04-17 08:00:00,"1728,0","0,0","0,0"
2030-04-17 09:00:00,"1728,0","0,0","0,0"
2030-04-17 10:00:00,"2016,0","0,0","288,0"
2030-04-17 11:00:00,"2304,0","0,0","288,0"
2030-04-17 12:00:00,"2304,0","0,0","0,0"
2030-04-17 13:00:00,"2304,0","0,0","0,0"
2030-04-17 14:00:00,"2304,0","0,0","0,0"
2030-04-17 15:00:00,"2304,0","0,0","0,0"
2030-04-17 16:00:00,"2304,0","0,0","0,0"
2030-04-17 17:00:00,"2304,0","0,0","0,0"
2030-04-17 18:00:00,"2304,0","0,0","0,0"
2030-04-17 19:00:00,"2304,0","0,0","0,0"
2030-04-17 20:00:00,"2304,0","0,0","0,0"
2030-04-17 21:00:00,"2304,0","0,0","0,0"
2030-04-17 22:00:00,"2304,0","0,0","0,0"
2030-04-17 23:00:00,"2304,0","0,0","0,0"
2030-04-18 00:00:00,"2304,0","0,0","0,0"
2030-04-18 01:00:00,"2304,0","0,0","0,0"
2030-04-18 02:00:00,"2304,0","0,0","0,0"
2030-04-18 03:00:00,"2304,0","0,0","0,0"
2030-04-18 04:00:00,"1944,0","288,0","0,0"
2030-04-18 05:00:00,"1584,0","288,0","0,0"
2030-04-18 06:00:00,"1224,0","288,0","0,0"
2030-04-18 07:00:00,"1224,0","0,0","0,0"
2030-04-18 08:00:00,"1224,0","0,0","0,0"
2030-04-18 09:00:00,"1224,0","0,0","0,0"
2030-04-18 10:00:00,"1224,0","0,0","0,0"
2030-04-18 11:00:00,"1224,0","0,0","0,0"
2030-04-18 12:00:00,"1316,371491362394","0,0","92,37149136239395"
2030-04-18 13:00:00,"1322,9332044350376","0,0","6,561713072643613"
2030-04-18 14:00:00,"1322,9332044350376","0,0","0,0"
2030-04-18 15:00:00,"1322,9332044350376","0,0","0,0"
2030-04-18 16:00:00,"1322,9332044350376","0,0","0,0"
2030-04-18 17:00:00,"962,9332044350376","288,0","0,0"
2030-04-18 18:00:00,"602,9332044350376","288,0","0,0"
2030-04-18 19:00:00,"242,93320443503762","288,0","0,0"
2030-04-18 20:00:00,"0,0","194,3465635480301","0,0"
2030-04-18 21:00:00,"0,0","0,0","0,0"
2030-04-18 22:00:00,"0,0","0,0","0,0"
2030-04-18 23:00:00,"0,0","0,0","0,0"
2030-04-19 00:00:00,"0,0","0,0","0,0"
2030-04-19 01:00:00,"0,0","0,0","0,0"
2030-04-19 02:00:00,"0,0","0,0","0,0"
2030-04-19 03:00:00,"0,0","0,0","0,0"
2030-04-19 04:00:00,"0,0","0,0","0,0"
2030-04-19 05:00:00,"0,0","0,0","0,0"
2030-04-19 06:00:00,"0,0","0,0","0,0"
2030-04-19 07:00:00,"0,0","0,0","0,0"
2030-04-19 08:00:00,"52,288560900669","0,0","52,288560900669"
2030-04-19 09:00:00,"340,288560900669","0,0","288,0"
2030-04-19 10:00:00,"567,5584092298509","0,0","227,26984832918188"
2030-04-19 11:00:00,"855,5584092298509","0,0","288,0"
2030-04-19 12:00:00,"1143,558409229851","0,0","288,0"
2030-04-19 13:00:00,"1431,558409229851","0,0","288,0"
2030-04-19 14:00:00,"1719,558409229851","0,0","288,0"
2030-04-19 15:00:00,"2007,558409229851","0,0","288,0"
2030-04-19 16:00:00,"2295,558409229851","0,0","288,0"
2030-04-19 17:00:00,"2304,0","0,0","8,441590770149105"
2030-04-19 18:00:00,"1944,0","288,0","0,0"
2030-04-19 19:00:00,"1584,0","288,0","0,0"
2030-04-19 20:00:00,"1224,0","288,0","0,0"
2030-04-19 21:00:00,"1080,0","115,2","0,0"
2030-04-19 22:00:00,"1080,0","0,0","0,0"
2030-04-19 23:00:00,"1080,0","0,0","0,0"
2030-04-20 00:00:00,"1080,0","0,0","0,0"
2030-04-20 01:00:00,"1080,0","0,0","0,0"
2030-04-20 02:00:00,"1080,0","0,0","0,0"
2030-04-20 03:00:00,"720,0","288,0","0,0"
2030-04-20 04:00:00,"360,0","288,0","0,0"
2030-04-20 05:00:00,"0,0","288,0","0,0"
2030-04-20 06:00:00,"0,0","0,0","0,0"
2030-04-20 07:00:00,"0,0","0,0","0,0"
2030-04-20 08:00:00,"0,0","0,0","0,0"
2030-04-20 09:00:00,"0,0","0,0","0,0"
2030-04-20 10:00:00,"288,0","0,0","288,0"
2030-04-20 11:00:00,"576,0","0,0","288,0"
2030-04-20 12:00:00,"864,0","0,0","288,0"
2030-04-20 13:00:00,"1152,0","0,0","288,0"
2030-04-20 14:00:00,"1440,0","0,0","288,0"
2030-04-20 15:00:00,"1728,0","0,0","288,0"
2030-04-20 16:00:00,"1484,9981201272587","194,40150389819297","0,0"
2030-04-20 17:00:00,"1124,9981201272587","288,0","0,0"
2030-04-20 18:00:00,"764,9981201272587","288,0","0,0"
2030-04-20 19:00:00,"404,99812012725874","288,0","0,0"
2030-04-20 20:00:00,"44,998120127258744","288,0","0,0"
2030-04-20 21:00:00,"0,0","35,99849610180699","0,0"
2030-04-20 22:00:00,"0,0","0,0","0,0"
2030-04-20 23:00:00,"0,0","0,0","0,0"
2030-04-21 00:00:00,"0,0","0,0","0,0"
2030-04-21 01:00:00,"0,0","0,0","0,0"
2030-04-21 02:00:00,"0,0","0,0","0,0"
2030-04-21 03:00:00,"0,0","0,0","0,0"
2030-04-21 04:00:00,"0,0","0,0","0,0"
2030-04-21 05:00:00,"0,0","0,0","0,0"
2030-04-21 06:00:00,"0,0","0,0","0,0"
2030-04-21 07:00:00,"0,0","0,0","0,0"
2030-04-21 08:00:00,"288,0","0,0","288,0"
2030-04-21 09:00:00,"576,0","0,0","288,0"
2030-04-21 10:00:00,"864,0","0,0","288,0"
2030-04-21 11:00:00,"1152,0","0,0","288,0"
2030-04-21 12:00:00,"1440,0","0,0","288,0"
2030-04-21 13:00:00,"1728,0","0,0","288,0"
2030-04-21 14:00:00,"2016,0","0,0","288,0"
2030-04-21 15:00:00,"2304,0","0,0","288,0"
2030-04-21 16:00:00,"2304,0","0,0","0,0"
2030-04-21 17:00:00,"2304,0","0,0","0,0"
2030-04-21 18:00:00,"2304,0","0,0","0,0"
2030-04-21 19:00:00,"2304,0","0,0","0,0"
2030-04-21 20:00:00,"2304,0","0,0","0,0"
2030-04-21 21:00:00,"2304,0","0,0","0,0"
2030-04-21 22:00:00,"1999,238776078671","243,80897913706326","0,0"
2030-04-21 23:00:00,"1661,2718518078345","270,37353941666913","0,0"
2030-04-22 00:00:00,"1301,2718518078345","288,0","0,0"
2030-04-22 01:00:00,"941,2718518078345","288,0","0,0"
2030-04-22 02:00:00,"941,2718518078345","0,0","0,0"
2030-04-22 03:00:00,"941,2718518078345","0,0","0,0"
2030-04-22 04:00:00,"720,0","177,01748144626762","0,0"
2030-04-22 05:00:00,"360,0","288,0","0,0"
2030-04-22 06:00:00,"0,0","288,0","0,0"
2030-04-22 07:00:00,"288,0","0,0","288,0"
2030-04-22 08:00:00,"576,0","0,0","288,0"
2030-04-22 09:00:00,"864,0","0,0","288,0"
2030-04-22 10:00:00,"1152,0","0,0","288,0"
2030-04-22 11:00:00,"1440,0","0,0","288,0"
2030-04-22 12:00:00,"1728,0","0,0","288,0"
2030-04-22 13:00:00,"2016,0","0,0","288,0"
2030-04-22 14:00:00,"2304,0","0,0","288,0"
2030-04-22 15:00:00,"2304,0","0,0","0,0"
2030-04-22 16:00:00,"2304,0","0,0","0,0"
2030-04-22 17:00:00,"2304,0","0,0","0,0"
2030-04-22 18:00:00,"1944,0","288,0","0,0"
2030-04-22 19:00:00,"1584,0","288,0","0,0"
2030-04-22 20:00:00,"1224,0","288,0","0,0"
2030-04-22 21:00:00,"1224,0","0,0","0,0"
2030-04-22 22:00:00,"1224,0","0,0","0,0"
2030-04-22 23:00:00,"1224,0","0,0","0,0"
2030-04-23 00:00:00,"1224,0","0,0","0,0"
2030-04-23 01:00:00,"1224,0","0,0","0,0"
2030-04-23 02:00:00,"1080,0","115,2","0,0"
2030-04-23 03:00:00,"720,0","288,0","0,0"
2030-04-23 04:00:00,"360,0","288,0","0,0"
2030-04-23 05:00:00,"0,0","288,0","0,0"
2030-04-23 06:00:00,"0,0","0,0","0,0"
2030-04-23 07:00:00,"0,0","0,0","0,0"
2030-04-23 08:00:00,"0,0","0,0","0,0"
2030-04-23 09:00:00,"0,0","0,0","0,0"
2030-04-23 10:00:00,"288,0","0,0","288,0"
2030-04-23 11:00:00,"576,0","0,0","288,0"
2030-04-23 12:00:00,"864,0","0,0","288,0"
2030-04-23 13:00:00,"1152,0","0,0","288,0"
2030-04-23 14:00:00,"1440,0","0,0","288,0"
2030-04-23 15:00:00,"1440,0","0,0","0,0"
2030-04-23 16:00:00,"1440,0","0,0","0,0"
2030-04-23 17:00:00,"1080,0","288,0","0,0"
2030-04-23 18:00:00,"720,0","288,0","0,0"
2030-04-23 19:00:00,"360,0","288,0","0,0"
2030-04-23 20:00:00,"0,0","288,0","0,0"
2030-04-23 21:00:00,"0,0","0,0","0,0"
2030-04-23 22:00:00,"0,0","0,0","0,0"
2030-04-23 23:00:00,"0,0","0,0","0,0"
2030-04-24 00:00:00,"95,6536471296888","0,0","95,6536471296888"
2030-04-24 01:00:00,"360,0","0,0","264,3463528703112"
2030-04-24 02:00:00,"360,0","0,0","0,0"
2030-04-24 03:00:00,"360,0","0,0","0,0"
2030-04-24 04:00:00,"360,0","0,0","0,0"
2030-04-24 05:00:00,"0,0","288,0","0,0"
2030-04-24 06:00:00,"0,0","0,0","0,0"
2030-04-24 07:00:00,"0,0","0,0","0,0"
2030-04-24 08:00:00,"0,0","0,0","0,0"
2030-04-24 09:00:00,"288,0","0,0","288,0"
2030-04-24 10:00:00,"576,0","0,0","288,0"
2030-04-24 11:00:00,"864,0","0,0","288,0"
2030-04-24 12:00:00,"1152,0","0,0","288,0"
2030-04-24 13:00:00,"1440,0","0,0","288,0"
2030-04-24 14:00:00,"1728,0","0,0","288,0"
2030-04-24 15:00:00,"2016,0","0,0","288,0"
2030-04-24 16:00:00,"2016,0","0,0","0,0"
2030-04-24 17:00:00,"2016,0","0,0","0,0"
2030-04-24 18:00:00,"2016,0","0,0","0,0"
2030-04-24 19:00:00,"1656,0","288,0","0,0"
2030-04-24 20:00:00,"1296,0","288,0","0,0"
2030-04-24 21:00:00,"936,0","288,0","0,0"
2030-04-24 22:00:00,"846,2882819955315","71,76937440357477","0,0"
2030-04-24 23:00:00,"1134,2882819955316","0,0","288,0"
2030-04-25 00:00:00,"1184,2651647557834","0,0","49,976882760251726"
2030-04-25 01:00:00,"1184,2651647557834","0,0","0,0"
2030-04-25 02:00:00,"1080,0","83,41213180462674","0,0"
2030-04-25 03:00:00,"720,0","288,0","0,0"
2030-04-25 04:00:00,"360,0","288,0","0,0"
2030-04-25 05:00:00,"0,0","288,0","0,0"
2030-04-25 06:00:00,"0,0","0,0","0,0"
2030-04-25 07:00:00,"288,0","0,0","288,0"
2030-04-25 08:00:00,"576,0","0,0","288,0"
2030-04-25 09:00:00,"864,0","0,0","288,0"
2030-04-25 10:00:00,"1152,0","0,0","288,0"
2030-04-25 11:00:00,"1440,0","0,0","288,0"
2030-04-25 12:00:00,"1728,0","0,0","288,0"
2030-04-25 13:00:00,"2016,0","0,0","288,0"
2030-04-25 14:00:00,"2304,0","0,0","288,0"
2030-04-25 15:00:00,"2304,0","0,0","0,0"
2030-04-25 16:00:00,"2160,0","115,2","0,0"
2030-04-25 17:00:00,"1800,0","288,0","0,0"
2030-04-25 18:00:00,"1440,0","288,0","0,0"
2030-04-25 19:00:00,"1080,0","288,0","0,0"
2030-04-25 20:00:00,"720,0","288,0","0,0"
2030-04-25 21:00:00,"360,0","288,0","0,0"
2030-04-25 22:00:00,"360,0","0,0","0,0"
2030-04-25 23:00:00,"0,0","288,0","0,0"
2030-04-26 00:00:00,"0,0","0,0","0,0"
2030-04-26 01:00:00,"0,0","0,0","0,0"
2030-04-26 02:00:00,"0,0","0,0","0,0"
2030-04-26 03:00:00,"0,0","0,0","0,0"
2030-04-26 04:00:00,"0,0","0,0","0,0"
2030-04-26 05:00:00,"0,0","0,0","0,0"
2030-04-26 06:00:00,"0,0","0,0","0,0"
2030-04-26 07:00:00,"0,0","0,0","0,0"
2030-04-26 08:00:00,"0,0","0,0","0,0"
2030-04-26 09:00:00,"0,0","0,0","0,0"
2030-04-26 10:00:00,"0,0","0,0","0,0"
2030-04-26 11:00:00,"0,0","0,0","0,0"
2030-04-26 12:00:00,"0,0","0,0","0,0"
2030-04-26 13:00:00,"0,0","0,0","0,0"
2030-04-26 14:00:00,"0,0","0,0","0,0"
2030-04-26 15:00:00,"0,0","0,0","0,0"
2030-04-26 16:00:00,"0,0","0,0","0,0"
2030-04-26 17:00:00,"0,0","0,0","0,0"
2030-04-26 18:00:00,"0,0","0,0","0,0"
2030-04-26 19:00:00,"0,0","0,0","0,0"
2030-04-26 20:00:00,"0,0","0,0","0,0"
2030-04-26 21:00:00,"0,0","0,0","0,0"
2030-04-26 22:00:00,"0,0","0,0","0,0"
2030-04-26 23:00:00,"0,0","0,0","0,0"
2030-04-27 00:00:00,"0,0","0,0","0,0"
2030-04-27 01:00:00,"0,0","0,0","0,0"
2030-04-27 02:00:00,"0,0","0,0","0,0"
2030-04-27 03:00:00,"0,0","0,0","0,0"
2030-04-27 04:00:00,"0,0","0,0","0,0"
2030-04-27 05:00:00,"0,0","0,0","0,0"
2030-04-27 06:00:00,"0,0","0,0","0,0"
2030-04-27 07:00:00,"0,0","0,0","0,0"
2030-04-27 08:00:00,"288,0","0,0","288,0"
2030-04-27 09:00:00,"576,0","0,0","288,0"
2030-04-27 10:00:00,"864,0","0,0","288,0"
2030-04-27 11:00:00,"1152,0","0,0","288,0"
2030-04-27 12:00:00,"1440,0","0,0","288,0"
2030-04-27 13:00:00,"1728,0","0,0","288,0"
2030-04-27 14:00:00,"2016,0","0,0","288,0"
2030-04-27 15:00:00,"2304,0","0,0","288,0"
2030-04-27 16:00:00,"2304,0","0,0","0,0"
2030-04-27 17:00:00,"2304,0","0,0","0,0"
2030-04-27 18:00:00,"1944,0","288,0","0,0"
2030-04-27 19:00:00,"1902,9394359038113","32,84845127695098","0,0"
2030-04-27 20:00:00,"1902,9394359038113","0,0","0,0"
2030-04-27 21:00:00,"1902,9394359038113","0,0","0,0"
2030-04-27 22:00:00,"1902,9394359038113","0,0","0,0"
2030-04-27 23:00:00,"1902,9394359038113","0,0","0,0"
2030-04-28 00:00:00,"1902,9394359038113","0,0","0,0"
2030-04-28 01:00:00,"1542,9394359038113","288,0","0,0"
2030-04-28 02:00:00,"1433,4784503201993","87,56878846688966","0,0"
2030-04-28 03:00:00,"1151,8708794909635","225,28605666338865","0,0"
2030-04-28 04:00:00,"791,8708794909635","288,0","0,0"
2030-04-28 05:00:00,"431,87087949096343","288,0","0,0"
2030-04-28 06:00:00,"71,87087949096343","288,0","0,0"
2030-04-28 07:00:00,"71,87087949096343","0,0","0,0"
2030-04-28 08:00:00,"288,0","0,0","216,12912050903657"
2030-04-28 09:00:00,"576,0","0,0","288,0"
2030-04-28 10:00:00,"864,0","0,0","288,0"
2030-04-28 11:00:00,"1152,0","0,0","288,0"
2030-04-28 12:00:00,"1440,0","0,0","288,0"
2030-04-28 13:00:00,"1728,0","0,0","288,0"
2030-04-28 14:00:00,"2016,0","0,0","288,0"
2030-04-28 15:00:00,"2304,0","0,0","288,0"
2030-04-28 16:00:00,"2304,0","0,0","0,0"
2030-04-28 17:00:00,"2304,0","0,0","0,0"
2030-04-28 18:00:00,"2304,0","0,0","0,0"
2030-04-28 19:00:00,"2304,0","0,0","0,0"
2030-04-28 20:00:00,"2304,0","0,0","0,0"
2030-04-28 21:00:00,"2304,0","0,0","0,0"
2030-04-28 22:00:00,"2304,0","0,0","0,0"
2030-04-28 23:00:00,"2289,5677079067154","11,545833674627659","0,0"
2030-04-29 00:00:00,"2289,5677079067154","0,0","0,0"
2030-04-29 01:00:00,"2289,5677079067154","0,0","0,0"
2030-04-29 02:00:00,"2304,0","0,0","14,432292093284559"
2030-04-29 03:00:00,"2304,0","0,0","0,0"
2030-04-29 04:00:00,"2304,0","0,0","0,0"
2030-04-29 05:00:00,"1944,0","288,0","0,0"
2030-04-29 06:00:00,"1584,0","288,0","0,0"
2030-04-29 07:00:00,"1584,0","0,0","0,0"
2030-04-29 08:00:00,"1584,0","0,0","0,0"
2030-04-29 09:00:00,"1584,0","0,0","0,0"
2030-04-29 10:00:00,"1584,0","0,0","0,0"
2030-04-29 11:00:00,"1584,0","0,0","0,0"
2030-04-29 12:00:00,"1584,0","0,0","0,0"
2030-04-29 13:00:00,"1584,0","0,0","0,0"
2030-04-29 14:00:00,"1584,0","0,0","0,0"
2030-04-29 15:00:00,"1584,0","0,0","0,0"
2030-04-29 16:00:00,"1584,0","0,0","0,0"
2030-04-29 17:00:00,"1224,0","288,0","0,0"
2030-04-29 18:00:00,"864,0","288,0","0,0"
2030-04-29 19:00:00,"504,0","288,0","0,0"
2030-04-29 20:00:00,"144,0","288,0","0,0"
2030-04-29 21:00:00,"0,0","115,2","0,0"
2030-04-29 22:00:00,"0,0","0,0","0,0"
2030-04-29 23:00:00,"0,0","0,0","0,0"
2030-04-30 00:00:00,"288,0","0,0","288,0"
2030-04-30 01:00:00,"294,09685011656853","0,0","6,0968501165685325"
2030-04-30 02:00:00,"294,09685011656853","0,0","0,0"
2030-04-30 03:00:00,"294,09685011656853","0,0","0,0"
2030-04-30 04:00:00,"294,09685011656853","0,0","0,0"
2030-04-30 05:00:00,"18,475665741744706","220,49694749985906","0,0"
2030-04-30 06:00:00,"18,475665741744706","0,0","0,0"
2030-04-30 07:00:00,"18,475665741744706","0,0","0,0"
2030-04-30 08:00:00,"306,4756657417447","0,0","288,0"
2030-04-30 09:00:00,"594,4756657417447","0,0","288,0"
2030-04-30 10:00:00,"882,4756657417447","0,0","288,0"
2030-04-30 11:00:00,"1170,4756657417447","0,0","288,0"
2030-04-30 12:00:00,"1458,4756657417447","0,0","288,0"
2030-04-30 13:00:00,"1746,4756657417447","0,0","288,0"
2030-04-30 14:00:00,"2034,4756657417447","0,0","288,0"
2030-04-30 15:00:00,"2304,0","0,0","269,52433425825535"
2030-04-30 16:00:00,"2233,521226278231","56,383018977415034","0,0"
2030-04-30 17:00:00,"1873,521226278231","288,0","0,0"
2030-04-30 18:00:00,"1513,521226278231","288,0","0,0"
2030-04-30 19:00:00,"1153,521226278231","288,0","0,0"
2030-04-30 20:00:00,"793,5212262782311","288,0","0,0"
2030-04-30 21:00:00,"433,5212262782311","288,0","0,0"
2030-04-30 22:00:00,"73,5212262782311","288,0","0,0"
2030-04-30 23:00:00,"0,0","58,816981022584876","0,0"
2030-05-01 00:00:00,"0,0","0,0","0,0"
2030-05-01 01:00:00,"0,0","0,0","0,0"
2030-05-01 02:00:00,"0,0","0,0","0,0"
2030-05-01 03:00:00,"0,0","0,0","0,0"
2030-05-01 04:00:00,"0,0","0,0","0,0"
2030-05-01 05:00:00,"0,0","0,0","0,0"
2030-05-01 06:00:00,"0,0","0,0","0,0"
2030-05-01 07:00:00,"288,0","0,0","288,0"
2030-05-01 08:00:00,"576,0","0,0","288,0"
2030-05-01 09:00:00,"864,0","0,0","288,0"
2030-05-01 10:00:00,"1152,0","0,0","288,0"
2030-05-01 11:00:00,"1440,0","0,0","288,0"
2030-05-01 12:00:00,"1728,0","0,0","288,0"
2030-05-01 13:00:00,"2016,0","0,0","288,0"
2030-05-01 14:00:00,"2304,0","0,0","288,0"
2030-05-01 15:00:00,"2304,0","0,0","0,0"
2030-05-01 16:00:00,"2304,0","0,0","0,0"
2030-05-01 17:00:00,"2304,0","0,0","0,0"
2030-05-01 18:00:00,"1944,0","288,0","0,0"
2030-05-01 19:00:00,"1584,0","288,0","0,0"
2030-05-01 20:00:00,"1434,0821306356243","119,93429549150059","0,0"
2030-05-01 21:00:00,"1434,0821306356243","0,0","0,0"
2030-05-01 22:00:00,"1434,0821306356243","0,0","0,0"
2030-05-01 23:00:00,"1434,0821306356243","0,0","0,0"
2030-05-02 00:00:00,"1434,0821306356243","0,0","0,0"
2030-05-02 01:00:00,"1552,2089761588668","0,0","118,12684552324254"
2030-05-02 02:00:00,"1552,2089761588668","0,0","0,0"
2030-05-02 03:00:00,"1192,2089761588668","288,0","0,0"
2030-05-02 04:00:00,"832,2089761588668","288,0","0,0"
2030-05-02 05:00:00,"472,2089761588668","288,0","0,0"
2030-05-02 06:00:00,"112,20897615886679","288,0","0,0"
2030-05-02 07:00:00,"400,2089761588668","0,0","288,0"
2030-05-02 08:00:00,"688,2089761588668","0,0","288,0"
2030-05-02 09:00:00,"976,2089761588668","0,0","288,0"
2030-05-02 10:00:00,"1264,2089761588668","0,0","288,0"
2030-05-02 11:00:00,"1552,2089761588668","0,0","288,0"
2030-05-02 12:00:00,"1840,2089761588668","0,0","288,0"
2030-05-02 13:00:00,"2128,208976158867","0,0","288,0"
2030-05-02 14:00:00,"2304,0","0,0","175,79102384113338"
2030-05-02 15:00:00,"2304,0","0,0","0,0"
2030-05-02 16:00:00,"2304,0","0,0","0,0"
2030-05-02 17:00:00,"1944,0","288,0","0,0"
2030-05-02 18:00:00,"1584,0","288,0","0,0"
2030-05-02 19:00:00,"1224,0","288,0","0,0"
2030-05-02 20:00:00,"864,0","288,0","0,0"
2030-05-02 21:00:00,"864,0","0,0","0,0"
2030-05-02 22:00:00,"864,0","0,0","0,0"
2030-05-02 23:00:00,"864,0","0,0","0,0"
2030-05-03 00:00:00,"864,0","0,0","0,0"
2030-05-03 01:00:00,"864,0","0,0","0,0"
2030-05-03 02:00:00,"864,0","0,0","0,0"
2030-05-03 03:00:00,"864,0","0,0","0,0"
2030-05-03 04:00:00,"504,0","288,0","0,0"
2030-05-03 05:00:00,"144,0","288,0","0,0"
2030-05-03 06:00:00,"0,0","115,2","0,0"
2030-05-03 07:00:00,"0,0","0,0","0,0"
2030-05-03 08:00:00,"0,0","0,0","0,0"
2030-05-03 09:00:00,"0,0","0,0","0,0"
2030-05-03 10:00:00,"0,0","0,0","0,0"
2030-05-03 11:00:00,"0,0","0,0","0,0"
2030-05-03 12:00:00,"0,0","0,0","0,0"
2030-05-03 13:00:00,"0,0","0,0","0,0"
2030-05-03 14:00:00,"0,0","0,0","0,0"
2030-05-03 15:00:00,"0,0","0,0","0,0"
2030-05-03 16:00:00,"0,0","0,0","0,0"
2030-05-03 17:00:00,"0,0","0,0","0,0"
2030-05-03 18:00:00,"0,0","0,0","0,0"
2030-05-03 19:00:00,"0,0","0,0","0,0"
2030-05-03 20:00:00,"0,0","0,0","0,0"
2030-05-03 21:00:00,"0,0","0,0","0,0"
2030-05-03 22:00:00,"0,0","0,0","0,0"
2030-05-03 23:00:00,"0,0","0,0","0,0"
2030-05-04 00:00:00,"0,0","0,0","0,0"
2030-05-04 01:00:00,"0,0","0,0","0,0"
2030-05-04 02:00:00,"0,0","0,0","0,0"
2030-05-04 03:00:00,"0,0","0,0","0,0"
2030-05-04 04:00:00,"0,0","0,0","0,0"
2030-05-04 05:00:00,"0,0","0,0","0,0"
2030-05-04 06:00:00,"0,0","0,0","0,0"
2030-05-04 07:00:00,"0,0","0,0","0,0"
2030-05-04 08:00:00,"0,0","0,0","0,0"
2030-05-04 09:00:00,"288,0","0,0","288,0"
2030-05-04 10:00:00,"576,0","0,0","288,0"
2030-05-04 11:00:00,"864,0","0,0","288,0"
2030-05-04 12:00:00,"1152,0","0,0","288,0"
2030-05-04 13:00:00,"1440,0","0,0","288,0"
2030-05-04 14:00:00,"1728,0","0,0","288,0"
2030-05-04 15:00:00,"2016,0","0,0","288,0"
2030-05-04 16:00:00,"1800,0","172,8","0,0"
2030-05-04 17:00:00,"1440,0","288,0","0,0"
2030-05-04 18:00:00,"1080,0","288,0","0,0"
2030-05-04 19:00:00,"720,0","288,0","0,0"
2030-05-04 20:00:00,"360,0","288,0","0,0"
2030-05-04 21:00:00,"0,0","288,0","0,0"
2030-05-04 22:00:00,"0,0","0,0","0,0"
2030-05-04 23:00:00,"0,0","0,0","0,0"
2030-05-05 00:00:00,"0,0","0,0","0,0"
2030-05-05 01:00:00,"0,0","0,0","0,0"
2030-05-05 02:00:00,"288,0","0,0","288,0"
2030-05-05 03:00:00,"288,0","0,0","0,0"
2030-05-05 04:00:00,"288,0","0,0","0,0"
2030-05-05 05:00:00,"0,0","230,4","0,0"
2030-05-05 06:00:00,"288,0","0,0","288,0"
2030-05-05 07:00:00,"576,0","0,0","288,0"
2030-05-05 08:00:00,"864,0","0,0","288,0"
2030-05-05 09:00:00,"864,0","0,0","0,0"
2030-05-05 10:00:00,"1152,0","0,0","288,0"
2030-05-05 11:00:00,"1152,0","0,0","0,0"
2030-05-05 12:00:00,"1440,0","0,0","288,0"
2030-05-05 13:00:00,"1440,0","0,0","0,0"
2030-05-05 14:00:00,"1728,0","0,0","288,0"
2030-05-05 15:00:00,"2016,0","0,0","288,0"
2030-05-05 16:00:00,"1656,0","288,0","0,0"
2030-05-05 17:00:00,"1296,0","288,0","0,0"
2030-05-05 18:00:00,"936,0","288,0","0,0"
2030-05-05 19:00:00,"576,0","288,0","0,0"
2030-05-05 20:00:00,"216,0","288,0","0,0"
2030-05-05 21:00:00,"216,0","0,0","0,0"
2030-05-05 22:00:00,"216,0","0,0","0,0"
2030-05-05 23:00:00,"216,0","0,0","0,0"
2030-05-06 00:00:00,"472,52213676192014","0,0","256,52213676192014"
2030-05-06 01:00:00,"760,5221367619201","0,0","288,0"
2030-05-06 02:00:00,"760,5221367619201","0,0","0,0"
2030-05-06 03:00:00,"760,5221367619201","0,0","0,0"
2030-05-06 04:00:00,"760,5221367619201","0,0","0,0"
2030-05-06 05:00:00,"1048,5221367619201","0,0","288,0"
2030-05-06 06:00:00,"1048,5221367619201","0,0","0,0"
2030-05-06 07:00:00,"1336,5221367619201","0,0","288,0"
2030-05-06 08:00:00,"1624,5221367619201","0,0","288,0"
2030-05-06 09:00:00,"1624,5221367619201","0,0","0,0"
2030-05-06 10:00:00,"1624,5221367619201","0,0","0,0"
2030-05-06 11:00:00,"1912,5221367619201","0,0","288,0"
2030-05-06 12:00:00,"1912,5221367619201","0,0","0,0"
2030-05-06 13:00:00,"1912,5221367619201","0,0","0,0"
2030-05-06 14:00:00,"2200,52213676192","0,0","288,0"
2030-05-06 15:00:00,"2304,0","0,0","103,47786323807986"
2030-05-06 16:00:00,"2304,0","0,0","0,0"
2030-05-06 17:00:00,"1944,0","288,0","0,0"
2030-05-06 18:00:00,"1944,0","0,0","0,0"
2030-05-06 19:00:00,"1944,0","0,0","0,0"
2030-05-06 20:00:00,"1584,0","288,0","0,0"
2030-05-06 21:00:00,"1224,0","288,0","0,0"
2030-05-06 22:00:00,"1224,0","0,0","0,0"
2030-05-06 23:00:00,"1224,0","0,0","0,0"
2030-05-07 00:00:00,"1224,0","0,0","0,0"
2030-05-07 01:00:00,"1224,0","0,0","0,0"
2030-05-07 02:00:00,"1224,0","0,0","0,0"
2030-05-07 03:00:00,"1150,7248230022212","58,620141598223015","0,0"
2030-05-07 04:00:00,"790,7248230022212","288,0","0,0"
2030-05-07 05:00:00,"430,7248230022213","288,0","0,0"
2030-05-07 06:00:00,"96,4835075902484","267,3930523295783","0,0"
2030-05-07 07:00:00,"96,4835075902484","0,0","0,0"
2030-05-07 08:00:00,"288,0","0,0","191,5164924097516"
2030-05-07 09:00:00,"576,0","0,0","288,0"
2030-05-07 10:00:00,"864,0","0,0","288,0"
2030-05-07 11:00:00,"1152,0","0,0","288,0"
2030-05-07 12:00:00,"1440,0","0,0","288,0"
2030-05-07 13:00:00,"1728,0","0,0","288,0"
2030-05-07 14:00:00,"2016,0","0,0","288,0"
2030-05-07 15:00:00,"2304,0","0,0","288,0"
2030-05-07 16:00:00,"2304,0","0,0","0,0"
2030-05-07 17:00:00,"2160,0","115,2","0,0"
2030-05-07 18:00:00,"1800,0","288,0","0,0"
2030-05-07 19:00:00,"1440,0","288,0","0,0"
2030-05-07 20:00:00,"1080,0","288,0","0,0"
2030-05-07 21:00:00,"720,0","288,0","0,0"
2030-05-07 22:00:00,"360,0","288,0","0,0"
2030-05-07 23:00:00,"0,0","288,0","0,0"
2030-05-08 00:00:00,"0,0","0,0","0,0"
2030-05-08 01:00:00,"0,0","0,0","0,0"
2030-05-08 02:00:00,"254,6763556247347","0,0","254,6763556247347"
2030-05-08 03:00:00,"254,6763556247347","0,0","0,0"
2030-05-08 04:00:00,"254,6763556247347","0,0","0,0"
2030-05-08 05:00:00,"0,0","203,74108449978775","0,0"
2030-05-08 06:00:00,"0,0","0,0","0,0"
2030-05-08 07:00:00,"0,0","0,0","0,0"
2030-05-08 08:00:00,"288,0","0,0","288,0"
2030-05-08 09:00:00,"576,0","0,0","288,0"
2030-05-08 10:00:00,"864,0","0,0","288,0"
2030-05-08 11:00:00,"1152,0","0,0","288,0"
2030-05-08 12:00:00,"1440,0","0,0","288,0"
2030-05-08 13:00:00,"1728,0","0,0","288,0"
2030-05-08 14:00:00,"2016,0","0,0","288,0"
2030-05-08 15:00:00,"2304,0","0,0","288,0"
2030-05-08 16:00:00,"2304,0","0,0","0,0"
2030-05-08 17:00:00,"2304,0","0,0","0,0"
2030-05-08 18:00:00,"1944,0","288,0","0,0"
2030-05-08 19:00:00,"1800,0","115,2","0,0"
2030-05-08 20:00:00,"1800,0","0,0","0,0"
2030-05-08 21:00:00,"1440,0","288,0","0,0"
2030-05-08 22:00:00,"1728,0","0,0","288,0"
2030-05-08 23:00:00,"1728,0","0,0","0,0"
2030-05-09 00:00:00,"2016,0","0,0","288,0"
2030-05-09 01:00:00,"2304,0","0,0","288,0"
2030-05-09 02:00:00,"2063,480799381922","192,41536049446222","0,0"
2030-05-09 03:00:00,"1703,4807993819222","288,0","0,0"
2030-05-09 04:00:00,"1623,1303659482894","64,28034674690622","0,0"
2030-05-09 05:00:00,"1264,1771382103084","287,1625821903848","0,0"
2030-05-09 06:00:00,"995,4452956142825","214,98547407682074","0,0"
2030-05-09 07:00:00,"995,4452956142825","0,0","0,0"
2030-05-09 08:00:00,"995,4452956142825","0,0","0,0"
2030-05-09 09:00:00,"1152,0","0,0","156,5547043857175"
2030-05-09 10:00:00,"1440,0","0,0","288,0"
2030-05-09 11:00:00,"1728,0","0,0","288,0"
2030-05-09 12:00:00,"2016,0","0,0","288,0"
2030-05-09 13:00:00,"2304,0","0,0","288,0"
2030-05-09 14:00:00,"2304,0","0,0","0,0"
2030-05-09 15:00:00,"2304,0","0,0","0,0"
2030-05-09 16:00:00,"2304,0","0,0","0,0"
2030-05-09 17:00:00,"2304,0","0,0","0,0"
2030-05-09 18:00:00,"1944,0","288,0","0,0"
2030-05-09 19:00:00,"1584,0","288,0","0,0"
2030-05-09 20:00:00,"1224,0","288,0","0,0"
2030-05-09 21:00:00,"864,0","288,0","0,0"
2030-05-09 22:00:00,"864,0","0,0","0,0"
2030-05-09 23:00:00,"864,0","0,0","0,0"
2030-05-10 00:00:00,"864,0","0,0","0,0"
2030-05-10 01:00:00,"864,0","0,0","0,0"
2030-05-10 02:00:00,"864,0","0,0","0,0"
2030-05-10 03:00:00,"864,0","0,0","0,0"
2030-05-10 04:00:00,"720,0","115,2","0,0"
2030-05-10 05:00:00,"360,0","288,0","0,0"
2030-05-10 06:00:00,"0,0","288,0","0,0"
2030-05-10 07:00:00,"0,0","0,0","0,0"
2030-05-10 08:00:00,"160,75374933592212","0,0","160,75374933592212"
2030-05-10 09:00:00,"448,7537493359221","0,0","288,0"
2030-05-10 10:00:00,"736,7537493359221","0,0","288,0"
2030-05-10 11:00:00,"1024,753749335922","0,0","288,0"
2030-05-10 12:00:00,"1312,753749335922","0,0","288,0"
2030-05-10 13:00:00,"1600,753749335922","0,0","288,0"
2030-05-10 14:00:00,"1888,753749335922","0,0","288,0"
2030-05-10 15:00:00,"2176,7537493359223","0,0","288,0"
2030-05-10 16:00:00,"2304,0","0,0","127,2462506640777"
2030-05-10 17:00:00,"1944,0","288,0","0,0"
2030-05-10 18:00:00,"1584,0","288,0","0,0"
2030-05-10 19:00:00,"1224,0","288,0","0,0"
2030-05-10 20:00:00,"864,0","288,0","0,0"
2030-05-10 21:00:00,"504,0","288,0","0,0"
2030-05-10 22:00:00,"144,0","288,0","0,0"
2030-05-10 23:00:00,"0,0","115,2","0,0"
2030-05-11 00:00:00,"0,0","0,0","0,0"
2030-05-11 01:00:00,"0,0","0,0","0,0"
2030-05-11 02:00:00,"0,0","0,0","0,0"
2030-05-11 03:00:00,"0,0","0,0","0,0"
2030-05-11 04:00:00,"0,0","0,0","0,0"
2030-05-11 05:00:00,"0,0","0,0","0,0"
2030-05-11 06:00:00,"0,0","0,0","0,0"
2030-05-11 07:00:00,"0,0","0,0","0,0"
2030-05-11 08:00:00,"0,0","0,0","0,0"
2030-05-11 09:00:00,"288,0","0,0","288,0"
2030-05-11 10:00:00,"576,0","0,0","288,0"
2030-05-11 11:00:00,"864,0","0,0","288,0"
2030-05-11 12:00:00,"1152,0","0,0","288,0"
2030-05-11 13:00:00,"1440,0","0,0","288,0"
2030-05-11 14:00:00,"1728,0","0,0","288,0"
2030-05-11 15:00:00,"2016,0","0,0","288,0"
2030-05-11 16:00:00,"2304,0","0,0","288,0"
2030-05-11 17:00:00,"2304,0","0,0","0,0"
2030-05-11 18:00:00,"1944,0","288,0","0,0"
2030-05-11 19:00:00,"1584,0","288,0","0,0"
2030-05-11 20:00:00,"1224,0","288,0","0,0"
2030-05-11 21:00:00,"864,0","288,0","0,0"
2030-05-11 22:00:00,"504,0","288,0","0,0"
2030-05-11 23:00:00,"160,88840088355022","274,4892792931598","0,0"
2030-05-12 00:00:00,"0,0","128,71072070684016","0,0"
2030-05-12 01:00:00,"0,0","0,0","0,0"
2030-05-12 02:00:00,"0,0","0,0","0,0"
2030-05-12 03:00:00,"0,0","0,0","0,0"
2030-05-12 04:00:00,"0,0","0,0","0,0"
2030-05-12 05:00:00,"0,0","0,0","0,0"
2030-05-12 06:00:00,"0,0","0,0","0,0"
2030-05-12 07:00:00,"0,0","0,0","0,0"
2030-05-12 08:00:00,"288,0","0,0","288,0"
2030-05-12 09:00:00,"576,0","0,0","288,0"
2030-05-12 10:00:00,"864,0","0,0","288,0"
2030-05-12 11:00:00,"1152,0","0,0","288,0"
2030-05-12 12:00:00,"1440,0","0,0","288,0"
2030-05-12 13:00:00,"1728,0","0,0","288,0"
2030-05-12 14:00:00,"2016,0","0,0","288,0"
2030-05-12 15:00:00,"2304,0","0,0","288,0"
2030-05-12 16:00:00,"2304,0","0,0","0,0"
2030-05-12 17:00:00,"2304,0","0,0","0,0"
2030-05-12 18:00:00,"1944,0","288,0","0,0"
2030-05-12 19:00:00,"1584,0","288,0","0,0"
2030-05-12 20:00:00,"1224,0","288,0","0,0"
2030-05-12 21:00:00,"864,0","288,0","0,0"
2030-05-12 22:00:00,"504,0","288,0","0,0"
2030-05-12 23:00:00,"792,0","0,0","288,0"
2030-05-13 00:00:00,"792,0","0,0","0,0"
2030-05-13 01:00:00,"432,0","288,0","0,0"
2030-05-13 02:00:00,"720,0","0,0","288,0"
2030-05-13 03:00:00,"1008,0","0,0","288,0"
2030-05-13 04:00:00,"720,0","230,4","0,0"
2030-05-13 05:00:00,"360,0","288,0","0,0"
2030-05-13 06:00:00,"0,0","288,0","0,0"
2030-05-13 07:00:00,"0,0","0,0","0,0"
2030-05-13 08:00:00,"288,0","0,0","288,0"
2030-05-13 09:00:00,"576,0","0,0","288,0"
2030-05-13 10:00:00,"864,0","0,0","288,0"
2030-05-13 11:00:00,"1152,0","0,0","288,0"
2030-05-13 12:00:00,"1440,0","0,0","288,0"
2030-05-13 13:00:00,"1728,0","0,0","288,0"
2030-05-13 14:00:00,"2016,0","0,0","288,0"
2030-05-13 15:00:00,"2304,0","0,0","288,0"
2030-05-13 16:00:00,"2304,0","0,0","0,0"
2030-05-13 17:00:00,"2304,0","0,0","0,0"
2030-05-13 18:00:00,"2304,0","0,0","0,0"
2030-05-13 19:00:00,"2304,0","0,0","0,0"
2030-05-13 20:00:00,"1944,0","288,0","0,0"
2030-05-13 21:00:00,"1584,0","288,0","0,0"
2030-05-13 22:00:00,"1224,0","288,0","0,0"
2030-05-13 23:00:00,"1093,215447538676","104,62764196905918","0,0"
2030-05-14 00:00:00,"1093,215447538676","0,0","0,0"
2030-05-14 01:00:00,"1093,215447538676","0,0","0,0"
2030-05-14 02:00:00,"1013,6240886896585","63,67308707921394","0,0"
2030-05-14 03:00:00,"720,0","234,8992709517268","0,0"
2030-05-14 04:00:00,"720,0","0,0","0,0"
2030-05-14 05:00:00,"360,0","288,0","0,0"
2030-05-14 06:00:00,"0,0","288,0","0,0"
2030-05-14 07:00:00,"0,0","0,0","0,0"
2030-05-14 08:00:00,"0,0","0,0","0,0"
2030-05-14 09:00:00,"288,0","0,0","288,0"
2030-05-14 10:00:00,"576,0","0,0","288,0"
2030-05-14 11:00:00,"864,0","0,0","288,0"
2030-05-14 12:00:00,"1152,0","0,0","288,0"
2030-05-14 13:00:00,"1440,0","0,0","288,0"
2030-05-14 14:00:00,"1728,0","0,0","288,0"
2030-05-14 15:00:00,"1728,0","0,0","0,0"
2030-05-14 16:00:00,"1368,0","288,0","0,0"
2030-05-14 17:00:00,"1008,0","288,0","0,0"
2030-05-14 18:00:00,"648,0","288,0","0,0"
2030-05-14 19:00:00,"648,0","0,0","0,0"
2030-05-14 20:00:00,"648,0","0,0","0,0"
2030-05-14 21:00:00,"648,0","0,0","0,0"
2030-05-14 22:00:00,"864,0","0,0","216,0"
2030-05-14 23:00:00,"1152,0","0,0","288,0"
2030-05-15 00:00:00,"1440,0","0,0","288,0"
2030-05-15 01:00:00,"1728,0","0,0","288,0"
2030-05-15 02:00:00,"2016,0","0,0","288,0"
2030-05-15 03:00:00,"2016,0","0,0","0,0"
2030-05-15 04:00:00,"1656,0","288,0","0,0"
2030-05-15 05:00:00,"1296,0","288,0","0,0"
2030-05-15 06:00:00,"936,0","288,0","0,0"
2030-05-15 07:00:00,"576,0","288,0","0,0"
2030-05-15 08:00:00,"864,0","0,0","288,0"
2030-05-15 09:00:00,"1152,0","0,0","288,0"
2030-05-15 10:00:00,"1440,0","0,0","288,0"
2030-05-15 11:00:00,"1728,0","0,0","288,0"
2030-05-15 12:00:00,"2016,0","0,0","288,0"
2030-05-15 13:00:00,"2304,0","0,0","288,0"
2030-05-15 14:00:00,"2304,0","0,0","0,0"
2030-05-15 15:00:00,"2304,0","0,0","0,0"
2030-05-15 16:00:00,"1944,0","288,0","0,0"
2030-05-15 17:00:00,"1584,0","288,0","0,0"
2030-05-15 18:00:00,"1224,0","288,0","0,0"
2030-05-15 19:00:00,"864,0","288,0","0,0"
2030-05-15 20:00:00,"504,0","288,0","0,0"
2030-05-15 21:00:00,"144,0","288,0","0,0"
2030-05-15 22:00:00,"216,0","0,0","72,0"
2030-05-15 23:00:00,"504,0","0,0","288,0"
2030-05-16 00:00:00,"792,0","0,0","288,0"
2030-05-16 01:00:00,"1080,0","0,0","288,0"
2030-05-16 02:00:00,"1368,0","0,0","288,0"
2030-05-16 03:00:00,"1368,0","0,0","0,0"
2030-05-16 04:00:00,"1008,0","288,0","0,0"
2030-05-16 05:00:00,"648,0","288,0","0,0"
2030-05-16 06:00:00,"288,0","288,0","0,0"
2030-05-16 07:00:00,"288,0","0,0","0,0"
2030-05-16 08:00:00,"576,0","0,0","288,0"
2030-05-16 09:00:00,"864,0","0,0","288,0"
2030-05-16 10:00:00,"1152,0","0,0","288,0"
2030-05-16 11:00:00,"1440,0","0,0","288,0"
2030-05-16 12:00:00,"1728,0","0,0","288,0"
2030-05-16 13:00:00,"2016,0","0,0","288,0"
2030-05-16 14:00:00,"2304,0","0,0","288,0"
2030-05-16 15:00:00,"2304,0","0,0","0,0"
2030-05-16 16:00:00,"1944,0","288,0","0,0"
2030-05-16 17:00:00,"1584,0","288,0","0,0"
2030-05-16 18:00:00,"1224,0","288,0","0,0"
2030-05-16 19:00:00,"864,0","288,0","0,0"
2030-05-16 20:00:00,"504,0","288,0","0,0"
2030-05-16 21:00:00,"144,0","288,0","0,0"
2030-05-16 22:00:00,"144,0","0,0","0,0"
2030-05-16 23:00:00,"144,0","0,0","0,0"
2030-05-17 00:00:00,"144,0","0,0","0,0"
2030-05-17 01:00:00,"144,0","0,0","0,0"
2030-05-17 02:00:00,"144,0","0,0","0,0"
2030-05-17 03:00:00,"144,0","0,0","0,0"
2030-05-17 04:00:00,"144,0","0,0","0,0"
2030-05-17 05:00:00,"0,0","115,2","0,0"
2030-05-17 06:00:00,"0,0","0,0","0,0"
2030-05-17 07:00:00,"0,0","0,0","0,0"
2030-05-17 08:00:00,"288,0","0,0","288,0"
2030-05-17 09:00:00,"576,0","0,0","288,0"
2030-05-17 10:00:00,"864,0","0,0","288,0"
2030-05-17 11:00:00,"1152,0","0,0","288,0"
2030-05-17 12:00:00,"1440,0","0,0","288,0"
2030-05-17 13:00:00,"1728,0","0,0","288,0"
2030-05-17 14:00:00,"2016,0","0,0","288,0"
2030-05-17 15:00:00,"2304,0","0,0","288,0"
2030-05-17 16:00:00,"2304,0","0,0","0,0"
2030-05-17 17:00:00,"2048,536264379077","204,3709884967384","0,0"
2030-05-17 18:00:00,"1688,5362643790768","288,0","0,0"
2030-05-17 19:00:00,"1349,590301797981","271,15677006487664","0,0"
2030-05-17 20:00:00,"1349,590301797981","0,0","0,0"
2030-05-17 21:00:00,"989,590301797981","288,0","0,0"
2030-05-17 22:00:00,"629,590301797981","288,0","0,0"
2030-05-17 23:00:00,"360,0","215,67224143838484","0,0"
2030-05-18 00:00:00,"360,0","0,0","0,0"
2030-05-18 01:00:00,"360,0","0,0","0,0"
2030-05-18 02:00:00,"360,0","0,0","0,0"
2030-05-18 03:00:00,"360,0","0,0","0,0"
2030-05-18 04:00:00,"360,0","0,0","0,0"
2030-05-18 05:00:00,"0,0","288,0","0,0"
2030-05-18 06:00:00,"0,0","0,0","0,0"
2030-05-18 07:00:00,"0,0","0,0","0,0"
2030-05-18 08:00:00,"288,0","0,0","288,0"
2030-05-18 09:00:00,"576,0","0,0","288,0"
2030-05-18 10:00:00,"864,0","0,0","288,0"
2030-05-18 11:00:00,"1152,0","0,0","288,0"
2030-05-18 12:00:00,"1440,0","0,0","288,0"
2030-05-18 13:00:00,"1728,0","0,0","288,0"
2030-05-18 14:00:00,"2016,0","0,0","288,0"
2030-05-18 15:00:00,"2304,0","0,0","288,0"
2030-05-18 16:00:00,"2304,0","0,0","0,0"
2030-05-18 17:00:00,"2304,0","0,0","0,0"
2030-05-18 18:00:00,"2070,1654798049476","187,06761615604205","0,0"
2030-05-18 19:00:00,"1710,1654798049476","288,0","0,0"
2030-05-18 20:00:00,"1350,1654798049476","288,0","0,0"
2030-05-18 21:00:00,"1350,1654798049476","0,0","0,0"
2030-05-18 22:00:00,"1350,1654798049476","0,0","0,0"
2030-05-18 23:00:00,"1350,1654798049476","0,0","0,0"
2030-05-19 00:00:00,"1350,1654798049476","0,0","0,0"
2030-05-19 01:00:00,"990,1654798049476","288,0","0,0"
2030-05-19 02:00:00,"630,1654798049476","288,0","0,0"
2030-05-19 03:00:00,"270,1654798049476","288,0","0,0"
2030-05-19 04:00:00,"0,0","216,13238384395808","0,0"
2030-05-19 05:00:00,"0,0","0,0","0,0"
2030-05-19 06:00:00,"0,0","0,0","0,0"
2030-05-19 07:00:00,"288,0","0,0","288,0"
2030-05-19 08:00:00,"576,0","0,0","288,0"
2030-05-19 09:00:00,"864,0","0,0","288,0"
2030-05-19 10:00:00,"1152,0","0,0","288,0"
2030-05-19 11:00:00,"1440,0","0,0","288,0"
2030-05-19 12:00:00,"1440,0","0,0","0,0"
2030-05-19 13:00:00,"1728,0","0,0","288,0"
2030-05-19 14:00:00,"2016,0","0,0","288,0"
2030-05-19 15:00:00,"2304,0","0,0","288,0"
2030-05-19 16:00:00,"2304,0","0,0","0,0"
2030-05-19 17:00:00,"2304,0","0,0","0,0"
2030-05-19 18:00:00,"2304,0","0,0","0,0"
2030-05-19 19:00:00,"1944,0","288,0","0,0"
2030-05-19 20:00:00,"1584,0","288,0","0,0"
2030-05-19 21:00:00,"1584,0","0,0","0,0"
2030-05-19 22:00:00,"1584,0","0,0","0,0"
2030-05-19 23:00:00,"1584,0","0,0","0,0"
2030-05-20 00:00:00,"1584,0","0,0","0,0"
2030-05-20 01:00:00,"1584,0","0,0","0,0"
2030-05-20 02:00:00,"1584,0","0,0","0,0"
2030-05-20 03:00:00,"1584,0","0,0","0,0"
2030-05-20 04:00:00,"1502,492005226834","65,20639581853284","0,0"
2030-05-20 05:00:00,"1142,492005226834","288,0","0,0"
2030-05-20 06:00:00,"782,4920052268338","288,0","0,0"
2030-05-20 07:00:00,"782,4920052268338","0,0","0,0"
2030-05-20 08:00:00,"782,4920052268338","0,0","0,0"
2030-05-20 09:00:00,"896,9706151790238","0,0","114,47860995218991"
2030-05-20 10:00:00,"1184,9706151790238","0,0","288,0"
2030-05-20 11:00:00,"1472,9706151790238","0,0","288,0"
2030-05-20 12:00:00,"1760,9706151790238","0,0","288,0"
2030-05-20 13:00:00,"2016,0","0,0","255,02938482097625"
2030-05-20 14:00:00,"2304,0","0,0","288,0"
2030-05-20 15:00:00,"2304,0","0,0","0,0"
2030-05-20 16:00:00,"2160,0","115,2","0,0"
2030-05-20 17:00:00,"1800,0","288,0","0,0"
2030-05-20 18:00:00,"1440,0","288,0","0,0"
2030-05-20 19:00:00,"1080,0","288,0","0,0"
2030-05-20 20:00:00,"720,0","288,0","0,0"
2030-05-20 21:00:00,"360,0","288,0","0,0"
2030-05-20 22:00:00,"360,0","0,0","0,0"
2030-05-20 23:00:00,"360,0","0,0","0,0"
2030-05-21 00:00:00,"360,0","0,0","0,0"
2030-05-21 01:00:00,"360,0","0,0","0,0"
2030-05-21 02:00:00,"360,0","0,0","0,0"
2030-05-21 03:00:00,"360,0","0,0","0,0"
2030-05-21 04:00:00,"0,0","288,0","0,0"
2030-05-21 05:00:00,"0,0","0,0","0,0"
2030-05-21 06:00:00,"0,0","0,0","0,0"
2030-05-21 07:00:00,"0,0","0,0","0,0"
2030-05-21 08:00:00,"0,0","0,0","0,0"
2030-05-21 09:00:00,"117,94164908808648","0,0","117,94164908808648"
2030-05-21 10:00:00,"204,55719105450805","0,0","86,61554196642159"
2030-05-21 11:00:00,"204,55719105450805","0,0","0,0"
2030-05-21 12:00:00,"204,55719105450805","0,0","0,0"
2030-05-21 13:00:00,"289,2221188015447","0,0","84,66492774703664"
2030-05-21 14:00:00,"577,2221188015446","0,0","288,0"
2030-05-21 15:00:00,"865,2221188015446","0,0","288,0"
2030-05-21 16:00:00,"865,2221188015446","0,0","0,0"
2030-05-21 17:00:00,"865,2221188015446","0,0","0,0"
2030-05-21 18:00:00,"505,22211880154464","288,0","0,0"
2030-05-21 19:00:00,"145,22211880154464","288,0","0,0"
2030-05-21 20:00:00,"0,0","116,17769504123571","0,0"
2030-05-21 21:00:00,"0,0","0,0","0,0"
2030-05-21 22:00:00,"0,0","0,0","0,0"
2030-05-21 23:00:00,"0,0","0,0","0,0"
2030-05-22 00:00:00,"0,0","0,0","0,0"
2030-05-22 01:00:00,"0,0","0,0","0,0"
2030-05-22 02:00:00,"0,0","0,0","0,0"
2030-05-22 03:00:00,"0,0","0,0","0,0"
2030-05-22 04:00:00,"0,0","0,0","0,0"
2030-05-22 05:00:00,"0,0","0,0","0,0"
2030-05-22 06:00:00,"0,0","0,0","0,0"
2030-05-22 07:00:00,"0,0","0,0","0,0"
2030-05-22 08:00:00,"0,0","0,0","0,0"
2030-05-22 09:00:00,"288,0","0,0","288,0"
2030-05-22 10:00:00,"576,0","0,0","288,0"
2030-05-22 11:00:00,"864,0","0,0","288,0"
2030-05-22 12:00:00,"1152,0","0,0","288,0"
2030-05-22 13:00:00,"1440,0","0,0","288,0"
2030-05-22 14:00:00,"1728,0","0,0","288,0"
2030-05-22 15:00:00,"1790,983903093103","0,0","62,98390309310298"
2030-05-22 16:00:00,"1790,983903093103","0,0","0,0"
2030-05-22 17:00:00,"1790,983903093103","0,0","0,0"
2030-05-22 18:00:00,"1790,983903093103","0,0","0,0"
2030-05-22 19:00:00,"1790,983903093103","0,0","0,0"
2030-05-22 20:00:00,"1430,983903093103","288,0","0,0"
2030-05-22 21:00:00,"1070,983903093103","288,0","0,0"
2030-05-22 22:00:00,"710,9839030931029","288,0","0,0"
2030-05-22 23:00:00,"350,98390309310287","288,0","0,0"
2030-05-23 00:00:00,"261,4937950490833","71,59208643521566","0,0"
2030-05-23 01:00:00,"0,0","209,19503603926665","0,0"
2030-05-23 02:00:00,"0,0","0,0","0,0"
2030-05-23 03:00:00,"0,0","0,0","0,0"
2030-05-23 04:00:00,"0,0","0,0","0,0"
2030-05-23 05:00:00,"0,0","0,0","0,0"
2030-05-23 06:00:00,"0,0","0,0","0,0"
2030-05-23 07:00:00,"0,0","0,0","0,0"
2030-05-23 08:00:00,"216,0","0,0","216,0"
2030-05-23 09:00:00,"504,0","0,0","288,0"
2030-05-23 10:00:00,"792,0","0,0","288,0"
2030-05-23 11:00:00,"1080,0","0,0","288,0"
2030-05-23 12:00:00,"1368,0","0,0","288,0"
2030-05-23 13:00:00,"1656,0","0,0","288,0"
2030-05-23 14:00:00,"1944,0","0,0","288,0"
2030-05-23 15:00:00,"1944,0","0,0","0,0"
2030-05-23 16:00:00,"1944,0","0,0","0,0"
2030-05-23 17:00:00,"1584,0","288,0","0,0"
2030-05-23 18:00:00,"1224,0","288,0","0,0"
2030-05-23 19:00:00,"864,0","288,0","0,0"
2030-05-23 20:00:00,"864,0","0,0","0,0"
2030-05-23 21:00:00,"864,0","0,0","0,0"
2030-05-23 22:00:00,"864,0","0,0","0,0"
2030-05-23 23:00:00,"864,0","0,0","0,0"
2030-05-24 00:00:00,"864,0","0,0","0,0"
2030-05-24 01:00:00,"864,0","0,0","0,0"
2030-05-24 02:00:00,"864,0","0,0","0,0"
2030-05-24 03:00:00,"864,0","0,0","0,0"
2030-05-24 04:00:00,"864,0","0,0","0,0"
2030-05-24 05:00:00,"864,0","0,0","0,0"
2030-05-24 06:00:00,"864,0","0,0","0,0"
2030-05-24 07:00:00,"864,0","0,0","0,0"
2030-05-24 08:00:00,"864,0","0,0","0,0"
2030-05-24 09:00:00,"864,0","0,0","0,0"
2030-05-24 10:00:00,"1152,0","0,0","288,0"
2030-05-24 11:00:00,"1440,0","0,0","288,0"
2030-05-24 12:00:00,"1728,0","0,0","288,0"
2030-05-24 13:00:00,"2016,0","0,0","288,0"
2030-05-24 14:00:00,"2304,0","0,0","288,0"
2030-05-24 15:00:00,"2304,0","0,0","0,0"
2030-05-24 16:00:00,"2304,0","0,0","0,0"
2030-05-24 17:00:00,"2304,0","0,0","0,0"
2030-05-24 18:00:00,"2304,0","0,0","0,0"
2030-05-24 19:00:00,"1944,0","288,0","0,0"
2030-05-24 20:00:00,"1767,5779702354678","141,13762381162576","0,0"
2030-05-24 21:00:00,"1407,5779702354678","288,0","0,0"
2030-05-24 22:00:00,"1047,5779702354678","288,0","0,0"
2030-05-24 23:00:00,"1047,5779702354678","0,0","0,0"
2030-05-25 00:00:00,"1047,5779702354678","0,0","0,0"
2030-05-25 01:00:00,"1047,5779702354678","0,0","0,0"
2030-05-25 02:00:00,"1047,5779702354678","0,0","0,0"
2030-05-25 03:00:00,"687,5779702354678","288,0","0,0"
2030-05-25 04:00:00,"327,5779702354678","288,0","0,0"
2030-05-25 05:00:00,"0,0","262,06237618837423","0,0"
2030-05-25 06:00:00,"0,0","0,0","0,0"
2030-05-25 07:00:00,"0,0","0,0","0,0"
2030-05-25 08:00:00,"288,0","0,0","288,0"
2030-05-25 09:00:00,"576,0","0,0","288,0"
2030-05-25 10:00:00,"864,0","0,0","288,0"
2030-05-25 11:00:00,"1152,0","0,0","288,0"
2030-05-25 12:00:00,"1440,0","0,0","288,0"
2030-05-25 13:00:00,"1728,0","0,0","288,0"
2030-05-25 14:00:00,"2016,0","0,0","288,0"
2030-05-25 15:00:00,"2304,0","0,0","288,0"
2030-05-25 16:00:00,"2304,0","0,0","0,0"
2030-05-25 17:00:00,"2304,0","0,0","0,0"
2030-05-25 18:00:00,"1944,0","288,0","0,0"
2030-05-25 19:00:00,"1584,0","288,0","0,0"
2030-05-25 20:00:00,"1224,0","288,0","0,0"
2030-05-25 21:00:00,"864,0","288,0","0,0"
2030-05-25 22:00:00,"504,0","288,0","0,0"
2030-05-25 23:00:00,"144,0","288,0","0,0"
2030-05-26 00:00:00,"0,0","115,2","0,0"
2030-05-26 01:00:00,"0,0","0,0","0,0"
2030-05-26 02:00:00,"0,0","0,0","0,0"
2030-05-26 03:00:00,"0,0","0,0","0,0"
2030-05-26 04:00:00,"0,0","0,0","0,0"
2030-05-26 05:00:00,"0,0","0,0","0,0"
2030-05-26 06:00:00,"0,0","0,0","0,0"
2030-05-26 07:00:00,"0,0","0,0","0,0"
2030-05-26 08:00:00,"0,0","0,0","0,0"
2030-05-26 09:00:00,"0,0","0,0","0,0"
2030-05-26 10:00:00,"288,0","0,0","288,0"
2030-05-26 11:00:00,"576,0","0,0","288,0"
2030-05-26 12:00:00,"864,0","0,0","288,0"
2030-05-26 13:00:00,"1152,0","0,0","288,0"
2030-05-26 14:00:00,"1440,0","0,0","288,0"
2030-05-26 15:00:00,"1728,0","0,0","288,0"
2030-05-26 16:00:00,"2016,0","0,0","288,0"
2030-05-26 17:00:00,"2304,0","0,0","288,0"
2030-05-26 18:00:00,"2304,0","0,0","0,0"
2030-05-26 19:00:00,"2304,0","0,0","0,0"
2030-05-26 20:00:00,"1944,0","288,0","0,0"
2030-05-26 21:00:00,"1944,0","0,0","0,0"
2030-05-26 22:00:00,"1944,0","0,0","0,0"
2030-05-26 23:00:00,"1584,0","288,0","0,0"
2030-05-27 00:00:00,"1584,0","0,0","0,0"
2030-05-27 01:00:00,"1224,0","288,0","0,0"
2030-05-27 02:00:00,"1080,0","115,2","0,0"
2030-05-27 03:00:00,"720,0","288,0","0,0"
2030-05-27 04:00:00,"360,0","288,0","0,0"
2030-05-27 05:00:00,"0,0","288,0","0,0"
2030-05-27 06:00:00,"0,0","0,0","0,0"
2030-05-27 07:00:00,"288,0","0,0","288,0"
2030-05-27 08:00:00,"576,0","0,0","288,0"
2030-05-27 09:00:00,"864,0","0,0","288,0"
2030-05-27 10:00:00,"1152,0","0,0","288,0"
2030-05-27 11:00:00,"1440,0","0,0","288,0"
2030-05-27 12:00:00,"1728,0","0,0","288,0"
2030-05-27 13:00:00,"2016,0","0,0","288,0"
2030-05-27 14:00:00,"2304,0","0,0","288,0"
2030-05-27 15:00:00,"2304,0","0,0","0,0"
2030-05-27 16:00:00,"2304,0","0,0","0,0"
2030-05-27 17:00:00,"1944,0","288,0","0,0"
2030-05-27 18:00:00,"1584,0","288,0","0,0"
2030-05-27 19:00:00,"1224,0","288,0","0,0"
2030-05-27 20:00:00,"864,0","288,0","0,0"
2030-05-27 21:00:00,"864,0","0,0","0,0"
2030-05-27 22:00:00,"1152,0","0,0","288,0"
2030-05-27 23:00:00,"1440,0","0,0","288,0"
2030-05-28 00:00:00,"1728,0","0,0","288,0"
2030-05-28 01:00:00,"1728,0","0,0","0,0"
2030-05-28 02:00:00,"1440,0","230,4","0,0"
2030-05-28 03:00:00,"1080,0","288,0","0,0"
2030-05-28 04:00:00,"720,0","288,0","0,0"
2030-05-28 05:00:00,"360,0","288,0","0,0"
2030-05-28 06:00:00,"0,0","288,0","0,0"
2030-05-28 07:00:00,"288,0","0,0","288,0"
2030-05-28 08:00:00,"567,8998182387036","0,0","279,8998182387036"
2030-05-28 09:00:00,"855,8998182387036","0,0","288,0"
2030-05-28 10:00:00,"1143,8998182387036","0,0","288,0"
2030-05-28 11:00:00,"1431,8998182387036","0,0","288,0"
2030-05-28 12:00:00,"1533,5022558642106","0,0","101,60243762550692"
2030-05-28 13:00:00,"1533,5022558642106","0,0","0,0"
2030-05-28 14:00:00,"1821,5022558642106","0,0","288,0"
2030-05-28 15:00:00,"2016,0","0,0","194,49774413578945"
2030-05-28 16:00:00,"2304,0","0,0","288,0"
2030-05-28 17:00:00,"2304,0","0,0","0,0"
2030-05-28 18:00:00,"2304,0","0,0","0,0"
2030-05-28 19:00:00,"2304,0","0,0","0,0"
2030-05-28 20:00:00,"1944,0","288,0","0,0"
2030-05-28 21:00:00,"1944,0","0,0","0,0"
2030-05-28 22:00:00,"1944,0","0,0","0,0"
2030-05-28 23:00:00,"1944,0","0,0","0,0"
2030-05-29 00:00:00,"1944,0","0,0","0,0"
2030-05-29 01:00:00,"1584,0","288,0","0,0"
2030-05-29 02:00:00,"1224,0","288,0","0,0"
2030-05-29 03:00:00,"864,0","288,0","0,0"
2030-05-29 04:00:00,"504,0","288,0","0,0"
2030-05-29 05:00:00,"144,0","288,0","0,0"
2030-05-29 06:00:00,"0,0","115,2","0,0"
2030-05-29 07:00:00,"41,075592553021124","0,0","41,075592553021124"
2030-05-29 08:00:00,"329,0755925530211","0,0","288,0"
2030-05-29 09:00:00,"617,0755925530211","0,0","288,0"
2030-05-29 10:00:00,"905,0755925530211","0,0","288,0"
2030-05-29 11:00:00,"1193,0755925530211","0,0","288,0"
2030-05-29 12:00:00,"1481,0755925530211","0,0","288,0"
2030-05-29 13:00:00,"1769,0755925530211","0,0","288,0"
2030-05-29 14:00:00,"2057,075592553021","0,0","288,0"
2030-05-29 15:00:00,"2304,0","0,0","246,92440744697888"
2030-05-29 16:00:00,"2304,0","0,0","0,0"
2030-05-29 17:00:00,"2304,0","0,0","0,0"
2030-05-29 18:00:00,"1944,0","288,0","0,0"
2030-05-29 19:00:00,"1584,0","288,0","0,0"
2030-05-29 20:00:00,"1224,0","288,0","0,0"
2030-05-29 21:00:00,"864,0","288,0","0,0"
2030-05-29 22:00:00,"504,0","288,0","0,0"
2030-05-29 23:00:00,"144,0","288,0","0,0"
2030-05-30 00:00:00,"144,0","0,0","0,0"
2030-05-30 01:00:00,"144,0","0,0","0,0"
2030-05-30 02:00:00,"144,0","0,0","0,0"
2030-05-30 03:00:00,"144,0","0,0","0,0"
2030-05-30 04:00:00,"144,0","0,0","0,0"
2030-05-30 05:00:00,"0,0","115,2","0,0"
2030-05-30 06:00:00,"0,0","0,0","0,0"
2030-05-30 07:00:00,"0,0","0,0","0,0"
2030-05-30 08:00:00,"288,0","0,0","288,0"
2030-05-30 09:00:00,"576,0","0,0","288,0"
2030-05-30 10:00:00,"864,0","0,0","288,0"
2030-05-30 11:00:00,"1152,0","0,0","288,0"
2030-05-30 12:00:00,"1440,0","0,0","288,0"
2030-05-30 13:00:00,"1728,0","0,0","288,0"
2030-05-30 14:00:00,"2016,0","0,0","288,0"
2030-05-30 15:00:00,"2304,0","0,0","288,0"
2030-05-30 16:00:00,"2304,0","0,0","0,0"
2030-05-30 17:00:00,"2032,1718022175924","217,4625582259261","0,0"
2030-05-30 18:00:00,"1672,1718022175924","288,0","0,0"
2030-05-30 19:00:00,"1312,1718022175924","288,0","0,0"
2030-05-30 20:00:00,"952,1718022175924","288,0","0,0"
2030-05-30 21:00:00,"592,1718022175924","288,0","0,0"
2030-05-30 22:00:00,"232,17180221759236","288,0","0,0"
2030-05-30 23:00:00,"226,7828421848887","4,311168026162932","0,0"
2030-05-31 00:00:00,"226,7828421848887","0,0","0,0"
2030-05-31 01:00:00,"456,5920552780251","0,0","229,8092130931364"
2030-05-31 02:00:00,"744,5920552780251","0,0","288,0"
2030-05-31 03:00:00,"744,5920552780251","0,0","0,0"
2030-05-31 04:00:00,"720,0","19,67364422242008","0,0"
2030-05-31 05:00:00,"360,0","288,0","0,0"
2030-05-31 06:00:00,"0,0","288,0","0,0"
2030-05-31 07:00:00,"0,0","0,0","0,0"
2030-05-31 08:00:00,"288,0","0,0","288,0"
2030-05-31 09:00:00,"576,0","0,0","288,0"
2030-05-31 10:00:00,"864,0","0,0","288,0"
2030-05-31 11:00:00,"1152,0","0,0","288,0"
2030-05-31 12:00:00,"1440,0","0,0","288,0"
2030-05-31 13:00:00,"1728,0","0,0","288,0"
2030-05-31 14:00:00,"2016,0","0,0","288,0"
2030-05-31 15:00:00,"2304,0","0,0","288,0"
2030-05-31 16:00:00,"2304,0","0,0","0,0"
2030-05-31 17:00:00,"1944,0","288,0","0,0"
2030-05-31 18:00:00,"1584,0","288,0","0,0"
2030-05-31 19:00:00,"1224,0","288,0","0,0"
2030-05-31 20:00:00,"864,0","288,0","0,0"
2030-05-31 21:00:00,"504,0","288,0","0,0"
2030-05-31 22:00:00,"504,0","0,0","0,0"
2030-05-31 23:00:00,"504,0","0,0","0,0"
2030-06-01 00:00:00,"504,0","0,0","0,0"
2030-06-01 01:00:00,"504,0","0,0","0,0"
2030-06-01 02:00:00,"504,0","0,0","0,0"
2030-06-01 03:00:00,"504,0","0,0","0,0"
2030-06-01 04:00:00,"360,0","115,2","0,0"
2030-06-01 05:00:00,"0,0","288,0","0,0"
2030-06-01 06:00:00,"0,0","0,0","0,0"
2030-06-01 07:00:00,"0,0","0,0","0,0"
2030-06-01 08:00:00,"288,0","0,0","288,0"
2030-06-01 09:00:00,"576,0","0,0","288,0"
2030-06-01 10:00:00,"864,0","0,0","288,0"
2030-06-01 11:00:00,"1152,0","0,0","288,0"
2030-06-01 12:00:00,"1440,0","0,0","288,0"
2030-06-01 13:00:00,"1728,0","0,0","288,0"
2030-06-01 14:00:00,"2016,0","0,0","288,0"
2030-06-01 15:00:00,"2304,0","0,0","288,0"
2030-06-01 16:00:00,"2304,0","0,0","0,0"
2030-06-01 17:00:00,"2304,0","0,0","0,0"
2030-06-01 18:00:00,"2304,0","0,0","0,0"
2030-06-01 19:00:00,"2304,0","0,0","0,0"
2030-06-01 20:00:00,"2304,0","0,0","0,0"
2030-06-01 21:00:00,"2304,0","0,0","0,0"
2030-06-01 22:00:00,"1944,0","288,0","0,0"
2030-06-01 23:00:00,"1584,0","288,0","0,0"
2030-06-02 00:00:00,"1224,0","288,0","0,0"
2030-06-02 01:00:00,"864,0","288,0","0,0"
2030-06-02 02:00:00,"504,0","288,0","0,0"
2030-06-02 03:00:00,"360,0","115,2","0,0"
2030-06-02 04:00:00,"0,0","288,0","0,0"
2030-06-02 05:00:00,"0,0","0,0","0,0"
2030-06-02 06:00:00,"0,0","0,0","0,0"
2030-06-02 07:00:00,"0,0","0,0","0,0"
2030-06-02 08:00:00,"0,0","230,4","288,0"
2030-06-02 09:00:00,"0,0","0,0","0,0"
2030-06-02 10:00:00,"0,0","230,4","288,0"
2030-06-02 11:00:00,"288,0","0,0","288,0"
2030-06-02 12:00:00,"576,0","0,0","288,0"
2030-06-02 13:00:00,"576,0","0,0","0,0"
2030-06-02 14:00:00,"864,0","0,0","288,0"
2030-06-02 15:00:00,"1152,0","0,0","288,0"
2030-06-02 16:00:00,"1080,0","288,0","288,0"
2030-06-02 17:00:00,"720,0","288,0","0,0"
2030-06-02 18:00:00,"360,0","288,0","0,0"
2030-06-02 19:00:00,"0,0","288,0","0,0"
2030-06-02 20:00:00,"0,0","230,4","288,0"
2030-06-02 21:00:00,"0,0","230,4","288,0"
2030-06-02 22:00:00,"288,0","0,0","288,0"
2030-06-02 23:00:00,"522,0478534335343","43,161717253172526","288,0"
2030-06-03 00:00:00,"810,0478534335343","0,0","288,0"
2030-06-03 01:00:00,"1098,0478534335343","0,0","288,0"
2030-06-03 02:00:00,"1135,6110768884612","200,3494212360585","288,0"
2030-06-03 03:00:00,"775,6110768884612","288,0","0,0"
2030-06-03 04:00:00,"415,6110768884611","288,0","0,0"
2030-06-03 05:00:00,"259,4156346466323","288,0","203,80455775817114"
2030-06-03 06:00:00,"31,200994192860435","288,0","131,7853595462281"
2030-06-03 07:00:00,"319,20099419286043","0,0","288,0"
2030-06-03 08:00:00,"607,2009941928604","0,0","288,0"
2030-06-03 09:00:00,"895,2009941928604","0,0","288,0"
2030-06-03 10:00:00,"1183,2009941928604","0,0","288,0"
2030-06-03 11:00:00,"1471,2009941928604","0,0","288,0"
2030-06-03 12:00:00,"1759,2009941928604","0,0","288,0"
2030-06-03 13:00:00,"2047,2009941928604","0,0","288,0"
2030-06-03 14:00:00,"2304,0","24,960795354288337","288,0"
2030-06-03 15:00:00,"2304,0","230,4","288,0"
2030-06-03 16:00:00,"2304,0","230,4","288,0"
2030-06-03 17:00:00,"2304,0","0,0","0,0"
2030-06-03 18:00:00,"1944,0","288,0","0,0"
2030-06-03 19:00:00,"1584,0","288,0","0,0"
2030-06-03 20:00:00,"1224,0","288,0","0,0"
2030-06-03 21:00:00,"1512,0","0,0","288,0"
2030-06-03 22:00:00,"1800,0","0,0","288,0"
2030-06-03 23:00:00,"1800,0","0,0","0,0"
2030-06-04 00:00:00,"1800,0","0,0","0,0"
2030-06-04 01:00:00,"1440,0","288,0","0,0"
2030-06-04 02:00:00,"1080,0","288,0","0,0"
2030-06-04 03:00:00,"720,0","288,0","0,0"
2030-06-04 04:00:00,"360,0","288,0","0,0"
2030-06-04 05:00:00,"0,0","288,0","0,0"
2030-06-04 06:00:00,"0,0","0,0","0,0"
2030-06-04 07:00:00,"288,0","0,0","288,0"
2030-06-04 08:00:00,"576,0","0,0","288,0"
2030-06-04 09:00:00,"864,0","0,0","288,0"
2030-06-04 10:00:00,"1152,0","0,0","288,0"
2030-06-04 11:00:00,"1440,0","0,0","288,0"
2030-06-04 12:00:00,"1728,0","0,0","288,0"
2030-06-04 13:00:00,"2016,0","0,0","288,0"
2030-06-04 14:00:00,"2304,0","0,0","288,0"
2030-06-04 15:00:00,"2304,0","0,0","0,0"
2030-06-04 16:00:00,"2304,0","0,0","0,0"
2030-06-04 17:00:00,"2304,0","0,0","0,0"
2030-06-04 18:00:00,"2304,0","0,0","0,0"
2030-06-04 19:00:00,"2304,0","0,0","0,0"
2030-06-04 20:00:00,"2304,0","0,0","0,0"
2030-06-04 21:00:00,"2304,0","0,0","0,0"
2030-06-04 22:00:00,"2304,0","0,0","0,0"
2030-06-04 23:00:00,"2304,0","0,0","0,0"
2030-06-05 00:00:00,"2304,0","0,0","0,0"
2030-06-05 01:00:00,"2304,0","0,0","0,0"
2030-06-05 02:00:00,"2304,0","0,0","0,0"
2030-06-05 03:00:00,"2304,0","0,0","0,0"
2030-06-05 04:00:00,"2304,0","0,0","0,0"
2030-06-05 05:00:00,"2304,0","0,0","0,0"
2030-06-05 06:00:00,"2304,0","0,0","0,0"
2030-06-05 07:00:00,"2304,0","0,0","0,0"
2030-06-05 08:00:00,"2304,0","0,0","0,0"
2030-06-05 09:00:00,"2304,0","0,0","0,0"
2030-06-05 10:00:00,"2304,0","0,0","0,0"
2030-06-05 11:00:00,"2304,0","0,0","0,0"
2030-06-05 12:00:00,"2304,0","0,0","0,0"
2030-06-05 13:00:00,"2304,0","0,0","0,0"
2030-06-05 14:00:00,"2304,0","0,0","0,0"
2030-06-05 15:00:00,"2304,0","0,0","0,0"
2030-06-05 16:00:00,"2304,0","0,0","0,0"
2030-06-05 17:00:00,"2304,0","0,0","0,0"
2030-06-05 18:00:00,"2156,637418651359","117,89006507891281","0,0"
2030-06-05 19:00:00,"1796,637418651359","288,0","0,0"
2030-06-05 20:00:00,"1436,637418651359","288,0","0,0"
2030-06-05 21:00:00,"1076,637418651359","288,0","0,0"
2030-06-05 22:00:00,"1076,637418651359","0,0","0,0"
2030-06-05 23:00:00,"1076,637418651359","0,0","0,0"
2030-06-06 00:00:00,"1076,637418651359","0,0","0,0"
2030-06-06 01:00:00,"1076,637418651359","0,0","0,0"
2030-06-06 02:00:00,"1076,637418651359","0,0","0,0"
2030-06-06 03:00:00,"1076,637418651359","0,0","0,0"
2030-06-06 04:00:00,"716,637418651359","288,0","0,0"
2030-06-06 05:00:00,"356,637418651359","288,0","0,0"
2030-06-06 06:00:00,"87,45676898998863","215,34451972909628","0,0"
2030-06-06 07:00:00,"87,45676898998863","0,0","0,0"
2030-06-06 08:00:00,"87,45676898998863","0,0","0,0"
2030-06-06 09:00:00,"87,45676898998863","0,0","0,0"
2030-06-06 10:00:00,"87,45676898998863","0,0","0,0"
2030-06-06 11:00:00,"337,4242301088518","0,0","249,96746111886318"
2030-06-06 12:00:00,"337,4242301088518","0,0","0,0"
2030-06-06 13:00:00,"491,1043007131195","0,0","153,6800706042677"
2030-06-06 14:00:00,"779,1043007131195","0,0","288,0"
2030-06-06 15:00:00,"1067,1043007131195","0,0","288,0"
2030-06-06 16:00:00,"1224,0","0,0","156,89569928688047"
2030-06-06 17:00:00,"1512,0","0,0","288,0"
2030-06-06 18:00:00,"1800,0","0,0","288,0"
2030-06-06 19:00:00,"1440,0","288,0","0,0"
2030-06-06 20:00:00,"1080,0","288,0","0,0"
2030-06-06 21:00:00,"1080,0","0,0","0,0"
2030-06-06 22:00:00,"1080,0","0,0","0,0"
2030-06-06 23:00:00,"1080,0","0,0","0,0"
2030-06-07 00:00:00,"1080,0","0,0","0,0"
2030-06-07 01:00:00,"1080,0","0,0","0,0"
2030-06-07 02:00:00,"1080,0","0,0","0,0"
2030-06-07 03:00:00,"1080,0","0,0","0,0"
2030-06-07 04:00:00,"720,0","288,0","0,0"
2030-06-07 05:00:00,"360,0","288,0","0,0"
2030-06-07 06:00:00,"0,0","288,0","0,0"
2030-06-07 07:00:00,"0,0","0,0","0,0"
2030-06-07 08:00:00,"80,13324645165517","0,0","80,13324645165517"
2030-06-07 09:00:00,"80,13324645165517","0,0","0,0"
2030-06-07 10:00:00,"368,13324645165517","0,0","288,0"
2030-06-07 11:00:00,"656,1332464516552","0,0","288,0"
2030-06-07 12:00:00,"944,1332464516552","0,0","288,0"
2030-06-07 13:00:00,"1232,1332464516552","0,0","288,0"
2030-06-07 14:00:00,"1520,1332464516552","0,0","288,0"
2030-06-07 15:00:00,"1808,1332464516552","0,0","288,0"
2030-06-07 16:00:00,"2096,1332464516554","0,0","288,0"
2030-06-07 17:00:00,"2304,0","0,0","207,8667535483446"
2030-06-07 18:00:00,"1944,0","288,0","0,0"
2030-06-07 19:00:00,"1584,0","288,0","0,0"
2030-06-07 20:00:00,"1224,0","288,0","0,0"
2030-06-07 21:00:00,"864,0","288,0","0,0"
2030-06-07 22:00:00,"504,0","288,0","0,0"
2030-06-07 23:00:00,"144,0","288,0","0,0"
2030-06-08 00:00:00,"0,0","115,2","0,0"
2030-06-08 01:00:00,"0,0","0,0","0,0"
2030-06-08 02:00:00,"0,0","0,0","0,0"
2030-06-08 03:00:00,"0,0","0,0","0,0"
2030-06-08 04:00:00,"0,0","0,0","0,0"
2030-06-08 05:00:00,"0,0","0,0","0,0"
2030-06-08 06:00:00,"0,0","0,0","0,0"
2030-06-08 07:00:00,"197,59801204426384","0,0","197,59801204426384"
2030-06-08 08:00:00,"429,320740872824","0,0","231,72272882856015"
2030-06-08 09:00:00,"717,320740872824","0,0","288,0"
2030-06-08 10:00:00,"1005,320740872824","0,0","288,0"
2030-06-08 11:00:00,"1293,320740872824","0,0","288,0"
2030-06-08 12:00:00,"1581,320740872824","0,0","288,0"
2030-06-08 13:00:00,"1869,320740872824","0,0","288,0"
2030-06-08 14:00:00,"2157,320740872824","0,0","288,0"
2030-06-08 15:00:00,"2210,567822760312","0,0","53,24708188748828"
2030-06-08 16:00:00,"1850,567822760312","288,0","0,0"
2030-06-08 17:00:00,"1490,567822760312","288,0","0,0"
2030-06-08 18:00:00,"1130,567822760312","288,0","0,0"
2030-06-08 19:00:00,"770,5678227603121","288,0","0,0"
2030-06-08 20:00:00,"410,5678227603121","288,0","0,0"
2030-06-08 21:00:00,"50,56782276031208","288,0","0,0"
2030-06-08 22:00:00,"0,0","40,45425820824967","0,0"
2030-06-08 23:00:00,"0,0","0,0","0,0"
2030-06-09 00:00:00,"0,0","0,0","0,0"
2030-06-09 01:00:00,"0,0","0,0","0,0"
2030-06-09 02:00:00,"0,0","0,0","0,0"
2030-06-09 03:00:00,"0,0","0,0","0,0"
2030-06-09 04:00:00,"0,0","0,0","0,0"
2030-06-09 05:00:00,"0,0","0,0","0,0"
2030-06-09 06:00:00,"0,0","0,0","0,0"
2030-06-09 07:00:00,"0,0","0,0","0,0"
2030-06-09 08:00:00,"288,0","0,0","288,0"
2030-06-09 09:00:00,"576,0","0,0","288,0"
2030-06-09 10:00:00,"864,0","0,0","288,0"
2030-06-09 11:00:00,"1152,0","0,0","288,0"
2030-06-09 12:00:00,"1440,0","0,0","288,0"
2030-06-09 13:00:00,"1728,0","0,0","288,0"
2030-06-09 14:00:00,"2016,0","0,0","288,0"
2030-06-09 15:00:00,"2304,0","0,0","288,0"
2030-06-09 16:00:00,"2304,0","0,0","0,0"
2030-06-09 17:00:00,"1944,0","288,0","0,0"
2030-06-09 18:00:00,"1584,0","288,0","0,0"
2030-06-09 19:00:00,"1224,0","288,0","0,0"
2030-06-09 20:00:00,"864,0","288,0","0,0"
2030-06-09 21:00:00,"504,0","288,0","0,0"
2030-06-09 22:00:00,"504,0","0,0","0,0"
2030-06-09 23:00:00,"504,0","0,0","0,0"
2030-06-10 00:00:00,"504,0","0,0","0,0"
2030-06-10 01:00:00,"504,0","0,0","0,0"
2030-06-10 02:00:00,"504,0","0,0","0,0"
2030-06-10 03:00:00,"504,0","0,0","0,0"
2030-06-10 04:00:00,"144,0","288,0","0,0"
2030-06-10 05:00:00,"0,0","115,2","0,0"
2030-06-10 06:00:00,"288,0","0,0","288,0"
2030-06-10 07:00:00,"576,0","0,0","288,0"
2030-06-10 08:00:00,"864,0","0,0","288,0"
2030-06-10 09:00:00,"1152,0","0,0","288,0"
2030-06-10 10:00:00,"1440,0","0,0","288,0"
2030-06-10 11:00:00,"1728,0","0,0","288,0"
2030-06-10 12:00:00,"2016,0","0,0","288,0"
2030-06-10 13:00:00,"2016,0","0,0","0,0"
2030-06-10 14:00:00,"2304,0","0,0","288,0"
2030-06-10 15:00:00,"2304,0","0,0","0,0"
2030-06-10 16:00:00,"2304,0","0,0","0,0"
2030-06-10 17:00:00,"1964,7928160394872","271,3657471684103","0,0"
2030-06-10 18:00:00,"1604,7928160394872","288,0","0,0"
2030-06-10 19:00:00,"1604,7928160394872","0,0","0,0"
2030-06-10 20:00:00,"1604,7928160394872","0,0","0,0"
2030-06-10 21:00:00,"1604,7928160394872","0,0","0,0"
2030-06-10 22:00:00,"1872,0","0,0","267,2071839605128"
2030-06-10 23:00:00,"2160,0","0,0","288,0"
2030-06-11 00:00:00,"2160,0","0,0","0,0"
2030-06-11 01:00:00,"1800,0","288,0","0,0"
2030-06-11 02:00:00,"1440,0","288,0","0,0"
2030-06-11 03:00:00,"1080,0","288,0","0,0"
2030-06-11 04:00:00,"720,0","288,0","0,0"
2030-06-11 05:00:00,"360,0","288,0","0,0"
2030-06-11 06:00:00,"0,0","288,0","0,0"
2030-06-11 07:00:00,"0,0","0,0","0,0"
2030-06-11 08:00:00,"288,0","0,0","288,0"
2030-06-11 09:00:00,"576,0","0,0","288,0"
2030-06-11 10:00:00,"864,0","0,0","288,0"
2030-06-11 11:00:00,"1152,0","0,0","288,0"
2030-06-11 12:00:00,"1440,0","0,0","288,0"
2030-06-11 13:00:00,"1728,0","0,0","288,0"
2030-06-11 14:00:00,"2016,0","0,0","288,0"
2030-06-11 15:00:00,"2304,0","0,0","288,0"
2030-06-11 16:00:00,"2304,0","0,0","0,0"
2030-06-11 17:00:00,"2304,0","0,0","0,0"
2030-06-11 18:00:00,"2244,5270632538977","47,57834939688182","0,0"
2030-06-11 19:00:00,"1884,5270632538977","288,0","0,0"
2030-06-11 20:00:00,"1524,5270632538977","288,0","0,0"
2030-06-11 21:00:00,"1524,5270632538977","0,0","0,0"
2030-06-11 22:00:00,"1524,5270632538977","0,0","0,0"
2030-06-11 23:00:00,"1524,5270632538977","0,0","0,0"
2030-06-12 00:00:00,"1355,8066118705055","134,97636110671374","0,0"
2030-06-12 01:00:00,"1355,8066118705055","0,0","0,0"
2030-06-12 02:00:00,"1080,0","220,64528949640436","0,0"
2030-06-12 03:00:00,"720,0","288,0","0,0"
2030-06-12 04:00:00,"360,0","288,0","0,0"
2030-06-12 05:00:00,"0,0","288,0","0,0"
2030-06-12 06:00:00,"0,0","0,0","0,0"
2030-06-12 07:00:00,"288,0","0,0","288,0"
2030-06-12 08:00:00,"576,0","0,0","288,0"
2030-06-12 09:00:00,"670,474780913434","0,0","94,47478091343396"
2030-06-12 10:00:00,"958,474780913434","0,0","288,0"
2030-06-12 11:00:00,"1152,0","75,57982473074719","288,0"
2030-06-12 12:00:00,"1440,0","0,0","288,0"
2030-06-12 13:00:00,"1728,0","0,0","288,0"
2030-06-12 14:00:00,"2016,0","0,0","288,0"
2030-06-12 15:00:00,"2304,0","0,0","288,0"
2030-06-12 16:00:00,"2304,0","0,0","0,0"
2030-06-12 17:00:00,"2304,0","0,0","0,0"
2030-06-12 18:00:00,"2304,0","0,0","0,0"
2030-06-12 19:00:00,"1944,0","288,0","0,0"
2030-06-12 20:00:00,"1584,0","288,0","0,0"
2030-06-12 21:00:00,"1224,0","288,0","0,0"
2030-06-12 22:00:00,"1512,0","0,0","288,0"
2030-06-12 23:00:00,"1800,0","0,0","288,0"
2030-06-13 00:00:00,"2088,0","0,0","288,0"
2030-06-13 01:00:00,"2088,0","0,0","0,0"
2030-06-13 02:00:00,"1728,0","288,0","0,0"
2030-06-13 03:00:00,"1368,0","288,0","0,0"
2030-06-13 04:00:00,"1008,0","288,0","0,0"
2030-06-13 05:00:00,"648,0","288,0","0,0"
2030-06-13 06:00:00,"541,2474535758986","85,40203713928113","0,0"
2030-06-13 07:00:00,"829,2474535758986","0,0","288,0"
2030-06-13 08:00:00,"1117,2474535758986","0,0","288,0"
2030-06-13 09:00:00,"1405,2474535758986","0,0","288,0"
2030-06-13 10:00:00,"1693,2474535758986","0,0","288,0"
2030-06-13 11:00:00,"1981,2474535758986","0,0","288,0"
2030-06-13 12:00:00,"1981,2474535758986","0,0","0,0"
2030-06-13 13:00:00,"2251,7579799099776","0,0","270,5105263340791"
2030-06-13 14:00:00,"2304,0","0,0","52,24202009002215"
2030-06-13 15:00:00,"2304,0","0,0","0,0"
2030-06-13 16:00:00,"2304,0","0,0","0,0"
2030-06-13 17:00:00,"1944,0","288,0","0,0"
2030-06-13 18:00:00,"1584,0","288,0","0,0"
2030-06-13 19:00:00,"1224,0","288,0","0,0"
2030-06-13 20:00:00,"864,0","288,0","0,0"
2030-06-13 21:00:00,"504,0","288,0","0,0"
2030-06-13 22:00:00,"504,0","0,0","0,0"
2030-06-13 23:00:00,"792,0","0,0","288,0"
2030-06-14 00:00:00,"1080,0","0,0","288,0"
2030-06-14 01:00:00,"1080,0","0,0","0,0"
2030-06-14 02:00:00,"1080,0","0,0","0,0"
2030-06-14 03:00:00,"1080,0","0,0","0,0"
2030-06-14 04:00:00,"720,0","288,0","0,0"
2030-06-14 05:00:00,"360,0","288,0","0,0"
2030-06-14 06:00:00,"0,0","288,0","0,0"
2030-06-14 07:00:00,"0,0","0,0","0,0"
2030-06-14 08:00:00,"0,0","0,0","0,0"
2030-06-14 09:00:00,"90,41925603592017","0,0","90,41925603592017"
2030-06-14 10:00:00,"378,41925603592017","0,0","288,0"
2030-06-14 11:00:00,"666,4192560359202","0,0","288,0"
2030-06-14 12:00:00,"954,4192560359202","0,0","288,0"
2030-06-14 13:00:00,"1242,4192560359202","0,0","288,0"
2030-06-14 14:00:00,"1530,4192560359202","0,0","288,0"
2030-06-14 15:00:00,"1530,4192560359202","0,0","0,0"
2030-06-14 16:00:00,"1530,4192560359202","0,0","0,0"
2030-06-14 17:00:00,"1530,4192560359202","0,0","0,0"
2030-06-14 18:00:00,"1170,4192560359202","288,0","0,0"
2030-06-14 19:00:00,"810,4192560359201","288,0","0,0"
2030-06-14 20:00:00,"810,4192560359201","0,0","0,0"
2030-06-14 21:00:00,"652,6068389986759","126,24993362979534","0,0"
2030-06-14 22:00:00,"360,0","234,08547119894075","0,0"
2030-06-14 23:00:00,"0,0","288,0","0,0"
2030-06-15 00:00:00,"0,0","0,0","0,0"
2030-06-15 01:00:00,"0,0","0,0","0,0"
2030-06-15 02:00:00,"0,0","0,0","0,0"
2030-06-15 03:00:00,"0,0","0,0","0,0"
2030-06-15 04:00:00,"0,0","0,0","0,0"
2030-06-15 05:00:00,"0,0","0,0","0,0"
2030-06-15 06:00:00,"0,0","0,0","0,0"
2030-06-15 07:00:00,"0,0","0,0","0,0"
2030-06-15 08:00:00,"0,0","0,0","0,0"
2030-06-15 09:00:00,"288,0","0,0","288,0"
2030-06-15 10:00:00,"576,0","0,0","288,0"
2030-06-15 11:00:00,"858,2924087919871","0,0","282,29240879198716"
2030-06-15 12:00:00,"1146,292408791987","0,0","288,0"
2030-06-15 13:00:00,"1434,292408791987","0,0","288,0"
2030-06-15 14:00:00,"1585,9932498814899","0,0","151,70084108950277"
2030-06-15 15:00:00,"1585,9932498814899","0,0","0,0"
2030-06-15 16:00:00,"1585,9932498814899","0,0","0,0"
2030-06-15 17:00:00,"1585,9932498814899","0,0","0,0"
2030-06-15 18:00:00,"1585,9932498814899","0,0","0,0"
2030-06-15 19:00:00,"1585,9932498814899","0,0","0,0"
2030-06-15 20:00:00,"1585,9932498814899","0,0","0,0"
2030-06-15 21:00:00,"1585,9932498814899","0,0","0,0"
2030-06-15 22:00:00,"1585,9932498814899","0,0","0,0"
2030-06-15 23:00:00,"1585,9932498814899","0,0","0,0"
2030-06-16 00:00:00,"1585,9932498814899","0,0","0,0"
2030-06-16 01:00:00,"1440,0","116,79459990519194","0,0"
2030-06-16 02:00:00,"1080,0","288,0","0,0"
2030-06-16 03:00:00,"720,0","288,0","0,0"
2030-06-16 04:00:00,"360,0","288,0","0,0"
2030-06-16 05:00:00,"0,0","288,0","0,0"
2030-06-16 06:00:00,"0,0","0,0","0,0"
2030-06-16 07:00:00,"160,4188209546798","0,0","160,4188209546798"
2030-06-16 08:00:00,"448,4188209546798","0,0","288,0"
2030-06-16 09:00:00,"736,4188209546799","0,0","288,0"
2030-06-16 10:00:00,"1024,4188209546799","0,0","288,0"
2030-06-16 11:00:00,"1312,4188209546799","0,0","288,0"
2030-06-16 12:00:00,"1600,4188209546799","0,0","288,0"
2030-06-16 13:00:00,"1888,4188209546799","0,0","288,0"
2030-06-16 14:00:00,"2176,41882095468","0,0","288,0"
2030-06-16 15:00:00,"2304,0","0,0","127,58117904531991"
2030-06-16 16:00:00,"2304,0","0,0","0,0"
2030-06-16 17:00:00,"2304,0","0,0","0,0"
2030-06-16 18:00:00,"2304,0","0,0","0,0"
2030-06-16 19:00:00,"2160,0","115,2","0,0"
2030-06-16 20:00:00,"1800,0","288,0","0,0"
2030-06-16 21:00:00,"1800,0","0,0","0,0"
2030-06-16 22:00:00,"1800,0","0,0","0,0"
2030-06-16 23:00:00,"1800,0","0,0","0,0"
2030-06-17 00:00:00,"1800,0","0,0","0,0"
2030-06-17 01:00:00,"1800,0","0,0","0,0"
2030-06-17 02:00:00,"1800,0","0,0","0,0"
2030-06-17 03:00:00,"1800,0","0,0","0,0"
2030-06-17 04:00:00,"1440,0","288,0","0,0"
2030-06-17 05:00:00,"1080,0","288,0","0,0"
2030-06-17 06:00:00,"720,0","288,0","0,0"
2030-06-17 07:00:00,"720,0","0,0","0,0"
2030-06-17 08:00:00,"720,0","0,0","0,0"
2030-06-17 09:00:00,"720,0","0,0","0,0"
2030-06-17 10:00:00,"720,0","0,0","0,0"
2030-06-17 11:00:00,"720,0","0,0","0,0"
2030-06-17 12:00:00,"720,0","0,0","0,0"
2030-06-17 13:00:00,"720,0","0,0","0,0"
2030-06-17 14:00:00,"720,0","0,0","0,0"
2030-06-17 15:00:00,"720,0","0,0","0,0"
2030-06-17 16:00:00,"720,0","0,0","0,0"
2030-06-17 17:00:00,"360,0","288,0","0,0"
2030-06-17 18:00:00,"0,0","288,0","0,0"
2030-06-17 19:00:00,"0,0","0,0","0,0"
2030-06-17 20:00:00,"0,0","0,0","0,0"
2030-06-17 21:00:00,"0,0","0,0","0,0"
2030-06-17 22:00:00,"0,0","0,0","0,0"
2030-06-17 23:00:00,"288,0","0,0","288,0"
2030-06-18 00:00:00,"576,0","0,0","288,0"
2030-06-18 01:00:00,"864,0","0,0","288,0"
2030-06-18 02:00:00,"1130,904905719159","0,0","266,90490571915893"
2030-06-18 03:00:00,"1108,7511649014514","17,72299265416609","0,0"
2030-06-18 04:00:00,"783,5383544919704","260,1702483275848","0,0"
2030-06-18 05:00:00,"423,5383544919704","288,0","0,0"
2030-06-18 06:00:00,"288,0","108,4306835935763","0,0"
2030-06-18 07:00:00,"288,0","0,0","0,0"
2030-06-18 08:00:00,"576,0","0,0","288,0"
2030-06-18 09:00:00,"864,0","0,0","288,0"
2030-06-18 10:00:00,"1152,0","0,0","288,0"
2030-06-18 11:00:00,"1440,0","0,0","288,0"
2030-06-18 12:00:00,"1728,0","0,0","288,0"
2030-06-18 13:00:00,"2016,0","0,0","288,0"
2030-06-18 14:00:00,"2304,0","0,0","288,0"
2030-06-18 15:00:00,"2304,0","0,0","0,0"
2030-06-18 16:00:00,"2304,0","0,0","0,0"
2030-06-18 17:00:00,"1944,0","288,0","0,0"
2030-06-18 18:00:00,"1584,0","288,0","0,0"
2030-06-18 19:00:00,"1224,0","288,0","0,0"
2030-06-18 20:00:00,"864,0","288,0","0,0"
2030-06-18 21:00:00,"504,0","288,0","0,0"
2030-06-18 22:00:00,"504,0","0,0","0,0"
2030-06-18 23:00:00,"504,0","0,0","0,0"
2030-06-19 00:00:00,"504,0","0,0","0,0"
2030-06-19 01:00:00,"504,0","0,0","0,0"
2030-06-19 02:00:00,"504,0","0,0","0,0"
2030-06-19 03:00:00,"504,0","0,0","0,0"
2030-06-19 04:00:00,"360,0","115,2","0,0"
2030-06-19 05:00:00,"0,0","288,0","0,0"
2030-06-19 06:00:00,"0,0","0,0","0,0"
2030-06-19 07:00:00,"0,0","0,0","0,0"
2030-06-19 08:00:00,"288,0","0,0","288,0"
2030-06-19 09:00:00,"576,0","0,0","288,0"
2030-06-19 10:00:00,"864,0","0,0","288,0"
2030-06-19 11:00:00,"1152,0","0,0","288,0"
2030-06-19 12:00:00,"1440,0","0,0","288,0"
2030-06-19 13:00:00,"1728,0","0,0","288,0"
2030-06-19 14:00:00,"2016,0","0,0","288,0"
2030-06-19 15:00:00,"2304,0","0,0","288,0"
2030-06-19 16:00:00,"2304,0","0,0","0,0"
2030-06-19 17:00:00,"2304,0","0,0","0,0"
2030-06-19 18:00:00,"2304,0","0,0","0,0"
2030-06-19 19:00:00,"2131,101214198534","138,31902864117285","0,0"
2030-06-19 20:00:00,"1771,1012141985339","288,0","0,0"
2030-06-19 21:00:00,"1411,1012141985339","288,0","0,0"
2030-06-19 22:00:00,"1411,1012141985339","0,0","0,0"
2030-06-19 23:00:00,"1411,1012141985339","0,0","0,0"
2030-06-20 00:00:00,"1411,1012141985339","0,0","0,0"
2030-06-20 01:00:00,"1411,1012141985339","0,0","0,0"
2030-06-20 02:00:00,"1411,1012141985339","0,0","0,0"
2030-06-20 03:00:00,"1080,0","264,8809713588271","0,0"
2030-06-20 04:00:00,"720,0","288,0","0,0"
2030-06-20 05:00:00,"360,0","288,0","0,0"
2030-06-20 06:00:00,"0,0","288,0","0,0"
2030-06-20 07:00:00,"0,0","0,0","0,0"
2030-06-20 08:00:00,"288,0","0,0","288,0"
2030-06-20 09:00:00,"576,0","0,0","288,0"
2030-06-20 10:00:00,"864,0","0,0","288,0"
2030-06-20 11:00:00,"1152,0","0,0","288,0"
2030-06-20 12:00:00,"1440,0","0,0","288,0"
2030-06-20 13:00:00,"1728,0","0,0","288,0"
2030-06-20 14:00:00,"2016,0","0,0","288,0"
2030-06-20 15:00:00,"2304,0","0,0","288,0"
2030-06-20 16:00:00,"2304,0","0,0","0,0"
2030-06-20 17:00:00,"1944,0","288,0","0,0"
2030-06-20 18:00:00,"1584,0","288,0","0,0"
2030-06-20 19:00:00,"1261,4732986683787","258,021361065297","0,0"
2030-06-20 20:00:00,"1261,4732986683787","0,0","0,0"
2030-06-20 21:00:00,"1261,4732986683787","0,0","0,0"
2030-06-20 22:00:00,"1261,4732986683787","0,0","0,0"
2030-06-20 23:00:00,"1549,4732986683787","0,0","288,0"
2030-06-21 00:00:00,"1837,4732986683787","0,0","288,0"
2030-06-21 01:00:00,"2125,4732986683784","0,0","288,0"
2030-06-21 02:00:00,"2304,0","0,0","178,52670133162155"
2030-06-21 03:00:00,"2304,0","0,0","0,0"
2030-06-21 04:00:00,"1944,0","288,0","0,0"
2030-06-21 05:00:00,"1584,0","288,0","0,0"
2030-06-21 06:00:00,"1397,0961230784806","149,52310153721555","0,0"
2030-06-21 07:00:00,"1397,0961230784806","0,0","0,0"
2030-06-21 08:00:00,"1397,0961230784806","0,0","0,0"
2030-06-21 09:00:00,"1401,1273288503012","0,0","4,0312057718205665"
2030-06-21 10:00:00,"1401,1273288503012","0,0","0,0"
2030-06-21 11:00:00,"1401,1273288503012","0,0","0,0"
2030-06-21 12:00:00,"1401,1273288503012","0,0","0,0"
2030-06-21 13:00:00,"1401,1273288503012","0,0","0,0"
2030-06-21 14:00:00,"1401,1273288503012","0,0","0,0"
2030-06-21 15:00:00,"1401,1273288503012","0,0","0,0"
2030-06-21 16:00:00,"1401,1273288503012","0,0","0,0"
2030-06-21 17:00:00,"1041,1273288503012","288,0","0,0"
2030-06-21 18:00:00,"681,1273288503011","288,0","0,0"
2030-06-21 19:00:00,"321,12732885030107","288,0","0,0"
2030-06-21 20:00:00,"0,0","256,90186308024084","0,0"
2030-06-21 21:00:00,"0,0","0,0","0,0"
2030-06-21 22:00:00,"0,0","0,0","0,0"
2030-06-21 23:00:00,"0,0","0,0","0,0"
2030-06-22 00:00:00,"0,0","0,0","0,0"
2030-06-22 01:00:00,"0,0","0,0","0,0"
2030-06-22 02:00:00,"0,0","0,0","0,0"
2030-06-22 03:00:00,"0,0","0,0","0,0"
2030-06-22 04:00:00,"0,0","0,0","0,0"
2030-06-22 05:00:00,"0,0","0,0","0,0"
2030-06-22 06:00:00,"0,0","0,0","0,0"
2030-06-22 07:00:00,"0,0","0,0","0,0"
2030-06-22 08:00:00,"288,0","0,0","288,0"
2030-06-22 09:00:00,"576,0","0,0","288,0"
2030-06-22 10:00:00,"864,0","0,0","288,0"
2030-06-22 11:00:00,"1152,0","0,0","288,0"
2030-06-22 12:00:00,"1440,0","0,0","288,0"
2030-06-22 13:00:00,"1728,0","0,0","288,0"
2030-06-22 14:00:00,"2016,0","0,0","288,0"
2030-06-22 15:00:00,"2304,0","0,0","288,0"
2030-06-22 16:00:00,"2304,0","0,0","0,0"
2030-06-22 17:00:00,"1944,0","288,0","0,0"
2030-06-22 18:00:00,"1584,0","288,0","0,0"
2030-06-22 19:00:00,"1224,0","288,0","0,0"
2030-06-22 20:00:00,"864,0","288,0","0,0"
2030-06-22 21:00:00,"504,0","288,0","0,0"
2030-06-22 22:00:00,"144,0","288,0","0,0"
2030-06-22 23:00:00,"0,0","115,2","0,0"
2030-06-23 00:00:00,"0,0","0,0","0,0"
2030-06-23 01:00:00,"0,0","0,0","0,0"
2030-06-23 02:00:00,"0,0","0,0","0,0"
2030-06-23 03:00:00,"0,0","0,0","0,0"
2030-06-23 04:00:00,"0,0","0,0","0,0"
2030-06-23 05:00:00,"0,0","0,0","0,0"
2030-06-23 06:00:00,"0,0","0,0","0,0"
2030-06-23 07:00:00,"288,0","0,0","288,0"
2030-06-23 08:00:00,"576,0","0,0","288,0"
2030-06-23 09:00:00,"864,0","0,0","288,0"
2030-06-23 10:00:00,"1152,0","0,0","288,0"
2030-06-23 11:00:00,"1152,0","0,0","0,0"
2030-06-23 12:00:00,"1152,0","0,0","0,0"
2030-06-23 13:00:00,"1440,0","0,0","288,0"
2030-06-23 14:00:00,"1728,0","0,0","288,0"
2030-06-23 15:00:00,"2016,0","0,0","288,0"
2030-06-23 16:00:00,"2304,0","0,0","288,0"
2030-06-23 17:00:00,"2304,0","0,0","0,0"
2030-06-23 18:00:00,"2304,0","0,0","0,0"
2030-06-23 19:00:00,"2304,0","0,0","0,0"
2030-06-23 20:00:00,"2304,0","0,0","0,0"
2030-06-23 21:00:00,"1944,0","288,0","0,0"
2030-06-23 22:00:00,"1944,0","0,0","0,0"
2030-06-23 23:00:00,"1944,0","0,0","0,0"
2030-06-24 00:00:00,"1944,0","0,0","0,0"
2030-06-24 01:00:00,"1671,5198379540352","217,98412963677183","0,0"
2030-06-24 02:00:00,"1311,5198379540352","288,0","0,0"
2030-06-24 03:00:00,"951,5198379540352","288,0","0,0"
2030-06-24 04:00:00,"591,5198379540352","288,0","0,0"
2030-06-24 05:00:00,"231,51983795403515","288,0","0,0"
2030-06-24 06:00:00,"0,0","185,21587036322813","0,0"
2030-06-24 07:00:00,"27,15430395300814","0,0","27,15430395300814"
2030-06-24 08:00:00,"315,15430395300814","0,0","288,0"
2030-06-24 09:00:00,"603,1543039530081","0,0","288,0"
2030-06-24 10:00:00,"891,1543039530081","0,0","288,0"
2030-06-24 11:00:00,"1179,1543039530081","0,0","288,0"
2030-06-24 12:00:00,"1467,1543039530081","0,0","288,0"
2030-06-24 13:00:00,"1755,1543039530081","0,0","288,0"
2030-06-24 14:00:00,"2043,1543039530081","0,0","288,0"
2030-06-24 15:00:00,"2304,0","0,0","260,8456960469918"
2030-06-24 16:00:00,"2304,0","0,0","0,0"
2030-06-24 17:00:00,"2304,0","0,0","0,0"
2030-06-24 18:00:00,"2263,836198108743","32,13104151300577","0,0"
2030-06-24 19:00:00,"2263,836198108743","0,0","0,0"
2030-06-24 20:00:00,"2263,836198108743","0,0","0,0"
2030-06-24 21:00:00,"2263,836198108743","0,0","0,0"
2030-06-24 22:00:00,"2263,836198108743","0,0","0,0"
2030-06-24 23:00:00,"2263,836198108743","0,0","0,0"
2030-06-25 00:00:00,"2263,836198108743","0,0","0,0"
2030-06-25 01:00:00,"2263,836198108743","0,0","0,0"
2030-06-25 02:00:00,"2263,836198108743","0,0","0,0"
2030-06-25 03:00:00,"2263,836198108743","0,0","0,0"
2030-06-25 04:00:00,"1903,8361981087428","288,0","0,0"
2030-06-25 05:00:00,"1543,8361981087428","288,0","0,0"
2030-06-25 06:00:00,"1183,8361981087428","288,0","0,0"
2030-06-25 07:00:00,"1183,8361981087428","0,0","0,0"
2030-06-25 08:00:00,"1183,8361981087428","0,0","0,0"
2030-06-25 09:00:00,"1183,8361981087428","0,0","0,0"
2030-06-25 10:00:00,"1223,3338872417926","0,0","39,497689133049846"
2030-06-25 11:00:00,"1511,3338872417926","0,0","288,0"
2030-06-25 12:00:00,"1511,3338872417926","0,0","0,0"
2030-06-25 13:00:00,"1799,3338872417926","0,0","288,0"
2030-06-25 14:00:00,"2087,3338872417926","0,0","288,0"
2030-06-25 15:00:00,"2304,0","0,0","216,66611275820736"
2030-06-25 16:00:00,"2304,0","0,0","0,0"
2030-06-25 17:00:00,"2304,0","0,0","0,0"
2030-06-25 18:00:00,"2063,1854492838556","192,65164057291548","0,0"
2030-06-25 19:00:00,"2063,1854492838556","0,0","0,0"
2030-06-25 20:00:00,"2063,1854492838556","0,0","0,0"
2030-06-25 21:00:00,"2063,1854492838556","0,0","0,0"
2030-06-25 22:00:00,"2063,1854492838556","0,0","0,0"
2030-06-25 23:00:00,"2063,1854492838556","0,0","0,0"
2030-06-26 00:00:00,"2063,1854492838556","0,0","0,0"
2030-06-26 01:00:00,"2063,1854492838556","0,0","0,0"
2030-06-26 02:00:00,"2063,1854492838556","0,0","0,0"
2030-06-26 03:00:00,"2063,1854492838556","0,0","0,0"
2030-06-26 04:00:00,"2063,1854492838556","0,0","0,0"
2030-06-26 05:00:00,"1703,1854492838559","288,0","0,0"
2030-06-26 06:00:00,"1343,1854492838559","288,0","0,0"
2030-06-26 07:00:00,"1343,1854492838559","0,0","0,0"
2030-06-26 08:00:00,"1343,1854492838559","0,0","0,0"
2030-06-26 09:00:00,"1343,1854492838559","0,0","0,0"
2030-06-26 10:00:00,"1530,70614931818","0,0","187,5207000343242"
2030-06-26 11:00:00,"1530,70614931818","0,0","0,0"
2030-06-26 12:00:00,"1742,414950045652","0,0","211,70880072747207"
2030-06-26 13:00:00,"2030,414950045652","0,0","288,0"
2030-06-26 14:00:00,"2195,812757131395","0,0","165,39780708574278"
2030-06-26 15:00:00,"2195,812757131395","0,0","0,0"
2030-06-26 16:00:00,"2304,0","0,0","108,18724286860504"
2030-06-26 17:00:00,"2304,0","0,0","0,0"
2030-06-26 18:00:00,"2304,0","0,0","0,0"
2030-06-26 19:00:00,"2304,0","0,0","0,0"
2030-06-26 20:00:00,"2304,0","0,0","0,0"
2030-06-26 21:00:00,"2304,0","0,0","0,0"
2030-06-26 22:00:00,"2304,0","0,0","0,0"
2030-06-26 23:00:00,"2304,0","0,0","0,0"
2030-06-27 00:00:00,"2304,0","0,0","0,0"
2030-06-27 01:00:00,"2304,0","0,0","0,0"
2030-06-27 02:00:00,"2304,0","0,0","0,0"
2030-06-27 03:00:00,"2304,0","0,0","0,0"
2030-06-27 04:00:00,"2304,0","0,0","0,0"
2030-06-27 05:00:00,"2304,0","0,0","0,0"
2030-06-27 06:00:00,"2016,0","230,4","0,0"
2030-06-27 07:00:00,"2016,0","0,0","0,0"
2030-06-27 08:00:00,"2016,0","0,0","0,0"
2030-06-27 09:00:00,"2016,0","0,0","0,0"
2030-06-27 10:00:00,"2016,0","0,0","0,0"
2030-06-27 11:00:00,"2016,0","0,0","0,0"
2030-06-27 12:00:00,"2304,0","0,0","288,0"
2030-06-27 13:00:00,"2304,0","0,0","0,0"
2030-06-27 14:00:00,"2304,0","0,0","0,0"
2030-06-27 15:00:00,"2304,0","0,0","0,0"
2030-06-27 16:00:00,"2160,0","115,2","0,0"
2030-06-27 17:00:00,"1800,0","288,0","0,0"
2030-06-27 18:00:00,"1440,0","288,0","0,0"
2030-06-27 19:00:00,"1080,0","288,0","0,0"
2030-06-27 20:00:00,"720,0","288,0","0,0"
2030-06-27 21:00:00,"360,0","288,0","0,0"
2030-06-27 22:00:00,"360,0","0,0","0,0"
2030-06-27 23:00:00,"360,0","0,0","0,0"
2030-06-28 00:00:00,"360,0","0,0","0,0"
2030-06-28 01:00:00,"360,0","0,0","0,0"
2030-06-28 02:00:00,"360,0","0,0","0,0"
2030-06-28 03:00:00,"360,0","0,0","0,0"
2030-06-28 04:00:00,"360,0","0,0","0,0"
2030-06-28 05:00:00,"0,0","288,0","0,0"
2030-06-28 06:00:00,"0,0","0,0","0,0"
2030-06-28 07:00:00,"0,0","0,0","0,0"
2030-06-28 08:00:00,"0,0","0,0","0,0"
2030-06-28 09:00:00,"0,0","0,0","0,0"
2030-06-28 10:00:00,"288,0","0,0","288,0"
2030-06-28 11:00:00,"576,0","0,0","288,0"
2030-06-28 12:00:00,"864,0","0,0","288,0"
2030-06-28 13:00:00,"1152,0","0,0","288,0"
2030-06-28 14:00:00,"1440,0","0,0","288,0"
2030-06-28 15:00:00,"1440,0","0,0","0,0"
2030-06-28 16:00:00,"1440,0","0,0","0,0"
2030-06-28 17:00:00,"1080,0","288,0","0,0"
2030-06-28 18:00:00,"720,0","288,0","0,0"
2030-06-28 19:00:00,"360,0","288,0","0,0"
2030-06-28 20:00:00,"0,0","288,0","0,0"
2030-06-28 21:00:00,"0,0","0,0","0,0"
2030-06-28 22:00:00,"0,0","0,0","0,0"
2030-06-28 23:00:00,"0,0","0,0","0,0"
2030-06-29 00:00:00,"0,0","0,0","0,0"
2030-06-29 01:00:00,"0,0","0,0","0,0"
2030-06-29 02:00:00,"0,0","0,0","0,0"
2030-06-29 03:00:00,"0,0","0,0","0,0"
2030-06-29 04:00:00,"0,0","0,0","0,0"
2030-06-29 05:00:00,"0,0","0,0","0,0"
2030-06-29 06:00:00,"0,0","0,0","0,0"
2030-06-29 07:00:00,"0,0","0,0","0,0"
2030-06-29 08:00:00,"0,0","0,0","0,0"
2030-06-29 09:00:00,"0,0","0,0","0,0"
2030-06-29 10:00:00,"0,0","0,0","0,0"
2030-06-29 11:00:00,"288,0","0,0","288,0"
2030-06-29 12:00:00,"576,0","0,0","288,0"
2030-06-29 13:00:00,"576,0","0,0","0,0"
2030-06-29 14:00:00,"627,1228282078608","0,0","51,122828207860834"
2030-06-29 15:00:00,"627,1228282078608","0,0","0,0"
2030-06-29 16:00:00,"627,1228282078608","0,0","0,0"
2030-06-29 17:00:00,"627,1228282078608","0,0","0,0"
2030-06-29 18:00:00,"627,1228282078608","0,0","0,0"
2030-06-29 19:00:00,"267,12282820786083","288,0","0,0"
2030-06-29 20:00:00,"267,12282820786083","0,0","0,0"
2030-06-29 21:00:00,"267,12282820786083","0,0","0,0"
2030-06-29 22:00:00,"0,0","213,6982625662887","0,0"
2030-06-29 23:00:00,"0,0","0,0","0,0"
2030-06-30 00:00:00,"0,0","0,0","0,0"
2030-06-30 01:00:00,"0,0","0,0","0,0"
2030-06-30 02:00:00,"0,0","0,0","0,0"
2030-06-30 03:00:00,"0,0","0,0","0,0"
2030-06-30 04:00:00,"0,0","0,0","0,0"
2030-06-30 05:00:00,"0,0","0,0","0,0"
2030-06-30 06:00:00,"0,0","0,0","0,0"
2030-06-30 07:00:00,"288,0","0,0","288,0"
2030-06-30 08:00:00,"576,0","0,0","288,0"
2030-06-30 09:00:00,"864,0","0,0","288,0"
2030-06-30 10:00:00,"1152,0","0,0","288,0"
2030-06-30 11:00:00,"1440,0","0,0","288,0"
2030-06-30 12:00:00,"1728,0","0,0","288,0"
2030-06-30 13:00:00,"2016,0","0,0","288,0"
2030-06-30 14:00:00,"2304,0","0,0","288,0"
2030-06-30 15:00:00,"2304,0","0,0","0,0"
2030-06-30 16:00:00,"2304,0","0,0","0,0"
2030-06-30 17:00:00,"2304,0","0,0","0,0"
2030-06-30 18:00:00,"2304,0","0,0","0,0"
2030-06-30 19:00:00,"2304,0","0,0","0,0"
2030-06-30 20:00:00,"2304,0","0,0","0,0"
2030-06-30 21:00:00,"2304,0","0,0","0,0"
2030-06-30 22:00:00,"2304,0","0,0","0,0"
2030-06-30 23:00:00,"2304,0","0,0","0,0"
2030-07-01 00:00:00,"2304,0","0,0","0,0"
2030-07-01 01:00:00,"2304,0","0,0","0,0"
2030-07-01 02:00:00,"2304,0","0,0","0,0"
2030-07-01 03:00:00,"2304,0","0,0","0,0"
2030-07-01 04:00:00,"2304,0","0,0","0,0"
2030-07-01 05:00:00,"1944,0","288,0","0,0"
2030-07-01 06:00:00,"1944,0","0,0","0,0"
2030-07-01 07:00:00,"1944,0","0,0","0,0"
2030-07-01 08:00:00,"1944,0","0,0","0,0"
2030-07-01 09:00:00,"1944,0","0,0","0,0"
2030-07-01 10:00:00,"1944,0","0,0","0,0"
2030-07-01 11:00:00,"1944,0","0,0","0,0"
2030-07-01 12:00:00,"2232,0","0,0","288,0"
2030-07-01 13:00:00,"2304,0","0,0","72,0"
2030-07-01 14:00:00,"2304,0","0,0","0,0"
2030-07-01 15:00:00,"2304,0","0,0","0,0"
2030-07-01 16:00:00,"2304,0","0,0","0,0"
2030-07-01 17:00:00,"1944,0","288,0","0,0"
2030-07-01 18:00:00,"1584,0","288,0","0,0"
2030-07-01 19:00:00,"1224,0","288,0","0,0"
2030-07-01 20:00:00,"864,0","288,0","0,0"
2030-07-01 21:00:00,"504,0","288,0","0,0"
2030-07-01 22:00:00,"273,4300955433997","184,45592356528022","0,0"
2030-07-01 23:00:00,"273,4300955433997","0,0","0,0"
2030-07-02 00:00:00,"561,4300955433997","0,0","288,0"
2030-07-02 01:00:00,"849,4300955433997","0,0","288,0"
2030-07-02 02:00:00,"849,4300955433997","0,0","0,0"
2030-07-02 03:00:00,"849,4300955433997","0,0","0,0"
2030-07-02 04:00:00,"849,4300955433997","0,0","0,0"
2030-07-02 05:00:00,"849,4300955433997","0,0","0,0"
2030-07-02 06:00:00,"849,4300955433997","0,0","0,0"
2030-07-02 07:00:00,"849,4300955433997","0,0","0,0"
2030-07-02 08:00:00,"849,4300955433997","0,0","0,0"
2030-07-02 09:00:00,"849,4300955433997","0,0","0,0"
2030-07-02 10:00:00,"1137,4300955433996","0,0","288,0"
2030-07-02 11:00:00,"1425,4300955433996","0,0","288,0"
2030-07-02 12:00:00,"1713,4300955433996","0,0","288,0"
2030-07-02 13:00:00,"2001,4300955433996","0,0","288,0"
2030-07-02 14:00:00,"2289,4300955433996","0,0","288,0"
2030-07-02 15:00:00,"2289,4300955433996","0,0","0,0"
2030-07-02 16:00:00,"2289,4300955433996","0,0","0,0"
2030-07-02 17:00:00,"1929,4300955433996","288,0","0,0"
2030-07-02 18:00:00,"1569,4300955433996","288,0","0,0"
2030-07-02 19:00:00,"1209,4300955433996","288,0","0,0"
2030-07-02 20:00:00,"849,4300955433996","288,0","0,0"
2030-07-02 21:00:00,"849,4300955433996","0,0","0,0"
2030-07-02 22:00:00,"849,4300955433996","0,0","0,0"
2030-07-02 23:00:00,"849,4300955433996","0,0","0,0"
2030-07-03 00:00:00,"849,4300955433996","0,0","0,0"
2030-07-03 01:00:00,"849,4300955433996","0,0","0,0"
2030-07-03 02:00:00,"849,4300955433996","0,0","0,0"
2030-07-03 03:00:00,"849,4300955433996","0,0","0,0"
2030-07-03 04:00:00,"849,4300955433996","0,0","0,0"
2030-07-03 05:00:00,"849,4300955433996","0,0","0,0"
2030-07-03 06:00:00,"849,4300955433996","0,0","0,0"
2030-07-03 07:00:00,"849,4300955433996","0,0","0,0"
2030-07-03 08:00:00,"849,4300955433996","0,0","0,0"
2030-07-03 09:00:00,"864,0","0,0","14,569904456600398"
2030-07-03 10:00:00,"1152,0","0,0","288,0"
2030-07-03 11:00:00,"1440,0","0,0","288,0"
2030-07-03 12:00:00,"1728,0","0,0","288,0"
2030-07-03 13:00:00,"2016,0","0,0","288,0"
2030-07-03 14:00:00,"2304,0","0,0","288,0"
2030-07-03 15:00:00,"2304,0","0,0","0,0"
2030-07-03 16:00:00,"2304,0","0,0","0,0"
2030-07-03 17:00:00,"2304,0","0,0","0,0"
2030-07-03 18:00:00,"1944,0","288,0","0,0"
2030-07-03 19:00:00,"1796,3296558918303","118,13627528653578","0,0"
2030-07-03 20:00:00,"1436,3296558918303","288,0","0,0"
2030-07-03 21:00:00,"1436,3296558918303","0,0","0,0"
2030-07-03 22:00:00,"1436,3296558918303","0,0","0,0"
2030-07-03 23:00:00,"1436,3296558918303","0,0","0,0"
2030-07-04 00:00:00,"1436,3296558918303","0,0","0,0"
2030-07-04 01:00:00,"1436,3296558918303","0,0","0,0"
2030-07-04 02:00:00,"1436,3296558918303","0,0","0,0"
2030-07-04 03:00:00,"1436,3296558918303","0,0","0,0"
2030-07-04 04:00:00,"1436,3296558918303","0,0","0,0"
2030-07-04 05:00:00,"1076,3296558918303","288,0","0,0"
2030-07-04 06:00:00,"1076,3296558918303","0,0","0,0"
2030-07-04 07:00:00,"1076,3296558918303","0,0","0,0"
2030-07-04 08:00:00,"1076,3296558918303","0,0","0,0"
2030-07-04 09:00:00,"1076,3296558918303","0,0","0,0"
2030-07-04 10:00:00,"1076,3296558918303","0,0","0,0"
2030-07-04 11:00:00,"1080,0","0,0","3,670344108169786"
2030-07-04 12:00:00,"1080,0","0,0","0,0"
2030-07-04 13:00:00,"1080,0","0,0","0,0"
2030-07-04 14:00:00,"1080,0","0,0","0,0"
2030-07-04 15:00:00,"1080,0","0,0","0,0"
2030-07-04 16:00:00,"1080,0","0,0","0,0"
2030-07-04 17:00:00,"1080,0","0,0","0,0"
2030-07-04 18:00:00,"720,0","288,0","0,0"
2030-07-04 19:00:00,"360,0","288,0","0,0"
2030-07-04 20:00:00,"0,0","288,0","0,0"
2030-07-04 21:00:00,"0,0","0,0","0,0"
2030-07-04 22:00:00,"0,0","0,0","0,0"
2030-07-04 23:00:00,"0,0","0,0","0,0"
2030-07-05 00:00:00,"0,0","0,0","0,0"
2030-07-05 01:00:00,"0,0","0,0","0,0"
2030-07-05 02:00:00,"0,0","0,0","0,0"
2030-07-05 03:00:00,"0,0","0,0","0,0"
2030-07-05 04:00:00,"288,0","0,0","288,0"
2030-07-05 05:00:00,"288,0","0,0","0,0"
2030-07-05 06:00:00,"109,30449533567723","142,9564037314582","0,0"
2030-07-05 07:00:00,"109,30449533567723","0,0","0,0"
2030-07-05 08:00:00,"109,30449533567723","0,0","0,0"
2030-07-05 09:00:00,"219,1963193812553","0,0","109,89182404557808"
2030-07-05 10:00:00,"507,1963193812553","0,0","288,0"
2030-07-05 11:00:00,"795,1963193812553","0,0","288,0"
2030-07-05 12:00:00,"1083,1963193812553","0,0","288,0"
2030-07-05 13:00:00,"1371,1963193812553","0,0","288,0"
2030-07-05 14:00:00,"1659,1963193812553","0,0","288,0"
2030-07-05 15:00:00,"1800,0","0,0","140,8036806187448"
2030-07-05 16:00:00,"1800,0","0,0","0,0"
2030-07-05 17:00:00,"1440,0","288,0","0,0"
2030-07-05 18:00:00,"1080,0","288,0","0,0"
2030-07-05 19:00:00,"720,0","288,0","0,0"
2030-07-05 20:00:00,"360,0","288,0","0,0"
2030-07-05 21:00:00,"0,0","288,0","0,0"
2030-07-05 22:00:00,"0,0","0,0","0,0"
2030-07-05 23:00:00,"0,0","0,0","0,0"
2030-07-06 00:00:00,"0,0","0,0","0,0"
2030-07-06 01:00:00,"0,0","0,0","0,0"
2030-07-06 02:00:00,"0,0","0,0","0,0"
2030-07-06 03:00:00,"0,0","0,0","0,0"
2030-07-06 04:00:00,"0,0","0,0","0,0"
2030-07-06 05:00:00,"0,0","0,0","0,0"
2030-07-06 06:00:00,"0,0","0,0","0,0"
2030-07-06 07:00:00,"0,0","0,0","0,0"
2030-07-06 08:00:00,"288,0","0,0","288,0"
2030-07-06 09:00:00,"576,0","0,0","288,0"
2030-07-06 10:00:00,"864,0","0,0","288,0"
2030-07-06 11:00:00,"1152,0","0,0","288,0"
2030-07-06 12:00:00,"1440,0","0,0","288,0"
2030-07-06 13:00:00,"1728,0","0,0","288,0"
2030-07-06 14:00:00,"2016,0","0,0","288,0"
2030-07-06 15:00:00,"2304,0","0,0","288,0"
2030-07-06 16:00:00,"2304,0","0,0","0,0"
2030-07-06 17:00:00,"1944,0","288,0","0,0"
2030-07-06 18:00:00,"1584,0","288,0","0,0"
2030-07-06 19:00:00,"1224,0","288,0","0,0"
2030-07-06 20:00:00,"864,0","288,0","0,0"
2030-07-06 21:00:00,"504,0","288,0","0,0"
2030-07-06 22:00:00,"144,0","288,0","0,0"
2030-07-06 23:00:00,"0,0","115,2","0,0"
2030-07-07 00:00:00,"0,0","0,0","0,0"
2030-07-07 01:00:00,"0,0","0,0","0,0"
2030-07-07 02:00:00,"0,0","0,0","0,0"
2030-07-07 03:00:00,"0,0","0,0","0,0"
2030-07-07 04:00:00,"0,0","0,0","0,0"
2030-07-07 05:00:00,"0,0","0,0","0,0"
2030-07-07 06:00:00,"0,0","0,0","0,0"
2030-07-07 07:00:00,"0,0","0,0","0,0"
2030-07-07 08:00:00,"288,0","0,0","288,0"
2030-07-07 09:00:00,"576,0","0,0","288,0"
2030-07-07 10:00:00,"864,0","0,0","288,0"
2030-07-07 11:00:00,"1152,0","0,0","288,0"
2030-07-07 12:00:00,"1440,0","0,0","288,0"
2030-07-07 13:00:00,"1728,0","0,0","288,0"
2030-07-07 14:00:00,"2016,0","0,0","288,0"
2030-07-07 15:00:00,"2304,0","0,0","288,0"
2030-07-07 16:00:00,"2304,0","0,0","0,0"
2030-07-07 17:00:00,"2304,0","0,0","0,0"
2030-07-07 18:00:00,"2160,0","115,2","0,0"
2030-07-07 19:00:00,"1800,0","288,0","0,0"
2030-07-07 20:00:00,"1440,0","288,0","0,0"
2030-07-07 21:00:00,"1080,0","288,0","0,0"
2030-07-07 22:00:00,"1080,0","0,0","0,0"
2030-07-07 23:00:00,"1080,0","0,0","0,0"
2030-07-08 00:00:00,"1080,0","0,0","0,0"
2030-07-08 01:00:00,"1080,0","0,0","0,0"
2030-07-08 02:00:00,"1080,0","0,0","0,0"
2030-07-08 03:00:00,"1080,0","0,0","0,0"
2030-07-08 04:00:00,"720,0","288,0","0,0"
2030-07-08 05:00:00,"360,0","288,0","0,0"
2030-07-08 06:00:00,"0,0","288,0","0,0"
2030-07-08 07:00:00,"0,0","0,0","0,0"
2030-07-08 08:00:00,"0,0","0,0","0,0"
2030-07-08 09:00:00,"0,0","0,0","0,0"
2030-07-08 10:00:00,"235,57307361366156","0,0","235,57307361366156"
2030-07-08 11:00:00,"523,5730736136616","0,0","288,0"
2030-07-08 12:00:00,"788,9469769064863","0,0","265,3739032928247"
2030-07-08 13:00:00,"899,6117911851","0,0","110,66481427861373"
2030-07-08 14:00:00,"899,6117911851","0,0","0,0"
2030-07-08 15:00:00,"1162,617920966363","0,0","263,00612978126304"
2030-07-08 16:00:00,"1080,0","66,09433677309043","0,0"
2030-07-08 17:00:00,"720,0","288,0","0,0"
2030-07-08 18:00:00,"360,0","288,0","0,0"
2030-07-08 19:00:00,"0,0","288,0","0,0"
2030-07-08 20:00:00,"0,0","0,0","0,0"
2030-07-08 21:00:00,"0,0","0,0","0,0"
2030-07-08 22:00:00,"0,0","0,0","0,0"
2030-07-08 23:00:00,"0,0","0,0","0,0"
2030-07-09 00:00:00,"0,0","0,0","0,0"
2030-07-09 01:00:00,"0,0","0,0","0,0"
2030-07-09 02:00:00,"288,0","0,0","288,0"
2030-07-09 03:00:00,"360,0","0,0","72,0"
2030-07-09 04:00:00,"0,0","288,0","0,0"
2030-07-09 05:00:00,"0,0","0,0","0,0"
2030-07-09 06:00:00,"0,0","0,0","0,0"
2030-07-09 07:00:00,"0,0","0,0","0,0"
2030-07-09 08:00:00,"288,0","0,0","288,0"
2030-07-09 09:00:00,"576,0","0,0","288,0"
2030-07-09 10:00:00,"864,0","0,0","288,0"
2030-07-09 11:00:00,"1152,0","0,0","288,0"
2030-07-09 12:00:00,"1440,0","0,0","288,0"
2030-07-09 13:00:00,"1728,0","0,0","288,0"
2030-07-09 14:00:00,"2016,0","0,0","288,0"
2030-07-09 15:00:00,"2304,0","0,0","288,0"
2030-07-09 16:00:00,"2304,0","0,0","0,0"
2030-07-09 17:00:00,"2304,0","0,0","0,0"
2030-07-09 18:00:00,"2304,0","0,0","0,0"
2030-07-09 19:00:00,"2304,0","0,0","0,0"
2030-07-09 20:00:00,"1944,0","288,0","0,0"
2030-07-09 21:00:00,"1584,0","288,0","0,0"
2030-07-09 22:00:00,"1224,0","288,0","0,0"
2030-07-09 23:00:00,"1030,7227020098799","154,6218383920961","0,0"
2030-07-10 00:00:00,"1030,7227020098799","0,0","0,0"
2030-07-10 01:00:00,"670,7227020098799","288,0","0,0"
2030-07-10 02:00:00,"310,72270200987987","288,0","0,0"
2030-07-10 03:00:00,"310,72270200987987","0,0","0,0"
2030-07-10 04:00:00,"0,0","248,5781616079039","0,0"
2030-07-10 05:00:00,"0,0","0,0","0,0"
2030-07-10 06:00:00,"288,0","0,0","288,0"
2030-07-10 07:00:00,"576,0","0,0","288,0"
2030-07-10 08:00:00,"864,0","0,0","288,0"
2030-07-10 09:00:00,"1152,0","0,0","288,0"
2030-07-10 10:00:00,"1440,0","0,0","288,0"
2030-07-10 11:00:00,"1728,0","0,0","288,0"
2030-07-10 12:00:00,"2016,0","0,0","288,0"
2030-07-10 13:00:00,"2016,0","0,0","0,0"
2030-07-10 14:00:00,"2304,0","0,0","288,0"
2030-07-10 15:00:00,"2304,0","0,0","0,0"
2030-07-10 16:00:00,"2304,0","0,0","0,0"
2030-07-10 17:00:00,"2304,0","0,0","0,0"
2030-07-10 18:00:00,"2304,0","0,0","0,0"
2030-07-10 19:00:00,"2304,0","0,0","0,0"
2030-07-10 20:00:00,"2304,0","0,0","0,0"
2030-07-10 21:00:00,"1944,0","288,0","0,0"
2030-07-10 22:00:00,"1584,0","288,0","0,0"
2030-07-10 23:00:00,"1584,0","0,0","0,0"
2030-07-11 00:00:00,"1584,0","0,0","0,0"
2030-07-11 01:00:00,"1381,3175573022345","162,14595415821242","0,0"
2030-07-11 02:00:00,"1047,791780237228","266,82062165200506","0,0"
2030-07-11 03:00:00,"1047,791780237228","0,0","0,0"
2030-07-11 04:00:00,"687,7917802372281","288,0","0,0"
2030-07-11 05:00:00,"327,7917802372281","288,0","0,0"
2030-07-11 06:00:00,"0,0","262,2334241897825","0,0"
2030-07-11 07:00:00,"288,0","0,0","288,0"
2030-07-11 08:00:00,"576,0","0,0","288,0"
2030-07-11 09:00:00,"864,0","0,0","288,0"
2030-07-11 10:00:00,"1152,0","0,0","288,0"
2030-07-11 11:00:00,"1440,0","0,0","288,0"
2030-07-11 12:00:00,"1728,0","0,0","288,0"
2030-07-11 13:00:00,"2016,0","0,0","288,0"
2030-07-11 14:00:00,"2304,0","0,0","288,0"
2030-07-11 15:00:00,"2304,0","0,0","0,0"
2030-07-11 16:00:00,"2304,0","0,0","0,0"
2030-07-11 17:00:00,"1944,0","288,0","0,0"
2030-07-11 18:00:00,"1584,0","288,0","0,0"
2030-07-11 19:00:00,"1224,0","288,0","0,0"
2030-07-11 20:00:00,"864,0","288,0","0,0"
2030-07-11 21:00:00,"504,0","288,0","0,0"
2030-07-11 22:00:00,"504,0","0,0","0,0"
2030-07-11 23:00:00,"504,0","0,0","0,0"
2030-07-12 00:00:00,"504,0","0,0","0,0"
2030-07-12 01:00:00,"504,0","0,0","0,0"
2030-07-12 02:00:00,"792,0","0,0","288,0"
2030-07-12 03:00:00,"792,0","0,0","0,0"
2030-07-12 04:00:00,"432,0","288,0","0,0"
2030-07-12 05:00:00,"72,0","288,0","0,0"
2030-07-12 06:00:00,"0,0","57,6","0,0"
2030-07-12 07:00:00,"0,0","0,0","0,0"
2030-07-12 08:00:00,"288,0","0,0","288,0"
2030-07-12 09:00:00,"576,0","0,0","288,0"
2030-07-12 10:00:00,"864,0","0,0","288,0"
2030-07-12 11:00:00,"1152,0","0,0","288,0"
2030-07-12 12:00:00,"1440,0","0,0","288,0"
2030-07-12 13:00:00,"1728,0","0,0","288,0"
2030-07-12 14:00:00,"2016,0","0,0","288,0"
2030-07-12 15:00:00,"2304,0","0,0","288,0"
2030-07-12 16:00:00,"2304,0","0,0","0,0"
2030-07-12 17:00:00,"2052,4239030551817","201,26087755585468","0,0"
2030-07-12 18:00:00,"1692,4239030551814","288,0","0,0"
2030-07-12 19:00:00,"1332,4239030551814","288,0","0,0"
2030-07-12 20:00:00,"1332,4239030551814","0,0","0,0"
2030-07-12 21:00:00,"972,4239030551814","288,0","0,0"
2030-07-12 22:00:00,"972,4239030551814","0,0","0,0"
2030-07-12 23:00:00,"972,4239030551814","0,0","0,0"
2030-07-13 00:00:00,"972,4239030551814","0,0","0,0"
2030-07-13 01:00:00,"972,4239030551814","0,0","0,0"
2030-07-13 02:00:00,"972,4239030551814","0,0","0,0"
2030-07-13 03:00:00,"972,4239030551814","0,0","0,0"
2030-07-13 04:00:00,"612,4239030551814","288,0","0,0"
2030-07-13 05:00:00,"252,42390305518143","288,0","0,0"
2030-07-13 06:00:00,"252,42390305518143","0,0","0,0"
2030-07-13 07:00:00,"540,4239030551814","0,0","288,0"
2030-07-13 08:00:00,"828,4239030551814","0,0","288,0"
2030-07-13 09:00:00,"1116,4239030551814","0,0","288,0"
2030-07-13 10:00:00,"1404,4239030551814","0,0","288,0"
2030-07-13 11:00:00,"1692,4239030551814","0,0","288,0"
2030-07-13 12:00:00,"1980,4239030551814","0,0","288,0"
2030-07-13 13:00:00,"2111,803600349213","0,0","131,37969729403153"
2030-07-13 14:00:00,"2111,803600349213","0,0","0,0"
2030-07-13 15:00:00,"2304,0","0,0","192,196399650787"
2030-07-13 16:00:00,"2304,0","0,0","0,0"
2030-07-13 17:00:00,"2030,163374521293","219,0693003829656","0,0"
2030-07-13 18:00:00,"1670,163374521293","288,0","0,0"
2030-07-13 19:00:00,"1310,163374521293","288,0","0,0"
2030-07-13 20:00:00,"950,163374521293","288,0","0,0"
2030-07-13 21:00:00,"590,163374521293","288,0","0,0"
2030-07-13 22:00:00,"230,163374521293","288,0","0,0"
2030-07-13 23:00:00,"0,0","184,1306996170344","0,0"
2030-07-14 00:00:00,"0,0","0,0","0,0"
2030-07-14 01:00:00,"0,0","0,0","0,0"
2030-07-14 02:00:00,"0,0","0,0","0,0"
2030-07-14 03:00:00,"0,0","0,0","0,0"
2030-07-14 04:00:00,"0,0","0,0","0,0"
2030-07-14 05:00:00,"0,0","0,0","0,0"
2030-07-14 06:00:00,"0,0","0,0","0,0"
2030-07-14 07:00:00,"0,0","0,0","0,0"
2030-07-14 08:00:00,"288,0","0,0","288,0"
2030-07-14 09:00:00,"576,0","0,0","288,0"
2030-07-14 10:00:00,"864,0","0,0","288,0"
2030-07-14 11:00:00,"1152,0","0,0","288,0"
2030-07-14 12:00:00,"1440,0","0,0","288,0"
2030-07-14 13:00:00,"1728,0","0,0","288,0"
2030-07-14 14:00:00,"2016,0","0,0","288,0"
2030-07-14 15:00:00,"2304,0","0,0","288,0"
2030-07-14 16:00:00,"2304,0","0,0","0,0"
2030-07-14 17:00:00,"2304,0","0,0","0,0"
2030-07-14 18:00:00,"1944,0","288,0","0,0"
2030-07-14 19:00:00,"1584,0","288,0","0,0"
2030-07-14 20:00:00,"1224,0","288,0","0,0"
2030-07-14 21:00:00,"1224,0","0,0","0,0"
2030-07-14 22:00:00,"1224,0","0,0","0,0"
2030-07-14 23:00:00,"1224,0","0,0","0,0"
2030-07-15 00:00:00,"1224,0","0,0","0,0"
2030-07-15 01:00:00,"1224,0","0,0","0,0"
2030-07-15 02:00:00,"1224,0","0,0","0,0"
2030-07-15 03:00:00,"1224,0","0,0","0,0"
2030-07-15 04:00:00,"994,924483235983","183,26041341121362","0,0"
2030-07-15 05:00:00,"634,924483235983","288,0","0,0"
2030-07-15 06:00:00,"274,924483235983","288,0","0,0"
2030-07-15 07:00:00,"274,924483235983","0,0","0,0"
2030-07-15 08:00:00,"361,41678322794405","0,0","86,49229999196105"
2030-07-15 09:00:00,"649,416783227944","0,0","288,0"
2030-07-15 10:00:00,"937,416783227944","0,0","288,0"
2030-07-15 11:00:00,"1225,416783227944","0,0","288,0"
2030-07-15 12:00:00,"1513,416783227944","0,0","288,0"
2030-07-15 13:00:00,"1801,416783227944","0,0","288,0"
2030-07-15 14:00:00,"2089,416783227944","0,0","288,0"
2030-07-15 15:00:00,"2304,0","0,0","214,583216772056"
2030-07-15 16:00:00,"2304,0","0,0","0,0"
2030-07-15 17:00:00,"1944,0","288,0","0,0"
2030-07-15 18:00:00,"1584,0","288,0","0,0"
2030-07-15 19:00:00,"1224,0","288,0","0,0"
2030-07-15 20:00:00,"864,0","288,0","0,0"
2030-07-15 21:00:00,"720,0","115,2","0,0"
2030-07-15 22:00:00,"720,0","0,0","0,0"
2030-07-15 23:00:00,"720,0","0,0","0,0"
2030-07-16 00:00:00,"720,0","0,0","0,0"
2030-07-16 01:00:00,"720,0","0,0","0,0"
2030-07-16 02:00:00,"720,0","0,0","0,0"
2030-07-16 03:00:00,"720,0","0,0","0,0"
2030-07-16 04:00:00,"360,0","288,0","0,0"
2030-07-16 05:00:00,"0,0","288,0","0,0"
2030-07-16 06:00:00,"0,0","0,0","0,0"
2030-07-16 07:00:00,"0,0","0,0","0,0"
2030-07-16 08:00:00,"288,0","0,0","288,0"
2030-07-16 09:00:00,"576,0","0,0","288,0"
2030-07-16 10:00:00,"864,0","0,0","288,0"
2030-07-16 11:00:00,"1152,0","0,0","288,0"
2030-07-16 12:00:00,"1440,0","0,0","288,0"
2030-07-16 13:00:00,"1728,0","0,0","288,0"
2030-07-16 14:00:00,"2016,0","0,0","288,0"
2030-07-16 15:00:00,"2304,0","0,0","288,0"
2030-07-16 16:00:00,"2304,0","0,0","0,0"
2030-07-16 17:00:00,"1944,0","288,0","0,0"
2030-07-16 18:00:00,"1584,0","288,0","0,0"
2030-07-16 19:00:00,"1224,0","288,0","0,0"
2030-07-16 20:00:00,"864,0","288,0","0,0"
2030-07-16 21:00:00,"504,0","288,0","0,0"
2030-07-16 22:00:00,"144,0","288,0","0,0"
2030-07-16 23:00:00,"144,0","0,0","0,0"
2030-07-17 00:00:00,"144,0","0,0","0,0"
2030-07-17 01:00:00,"144,0","0,0","0,0"
2030-07-17 02:00:00,"144,0","0,0","0,0"
2030-07-17 03:00:00,"144,0","0,0","0,0"
2030-07-17 04:00:00,"144,0","0,0","0,0"
2030-07-17 05:00:00,"0,0","115,2","0,0"
2030-07-17 06:00:00,"0,0","0,0","0,0"
2030-07-17 07:00:00,"0,0","0,0","0,0"
2030-07-17 08:00:00,"288,0","0,0","288,0"
2030-07-17 09:00:00,"576,0","0,0","288,0"
2030-07-17 10:00:00,"864,0","0,0","288,0"
2030-07-17 11:00:00,"1152,0","0,0","288,0"
2030-07-17 12:00:00,"1440,0","0,0","288,0"
2030-07-17 13:00:00,"1728,0","0,0","288,0"
2030-07-17 14:00:00,"2016,0","0,0","288,0"
2030-07-17 15:00:00,"2304,0","0,0","288,0"
2030-07-17 16:00:00,"2076,317731180524","182,14581505558084","0,0"
2030-07-17 17:00:00,"1716,3177311805239","288,0","0,0"
2030-07-17 18:00:00,"1356,3177311805239","288,0","0,0"
2030-07-17 19:00:00,"996,3177311805239","288,0","0,0"
2030-07-17 20:00:00,"636,3177311805239","288,0","0,0"
2030-07-17 21:00:00,"276,3177311805239","288,0","0,0"
2030-07-17 22:00:00,"0,0","221,0541849444191","0,0"
2030-07-17 23:00:00,"0,0","0,0","0,0"
2030-07-18 00:00:00,"0,0","0,0","0,0"
2030-07-18 01:00:00,"0,0","0,0","0,0"
2030-07-18 02:00:00,"0,0","0,0","0,0"
2030-07-18 03:00:00,"0,0","0,0","0,0"
2030-07-18 04:00:00,"0,0","0,0","0,0"
2030-07-18 05:00:00,"0,0","0,0","0,0"
2030-07-18 06:00:00,"0,0","0,0","0,0"
2030-07-18 07:00:00,"0,0","0,0","0,0"
2030-07-18 08:00:00,"288,0","0,0","288,0"
2030-07-18 09:00:00,"576,0","0,0","288,0"
2030-07-18 10:00:00,"864,0","0,0","288,0"
2030-07-18 11:00:00,"1152,0","0,0","288,0"
2030-07-18 12:00:00,"1440,0","0,0","288,0"
2030-07-18 13:00:00,"1728,0","0,0","288,0"
2030-07-18 14:00:00,"2016,0","0,0","288,0"
2030-07-18 15:00:00,"2304,0","0,0","288,0"
2030-07-18 16:00:00,"2304,0","0,0","0,0"
2030-07-18 17:00:00,"2304,0","0,0","0,0"
2030-07-18 18:00:00,"2304,0","0,0","0,0"
2030-07-18 19:00:00,"2110,9018773673097","154,47849810615224","0,0"
2030-07-18 20:00:00,"2110,9018773673097","0,0","0,0"
2030-07-18 21:00:00,"2110,9018773673097","0,0","0,0"
2030-07-18 22:00:00,"2110,9018773673097","0,0","0,0"
2030-07-18 23:00:00,"2110,9018773673097","0,0","0,0"
2030-07-19 00:00:00,"2110,9018773673097","0,0","0,0"
2030-07-19 01:00:00,"2110,9018773673097","0,0","0,0"
2030-07-19 02:00:00,"2110,9018773673097","0,0","0,0"
2030-07-19 03:00:00,"2110,9018773673097","0,0","0,0"
2030-07-19 04:00:00,"1750,9018773673097","288,0","0,0"
2030-07-19 05:00:00,"1390,9018773673097","288,0","0,0"
2030-07-19 06:00:00,"1030,9018773673097","288,0","0,0"
2030-07-19 07:00:00,"1030,9018773673097","0,0","0,0"
2030-07-19 08:00:00,"1030,9018773673097","0,0","0,0"
2030-07-19 09:00:00,"1056,1977634395341","0,0","25,29588607222439"
2030-07-19 10:00:00,"1152,0","0,0","95,80223656046587"
2030-07-19 11:00:00,"1440,0","0,0","288,0"
2030-07-19 12:00:00,"1440,0","0,0","0,0"
2030-07-19 13:00:00,"1440,0","0,0","0,0"
2030-07-19 14:00:00,"1440,0","0,0","0,0"
2030-07-19 15:00:00,"1440,0","0,0","0,0"
2030-07-19 16:00:00,"1440,0","0,0","0,0"
2030-07-19 17:00:00,"1080,0","288,0","0,0"
2030-07-19 18:00:00,"720,0","288,0","0,0"
2030-07-19 19:00:00,"360,0","288,0","0,0"
2030-07-19 20:00:00,"0,0","288,0","0,0"
2030-07-19 21:00:00,"0,0","0,0","0,0"
2030-07-19 22:00:00,"288,0","0,0","288,0"
2030-07-19 23:00:00,"0,0","230,4","0,0"
2030-07-20 00:00:00,"0,0","0,0","0,0"
2030-07-20 01:00:00,"0,0","0,0","0,0"
2030-07-20 02:00:00,"0,0","0,0","0,0"
2030-07-20 03:00:00,"0,0","0,0","0,0"
2030-07-20 04:00:00,"0,0","0,0","0,0"
2030-07-20 05:00:00,"0,0","0,0","0,0"
2030-07-20 06:00:00,"0,0","0,0","0,0"
2030-07-20 07:00:00,"0,0","0,0","0,0"
2030-07-20 08:00:00,"288,0","0,0","288,0"
2030-07-20 09:00:00,"576,0","0,0","288,0"
2030-07-20 10:00:00,"864,0","0,0","288,0"
2030-07-20 11:00:00,"1152,0","0,0","288,0"
2030-07-20 12:00:00,"1440,0","0,0","288,0"
2030-07-20 13:00:00,"1728,0","0,0","288,0"
2030-07-20 14:00:00,"2016,0","0,0","288,0"
2030-07-20 15:00:00,"2304,0","0,0","288,0"
2030-07-20 16:00:00,"2304,0","0,0","0,0"
2030-07-20 17:00:00,"2304,0","0,0","0,0"
2030-07-20 18:00:00,"1944,0","288,0","0,0"
2030-07-20 19:00:00,"1584,0","288,0","0,0"
2030-07-20 20:00:00,"1224,0","288,0","0,0"
2030-07-20 21:00:00,"864,0","288,0","0,0"
2030-07-20 22:00:00,"504,0","288,0","0,0"
2030-07-20 23:00:00,"144,0","288,0","0,0"
2030-07-21 00:00:00,"0,0","115,2","0,0"
2030-07-21 01:00:00,"0,0","0,0","0,0"
2030-07-21 02:00:00,"0,0","0,0","0,0"
2030-07-21 03:00:00,"0,0","0,0","0,0"
2030-07-21 04:00:00,"0,0","0,0","0,0"
2030-07-21 05:00:00,"0,0","0,0","0,0"
2030-07-21 06:00:00,"0,0","0,0","0,0"
2030-07-21 07:00:00,"0,0","0,0","0,0"
2030-07-21 08:00:00,"288,0","0,0","288,0"
2030-07-21 09:00:00,"576,0","0,0","288,0"
2030-07-21 10:00:00,"864,0","0,0","288,0"
2030-07-21 11:00:00,"1152,0","0,0","288,0"
2030-07-21 12:00:00,"1440,0","0,0","288,0"
2030-07-21 13:00:00,"1728,0","0,0","288,0"
2030-07-21 14:00:00,"2016,0","0,0","288,0"
2030-07-21 15:00:00,"2304,0","0,0","288,0"
2030-07-21 16:00:00,"2304,0","0,0","0,0"
2030-07-21 17:00:00,"2304,0","0,0","0,0"
2030-07-21 18:00:00,"1944,0","288,0","0,0"
2030-07-21 19:00:00,"1584,0","288,0","0,0"
2030-07-21 20:00:00,"1224,0","288,0","0,0"
2030-07-21 21:00:00,"1080,0","115,2","0,0"
2030-07-21 22:00:00,"1080,0","0,0","0,0"
2030-07-21 23:00:00,"1080,0","0,0","0,0"
2030-07-22 00:00:00,"1080,0","0,0","0,0"
2030-07-22 01:00:00,"1080,0","0,0","0,0"
2030-07-22 02:00:00,"1080,0","0,0","0,0"
2030-07-22 03:00:00,"1080,0","0,0","0,0"
2030-07-22 04:00:00,"720,0","288,0","0,0"
2030-07-22 05:00:00,"360,0","288,0","0,0"
2030-07-22 06:00:00,"0,0","288,0","0,0"
2030-07-22 07:00:00,"0,0","0,0","0,0"
2030-07-22 08:00:00,"288,0","0,0","288,0"
2030-07-22 09:00:00,"576,0","0,0","288,0"
2030-07-22 10:00:00,"864,0","0,0","288,0"
2030-07-22 11:00:00,"1152,0","0,0","288,0"
2030-07-22 12:00:00,"1440,0","0,0","288,0"
2030-07-22 13:00:00,"1728,0","0,0","288,0"
2030-07-22 14:00:00,"2016,0","0,0","288,0"
2030-07-22 15:00:00,"2304,0","0,0","288,0"
2030-07-22 16:00:00,"2304,0","0,0","0,0"
2030-07-22 17:00:00,"2304,0","0,0","0,0"
2030-07-22 18:00:00,"1944,0","288,0","0,0"
2030-07-22 19:00:00,"1944,0","0,0","0,0"
2030-07-22 20:00:00,"1584,0","288,0","0,0"
2030-07-22 21:00:00,"1584,0","0,0","0,0"
2030-07-22 22:00:00,"1584,0","0,0","0,0"
2030-07-22 23:00:00,"1584,0","0,0","0,0"
2030-07-23 00:00:00,"1584,0","0,0","0,0"
2030-07-23 01:00:00,"1584,0","0,0","0,0"
2030-07-23 02:00:00,"1584,0","0,0","0,0"
2030-07-23 03:00:00,"1584,0","0,0","0,0"
2030-07-23 04:00:00,"1584,0","0,0","0,0"
2030-07-23 05:00:00,"1584,0","0,0","0,0"
2030-07-23 06:00:00,"1584,0","0,0","0,0"
2030-07-23 07:00:00,"1584,0","0,0","0,0"
2030-07-23 08:00:00,"1584,0","0,0","0,0"
2030-07-23 09:00:00,"1584,0","0,0","0,0"
2030-07-23 10:00:00,"1584,0","0,0","0,0"
2030-07-23 11:00:00,"1584,0","0,0","0,0"
2030-07-23 12:00:00,"1872,0","0,0","288,0"
2030-07-23 13:00:00,"2016,0","0,0","144,0"
2030-07-23 14:00:00,"2304,0","0,0","288,0"
2030-07-23 15:00:00,"2304,0","0,0","0,0"
2030-07-23 16:00:00,"2304,0","0,0","0,0"
2030-07-23 17:00:00,"2304,0","0,0","0,0"
2030-07-23 18:00:00,"2304,0","0,0","0,0"
2030-07-23 19:00:00,"2288,8699467815895","12,104042574728439","0,0"
2030-07-23 20:00:00,"1928,8699467815895","288,0","0,0"
2030-07-23 21:00:00,"1568,8699467815895","288,0","0,0"
2030-07-23 22:00:00,"1208,8699467815895","288,0","0,0"
2030-07-23 23:00:00,"1208,8699467815895","0,0","0,0"
2030-07-24 00:00:00,"1235,526899532133","0,0","26,656952750543496"
2030-07-24 01:00:00,"1235,526899532133","0,0","0,0"
2030-07-24 02:00:00,"1235,526899532133","0,0","0,0"
2030-07-24 03:00:00,"1080,0","124,42151962570642","0,0"
2030-07-24 04:00:00,"720,0","288,0","0,0"
2030-07-24 05:00:00,"360,0","288,0","0,0"
2030-07-24 06:00:00,"0,0","288,0","0,0"
2030-07-24 07:00:00,"0,0","0,0","0,0"
2030-07-24 08:00:00,"288,0","0,0","288,0"
2030-07-24 09:00:00,"576,0","0,0","288,0"
2030-07-24 10:00:00,"864,0","0,0","288,0"
2030-07-24 11:00:00,"1152,0","0,0","288,0"
2030-07-24 12:00:00,"1440,0","0,0","288,0"
2030-07-24 13:00:00,"1728,0","0,0","288,0"
2030-07-24 14:00:00,"2016,0","0,0","288,0"
2030-07-24 15:00:00,"2304,0","0,0","288,0"
2030-07-24 16:00:00,"2304,0","0,0","0,0"
2030-07-24 17:00:00,"1944,0","288,0","0,0"
2030-07-24 18:00:00,"1584,0","288,0","0,0"
2030-07-24 19:00:00,"1224,0","288,0","0,0"
2030-07-24 20:00:00,"864,0","288,0","0,0"
2030-07-24 21:00:00,"504,0","288,0","0,0"
2030-07-24 22:00:00,"144,0","288,0","0,0"
2030-07-24 23:00:00,"92,74086206303012","41,0073103495759","0,0"
2030-07-25 00:00:00,"92,74086206303012","0,0","0,0"
2030-07-25 01:00:00,"92,74086206303012","0,0","0,0"
2030-07-25 02:00:00,"92,74086206303012","0,0","0,0"
2030-07-25 03:00:00,"92,74086206303012","0,0","0,0"
2030-07-25 04:00:00,"92,74086206303012","0,0","0,0"
2030-07-25 05:00:00,"0,0","74,1926896504241","0,0"
2030-07-25 06:00:00,"0,0","0,0","0,0"
2030-07-25 07:00:00,"0,0","0,0","0,0"
2030-07-25 08:00:00,"288,0","0,0","288,0"
2030-07-25 09:00:00,"576,0","0,0","288,0"
2030-07-25 10:00:00,"864,0","0,0","288,0"
2030-07-25 11:00:00,"1152,0","0,0","288,0"
2030-07-25 12:00:00,"1440,0","0,0","288,0"
2030-07-25 13:00:00,"1728,0","0,0","288,0"
2030-07-25 14:00:00,"2016,0","0,0","288,0"
2030-07-25 15:00:00,"2304,0","0,0","288,0"
2030-07-25 16:00:00,"2304,0","0,0","0,0"
2030-07-25 17:00:00,"2304,0","0,0","0,0"
2030-07-25 18:00:00,"1944,0","288,0","0,0"
2030-07-25 19:00:00,"1584,0","288,0","0,0"
2030-07-25 20:00:00,"1224,0","288,0","0,0"
2030-07-25 21:00:00,"1224,0","0,0","0,0"
2030-07-25 22:00:00,"1224,0","0,0","0,0"
2030-07-25 23:00:00,"1224,0","0,0","0,0"
2030-07-26 00:00:00,"1224,0","0,0","0,0"
2030-07-26 01:00:00,"1224,0","0,0","0,0"
2030-07-26 02:00:00,"1224,0","0,0","0,0"
2030-07-26 03:00:00,"1080,0","115,2","0,0"
2030-07-26 04:00:00,"720,0","288,0","0,0"
2030-07-26 05:00:00,"360,0","288,0","0,0"
2030-07-26 06:00:00,"0,0","288,0","0,0"
2030-07-26 07:00:00,"0,0","0,0","0,0"
2030-07-26 08:00:00,"110,97291953712863","0,0","110,97291953712863"
2030-07-26 09:00:00,"398,97291953712863","0,0","288,0"
2030-07-26 10:00:00,"686,9729195371286","0,0","288,0"
2030-07-26 11:00:00,"974,9729195371286","0,0","288,0"
2030-07-26 12:00:00,"1262,9729195371287","0,0","288,0"
2030-07-26 13:00:00,"1550,9729195371287","0,0","288,0"
2030-07-26 14:00:00,"1838,9729195371287","0,0","288,0"
2030-07-26 15:00:00,"2126,9729195371287","0,0","288,0"
2030-07-26 16:00:00,"2304,0","0,0","177,02708046287125"
2030-07-26 17:00:00,"1944,0","288,0","0,0"
2030-07-26 18:00:00,"1584,0","288,0","0,0"
2030-07-26 19:00:00,"1224,0","288,0","0,0"
2030-07-26 20:00:00,"864,0","288,0","0,0"
2030-07-26 21:00:00,"504,0","288,0","0,0"
2030-07-26 22:00:00,"144,0","288,0","0,0"
2030-07-26 23:00:00,"0,0","115,2","0,0"
2030-07-27 00:00:00,"0,0","0,0","0,0"
2030-07-27 01:00:00,"0,0","0,0","0,0"
2030-07-27 02:00:00,"0,0","0,0","0,0"
2030-07-27 03:00:00,"0,0","0,0","0,0"
2030-07-27 04:00:00,"0,0","0,0","0,0"
2030-07-27 05:00:00,"0,0","0,0","0,0"
2030-07-27 06:00:00,"0,0","0,0","0,0"
2030-07-27 07:00:00,"0,0","0,0","0,0"
2030-07-27 08:00:00,"288,0","0,0","288,0"
2030-07-27 09:00:00,"576,0","0,0","288,0"
2030-07-27 10:00:00,"864,0","0,0","288,0"
2030-07-27 11:00:00,"1152,0","0,0","288,0"
2030-07-27 12:00:00,"1440,0","0,0","288,0"
2030-07-27 13:00:00,"1728,0","0,0","288,0"
2030-07-27 14:00:00,"2016,0","0,0","288,0"
2030-07-27 15:00:00,"2304,0","0,0","288,0"
2030-07-27 16:00:00,"2304,0","0,0","0,0"
2030-07-27 17:00:00,"2304,0","0,0","0,0"
2030-07-27 18:00:00,"1944,0","288,0","0,0"
2030-07-27 19:00:00,"1584,0","288,0","0,0"
2030-07-27 20:00:00,"1440,0","115,2","0,0"
2030-07-27 21:00:00,"1440,0","0,0","0,0"
2030-07-27 22:00:00,"1728,0","0,0","288,0"
2030-07-27 23:00:00,"2016,0","0,0","288,0"
2030-07-28 00:00:00,"2304,0","0,0","288,0"
2030-07-28 01:00:00,"2304,0","0,0","0,0"
2030-07-28 02:00:00,"2120,220770287804","147,02338376975672","0,0"
2030-07-28 03:00:00,"1872,3546783614795","198,29287354105963","0,0"
2030-07-28 04:00:00,"1689,3138168492646","146,43268920977187","0,0"
2030-07-28 05:00:00,"1387,5759531871108","241,39029092972294","0,0"
2030-07-28 06:00:00,"1027,5759531871108","288,0","0,0"
2030-07-28 07:00:00,"1027,5759531871108","0,0","0,0"
2030-07-28 08:00:00,"1027,5759531871108","0,0","0,0"
2030-07-28 09:00:00,"1315,5759531871108","0,0","288,0"
2030-07-28 10:00:00,"1315,5759531871108","0,0","0,0"
2030-07-28 11:00:00,"1315,5759531871108","0,0","0,0"
2030-07-28 12:00:00,"1407,749660657918","0,0","92,17370747080724"
2030-07-28 13:00:00,"1695,749660657918","0,0","288,0"
2030-07-28 14:00:00,"1983,749660657918","0,0","288,0"
2030-07-28 15:00:00,"2271,749660657918","0,0","288,0"
2030-07-28 16:00:00,"2304,0","0,0","32,25033934208221"
2030-07-28 17:00:00,"2304,0","0,0","0,0"
2030-07-28 18:00:00,"2174,3427481567787","103,72580147457711","0,0"
2030-07-28 19:00:00,"1814,3427481567787","288,0","0,0"
2030-07-28 20:00:00,"1454,3427481567787","288,0","0,0"
2030-07-28 21:00:00,"1094,3427481567787","288,0","0,0"
2030-07-28 22:00:00,"1094,3427481567787","0,0","0,0"
2030-07-28 23:00:00,"1094,3427481567787","0,0","0,0"
2030-07-29 00:00:00,"1094,3427481567787","0,0","0,0"
2030-07-29 01:00:00,"1094,3427481567787","0,0","0,0"
2030-07-29 02:00:00,"1094,3427481567787","0,0","0,0"
2030-07-29 03:00:00,"1094,3427481567787","0,0","0,0"
2030-07-29 04:00:00,"1094,3427481567787","0,0","0,0"
2030-07-29 05:00:00,"734,3427481567787","288,0","0,0"
2030-07-29 06:00:00,"374,3427481567787","288,0","0,0"
2030-07-29 07:00:00,"374,3427481567787","0,0","0,0"
2030-07-29 08:00:00,"374,3427481567787","0,0","0,0"
2030-07-29 09:00:00,"374,3427481567787","0,0","0,0"
2030-07-29 10:00:00,"374,3427481567787","0,0","0,0"
2030-07-29 11:00:00,"374,3427481567787","0,0","0,0"
2030-07-29 12:00:00,"374,3427481567787","0,0","0,0"
2030-07-29 13:00:00,"374,3427481567787","0,0","0,0"
2030-07-29 14:00:00,"374,3427481567787","0,0","0,0"
2030-07-29 15:00:00,"374,3427481567787","0,0","0,0"
2030-07-29 16:00:00,"633,980780664084","0,0","259,6380325073053"
2030-07-29 17:00:00,"633,980780664084","0,0","0,0"
2030-07-29 18:00:00,"273,980780664084","288,0","0,0"
2030-07-29 19:00:00,"0,0","219,18462453126722","0,0"
2030-07-29 20:00:00,"0,0","0,0","0,0"
2030-07-29 21:00:00,"0,0","0,0","0,0"
2030-07-29 22:00:00,"0,0","0,0","0,0"
2030-07-29 23:00:00,"0,0","0,0","0,0"
2030-07-30 00:00:00,"0,0","0,0","0,0"
2030-07-30 01:00:00,"0,0","0,0","0,0"
2030-07-30 02:00:00,"0,0","0,0","0,0"
2030-07-30 03:00:00,"0,0","0,0","0,0"
2030-07-30 04:00:00,"0,0","0,0","0,0"
2030-07-30 05:00:00,"0,0","0,0","0,0"
2030-07-30 06:00:00,"0,0","0,0","0,0"
2030-07-30 07:00:00,"0,0","0,0","0,0"
2030-07-30 08:00:00,"288,0","0,0","288,0"
2030-07-30 09:00:00,"576,0","0,0","288,0"
2030-07-30 10:00:00,"864,0","0,0","288,0"
2030-07-30 11:00:00,"1152,0","0,0","288,0"
2030-07-30 12:00:00,"1440,0","0,0","288,0"
2030-07-30 13:00:00,"1728,0","0,0","288,0"
2030-07-30 14:00:00,"2016,0","0,0","288,0"
2030-07-30 15:00:00,"2304,0","0,0","288,0"
2030-07-30 16:00:00,"2304,0","0,0","0,0"
2030-07-30 17:00:00,"2304,0","0,0","0,0"
2030-07-30 18:00:00,"2304,0","0,0","0,0"
2030-07-30 19:00:00,"2304,0","0,0","0,0"
2030-07-30 20:00:00,"2258,2448458581916","36,604123313446834","0,0"
2030-07-30 21:00:00,"1898,2448458581916","288,0","0,0"
2030-07-30 22:00:00,"1538,2448458581916","288,0","0,0"
2030-07-30 23:00:00,"1538,2448458581916","0,0","0,0"
2030-07-31 00:00:00,"1538,2448458581916","0,0","0,0"
2030-07-31 01:00:00,"1440,0","78,59587668655331","0,0"
2030-07-31 02:00:00,"1440,0","0,0","0,0"
2030-07-31 03:00:00,"1080,0","288,0","0,0"
2030-07-31 04:00:00,"720,0","288,0","0,0"
2030-07-31 05:00:00,"360,0","288,0","0,0"
2030-07-31 06:00:00,"0,0","288,0","0,0"
2030-07-31 07:00:00,"0,0","0,0","0,0"
2030-07-31 08:00:00,"0,0","0,0","0,0"
2030-07-31 09:00:00,"0,0","0,0","0,0"
2030-07-31 10:00:00,"288,0","0,0","288,0"
2030-07-31 11:00:00,"576,0","0,0","288,0"
2030-07-31 12:00:00,"864,0","0,0","288,0"
2030-07-31 13:00:00,"1152,0","0,0","288,0"
2030-07-31 14:00:00,"1440,0","0,0","288,0"
2030-07-31 15:00:00,"1440,0","0,0","0,0"
2030-07-31 16:00:00,"1440,0","0,0","0,0"
2030-07-31 17:00:00,"1080,0","288,0","0,0"
2030-07-31 18:00:00,"720,0","288,0","0,0"
2030-07-31 19:00:00,"360,0","288,0","0,0"
2030-07-31 20:00:00,"360,0","0,0","0,0"
2030-07-31 21:00:00,"360,0","0,0","0,0"
2030-07-31 22:00:00,"360,0","0,0","0,0"
2030-07-31 23:00:00,"360,0","0,0","0,0"
2030-08-01 00:00:00,"360,0","0,0","0,0"
2030-08-01 01:00:00,"360,0","0,0","0,0"
2030-08-01 02:00:00,"360,0","0,0","0,0"
2030-08-01 03:00:00,"360,0","0,0","0,0"
2030-08-01 04:00:00,"308,3107213960671","41,35142288314631","0,0"
2030-08-01 05:00:00,"308,3107213960671","0,0","0,0"
2030-08-01 06:00:00,"308,3107213960671","0,0","0,0"
2030-08-01 07:00:00,"308,3107213960671","0,0","0,0"
2030-08-01 08:00:00,"308,3107213960671","0,0","0,0"
2030-08-01 09:00:00,"596,310721396067","0,0","288,0"
2030-08-01 10:00:00,"884,310721396067","0,0","288,0"
2030-08-01 11:00:00,"1172,310721396067","0,0","288,0"
2030-08-01 12:00:00,"1460,310721396067","0,0","288,0"
2030-08-01 13:00:00,"1748,310721396067","0,0","288,0"
2030-08-01 14:00:00,"2036,310721396067","0,0","288,0"
2030-08-01 15:00:00,"2304,0","0,0","267,68927860393296"
2030-08-01 16:00:00,"2304,0","0,0","0,0"
2030-08-01 17:00:00,"2304,0","0,0","0,0"
2030-08-01 18:00:00,"1944,0","288,0","0,0"
2030-08-01 19:00:00,"1584,0","288,0","0,0"
2030-08-01 20:00:00,"1224,0","288,0","0,0"
2030-08-01 21:00:00,"864,0","288,0","0,0"
2030-08-01 22:00:00,"864,0","0,0","0,0"
2030-08-01 23:00:00,"864,0","0,0","0,0"
2030-08-02 00:00:00,"864,0","0,0","0,0"
2030-08-02 01:00:00,"578,4812680144555","228,4149855884356","0,0"
2030-08-02 02:00:00,"578,4812680144555","0,0","0,0"
2030-08-02 03:00:00,"578,4812680144555","0,0","0,0"
2030-08-02 04:00:00,"578,4812680144555","0,0","0,0"
2030-08-02 05:00:00,"578,4812680144555","0,0","0,0"
2030-08-02 06:00:00,"218,48126801445545","288,0","0,0"
2030-08-02 07:00:00,"0,0","174,78501441156436","0,0"
2030-08-02 08:00:00,"0,0","0,0","0,0"
2030-08-02 09:00:00,"288,0","0,0","288,0"
2030-08-02 10:00:00,"576,0","0,0","288,0"
2030-08-02 11:00:00,"864,0","0,0","288,0"
2030-08-02 12:00:00,"1152,0","0,0","288,0"
2030-08-02 13:00:00,"1440,0","0,0","288,0"
2030-08-02 14:00:00,"1690,9822551387265","0,0","250,9822551387265"
2030-08-02 15:00:00,"1690,9822551387265","0,0","0,0"
2030-08-02 16:00:00,"1690,9822551387265","0,0","0,0"
2030-08-02 17:00:00,"1690,9822551387265","0,0","0,0"
2030-08-02 18:00:00,"1690,9822551387265","0,0","0,0"
2030-08-02 19:00:00,"1690,9822551387265","0,0","0,0"
2030-08-02 20:00:00,"1690,9822551387265","0,0","0,0"
2030-08-02 21:00:00,"1690,9822551387265","0,0","0,0"
2030-08-02 22:00:00,"1690,9822551387265","0,0","0,0"
2030-08-02 23:00:00,"1690,9822551387265","0,0","0,0"
2030-08-03 00:00:00,"1690,9822551387265","0,0","0,0"
2030-08-03 01:00:00,"1690,9822551387265","0,0","0,0"
2030-08-03 02:00:00,"1690,9822551387265","0,0","0,0"
2030-08-03 03:00:00,"1690,9822551387265","0,0","0,0"
2030-08-03 04:00:00,"1690,9822551387265","0,0","0,0"
2030-08-03 05:00:00,"1690,9822551387265","0,0","0,0"
2030-08-03 06:00:00,"1690,9822551387265","0,0","0,0"
2030-08-03 07:00:00,"1690,9822551387265","0,0","0,0"
2030-08-03 08:00:00,"1690,9822551387265","0,0","0,0"
2030-08-03 09:00:00,"1823,8662676891272","0,0","132,88401255040077"
2030-08-03 10:00:00,"2111,866267689127","0,0","288,0"
2030-08-03 11:00:00,"2304,0","0,0","192,13373231087263"
2030-08-03 12:00:00,"2304,0","0,0","0,0"
2030-08-03 13:00:00,"2304,0","0,0","0,0"
2030-08-03 14:00:00,"2304,0","0,0","0,0"
2030-08-03 15:00:00,"2304,0","0,0","0,0"
2030-08-03 16:00:00,"2226,707681909419","61,833854472464566","0,0"
2030-08-03 17:00:00,"2157,835363292381","55,09785489363071","0,0"
2030-08-03 18:00:00,"1904,786298622539","202,43925173587348","0,0"
2030-08-03 19:00:00,"2016,0","0,0","111,2137013774609"
2030-08-03 20:00:00,"2016,0","0,0","0,0"
2030-08-03 21:00:00,"2304,0","0,0","288,0"
2030-08-03 22:00:00,"2304,0","0,0","0,0"
2030-08-03 23:00:00,"2141,2730547451315","130,18155620389496","0,0"
2030-08-04 00:00:00,"1804,5962766991263","269,3414224368042","0,0"
2030-08-04 01:00:00,"1444,5962766991263","288,0","0,0"
2030-08-04 02:00:00,"1084,5962766991263","288,0","0,0"
2030-08-04 03:00:00,"724,5962766991263","288,0","0,0"
2030-08-04 04:00:00,"459,2721048579383","212,2593374729504","0,0"
2030-08-04 05:00:00,"459,2721048579383","0,0","0,0"
2030-08-04 06:00:00,"459,2721048579383","0,0","0,0"
2030-08-04 07:00:00,"459,2721048579383","0,0","0,0"
2030-08-04 08:00:00,"747,2721048579383","0,0","288,0"
2030-08-04 09:00:00,"1035,2721048579383","0,0","288,0"
2030-08-04 10:00:00,"1323,2721048579383","0,0","288,0"
2030-08-04 11:00:00,"1611,2721048579383","0,0","288,0"
2030-08-04 12:00:00,"1899,2721048579383","0,0","288,0"
2030-08-04 13:00:00,"2187,2721048579383","0,0","288,0"
2030-08-04 14:00:00,"2304,0","0,0","116,72789514206188"
2030-08-04 15:00:00,"2304,0","0,0","0,0"
2030-08-04 16:00:00,"2304,0","0,0","0,0"
2030-08-04 17:00:00,"2304,0","0,0","0,0"
2030-08-04 18:00:00,"2304,0","0,0","0,0"
2030-08-04 19:00:00,"2304,0","0,0","0,0"
2030-08-04 20:00:00,"2304,0","0,0","0,0"
2030-08-04 21:00:00,"2304,0","0,0","0,0"
2030-08-04 22:00:00,"2304,0","0,0","0,0"
2030-08-04 23:00:00,"2304,0","0,0","0,0"
2030-08-05 00:00:00,"2304,0","0,0","0,0"
2030-08-05 01:00:00,"2304,0","0,0","0,0"
2030-08-05 02:00:00,"2304,0","0,0","0,0"
2030-08-05 03:00:00,"2304,0","0,0","0,0"
2030-08-05 04:00:00,"2304,0","0,0","0,0"
2030-08-05 05:00:00,"1944,0","288,0","0,0"
2030-08-05 06:00:00,"1689,860353815347","203,31171694772237","0,0"
2030-08-05 07:00:00,"1689,860353815347","0,0","0,0"
2030-08-05 08:00:00,"1689,860353815347","0,0","0,0"
2030-08-05 09:00:00,"1689,860353815347","0,0","0,0"
2030-08-05 10:00:00,"1689,860353815347","0,0","0,0"
2030-08-05 11:00:00,"1689,860353815347","0,0","0,0"
2030-08-05 12:00:00,"1977,860353815347","0,0","288,0"
2030-08-05 13:00:00,"2265,860353815347","0,0","288,0"
2030-08-05 14:00:00,"2304,0","0,0","38,13964618465303"
2030-08-05 15:00:00,"2304,0","0,0","0,0"
2030-08-05 16:00:00,"2304,0","0,0","0,0"
2030-08-05 17:00:00,"1944,0","288,0","0,0"
2030-08-05 18:00:00,"1584,0","288,0","0,0"
2030-08-05 19:00:00,"1224,0","288,0","0,0"
2030-08-05 20:00:00,"1080,0","115,2","0,0"
2030-08-05 21:00:00,"1080,0","0,0","0,0"
2030-08-05 22:00:00,"1080,0","0,0","0,0"
2030-08-05 23:00:00,"1080,0","0,0","0,0"
2030-08-06 00:00:00,"1080,0","0,0","0,0"
2030-08-06 01:00:00,"1080,0","0,0","0,0"
2030-08-06 02:00:00,"1080,0","0,0","0,0"
2030-08-06 03:00:00,"1080,0","0,0","0,0"
2030-08-06 04:00:00,"1080,0","0,0","0,0"
2030-08-06 05:00:00,"720,0","288,0","0,0"
2030-08-06 06:00:00,"720,0","0,0","0,0"
2030-08-06 07:00:00,"720,0","0,0","0,0"
2030-08-06 08:00:00,"720,0","0,0","0,0"
2030-08-06 09:00:00,"720,0","0,0","0,0"
2030-08-06 10:00:00,"720,0","0,0","0,0"
2030-08-06 11:00:00,"720,0","0,0","0,0"
2030-08-06 12:00:00,"720,0","0,0","0,0"
2030-08-06 13:00:00,"720,0","0,0","0,0"
2030-08-06 14:00:00,"720,0","0,0","0,0"
2030-08-06 15:00:00,"720,0","0,0","0,0"
2030-08-06 16:00:00,"720,0","0,0","0,0"
2030-08-06 17:00:00,"360,0","288,0","0,0"
2030-08-06 18:00:00,"0,0","288,0","0,0"
2030-08-06 19:00:00,"0,0","0,0","0,0"
2030-08-06 20:00:00,"0,0","0,0","0,0"
2030-08-06 21:00:00,"0,0","0,0","0,0"
2030-08-06 22:00:00,"0,0","0,0","0,0"
2030-08-06 23:00:00,"0,0","0,0","0,0"
2030-08-07 00:00:00,"0,0","0,0","0,0"
2030-08-07 01:00:00,"0,0","0,0","0,0"
2030-08-07 02:00:00,"0,0","0,0","0,0"
2030-08-07 03:00:00,"0,0","0,0","0,0"
2030-08-07 04:00:00,"0,0","0,0","0,0"
2030-08-07 05:00:00,"0,0","0,0","0,0"
2030-08-07 06:00:00,"0,0","0,0","0,0"
2030-08-07 07:00:00,"288,0","0,0","288,0"
2030-08-07 08:00:00,"576,0","0,0","288,0"
2030-08-07 09:00:00,"864,0","0,0","288,0"
2030-08-07 10:00:00,"1152,0","0,0","288,0"
2030-08-07 11:00:00,"1440,0","0,0","288,0"
2030-08-07 12:00:00,"1728,0","0,0","288,0"
2030-08-07 13:00:00,"2016,0","0,0","288,0"
2030-08-07 14:00:00,"2304,0","0,0","288,0"
2030-08-07 15:00:00,"2304,0","0,0","0,0"
2030-08-07 16:00:00,"2304,0","0,0","0,0"
2030-08-07 17:00:00,"2304,0","0,0","0,0"
2030-08-07 18:00:00,"1944,0","288,0","0,0"
2030-08-07 19:00:00,"1584,0","288,0","0,0"
2030-08-07 20:00:00,"1224,0","288,0","0,0"
2030-08-07 21:00:00,"864,0","288,0","0,0"
2030-08-07 22:00:00,"864,0","0,0","0,0"
2030-08-07 23:00:00,"864,0","0,0","0,0"
2030-08-08 00:00:00,"1152,0","0,0","288,0"
2030-08-08 01:00:00,"1440,0","0,0","288,0"
2030-08-08 02:00:00,"1440,0","0,0","0,0"
2030-08-08 03:00:00,"1440,0","0,0","0,0"
2030-08-08 04:00:00,"1080,0","288,0","0,0"
2030-08-08 05:00:00,"720,0","288,0","0,0"
2030-08-08 06:00:00,"360,0","288,0","0,0"
2030-08-08 07:00:00,"12,32930280658735","278,1365577547301","0,0"
2030-08-08 08:00:00,"12,32930280658735","0,0","0,0"
2030-08-08 09:00:00,"300,32930280658735","0,0","288,0"
2030-08-08 10:00:00,"588,3293028065873","0,0","288,0"
2030-08-08 11:00:00,"876,3293028065873","0,0","288,0"
2030-08-08 12:00:00,"1164,3293028065873","0,0","288,0"
2030-08-08 13:00:00,"1452,3293028065873","0,0","288,0"
2030-08-08 14:00:00,"1740,3293028065873","0,0","288,0"
2030-08-08 15:00:00,"1740,3293028065873","0,0","0,0"
2030-08-08 16:00:00,"1740,3293028065873","0,0","0,0"
2030-08-08 17:00:00,"1380,3293028065873","288,0","0,0"
2030-08-08 18:00:00,"1020,3293028065873","288,0","0,0"
2030-08-08 19:00:00,"660,3293028065873","288,0","0,0"
2030-08-08 20:00:00,"660,3293028065873","0,0","0,0"
2030-08-08 21:00:00,"660,3293028065873","0,0","0,0"
2030-08-08 22:00:00,"660,3293028065873","0,0","0,0"
2030-08-08 23:00:00,"660,3293028065873","0,0","0,0"
2030-08-09 00:00:00,"660,3293028065873","0,0","0,0"
2030-08-09 01:00:00,"660,3293028065873","0,0","0,0"
2030-08-09 02:00:00,"660,3293028065873","0,0","0,0"
2030-08-09 03:00:00,"660,3293028065873","0,0","0,0"
2030-08-09 04:00:00,"660,3293028065873","0,0","0,0"
2030-08-09 05:00:00,"660,3293028065873","0,0","0,0"
2030-08-09 06:00:00,"660,3293028065873","0,0","0,0"
2030-08-09 07:00:00,"660,3293028065873","0,0","0,0"
2030-08-09 08:00:00,"660,3293028065873","0,0","0,0"
2030-08-09 09:00:00,"864,0","0,0","203,6706971934127"
2030-08-09 10:00:00,"1152,0","0,0","288,0"
2030-08-09 11:00:00,"1440,0","0,0","288,0"
2030-08-09 12:00:00,"1728,0","0,0","288,0"
2030-08-09 13:00:00,"2016,0","0,0","288,0"
2030-08-09 14:00:00,"2304,0","0,0","288,0"
2030-08-09 15:00:00,"2304,0","0,0","0,0"
2030-08-09 16:00:00,"2304,0","0,0","0,0"
2030-08-09 17:00:00,"1944,0","288,0","0,0"
2030-08-09 18:00:00,"1584,0","288,0","0,0"
2030-08-09 19:00:00,"1224,0","288,0","0,0"
2030-08-09 20:00:00,"864,0","288,0","0,0"
2030-08-09 21:00:00,"504,0","288,0","0,0"
2030-08-09 22:00:00,"144,0","288,0","0,0"
2030-08-09 23:00:00,"144,0","0,0","0,0"
2030-08-10 00:00:00,"144,0","0,0","0,0"
2030-08-10 01:00:00,"144,0","0,0","0,0"
2030-08-10 02:00:00,"144,0","0,0","0,0"
2030-08-10 03:00:00,"144,0","0,0","0,0"
2030-08-10 04:00:00,"144,0","0,0","0,0"
2030-08-10 05:00:00,"0,0","115,2","0,0"
2030-08-10 06:00:00,"0,0","0,0","0,0"
2030-08-10 07:00:00,"0,0","0,0","0,0"
2030-08-10 08:00:00,"0,0","0,0","0,0"
2030-08-10 09:00:00,"0,0","0,0","0,0"
2030-08-10 10:00:00,"0,0","0,0","0,0"
2030-08-10 11:00:00,"0,0","0,0","0,0"
2030-08-10 12:00:00,"0,0","0,0","0,0"
2030-08-10 13:00:00,"0,0","0,0","0,0"
2030-08-10 14:00:00,"0,0","0,0","0,0"
2030-08-10 15:00:00,"0,0","0,0","0,0"
2030-08-10 16:00:00,"0,0","0,0","0,0"
2030-08-10 17:00:00,"0,0","0,0","0,0"
2030-08-10 18:00:00,"0,0","0,0","0,0"
2030-08-10 19:00:00,"0,0","0,0","0,0"
2030-08-10 20:00:00,"0,0","0,0","0,0"
2030-08-10 21:00:00,"0,0","0,0","0,0"
2030-08-10 22:00:00,"0,0","0,0","0,0"
2030-08-10 23:00:00,"0,0","0,0","0,0"
2030-08-11 00:00:00,"0,0","0,0","0,0"
2030-08-11 01:00:00,"0,0","0,0","0,0"
2030-08-11 02:00:00,"0,0","0,0","0,0"
2030-08-11 03:00:00,"0,0","0,0","0,0"
2030-08-11 04:00:00,"0,0","0,0","0,0"
2030-08-11 05:00:00,"0,0","0,0","0,0"
2030-08-11 06:00:00,"0,0","0,0","0,0"
2030-08-11 07:00:00,"0,0","0,0","0,0"
2030-08-11 08:00:00,"288,0","0,0","288,0"
2030-08-11 09:00:00,"576,0","0,0","288,0"
2030-08-11 10:00:00,"864,0","0,0","288,0"
2030-08-11 11:00:00,"1152,0","0,0","288,0"
2030-08-11 12:00:00,"1440,0","0,0","288,0"
2030-08-11 13:00:00,"1728,0","0,0","288,0"
2030-08-11 14:00:00,"2016,0","0,0","288,0"
2030-08-11 15:00:00,"2304,0","0,0","288,0"
2030-08-11 16:00:00,"2304,0","0,0","0,0"
2030-08-11 17:00:00,"2304,0","0,0","0,0"
2030-08-11 18:00:00,"1944,0","288,0","0,0"
2030-08-11 19:00:00,"1584,0","288,0","0,0"
2030-08-11 20:00:00,"1512,0","57,6","0,0"
2030-08-11 21:00:00,"1512,0","0,0","0,0"
2030-08-11 22:00:00,"1512,0","0,0","0,0"
2030-08-11 23:00:00,"1512,0","0,0","0,0"
2030-08-12 00:00:00,"1512,0","0,0","0,0"
2030-08-12 01:00:00,"1512,0","0,0","0,0"
2030-08-12 02:00:00,"1512,0","0,0","0,0"
2030-08-12 03:00:00,"1512,0","0,0","0,0"
2030-08-12 04:00:00,"1512,0","0,0","0,0"
2030-08-12 05:00:00,"1152,0","288,0","0,0"
2030-08-12 06:00:00,"1152,0","0,0","0,0"
2030-08-12 07:00:00,"1152,0","0,0","0,0"
2030-08-12 08:00:00,"1152,0","0,0","0,0"
2030-08-12 09:00:00,"1152,0","0,0","0,0"
2030-08-12 10:00:00,"1440,0","0,0","288,0"
2030-08-12 11:00:00,"1728,0","0,0","288,0"
2030-08-12 12:00:00,"2016,0","0,0","288,0"
2030-08-12 13:00:00,"2304,0","0,0","288,0"
2030-08-12 14:00:00,"2304,0","0,0","0,0"
2030-08-12 15:00:00,"2304,0","0,0","0,0"
2030-08-12 16:00:00,"2304,0","0,0","0,0"
2030-08-12 17:00:00,"2304,0","0,0","0,0"
2030-08-12 18:00:00,"2304,0","0,0","0,0"
2030-08-12 19:00:00,"2304,0","0,0","0,0"
2030-08-12 20:00:00,"2304,0","0,0","0,0"
2030-08-12 21:00:00,"2304,0","0,0","0,0"
2030-08-12 22:00:00,"2304,0","0,0","0,0"
2030-08-12 23:00:00,"2304,0","0,0","0,0"
2030-08-13 00:00:00,"2304,0","0,0","0,0"
2030-08-13 01:00:00,"2304,0","0,0","0,0"
2030-08-13 02:00:00,"2304,0","0,0","0,0"
2030-08-13 03:00:00,"1944,0","288,0","0,0"
2030-08-13 04:00:00,"1584,0","288,0","0,0"
2030-08-13 05:00:00,"1224,0","288,0","0,0"
2030-08-13 06:00:00,"864,0","288,0","0,0"
2030-08-13 07:00:00,"504,0","288,0","0,0"
2030-08-13 08:00:00,"288,0","172,8","0,0"
2030-08-13 09:00:00,"576,0","0,0","288,0"
2030-08-13 10:00:00,"864,0","0,0","288,0"
2030-08-13 11:00:00,"1152,0","0,0","288,0"
2030-08-13 12:00:00,"1440,0","0,0","288,0"
2030-08-13 13:00:00,"1728,0","0,0","288,0"
2030-08-13 14:00:00,"2016,0","0,0","288,0"
2030-08-13 15:00:00,"2304,0","0,0","288,0"
2030-08-13 16:00:00,"1972,7848021612433","264,9721582710053","0,0"
2030-08-13 17:00:00,"1612,7848021612433","288,0","0,0"
2030-08-13 18:00:00,"1252,7848021612433","288,0","0,0"
2030-08-13 19:00:00,"892,7848021612433","288,0","0,0"
2030-08-13 20:00:00,"532,7848021612433","288,0","0,0"
2030-08-13 21:00:00,"172,7848021612433","288,0","0,0"
2030-08-13 22:00:00,"0,0","138,22784172899463","0,0"
2030-08-13 23:00:00,"0,0","0,0","0,0"
2030-08-14 00:00:00,"0,0","0,0","0,0"
2030-08-14 01:00:00,"0,0","0,0","0,0"
2030-08-14 02:00:00,"0,0","0,0","0,0"
2030-08-14 03:00:00,"0,0","0,0","0,0"
2030-08-14 04:00:00,"0,0","0,0","0,0"
2030-08-14 05:00:00,"0,0","0,0","0,0"
2030-08-14 06:00:00,"0,0","0,0","0,0"
2030-08-14 07:00:00,"0,0","0,0","0,0"
2030-08-14 08:00:00,"288,0","0,0","288,0"
2030-08-14 09:00:00,"576,0","0,0","288,0"
2030-08-14 10:00:00,"864,0","0,0","288,0"
2030-08-14 11:00:00,"1152,0","0,0","288,0"
2030-08-14 12:00:00,"1440,0","0,0","288,0"
2030-08-14 13:00:00,"1728,0","0,0","288,0"
2030-08-14 14:00:00,"2016,0","0,0","288,0"
2030-08-14 15:00:00,"2304,0","0,0","288,0"
2030-08-14 16:00:00,"2304,0","0,0","0,0"
2030-08-14 17:00:00,"1944,0","288,0","0,0"
2030-08-14 18:00:00,"1584,0","288,0","0,0"
2030-08-14 19:00:00,"1224,0","288,0","0,0"
2030-08-14 20:00:00,"864,0","288,0","0,0"
2030-08-14 21:00:00,"504,0","288,0","0,0"
2030-08-14 22:00:00,"144,0","288,0","0,0"
2030-08-14 23:00:00,"0,0","115,2","0,0"
2030-08-15 00:00:00,"0,0","0,0","0,0"
2030-08-15 01:00:00,"0,0","0,0","0,0"
2030-08-15 02:00:00,"0,0","0,0","0,0"
2030-08-15 03:00:00,"0,0","0,0","0,0"
2030-08-15 04:00:00,"0,0","0,0","0,0"
2030-08-15 05:00:00,"0,0","0,0","0,0"
2030-08-15 06:00:00,"0,0","0,0","0,0"
2030-08-15 07:00:00,"0,0","0,0","0,0"
2030-08-15 08:00:00,"0,0","0,0","0,0"
2030-08-15 09:00:00,"0,0","0,0","0,0"
2030-08-15 10:00:00,"288,0","0,0","288,0"
2030-08-15 11:00:00,"576,0","0,0","288,0"
2030-08-15 12:00:00,"864,0","0,0","288,0"
2030-08-15 13:00:00,"1152,0","0,0","288,0"
2030-08-15 14:00:00,"1440,0","0,0","288,0"
2030-08-15 15:00:00,"1728,0","0,0","288,0"
2030-08-15 16:00:00,"1728,0","0,0","0,0"
2030-08-15 17:00:00,"1728,0","0,0","0,0"
2030-08-15 18:00:00,"1368,0","288,0","0,0"
2030-08-15 19:00:00,"1291,144443768765","61,48444498498793","0,0"
2030-08-15 20:00:00,"1291,144443768765","0,0","0,0"
2030-08-15 21:00:00,"1291,144443768765","0,0","0,0"
2030-08-15 22:00:00,"1291,144443768765","0,0","0,0"
2030-08-15 23:00:00,"931,1444437687651","288,0","0,0"
2030-08-16 00:00:00,"571,1444437687651","288,0","0,0"
2030-08-16 01:00:00,"418,5322602288198","122,0897468319562","0,0"
2030-08-16 02:00:00,"418,5322602288198","0,0","0,0"
2030-08-16 03:00:00,"418,5322602288198","0,0","0,0"
2030-08-16 04:00:00,"418,5322602288198","0,0","0,0"
2030-08-16 05:00:00,"58,53226022881978","288,0","0,0"
2030-08-16 06:00:00,"58,53226022881978","0,0","0,0"
2030-08-16 07:00:00,"58,53226022881978","0,0","0,0"
2030-08-16 08:00:00,"288,0","0,0","229,46773977118022"
2030-08-16 09:00:00,"576,0","0,0","288,0"
2030-08-16 10:00:00,"864,0","0,0","288,0"
2030-08-16 11:00:00,"1152,0","0,0","288,0"
2030-08-16 12:00:00,"1440,0","0,0","288,0"
2030-08-16 13:00:00,"1728,0","0,0","288,0"
2030-08-16 14:00:00,"2016,0","0,0","288,0"
2030-08-16 15:00:00,"2304,0","0,0","288,0"
2030-08-16 16:00:00,"2304,0","0,0","0,0"
2030-08-16 17:00:00,"1944,0","288,0","0,0"
2030-08-16 18:00:00,"1584,0","288,0","0,0"
2030-08-16 19:00:00,"1224,0","288,0","0,0"
2030-08-16 20:00:00,"864,0","288,0","0,0"
2030-08-16 21:00:00,"504,0","288,0","0,0"
2030-08-16 22:00:00,"144,0","288,0","0,0"
2030-08-16 23:00:00,"0,0","115,2","0,0"
2030-08-17 00:00:00,"140,27559803193384","0,0","140,27559803193384"
2030-08-17 01:00:00,"428,27559803193384","0,0","288,0"
2030-08-17 02:00:00,"716,2755980319339","0,0","288,0"
2030-08-17 03:00:00,"716,2755980319339","0,0","0,0"
2030-08-17 04:00:00,"716,2755980319339","0,0","0,0"
2030-08-17 05:00:00,"789,297237064191","0,0","73,0216390322571"
2030-08-17 06:00:00,"1077,297237064191","0,0","288,0"
2030-08-17 07:00:00,"1285,645741053703","0,0","208,34850398951204"
2030-08-17 08:00:00,"1440,0","0,0","154,35425894629708"
2030-08-17 09:00:00,"1728,0","0,0","288,0"
2030-08-17 10:00:00,"2016,0","0,0","288,0"
2030-08-17 11:00:00,"2304,0","0,0","288,0"
2030-08-17 12:00:00,"2304,0","0,0","0,0"
2030-08-17 13:00:00,"2304,0","0,0","0,0"
2030-08-17 14:00:00,"2304,0","0,0","0,0"
2030-08-17 15:00:00,"2304,0","0,0","0,0"
2030-08-17 16:00:00,"2304,0","0,0","0,0"
2030-08-17 17:00:00,"1944,0","288,0","0,0"
2030-08-17 18:00:00,"1584,0","288,0","0,0"
2030-08-17 19:00:00,"1224,0","288,0","0,0"
2030-08-17 20:00:00,"864,0","288,0","0,0"
2030-08-17 21:00:00,"504,0","288,0","0,0"
2030-08-17 22:00:00,"144,0","288,0","0,0"
2030-08-17 23:00:00,"144,0","0,0","0,0"
2030-08-18 00:00:00,"144,0","0,0","0,0"
2030-08-18 01:00:00,"144,0","0,0","0,0"
2030-08-18 02:00:00,"144,0","0,0","0,0"
2030-08-18 03:00:00,"0,0","115,2","0,0"
2030-08-18 04:00:00,"0,0","0,0","0,0"
2030-08-18 05:00:00,"0,0","0,0","0,0"
2030-08-18 06:00:00,"0,0","0,0","0,0"
2030-08-18 07:00:00,"288,0","0,0","288,0"
2030-08-18 08:00:00,"576,0","0,0","288,0"
2030-08-18 09:00:00,"864,0","0,0","288,0"
2030-08-18 10:00:00,"1152,0","0,0","288,0"
2030-08-18 11:00:00,"1440,0","0,0","288,0"
2030-08-18 12:00:00,"1728,0","0,0","288,0"
2030-08-18 13:00:00,"2016,0","0,0","288,0"
2030-08-18 14:00:00,"2304,0","0,0","288,0"
2030-08-18 15:00:00,"2304,0","0,0","0,0"
2030-08-18 16:00:00,"2304,0","0,0","0,0"
2030-08-18 17:00:00,"1944,0","288,0","0,0"
2030-08-18 18:00:00,"1584,0","288,0","0,0"
2030-08-18 19:00:00,"1224,0","288,0","0,0"
2030-08-18 20:00:00,"864,0","288,0","0,0"
2030-08-18 21:00:00,"504,0","288,0","0,0"
2030-08-18 22:00:00,"144,0","288,0","0,0"
2030-08-18 23:00:00,"0,0","115,2","0,0"
2030-08-19 00:00:00,"0,0","0,0","0,0"
2030-08-19 01:00:00,"0,0","0,0","0,0"
2030-08-19 02:00:00,"0,0","0,0","0,0"
2030-08-19 03:00:00,"288,0","0,0","288,0"
2030-08-19 04:00:00,"288,0","0,0","0,0"
2030-08-19 05:00:00,"288,0","0,0","0,0"
2030-08-19 06:00:00,"288,0","0,0","0,0"
2030-08-19 07:00:00,"288,0","0,0","0,0"
2030-08-19 08:00:00,"576,0","0,0","288,0"
2030-08-19 09:00:00,"864,0","0,0","288,0"
2030-08-19 10:00:00,"1152,0","0,0","288,0"
2030-08-19 11:00:00,"1440,0","0,0","288,0"
2030-08-19 12:00:00,"1728,0","0,0","288,0"
2030-08-19 13:00:00,"2016,0","0,0","288,0"
2030-08-19 14:00:00,"2304,0","0,0","288,0"
2030-08-19 15:00:00,"1944,0","288,0","0,0"
2030-08-19 16:00:00,"1833,5687342148633","88,34501262810939","0,0"
2030-08-19 17:00:00,"1590,42219398072","194,51723218731462","0,0"
2030-08-19 18:00:00,"1230,42219398072","288,0","0,0"
2030-08-19 19:00:00,"870,4221939807201","288,0","0,0"
2030-08-19 20:00:00,"510,42219398072007","288,0","0,0"
2030-08-19 21:00:00,"150,42219398072007","288,0","0,0"
2030-08-19 22:00:00,"150,42219398072007","0,0","0,0"
2030-08-19 23:00:00,"150,42219398072007","0,0","0,0"
2030-08-20 00:00:00,"150,42219398072007","0,0","0,0"
2030-08-20 01:00:00,"150,42219398072007","0,0","0,0"
2030-08-20 02:00:00,"150,42219398072007","0,0","0,0"
2030-08-20 03:00:00,"150,42219398072007","0,0","0,0"
2030-08-20 04:00:00,"150,42219398072007","0,0","0,0"
2030-08-20 05:00:00,"150,42219398072007","0,0","0,0"
2030-08-20 06:00:00,"0,0","120,33775518457605","0,0"
2030-08-20 07:00:00,"0,0","0,0","0,0"
2030-08-20 08:00:00,"192,0845953808343","0,0","192,0845953808343"
2030-08-20 09:00:00,"408,3339981369684","0,0","216,2494027561341"
2030-08-20 10:00:00,"696,3339981369684","0,0","288,0"
2030-08-20 11:00:00,"984,3339981369684","0,0","288,0"
2030-08-20 12:00:00,"1272,3339981369684","0,0","288,0"
2030-08-20 13:00:00,"1560,3339981369684","0,0","288,0"
2030-08-20 14:00:00,"1848,3339981369684","0,0","288,0"
2030-08-20 15:00:00,"2136,333998136968","0,0","288,0"
2030-08-20 16:00:00,"2304,0","0,0","167,66600186303185"
2030-08-20 17:00:00,"2304,0","0,0","0,0"
2030-08-20 18:00:00,"2304,0","0,0","0,0"
2030-08-20 19:00:00,"2304,0","0,0","0,0"
2030-08-20 20:00:00,"1944,0","288,0","0,0"
2030-08-20 21:00:00,"1944,0","0,0","0,0"
2030-08-20 22:00:00,"1944,0","0,0","0,0"
2030-08-20 23:00:00,"1944,0","0,0","0,0"
2030-08-21 00:00:00,"1944,0","0,0","0,0"
2030-08-21 01:00:00,"1800,0","115,2","0,0"
2030-08-21 02:00:00,"1440,0","288,0","0,0"
2030-08-21 03:00:00,"1080,0","288,0","0,0"
2030-08-21 04:00:00,"720,0","288,0","0,0"
2030-08-21 05:00:00,"360,0","288,0","0,0"
2030-08-21 06:00:00,"0,0","288,0","0,0"
2030-08-21 07:00:00,"0,0","0,0","0,0"
2030-08-21 08:00:00,"288,0","0,0","288,0"
2030-08-21 09:00:00,"576,0","0,0","288,0"
2030-08-21 10:00:00,"864,0","0,0","288,0"
2030-08-21 11:00:00,"1152,0","0,0","288,0"
2030-08-21 12:00:00,"1440,0","0,0","288,0"
2030-08-21 13:00:00,"1728,0","0,0","288,0"
2030-08-21 14:00:00,"2016,0","0,0","288,0"
2030-08-21 15:00:00,"2304,0","0,0","288,0"
2030-08-21 16:00:00,"2304,0","0,0","0,0"
2030-08-21 17:00:00,"2304,0","0,0","0,0"
2030-08-21 18:00:00,"1944,0","288,0","0,0"
2030-08-21 19:00:00,"1584,0","288,0","0,0"
2030-08-21 20:00:00,"1584,0","0,0","0,0"
2030-08-21 21:00:00,"1584,0","0,0","0,0"
2030-08-21 22:00:00,"1584,0","0,0","0,0"
2030-08-21 23:00:00,"1584,0","0,0","0,0"
2030-08-22 00:00:00,"1584,0","0,0","0,0"
2030-08-22 01:00:00,"1584,0","0,0","0,0"
2030-08-22 02:00:00,"1584,0","0,0","0,0"
2030-08-22 03:00:00,"1584,0","0,0","0,0"
2030-08-22 04:00:00,"1584,0","0,0","0,0"
2030-08-22 05:00:00,"1224,0","288,0","0,0"
2030-08-22 06:00:00,"928,5485480950982","236,3611615239214","0,0"
2030-08-22 07:00:00,"928,5485480950982","0,0","0,0"
2030-08-22 08:00:00,"928,5485480950982","0,0","0,0"
2030-08-22 09:00:00,"928,5485480950982","0,0","0,0"
2030-08-22 10:00:00,"928,5485480950982","0,0","0,0"
2030-08-22 11:00:00,"928,5485480950982","0,0","0,0"
2030-08-22 12:00:00,"928,5485480950982","0,0","0,0"
2030-08-22 13:00:00,"928,5485480950982","0,0","0,0"
2030-08-22 14:00:00,"928,5485480950982","0,0","0,0"
2030-08-22 15:00:00,"928,5485480950982","0,0","0,0"
2030-08-22 16:00:00,"928,5485480950982","0,0","0,0"
2030-08-22 17:00:00,"568,5485480950982","288,0","0,0"
2030-08-22 18:00:00,"360,0","166,8388384760786","0,0"
2030-08-22 19:00:00,"0,0","288,0","0,0"
2030-08-22 20:00:00,"0,0","0,0","0,0"
2030-08-22 21:00:00,"0,0","0,0","0,0"
2030-08-22 22:00:00,"0,0","0,0","0,0"
2030-08-22 23:00:00,"0,0","0,0","0,0"
2030-08-23 00:00:00,"72,0","0,0","72,0"
2030-08-23 01:00:00,"360,0","0,0","288,0"
2030-08-23 02:00:00,"360,0","0,0","0,0"
2030-08-23 03:00:00,"360,0","0,0","0,0"
2030-08-23 04:00:00,"360,0","0,0","0,0"
2030-08-23 05:00:00,"0,0","288,0","0,0"
2030-08-23 06:00:00,"0,0","0,0","0,0"
2030-08-23 07:00:00,"0,0","0,0","0,0"
2030-08-23 08:00:00,"288,0","0,0","288,0"
2030-08-23 09:00:00,"576,0","0,0","288,0"
2030-08-23 10:00:00,"864,0","0,0","288,0"
2030-08-23 11:00:00,"1152,0","0,0","288,0"
2030-08-23 12:00:00,"1440,0","0,0","288,0"
2030-08-23 13:00:00,"1728,0","0,0","288,0"
2030-08-23 14:00:00,"2016,0","0,0","288,0"
2030-08-23 15:00:00,"2304,0","0,0","288,0"
2030-08-23 16:00:00,"2304,0","0,0","0,0"
2030-08-23 17:00:00,"1944,0","288,0","0,0"
2030-08-23 18:00:00,"1584,0","288,0","0,0"
2030-08-23 19:00:00,"1224,0","288,0","0,0"
2030-08-23 20:00:00,"864,0","288,0","0,0"
2030-08-23 21:00:00,"504,0","288,0","0,0"
2030-08-23 22:00:00,"504,0","0,0","0,0"
2030-08-23 23:00:00,"504,0","0,0","0,0"
2030-08-24 00:00:00,"504,0","0,0","0,0"
2030-08-24 01:00:00,"504,0","0,0","0,0"
2030-08-24 02:00:00,"504,0","0,0","0,0"
2030-08-24 03:00:00,"504,0","0,0","0,0"
2030-08-24 04:00:00,"504,0","0,0","0,0"
2030-08-24 05:00:00,"144,0","288,0","0,0"
2030-08-24 06:00:00,"48,28392303671444","76,57286157062845","0,0"
2030-08-24 07:00:00,"48,28392303671444","0,0","0,0"
2030-08-24 08:00:00,"336,28392303671444","0,0","288,0"
2030-08-24 09:00:00,"624,2839230367144","0,0","288,0"
2030-08-24 10:00:00,"912,2839230367144","0,0","288,0"
2030-08-24 11:00:00,"1200,2839230367144","0,0","288,0"
2030-08-24 12:00:00,"1488,2839230367144","0,0","288,0"
2030-08-24 13:00:00,"1776,2839230367144","0,0","288,0"
2030-08-24 14:00:00,"2064,2839230367144","0,0","288,0"
2030-08-24 15:00:00,"2304,0","0,0","239,71607696328533"
2030-08-24 16:00:00,"2304,0","0,0","0,0"
2030-08-24 17:00:00,"2274,400516149799","23,679587080160854","0,0"
2030-08-24 18:00:00,"2274,400516149799","0,0","0,0"
2030-08-24 19:00:00,"2274,400516149799","0,0","0,0"
2030-08-24 20:00:00,"2274,400516149799","0,0","0,0"
2030-08-24 21:00:00,"2274,400516149799","0,0","0,0"
2030-08-24 22:00:00,"2274,400516149799","0,0","0,0"
2030-08-24 23:00:00,"2274,400516149799","0,0","0,0"
2030-08-25 00:00:00,"2274,400516149799","0,0","0,0"
2030-08-25 01:00:00,"2274,400516149799","0,0","0,0"
2030-08-25 02:00:00,"2274,400516149799","0,0","0,0"
2030-08-25 03:00:00,"2274,400516149799","0,0","0,0"
2030-08-25 04:00:00,"2274,400516149799","0,0","0,0"
2030-08-25 05:00:00,"2274,400516149799","0,0","0,0"
2030-08-25 06:00:00,"2274,400516149799","0,0","0,0"
2030-08-25 07:00:00,"2274,400516149799","0,0","0,0"
2030-08-25 08:00:00,"2274,400516149799","0,0","0,0"
2030-08-25 09:00:00,"2274,400516149799","0,0","0,0"
2030-08-25 10:00:00,"2274,400516149799","0,0","0,0"
2030-08-25 11:00:00,"2274,400516149799","0,0","0,0"
2030-08-25 12:00:00,"2304,0","0,0","29,599483850200954"
2030-08-25 13:00:00,"2304,0","0,0","0,0"
2030-08-25 14:00:00,"2304,0","0,0","0,0"
2030-08-25 15:00:00,"2304,0","0,0","0,0"
2030-08-25 16:00:00,"2304,0","0,0","0,0"
2030-08-25 17:00:00,"1944,0","288,0","0,0"
2030-08-25 18:00:00,"1584,0","288,0","0,0"
2030-08-25 19:00:00,"1224,0","288,0","0,0"
2030-08-25 20:00:00,"864,0","288,0","0,0"
2030-08-25 21:00:00,"864,0","0,0","0,0"
2030-08-25 22:00:00,"864,0","0,0","0,0"
2030-08-25 23:00:00,"864,0","0,0","0,0"
2030-08-26 00:00:00,"864,0","0,0","0,0"
2030-08-26 01:00:00,"864,0","0,0","0,0"
2030-08-26 02:00:00,"864,0","0,0","0,0"
2030-08-26 03:00:00,"864,0","0,0","0,0"
2030-08-26 04:00:00,"720,0","115,2","0,0"
2030-08-26 05:00:00,"360,0","288,0","0,0"
2030-08-26 06:00:00,"0,0","288,0","0,0"
2030-08-26 07:00:00,"0,0","0,0","0,0"
2030-08-26 08:00:00,"288,0","0,0","288,0"
2030-08-26 09:00:00,"576,0","0,0","288,0"
2030-08-26 10:00:00,"864,0","0,0","288,0"
2030-08-26 11:00:00,"1152,0","0,0","288,0"
2030-08-26 12:00:00,"1440,0","0,0","288,0"
2030-08-26 13:00:00,"1728,0","0,0","288,0"
2030-08-26 14:00:00,"2016,0","0,0","288,0"
2030-08-26 15:00:00,"2304,0","0,0","288,0"
2030-08-26 16:00:00,"1944,0","288,0","0,0"
2030-08-26 17:00:00,"1584,0","288,0","0,0"
2030-08-26 18:00:00,"1224,0","288,0","0,0"
2030-08-26 19:00:00,"864,0","288,0","0,0"
2030-08-26 20:00:00,"864,0","0,0","0,0"
2030-08-26 21:00:00,"504,0","288,0","0,0"
2030-08-26 22:00:00,"144,0","288,0","0,0"
2030-08-26 23:00:00,"144,0","0,0","0,0"
2030-08-27 00:00:00,"0,0","115,2","0,0"
2030-08-27 01:00:00,"0,0","0,0","0,0"
2030-08-27 02:00:00,"0,0","0,0","0,0"
2030-08-27 03:00:00,"0,0","0,0","0,0"
2030-08-27 04:00:00,"0,0","0,0","0,0"
2030-08-27 05:00:00,"0,0","0,0","0,0"
2030-08-27 06:00:00,"0,0","0,0","0,0"
2030-08-27 07:00:00,"0,0","0,0","0,0"
2030-08-27 08:00:00,"0,0","0,0","0,0"
2030-08-27 09:00:00,"0,0","0,0","0,0"
2030-08-27 10:00:00,"288,0","0,0","288,0"
2030-08-27 11:00:00,"576,0","0,0","288,0"
2030-08-27 12:00:00,"864,0","0,0","288,0"
2030-08-27 13:00:00,"1152,0","0,0","288,0"
2030-08-27 14:00:00,"1440,0","0,0","288,0"
2030-08-27 15:00:00,"1440,0","0,0","0,0"
2030-08-27 16:00:00,"1440,0","0,0","0,0"
2030-08-27 17:00:00,"1080,0","288,0","0,0"
2030-08-27 18:00:00,"720,0","288,0","0,0"
2030-08-27 19:00:00,"360,0","288,0","0,0"
2030-08-27 20:00:00,"0,0","288,0","0,0"
2030-08-27 21:00:00,"0,0","0,0","0,0"
2030-08-27 22:00:00,"0,0","0,0","0,0"
2030-08-27 23:00:00,"0,0","0,0","0,0"
2030-08-28 00:00:00,"0,0","0,0","0,0"
2030-08-28 01:00:00,"0,0","0,0","0,0"
2030-08-28 02:00:00,"0,0","0,0","0,0"
2030-08-28 03:00:00,"0,0","0,0","0,0"
2030-08-28 04:00:00,"0,0","0,0","0,0"
2030-08-28 05:00:00,"0,0","0,0","0,0"
2030-08-28 06:00:00,"0,0","0,0","0,0"
2030-08-28 07:00:00,"0,0","0,0","0,0"
2030-08-28 08:00:00,"0,0","0,0","0,0"
2030-08-28 09:00:00,"288,0","0,0","288,0"
2030-08-28 10:00:00,"576,0","0,0","288,0"
2030-08-28 11:00:00,"864,0","0,0","288,0"
2030-08-28 12:00:00,"1152,0","0,0","288,0"
2030-08-28 13:00:00,"1440,0","0,0","288,0"
2030-08-28 14:00:00,"1728,0","0,0","288,0"
2030-08-28 15:00:00,"2016,0","0,0","288,0"
2030-08-28 16:00:00,"2304,0","0,0","288,0"
2030-08-28 17:00:00,"2304,0","0,0","0,0"
2030-08-28 18:00:00,"2304,0","0,0","0,0"
2030-08-28 19:00:00,"1944,0","288,0","0,0"
2030-08-28 20:00:00,"1766,449338175793","142,0405294593657","0,0"
2030-08-28 21:00:00,"1752,0365652463952","11,5302183435182","0,0"
2030-08-28 22:00:00,"1752,0365652463952","0,0","0,0"
2030-08-28 23:00:00,"1392,0365652463952","288,0","0,0"
2030-08-29 00:00:00,"1392,0365652463952","0,0","0,0"
2030-08-29 01:00:00,"1392,0365652463952","0,0","0,0"
2030-08-29 02:00:00,"1080,0","249,62925219711616","0,0"
2030-08-29 03:00:00,"1080,0","0,0","0,0"
2030-08-29 04:00:00,"720,0","288,0","0,0"
2030-08-29 05:00:00,"360,0","288,0","0,0"
2030-08-29 06:00:00,"0,0","288,0","0,0"
2030-08-29 07:00:00,"288,0","0,0","288,0"
2030-08-29 08:00:00,"288,0","0,0","0,0"
2030-08-29 09:00:00,"576,0","0,0","288,0"
2030-08-29 10:00:00,"864,0","0,0","288,0"
2030-08-29 11:00:00,"1152,0","0,0","288,0"
2030-08-29 12:00:00,"1440,0","0,0","288,0"
2030-08-29 13:00:00,"1728,0","0,0","288,0"
2030-08-29 14:00:00,"2016,0","0,0","288,0"
2030-08-29 15:00:00,"2304,0","0,0","288,0"
2030-08-29 16:00:00,"2304,0","0,0","0,0"
2030-08-29 17:00:00,"2232,0","57,6","0,0"
2030-08-29 18:00:00,"2232,0","0,0","0,0"
2030-08-29 19:00:00,"1872,0","288,0","0,0"
2030-08-29 20:00:00,"1872,0","0,0","0,0"
2030-08-29 21:00:00,"1872,0","0,0","0,0"
2030-08-29 22:00:00,"1872,0","0,0","0,0"
2030-08-29 23:00:00,"1872,0","0,0","0,0"
2030-08-30 00:00:00,"1872,0","0,0","0,0"
2030-08-30 01:00:00,"1872,0","0,0","0,0"
2030-08-30 02:00:00,"1872,0","0,0","0,0"
2030-08-30 03:00:00,"1872,0","0,0","0,0"
2030-08-30 04:00:00,"2160,0","0,0","288,0"
2030-08-30 05:00:00,"2160,0","0,0","0,0"
2030-08-30 06:00:00,"2160,0","0,0","0,0"
2030-08-30 07:00:00,"2160,0","0,0","0,0"
2030-08-30 08:00:00,"2160,0","0,0","0,0"
2030-08-30 09:00:00,"2160,0","0,0","0,0"
2030-08-30 10:00:00,"2160,0","0,0","0,0"
2030-08-30 11:00:00,"2160,0","0,0","0,0"
2030-08-30 12:00:00,"2160,0","0,0","0,0"
2030-08-30 13:00:00,"2160,0","0,0","0,0"
2030-08-30 14:00:00,"2160,0","0,0","0,0"
2030-08-30 15:00:00,"2160,0","0,0","0,0"
2030-08-30 16:00:00,"1800,0","288,0","0,0"
2030-08-30 17:00:00,"1440,0","288,0","0,0"
2030-08-30 18:00:00,"1080,0","288,0","0,0"
2030-08-30 19:00:00,"720,0","288,0","0,0"
2030-08-30 20:00:00,"360,0","288,0","0,0"
2030-08-30 21:00:00,"0,0","288,0","0,0"
2030-08-30 22:00:00,"0,0","0,0","0,0"
2030-08-30 23:00:00,"0,0","0,0","0,0"
2030-08-31 00:00:00,"0,0","0,0","0,0"
2030-08-31 01:00:00,"0,0","0,0","0,0"
2030-08-31 02:00:00,"0,0","0,0","0,0"
2030-08-31 03:00:00,"0,0","0,0","0,0"
2030-08-31 04:00:00,"0,0","0,0","0,0"
2030-08-31 05:00:00,"0,0","0,0","0,0"
2030-08-31 06:00:00,"0,0","0,0","0,0"
2030-08-31 07:00:00,"0,0","0,0","0,0"
2030-08-31 08:00:00,"288,0","0,0","288,0"
2030-08-31 09:00:00,"576,0","0,0","288,0"
2030-08-31 10:00:00,"864,0","0,0","288,0"
2030-08-31 11:00:00,"1152,0","0,0","288,0"
2030-08-31 12:00:00,"1440,0","0,0","288,0"
2030-08-31 13:00:00,"1728,0","0,0","288,0"
2030-08-31 14:00:00,"2016,0","0,0","288,0"
2030-08-31 15:00:00,"2160,0","0,0","144,0"
2030-08-31 16:00:00,"1800,0","288,0","0,0"
2030-08-31 17:00:00,"1440,0","288,0","0,0"
2030-08-31 18:00:00,"1080,0","288,0","0,0"
2030-08-31 19:00:00,"720,0","288,0","0,0"
2030-08-31 20:00:00,"360,0","288,0","0,0"
2030-08-31 21:00:00,"0,0","288,0","0,0"
2030-08-31 22:00:00,"0,0","0,0","0,0"
2030-08-31 23:00:00,"288,0","0,0","288,0"
2030-09-01 00:00:00,"576,0","0,0","288,0"
2030-09-01 01:00:00,"864,0","0,0","288,0"
2030-09-01 02:00:00,"1152,0","0,0","288,0"
2030-09-01 03:00:00,"1250,2380753972357","0,0","98,23807539723566"
2030-09-01 04:00:00,"1250,2380753972357","0,0","0,0"
2030-09-01 05:00:00,"890,2380753972357","288,0","0,0"
2030-09-01 06:00:00,"572,6101586476041","254,10233339970523","0,0"
2030-09-01 07:00:00,"860,6101586476041","0,0","288,0"
2030-09-01 08:00:00,"1148,610158647604","0,0","288,0"
2030-09-01 09:00:00,"1436,610158647604","0,0","288,0"
2030-09-01 10:00:00,"1436,610158647604","0,0","0,0"
2030-09-01 11:00:00,"1724,610158647604","0,0","288,0"
2030-09-01 12:00:00,"2012,610158647604","0,0","288,0"
2030-09-01 13:00:00,"2016,0","0,0","3,3898413523959334"
2030-09-01 14:00:00,"2304,0","0,0","288,0"
2030-09-01 15:00:00,"2304,0","0,0","0,0"
2030-09-01 16:00:00,"2304,0","0,0","0,0"
2030-09-01 17:00:00,"1944,0","288,0","0,0"
2030-09-01 18:00:00,"1584,0","288,0","0,0"
2030-09-01 19:00:00,"1584,0","0,0","0,0"
2030-09-01 20:00:00,"1584,0","0,0","0,0"
2030-09-01 21:00:00,"1584,0","0,0","0,0"
2030-09-01 22:00:00,"1584,0","0,0","0,0"
2030-09-01 23:00:00,"1584,0","0,0","0,0"
2030-09-02 00:00:00,"1584,0","0,0","0,0"
2030-09-02 01:00:00,"1584,0","0,0","0,0"
2030-09-02 02:00:00,"1584,0","0,0","0,0"
2030-09-02 03:00:00,"1584,0","0,0","0,0"
2030-09-02 04:00:00,"1224,0","288,0","0,0"
2030-09-02 05:00:00,"1110,2459287712027","91,00325698303777","0,0"
2030-09-02 06:00:00,"960,7264707018787","119,6155664554591","0,0"
2030-09-02 07:00:00,"758,4255391414334","161,84074524835626","0,0"
2030-09-02 08:00:00,"711,8239444567332","37,28127574776015","0,0"
2030-09-02 09:00:00,"999,8239444567332","0,0","288,0"
2030-09-02 10:00:00,"1287,8239444567332","0,0","288,0"
2030-09-02 11:00:00,"1575,8239444567332","0,0","288,0"
2030-09-02 12:00:00,"1863,8239444567332","0,0","288,0"
2030-09-02 13:00:00,"2151,8239444567334","0,0","288,0"
2030-09-02 14:00:00,"2304,0","0,0","152,17605554326656"
2030-09-02 15:00:00,"2304,0","0,0","0,0"
2030-09-02 16:00:00,"1944,0","288,0","0,0"
2030-09-02 17:00:00,"1584,0","288,0","0,0"
2030-09-02 18:00:00,"1224,0","288,0","0,0"
2030-09-02 19:00:00,"864,0","288,0","0,0"
2030-09-02 20:00:00,"504,0","288,0","0,0"
2030-09-02 21:00:00,"144,0","288,0","0,0"
2030-09-02 22:00:00,"144,0","0,0","0,0"
2030-09-02 23:00:00,"144,0","0,0","0,0"
2030-09-03 00:00:00,"144,0","0,0","0,0"
2030-09-03 01:00:00,"144,0","0,0","0,0"
2030-09-03 02:00:00,"144,0","0,0","0,0"
2030-09-03 03:00:00,"144,0","0,0","0,0"
2030-09-03 04:00:00,"144,0","0,0","0,0"
2030-09-03 05:00:00,"144,0","0,0","0,0"
2030-09-03 06:00:00,"0,0","115,2","0,0"
2030-09-03 07:00:00,"0,0","0,0","0,0"
2030-09-03 08:00:00,"0,0","0,0","0,0"
2030-09-03 09:00:00,"278,64503817604333","0,0","278,64503817604333"
2030-09-03 10:00:00,"566,6450381760433","0,0","288,0"
2030-09-03 11:00:00,"854,6450381760433","0,0","288,0"
2030-09-03 12:00:00,"1142,6450381760433","0,0","288,0"
2030-09-03 13:00:00,"1430,6450381760433","0,0","288,0"
2030-09-03 14:00:00,"1718,6450381760433","0,0","288,0"
2030-09-03 15:00:00,"2006,6450381760433","0,0","288,0"
2030-09-03 16:00:00,"2294,6450381760433","0,0","288,0"
2030-09-03 17:00:00,"2294,6450381760433","0,0","0,0"
2030-09-03 18:00:00,"1934,6450381760433","288,0","0,0"
2030-09-03 19:00:00,"1934,6450381760433","0,0","0,0"
2030-09-03 20:00:00,"1934,6450381760433","0,0","0,0"
2030-09-03 21:00:00,"1934,6450381760433","0,0","0,0"
2030-09-03 22:00:00,"1934,6450381760433","0,0","0,0"
2030-09-03 23:00:00,"1934,6450381760433","0,0","0,0"
2030-09-04 00:00:00,"1934,6450381760433","0,0","0,0"
2030-09-04 01:00:00,"1934,6450381760433","0,0","0,0"
2030-09-04 02:00:00,"1934,6450381760433","0,0","0,0"
2030-09-04 03:00:00,"1934,6450381760433","0,0","0,0"
2030-09-04 04:00:00,"1934,6450381760433","0,0","0,0"
2030-09-04 05:00:00,"1574,6450381760433","288,0","0,0"
2030-09-04 06:00:00,"1574,6450381760433","0,0","0,0"
2030-09-04 07:00:00,"1574,6450381760433","0,0","0,0"
2030-09-04 08:00:00,"1574,6450381760433","0,0","0,0"
2030-09-04 09:00:00,"1574,6450381760433","0,0","0,0"
2030-09-04 10:00:00,"1214,6450381760433","288,0","0,0"
2030-09-04 11:00:00,"1214,6450381760433","0,0","0,0"
2030-09-04 12:00:00,"1214,6450381760433","0,0","0,0"
2030-09-04 13:00:00,"1502,6450381760433","0,0","288,0"
2030-09-04 14:00:00,"1790,6450381760433","0,0","288,0"
2030-09-04 15:00:00,"2078,6450381760433","0,0","288,0"
2030-09-04 16:00:00,"1718,6450381760433","288,0","0,0"
2030-09-04 17:00:00,"1358,6450381760433","288,0","0,0"
2030-09-04 18:00:00,"998,6450381760433","288,0","0,0"
2030-09-04 19:00:00,"638,6450381760433","288,0","0,0"
2030-09-04 20:00:00,"278,6450381760433","288,0","0,0"
2030-09-04 21:00:00,"566,6450381760433","0,0","288,0"
2030-09-04 22:00:00,"854,6450381760433","0,0","288,0"
2030-09-04 23:00:00,"854,6450381760433","0,0","0,0"
2030-09-05 00:00:00,"854,6450381760433","0,0","0,0"
2030-09-05 01:00:00,"854,6450381760433","0,0","0,0"
2030-09-05 02:00:00,"854,6450381760433","0,0","0,0"
2030-09-05 03:00:00,"854,6450381760433","0,0","0,0"
2030-09-05 04:00:00,"854,6450381760433","0,0","0,0"
2030-09-05 05:00:00,"854,6450381760433","0,0","0,0"
2030-09-05 06:00:00,"820,4065622796884","27,390780717083906","0,0"
2030-09-05 07:00:00,"820,4065622796884","0,0","0,0"
2030-09-05 08:00:00,"820,4065622796884","0,0","0,0"
2030-09-05 09:00:00,"1052,1263110543664","0,0","231,71974877467807"
2030-09-05 10:00:00,"1340,1263110543664","0,0","288,0"
2030-09-05 11:00:00,"1628,1263110543664","0,0","288,0"
2030-09-05 12:00:00,"1916,1263110543664","0,0","288,0"
2030-09-05 13:00:00,"2204,1263110543664","0,0","288,0"
2030-09-05 14:00:00,"2304,0","0,0","99,87368894563366"
2030-09-05 15:00:00,"2304,0","0,0","0,0"
2030-09-05 16:00:00,"2304,0","0,0","0,0"
2030-09-05 17:00:00,"2304,0","0,0","0,0"
2030-09-05 18:00:00,"1944,0","288,0","0,0"
2030-09-05 19:00:00,"1944,0","0,0","0,0"
2030-09-05 20:00:00,"1944,0","0,0","0,0"
2030-09-05 21:00:00,"1944,0","0,0","0,0"
2030-09-05 22:00:00,"1944,0","0,0","0,0"
2030-09-05 23:00:00,"1944,0","0,0","0,0"
2030-09-06 00:00:00,"2232,0","0,0","288,0"
2030-09-06 01:00:00,"2304,0","0,0","72,0"
2030-09-06 02:00:00,"2304,0","0,0","0,0"
2030-09-06 03:00:00,"2304,0","0,0","0,0"
2030-09-06 04:00:00,"2304,0","0,0","0,0"
2030-09-06 05:00:00,"1944,0","288,0","0,0"
2030-09-06 06:00:00,"1584,0","288,0","0,0"
2030-09-06 07:00:00,"1584,0","0,0","0,0"
2030-09-06 08:00:00,"1584,0","0,0","0,0"
2030-09-06 09:00:00,"1584,0","0,0","0,0"
2030-09-06 10:00:00,"1584,0","0,0","0,0"
2030-09-06 11:00:00,"1872,0","0,0","288,0"
2030-09-06 12:00:00,"1872,0","0,0","0,0"
2030-09-06 13:00:00,"1872,0","0,0","0,0"
2030-09-06 14:00:00,"2160,0","0,0","288,0"
2030-09-06 15:00:00,"2160,0","0,0","0,0"
2030-09-06 16:00:00,"1800,0","288,0","0,0"
2030-09-06 17:00:00,"1440,0","288,0","0,0"
2030-09-06 18:00:00,"1080,0","288,0","0,0"
2030-09-06 19:00:00,"720,0","288,0","0,0"
2030-09-06 20:00:00,"360,0","288,0","0,0"
2030-09-06 21:00:00,"0,0","288,0","0,0"
2030-09-06 22:00:00,"0,0","0,0","0,0"
2030-09-06 23:00:00,"0,0","0,0","0,0"
2030-09-07 00:00:00,"0,0","0,0","0,0"
2030-09-07 01:00:00,"0,0","0,0","0,0"
2030-09-07 02:00:00,"0,0","0,0","0,0"
2030-09-07 03:00:00,"0,0","0,0","0,0"
2030-09-07 04:00:00,"0,0","0,0","0,0"
2030-09-07 05:00:00,"0,0","0,0","0,0"
2030-09-07 06:00:00,"0,0","0,0","0,0"
2030-09-07 07:00:00,"0,0","0,0","0,0"
2030-09-07 08:00:00,"288,0","0,0","288,0"
2030-09-07 09:00:00,"576,0","0,0","288,0"
2030-09-07 10:00:00,"864,0","0,0","288,0"
2030-09-07 11:00:00,"1152,0","0,0","288,0"
2030-09-07 12:00:00,"1440,0","0,0","288,0"
2030-09-07 13:00:00,"1728,0","0,0","288,0"
2030-09-07 14:00:00,"2016,0","0,0","288,0"
2030-09-07 15:00:00,"2304,0","0,0","288,0"
2030-09-07 16:00:00,"2304,0","0,0","0,0"
2030-09-07 17:00:00,"1944,0","288,0","0,0"
2030-09-07 18:00:00,"1584,0","288,0","0,0"
2030-09-07 19:00:00,"1584,0","0,0","0,0"
2030-09-07 20:00:00,"1224,0","288,0","0,0"
2030-09-07 21:00:00,"864,0","288,0","0,0"
2030-09-07 22:00:00,"504,0","288,0","0,0"
2030-09-07 23:00:00,"159,88851689345512","275,2891864852359","0,0"
2030-09-08 00:00:00,"68,9240865374366","72,77154428481482","0,0"
2030-09-08 01:00:00,"0,0","55,13926922994928","0,0"
2030-09-08 02:00:00,"0,0","0,0","0,0"
2030-09-08 03:00:00,"0,0","0,0","0,0"
2030-09-08 04:00:00,"0,0","0,0","0,0"
2030-09-08 05:00:00,"0,0","0,0","0,0"
2030-09-08 06:00:00,"0,0","0,0","0,0"
2030-09-08 07:00:00,"0,0","0,0","0,0"
2030-09-08 08:00:00,"288,0","0,0","288,0"
2030-09-08 09:00:00,"576,0","0,0","288,0"
2030-09-08 10:00:00,"864,0","0,0","288,0"
2030-09-08 11:00:00,"1152,0","0,0","288,0"
2030-09-08 12:00:00,"1440,0","0,0","288,0"
2030-09-08 13:00:00,"1728,0","0,0","288,0"
2030-09-08 14:00:00,"2016,0","0,0","288,0"
2030-09-08 15:00:00,"2304,0","0,0","288,0"
2030-09-08 16:00:00,"2304,0","0,0","0,0"
2030-09-08 17:00:00,"2304,0","0,0","0,0"
2030-09-08 18:00:00,"2304,0","0,0","0,0"
2030-09-08 19:00:00,"2304,0","0,0","0,0"
2030-09-08 20:00:00,"2304,0","0,0","0,0"
2030-09-08 21:00:00,"2304,0","0,0","0,0"
2030-09-08 22:00:00,"2304,0","0,0","0,0"
2030-09-08 23:00:00,"2304,0","0,0","0,0"
2030-09-09 00:00:00,"2304,0","0,0","0,0"
2030-09-09 01:00:00,"1944,0","288,0","0,0"
2030-09-09 02:00:00,"1584,0","288,0","0,0"
2030-09-09 03:00:00,"1301,2569251417435","226,19445988660522","0,0"
2030-09-09 04:00:00,"941,2569251417435","288,0","0,0"
2030-09-09 05:00:00,"581,2569251417435","288,0","0,0"
2030-09-09 06:00:00,"221,25692514174352","288,0","0,0"
2030-09-09 07:00:00,"221,25692514174352","0,0","0,0"
2030-09-09 08:00:00,"509,2569251417435","0,0","288,0"
2030-09-09 09:00:00,"797,2569251417435","0,0","288,0"
2030-09-09 10:00:00,"1085,2569251417435","0,0","288,0"
2030-09-09 11:00:00,"1373,2569251417435","0,0","288,0"
2030-09-09 12:00:00,"1661,2569251417435","0,0","288,0"
2030-09-09 13:00:00,"1949,2569251417435","0,0","288,0"
2030-09-09 14:00:00,"2237,2569251417435","0,0","288,0"
2030-09-09 15:00:00,"2304,0","0,0","66,74307485825648"
2030-09-09 16:00:00,"2304,0","0,0","0,0"
2030-09-09 17:00:00,"1944,0","288,0","0,0"
2030-09-09 18:00:00,"1584,0","288,0","0,0"
2030-09-09 19:00:00,"1224,0","288,0","0,0"
2030-09-09 20:00:00,"1052,594870289824","137,12410376814077","0,0"
2030-09-09 21:00:00,"1052,594870289824","0,0","0,0"
2030-09-09 22:00:00,"1052,594870289824","0,0","0,0"
2030-09-09 23:00:00,"1052,594870289824","0,0","0,0"
2030-09-10 00:00:00,"1052,594870289824","0,0","0,0"
2030-09-10 01:00:00,"1052,594870289824","0,0","0,0"
2030-09-10 02:00:00,"1162,1390967753932","0,0","109,5442264855692"
2030-09-10 03:00:00,"1162,1390967753932","0,0","0,0"
2030-09-10 04:00:00,"802,1390967753932","288,0","0,0"
2030-09-10 05:00:00,"442,1390967753932","288,0","0,0"
2030-09-10 06:00:00,"82,13909677539326","288,0","0,0"
2030-09-10 07:00:00,"0,0","65,7112774203146","0,0"
2030-09-10 08:00:00,"288,0","0,0","288,0"
2030-09-10 09:00:00,"576,0","0,0","288,0"
2030-09-10 10:00:00,"864,0","0,0","288,0"
2030-09-10 11:00:00,"1152,0","0,0","288,0"
2030-09-10 12:00:00,"1440,0","0,0","288,0"
2030-09-10 13:00:00,"1728,0","0,0","288,0"
2030-09-10 14:00:00,"2016,0","0,0","288,0"
2030-09-10 15:00:00,"2304,0","0,0","288,0"
2030-09-10 16:00:00,"2304,0","0,0","0,0"
2030-09-10 17:00:00,"2065,365509574247","190,9075923406026","0,0"
2030-09-10 18:00:00,"1903,8994562114267","129,1728426902563","0,0"
2030-09-10 19:00:00,"1903,8994562114267","0,0","0,0"
2030-09-10 20:00:00,"1543,8994562114267","288,0","0,0"
2030-09-10 21:00:00,"1440,0","83,11956496914135","0,0"
2030-09-10 22:00:00,"1440,0","0,0","0,0"
2030-09-10 23:00:00,"1440,0","0,0","0,0"
2030-09-11 00:00:00,"1440,0","0,0","0,0"
2030-09-11 01:00:00,"1440,0","0,0","0,0"
2030-09-11 02:00:00,"1440,0","0,0","0,0"
2030-09-11 03:00:00,"1440,0","0,0","0,0"
2030-09-11 04:00:00,"1080,0","288,0","0,0"
2030-09-11 05:00:00,"720,0","288,0","0,0"
2030-09-11 06:00:00,"360,0","288,0","0,0"
2030-09-11 07:00:00,"0,0","288,0","0,0"
2030-09-11 08:00:00,"0,0","0,0","0,0"
2030-09-11 09:00:00,"282,48614552678856","0,0","282,48614552678856"
2030-09-11 10:00:00,"570,4861455267885","0,0","288,0"
2030-09-11 11:00:00,"858,4861455267885","0,0","288,0"
2030-09-11 12:00:00,"1146,4861455267885","0,0","288,0"
2030-09-11 13:00:00,"1434,4861455267885","0,0","288,0"
2030-09-11 14:00:00,"1722,4861455267885","0,0","288,0"
2030-09-11 15:00:00,"2010,4861455267885","0,0","288,0"
2030-09-11 16:00:00,"2010,4861455267885","0,0","0,0"
2030-09-11 17:00:00,"2010,4861455267885","0,0","0,0"
2030-09-11 18:00:00,"2010,4861455267885","0,0","0,0"
2030-09-11 19:00:00,"2010,4861455267885","0,0","0,0"
2030-09-11 20:00:00,"2010,4861455267885","0,0","0,0"
2030-09-11 21:00:00,"2010,4861455267885","0,0","0,0"
2030-09-11 22:00:00,"2010,4861455267885","0,0","0,0"
2030-09-11 23:00:00,"2298,4861455267883","0,0","288,0"
2030-09-12 00:00:00,"2304,0","0,0","5,5138544732117225"
2030-09-12 01:00:00,"2304,0","0,0","0,0"
2030-09-12 02:00:00,"2304,0","0,0","0,0"
2030-09-12 03:00:00,"2304,0","0,0","0,0"
2030-09-12 04:00:00,"2304,0","0,0","0,0"
2030-09-12 05:00:00,"2016,0","230,4","0,0"
2030-09-12 06:00:00,"2016,0","0,0","0,0"
2030-09-12 07:00:00,"2304,0","0,0","288,0"
2030-09-12 08:00:00,"2304,0","0,0","0,0"
2030-09-12 09:00:00,"2304,0","0,0","0,0"
2030-09-12 10:00:00,"2304,0","0,0","0,0"
2030-09-12 11:00:00,"2304,0","0,0","0,0"
2030-09-12 12:00:00,"2304,0","0,0","0,0"
2030-09-12 13:00:00,"2304,0","0,0","0,0"
2030-09-12 14:00:00,"2304,0","0,0","0,0"
2030-09-12 15:00:00,"2304,0","0,0","0,0"
2030-09-12 16:00:00,"1944,0","288,0","0,0"
2030-09-12 17:00:00,"1584,0","288,0","0,0"
2030-09-12 18:00:00,"1224,0","288,0","0,0"
2030-09-12 19:00:00,"864,0","288,0","0,0"
2030-09-12 20:00:00,"504,0","288,0","0,0"
2030-09-12 21:00:00,"504,0","0,0","0,0"
2030-09-12 22:00:00,"504,0","0,0","0,0"
2030-09-12 23:00:00,"504,0","0,0","0,0"
2030-09-13 00:00:00,"504,0","0,0","0,0"
2030-09-13 01:00:00,"504,0","0,0","0,0"
2030-09-13 02:00:00,"504,0","0,0","0,0"
2030-09-13 03:00:00,"504,0","0,0","0,0"
2030-09-13 04:00:00,"504,0","0,0","0,0"
2030-09-13 05:00:00,"144,0","288,0","0,0"
2030-09-13 06:00:00,"0,0","115,2","0,0"
2030-09-13 07:00:00,"0,0","0,0","0,0"
2030-09-13 08:00:00,"0,0","0,0","0,0"
2030-09-13 09:00:00,"0,0","0,0","0,0"
2030-09-13 10:00:00,"0,0","0,0","0,0"
2030-09-13 11:00:00,"0,0","0,0","0,0"
2030-09-13 12:00:00,"0,0","0,0","0,0"
2030-09-13 13:00:00,"288,0","0,0","288,0"
2030-09-13 14:00:00,"576,0","0,0","288,0"
2030-09-13 15:00:00,"576,0","0,0","0,0"
2030-09-13 16:00:00,"576,0","0,0","0,0"
2030-09-13 17:00:00,"360,0","172,8","0,0"
2030-09-13 18:00:00,"0,0","288,0","0,0"
2030-09-13 19:00:00,"0,0","0,0","0,0"
2030-09-13 20:00:00,"0,0","0,0","0,0"
2030-09-13 21:00:00,"0,0","0,0","0,0"
2030-09-13 22:00:00,"0,0","0,0","0,0"
2030-09-13 23:00:00,"0,0","0,0","0,0"
2030-09-14 00:00:00,"0,0","0,0","0,0"
2030-09-14 01:00:00,"0,0","0,0","0,0"
2030-09-14 02:00:00,"0,0","0,0","0,0"
2030-09-14 03:00:00,"0,0","0,0","0,0"
2030-09-14 04:00:00,"0,0","0,0","0,0"
2030-09-14 05:00:00,"0,0","0,0","0,0"
2030-09-14 06:00:00,"0,0","0,0","0,0"
2030-09-14 07:00:00,"0,0","0,0","0,0"
2030-09-14 08:00:00,"0,0","0,0","0,0"
2030-09-14 09:00:00,"0,0","0,0","0,0"
2030-09-14 10:00:00,"288,0","0,0","288,0"
2030-09-14 11:00:00,"576,0","0,0","288,0"
2030-09-14 12:00:00,"864,0","0,0","288,0"
2030-09-14 13:00:00,"1152,0","0,0","288,0"
2030-09-14 14:00:00,"1440,0","0,0","288,0"
2030-09-14 15:00:00,"1728,0","0,0","288,0"
2030-09-14 16:00:00,"1728,0","0,0","0,0"
2030-09-14 17:00:00,"1728,0","0,0","0,0"
2030-09-14 18:00:00,"1728,0","0,0","0,0"
2030-09-14 19:00:00,"1728,0","0,0","0,0"
2030-09-14 20:00:00,"1728,0","0,0","0,0"
2030-09-14 21:00:00,"1728,0","0,0","0,0"
2030-09-14 22:00:00,"1728,0","0,0","0,0"
2030-09-14 23:00:00,"1728,0","0,0","0,0"
2030-09-15 00:00:00,"1728,0","0,0","0,0"
2030-09-15 01:00:00,"2016,0","0,0","288,0"
2030-09-15 02:00:00,"2016,0","0,0","0,0"
2030-09-15 03:00:00,"2016,0","0,0","0,0"
2030-09-15 04:00:00,"2016,0","0,0","0,0"
2030-09-15 05:00:00,"2016,0","0,0","0,0"
2030-09-15 06:00:00,"2016,0","0,0","0,0"
2030-09-15 07:00:00,"2016,0","0,0","0,0"
2030-09-15 08:00:00,"2016,0","0,0","0,0"
2030-09-15 09:00:00,"2016,0","0,0","0,0"
2030-09-15 10:00:00,"2016,0","0,0","0,0"
2030-09-15 11:00:00,"2016,0","0,0","0,0"
2030-09-15 12:00:00,"2016,0","0,0","0,0"
2030-09-15 13:00:00,"2016,0","0,0","0,0"
2030-09-15 14:00:00,"2304,0","0,0","288,0"
2030-09-15 15:00:00,"2304,0","0,0","0,0"
2030-09-15 16:00:00,"2304,0","0,0","0,0"
2030-09-15 17:00:00,"1944,0","288,0","0,0"
2030-09-15 18:00:00,"1584,0","288,0","0,0"
2030-09-15 19:00:00,"1224,0","288,0","0,0"
2030-09-15 20:00:00,"864,0","288,0","0,0"
2030-09-15 21:00:00,"504,0","288,0","0,0"
2030-09-15 22:00:00,"360,0","115,2","0,0"
2030-09-15 23:00:00,"360,0","0,0","0,0"
2030-09-16 00:00:00,"360,0","0,0","0,0"
2030-09-16 01:00:00,"360,0","0,0","0,0"
2030-09-16 02:00:00,"360,0","0,0","0,0"
2030-09-16 03:00:00,"0,0","288,0","0,0"
2030-09-16 04:00:00,"0,0","0,0","0,0"
2030-09-16 05:00:00,"0,0","0,0","0,0"
2030-09-16 06:00:00,"0,0","0,0","0,0"
2030-09-16 07:00:00,"0,0","0,0","0,0"
2030-09-16 08:00:00,"288,0","0,0","288,0"
2030-09-16 09:00:00,"576,0","0,0","288,0"
2030-09-16 10:00:00,"864,0","0,0","288,0"
2030-09-16 11:00:00,"1152,0","0,0","288,0"
2030-09-16 12:00:00,"1440,0","0,0","288,0"
2030-09-16 13:00:00,"1728,0","0,0","288,0"
2030-09-16 14:00:00,"2016,0","0,0","288,0"
2030-09-16 15:00:00,"2304,0","0,0","288,0"
2030-09-16 16:00:00,"2304,0","0,0","0,0"
2030-09-16 17:00:00,"2304,0","0,0","0,0"
2030-09-16 18:00:00,"2304,0","0,0","0,0"
2030-09-16 19:00:00,"2304,0","0,0","0,0"
2030-09-16 20:00:00,"2304,0","0,0","0,0"
2030-09-16 21:00:00,"2304,0","0,0","0,0"
2030-09-16 22:00:00,"2304,0","0,0","0,0"
2030-09-16 23:00:00,"2304,0","0,0","0,0"
2030-09-17 00:00:00,"2304,0","0,0","0,0"
2030-09-17 01:00:00,"2304,0","0,0","0,0"
2030-09-17 02:00:00,"2304,0","0,0","0,0"
2030-09-17 03:00:00,"2304,0","0,0","0,0"
2030-09-17 04:00:00,"2081,302173054164","178,1582615566689","0,0"
2030-09-17 05:00:00,"1721,302173054164","288,0","0,0"
2030-09-17 06:00:00,"1721,302173054164","0,0","0,0"
2030-09-17 07:00:00,"1527,276661235133","155,22040945522485","0,0"
2030-09-17 08:00:00,"1383,3563568238035","115,1362435290635","0,0"
2030-09-17 09:00:00,"1023,829205401637","287,6217211377332","0,0"
2030-09-17 10:00:00,"1213,6828160644156","0,0","189,8536106627787"
2030-09-17 11:00:00,"1501,6828160644156","0,0","288,0"
2030-09-17 12:00:00,"1728,0","0,0","226,3171839355844"
2030-09-17 13:00:00,"2016,0","0,0","288,0"
2030-09-17 14:00:00,"2304,0","0,0","288,0"
2030-09-17 15:00:00,"2304,0","0,0","0,0"
2030-09-17 16:00:00,"2304,0","0,0","0,0"
2030-09-17 17:00:00,"1944,0","288,0","0,0"
2030-09-17 18:00:00,"1584,0","288,0","0,0"
2030-09-17 19:00:00,"1224,0","288,0","0,0"
2030-09-17 20:00:00,"1224,0","0,0","0,0"
2030-09-17 21:00:00,"1224,0","0,0","0,0"
2030-09-17 22:00:00,"1224,0","0,0","0,0"
2030-09-17 23:00:00,"1224,0","0,0","0,0"
2030-09-18 00:00:00,"1224,0","0,0","0,0"
2030-09-18 01:00:00,"1224,0","0,0","0,0"
2030-09-18 02:00:00,"1224,0","0,0","0,0"
2030-09-18 03:00:00,"1224,0","0,0","0,0"
2030-09-18 04:00:00,"869,0697557056835","283,94419543545314","0,0"
2030-09-18 05:00:00,"509,0697557056835","288,0","0,0"
2030-09-18 06:00:00,"196,24691781534295","250,25827031227243","0,0"
2030-09-18 07:00:00,"196,24691781534295","0,0","0,0"
2030-09-18 08:00:00,"196,24691781534295","0,0","0,0"
2030-09-18 09:00:00,"484,24691781534295","0,0","288,0"
2030-09-18 10:00:00,"637,822644767844","0,0","153,5757269525011"
2030-09-18 11:00:00,"814,0769298825905","0,0","176,2542851147465"
2030-09-18 12:00:00,"1102,0769298825905","0,0","288,0"
2030-09-18 13:00:00,"1261,4784928888303","0,0","159,4015630062396"
2030-09-18 14:00:00,"1549,4784928888303","0,0","288,0"
2030-09-18 15:00:00,"1549,4784928888303","0,0","0,0"
2030-09-18 16:00:00,"1500,4337603406757","39,23578603852371","0,0"
2030-09-18 17:00:00,"1140,4337603406757","288,0","0,0"
2030-09-18 18:00:00,"780,4337603406757","288,0","0,0"
2030-09-18 19:00:00,"780,4337603406757","0,0","0,0"
2030-09-18 20:00:00,"780,4337603406757","0,0","0,0"
2030-09-18 21:00:00,"780,4337603406757","0,0","0,0"
2030-09-18 22:00:00,"780,4337603406757","0,0","0,0"
2030-09-18 23:00:00,"780,4337603406757","0,0","0,0"
2030-09-19 00:00:00,"780,4337603406757","0,0","0,0"
2030-09-19 01:00:00,"780,4337603406757","0,0","0,0"
2030-09-19 02:00:00,"780,4337603406757","0,0","0,0"
2030-09-19 03:00:00,"780,4337603406757","0,0","0,0"
2030-09-19 04:00:00,"780,4337603406757","0,0","0,0"
2030-09-19 05:00:00,"488,18215074642","233,80128767540452","0,0"
2030-09-19 06:00:00,"178,11746544892895","248,05174823799285","0,0"
2030-09-19 07:00:00,"167,40973016428205","8,566188227717532","0,0"
2030-09-19 08:00:00,"167,40973016428205","0,0","0,0"
2030-09-19 09:00:00,"167,40973016428205","0,0","0,0"
2030-09-19 10:00:00,"167,40973016428205","0,0","0,0"
2030-09-19 11:00:00,"167,40973016428205","0,0","0,0"
2030-09-19 12:00:00,"167,40973016428205","0,0","0,0"
2030-09-19 13:00:00,"406,75410683222776","0,0","239,3443766679457"
2030-09-19 14:00:00,"694,7541068322278","0,0","288,0"
2030-09-19 15:00:00,"982,7541068322278","0,0","288,0"
2030-09-19 16:00:00,"982,7541068322278","0,0","0,0"
2030-09-19 17:00:00,"982,7541068322278","0,0","0,0"
2030-09-19 18:00:00,"982,7541068322278","0,0","0,0"
2030-09-19 19:00:00,"982,7541068322278","0,0","0,0"
2030-09-19 20:00:00,"982,7541068322278","0,0","0,0"
2030-09-19 21:00:00,"982,7541068322278","0,0","0,0"
2030-09-19 22:00:00,"982,7541068322278","0,0","0,0"
2030-09-19 23:00:00,"982,7541068322278","0,0","0,0"
2030-09-20 00:00:00,"982,7541068322278","0,0","0,0"
2030-09-20 01:00:00,"982,7541068322278","0,0","0,0"
2030-09-20 02:00:00,"982,7541068322278","0,0","0,0"
2030-09-20 03:00:00,"982,7541068322278","0,0","0,0"
2030-09-20 04:00:00,"982,7541068322278","0,0","0,0"
2030-09-20 05:00:00,"982,7541068322278","0,0","0,0"
2030-09-20 06:00:00,"813,9694909027976","135,0276927435441","0,0"
2030-09-20 07:00:00,"813,9694909027976","0,0","0,0"
2030-09-20 08:00:00,"813,9694909027976","0,0","0,0"
2030-09-20 09:00:00,"813,9694909027976","0,0","0,0"
2030-09-20 10:00:00,"1101,9694909027976","0,0","288,0"
2030-09-20 11:00:00,"1155,110076507108","0,0","53,14058560431056"
2030-09-20 12:00:00,"1155,110076507108","0,0","0,0"
2030-09-20 13:00:00,"1155,110076507108","0,0","0,0"
2030-09-20 14:00:00,"1155,110076507108","0,0","0,0"
2030-09-20 15:00:00,"1155,110076507108","0,0","0,0"
2030-09-20 16:00:00,"1080,0","60,088061205686415","0,0"
2030-09-20 17:00:00,"720,0","288,0","0,0"
2030-09-20 18:00:00,"360,0","288,0","0,0"
2030-09-20 19:00:00,"0,0","288,0","0,0"
2030-09-20 20:00:00,"0,0","0,0","0,0"
2030-09-20 21:00:00,"0,0","0,0","0,0"
2030-09-20 22:00:00,"0,0","0,0","0,0"
2030-09-20 23:00:00,"0,0","0,0","0,0"
2030-09-21 00:00:00,"0,0","0,0","0,0"
2030-09-21 01:00:00,"0,0","0,0","0,0"
2030-09-21 02:00:00,"0,0","0,0","0,0"
2030-09-21 03:00:00,"0,0","0,0","0,0"
2030-09-21 04:00:00,"0,0","0,0","0,0"
2030-09-21 05:00:00,"0,0","0,0","0,0"
2030-09-21 06:00:00,"0,0","0,0","0,0"
2030-09-21 07:00:00,"0,0","0,0","0,0"
2030-09-21 08:00:00,"0,0","0,0","0,0"
2030-09-21 09:00:00,"288,0","0,0","288,0"
2030-09-21 10:00:00,"576,0","0,0","288,0"
2030-09-21 11:00:00,"594,4630191224268","0,0","18,463019122426772"
2030-09-21 12:00:00,"882,4630191224268","0,0","288,0"
2030-09-21 13:00:00,"1117,2091759617183","0,0","234,74615683929153"
2030-09-21 14:00:00,"1117,2091759617183","0,0","0,0"
2030-09-21 15:00:00,"1117,2091759617183","0,0","0,0"
2030-09-21 16:00:00,"757,2091759617184","288,0","0,0"
2030-09-21 17:00:00,"397,2091759617184","288,0","0,0"
2030-09-21 18:00:00,"37,209175961718415","288,0","0,0"
2030-09-21 19:00:00,"325,2091759617184","0,0","288,0"
2030-09-21 20:00:00,"0,0","260,16734076937473","0,0"
2030-09-21 21:00:00,"0,0","0,0","0,0"
2030-09-21 22:00:00,"0,0","0,0","0,0"
2030-09-21 23:00:00,"0,0","0,0","0,0"
2030-09-22 00:00:00,"0,0","0,0","0,0"
2030-09-22 01:00:00,"0,0","0,0","0,0"
2030-09-22 02:00:00,"0,0","0,0","0,0"
2030-09-22 03:00:00,"0,0","0,0","0,0"
2030-09-22 04:00:00,"0,0","0,0","0,0"
2030-09-22 05:00:00,"21,666704640216423","0,0","21,666704640216423"
2030-09-22 06:00:00,"0,0","17,33336371217314","0,0"
2030-09-22 07:00:00,"288,0","0,0","288,0"
2030-09-22 08:00:00,"288,0","0,0","0,0"
2030-09-22 09:00:00,"576,0","0,0","288,0"
2030-09-22 10:00:00,"864,0","0,0","288,0"
2030-09-22 11:00:00,"1152,0","0,0","288,0"
2030-09-22 12:00:00,"1440,0","0,0","288,0"
2030-09-22 13:00:00,"1728,0","0,0","288,0"
2030-09-22 14:00:00,"2016,0","0,0","288,0"
2030-09-22 15:00:00,"2304,0","0,0","288,0"
2030-09-22 16:00:00,"2304,0","0,0","0,0"
2030-09-22 17:00:00,"1944,0","288,0","0,0"
2030-09-22 18:00:00,"1944,0","0,0","0,0"
2030-09-22 19:00:00,"1944,0","0,0","0,0"
2030-09-22 20:00:00,"1944,0","0,0","0,0"
2030-09-22 21:00:00,"1944,0","0,0","0,0"
2030-09-22 22:00:00,"1944,0","0,0","0,0"
2030-09-22 23:00:00,"1944,0","0,0","0,0"
2030-09-23 00:00:00,"1944,0","0,0","0,0"
2030-09-23 01:00:00,"1944,0","0,0","0,0"
2030-09-23 02:00:00,"1944,0","0,0","0,0"
2030-09-23 03:00:00,"1944,0","0,0","0,0"
2030-09-23 04:00:00,"1944,0","0,0","0,0"
2030-09-23 05:00:00,"1584,0","288,0","0,0"
2030-09-23 06:00:00,"1224,0","288,0","0,0"
2030-09-23 07:00:00,"1224,0","0,0","0,0"
2030-09-23 08:00:00,"1224,0","0,0","0,0"
2030-09-23 09:00:00,"1224,0","0,0","0,0"
2030-09-23 10:00:00,"1512,0","0,0","288,0"
2030-09-23 11:00:00,"1728,0","0,0","216,0"
2030-09-23 12:00:00,"2016,0","0,0","288,0"
2030-09-23 13:00:00,"2304,0","0,0","288,0"
2030-09-23 14:00:00,"2304,0","0,0","0,0"
2030-09-23 15:00:00,"2304,0","0,0","0,0"
2030-09-23 16:00:00,"2304,0","0,0","0,0"
2030-09-23 17:00:00,"2304,0","0,0","0,0"
2030-09-23 18:00:00,"1944,0","288,0","0,0"
2030-09-23 19:00:00,"1944,0","0,0","0,0"
2030-09-23 20:00:00,"1944,0","0,0","0,0"
2030-09-23 21:00:00,"1944,0","0,0","0,0"
2030-09-23 22:00:00,"1944,0","0,0","0,0"
2030-09-23 23:00:00,"1944,0","0,0","0,0"
2030-09-24 00:00:00,"2232,0","0,0","288,0"
2030-09-24 01:00:00,"2232,0","0,0","0,0"
2030-09-24 02:00:00,"2304,0","0,0","72,0"
2030-09-24 03:00:00,"2304,0","0,0","0,0"
2030-09-24 04:00:00,"2304,0","0,0","0,0"
2030-09-24 05:00:00,"1944,0","288,0","0,0"
2030-09-24 06:00:00,"1584,0","288,0","0,0"
2030-09-24 07:00:00,"1584,0","0,0","0,0"
2030-09-24 08:00:00,"1584,0","0,0","0,0"
2030-09-24 09:00:00,"1584,0","0,0","0,0"
2030-09-24 10:00:00,"1584,0","0,0","0,0"
2030-09-24 11:00:00,"1545,6485740077258","30,681140793819395","0,0"
2030-09-24 12:00:00,"1833,6485740077258","0,0","288,0"
2030-09-24 13:00:00,"2121,648574007726","0,0","288,0"
2030-09-24 14:00:00,"2304,0","0,0","182,35142599227402"
2030-09-24 15:00:00,"2304,0","0,0","0,0"
2030-09-24 16:00:00,"2304,0","0,0","0,0"
2030-09-24 17:00:00,"1944,0","288,0","0,0"
2030-09-24 18:00:00,"1584,0","288,0","0,0"
2030-09-24 19:00:00,"1584,0","0,0","0,0"
2030-09-24 20:00:00,"1584,0","0,0","0,0"
2030-09-24 21:00:00,"1584,0","0,0","0,0"
2030-09-24 22:00:00,"1664,3736900017802","0,0","80,37369000178023"
2030-09-24 23:00:00,"1952,3736900017802","0,0","288,0"
2030-09-25 00:00:00,"2240,3736900017802","0,0","288,0"
2030-09-25 01:00:00,"2304,0","0,0","63,626309998219824"
2030-09-25 02:00:00,"2304,0","0,0","0,0"
2030-09-25 03:00:00,"2304,0","0,0","0,0"
2030-09-25 04:00:00,"2304,0","0,0","0,0"
2030-09-25 05:00:00,"2304,0","0,0","0,0"
2030-09-25 06:00:00,"2304,0","0,0","0,0"
2030-09-25 07:00:00,"2160,0","115,2","0,0"
2030-09-25 08:00:00,"2160,0","0,0","0,0"
2030-09-25 09:00:00,"2160,0","0,0","0,0"
2030-09-25 10:00:00,"2160,0","0,0","0,0"
2030-09-25 11:00:00,"2160,0","0,0","0,0"
2030-09-25 12:00:00,"2160,0","0,0","0,0"
2030-09-25 13:00:00,"2160,0","0,0","0,0"
2030-09-25 14:00:00,"2160,0","0,0","0,0"
2030-09-25 15:00:00,"2160,0","0,0","0,0"
2030-09-25 16:00:00,"1800,0","288,0","0,0"
2030-09-25 17:00:00,"1440,0","288,0","0,0"
2030-09-25 18:00:00,"1080,0","288,0","0,0"
2030-09-25 19:00:00,"720,0","288,0","0,0"
2030-09-25 20:00:00,"360,0","288,0","0,0"
2030-09-25 21:00:00,"0,0","288,0","0,0"
2030-09-25 22:00:00,"190,26730530617897","0,0","190,26730530617897"
2030-09-25 23:00:00,"478,26730530617897","0,0","288,0"
2030-09-26 00:00:00,"766,267305306179","0,0","288,0"
2030-09-26 01:00:00,"1054,267305306179","0,0","288,0"
2030-09-26 02:00:00,"1342,267305306179","0,0","288,0"
2030-09-26 03:00:00,"1548,06211310082","0,0","205,79480779464097"
2030-09-26 04:00:00,"1188,06211310082","288,0","0,0"
2030-09-26 05:00:00,"828,0621131008199","288,0","0,0"
2030-09-26 06:00:00,"468,06211310081994","288,0","0,0"
2030-09-26 07:00:00,"273,32461914523134","155,7899951644709","0,0"
2030-09-26 08:00:00,"72,0","161,05969531618507","0,0"
2030-09-26 09:00:00,"360,0","0,0","288,0"
2030-09-26 10:00:00,"648,0","0,0","288,0"
2030-09-26 11:00:00,"936,0","0,0","288,0"
2030-09-26 12:00:00,"1224,0","0,0","288,0"
2030-09-26 13:00:00,"1512,0","0,0","288,0"
2030-09-26 14:00:00,"1800,0","0,0","288,0"
2030-09-26 15:00:00,"1800,0","0,0","0,0"
2030-09-26 16:00:00,"1440,0","288,0","0,0"
2030-09-26 17:00:00,"1080,0","288,0","0,0"
2030-09-26 18:00:00,"720,0","288,0","0,0"
2030-09-26 19:00:00,"360,0","288,0","0,0"
2030-09-26 20:00:00,"0,0","288,0","0,0"
2030-09-26 21:00:00,"0,0","0,0","0,0"
2030-09-26 22:00:00,"0,0","0,0","0,0"
2030-09-26 23:00:00,"0,0","0,0","0,0"
2030-09-27 00:00:00,"288,0","0,0","288,0"
2030-09-27 01:00:00,"576,0","0,0","288,0"
2030-09-27 02:00:00,"720,0","0,0","144,0"
2030-09-27 03:00:00,"720,0","0,0","0,0"
2030-09-27 04:00:00,"720,0","0,0","0,0"
2030-09-27 05:00:00,"360,0","288,0","0,0"
2030-09-27 06:00:00,"0,0","288,0","0,0"
2030-09-27 07:00:00,"0,0","0,0","0,0"
2030-09-27 08:00:00,"288,0","0,0","288,0"
2030-09-27 09:00:00,"576,0","0,0","288,0"
2030-09-27 10:00:00,"864,0","0,0","288,0"
2030-09-27 11:00:00,"1152,0","0,0","288,0"
2030-09-27 12:00:00,"1440,0","0,0","288,0"
2030-09-27 13:00:00,"1728,0","0,0","288,0"
2030-09-27 14:00:00,"2016,0","0,0","288,0"
2030-09-27 15:00:00,"2304,0","0,0","288,0"
2030-09-27 16:00:00,"1944,0","288,0","0,0"
2030-09-27 17:00:00,"1584,0","288,0","0,0"
2030-09-27 18:00:00,"1224,0","288,0","0,0"
2030-09-27 19:00:00,"864,0","288,0","0,0"
2030-09-27 20:00:00,"504,0","288,0","0,0"
2030-09-27 21:00:00,"144,0","288,0","0,0"
2030-09-27 22:00:00,"0,0","115,2","0,0"
2030-09-27 23:00:00,"0,0","0,0","0,0"
2030-09-28 00:00:00,"0,0","0,0","0,0"
2030-09-28 01:00:00,"0,0","0,0","0,0"
2030-09-28 02:00:00,"0,0","0,0","0,0"
2030-09-28 03:00:00,"0,0","0,0","0,0"
2030-09-28 04:00:00,"0,0","0,0","0,0"
2030-09-28 05:00:00,"0,0","0,0","0,0"
2030-09-28 06:00:00,"0,0","0,0","0,0"
2030-09-28 07:00:00,"0,0","0,0","0,0"
2030-09-28 08:00:00,"0,0","0,0","0,0"
2030-09-28 09:00:00,"288,0","0,0","288,0"
2030-09-28 10:00:00,"576,0","0,0","288,0"
2030-09-28 11:00:00,"864,0","0,0","288,0"
2030-09-28 12:00:00,"864,0","0,0","0,0"
2030-09-28 13:00:00,"1152,0","0,0","288,0"
2030-09-28 14:00:00,"1440,0","0,0","288,0"
2030-09-28 15:00:00,"1440,0","0,0","0,0"
2030-09-28 16:00:00,"1440,0","0,0","0,0"
2030-09-28 17:00:00,"1440,0","0,0","0,0"
2030-09-28 18:00:00,"1093,9243092899087","276,860552568073","0,0"
2030-09-28 19:00:00,"1225,3879924053113","0,0","131,46368311540255"
2030-09-28 20:00:00,"1225,3879924053113","0,0","0,0"
2030-09-28 21:00:00,"1225,3879924053113","0,0","0,0"
2030-09-28 22:00:00,"1225,3879924053113","0,0","0,0"
2030-09-28 23:00:00,"1225,3879924053113","0,0","0,0"
2030-09-29 00:00:00,"1225,3879924053113","0,0","0,0"
2030-09-29 01:00:00,"1513,3879924053113","0,0","288,0"
2030-09-29 02:00:00,"1513,3879924053113","0,0","0,0"
2030-09-29 03:00:00,"1513,3879924053113","0,0","0,0"
2030-09-29 04:00:00,"1513,3879924053113","0,0","0,0"
2030-09-29 05:00:00,"1513,3879924053113","0,0","0,0"
2030-09-29 06:00:00,"1513,3879924053113","0,0","0,0"
2030-09-29 07:00:00,"1513,3879924053113","0,0","0,0"
2030-09-29 08:00:00,"1513,3879924053113","0,0","0,0"
2030-09-29 09:00:00,"1513,3879924053113","0,0","0,0"
2030-09-29 10:00:00,"1513,3879924053113","0,0","0,0"
2030-09-29 11:00:00,"1513,3879924053113","0,0","0,0"
2030-09-29 12:00:00,"1560,0312312387218","0,0","46,64323883341058"
2030-09-29 13:00:00,"1560,0312312387218","0,0","0,0"
2030-09-29 14:00:00,"1560,0312312387218","0,0","0,0"
2030-09-29 15:00:00,"1560,0312312387218","0,0","0,0"
2030-09-29 16:00:00,"1728,0","0,0","167,96876876127823"
2030-09-29 17:00:00,"1728,0","0,0","0,0"
2030-09-29 18:00:00,"1728,0","0,0","0,0"
2030-09-29 19:00:00,"2016,0","0,0","288,0"
2030-09-29 20:00:00,"2304,0","0,0","288,0"
2030-09-29 21:00:00,"2016,0","230,4","0,0"
2030-09-29 22:00:00,"2016,0","0,0","0,0"
2030-09-29 23:00:00,"2016,0","0,0","0,0"
2030-09-30 00:00:00,"2016,0","0,0","0,0"
2030-09-30 01:00:00,"2016,0","0,0","0,0"
2030-09-30 02:00:00,"2016,0","0,0","0,0"
2030-09-30 03:00:00,"2304,0","0,0","288,0"
2030-09-30 04:00:00,"1944,0","288,0","0,0"
2030-09-30 05:00:00,"1584,0","288,0","0,0"
2030-09-30 06:00:00,"1224,0","288,0","0,0"
2030-09-30 07:00:00,"864,0","288,0","0,0"
2030-09-30 08:00:00,"676,3051350057619","150,15589199539045","0,0"
2030-09-30 09:00:00,"676,3051350057619","0,0","0,0"
2030-09-30 10:00:00,"936,0","0,0","259,694864994238"
2030-09-30 11:00:00,"1224,0","0,0","288,0"
2030-09-30 12:00:00,"1512,0","0,0","288,0"
2030-09-30 13:00:00,"1800,0","0,0","288,0"
2030-09-30 14:00:00,"1800,0","0,0","0,0"
2030-09-30 15:00:00,"1440,0","288,0","0,0"
2030-09-30 16:00:00,"1080,0","288,0","0,0"
2030-09-30 17:00:00,"720,0","288,0","0,0"
2030-09-30 18:00:00,"360,0","288,0","0,0"
2030-09-30 19:00:00,"0,0","288,0","0,0"
2030-09-30 20:00:00,"0,0","0,0","0,0"
2030-09-30 21:00:00,"0,0","0,0","0,0"
2030-09-30 22:00:00,"0,0","0,0","0,0"
2030-09-30 23:00:00,"0,0","0,0","0,0"
2030-10-01 00:00:00,"0,0","0,0","0,0"
2030-10-01 01:00:00,"0,0","0,0","0,0"
2030-10-01 02:00:00,"0,0","0,0","0,0"
2030-10-01 03:00:00,"0,0","0,0","0,0"
2030-10-01 04:00:00,"0,0","0,0","0,0"
2030-10-01 05:00:00,"0,0","0,0","0,0"
2030-10-01 06:00:00,"0,0","0,0","0,0"
2030-10-01 07:00:00,"0,0","0,0","0,0"
2030-10-01 08:00:00,"288,0","0,0","288,0"
2030-10-01 09:00:00,"576,0","0,0","288,0"
2030-10-01 10:00:00,"864,0","0,0","288,0"
2030-10-01 11:00:00,"1152,0","0,0","288,0"
2030-10-01 12:00:00,"1440,0","0,0","288,0"
2030-10-01 13:00:00,"1728,0","0,0","288,0"
2030-10-01 14:00:00,"1952,4923818733462","0,0","224,49238187334618"
2030-10-01 15:00:00,"1952,4923818733462","0,0","0,0"
2030-10-01 16:00:00,"1952,4923818733462","0,0","0,0"
2030-10-01 17:00:00,"1952,4923818733462","0,0","0,0"
2030-10-01 18:00:00,"1592,4923818733462","288,0","0,0"
2030-10-01 19:00:00,"1232,4923818733462","288,0","0,0"
2030-10-01 20:00:00,"1080,0","121,99390549867694","0,0"
2030-10-01 21:00:00,"1080,0","0,0","0,0"
2030-10-01 22:00:00,"1080,0","0,0","0,0"
2030-10-01 23:00:00,"1080,0","0,0","0,0"
2030-10-02 00:00:00,"1080,0","0,0","0,0"
2030-10-02 01:00:00,"1080,0","0,0","0,0"
2030-10-02 02:00:00,"1080,0","0,0","0,0"
2030-10-02 03:00:00,"1080,0","0,0","0,0"
2030-10-02 04:00:00,"720,0","288,0","0,0"
2030-10-02 05:00:00,"360,0","288,0","0,0"
2030-10-02 06:00:00,"0,0","288,0","0,0"
2030-10-02 07:00:00,"0,0","0,0","0,0"
2030-10-02 08:00:00,"72,0","0,0","72,0"
2030-10-02 09:00:00,"360,0","0,0","288,0"
2030-10-02 10:00:00,"648,0","0,0","288,0"
2030-10-02 11:00:00,"936,0","0,0","288,0"
2030-10-02 12:00:00,"1224,0","0,0","288,0"
2030-10-02 13:00:00,"1512,0","0,0","288,0"
2030-10-02 14:00:00,"1800,0","0,0","288,0"
2030-10-02 15:00:00,"1800,0","0,0","0,0"
2030-10-02 16:00:00,"1440,0","288,0","0,0"
2030-10-02 17:00:00,"1080,0","288,0","0,0"
2030-10-02 18:00:00,"720,0","288,0","0,0"
2030-10-02 19:00:00,"720,0","0,0","0,0"
2030-10-02 20:00:00,"360,0","288,0","0,0"
2030-10-02 21:00:00,"0,0","288,0","0,0"
2030-10-02 22:00:00,"0,0","0,0","0,0"
2030-10-02 23:00:00,"0,0","0,0","0,0"
2030-10-03 00:00:00,"0,0","0,0","0,0"
2030-10-03 01:00:00,"0,0","0,0","0,0"
2030-10-03 02:00:00,"0,0","0,0","0,0"
2030-10-03 03:00:00,"0,0","0,0","0,0"
2030-10-03 04:00:00,"288,0","0,0","288,0"
2030-10-03 05:00:00,"0,0","230,4","0,0"
2030-10-03 06:00:00,"0,0","0,0","0,0"
2030-10-03 07:00:00,"0,0","0,0","0,0"
2030-10-03 08:00:00,"0,0","0,0","0,0"
2030-10-03 09:00:00,"0,0","230,4","288,0"
2030-10-03 10:00:00,"0,0","230,4","288,0"
2030-10-03 11:00:00,"288,0","0,0","288,0"
2030-10-03 12:00:00,"216,0","288,0","288,0"
2030-10-03 13:00:00,"144,0","288,0","288,0"
2030-10-03 14:00:00,"72,0","288,0","288,0"
2030-10-03 15:00:00,"360,0","0,0","288,0"
2030-10-03 16:00:00,"288,0","288,0","288,0"
2030-10-03 17:00:00,"216,0","288,0","288,0"
2030-10-03 18:00:00,"144,0","288,0","288,0"
2030-10-03 19:00:00,"72,0","288,0","288,0"
2030-10-03 20:00:00,"0,0","288,0","288,0"
2030-10-03 21:00:00,"288,0","0,0","288,0"
2030-10-03 22:00:00,"576,0","0,0","288,0"
2030-10-03 23:00:00,"864,0","0,0","288,0"
2030-10-04 00:00:00,"1152,0","0,0","288,0"
2030-10-04 01:00:00,"1440,0","0,0","288,0"
2030-10-04 02:00:00,"1728,0","0,0","288,0"
2030-10-04 03:00:00,"2016,0","0,0","288,0"
2030-10-04 04:00:00,"2304,0","0,0","288,0"
2030-10-04 05:00:00,"2232,0","288,0","288,0"
2030-10-04 06:00:00,"2016,0","288,0","144,0"
2030-10-04 07:00:00,"2304,0","0,0","288,0"
2030-10-04 08:00:00,"2304,0","230,4","288,0"
2030-10-04 09:00:00,"2232,0","288,0","288,0"
2030-10-04 10:00:00,"2304,0","172,8","288,0"
2030-10-04 11:00:00,"2304,0","230,4","288,0"
2030-10-04 12:00:00,"2232,0","288,0","288,0"
2030-10-04 13:00:00,"2304,0","172,8","288,0"
2030-10-04 14:00:00,"2304,0","0,0","0,0"
2030-10-04 15:00:00,"2304,0","0,0","0,0"
2030-10-04 16:00:00,"2304,0","0,0","0,0"
2030-10-04 17:00:00,"2304,0","0,0","0,0"
2030-10-04 18:00:00,"2304,0","0,0","0,0"
2030-10-04 19:00:00,"2304,0","0,0","0,0"
2030-10-04 20:00:00,"2304,0","0,0","0,0"
2030-10-04 21:00:00,"2304,0","0,0","0,0"
2030-10-04 22:00:00,"2304,0","0,0","0,0"
2030-10-04 23:00:00,"2304,0","0,0","0,0"
2030-10-05 00:00:00,"2304,0","0,0","0,0"
2030-10-05 01:00:00,"2304,0","0,0","0,0"
2030-10-05 02:00:00,"2304,0","0,0","0,0"
2030-10-05 03:00:00,"2304,0","0,0","0,0"
2030-10-05 04:00:00,"1944,0","288,0","0,0"
2030-10-05 05:00:00,"1584,0","288,0","0,0"
2030-10-05 06:00:00,"1224,0","288,0","0,0"
2030-10-05 07:00:00,"864,0","288,0","0,0"
2030-10-05 08:00:00,"595,3817118434451","214,89463052524388","0,0"
2030-10-05 09:00:00,"595,3817118434451","0,0","0,0"
2030-10-05 10:00:00,"595,3817118434451","0,0","0,0"
2030-10-05 11:00:00,"595,3817118434451","0,0","0,0"
2030-10-05 12:00:00,"595,3817118434451","0,0","0,0"
2030-10-05 13:00:00,"859,5783529931814","0,0","264,19664114973625"
2030-10-05 14:00:00,"1147,5783529931814","0,0","288,0"
2030-10-05 15:00:00,"1435,5783529931814","0,0","288,0"
2030-10-05 16:00:00,"1435,5783529931814","0,0","0,0"
2030-10-05 17:00:00,"1435,5783529931814","0,0","0,0"
2030-10-05 18:00:00,"1435,5783529931814","0,0","0,0"
2030-10-05 19:00:00,"1080,0","284,46268239454514","0,0"
2030-10-05 20:00:00,"720,0","288,0","0,0"
2030-10-05 21:00:00,"360,0","288,0","0,0"
2030-10-05 22:00:00,"0,0","288,0","0,0"
2030-10-05 23:00:00,"0,0","0,0","0,0"
2030-10-06 00:00:00,"0,0","0,0","0,0"
2030-10-06 01:00:00,"0,0","0,0","0,0"
2030-10-06 02:00:00,"0,0","0,0","0,0"
2030-10-06 03:00:00,"0,0","0,0","0,0"
2030-10-06 04:00:00,"0,0","0,0","0,0"
2030-10-06 05:00:00,"0,0","0,0","0,0"
2030-10-06 06:00:00,"0,0","0,0","0,0"
2030-10-06 07:00:00,"0,0","0,0","0,0"
2030-10-06 08:00:00,"0,0","0,0","0,0"
2030-10-06 09:00:00,"0,0","0,0","0,0"
2030-10-06 10:00:00,"288,0","0,0","288,0"
2030-10-06 11:00:00,"576,0","0,0","288,0"
2030-10-06 12:00:00,"864,0","0,0","288,0"
2030-10-06 13:00:00,"1152,0","0,0","288,0"
2030-10-06 14:00:00,"1440,0","0,0","288,0"
2030-10-06 15:00:00,"1440,0","0,0","0,0"
2030-10-06 16:00:00,"1440,0","0,0","0,0"
2030-10-06 17:00:00,"1080,0","288,0","0,0"
2030-10-06 18:00:00,"720,0","288,0","0,0"
2030-10-06 19:00:00,"576,0","115,2","0,0"
2030-10-06 20:00:00,"864,0","0,0","288,0"
2030-10-06 21:00:00,"1152,0","0,0","288,0"
2030-10-06 22:00:00,"1440,0","0,0","288,0"
2030-10-06 23:00:00,"1728,0","0,0","288,0"
2030-10-07 00:00:00,"2016,0","0,0","288,0"
2030-10-07 01:00:00,"2304,0","0,0","288,0"
2030-10-07 02:00:00,"2304,0","0,0","0,0"
2030-10-07 03:00:00,"2304,0","0,0","0,0"
2030-10-07 04:00:00,"2304,0","0,0","0,0"
2030-10-07 05:00:00,"1944,0","288,0","0,0"
2030-10-07 06:00:00,"1584,0","288,0","0,0"
2030-10-07 07:00:00,"1579,685534268618","3,4515725851054526","0,0"
2030-10-07 08:00:00,"1579,685534268618","0,0","0,0"
2030-10-07 09:00:00,"1867,685534268618","0,0","288,0"
2030-10-07 10:00:00,"2155,685534268618","0,0","288,0"
2030-10-07 11:00:00,"2304,0","0,0","148,31446573138192"
2030-10-07 12:00:00,"2304,0","0,0","0,0"
2030-10-07 13:00:00,"2304,0","0,0","0,0"
2030-10-07 14:00:00,"2304,0","0,0","0,0"
2030-10-07 15:00:00,"2304,0","0,0","0,0"
2030-10-07 16:00:00,"1944,0","288,0","0,0"
2030-10-07 17:00:00,"1584,0","288,0","0,0"
2030-10-07 18:00:00,"1224,0","288,0","0,0"
2030-10-07 19:00:00,"1224,0","0,0","0,0"
2030-10-07 20:00:00,"1224,0","0,0","0,0"
2030-10-07 21:00:00,"1224,0","0,0","0,0"
2030-10-07 22:00:00,"1224,0","0,0","0,0"
2030-10-07 23:00:00,"1512,0","0,0","288,0"
2030-10-08 00:00:00,"1728,0","0,0","216,0"
2030-10-08 01:00:00,"2016,0","0,0","288,0"
2030-10-08 02:00:00,"2304,0","0,0","288,0"
2030-10-08 03:00:00,"2304,0","0,0","0,0"
2030-10-08 04:00:00,"2304,0","0,0","0,0"
2030-10-08 05:00:00,"1944,0","288,0","0,0"
2030-10-08 06:00:00,"1584,0","288,0","0,0"
2030-10-08 07:00:00,"1224,0","288,0","0,0"
2030-10-08 08:00:00,"1224,0","0,0","0,0"
2030-10-08 09:00:00,"1224,0","0,0","0,0"
2030-10-08 10:00:00,"1440,0","0,0","216,0"
2030-10-08 11:00:00,"1728,0","0,0","288,0"
2030-10-08 12:00:00,"2016,0","0,0","288,0"
2030-10-08 13:00:00,"2304,0","0,0","288,0"
2030-10-08 14:00:00,"2304,0","0,0","0,0"
2030-10-08 15:00:00,"2304,0","0,0","0,0"
2030-10-08 16:00:00,"2304,0","0,0","0,0"
2030-10-08 17:00:00,"1944,0","288,0","0,0"
2030-10-08 18:00:00,"1944,0","0,0","0,0"
2030-10-08 19:00:00,"2053,0210240262795","0,0","109,02102402627952"
2030-10-08 20:00:00,"1883,2814607007626","135,79165066041344","0,0"
2030-10-08 21:00:00,"1523,2814607007626","288,0","0,0"
2030-10-08 22:00:00,"1523,2814607007626","0,0","0,0"
2030-10-08 23:00:00,"1523,2814607007626","0,0","0,0"
2030-10-09 00:00:00,"1523,2814607007626","0,0","0,0"
2030-10-09 01:00:00,"1523,2814607007626","0,0","0,0"
2030-10-09 02:00:00,"1523,2814607007626","0,0","0,0"
2030-10-09 03:00:00,"1523,2814607007626","0,0","0,0"
2030-10-09 04:00:00,"1811,2814607007626","0,0","288,0"
2030-10-09 05:00:00,"1451,2814607007626","288,0","0,0"
2030-10-09 06:00:00,"1091,2814607007626","288,0","0,0"
2030-10-09 07:00:00,"1091,2814607007626","0,0","0,0"
2030-10-09 08:00:00,"1091,2814607007626","0,0","0,0"
2030-10-09 09:00:00,"1005,6659016532037","68,49244723804713","0,0"
2030-10-09 10:00:00,"1190,2133414069474","0,0","184,54743975374362"
2030-10-09 11:00:00,"1440,0","0,0","249,7866585930526"
2030-10-09 12:00:00,"1728,0","0,0","288,0"
2030-10-09 13:00:00,"2016,0","0,0","288,0"
2030-10-09 14:00:00,"2304,0","0,0","288,0"
2030-10-09 15:00:00,"1944,0","288,0","0,0"
2030-10-09 16:00:00,"1584,0","288,0","0,0"
2030-10-09 17:00:00,"1224,0","288,0","0,0"
2030-10-09 18:00:00,"864,0","288,0","0,0"
2030-10-09 19:00:00,"504,0","288,0","0,0"
2030-10-09 20:00:00,"144,0","288,0","0,0"
2030-10-09 21:00:00,"0,0","115,2","0,0"
2030-10-09 22:00:00,"263,47353335004925","0,0","263,47353335004925"
2030-10-09 23:00:00,"551,4735333500493","0,0","288,0"
2030-10-10 00:00:00,"839,4735333500493","0,0","288,0"
2030-10-10 01:00:00,"1127,4735333500494","0,0","288,0"
2030-10-10 02:00:00,"1415,4735333500494","0,0","288,0"
2030-10-10 03:00:00,"1566,6975971584493","0,0","151,22406380839988"
2030-10-10 04:00:00,"1566,6975971584493","0,0","0,0"
2030-10-10 05:00:00,"1566,6975971584493","0,0","0,0"
2030-10-10 06:00:00,"1206,6975971584493","288,0","0,0"
2030-10-10 07:00:00,"1206,6975971584493","0,0","0,0"
2030-10-10 08:00:00,"1206,6975971584493","0,0","0,0"
2030-10-10 09:00:00,"1206,6975971584493","0,0","0,0"
2030-10-10 10:00:00,"1440,0","0,0","233,3024028415507"
2030-10-10 11:00:00,"1728,0","0,0","288,0"
2030-10-10 12:00:00,"2016,0","0,0","288,0"
2030-10-10 13:00:00,"2304,0","0,0","288,0"
2030-10-10 14:00:00,"2304,0","0,0","0,0"
2030-10-10 15:00:00,"2304,0","0,0","0,0"
2030-10-10 16:00:00,"1944,0","288,0","0,0"
2030-10-10 17:00:00,"1584,0","288,0","0,0"
2030-10-10 18:00:00,"1224,0","288,0","0,0"
2030-10-10 19:00:00,"1224,0","0,0","0,0"
2030-10-10 20:00:00,"1224,0","0,0","0,0"
2030-10-10 21:00:00,"1296,0","0,0","72,0"
2030-10-10 22:00:00,"1584,0","0,0","288,0"
2030-10-10 23:00:00,"1872,0","0,0","288,0"
2030-10-11 00:00:00,"2160,0","0,0","288,0"
2030-10-11 01:00:00,"2160,0","0,0","0,0"
2030-10-11 02:00:00,"2160,0","0,0","0,0"
2030-10-11 03:00:00,"1800,0","288,0","0,0"
2030-10-11 04:00:00,"1440,0","288,0","0,0"
2030-10-11 05:00:00,"1080,0","288,0","0,0"
2030-10-11 06:00:00,"720,0","288,0","0,0"
2030-10-11 07:00:00,"360,0","288,0","0,0"
2030-10-11 08:00:00,"0,0","288,0","0,0"
2030-10-11 09:00:00,"0,0","0,0","0,0"
2030-10-11 10:00:00,"0,0","0,0","0,0"
2030-10-11 11:00:00,"0,0","0,0","0,0"
2030-10-11 12:00:00,"0,0","0,0","0,0"
2030-10-11 13:00:00,"0,0","0,0","0,0"
2030-10-11 14:00:00,"0,0","0,0","0,0"
2030-10-11 15:00:00,"0,0","0,0","0,0"
2030-10-11 16:00:00,"0,0","0,0","0,0"
2030-10-11 17:00:00,"0,0","0,0","0,0"
2030-10-11 18:00:00,"0,0","0,0","0,0"
2030-10-11 19:00:00,"0,0","0,0","0,0"
2030-10-11 20:00:00,"0,0","0,0","0,0"
2030-10-11 21:00:00,"0,0","0,0","0,0"
2030-10-11 22:00:00,"0,0","0,0","0,0"
2030-10-11 23:00:00,"0,0","0,0","0,0"
2030-10-12 00:00:00,"0,0","0,0","0,0"
2030-10-12 01:00:00,"288,0","0,0","288,0"
2030-10-12 02:00:00,"576,0","0,0","288,0"
2030-10-12 03:00:00,"864,0","0,0","288,0"
2030-10-12 04:00:00,"1080,0","0,0","216,0"
2030-10-12 05:00:00,"720,0","288,0","0,0"
2030-10-12 06:00:00,"360,0","288,0","0,0"
2030-10-12 07:00:00,"0,0","288,0","0,0"
2030-10-12 08:00:00,"288,0","0,0","288,0"
2030-10-12 09:00:00,"576,0","0,0","288,0"
2030-10-12 10:00:00,"864,0","0,0","288,0"
2030-10-12 11:00:00,"1152,0","0,0","288,0"
2030-10-12 12:00:00,"1440,0","0,0","288,0"
2030-10-12 13:00:00,"1728,0","0,0","288,0"
2030-10-12 14:00:00,"2016,0","0,0","288,0"
2030-10-12 15:00:00,"2304,0","0,0","288,0"
2030-10-12 16:00:00,"2304,0","0,0","0,0"
2030-10-12 17:00:00,"1944,0","288,0","0,0"
2030-10-12 18:00:00,"1584,0","288,0","0,0"
2030-10-12 19:00:00,"1224,0","288,0","0,0"
2030-10-12 20:00:00,"1008,0","172,8","0,0"
2030-10-12 21:00:00,"1008,0","0,0","0,0"
2030-10-12 22:00:00,"1008,0","0,0","0,0"
2030-10-12 23:00:00,"1008,0","0,0","0,0"
2030-10-13 00:00:00,"1008,0","0,0","0,0"
2030-10-13 01:00:00,"1008,0","0,0","0,0"
2030-10-13 02:00:00,"1008,0","0,0","0,0"
2030-10-13 03:00:00,"1008,0","0,0","0,0"
2030-10-13 04:00:00,"1008,0","0,0","0,0"
2030-10-13 05:00:00,"648,0","288,0","0,0"
2030-10-13 06:00:00,"288,0","288,0","0,0"
2030-10-13 07:00:00,"288,0","0,0","0,0"
2030-10-13 08:00:00,"576,0","0,0","288,0"
2030-10-13 09:00:00,"864,0","0,0","288,0"
2030-10-13 10:00:00,"1152,0","0,0","288,0"
2030-10-13 11:00:00,"1440,0","0,0","288,0"
2030-10-13 12:00:00,"1728,0","0,0","288,0"
2030-10-13 13:00:00,"2016,0","0,0","288,0"
2030-10-13 14:00:00,"2304,0","0,0","288,0"
2030-10-13 15:00:00,"2304,0","0,0","0,0"
2030-10-13 16:00:00,"2304,0","0,0","0,0"
2030-10-13 17:00:00,"2304,0","0,0","0,0"
2030-10-13 18:00:00,"2304,0","0,0","0,0"
2030-10-13 19:00:00,"2304,0","0,0","0,0"
2030-10-13 20:00:00,"2304,0","0,0","0,0"
2030-10-13 21:00:00,"2304,0","0,0","0,0"
2030-10-13 22:00:00,"2304,0","0,0","0,0"
2030-10-13 23:00:00,"2304,0","0,0","0,0"
2030-10-14 00:00:00,"2304,0","0,0","0,0"
2030-10-14 01:00:00,"2304,0","0,0","0,0"
2030-10-14 02:00:00,"2304,0","0,0","0,0"
2030-10-14 03:00:00,"2304,0","0,0","0,0"
2030-10-14 04:00:00,"2008,6843495856635","236,25252033146916","0,0"
2030-10-14 05:00:00,"1648,6843495856635","288,0","0,0"
2030-10-14 06:00:00,"1288,6843495856635","288,0","0,0"
2030-10-14 07:00:00,"928,6843495856635","288,0","0,0"
2030-10-14 08:00:00,"928,6843495856635","0,0","0,0"
2030-10-14 09:00:00,"928,6843495856635","0,0","0,0"
2030-10-14 10:00:00,"928,6843495856635","0,0","0,0"
2030-10-14 11:00:00,"928,6843495856635","0,0","0,0"
2030-10-14 12:00:00,"928,6843495856635","0,0","0,0"
2030-10-14 13:00:00,"928,6843495856635","0,0","0,0"
2030-10-14 14:00:00,"928,6843495856635","0,0","0,0"
2030-10-14 15:00:00,"928,6843495856635","0,0","0,0"
2030-10-14 16:00:00,"568,6843495856635","288,0","0,0"
2030-10-14 17:00:00,"208,68434958566348","288,0","0,0"
2030-10-14 18:00:00,"208,68434958566348","0,0","0,0"
2030-10-14 19:00:00,"208,68434958566348","0,0","0,0"
2030-10-14 20:00:00,"208,68434958566348","0,0","0,0"
2030-10-14 21:00:00,"208,68434958566348","0,0","0,0"
2030-10-14 22:00:00,"208,68434958566348","0,0","0,0"
2030-10-14 23:00:00,"208,68434958566348","0,0","0,0"
2030-10-15 00:00:00,"208,68434958566348","0,0","0,0"
2030-10-15 01:00:00,"208,68434958566348","0,0","0,0"
2030-10-15 02:00:00,"208,68434958566348","0,0","0,0"
2030-10-15 03:00:00,"208,68434958566348","0,0","0,0"
2030-10-15 04:00:00,"208,68434958566348","0,0","0,0"
2030-10-15 05:00:00,"199,43379398344447","7,400444481775196","0,0"
2030-10-15 06:00:00,"0,0","159,54703518675558","0,0"
2030-10-15 07:00:00,"0,0","0,0","0,0"
2030-10-15 08:00:00,"0,0","0,0","0,0"
2030-10-15 09:00:00,"288,0","0,0","288,0"
2030-10-15 10:00:00,"576,0","0,0","288,0"
2030-10-15 11:00:00,"864,0","0,0","288,0"
2030-10-15 12:00:00,"1152,0","0,0","288,0"
2030-10-15 13:00:00,"1328,7175724035876","0,0","176,71757240358755"
2030-10-15 14:00:00,"1616,7175724035876","0,0","288,0"
2030-10-15 15:00:00,"1866,4650637185578","0,0","249,74749131497015"
2030-10-15 16:00:00,"2154,4650637185578","0,0","288,0"
2030-10-15 17:00:00,"2154,4650637185578","0,0","0,0"
2030-10-15 18:00:00,"2154,4650637185578","0,0","0,0"
2030-10-15 19:00:00,"1794,4650637185578","288,0","0,0"
2030-10-15 20:00:00,"1434,4650637185578","288,0","0,0"
2030-10-15 21:00:00,"1074,4650637185578","288,0","0,0"
2030-10-15 22:00:00,"714,4650637185578","288,0","0,0"
2030-10-15 23:00:00,"354,46506371855776","288,0","0,0"
2030-10-16 00:00:00,"354,46506371855776","0,0","0,0"
2030-10-16 01:00:00,"354,46506371855776","0,0","0,0"
2030-10-16 02:00:00,"354,46506371855776","0,0","0,0"
2030-10-16 03:00:00,"354,46506371855776","0,0","0,0"
2030-10-16 04:00:00,"0,0","283,5720509748462","0,0"
2030-10-16 05:00:00,"288,0","0,0","288,0"
2030-10-16 06:00:00,"576,0","0,0","288,0"
2030-10-16 07:00:00,"864,0","0,0","288,0"
2030-10-16 08:00:00,"1152,0","0,0","288,0"
2030-10-16 09:00:00,"1152,0","0,0","0,0"
2030-10-16 10:00:00,"1152,0","0,0","0,0"
2030-10-16 11:00:00,"1183,500041066398","0,0","31,50004106639797"
2030-10-16 12:00:00,"1183,500041066398","0,0","0,0"
2030-10-16 13:00:00,"1443,726105528657","0,0","260,22606446225905"
2030-10-16 14:00:00,"1664,6772157045154","0,0","220,95111017585845"
2030-10-16 15:00:00,"1664,6772157045154","0,0","0,0"
2030-10-16 16:00:00,"1304,6772157045154","288,0","0,0"
2030-10-16 17:00:00,"944,6772157045154","288,0","0,0"
2030-10-16 18:00:00,"594,0313423230772","280,5166987051506","0,0"
2030-10-16 19:00:00,"594,0313423230772","0,0","0,0"
2030-10-16 20:00:00,"594,0313423230772","0,0","0,0"
2030-10-16 21:00:00,"594,0313423230772","0,0","0,0"
2030-10-16 22:00:00,"594,0313423230772","0,0","0,0"
2030-10-16 23:00:00,"594,0313423230772","0,0","0,0"
2030-10-17 00:00:00,"594,0313423230772","0,0","0,0"
2030-10-17 01:00:00,"594,0313423230772","0,0","0,0"
2030-10-17 02:00:00,"594,0313423230772","0,0","0,0"
2030-10-17 03:00:00,"594,0313423230772","0,0","0,0"
2030-10-17 04:00:00,"596,9475540174515","0,0","2,916211694374283"
2030-10-17 05:00:00,"596,9475540174515","0,0","0,0"
2030-10-17 06:00:00,"596,9475540174515","0,0","0,0"
2030-10-17 07:00:00,"554,7067771378768","33,792621503659745","0,0"
2030-10-17 08:00:00,"650,0533910695524","0,0","95,34661393167562"
2030-10-17 09:00:00,"938,0533910695524","0,0","288,0"
2030-10-17 10:00:00,"1226,0533910695524","0,0","288,0"
2030-10-17 11:00:00,"1514,0533910695524","0,0","288,0"
2030-10-17 12:00:00,"1728,0","0,0","213,94660893044767"
2030-10-17 13:00:00,"2016,0","0,0","288,0"
2030-10-17 14:00:00,"2304,0","0,0","288,0"
2030-10-17 15:00:00,"2304,0","0,0","0,0"
2030-10-17 16:00:00,"1944,0","288,0","0,0"
2030-10-17 17:00:00,"1584,0","288,0","0,0"
2030-10-17 18:00:00,"1224,0","288,0","0,0"
2030-10-17 19:00:00,"1224,0","0,0","0,0"
2030-10-17 20:00:00,"1224,0","0,0","0,0"
2030-10-17 21:00:00,"1224,0","0,0","0,0"
2030-10-17 22:00:00,"1224,0","0,0","0,0"
2030-10-17 23:00:00,"1440,0","0,0","216,0"
2030-10-18 00:00:00,"1728,0","0,0","288,0"
2030-10-18 01:00:00,"2016,0","0,0","288,0"
2030-10-18 02:00:00,"2304,0","0,0","288,0"
2030-10-18 03:00:00,"2304,0","0,0","0,0"
2030-10-18 04:00:00,"2304,0","0,0","0,0"
2030-10-18 05:00:00,"1944,0","288,0","0,0"
2030-10-18 06:00:00,"1584,0","288,0","0,0"
2030-10-18 07:00:00,"1224,0","288,0","0,0"
2030-10-18 08:00:00,"1224,0","0,0","0,0"
2030-10-18 09:00:00,"1296,0","0,0","72,0"
2030-10-18 10:00:00,"1296,0","0,0","0,0"
2030-10-18 11:00:00,"1584,0","0,0","288,0"
2030-10-18 12:00:00,"1872,0","0,0","288,0"
2030-10-18 13:00:00,"2160,0","0,0","288,0"
2030-10-18 14:00:00,"2160,0","0,0","0,0"
2030-10-18 15:00:00,"1800,0","288,0","0,0"
2030-10-18 16:00:00,"1440,0","288,0","0,0"
2030-10-18 17:00:00,"1080,0","288,0","0,0"
2030-10-18 18:00:00,"720,0","288,0","0,0"
2030-10-18 19:00:00,"360,0","288,0","0,0"
2030-10-18 20:00:00,"0,0","288,0","0,0"
2030-10-18 21:00:00,"0,0","0,0","0,0"
2030-10-18 22:00:00,"0,0","0,0","0,0"
2030-10-18 23:00:00,"0,0","0,0","0,0"
2030-10-19 00:00:00,"0,0","0,0","0,0"
2030-10-19 01:00:00,"0,0","0,0","0,0"
2030-10-19 02:00:00,"0,0","0,0","0,0"
2030-10-19 03:00:00,"0,0","0,0","0,0"
2030-10-19 04:00:00,"0,0","0,0","0,0"
2030-10-19 05:00:00,"0,0","0,0","0,0"
2030-10-19 06:00:00,"0,0","0,0","0,0"
2030-10-19 07:00:00,"0,0","0,0","0,0"
2030-10-19 08:00:00,"288,0","0,0","288,0"
2030-10-19 09:00:00,"576,0","0,0","288,0"
2030-10-19 10:00:00,"864,0","0,0","288,0"
2030-10-19 11:00:00,"1152,0","0,0","288,0"
2030-10-19 12:00:00,"1440,0","0,0","288,0"
2030-10-19 13:00:00,"1728,0","0,0","288,0"
2030-10-19 14:00:00,"2016,0","0,0","288,0"
2030-10-19 15:00:00,"2304,0","0,0","288,0"
2030-10-19 16:00:00,"2304,0","0,0","0,0"
2030-10-19 17:00:00,"1944,0","288,0","0,0"
2030-10-19 18:00:00,"1584,0","288,0","0,0"
2030-10-19 19:00:00,"1224,0","288,0","0,0"
2030-10-19 20:00:00,"864,0","288,0","0,0"
2030-10-19 21:00:00,"504,0","288,0","0,0"
2030-10-19 22:00:00,"144,0","288,0","0,0"
2030-10-19 23:00:00,"144,0","0,0","0,0"
2030-10-20 00:00:00,"144,0","0,0","0,0"
2030-10-20 01:00:00,"144,0","0,0","0,0"
2030-10-20 02:00:00,"144,0","0,0","0,0"
2030-10-20 03:00:00,"144,0","0,0","0,0"
2030-10-20 04:00:00,"144,0","0,0","0,0"
2030-10-20 05:00:00,"144,0","0,0","0,0"
2030-10-20 06:00:00,"0,0","115,2","0,0"
2030-10-20 07:00:00,"0,0","0,0","0,0"
2030-10-20 08:00:00,"0,0","0,0","0,0"
2030-10-20 09:00:00,"0,0","0,0","0,0"
2030-10-20 10:00:00,"288,0","0,0","288,0"
2030-10-20 11:00:00,"576,0","0,0","288,0"
2030-10-20 12:00:00,"864,0","0,0","288,0"
2030-10-20 13:00:00,"1152,0","0,0","288,0"
2030-10-20 14:00:00,"1440,0","0,0","288,0"
2030-10-20 15:00:00,"1440,0","0,0","0,0"
2030-10-20 16:00:00,"1440,0","0,0","0,0"
2030-10-20 17:00:00,"1080,0","288,0","0,0"
2030-10-20 18:00:00,"1080,0","0,0","0,0"
2030-10-20 19:00:00,"1080,0","0,0","0,0"
2030-10-20 20:00:00,"1080,0","0,0","0,0"
2030-10-20 21:00:00,"1080,0","0,0","0,0"
2030-10-20 22:00:00,"1080,0","0,0","0,0"
2030-10-20 23:00:00,"1080,0","0,0","0,0"
2030-10-21 00:00:00,"1080,0","0,0","0,0"
2030-10-21 01:00:00,"1080,0","0,0","0,0"
2030-10-21 02:00:00,"1080,0","0,0","0,0"
2030-10-21 03:00:00,"1080,0","0,0","0,0"
2030-10-21 04:00:00,"1152,0","0,0","72,0"
2030-10-21 05:00:00,"1152,0","0,0","0,0"
2030-10-21 06:00:00,"1152,0","0,0","0,0"
2030-10-21 07:00:00,"1152,0","0,0","0,0"
2030-10-21 08:00:00,"1152,0","0,0","0,0"
2030-10-21 09:00:00,"1440,0","0,0","288,0"
2030-10-21 10:00:00,"1728,0","0,0","288,0"
2030-10-21 11:00:00,"2016,0","0,0","288,0"
2030-10-21 12:00:00,"2304,0","0,0","288,0"
2030-10-21 13:00:00,"2304,0","0,0","0,0"
2030-10-21 14:00:00,"2304,0","0,0","0,0"
2030-10-21 15:00:00,"1944,0","288,0","0,0"
2030-10-21 16:00:00,"1584,0","288,0","0,0"
2030-10-21 17:00:00,"1224,0","288,0","0,0"
2030-10-21 18:00:00,"864,0","288,0","0,0"
2030-10-21 19:00:00,"504,0","288,0","0,0"
2030-10-21 20:00:00,"144,0","288,0","0,0"
2030-10-21 21:00:00,"0,0","115,2","0,0"
2030-10-21 22:00:00,"0,0","0,0","0,0"
2030-10-21 23:00:00,"0,0","0,0","0,0"
2030-10-22 00:00:00,"0,0","0,0","0,0"
2030-10-22 01:00:00,"288,0","0,0","288,0"
2030-10-22 02:00:00,"576,0","0,0","288,0"
2030-10-22 03:00:00,"864,0","0,0","288,0"
2030-10-22 04:00:00,"1152,0","0,0","288,0"
2030-10-22 05:00:00,"1152,0","0,0","0,0"
2030-10-22 06:00:00,"1152,0","0,0","0,0"
2030-10-22 07:00:00,"1152,0","0,0","0,0"
2030-10-22 08:00:00,"1152,0","0,0","0,0"
2030-10-22 09:00:00,"1440,0","0,0","288,0"
2030-10-22 10:00:00,"1728,0","0,0","288,0"
2030-10-22 11:00:00,"2016,0","0,0","288,0"
2030-10-22 12:00:00,"2016,0","0,0","0,0"
2030-10-22 13:00:00,"2304,0","0,0","288,0"
2030-10-22 14:00:00,"2304,0","0,0","0,0"
2030-10-22 15:00:00,"2304,0","0,0","0,0"
2030-10-22 16:00:00,"1944,0","288,0","0,0"
2030-10-22 17:00:00,"1584,0","288,0","0,0"
2030-10-22 18:00:00,"1224,0","288,0","0,0"
2030-10-22 19:00:00,"1224,0","0,0","0,0"
2030-10-22 20:00:00,"1224,0","0,0","0,0"
2030-10-22 21:00:00,"1512,0","0,0","288,0"
2030-10-22 22:00:00,"1512,0","0,0","0,0"
2030-10-22 23:00:00,"1800,0","0,0","288,0"
2030-10-23 00:00:00,"2088,0","0,0","288,0"
2030-10-23 01:00:00,"2304,0","0,0","216,0"
2030-10-23 02:00:00,"2304,0","0,0","0,0"
2030-10-23 03:00:00,"2304,0","0,0","0,0"
2030-10-23 04:00:00,"2304,0","0,0","0,0"
2030-10-23 05:00:00,"2304,0","0,0","0,0"
2030-10-23 06:00:00,"2149,694912667282","123,44406986617432","0,0"
2030-10-23 07:00:00,"2149,694912667282","0,0","0,0"
2030-10-23 08:00:00,"2149,694912667282","0,0","0,0"
2030-10-23 09:00:00,"2149,694912667282","0,0","0,0"
2030-10-23 10:00:00,"2149,694912667282","0,0","0,0"
2030-10-23 11:00:00,"2149,694912667282","0,0","0,0"
2030-10-23 12:00:00,"2149,694912667282","0,0","0,0"
2030-10-23 13:00:00,"2149,694912667282","0,0","0,0"
2030-10-23 14:00:00,"2149,694912667282","0,0","0,0"
2030-10-23 15:00:00,"2149,694912667282","0,0","0,0"
2030-10-23 16:00:00,"2149,694912667282","0,0","0,0"
2030-10-23 17:00:00,"2149,694912667282","0,0","0,0"
2030-10-23 18:00:00,"1789,694912667282","288,0","0,0"
2030-10-23 19:00:00,"1429,694912667282","288,0","0,0"
2030-10-23 20:00:00,"1069,694912667282","288,0","0,0"
2030-10-23 21:00:00,"1069,694912667282","0,0","0,0"
2030-10-23 22:00:00,"1069,694912667282","0,0","0,0"
2030-10-23 23:00:00,"1069,694912667282","0,0","0,0"
2030-10-24 00:00:00,"1069,694912667282","0,0","0,0"
2030-10-24 01:00:00,"1069,694912667282","0,0","0,0"
2030-10-24 02:00:00,"1069,694912667282","0,0","0,0"
2030-10-24 03:00:00,"1069,694912667282","0,0","0,0"
2030-10-24 04:00:00,"1069,694912667282","0,0","0,0"
2030-10-24 05:00:00,"709,6949126672822","288,0","0,0"
2030-10-24 06:00:00,"360,0","279,75593013382576","0,0"
2030-10-24 07:00:00,"0,0","288,0","0,0"
2030-10-24 08:00:00,"0,0","0,0","0,0"
2030-10-24 09:00:00,"0,0","0,0","0,0"
2030-10-24 10:00:00,"0,0","0,0","0,0"
2030-10-24 11:00:00,"0,0","0,0","0,0"
2030-10-24 12:00:00,"0,0","0,0","0,0"
2030-10-24 13:00:00,"0,0","0,0","0,0"
2030-10-24 14:00:00,"0,0","0,0","0,0"
2030-10-24 15:00:00,"0,0","0,0","0,0"
2030-10-24 16:00:00,"0,0","0,0","0,0"
2030-10-24 17:00:00,"0,0","0,0","0,0"
2030-10-24 18:00:00,"0,0","0,0","0,0"
2030-10-24 19:00:00,"85,27906468249915","0,0","85,27906468249915"
2030-10-24 20:00:00,"373,27906468249915","0,0","288,0"
2030-10-24 21:00:00,"576,0","0,0","202,72093531750085"
2030-10-24 22:00:00,"864,0","0,0","288,0"
2030-10-24 23:00:00,"1152,0","0,0","288,0"
2030-10-25 00:00:00,"1440,0","0,0","288,0"
2030-10-25 01:00:00,"1728,0","0,0","288,0"
2030-10-25 02:00:00,"2016,0","0,0","288,0"
2030-10-25 03:00:00,"2304,0","0,0","288,0"
2030-10-25 04:00:00,"2304,0","0,0","0,0"
2030-10-25 05:00:00,"2217,0890143545266","69,5287885163786","0,0"
2030-10-25 06:00:00,"1857,0890143545266","288,0","0,0"
2030-10-25 07:00:00,"1857,0890143545266","0,0","0,0"
2030-10-25 08:00:00,"1857,0890143545266","0,0","0,0"
2030-10-25 09:00:00,"1857,0890143545266","0,0","0,0"
2030-10-25 10:00:00,"1857,0890143545266","0,0","0,0"
2030-10-25 11:00:00,"1857,0890143545266","0,0","0,0"
2030-10-25 12:00:00,"1857,0890143545266","0,0","0,0"
2030-10-25 13:00:00,"1857,0890143545266","0,0","0,0"
2030-10-25 14:00:00,"1857,0890143545266","0,0","0,0"
2030-10-25 15:00:00,"1857,0890143545266","0,0","0,0"
2030-10-25 16:00:00,"1497,0890143545266","288,0","0,0"
2030-10-25 17:00:00,"1497,0890143545266","0,0","0,0"
2030-10-25 18:00:00,"1497,0890143545266","0,0","0,0"
2030-10-25 19:00:00,"1497,0890143545266","0,0","0,0"
2030-10-25 20:00:00,"1497,0890143545266","0,0","0,0"
2030-10-25 21:00:00,"1497,0890143545266","0,0","0,0"
2030-10-25 22:00:00,"1497,0890143545266","0,0","0,0"
2030-10-25 23:00:00,"1497,0890143545266","0,0","0,0"
2030-10-26 00:00:00,"1497,0890143545266","0,0","0,0"
2030-10-26 01:00:00,"1497,0890143545266","0,0","0,0"
2030-10-26 02:00:00,"1497,0890143545266","0,0","0,0"
2030-10-26 03:00:00,"1497,0890143545266","0,0","0,0"
2030-10-26 04:00:00,"1497,0890143545266","0,0","0,0"
2030-10-26 05:00:00,"1497,0890143545266","0,0","0,0"
2030-10-26 06:00:00,"1497,0890143545266","0,0","0,0"
2030-10-26 07:00:00,"1497,0890143545266","0,0","0,0"
2030-10-26 08:00:00,"1497,0890143545266","0,0","0,0"
2030-10-26 09:00:00,"1497,0890143545266","0,0","0,0"
2030-10-26 10:00:00,"1785,0890143545266","0,0","288,0"
2030-10-26 11:00:00,"2073,0890143545266","0,0","288,0"
2030-10-26 12:00:00,"2073,0890143545266","0,0","0,0"
2030-10-26 13:00:00,"2304,0","0,0","230,91098564547337"
2030-10-26 14:00:00,"2304,0","0,0","0,0"
2030-10-26 15:00:00,"2304,0","0,0","0,0"
2030-10-26 16:00:00,"2304,0","0,0","0,0"
2030-10-26 17:00:00,"2304,0","0,0","0,0"
2030-10-26 18:00:00,"2304,0","0,0","0,0"
2030-10-26 19:00:00,"2304,0","0,0","0,0"
2030-10-26 20:00:00,"2304,0","0,0","0,0"
2030-10-26 21:00:00,"2304,0","0,0","0,0"
2030-10-26 22:00:00,"2304,0","0,0","0,0"
2030-10-26 23:00:00,"2304,0","0,0","0,0"
2030-10-27 00:00:00,"2304,0","0,0","0,0"
2030-10-27 01:00:00,"2304,0","0,0","0,0"
2030-10-27 02:00:00,"2304,0","0,0","0,0"
2030-10-27 03:00:00,"2304,0","0,0","0,0"
2030-10-27 04:00:00,"2304,0","0,0","0,0"
2030-10-27 05:00:00,"2304,0","0,0","0,0"
2030-10-27 06:00:00,"2304,0","0,0","0,0"
2030-10-27 07:00:00,"2304,0","0,0","0,0"
2030-10-27 08:00:00,"2304,0","0,0","0,0"
2030-10-27 09:00:00,"2304,0","0,0","0,0"
2030-10-27 10:00:00,"2304,0","0,0","0,0"
2030-10-27 11:00:00,"2304,0","0,0","0,0"
2030-10-27 12:00:00,"2304,0","0,0","0,0"
2030-10-27 13:00:00,"2304,0","0,0","0,0"
2030-10-27 14:00:00,"2304,0","0,0","0,0"
2030-10-27 15:00:00,"2304,0","0,0","0,0"
2030-10-27 16:00:00,"2304,0","0,0","0,0"
2030-10-27 17:00:00,"1944,0","288,0","0,0"
2030-10-27 18:00:00,"1944,0","0,0","0,0"
2030-10-27 19:00:00,"1944,0","0,0","0,0"
2030-10-27 20:00:00,"1944,0","0,0","0,0"
2030-10-27 21:00:00,"1944,0","0,0","0,0"
2030-10-27 22:00:00,"1944,0","0,0","0,0"
2030-10-27 23:00:00,"2232,0","0,0","288,0"
2030-10-28 00:00:00,"2232,0","0,0","0,0"
2030-10-28 01:00:00,"2304,0","0,0","72,0"
2030-10-28 02:00:00,"2304,0","0,0","0,0"
2030-10-28 03:00:00,"2304,0","0,0","0,0"
2030-10-28 04:00:00,"2304,0","0,0","0,0"
2030-10-28 05:00:00,"2304,0","0,0","0,0"
2030-10-28 06:00:00,"2304,0","0,0","0,0"
2030-10-28 07:00:00,"2304,0","0,0","0,0"
2030-10-28 08:00:00,"2304,0","0,0","0,0"
2030-10-28 09:00:00,"2304,0","0,0","0,0"
2030-10-28 10:00:00,"2304,0","0,0","0,0"
2030-10-28 11:00:00,"2304,0","0,0","0,0"
2030-10-28 12:00:00,"2304,0","0,0","0,0"
2030-10-28 13:00:00,"2304,0","0,0","0,0"
2030-10-28 14:00:00,"2304,0","0,0","0,0"
2030-10-28 15:00:00,"2304,0","0,0","0,0"
2030-10-28 16:00:00,"1944,0","288,0","0,0"
2030-10-28 17:00:00,"1584,0","288,0","0,0"
2030-10-28 18:00:00,"1224,0","288,0","0,0"
2030-10-28 19:00:00,"864,0","288,0","0,0"
2030-10-28 20:00:00,"864,0","0,0","0,0"
2030-10-28 21:00:00,"864,0","0,0","0,0"
2030-10-28 22:00:00,"864,0","0,0","0,0"
2030-10-28 23:00:00,"864,0","0,0","0,0"
2030-10-29 00:00:00,"936,0","0,0","72,0"
2030-10-29 01:00:00,"1224,0","0,0","288,0"
2030-10-29 02:00:00,"1512,0","0,0","288,0"
2030-10-29 03:00:00,"1800,0","0,0","288,0"
2030-10-29 04:00:00,"1800,0","0,0","0,0"
2030-10-29 05:00:00,"1800,0","0,0","0,0"
2030-10-29 06:00:00,"1440,0","288,0","0,0"
2030-10-29 07:00:00,"1080,0","288,0","0,0"
2030-10-29 08:00:00,"1080,0","0,0","0,0"
2030-10-29 09:00:00,"1080,0","0,0","0,0"
2030-10-29 10:00:00,"1080,0","0,0","0,0"
2030-10-29 11:00:00,"1080,0","0,0","0,0"
2030-10-29 12:00:00,"1080,0","0,0","0,0"
2030-10-29 13:00:00,"1080,0","0,0","0,0"
2030-10-29 14:00:00,"1080,0","0,0","0,0"
2030-10-29 15:00:00,"1080,0","0,0","0,0"
2030-10-29 16:00:00,"720,0","288,0","0,0"
2030-10-29 17:00:00,"360,0","288,0","0,0"
2030-10-29 18:00:00,"0,0","288,0","0,0"
2030-10-29 19:00:00,"0,0","0,0","0,0"
2030-10-29 20:00:00,"0,0","0,0","0,0"
2030-10-29 21:00:00,"0,0","0,0","0,0"
2030-10-29 22:00:00,"0,0","0,0","0,0"
2030-10-29 23:00:00,"0,0","0,0","0,0"
2030-10-30 00:00:00,"0,0","0,0","0,0"
2030-10-30 01:00:00,"0,0","0,0","0,0"
2030-10-30 02:00:00,"0,0","0,0","0,0"
2030-10-30 03:00:00,"0,0","0,0","0,0"
2030-10-30 04:00:00,"288,0","0,0","288,0"
2030-10-30 05:00:00,"411,190918295624","0,0","123,19091829562399"
2030-10-30 06:00:00,"411,190918295624","0,0","0,0"
2030-10-30 07:00:00,"411,190918295624","0,0","0,0"
2030-10-30 08:00:00,"411,190918295624","0,0","0,0"
2030-10-30 09:00:00,"411,190918295624","0,0","0,0"
2030-10-30 10:00:00,"411,190918295624","0,0","0,0"
2030-10-30 11:00:00,"537,7697682791787","0,0","126,57884998355473"
2030-10-30 12:00:00,"825,7697682791787","0,0","288,0"
2030-10-30 13:00:00,"825,7697682791787","0,0","0,0"
2030-10-30 14:00:00,"825,7697682791787","0,0","0,0"
2030-10-30 15:00:00,"526,3122770505755","239,56599298288256","0,0"
2030-10-30 16:00:00,"166,31227705057555","288,0","0,0"
2030-10-30 17:00:00,"0,0","133,04982164046044","0,0"
2030-10-30 18:00:00,"0,0","0,0","0,0"
2030-10-30 19:00:00,"0,0","0,0","0,0"
2030-10-30 20:00:00,"0,0","0,0","0,0"
2030-10-30 21:00:00,"0,0","0,0","0,0"
2030-10-30 22:00:00,"288,0","0,0","288,0"
2030-10-30 23:00:00,"576,0","0,0","288,0"
2030-10-31 00:00:00,"864,0","0,0","288,0"
2030-10-31 01:00:00,"1152,0","0,0","288,0"
2030-10-31 02:00:00,"1440,0","0,0","288,0"
2030-10-31 03:00:00,"1728,0","0,0","288,0"
2030-10-31 04:00:00,"2016,0","0,0","288,0"
2030-10-31 05:00:00,"2016,0","0,0","0,0"
2030-10-31 06:00:00,"1656,0","288,0","0,0"
2030-10-31 07:00:00,"1656,0","0,0","0,0"
2030-10-31 08:00:00,"1656,0","0,0","0,0"
2030-10-31 09:00:00,"1656,0","0,0","0,0"
2030-10-31 10:00:00,"1656,0","0,0","0,0"
2030-10-31 11:00:00,"1944,0","0,0","288,0"
2030-10-31 12:00:00,"2232,0","0,0","288,0"
2030-10-31 13:00:00,"2304,0","0,0","72,0"
2030-10-31 14:00:00,"2304,0","0,0","0,0"
2030-10-31 15:00:00,"2146,891719537219","125,68662437022483","0,0"
2030-10-31 16:00:00,"1786,8917195372192","288,0","0,0"
2030-10-31 17:00:00,"1426,8917195372192","288,0","0,0"
2030-10-31 18:00:00,"1066,8917195372192","288,0","0,0"
2030-10-31 19:00:00,"706,8917195372192","288,0","0,0"
2030-10-31 20:00:00,"346,89171953721916","288,0","0,0"
2030-10-31 21:00:00,"0,0","277,51337562977534","0,0"
2030-10-31 22:00:00,"0,0","0,0","0,0"
2030-10-31 23:00:00,"0,0","0,0","0,0"
2030-11-01 00:00:00,"0,0","0,0","0,0"
2030-11-01 01:00:00,"0,0","0,0","0,0"
2030-11-01 02:00:00,"0,0","0,0","0,0"
2030-11-01 03:00:00,"0,0","0,0","0,0"
2030-11-01 04:00:00,"0,0","0,0","0,0"
2030-11-01 05:00:00,"0,0","0,0","0,0"
2030-11-01 06:00:00,"0,0","0,0","0,0"
2030-11-01 07:00:00,"0,0","0,0","0,0"
2030-11-01 08:00:00,"0,0","0,0","0,0"
2030-11-01 09:00:00,"0,0","0,0","0,0"
2030-11-01 10:00:00,"0,0","0,0","0,0"
2030-11-01 11:00:00,"288,0","0,0","288,0"
2030-11-01 12:00:00,"576,0","0,0","288,0"
2030-11-01 13:00:00,"864,0","0,0","288,0"
2030-11-01 14:00:00,"864,0","0,0","0,0"
2030-11-01 15:00:00,"864,0","0,0","0,0"
2030-11-01 16:00:00,"1152,0","0,0","288,0"
2030-11-01 17:00:00,"1152,0","0,0","0,0"
2030-11-01 18:00:00,"1152,0","0,0","0,0"
2030-11-01 19:00:00,"1152,0","0,0","0,0"
2030-11-01 20:00:00,"1440,0","0,0","288,0"
2030-11-01 21:00:00,"1728,0","0,0","288,0"
2030-11-01 22:00:00,"1728,0","0,0","0,0"
2030-11-01 23:00:00,"1728,0","0,0","0,0"
2030-11-02 00:00:00,"1864,0162944175297","0,0","136,01629441752976"
2030-11-02 01:00:00,"1864,0162944175297","0,0","0,0"
2030-11-02 02:00:00,"1864,0162944175297","0,0","0,0"
2030-11-02 03:00:00,"1864,0162944175297","0,0","0,0"
2030-11-02 04:00:00,"1864,0162944175297","0,0","0,0"
2030-11-02 05:00:00,"2152,01629441753","0,0","288,0"
2030-11-02 06:00:00,"2304,0","0,0","151,98370558247007"
2030-11-02 07:00:00,"2304,0","0,0","0,0"
2030-11-02 08:00:00,"2304,0","0,0","0,0"
2030-11-02 09:00:00,"2304,0","0,0","0,0"
2030-11-02 10:00:00,"2304,0","0,0","0,0"
2030-11-02 11:00:00,"2304,0","0,0","0,0"
2030-11-02 12:00:00,"2304,0","0,0","0,0"
2030-11-02 13:00:00,"2304,0","0,0","0,0"
2030-11-02 14:00:00,"2304,0","0,0","0,0"
2030-11-02 15:00:00,"2160,0","115,2","0,0"
2030-11-02 16:00:00,"1800,0","288,0","0,0"
2030-11-02 17:00:00,"1440,0","288,0","0,0"
2030-11-02 18:00:00,"1080,0","288,0","0,0"
2030-11-02 19:00:00,"720,0","288,0","0,0"
2030-11-02 20:00:00,"360,0","288,0","0,0"
2030-11-02 21:00:00,"0,0","288,0","0,0"
2030-11-02 22:00:00,"0,0","0,0","0,0"
2030-11-02 23:00:00,"0,0","0,0","0,0"
2030-11-03 00:00:00,"0,0","0,0","0,0"
2030-11-03 01:00:00,"0,0","0,0","0,0"
2030-11-03 02:00:00,"0,0","0,0","0,0"
2030-11-03 03:00:00,"0,0","0,0","0,0"
2030-11-03 04:00:00,"0,0","0,0","0,0"
2030-11-03 05:00:00,"0,0","0,0","0,0"
2030-11-03 06:00:00,"0,0","0,0","0,0"
2030-11-03 07:00:00,"0,0","0,0","0,0"
2030-11-03 08:00:00,"0,0","0,0","0,0"
2030-11-03 09:00:00,"0,0","0,0","0,0"
2030-11-03 10:00:00,"0,0","0,0","0,0"
2030-11-03 11:00:00,"288,0","0,0","288,0"
2030-11-03 12:00:00,"576,0","0,0","288,0"
2030-11-03 13:00:00,"864,0","0,0","288,0"
2030-11-03 14:00:00,"1152,0","0,0","288,0"
2030-11-03 15:00:00,"1440,0","0,0","288,0"
2030-11-03 16:00:00,"1440,0","0,0","0,0"
2030-11-03 17:00:00,"1440,0","0,0","0,0"
2030-11-03 18:00:00,"1440,0","0,0","0,0"
2030-11-03 19:00:00,"1440,0","0,0","0,0"
2030-11-03 20:00:00,"1440,0","0,0","0,0"
2030-11-03 21:00:00,"1440,0","0,0","0,0"
2030-11-03 22:00:00,"1728,0","0,0","288,0"
2030-11-03 23:00:00,"1728,0","0,0","0,0"
2030-11-04 00:00:00,"2016,0","0,0","288,0"
2030-11-04 01:00:00,"2016,0","0,0","0,0"
2030-11-04 02:00:00,"2304,0","0,0","288,0"
2030-11-04 03:00:00,"2304,0","0,0","0,0"
2030-11-04 04:00:00,"2304,0","0,0","0,0"
2030-11-04 05:00:00,"2304,0","0,0","0,0"
2030-11-04 06:00:00,"2304,0","0,0","0,0"
2030-11-04 07:00:00,"2304,0","0,0","0,0"
2030-11-04 08:00:00,"2304,0","0,0","0,0"
2030-11-04 09:00:00,"2304,0","0,0","0,0"
2030-11-04 10:00:00,"2304,0","0,0","0,0"
2030-11-04 11:00:00,"2304,0","0,0","0,0"
2030-11-04 12:00:00,"2304,0","0,0","0,0"
2030-11-04 13:00:00,"2304,0","0,0","0,0"
2030-11-04 14:00:00,"2304,0","0,0","0,0"
2030-11-04 15:00:00,"2063,783202302338","192,17343815812967","0,0"
2030-11-04 16:00:00,"1703,783202302338","288,0","0,0"
2030-11-04 17:00:00,"1343,783202302338","288,0","0,0"
2030-11-04 18:00:00,"983,7832023023379","288,0","0,0"
2030-11-04 19:00:00,"983,7832023023379","0,0","0,0"
2030-11-04 20:00:00,"655,0647075029018","262,9747958395489","0,0"
2030-11-04 21:00:00,"295,0647075029018","288,0","0,0"
2030-11-04 22:00:00,"0,0","236,05176600232144","0,0"
2030-11-04 23:00:00,"0,0","0,0","0,0"
2030-11-05 00:00:00,"0,0","0,0","0,0"
2030-11-05 01:00:00,"126,0173688405389","0,0","126,0173688405389"
2030-11-05 02:00:00,"126,0173688405389","0,0","0,0"
2030-11-05 03:00:00,"0,0","100,81389507243111","0,0"
2030-11-05 04:00:00,"0,0","0,0","0,0"
2030-11-05 05:00:00,"0,0","0,0","0,0"
2030-11-05 06:00:00,"0,0","0,0","0,0"
2030-11-05 07:00:00,"0,0","0,0","0,0"
2030-11-05 08:00:00,"288,0","0,0","288,0"
2030-11-05 09:00:00,"576,0","0,0","288,0"
2030-11-05 10:00:00,"864,0","0,0","288,0"
2030-11-05 11:00:00,"1152,0","0,0","288,0"
2030-11-05 12:00:00,"1440,0","0,0","288,0"
2030-11-05 13:00:00,"1728,0","0,0","288,0"
2030-11-05 14:00:00,"2016,0","0,0","288,0"
2030-11-05 15:00:00,"2304,0","0,0","288,0"
2030-11-05 16:00:00,"2304,0","0,0","0,0"
2030-11-05 17:00:00,"2304,0","0,0","0,0"
2030-11-05 18:00:00,"1944,0","288,0","0,0"
2030-11-05 19:00:00,"1816,353208135278","102,11743349177766","0,0"
2030-11-05 20:00:00,"1456,353208135278","288,0","0,0"
2030-11-05 21:00:00,"1113,7495200561689","274,0829504632873","0,0"
2030-11-05 22:00:00,"1113,7495200561689","0,0","0,0"
2030-11-05 23:00:00,"1113,7495200561689","0,0","0,0"
2030-11-06 00:00:00,"1113,7495200561689","0,0","0,0"
2030-11-06 01:00:00,"1113,7495200561689","0,0","0,0"
2030-11-06 02:00:00,"1113,7495200561689","0,0","0,0"
2030-11-06 03:00:00,"1113,7495200561689","0,0","0,0"
2030-11-06 04:00:00,"1113,7495200561689","0,0","0,0"
2030-11-06 05:00:00,"1401,7495200561689","0,0","288,0"
2030-11-06 06:00:00,"1041,7495200561689","288,0","0,0"
2030-11-06 07:00:00,"681,7495200561689","288,0","0,0"
2030-11-06 08:00:00,"681,7495200561689","0,0","0,0"
2030-11-06 09:00:00,"969,7495200561689","0,0","288,0"
2030-11-06 10:00:00,"1257,7495200561689","0,0","288,0"
2030-11-06 11:00:00,"1545,7495200561689","0,0","288,0"
2030-11-06 12:00:00,"1833,7495200561689","0,0","288,0"
2030-11-06 13:00:00,"2121,749520056169","0,0","288,0"
2030-11-06 14:00:00,"2304,0","0,0","182,25047994383095"
2030-11-06 15:00:00,"2304,0","0,0","0,0"
2030-11-06 16:00:00,"2304,0","0,0","0,0"
2030-11-06 17:00:00,"2304,0","0,0","0,0"
2030-11-06 18:00:00,"2304,0","0,0","0,0"
2030-11-06 19:00:00,"2304,0","0,0","0,0"
2030-11-06 20:00:00,"2304,0","0,0","0,0"
2030-11-06 21:00:00,"2304,0","0,0","0,0"
2030-11-06 22:00:00,"2304,0","0,0","0,0"
2030-11-06 23:00:00,"2304,0","0,0","0,0"
2030-11-07 00:00:00,"2304,0","0,0","0,0"
2030-11-07 01:00:00,"2304,0","0,0","0,0"
2030-11-07 02:00:00,"2304,0","0,0","0,0"
2030-11-07 03:00:00,"2304,0","0,0","0,0"
2030-11-07 04:00:00,"2304,0","0,0","0,0"
2030-11-07 05:00:00,"2304,0","0,0","0,0"
2030-11-07 06:00:00,"2304,0","0,0","0,0"
2030-11-07 07:00:00,"2304,0","0,0","0,0"
2030-11-07 08:00:00,"2304,0","0,0","0,0"
2030-11-07 09:00:00,"2304,0","0,0","0,0"
2030-11-07 10:00:00,"2304,0","0,0","0,0"
2030-11-07 11:00:00,"2304,0","0,0","0,0"
2030-11-07 12:00:00,"2304,0","0,0","0,0"
2030-11-07 13:00:00,"2304,0","0,0","0,0"
2030-11-07 14:00:00,"2304,0","0,0","0,0"
2030-11-07 15:00:00,"1944,0","288,0","0,0"
2030-11-07 16:00:00,"1584,0","288,0","0,0"
2030-11-07 17:00:00,"1224,0","288,0","0,0"
2030-11-07 18:00:00,"864,0","288,0","0,0"
2030-11-07 19:00:00,"864,0","0,0","0,0"
2030-11-07 20:00:00,"864,0","0,0","0,0"
2030-11-07 21:00:00,"864,0","0,0","0,0"
2030-11-07 22:00:00,"864,0","0,0","0,0"
2030-11-07 23:00:00,"1152,0","0,0","288,0"
2030-11-08 00:00:00,"1152,0","0,0","0,0"
2030-11-08 01:00:00,"1440,0","0,0","288,0"
2030-11-08 02:00:00,"1728,0","0,0","288,0"
2030-11-08 03:00:00,"2016,0","0,0","288,0"
2030-11-08 04:00:00,"2304,0","0,0","288,0"
2030-11-08 05:00:00,"2304,0","0,0","0,0"
2030-11-08 06:00:00,"1944,0","288,0","0,0"
2030-11-08 07:00:00,"1584,0","288,0","0,0"
2030-11-08 08:00:00,"1224,0","288,0","0,0"
2030-11-08 09:00:00,"1224,0","0,0","0,0"
2030-11-08 10:00:00,"1224,0","0,0","0,0"
2030-11-08 11:00:00,"1224,0","0,0","0,0"
2030-11-08 12:00:00,"1224,0","0,0","0,0"
2030-11-08 13:00:00,"1224,0","0,0","0,0"
2030-11-08 14:00:00,"1224,0","0,0","0,0"
2030-11-08 15:00:00,"864,0","288,0","0,0"
2030-11-08 16:00:00,"504,0","288,0","0,0"
2030-11-08 17:00:00,"144,0","288,0","0,0"
2030-11-08 18:00:00,"0,0","115,2","0,0"
2030-11-08 19:00:00,"0,0","0,0","0,0"
2030-11-08 20:00:00,"0,0","0,0","0,0"
2030-11-08 21:00:00,"0,0","0,0","0,0"
2030-11-08 22:00:00,"0,0","0,0","0,0"
2030-11-08 23:00:00,"0,0","0,0","0,0"
2030-11-09 00:00:00,"0,0","0,0","0,0"
2030-11-09 01:00:00,"0,0","0,0","0,0"
2030-11-09 02:00:00,"0,0","0,0","0,0"
2030-11-09 03:00:00,"0,0","0,0","0,0"
2030-11-09 04:00:00,"0,0","0,0","0,0"
2030-11-09 05:00:00,"0,0","0,0","0,0"
2030-11-09 06:00:00,"0,0","0,0","0,0"
2030-11-09 07:00:00,"0,0","0,0","0,0"
2030-11-09 08:00:00,"0,0","0,0","0,0"
2030-11-09 09:00:00,"0,0","0,0","0,0"
2030-11-09 10:00:00,"0,0","0,0","0,0"
2030-11-09 11:00:00,"0,0","0,0","0,0"
2030-11-09 12:00:00,"288,0","0,0","288,0"
2030-11-09 13:00:00,"576,0","0,0","288,0"
2030-11-09 14:00:00,"864,0","0,0","288,0"
2030-11-09 15:00:00,"1152,0","0,0","288,0"
2030-11-09 16:00:00,"1152,0","0,0","0,0"
2030-11-09 17:00:00,"1152,0","0,0","0,0"
2030-11-09 18:00:00,"1152,0","0,0","0,0"
2030-11-09 19:00:00,"1423,5348097799624","0,0","271,5348097799624"
2030-11-09 20:00:00,"1423,5348097799624","0,0","0,0"
2030-11-09 21:00:00,"1423,5348097799624","0,0","0,0"
2030-11-09 22:00:00,"1423,5348097799624","0,0","0,0"
2030-11-09 23:00:00,"1423,5348097799624","0,0","0,0"
2030-11-10 00:00:00,"1423,5348097799624","0,0","0,0"
2030-11-10 01:00:00,"1423,5348097799624","0,0","0,0"
2030-11-10 02:00:00,"1423,5348097799624","0,0","0,0"
2030-11-10 03:00:00,"1423,5348097799624","0,0","0,0"
2030-11-10 04:00:00,"1423,5348097799624","0,0","0,0"
2030-11-10 05:00:00,"1423,5348097799624","0,0","0,0"
2030-11-10 06:00:00,"1423,5348097799624","0,0","0,0"
2030-11-10 07:00:00,"1423,5348097799624","0,0","0,0"
2030-11-10 08:00:00,"1423,5348097799624","0,0","0,0"
2030-11-10 09:00:00,"1423,5348097799624","0,0","0,0"
2030-11-10 10:00:00,"1423,5348097799624","0,0","0,0"
2030-11-10 11:00:00,"1423,5348097799624","0,0","0,0"
2030-11-10 12:00:00,"1423,5348097799624","0,0","0,0"
2030-11-10 13:00:00,"1423,5348097799624","0,0","0,0"
2030-11-10 14:00:00,"1423,5348097799624","0,0","0,0"
2030-11-10 15:00:00,"1423,5348097799624","0,0","0,0"
2030-11-10 16:00:00,"1063,5348097799624","288,0","0,0"
2030-11-10 17:00:00,"703,5348097799624","288,0","0,0"
2030-11-10 18:00:00,"343,5348097799624","288,0","0,0"
2030-11-10 19:00:00,"343,5348097799624","0,0","0,0"
2030-11-10 20:00:00,"0,0","274,82784782396993","0,0"
2030-11-10 21:00:00,"0,0","0,0","0,0"
2030-11-10 22:00:00,"0,0","0,0","0,0"
2030-11-10 23:00:00,"288,0","0,0","288,0"
2030-11-11 00:00:00,"576,0","0,0","288,0"
2030-11-11 01:00:00,"862,0394453251931","0,0","286,0394453251931"
2030-11-11 02:00:00,"1150,0394453251931","0,0","288,0"
2030-11-11 03:00:00,"1438,0394453251931","0,0","288,0"
2030-11-11 04:00:00,"1726,0394453251931","0,0","288,0"
2030-11-11 05:00:00,"2014,0394453251931","0,0","288,0"
2030-11-11 06:00:00,"2014,0394453251931","0,0","0,0"
2030-11-11 07:00:00,"1728,0","228,8315562601545","0,0"
2030-11-11 08:00:00,"1728,0","0,0","0,0"
2030-11-11 09:00:00,"1728,0","0,0","0,0"
2030-11-11 10:00:00,"1728,0","0,0","0,0"
2030-11-11 11:00:00,"2016,0","0,0","288,0"
2030-11-11 12:00:00,"2304,0","0,0","288,0"
2030-11-11 13:00:00,"2304,0","0,0","0,0"
2030-11-11 14:00:00,"2304,0","0,0","0,0"
2030-11-11 15:00:00,"2304,0","0,0","0,0"
2030-11-11 16:00:00,"2304,0","0,0","0,0"
2030-11-11 17:00:00,"2304,0","0,0","0,0"
2030-11-11 18:00:00,"2160,0","115,2","0,0"
2030-11-11 19:00:00,"1800,0","288,0","0,0"
2030-11-11 20:00:00,"1440,0","288,0","0,0"
2030-11-11 21:00:00,"1440,0","0,0","0,0"
2030-11-11 22:00:00,"1440,0","0,0","0,0"
2030-11-11 23:00:00,"1440,0","0,0","0,0"
2030-11-12 00:00:00,"1440,0","0,0","0,0"
2030-11-12 01:00:00,"1440,0","0,0","0,0"
2030-11-12 02:00:00,"1440,0","0,0","0,0"
2030-11-12 03:00:00,"1440,0","0,0","0,0"
2030-11-12 04:00:00,"1440,0","0,0","0,0"
2030-11-12 05:00:00,"1440,0","0,0","0,0"
2030-11-12 06:00:00,"1080,0","288,0","0,0"
2030-11-12 07:00:00,"720,0","288,0","0,0"
2030-11-12 08:00:00,"360,0","288,0","0,0"
2030-11-12 09:00:00,"0,0","288,0","0,0"
2030-11-12 10:00:00,"0,0","0,0","0,0"
2030-11-12 11:00:00,"0,0","0,0","0,0"
2030-11-12 12:00:00,"0,0","0,0","0,0"
2030-11-12 13:00:00,"288,0","0,0","288,0"
2030-11-12 14:00:00,"288,0","0,0","0,0"
2030-11-12 15:00:00,"288,0","0,0","0,0"
2030-11-12 16:00:00,"0,0","230,4","0,0"
2030-11-12 17:00:00,"0,0","0,0","0,0"
2030-11-12 18:00:00,"0,0","0,0","0,0"
2030-11-12 19:00:00,"0,0","0,0","0,0"
2030-11-12 20:00:00,"0,0","0,0","0,0"
2030-11-12 21:00:00,"0,0","0,0","0,0"
2030-11-12 22:00:00,"288,0","0,0","288,0"
2030-11-12 23:00:00,"576,0","0,0","288,0"
2030-11-13 00:00:00,"864,0","0,0","288,0"
2030-11-13 01:00:00,"1152,0","0,0","288,0"
2030-11-13 02:00:00,"1440,0","0,0","288,0"
2030-11-13 03:00:00,"1440,0","0,0","0,0"
2030-11-13 04:00:00,"1440,0","0,0","0,0"
2030-11-13 05:00:00,"1440,0","0,0","0,0"
2030-11-13 06:00:00,"1080,0","288,0","0,0"
2030-11-13 07:00:00,"720,0","288,0","0,0"
2030-11-13 08:00:00,"360,0","288,0","0,0"
2030-11-13 09:00:00,"0,0","288,0","0,0"
2030-11-13 10:00:00,"0,0","0,0","0,0"
2030-11-13 11:00:00,"0,0","0,0","0,0"
2030-11-13 12:00:00,"0,0","0,0","0,0"
2030-11-13 13:00:00,"0,0","0,0","0,0"
2030-11-13 14:00:00,"288,0","0,0","288,0"
2030-11-13 15:00:00,"576,0","0,0","288,0"
2030-11-13 16:00:00,"576,0","0,0","0,0"
2030-11-13 17:00:00,"576,0","0,0","0,0"
2030-11-13 18:00:00,"576,0","0,0","0,0"
2030-11-13 19:00:00,"864,0","0,0","288,0"
2030-11-13 20:00:00,"1152,0","0,0","288,0"
2030-11-13 21:00:00,"1152,0","0,0","0,0"
2030-11-13 22:00:00,"1152,0","0,0","0,0"
2030-11-13 23:00:00,"1152,0","0,0","0,0"
2030-11-14 00:00:00,"1152,0","0,0","0,0"
2030-11-14 01:00:00,"1440,0","0,0","288,0"
2030-11-14 02:00:00,"1728,0","0,0","288,0"
2030-11-14 03:00:00,"2016,0","0,0","288,0"
2030-11-14 04:00:00,"2304,0","0,0","288,0"
2030-11-14 05:00:00,"2304,0","0,0","0,0"
2030-11-14 06:00:00,"2304,0","0,0","0,0"
2030-11-14 07:00:00,"2304,0","0,0","0,0"
2030-11-14 08:00:00,"2304,0","0,0","0,0"
2030-11-14 09:00:00,"2304,0","0,0","0,0"
2030-11-14 10:00:00,"2304,0","0,0","0,0"
2030-11-14 11:00:00,"2304,0","0,0","0,0"
2030-11-14 12:00:00,"2304,0","0,0","0,0"
2030-11-14 13:00:00,"2304,0","0,0","0,0"
2030-11-14 14:00:00,"2304,0","0,0","0,0"
2030-11-14 15:00:00,"2304,0","0,0","0,0"
2030-11-14 16:00:00,"2304,0","0,0","0,0"
2030-11-14 17:00:00,"2304,0","0,0","0,0"
2030-11-14 18:00:00,"2304,0","0,0","0,0"
2030-11-14 19:00:00,"2304,0","0,0","0,0"
2030-11-14 20:00:00,"2304,0","0,0","0,0"
2030-11-14 21:00:00,"2304,0","0,0","0,0"
2030-11-14 22:00:00,"2304,0","0,0","0,0"
2030-11-14 23:00:00,"2304,0","0,0","0,0"
2030-11-15 00:00:00,"2304,0","0,0","0,0"
2030-11-15 01:00:00,"2304,0","0,0","0,0"
2030-11-15 02:00:00,"2304,0","0,0","0,0"
2030-11-15 03:00:00,"2304,0","0,0","0,0"
2030-11-15 04:00:00,"2304,0","0,0","0,0"
2030-11-15 05:00:00,"2304,0","0,0","0,0"
2030-11-15 06:00:00,"2304,0","0,0","0,0"
2030-11-15 07:00:00,"1944,0","288,0","0,0"
2030-11-15 08:00:00,"1800,0","115,2","0,0"
2030-11-15 09:00:00,"1800,0","0,0","0,0"
2030-11-15 10:00:00,"1800,0","0,0","0,0"
2030-11-15 11:00:00,"1800,0","0,0","0,0"
2030-11-15 12:00:00,"1800,0","0,0","0,0"
2030-11-15 13:00:00,"1800,0","0,0","0,0"
2030-11-15 14:00:00,"1440,0","288,0","0,0"
2030-11-15 15:00:00,"1080,0","288,0","0,0"
2030-11-15 16:00:00,"720,0","288,0","0,0"
2030-11-15 17:00:00,"360,0","288,0","0,0"
2030-11-15 18:00:00,"0,0","288,0","0,0"
2030-11-15 19:00:00,"0,0","0,0","0,0"
2030-11-15 20:00:00,"0,0","0,0","0,0"
2030-11-15 21:00:00,"0,0","0,0","0,0"
2030-11-15 22:00:00,"0,0","0,0","0,0"
2030-11-15 23:00:00,"0,0","0,0","0,0"
2030-11-16 00:00:00,"0,0","0,0","0,0"
2030-11-16 01:00:00,"0,0","0,0","0,0"
2030-11-16 02:00:00,"288,0","0,0","288,0"
2030-11-16 03:00:00,"576,0","0,0","288,0"
2030-11-16 04:00:00,"576,0","0,0","0,0"
2030-11-16 05:00:00,"576,0","0,0","0,0"
2030-11-16 06:00:00,"576,0","0,0","0,0"
2030-11-16 07:00:00,"576,0","0,0","0,0"
2030-11-16 08:00:00,"327,70158524959476","198,6387318003242","0,0"
2030-11-16 09:00:00,"0,0","262,1612681996758","0,0"
2030-11-16 10:00:00,"0,0","0,0","0,0"
2030-11-16 11:00:00,"0,0","0,0","0,0"
2030-11-16 12:00:00,"0,0","0,0","0,0"
2030-11-16 13:00:00,"0,0","0,0","0,0"
2030-11-16 14:00:00,"0,0","0,0","0,0"
2030-11-16 15:00:00,"0,0","0,0","0,0"
2030-11-16 16:00:00,"0,0","0,0","0,0"
2030-11-16 17:00:00,"0,0","0,0","0,0"
2030-11-16 18:00:00,"0,0","0,0","0,0"
2030-11-16 19:00:00,"0,0","0,0","0,0"
2030-11-16 20:00:00,"0,0","0,0","0,0"
2030-11-16 21:00:00,"0,0","0,0","0,0"
2030-11-16 22:00:00,"0,0","0,0","0,0"
2030-11-16 23:00:00,"0,0","0,0","0,0"
2030-11-17 00:00:00,"0,0","0,0","0,0"
2030-11-17 01:00:00,"288,0","0,0","288,0"
2030-11-17 02:00:00,"288,0","0,0","0,0"
2030-11-17 03:00:00,"576,0","0,0","288,0"
2030-11-17 04:00:00,"864,0","0,0","288,0"
2030-11-17 05:00:00,"864,0","0,0","0,0"
2030-11-17 06:00:00,"864,0","0,0","0,0"
2030-11-17 07:00:00,"864,0","0,0","0,0"
2030-11-17 08:00:00,"864,0","0,0","0,0"
2030-11-17 09:00:00,"504,0","288,0","0,0"
2030-11-17 10:00:00,"360,0","115,2","0,0"
2030-11-17 11:00:00,"0,0","288,0","0,0"
2030-11-17 12:00:00,"0,0","0,0","0,0"
2030-11-17 13:00:00,"0,0","0,0","0,0"
2030-11-17 14:00:00,"288,0","0,0","288,0"
2030-11-17 15:00:00,"288,0","0,0","0,0"
2030-11-17 16:00:00,"288,0","0,0","0,0"
2030-11-17 17:00:00,"0,0","230,4","0,0"
2030-11-17 18:00:00,"0,0","0,0","0,0"
2030-11-17 19:00:00,"0,0","0,0","0,0"
2030-11-17 20:00:00,"0,0","0,0","0,0"
2030-11-17 21:00:00,"0,0","0,0","0,0"
2030-11-17 22:00:00,"0,0","0,0","0,0"
2030-11-17 23:00:00,"288,0","0,0","288,0"
2030-11-18 00:00:00,"576,0","0,0","288,0"
2030-11-18 01:00:00,"864,0","0,0","288,0"
2030-11-18 02:00:00,"1152,0","0,0","288,0"
2030-11-18 03:00:00,"1152,0","0,0","0,0"
2030-11-18 04:00:00,"1152,0","0,0","0,0"
2030-11-18 05:00:00,"1440,0","0,0","288,0"
2030-11-18 06:00:00,"1728,0","0,0","288,0"
2030-11-18 07:00:00,"1368,0","288,0","0,0"
2030-11-18 08:00:00,"1656,0","0,0","288,0"
2030-11-18 09:00:00,"1656,0","0,0","0,0"
2030-11-18 10:00:00,"1656,0","0,0","0,0"
2030-11-18 11:00:00,"1656,0","0,0","0,0"
2030-11-18 12:00:00,"1656,0","0,0","0,0"
2030-11-18 13:00:00,"1656,0","0,0","0,0"
2030-11-18 14:00:00,"1656,0","0,0","0,0"
2030-11-18 15:00:00,"1656,0","0,0","0,0"
2030-11-18 16:00:00,"1656,0","0,0","0,0"
2030-11-18 17:00:00,"1656,0","0,0","0,0"
2030-11-18 18:00:00,"1656,0","0,0","0,0"
2030-11-18 19:00:00,"1656,0","0,0","0,0"
2030-11-18 20:00:00,"1656,0","0,0","0,0"
2030-11-18 21:00:00,"1656,0","0,0","0,0"
2030-11-18 22:00:00,"1656,0","0,0","0,0"
2030-11-18 23:00:00,"1467,8685244889634","150,50518040882926","0,0"
2030-11-19 00:00:00,"1728,0","0,0","260,13147551103657"
2030-11-19 01:00:00,"2016,0","0,0","288,0"
2030-11-19 02:00:00,"2304,0","0,0","288,0"
2030-11-19 03:00:00,"2304,0","0,0","0,0"
2030-11-19 04:00:00,"2304,0","0,0","0,0"
2030-11-19 05:00:00,"2304,0","0,0","0,0"
2030-11-19 06:00:00,"2304,0","0,0","0,0"
2030-11-19 07:00:00,"2304,0","0,0","0,0"
2030-11-19 08:00:00,"2304,0","0,0","0,0"
2030-11-19 09:00:00,"2304,0","0,0","0,0"
2030-11-19 10:00:00,"2304,0","0,0","0,0"
2030-11-19 11:00:00,"2304,0","0,0","0,0"
2030-11-19 12:00:00,"2304,0","0,0","0,0"
2030-11-19 13:00:00,"2304,0","0,0","0,0"
2030-11-19 14:00:00,"2304,0","0,0","0,0"
2030-11-19 15:00:00,"2304,0","0,0","0,0"
2030-11-19 16:00:00,"1944,0","288,0","0,0"
2030-11-19 17:00:00,"1584,0","288,0","0,0"
2030-11-19 18:00:00,"1224,0","288,0","0,0"
2030-11-19 19:00:00,"864,0","288,0","0,0"
2030-11-19 20:00:00,"1152,0","0,0","288,0"
2030-11-19 21:00:00,"1440,0","0,0","288,0"
2030-11-19 22:00:00,"1440,0","0,0","0,0"
2030-11-19 23:00:00,"1728,0","0,0","288,0"
2030-11-20 00:00:00,"1728,0","0,0","0,0"
2030-11-20 01:00:00,"2016,0","0,0","288,0"
2030-11-20 02:00:00,"2304,0","0,0","288,0"
2030-11-20 03:00:00,"2304,0","0,0","0,0"
2030-11-20 04:00:00,"2304,0","0,0","0,0"
2030-11-20 05:00:00,"1944,0","288,0","0,0"
2030-11-20 06:00:00,"1584,0","288,0","0,0"
2030-11-20 07:00:00,"1224,0","288,0","0,0"
2030-11-20 08:00:00,"864,0","288,0","0,0"
2030-11-20 09:00:00,"1152,0","0,0","288,0"
2030-11-20 10:00:00,"1440,0","0,0","288,0"
2030-11-20 11:00:00,"1728,0","0,0","288,0"
2030-11-20 12:00:00,"2016,0","0,0","288,0"
2030-11-20 13:00:00,"2304,0","0,0","288,0"
2030-11-20 14:00:00,"2304,0","0,0","0,0"
2030-11-20 15:00:00,"2304,0","0,0","0,0"
2030-11-20 16:00:00,"2304,0","0,0","0,0"
2030-11-20 17:00:00,"2304,0","0,0","0,0"
2030-11-20 18:00:00,"2304,0","0,0","0,0"
2030-11-20 19:00:00,"2304,0","0,0","0,0"
2030-11-20 20:00:00,"2175,2950294868224","102,96397641054209","0,0"
2030-11-20 21:00:00,"2175,2950294868224","0,0","0,0"
2030-11-20 22:00:00,"2175,2950294868224","0,0","0,0"
2030-11-20 23:00:00,"2175,2950294868224","0,0","0,0"
2030-11-21 00:00:00,"2175,2950294868224","0,0","0,0"
2030-11-21 01:00:00,"2175,2950294868224","0,0","0,0"
2030-11-21 02:00:00,"2175,2950294868224","0,0","0,0"
2030-11-21 03:00:00,"2175,2950294868224","0,0","0,0"
2030-11-21 04:00:00,"2175,2950294868224","0,0","0,0"
2030-11-21 05:00:00,"2304,0","0,0","128,7049705131775"
2030-11-21 06:00:00,"2304,0","0,0","0,0"
2030-11-21 07:00:00,"2000,335921551171","242,93126275906315","0,0"
2030-11-21 08:00:00,"1640,335921551171","288,0","0,0"
2030-11-21 09:00:00,"1280,335921551171","288,0","0,0"
2030-11-21 10:00:00,"1280,335921551171","0,0","0,0"
2030-11-21 11:00:00,"1280,335921551171","0,0","0,0"
2030-11-21 12:00:00,"1280,335921551171","0,0","0,0"
2030-11-21 13:00:00,"1280,335921551171","0,0","0,0"
2030-11-21 14:00:00,"920,3359215511709","288,0","0,0"
2030-11-21 15:00:00,"560,3359215511709","288,0","0,0"
2030-11-21 16:00:00,"200,33592155117094","288,0","0,0"
2030-11-21 17:00:00,"0,0","160,26873724093676","0,0"
2030-11-21 18:00:00,"0,0","0,0","0,0"
2030-11-21 19:00:00,"0,0","0,0","0,0"
2030-11-21 20:00:00,"0,0","0,0","0,0"
2030-11-21 21:00:00,"0,0","0,0","0,0"
2030-11-21 22:00:00,"0,0","0,0","0,0"
2030-11-21 23:00:00,"0,0","0,0","0,0"
2030-11-22 00:00:00,"0,0","0,0","0,0"
2030-11-22 01:00:00,"0,0","0,0","0,0"
2030-11-22 02:00:00,"288,0","0,0","288,0"
2030-11-22 03:00:00,"288,0","0,0","0,0"
2030-11-22 04:00:00,"576,0","0,0","288,0"
2030-11-22 05:00:00,"576,0","0,0","0,0"
2030-11-22 06:00:00,"576,0","0,0","0,0"
2030-11-22 07:00:00,"216,0","288,0","0,0"
2030-11-22 08:00:00,"0,0","172,8","0,0"
2030-11-22 09:00:00,"0,0","0,0","0,0"
2030-11-22 10:00:00,"0,0","0,0","0,0"
2030-11-22 11:00:00,"0,0","0,0","0,0"
2030-11-22 12:00:00,"0,0","0,0","0,0"
2030-11-22 13:00:00,"158,4457429554207","0,0","158,4457429554207"
2030-11-22 14:00:00,"446,4457429554207","0,0","288,0"
2030-11-22 15:00:00,"446,4457429554207","0,0","0,0"
2030-11-22 16:00:00,"264,8691399740346","145,26128238510887","0,0"
2030-11-22 17:00:00,"0,0","211,8953119792277","0,0"
2030-11-22 18:00:00,"0,0","0,0","0,0"
2030-11-22 19:00:00,"0,0","0,0","0,0"
2030-11-22 20:00:00,"0,0","0,0","0,0"
2030-11-22 21:00:00,"0,0","0,0","0,0"
2030-11-22 22:00:00,"0,0","0,0","0,0"
2030-11-22 23:00:00,"0,0","0,0","0,0"
2030-11-23 00:00:00,"0,0","230,4","288,0"
2030-11-23 01:00:00,"288,0","0,0","288,0"
2030-11-23 02:00:00,"576,0","0,0","288,0"
2030-11-23 03:00:00,"504,0","288,0","288,0"
2030-11-23 04:00:00,"792,0","0,0","288,0"
2030-11-23 05:00:00,"1080,0","0,0","288,0"
2030-11-23 06:00:00,"1368,0","0,0","288,0"
2030-11-23 07:00:00,"1656,0","0,0","288,0"
2030-11-23 08:00:00,"1584,0","288,0","288,0"
2030-11-23 09:00:00,"1872,0","0,0","288,0"
2030-11-23 10:00:00,"2160,0","0,0","288,0"
2030-11-23 11:00:00,"1800,0","288,0","0,0"
2030-11-23 12:00:00,"1440,0","288,0","0,0"
2030-11-23 13:00:00,"1728,0","0,0","288,0"
2030-11-23 14:00:00,"2016,0","0,0","288,0"
2030-11-23 15:00:00,"1656,0","288,0","0,0"
2030-11-23 16:00:00,"1296,0","288,0","0,0"
2030-11-23 17:00:00,"936,0","288,0","0,0"
2030-11-23 18:00:00,"576,0","288,0","0,0"
2030-11-23 19:00:00,"216,0","288,0","0,0"
2030-11-23 20:00:00,"504,0","0,0","288,0"
2030-11-23 21:00:00,"432,0","288,0","288,0"
2030-11-23 22:00:00,"720,0","0,0","288,0"
2030-11-23 23:00:00,"1008,0","0,0","288,0"
2030-11-24 00:00:00,"936,0","288,0","288,0"
2030-11-24 01:00:00,"864,0","288,0","288,0"
2030-11-24 02:00:00,"1152,0","0,0","288,0"
2030-11-24 03:00:00,"1440,0","0,0","288,0"
2030-11-24 04:00:00,"1728,0","0,0","288,0"
2030-11-24 05:00:00,"2016,0","0,0","288,0"
2030-11-24 06:00:00,"2304,0","0,0","288,0"
2030-11-24 07:00:00,"2232,0","288,0","288,0"
2030-11-24 08:00:00,"2160,0","288,0","288,0"
2030-11-24 09:00:00,"2088,0","288,0","288,0"
2030-11-24 10:00:00,"2304,0","57,6","288,0"
2030-11-24 11:00:00,"2232,0","288,0","288,0"
2030-11-24 12:00:00,"2304,0","172,8","288,0"
2030-11-24 13:00:00,"2304,0","0,0","0,0"
2030-11-24 14:00:00,"2304,0","0,0","0,0"
2030-11-24 15:00:00,"2088,0","172,8","0,0"
2030-11-24 16:00:00,"1728,0","288,0","0,0"
2030-11-24 17:00:00,"1728,0","0,0","0,0"
2030-11-24 18:00:00,"1728,0","0,0","0,0"
2030-11-24 19:00:00,"1728,0","0,0","0,0"
2030-11-24 20:00:00,"1728,0","0,0","0,0"
2030-11-24 21:00:00,"1728,0","0,0","0,0"
2030-11-24 22:00:00,"1728,0","0,0","0,0"
2030-11-24 23:00:00,"1728,0","0,0","0,0"
2030-11-25 00:00:00,"1728,0","0,0","0,0"
2030-11-25 01:00:00,"1728,0","0,0","0,0"
2030-11-25 02:00:00,"1728,0","0,0","0,0"
2030-11-25 03:00:00,"1728,0","0,0","0,0"
2030-11-25 04:00:00,"1728,0","0,0","0,0"
2030-11-25 05:00:00,"2016,0","0,0","288,0"
2030-11-25 06:00:00,"2304,0","0,0","288,0"
2030-11-25 07:00:00,"2304,0","0,0","0,0"
2030-11-25 08:00:00,"2304,0","0,0","0,0"
2030-11-25 09:00:00,"2304,0","0,0","0,0"
2030-11-25 10:00:00,"2304,0","0,0","0,0"
2030-11-25 11:00:00,"2304,0","0,0","0,0"
2030-11-25 12:00:00,"2304,0","0,0","0,0"
2030-11-25 13:00:00,"2283,8190800233015","16,144735981358828","0,0"
2030-11-25 14:00:00,"2304,0","0,0","20,18091997669859"
2030-11-25 15:00:00,"2304,0","0,0","0,0"
2030-11-25 16:00:00,"2304,0","0,0","0,0"
2030-11-25 17:00:00,"2304,0","0,0","0,0"
2030-11-25 18:00:00,"2304,0","0,0","0,0"
2030-11-25 19:00:00,"2304,0","0,0","0,0"
2030-11-25 20:00:00,"2304,0","0,0","0,0"
2030-11-25 21:00:00,"2304,0","0,0","0,0"
2030-11-25 22:00:00,"2304,0","0,0","0,0"
2030-11-25 23:00:00,"2304,0","0,0","0,0"
2030-11-26 00:00:00,"2304,0","0,0","0,0"
2030-11-26 01:00:00,"2304,0","0,0","0,0"
2030-11-26 02:00:00,"2304,0","0,0","0,0"
2030-11-26 03:00:00,"2304,0","0,0","0,0"
2030-11-26 04:00:00,"2304,0","0,0","0,0"
2030-11-26 05:00:00,"2304,0","0,0","0,0"
2030-11-26 06:00:00,"2304,0","0,0","0,0"
2030-11-26 07:00:00,"2304,0","0,0","0,0"
2030-11-26 08:00:00,"2304,0","0,0","0,0"
2030-11-26 09:00:00,"2304,0","0,0","0,0"
2030-11-26 10:00:00,"2304,0","0,0","0,0"
2030-11-26 11:00:00,"2304,0","0,0","0,0"
2030-11-26 12:00:00,"2304,0","0,0","0,0"
2030-11-26 13:00:00,"2304,0","0,0","0,0"
2030-11-26 14:00:00,"2304,0","0,0","0,0"
2030-11-26 15:00:00,"2304,0","0,0","0,0"
2030-11-26 16:00:00,"2304,0","0,0","0,0"
2030-11-26 17:00:00,"2304,0","0,0","0,0"
2030-11-26 18:00:00,"2304,0","0,0","0,0"
2030-11-26 19:00:00,"2304,0","0,0","0,0"
2030-11-26 20:00:00,"2304,0","0,0","0,0"
2030-11-26 21:00:00,"2304,0","0,0","0,0"
2030-11-26 22:00:00,"2304,0","0,0","0,0"
2030-11-26 23:00:00,"2304,0","0,0","0,0"
2030-11-27 00:00:00,"2304,0","0,0","0,0"
2030-11-27 01:00:00,"2304,0","0,0","0,0"
2030-11-27 02:00:00,"2304,0","0,0","0,0"
2030-11-27 03:00:00,"2304,0","0,0","0,0"
2030-11-27 04:00:00,"2304,0","0,0","0,0"
2030-11-27 05:00:00,"1944,0","288,0","0,0"
2030-11-27 06:00:00,"1584,0","288,0","0,0"
2030-11-27 07:00:00,"1224,0","288,0","0,0"
2030-11-27 08:00:00,"864,0","288,0","0,0"
2030-11-27 09:00:00,"504,0","288,0","0,0"
2030-11-27 10:00:00,"792,0","0,0","288,0"
2030-11-27 11:00:00,"1080,0","0,0","288,0"
2030-11-27 12:00:00,"1368,0","0,0","288,0"
2030-11-27 13:00:00,"1656,0","0,0","288,0"
2030-11-27 14:00:00,"1944,0","0,0","288,0"
2030-11-27 15:00:00,"2232,0","0,0","288,0"
2030-11-27 16:00:00,"2304,0","0,0","72,0"
2030-11-27 17:00:00,"1944,0","288,0","0,0"
2030-11-27 18:00:00,"1584,0","288,0","0,0"
2030-11-27 19:00:00,"1224,0","288,0","0,0"
2030-11-27 20:00:00,"864,0","288,0","0,0"
2030-11-27 21:00:00,"504,0","288,0","0,0"
2030-11-27 22:00:00,"792,0","0,0","288,0"
2030-11-27 23:00:00,"1080,0","0,0","288,0"
2030-11-28 00:00:00,"1368,0","0,0","288,0"
2030-11-28 01:00:00,"1656,0","0,0","288,0"
2030-11-28 02:00:00,"1944,0","0,0","288,0"
2030-11-28 03:00:00,"2232,0","0,0","288,0"
2030-11-28 04:00:00,"1872,0","288,0","0,0"
2030-11-28 05:00:00,"1512,0","288,0","0,0"
2030-11-28 06:00:00,"1152,0","288,0","0,0"
2030-11-28 07:00:00,"792,0","288,0","0,0"
2030-11-28 08:00:00,"432,0","288,0","0,0"
2030-11-28 09:00:00,"576,0","0,0","144,0"
2030-11-28 10:00:00,"864,0","0,0","288,0"
2030-11-28 11:00:00,"1152,0","0,0","288,0"
2030-11-28 12:00:00,"1440,0","0,0","288,0"
2030-11-28 13:00:00,"1728,0","0,0","288,0"
2030-11-28 14:00:00,"2016,0","0,0","288,0"
2030-11-28 15:00:00,"2304,0","0,0","288,0"
2030-11-28 16:00:00,"2304,0","0,0","0,0"
2030-11-28 17:00:00,"2304,0","0,0","0,0"
2030-11-28 18:00:00,"2304,0","0,0","0,0"
2030-11-28 19:00:00,"2304,0","0,0","0,0"
2030-11-28 20:00:00,"2186,614023070657","93,90878154347448","0,0"
2030-11-28 21:00:00,"2186,614023070657","0,0","0,0"
2030-11-28 22:00:00,"2186,614023070657","0,0","0,0"
2030-11-28 23:00:00,"2016,0","136,49121845652567","0,0"
2030-11-29 00:00:00,"2016,0","0,0","0,0"
2030-11-29 01:00:00,"2304,0","0,0","288,0"
2030-11-29 02:00:00,"2304,0","0,0","0,0"
2030-11-29 03:00:00,"2304,0","0,0","0,0"
2030-11-29 04:00:00,"2304,0","0,0","0,0"
2030-11-29 05:00:00,"2304,0","0,0","0,0"
2030-11-29 06:00:00,"2304,0","0,0","0,0"
2030-11-29 07:00:00,"2304,0","0,0","0,0"
2030-11-29 08:00:00,"1944,0","288,0","0,0"
2030-11-29 09:00:00,"1944,0","0,0","0,0"
2030-11-29 10:00:00,"1944,0","0,0","0,0"
2030-11-29 11:00:00,"1944,0","0,0","0,0"
2030-11-29 12:00:00,"1944,0","0,0","0,0"
2030-11-29 13:00:00,"2232,0","0,0","288,0"
2030-11-29 14:00:00,"2304,0","0,0","72,0"
2030-11-29 15:00:00,"2304,0","0,0","0,0"
2030-11-29 16:00:00,"2304,0","0,0","0,0"
2030-11-29 17:00:00,"1944,0","288,0","0,0"
2030-11-29 18:00:00,"1728,0","172,8","0,0"
2030-11-29 19:00:00,"1728,0","0,0","0,0"
2030-11-29 20:00:00,"1728,0","0,0","0,0"
2030-11-29 21:00:00,"1728,0","0,0","0,0"
2030-11-29 22:00:00,"1728,0","0,0","0,0"
2030-11-29 23:00:00,"1728,0","0,0","0,0"
2030-11-30 00:00:00,"1728,0","0,0","0,0"
2030-11-30 01:00:00,"1728,0","0,0","0,0"
2030-11-30 02:00:00,"1728,0","0,0","0,0"
2030-11-30 03:00:00,"1728,0","0,0","0,0"
2030-11-30 04:00:00,"1728,0","0,0","0,0"
2030-11-30 05:00:00,"1728,0","0,0","0,0"
2030-11-30 06:00:00,"1728,0","0,0","0,0"
2030-11-30 07:00:00,"1728,0","0,0","0,0"
2030-11-30 08:00:00,"2016,0","0,0","288,0"
2030-11-30 09:00:00,"2304,0","0,0","288,0"
2030-11-30 10:00:00,"2304,0","0,0","0,0"
2030-11-30 11:00:00,"2304,0","0,0","0,0"
2030-11-30 12:00:00,"2304,0","0,0","0,0"
2030-11-30 13:00:00,"2304,0","0,0","0,0"
2030-11-30 14:00:00,"2304,0","0,0","0,0"
2030-11-30 15:00:00,"2304,0","0,0","0,0"
2030-11-30 16:00:00,"1944,0","288,0","0,0"
2030-11-30 17:00:00,"1584,0","288,0","0,0"
2030-11-30 18:00:00,"1224,0","288,0","0,0"
2030-11-30 19:00:00,"1224,0","0,0","0,0"
2030-11-30 20:00:00,"1224,0","0,0","0,0"
2030-11-30 21:00:00,"1224,0","0,0","0,0"
2030-11-30 22:00:00,"1224,0","0,0","0,0"
2030-11-30 23:00:00,"1224,0","0,0","0,0"
2030-12-01 00:00:00,"1224,0","0,0","0,0"
2030-12-01 01:00:00,"1224,0","0,0","0,0"
2030-12-01 02:00:00,"1224,0","0,0","0,0"
2030-12-01 03:00:00,"1224,0","0,0","0,0"
2030-12-01 04:00:00,"1224,0","0,0","0,0"
2030-12-01 05:00:00,"1224,0","0,0","0,0"
2030-12-01 06:00:00,"1224,0","0,0","0,0"
2030-12-01 07:00:00,"1224,0","0,0","0,0"
2030-12-01 08:00:00,"1224,0","0,0","0,0"
2030-12-01 09:00:00,"1224,0","0,0","0,0"
2030-12-01 10:00:00,"1224,0","0,0","0,0"
2030-12-01 11:00:00,"1224,0","0,0","0,0"
2030-12-01 12:00:00,"1224,0","0,0","0,0"
2030-12-01 13:00:00,"1224,0","0,0","0,0"
2030-12-01 14:00:00,"1224,0","0,0","0,0"
2030-12-01 15:00:00,"1224,0","0,0","0,0"
2030-12-01 16:00:00,"864,0","288,0","0,0"
2030-12-01 17:00:00,"504,0","288,0","0,0"
2030-12-01 18:00:00,"144,0","288,0","0,0"
2030-12-01 19:00:00,"0,0","115,2","0,0"
2030-12-01 20:00:00,"0,0","0,0","0,0"
2030-12-01 21:00:00,"0,0","0,0","0,0"
2030-12-01 22:00:00,"0,0","0,0","0,0"
2030-12-01 23:00:00,"0,0","0,0","0,0"
2030-12-02 00:00:00,"0,0","0,0","0,0"
2030-12-02 01:00:00,"0,0","0,0","0,0"
2030-12-02 02:00:00,"0,0","0,0","0,0"
2030-12-02 03:00:00,"0,0","0,0","0,0"
2030-12-02 04:00:00,"0,0","0,0","0,0"
2030-12-02 05:00:00,"0,0","0,0","0,0"
2030-12-02 06:00:00,"0,0","0,0","0,0"
2030-12-02 07:00:00,"0,0","0,0","0,0"
2030-12-02 08:00:00,"0,0","0,0","0,0"
2030-12-02 09:00:00,"0,0","0,0","0,0"
2030-12-02 10:00:00,"0,0","0,0","0,0"
2030-12-02 11:00:00,"288,0","0,0","288,0"
2030-12-02 12:00:00,"360,0","0,0","72,0"
2030-12-02 13:00:00,"360,0","0,0","0,0"
2030-12-02 14:00:00,"360,0","0,0","0,0"
2030-12-02 15:00:00,"360,0","0,0","0,0"
2030-12-02 16:00:00,"360,0","0,0","0,0"
2030-12-02 17:00:00,"0,0","288,0","0,0"
2030-12-02 18:00:00,"0,0","0,0","0,0"
2030-12-02 19:00:00,"0,0","0,0","0,0"
2030-12-02 20:00:00,"0,0","0,0","0,0"
2030-12-02 21:00:00,"0,0","0,0","0,0"
2030-12-02 22:00:00,"288,0","0,0","288,0"
2030-12-02 23:00:00,"576,0","0,0","288,0"
2030-12-03 00:00:00,"864,0","0,0","288,0"
2030-12-03 01:00:00,"1152,0","0,0","288,0"
2030-12-03 02:00:00,"1440,0","0,0","288,0"
2030-12-03 03:00:00,"1728,0","0,0","288,0"
2030-12-03 04:00:00,"2016,0","0,0","288,0"
2030-12-03 05:00:00,"2304,0","0,0","288,0"
2030-12-03 06:00:00,"2304,0","0,0","0,0"
2030-12-03 07:00:00,"2304,0","0,0","0,0"
2030-12-03 08:00:00,"2304,0","0,0","0,0"
2030-12-03 09:00:00,"2304,0","0,0","0,0"
2030-12-03 10:00:00,"2304,0","0,0","0,0"
2030-12-03 11:00:00,"2304,0","0,0","0,0"
2030-12-03 12:00:00,"2304,0","0,0","0,0"
2030-12-03 13:00:00,"2304,0","0,0","0,0"
2030-12-03 14:00:00,"2304,0","0,0","0,0"
2030-12-03 15:00:00,"2304,0","0,0","0,0"
2030-12-03 16:00:00,"2304,0","0,0","0,0"
2030-12-03 17:00:00,"2304,0","0,0","0,0"
2030-12-03 18:00:00,"2304,0","0,0","0,0"
2030-12-03 19:00:00,"2304,0","0,0","0,0"
2030-12-03 20:00:00,"2304,0","0,0","0,0"
2030-12-03 21:00:00,"2304,0","0,0","0,0"
2030-12-03 22:00:00,"2304,0","0,0","0,0"
2030-12-03 23:00:00,"2304,0","0,0","0,0"
2030-12-04 00:00:00,"2304,0","0,0","0,0"
2030-12-04 01:00:00,"2304,0","0,0","0,0"
2030-12-04 02:00:00,"2304,0","0,0","0,0"
2030-12-04 03:00:00,"2304,0","0,0","0,0"
2030-12-04 04:00:00,"2304,0","0,0","0,0"
2030-12-04 05:00:00,"2304,0","0,0","0,0"
2030-12-04 06:00:00,"2304,0","0,0","0,0"
2030-12-04 07:00:00,"2131,3348747400023","138,1321002079983","0,0"
2030-12-04 08:00:00,"1771,3348747400023","288,0","0,0"
2030-12-04 09:00:00,"1442,441729381767","263,11451628658824","0,0"
2030-12-04 10:00:00,"1442,441729381767","0,0","0,0"
2030-12-04 11:00:00,"1442,441729381767","0,0","0,0"
2030-12-04 12:00:00,"1442,441729381767","0,0","0,0"
2030-12-04 13:00:00,"1442,441729381767","0,0","0,0"
2030-12-04 14:00:00,"1440,0","1,9533835054135125","0,0"
2030-12-04 15:00:00,"1080,0","288,0","0,0"
2030-12-04 16:00:00,"720,0","288,0","0,0"
2030-12-04 17:00:00,"360,0","288,0","0,0"
2030-12-04 18:00:00,"0,0","288,0","0,0"
2030-12-04 19:00:00,"0,0","0,0","0,0"
2030-12-04 20:00:00,"0,0","0,0","0,0"
2030-12-04 21:00:00,"0,0","0,0","0,0"
2030-12-04 22:00:00,"0,0","0,0","0,0"
2030-12-04 23:00:00,"0,0","0,0","0,0"
2030-12-05 00:00:00,"0,0","0,0","0,0"
2030-12-05 01:00:00,"0,0","0,0","0,0"
2030-12-05 02:00:00,"288,0","0,0","288,0"
2030-12-05 03:00:00,"369,81432159151433","0,0","81,81432159151433"
2030-12-05 04:00:00,"369,81432159151433","0,0","0,0"
2030-12-05 05:00:00,"657,8143215915143","0,0","288,0"
2030-12-05 06:00:00,"945,8143215915143","0,0","288,0"
2030-12-05 07:00:00,"945,8143215915143","0,0","0,0"
2030-12-05 08:00:00,"945,8143215915143","0,0","0,0"
2030-12-05 09:00:00,"1190,2276039153587","0,0","244,41328232384444"
2030-12-05 10:00:00,"1478,2276039153587","0,0","288,0"
2030-12-05 11:00:00,"1728,0","0,0","249,77239608464123"
2030-12-05 12:00:00,"2016,0","0,0","288,0"
2030-12-05 13:00:00,"2304,0","0,0","288,0"
2030-12-05 14:00:00,"2304,0","0,0","0,0"
2030-12-05 15:00:00,"1944,0","288,0","0,0"
2030-12-05 16:00:00,"1584,0","288,0","0,0"
2030-12-05 17:00:00,"1224,0","288,0","0,0"
2030-12-05 18:00:00,"864,0","288,0","0,0"
2030-12-05 19:00:00,"504,0","288,0","0,0"
2030-12-05 20:00:00,"144,0","288,0","0,0"
2030-12-05 21:00:00,"0,0","115,2","0,0"
2030-12-05 22:00:00,"0,0","0,0","0,0"
2030-12-05 23:00:00,"0,0","0,0","0,0"
2030-12-06 00:00:00,"0,0","0,0","0,0"
2030-12-06 01:00:00,"0,0","0,0","0,0"
2030-12-06 02:00:00,"288,0","0,0","288,0"
2030-12-06 03:00:00,"576,0","0,0","288,0"
2030-12-06 04:00:00,"864,0","0,0","288,0"
2030-12-06 05:00:00,"864,0","0,0","0,0"
2030-12-06 06:00:00,"864,0","0,0","0,0"
2030-12-06 07:00:00,"864,0","0,0","0,0"
2030-12-06 08:00:00,"864,0","0,0","0,0"
2030-12-06 09:00:00,"864,0","0,0","0,0"
2030-12-06 10:00:00,"864,0","0,0","0,0"
2030-12-06 11:00:00,"1152,0","0,0","288,0"
2030-12-06 12:00:00,"1440,0","0,0","288,0"
2030-12-06 13:00:00,"1728,0","0,0","288,0"
2030-12-06 14:00:00,"2016,0","0,0","288,0"
2030-12-06 15:00:00,"2304,0","0,0","288,0"
2030-12-06 16:00:00,"2304,0","0,0","0,0"
2030-12-06 17:00:00,"2304,0","0,0","0,0"
2030-12-06 18:00:00,"2304,0","0,0","0,0"
2030-12-06 19:00:00,"2304,0","0,0","0,0"
2030-12-06 20:00:00,"1944,0","288,0","0,0"
2030-12-06 21:00:00,"1584,0","288,0","0,0"
2030-12-06 22:00:00,"1224,0","288,0","0,0"
2030-12-06 23:00:00,"1089,1249220286331","107,90006237709349","0,0"
2030-12-07 00:00:00,"729,1249220286331","288,0","0,0"
2030-12-07 01:00:00,"729,1249220286331","0,0","0,0"
2030-12-07 02:00:00,"729,1249220286331","0,0","0,0"
2030-12-07 03:00:00,"729,1249220286331","0,0","0,0"
2030-12-07 04:00:00,"729,1249220286331","0,0","0,0"
2030-12-07 05:00:00,"720,0","7,299937622906498","0,0"
2030-12-07 06:00:00,"360,0","288,0","0,0"
2030-12-07 07:00:00,"0,0","288,0","0,0"
2030-12-07 08:00:00,"288,0","0,0","288,0"
2030-12-07 09:00:00,"576,0","0,0","288,0"
2030-12-07 10:00:00,"864,0","0,0","288,0"
2030-12-07 11:00:00,"1152,0","0,0","288,0"
2030-12-07 12:00:00,"1440,0","0,0","288,0"
2030-12-07 13:00:00,"1728,0","0,0","288,0"
2030-12-07 14:00:00,"2016,0","0,0","288,0"
2030-12-07 15:00:00,"2304,0","0,0","288,0"
2030-12-07 16:00:00,"2304,0","0,0","0,0"
2030-12-07 17:00:00,"2304,0","0,0","0,0"
2030-12-07 18:00:00,"2304,0","0,0","0,0"
2030-12-07 19:00:00,"2304,0","0,0","0,0"
2030-12-07 20:00:00,"2304,0","0,0","0,0"
2030-12-07 21:00:00,"2304,0","0,0","0,0"
2030-12-07 22:00:00,"2304,0","0,0","0,0"
2030-12-07 23:00:00,"2304,0","0,0","0,0"
2030-12-08 00:00:00,"2304,0","0,0","0,0"
2030-12-08 01:00:00,"2304,0","0,0","0,0"
2030-12-08 02:00:00,"2304,0","0,0","0,0"
2030-12-08 03:00:00,"2304,0","0,0","0,0"
2030-12-08 04:00:00,"2304,0","0,0","0,0"
2030-12-08 05:00:00,"2304,0","0,0","0,0"
2030-12-08 06:00:00,"2304,0","0,0","0,0"
2030-12-08 07:00:00,"2304,0","0,0","0,0"
2030-12-08 08:00:00,"2304,0","0,0","0,0"
2030-12-08 09:00:00,"2304,0","0,0","0,0"
2030-12-08 10:00:00,"2304,0","0,0","0,0"
2030-12-08 11:00:00,"2304,0","0,0","0,0"
2030-12-08 12:00:00,"2304,0","0,0","0,0"
2030-12-08 13:00:00,"2304,0","0,0","0,0"
2030-12-08 14:00:00,"2304,0","0,0","0,0"
2030-12-08 15:00:00,"2304,0","0,0","0,0"
2030-12-08 16:00:00,"2304,0","0,0","0,0"
2030-12-08 17:00:00,"2304,0","0,0","0,0"
2030-12-08 18:00:00,"2304,0","0,0","0,0"
2030-12-08 19:00:00,"2304,0","0,0","0,0"
2030-12-08 20:00:00,"2304,0","0,0","0,0"
2030-12-08 21:00:00,"2304,0","0,0","0,0"
2030-12-08 22:00:00,"2304,0","0,0","0,0"
2030-12-08 23:00:00,"2304,0","0,0","0,0"
2030-12-09 00:00:00,"2304,0","0,0","0,0"
2030-12-09 01:00:00,"2304,0","0,0","0,0"
2030-12-09 02:00:00,"2304,0","0,0","0,0"
2030-12-09 03:00:00,"2304,0","0,0","0,0"
2030-12-09 04:00:00,"2304,0","0,0","0,0"
2030-12-09 05:00:00,"2304,0","0,0","0,0"
2030-12-09 06:00:00,"2304,0","0,0","0,0"
2030-12-09 07:00:00,"1944,0","288,0","0,0"
2030-12-09 08:00:00,"1944,0","0,0","0,0"
2030-12-09 09:00:00,"1944,0","0,0","0,0"
2030-12-09 10:00:00,"1944,0","0,0","0,0"
2030-12-09 11:00:00,"1944,0","0,0","0,0"
2030-12-09 12:00:00,"1944,0","0,0","0,0"
2030-12-09 13:00:00,"1944,0","0,0","0,0"
2030-12-09 14:00:00,"1944,0","0,0","0,0"
2030-12-09 15:00:00,"1584,0","288,0","0,0"
2030-12-09 16:00:00,"1224,0","288,0","0,0"
2030-12-09 17:00:00,"864,0","288,0","0,0"
2030-12-09 18:00:00,"504,0","288,0","0,0"
2030-12-09 19:00:00,"144,0","288,0","0,0"
2030-12-09 20:00:00,"144,0","0,0","0,0"
2030-12-09 21:00:00,"144,0","0,0","0,0"
2030-12-09 22:00:00,"144,0","0,0","0,0"
2030-12-09 23:00:00,"432,0","0,0","288,0"
2030-12-10 00:00:00,"432,0","0,0","0,0"
2030-12-10 01:00:00,"720,0","0,0","288,0"
2030-12-10 02:00:00,"1008,0","0,0","288,0"
2030-12-10 03:00:00,"1080,0","0,0","72,0"
2030-12-10 04:00:00,"1080,0","0,0","0,0"
2030-12-10 05:00:00,"1080,0","0,0","0,0"
2030-12-10 06:00:00,"1080,0","0,0","0,0"
2030-12-10 07:00:00,"1080,0","0,0","0,0"
2030-12-10 08:00:00,"1080,0","0,0","0,0"
2030-12-10 09:00:00,"1080,0","0,0","0,0"
2030-12-10 10:00:00,"1080,0","0,0","0,0"
2030-12-10 11:00:00,"1080,0","0,0","0,0"
2030-12-10 12:00:00,"1080,0","0,0","0,0"
2030-12-10 13:00:00,"1080,0","0,0","0,0"
2030-12-10 14:00:00,"1080,0","0,0","0,0"
2030-12-10 15:00:00,"1080,0","0,0","0,0"
2030-12-10 16:00:00,"720,0","288,0","0,0"
2030-12-10 17:00:00,"360,0","288,0","0,0"
2030-12-10 18:00:00,"0,0","288,0","0,0"
2030-12-10 19:00:00,"0,0","0,0","0,0"
2030-12-10 20:00:00,"0,0","0,0","0,0"
2030-12-10 21:00:00,"0,0","0,0","0,0"
2030-12-10 22:00:00,"0,0","0,0","0,0"
2030-12-10 23:00:00,"0,0","0,0","0,0"
2030-12-11 00:00:00,"0,0","0,0","0,0"
2030-12-11 01:00:00,"0,0","0,0","0,0"
2030-12-11 02:00:00,"0,0","0,0","0,0"
2030-12-11 03:00:00,"0,0","0,0","0,0"
2030-12-11 04:00:00,"0,0","0,0","0,0"
2030-12-11 05:00:00,"0,0","0,0","0,0"
2030-12-11 06:00:00,"0,0","0,0","0,0"
2030-12-11 07:00:00,"0,0","0,0","0,0"
2030-12-11 08:00:00,"0,0","0,0","0,0"
2030-12-11 09:00:00,"0,0","0,0","0,0"
2030-12-11 10:00:00,"0,0","0,0","0,0"
2030-12-11 11:00:00,"0,0","0,0","0,0"
2030-12-11 12:00:00,"0,0","0,0","0,0"
2030-12-11 13:00:00,"0,0","0,0","0,0"
2030-12-11 14:00:00,"0,0","0,0","0,0"
2030-12-11 15:00:00,"0,0","0,0","0,0"
2030-12-11 16:00:00,"0,0","0,0","0,0"
2030-12-11 17:00:00,"0,0","0,0","0,0"
2030-12-11 18:00:00,"0,0","0,0","0,0"
2030-12-11 19:00:00,"0,0","0,0","0,0"
2030-12-11 20:00:00,"0,0","0,0","0,0"
2030-12-11 21:00:00,"0,0","0,0","0,0"
2030-12-11 22:00:00,"288,0","0,0","288,0"
2030-12-11 23:00:00,"576,0","0,0","288,0"
2030-12-12 00:00:00,"864,0","0,0","288,0"
2030-12-12 01:00:00,"1152,0","0,0","288,0"
2030-12-12 02:00:00,"1440,0","0,0","288,0"
2030-12-12 03:00:00,"1728,0","0,0","288,0"
2030-12-12 04:00:00,"2016,0","0,0","288,0"
2030-12-12 05:00:00,"2304,0","0,0","288,0"
2030-12-12 06:00:00,"2304,0","0,0","0,0"
2030-12-12 07:00:00,"2304,0","0,0","0,0"
2030-12-12 08:00:00,"2304,0","0,0","0,0"
2030-12-12 09:00:00,"2304,0","0,0","0,0"
2030-12-12 10:00:00,"2304,0","0,0","0,0"
2030-12-12 11:00:00,"2304,0","0,0","0,0"
2030-12-12 12:00:00,"2304,0","0,0","0,0"
2030-12-12 13:00:00,"2304,0","0,0","0,0"
2030-12-12 14:00:00,"2304,0","0,0","0,0"
2030-12-12 15:00:00,"1944,0","288,0","0,0"
2030-12-12 16:00:00,"1584,0","288,0","0,0"
2030-12-12 17:00:00,"1224,0","288,0","0,0"
2030-12-12 18:00:00,"864,0","288,0","0,0"
2030-12-12 19:00:00,"864,0","0,0","0,0"
2030-12-12 20:00:00,"864,0","0,0","0,0"
2030-12-12 21:00:00,"864,0","0,0","0,0"
2030-12-12 22:00:00,"1152,0","0,0","288,0"
2030-12-12 23:00:00,"1440,0","0,0","288,0"
2030-12-13 00:00:00,"1728,0","0,0","288,0"
2030-12-13 01:00:00,"2016,0","0,0","288,0"
2030-12-13 02:00:00,"1937,0466815139946","63,162654788804275","0,0"
2030-12-13 03:00:00,"2225,0466815139944","0,0","288,0"
2030-12-13 04:00:00,"2304,0","0,0","78,95331848600563"
2030-12-13 05:00:00,"2304,0","0,0","0,0"
2030-12-13 06:00:00,"2304,0","0,0","0,0"
2030-12-13 07:00:00,"2304,0","0,0","0,0"
2030-12-13 08:00:00,"2304,0","0,0","0,0"
2030-12-13 09:00:00,"2304,0","0,0","0,0"
2030-12-13 10:00:00,"2304,0","0,0","0,0"
2030-12-13 11:00:00,"2304,0","0,0","0,0"
2030-12-13 12:00:00,"2304,0","0,0","0,0"
2030-12-13 13:00:00,"2304,0","0,0","0,0"
2030-12-13 14:00:00,"2140,3187330151395","130,94501358788858","0,0"
2030-12-13 15:00:00,"1780,3187330151395","288,0","0,0"
2030-12-13 16:00:00,"1420,3187330151395","288,0","0,0"
2030-12-13 17:00:00,"1060,3187330151395","288,0","0,0"
2030-12-13 18:00:00,"700,3187330151395","288,0","0,0"
2030-12-13 19:00:00,"580,1121751136905","96,16524632115924","0,0"
2030-12-13 20:00:00,"466,0372991768511","91,25990074947146","0,0"
2030-12-13 21:00:00,"466,0372991768511","0,0","0,0"
2030-12-13 22:00:00,"466,0372991768511","0,0","0,0"
2030-12-13 23:00:00,"754,0372991768511","0,0","288,0"
2030-12-14 00:00:00,"754,0372991768511","0,0","0,0"
2030-12-14 01:00:00,"754,0372991768511","0,0","0,0"
2030-12-14 02:00:00,"754,0372991768511","0,0","0,0"
2030-12-14 03:00:00,"754,0372991768511","0,0","0,0"
2030-12-14 04:00:00,"754,0372991768511","0,0","0,0"
2030-12-14 05:00:00,"754,0372991768511","0,0","0,0"
2030-12-14 06:00:00,"754,0372991768511","0,0","0,0"
2030-12-14 07:00:00,"754,0372991768511","0,0","0,0"
2030-12-14 08:00:00,"754,0372991768511","0,0","0,0"
2030-12-14 09:00:00,"754,0372991768511","0,0","0,0"
2030-12-14 10:00:00,"754,0372991768511","0,0","0,0"
2030-12-14 11:00:00,"754,0372991768511","0,0","0,0"
2030-12-14 12:00:00,"754,0372991768511","0,0","0,0"
2030-12-14 13:00:00,"754,0372991768511","0,0","0,0"
2030-12-14 14:00:00,"754,0372991768511","0,0","0,0"
2030-12-14 15:00:00,"754,0372991768511","0,0","0,0"
2030-12-14 16:00:00,"394,0372991768511","288,0","0,0"
2030-12-14 17:00:00,"34,03729917685109","288,0","0,0"
2030-12-14 18:00:00,"34,03729917685109","0,0","0,0"
2030-12-14 19:00:00,"34,03729917685109","0,0","0,0"
2030-12-14 20:00:00,"34,03729917685109","0,0","0,0"
2030-12-14 21:00:00,"34,03729917685109","0,0","0,0"
2030-12-14 22:00:00,"322,0372991768511","0,0","288,0"
2030-12-14 23:00:00,"610,0372991768511","0,0","288,0"
2030-12-15 00:00:00,"898,0372991768511","0,0","288,0"
2030-12-15 01:00:00,"1186,037299176851","0,0","288,0"
2030-12-15 02:00:00,"1474,037299176851","0,0","288,0"
2030-12-15 03:00:00,"1762,037299176851","0,0","288,0"
2030-12-15 04:00:00,"1935,8519792407537","0,0","173,81468006390264"
2030-12-15 05:00:00,"2096,7971901568417","0,0","160,945210916088"
2030-12-15 06:00:00,"2096,7971901568417","0,0","0,0"
2030-12-15 07:00:00,"2096,7971901568417","0,0","0,0"
2030-12-15 08:00:00,"2096,7971901568417","0,0","0,0"
2030-12-15 09:00:00,"2096,7971901568417","0,0","0,0"
2030-12-15 10:00:00,"2304,0","0,0","207,20280984315855"
2030-12-15 11:00:00,"2304,0","0,0","0,0"
2030-12-15 12:00:00,"2304,0","0,0","0,0"
2030-12-15 13:00:00,"2304,0","0,0","0,0"
2030-12-15 14:00:00,"2304,0","0,0","0,0"
2030-12-15 15:00:00,"2304,0","0,0","0,0"
2030-12-15 16:00:00,"2304,0","0,0","0,0"
2030-12-15 17:00:00,"2304,0","0,0","0,0"
2030-12-15 18:00:00,"2304,0","0,0","0,0"
2030-12-15 19:00:00,"2304,0","0,0","0,0"
2030-12-15 20:00:00,"2304,0","0,0","0,0"
2030-12-15 21:00:00,"2304,0","0,0","0,0"
2030-12-15 22:00:00,"2304,0","0,0","0,0"
2030-12-15 23:00:00,"2304,0","0,0","0,0"
2030-12-16 00:00:00,"2304,0","0,0","0,0"
2030-12-16 01:00:00,"2304,0","0,0","0,0"
2030-12-16 02:00:00,"2304,0","0,0","0,0"
2030-12-16 03:00:00,"2304,0","0,0","0,0"
2030-12-16 04:00:00,"2304,0","0,0","0,0"
2030-12-16 05:00:00,"2304,0","0,0","0,0"
2030-12-16 06:00:00,"1944,0","288,0","0,0"
2030-12-16 07:00:00,"1584,0","288,0","0,0"
2030-12-16 08:00:00,"1224,0","288,0","0,0"
2030-12-16 09:00:00,"1080,0","115,2","0,0"
2030-12-16 10:00:00,"1080,0","0,0","0,0"
2030-12-16 11:00:00,"1080,0","0,0","0,0"
2030-12-16 12:00:00,"1080,0","0,0","0,0"
2030-12-16 13:00:00,"1080,0","0,0","0,0"
2030-12-16 14:00:00,"1080,0","0,0","0,0"
2030-12-16 15:00:00,"1080,0","0,0","0,0"
2030-12-16 16:00:00,"720,0","288,0","0,0"
2030-12-16 17:00:00,"360,0","288,0","0,0"
2030-12-16 18:00:00,"0,0","288,0","0,0"
2030-12-16 19:00:00,"0,0","0,0","0,0"
2030-12-16 20:00:00,"0,0","0,0","0,0"
2030-12-16 21:00:00,"0,0","0,0","0,0"
2030-12-16 22:00:00,"0,0","0,0","0,0"
2030-12-16 23:00:00,"0,0","0,0","0,0"
2030-12-17 00:00:00,"0,0","0,0","0,0"
2030-12-17 01:00:00,"0,0","0,0","0,0"
2030-12-17 02:00:00,"0,0","0,0","0,0"
2030-12-17 03:00:00,"72,0","0,0","72,0"
2030-12-17 04:00:00,"360,0","0,0","288,0"
2030-12-17 05:00:00,"360,0","0,0","0,0"
2030-12-17 06:00:00,"360,0","0,0","0,0"
2030-12-17 07:00:00,"360,0","0,0","0,0"
2030-12-17 08:00:00,"360,0","0,0","0,0"
2030-12-17 09:00:00,"360,0","0,0","0,0"
2030-12-17 10:00:00,"360,0","0,0","0,0"
2030-12-17 11:00:00,"360,0","0,0","0,0"
2030-12-17 12:00:00,"360,0","0,0","0,0"
2030-12-17 13:00:00,"360,0","0,0","0,0"
2030-12-17 14:00:00,"360,0","0,0","0,0"
2030-12-17 15:00:00,"360,0","0,0","0,0"
2030-12-17 16:00:00,"0,0","288,0","0,0"
2030-12-17 17:00:00,"0,0","0,0","0,0"
2030-12-17 18:00:00,"0,0","0,0","0,0"
2030-12-17 19:00:00,"0,0","0,0","0,0"
2030-12-17 20:00:00,"0,0","0,0","0,0"
2030-12-17 21:00:00,"288,0","0,0","288,0"
2030-12-17 22:00:00,"576,0","0,0","288,0"
2030-12-17 23:00:00,"864,0","0,0","288,0"
2030-12-18 00:00:00,"1152,0","0,0","288,0"
2030-12-18 01:00:00,"1440,0","0,0","288,0"
2030-12-18 02:00:00,"1728,0","0,0","288,0"
2030-12-18 03:00:00,"2016,0","0,0","288,0"
2030-12-18 04:00:00,"2304,0","0,0","288,0"
2030-12-18 05:00:00,"2304,0","0,0","0,0"
2030-12-18 06:00:00,"2304,0","0,0","0,0"
2030-12-18 07:00:00,"2304,0","0,0","0,0"
2030-12-18 08:00:00,"2304,0","0,0","0,0"
2030-12-18 09:00:00,"2304,0","0,0","0,0"
2030-12-18 10:00:00,"2304,0","0,0","0,0"
2030-12-18 11:00:00,"2304,0","0,0","0,0"
2030-12-18 12:00:00,"2304,0","0,0","0,0"
2030-12-18 13:00:00,"2304,0","0,0","0,0"
2030-12-18 14:00:00,"2304,0","0,0","0,0"
2030-12-18 15:00:00,"2304,0","0,0","0,0"
2030-12-18 16:00:00,"2304,0","0,0","0,0"
2030-12-18 17:00:00,"2304,0","0,0","0,0"
2030-12-18 18:00:00,"2304,0","0,0","0,0"
2030-12-18 19:00:00,"2304,0","0,0","0,0"
2030-12-18 20:00:00,"2304,0","0,0","0,0"
2030-12-18 21:00:00,"2304,0","0,0","0,0"
2030-12-18 22:00:00,"2304,0","0,0","0,0"
2030-12-18 23:00:00,"2304,0","0,0","0,0"
2030-12-19 00:00:00,"2304,0","0,0","0,0"
2030-12-19 01:00:00,"2304,0","0,0","0,0"
2030-12-19 02:00:00,"2304,0","0,0","0,0"
2030-12-19 03:00:00,"2304,0","0,0","0,0"
2030-12-19 04:00:00,"2304,0","0,0","0,0"
2030-12-19 05:00:00,"2304,0","0,0","0,0"
2030-12-19 06:00:00,"2304,0","0,0","0,0"
2030-12-19 07:00:00,"1944,0","288,0","0,0"
2030-12-19 08:00:00,"1584,0","288,0","0,0"
2030-12-19 09:00:00,"1584,0","0,0","0,0"
2030-12-19 10:00:00,"1584,0","0,0","0,0"
2030-12-19 11:00:00,"1584,0","0,0","0,0"
2030-12-19 12:00:00,"1800,0","0,0","216,0"
2030-12-19 13:00:00,"1800,0","0,0","0,0"
2030-12-19 14:00:00,"1440,0","288,0","0,0"
2030-12-19 15:00:00,"1080,0","288,0","0,0"
2030-12-19 16:00:00,"720,0","288,0","0,0"
2030-12-19 17:00:00,"360,0","288,0","0,0"
2030-12-19 18:00:00,"0,0","288,0","0,0"
2030-12-19 19:00:00,"0,0","0,0","0,0"
2030-12-19 20:00:00,"0,0","0,0","0,0"
2030-12-19 21:00:00,"0,0","0,0","0,0"
2030-12-19 22:00:00,"0,0","0,0","0,0"
2030-12-19 23:00:00,"288,0","0,0","288,0"
2030-12-20 00:00:00,"576,0","0,0","288,0"
2030-12-20 01:00:00,"864,0","0,0","288,0"
2030-12-20 02:00:00,"1152,0","0,0","288,0"
2030-12-20 03:00:00,"1440,0","0,0","288,0"
2030-12-20 04:00:00,"1728,0","0,0","288,0"
2030-12-20 05:00:00,"2016,0","0,0","288,0"
2030-12-20 06:00:00,"2125,0370543923527","0,0","109,03705439235273"
2030-12-20 07:00:00,"2125,0370543923527","0,0","0,0"
2030-12-20 08:00:00,"2304,0","0,0","178,9629456076475"
2030-12-20 09:00:00,"2304,0","0,0","0,0"
2030-12-20 10:00:00,"2304,0","0,0","0,0"
2030-12-20 11:00:00,"2304,0","0,0","0,0"
2030-12-20 12:00:00,"2304,0","0,0","0,0"
2030-12-20 13:00:00,"2304,0","0,0","0,0"
2030-12-20 14:00:00,"2304,0","0,0","0,0"
2030-12-20 15:00:00,"1944,0","288,0","0,0"
2030-12-20 16:00:00,"1584,0","288,0","0,0"
2030-12-20 17:00:00,"1224,0","288,0","0,0"
2030-12-20 18:00:00,"864,0","288,0","0,0"
2030-12-20 19:00:00,"504,0","288,0","0,0"
2030-12-20 20:00:00,"504,0","0,0","0,0"
2030-12-20 21:00:00,"504,0","0,0","0,0"
2030-12-20 22:00:00,"504,0","0,0","0,0"
2030-12-20 23:00:00,"504,0","0,0","0,0"
2030-12-21 00:00:00,"576,0","0,0","72,0"
2030-12-21 01:00:00,"864,0","0,0","288,0"
2030-12-21 02:00:00,"1152,0","0,0","288,0"
2030-12-21 03:00:00,"1152,0","0,0","0,0"
2030-12-21 04:00:00,"1440,0","0,0","288,0"
2030-12-21 05:00:00,"1440,0","0,0","0,0"
2030-12-21 06:00:00,"1440,0","0,0","0,0"
2030-12-21 07:00:00,"1440,0","0,0","0,0"
2030-12-21 08:00:00,"1440,0","0,0","0,0"
2030-12-21 09:00:00,"1440,0","0,0","0,0"
2030-12-21 10:00:00,"1440,0","0,0","0,0"
2030-12-21 11:00:00,"1440,0","0,0","0,0"
2030-12-21 12:00:00,"1440,0","0,0","0,0"
2030-12-21 13:00:00,"1440,0","0,0","0,0"
2030-12-21 14:00:00,"1440,0","0,0","0,0"
2030-12-21 15:00:00,"1080,0","288,0","0,0"
2030-12-21 16:00:00,"720,0","288,0","0,0"
2030-12-21 17:00:00,"360,0","288,0","0,0"
2030-12-21 18:00:00,"0,0","288,0","0,0"
2030-12-21 19:00:00,"0,0","0,0","0,0"
2030-12-21 20:00:00,"0,0","0,0","0,0"
2030-12-21 21:00:00,"0,0","0,0","0,0"
2030-12-21 22:00:00,"0,0","0,0","0,0"
2030-12-21 23:00:00,"0,0","0,0","0,0"
2030-12-22 00:00:00,"0,0","0,0","0,0"
2030-12-22 01:00:00,"288,0","0,0","288,0"
2030-12-22 02:00:00,"576,0","0,0","288,0"
2030-12-22 03:00:00,"864,0","0,0","288,0"
2030-12-22 04:00:00,"1152,0","0,0","288,0"
2030-12-22 05:00:00,"1440,0","0,0","288,0"
2030-12-22 06:00:00,"1728,0","0,0","288,0"
2030-12-22 07:00:00,"1728,0","0,0","0,0"
2030-12-22 08:00:00,"1728,0","0,0","0,0"
2030-12-22 09:00:00,"1728,0","0,0","0,0"
2030-12-22 10:00:00,"1728,0","0,0","0,0"
2030-12-22 11:00:00,"1728,0","0,0","0,0"
2030-12-22 12:00:00,"1728,0","0,0","0,0"
2030-12-22 13:00:00,"1728,0","0,0","0,0"
2030-12-22 14:00:00,"1728,0","0,0","0,0"
2030-12-22 15:00:00,"1728,0","0,0","0,0"
2030-12-22 16:00:00,"1728,0","0,0","0,0"
2030-12-22 17:00:00,"1728,0","0,0","0,0"
2030-12-22 18:00:00,"1728,0","0,0","0,0"
2030-12-22 19:00:00,"1728,0","0,0","0,0"
2030-12-22 20:00:00,"1728,0","0,0","0,0"
2030-12-22 21:00:00,"1728,0","0,0","0,0"
2030-12-22 22:00:00,"1728,0","0,0","0,0"
2030-12-22 23:00:00,"1728,0","0,0","0,0"
2030-12-23 00:00:00,"1728,0","0,0","0,0"
2030-12-23 01:00:00,"1728,0","0,0","0,0"
2030-12-23 02:00:00,"2016,0","0,0","288,0"
2030-12-23 03:00:00,"2304,0","0,0","288,0"
2030-12-23 04:00:00,"2304,0","0,0","0,0"
2030-12-23 05:00:00,"2304,0","0,0","0,0"
2030-12-23 06:00:00,"2304,0","0,0","0,0"
2030-12-23 07:00:00,"1944,0","288,0","0,0"
2030-12-23 08:00:00,"1584,0","288,0","0,0"
2030-12-23 09:00:00,"1224,0","288,0","0,0"
2030-12-23 10:00:00,"1224,0","0,0","0,0"
2030-12-23 11:00:00,"1224,0","0,0","0,0"
2030-12-23 12:00:00,"1231,2326467038251","0,0","7,232646703825139"
2030-12-23 13:00:00,"1277,6999552145915","0,0","46,46730851076626"
2030-12-23 14:00:00,"1277,6999552145915","0,0","0,0"
2030-12-23 15:00:00,"1277,6999552145915","0,0","0,0"
2030-12-23 16:00:00,"1277,6999552145915","0,0","0,0"
2030-12-23 17:00:00,"1277,6999552145915","0,0","0,0"
2030-12-23 18:00:00,"947,2049025389978","264,39604214047495","0,0"
2030-12-23 19:00:00,"587,2049025389978","288,0","0,0"
2030-12-23 20:00:00,"587,2049025389978","0,0","0,0"
2030-12-23 21:00:00,"587,2049025389978","0,0","0,0"
2030-12-23 22:00:00,"587,2049025389978","0,0","0,0"
2030-12-23 23:00:00,"587,2049025389978","0,0","0,0"
2030-12-24 00:00:00,"587,2049025389978","0,0","0,0"
2030-12-24 01:00:00,"587,2049025389978","0,0","0,0"
2030-12-24 02:00:00,"875,2049025389978","0,0","288,0"
2030-12-24 03:00:00,"1163,2049025389979","0,0","288,0"
2030-12-24 04:00:00,"1406,9621770933866","0,0","243,7572745543887"
2030-12-24 05:00:00,"1406,9621770933866","0,0","0,0"
2030-12-24 06:00:00,"1406,9621770933866","0,0","0,0"
2030-12-24 07:00:00,"1406,9621770933866","0,0","0,0"
2030-12-24 08:00:00,"1406,9621770933866","0,0","0,0"
2030-12-24 09:00:00,"1406,9621770933866","0,0","0,0"
2030-12-24 10:00:00,"1406,9621770933866","0,0","0,0"
2030-12-24 11:00:00,"1406,9621770933866","0,0","0,0"
2030-12-24 12:00:00,"1406,9621770933866","0,0","0,0"
2030-12-24 13:00:00,"1406,9621770933866","0,0","0,0"
2030-12-24 14:00:00,"1406,9621770933866","0,0","0,0"
2030-12-24 15:00:00,"1080,0","261,5697416747093","0,0"
2030-12-24 16:00:00,"720,0","288,0","0,0"
2030-12-24 17:00:00,"360,0","288,0","0,0"
2030-12-24 18:00:00,"0,0","288,0","0,0"
2030-12-24 19:00:00,"0,0","0,0","0,0"
2030-12-24 20:00:00,"0,0","0,0","0,0"
2030-12-24 21:00:00,"0,0","0,0","0,0"
2030-12-24 22:00:00,"0,0","0,0","0,0"
2030-12-24 23:00:00,"0,0","0,0","0,0"
2030-12-25 00:00:00,"0,0","0,0","0,0"
2030-12-25 01:00:00,"0,0","0,0","0,0"
2030-12-25 02:00:00,"0,0","0,0","0,0"
2030-12-25 03:00:00,"0,0","0,0","0,0"
2030-12-25 04:00:00,"0,0","0,0","0,0"
2030-12-25 05:00:00,"288,0","0,0","288,0"
2030-12-25 06:00:00,"576,0","0,0","288,0"
2030-12-25 07:00:00,"216,0","288,0","0,0"
2030-12-25 08:00:00,"216,0","0,0","0,0"
2030-12-25 09:00:00,"216,0","0,0","0,0"
2030-12-25 10:00:00,"216,0","0,0","0,0"
2030-12-25 11:00:00,"0,0","172,8","0,0"
2030-12-25 12:00:00,"0,0","0,0","0,0"
2030-12-25 13:00:00,"288,0","0,0","288,0"
2030-12-25 14:00:00,"576,0","0,0","288,0"
2030-12-25 15:00:00,"576,0","0,0","0,0"
2030-12-25 16:00:00,"360,0","172,8","0,0"
2030-12-25 17:00:00,"0,0","288,0","0,0"
2030-12-25 18:00:00,"0,0","0,0","0,0"
2030-12-25 19:00:00,"0,0","230,4","288,0"
2030-12-25 20:00:00,"0,0","230,4","288,0"
2030-12-25 21:00:00,"288,0","0,0","288,0"
2030-12-25 22:00:00,"576,0","0,0","288,0"
2030-12-25 23:00:00,"864,0","0,0","288,0"
2030-12-26 00:00:00,"1152,0","0,0","288,0"
2030-12-26 01:00:00,"1440,0","0,0","288,0"
2030-12-26 02:00:00,"1728,0","0,0","288,0"
2030-12-26 03:00:00,"2016,0","0,0","288,0"
2030-12-26 04:00:00,"2304,0","0,0","288,0"
2030-12-26 05:00:00,"2232,0","288,0","288,0"
2030-12-26 06:00:00,"2160,0","288,0","288,0"
2030-12-26 07:00:00,"2304,0","115,2","288,0"
2030-12-26 08:00:00,"2304,0","0,0","0,0"
2030-12-26 09:00:00,"2304,0","0,0","0,0"
2030-12-26 10:00:00,"2304,0","0,0","0,0"
2030-12-26 11:00:00,"2304,0","0,0","0,0"
2030-12-26 12:00:00,"2304,0","0,0","0,0"
2030-12-26 13:00:00,"2304,0","0,0","0,0"
2030-12-26 14:00:00,"2304,0","0,0","0,0"
2030-12-26 15:00:00,"2304,0","0,0","0,0"
2030-12-26 16:00:00,"2304,0","0,0","0,0"
2030-12-26 17:00:00,"2122,6730539094015","145,06155687247866","0,0"
2030-12-26 18:00:00,"1762,6730539094015","288,0","0,0"
2030-12-26 19:00:00,"1402,6730539094015","288,0","0,0"
2030-12-26 20:00:00,"1042,6730539094015","288,0","0,0"
2030-12-26 21:00:00,"932,4332356193472","88,19185463204343","0,0"
2030-12-26 22:00:00,"932,4332356193472","0,0","0,0"
2030-12-26 23:00:00,"932,4332356193472","0,0","0,0"
2030-12-27 00:00:00,"1220,4332356193472","0,0","288,0"
2030-12-27 01:00:00,"1508,4332356193472","0,0","288,0"
2030-12-27 02:00:00,"1796,4332356193472","0,0","288,0"
2030-12-27 03:00:00,"2084,433235619347","0,0","288,0"
2030-12-27 04:00:00,"2304,0","0,0","219,56676438065278"
2030-12-27 05:00:00,"2304,0","0,0","0,0"
2030-12-27 06:00:00,"2272,1351263653996","25,491898907680298","0,0"
2030-12-27 07:00:00,"1912,1351263653996","288,0","0,0"
2030-12-27 08:00:00,"1552,1351263653996","288,0","0,0"
2030-12-27 09:00:00,"1192,1351263653996","288,0","0,0"
2030-12-27 10:00:00,"1192,1351263653996","0,0","0,0"
2030-12-27 11:00:00,"1192,1351263653996","0,0","0,0"
2030-12-27 12:00:00,"1192,1351263653996","0,0","0,0"
2030-12-27 13:00:00,"832,1351263653996","288,0","0,0"
2030-12-27 14:00:00,"504,0","262,50810109231975","0,0"
2030-12-27 15:00:00,"792,0","0,0","288,0"
2030-12-27 16:00:00,"1080,0","0,0","288,0"
2030-12-27 17:00:00,"1080,0","0,0","0,0"
2030-12-27 18:00:00,"1080,0","0,0","0,0"
2030-12-27 19:00:00,"720,0","288,0","0,0"
2030-12-27 20:00:00,"360,0","288,0","0,0"
2030-12-27 21:00:00,"0,0","288,0","0,0"
2030-12-27 22:00:00,"118,4049255516706","0,0","118,4049255516706"
2030-12-27 23:00:00,"406,4049255516706","0,0","288,0"
2030-12-28 00:00:00,"694,4049255516707","0,0","288,0"
2030-12-28 01:00:00,"982,4049255516707","0,0","288,0"
2030-12-28 02:00:00,"1270,4049255516707","0,0","288,0"
2030-12-28 03:00:00,"1558,4049255516707","0,0","288,0"
2030-12-28 04:00:00,"1846,4049255516707","0,0","288,0"
2030-12-28 05:00:00,"2134,4049255516707","0,0","288,0"
2030-12-28 06:00:00,"2304,0","0,0","169,59507444832934"
2030-12-28 07:00:00,"2304,0","0,0","0,0"
2030-12-28 08:00:00,"2304,0","0,0","0,0"
2030-12-28 09:00:00,"2304,0","0,0","0,0"
2030-12-28 10:00:00,"2304,0","0,0","0,0"
2030-12-28 11:00:00,"2304,0","0,0","0,0"
2030-12-28 12:00:00,"2304,0","0,0","0,0"
2030-12-28 13:00:00,"2304,0","0,0","0,0"
2030-12-28 14:00:00,"2304,0","0,0","0,0"
2030-12-28 15:00:00,"1944,0","288,0","0,0"
2030-12-28 16:00:00,"1584,0","288,0","0,0"
2030-12-28 17:00:00,"1224,0","288,0","0,0"
2030-12-28 18:00:00,"864,0","288,0","0,0"
2030-12-28 19:00:00,"504,0","288,0","0,0"
2030-12-28 20:00:00,"144,0","288,0","0,0"
2030-12-28 21:00:00,"0,0","115,2","0,0"
2030-12-28 22:00:00,"0,0","0,0","0,0"
2030-12-28 23:00:00,"0,0","0,0","0,0"
2030-12-29 00:00:00,"0,0","0,0","0,0"
2030-12-29 01:00:00,"0,0","0,0","0,0"
2030-12-29 02:00:00,"0,0","0,0","0,0"
2030-12-29 03:00:00,"288,0","0,0","288,0"
2030-12-29 04:00:00,"576,0","0,0","288,0"
2030-12-29 05:00:00,"864,0","0,0","288,0"
2030-12-29 06:00:00,"1152,0","0,0","288,0"
2030-12-29 07:00:00,"1152,0","0,0","0,0"
2030-12-29 08:00:00,"1440,0","0,0","288,0"
2030-12-29 09:00:00,"1440,0","0,0","0,0"
2030-12-29 10:00:00,"1728,0","0,0","288,0"
2030-12-29 11:00:00,"2016,0","0,0","288,0"
2030-12-29 12:00:00,"2304,0","0,0","288,0"
2030-12-29 13:00:00,"2304,0","0,0","0,0"
2030-12-29 14:00:00,"2304,0","0,0","0,0"
2030-12-29 15:00:00,"1944,0","288,0","0,0"
2030-12-29 16:00:00,"1584,0","288,0","0,0"
2030-12-29 17:00:00,"1224,0","288,0","0,0"
2030-12-29 18:00:00,"864,0","288,0","0,0"
2030-12-29 19:00:00,"504,0","288,0","0,0"
2030-12-29 20:00:00,"144,0","288,0","0,0"
2030-12-29 21:00:00,"288,0","0,0","144,0"
2030-12-29 22:00:00,"576,0","0,0","288,0"
2030-12-29 23:00:00,"864,0","0,0","288,0"
2030-12-30 00:00:00,"1152,0","0,0","288,0"
2030-12-30 01:00:00,"1440,0","0,0","288,0"
2030-12-30 02:00:00,"1728,0","0,0","288,0"
2030-12-30 03:00:00,"2016,0","0,0","288,0"
2030-12-30 04:00:00,"2304,0","0,0","288,0"
2030-12-30 05:00:00,"2304,0","0,0","0,0"
2030-12-30 06:00:00,"2304,0","0,0","0,0"
2030-12-30 07:00:00,"2304,0","0,0","0,0"
2030-12-30 08:00:00,"2304,0","0,0","0,0"
2030-12-30 09:00:00,"2304,0","0,0","0,0"
2030-12-30 10:00:00,"2304,0","0,0","0,0"
2030-12-30 11:00:00,"2304,0","0,0","0,0"
2030-12-30 12:00:00,"2304,0","0,0","0,0"
2030-12-30 13:00:00,"2304,0","0,0","0,0"
2030-12-30 14:00:00,"2304,0","0,0","0,0"
2030-12-30 15:00:00,"2304,0","0,0","0,0"
2030-12-30 16:00:00,"1944,0","288,0","0,0"
2030-12-30 17:00:00,"1584,0","288,0","0,0"
2030-12-30 18:00:00,"1224,0","288,0","0,0"
2030-12-30 19:00:00,"949,7119792002313","219,43041663981495","0,0"
2030-12-30 20:00:00,"949,7119792002313","0,0","0,0"
2030-12-30 21:00:00,"949,7119792002313","0,0","0,0"
2030-12-30 22:00:00,"949,7119792002313","0,0","0,0"
2030-12-30 23:00:00,"1237,7119792002313","0,0","288,0"
2030-12-31 00:00:00,"1440,0","0,0","202,28802079976873"
2030-12-31 01:00:00,"1728,0","0,0","288,0"
2030-12-31 02:00:00,"2016,0","0,0","288,0"
2030-12-31 03:00:00,"2304,0","0,0","288,0"
2030-12-31 04:00:00,"2304,0","0,0","0,0"
2030-12-31 05:00:00,"2304,0","0,0","0,0"
2030-12-31 06:00:00,"2304,0","0,0","0,0"
2030-12-31 07:00:00,"2304,0","0,0","0,0"
2030-12-31 08:00:00,"2304,0","0,0","0,0"
2030-12-31 09:00:00,"2304,0","0,0","0,0"
2030-12-31 10:00:00,"2023,3286136380157","224,53710908958737","0,0"
2030-12-31 11:00:00,"2023,3286136380157","0,0","0,0"
2030-12-31 12:00:00,"1806,9412551536427","173,10988678749837","0,0"
2030-12-31 13:00:00,"1770,4558666466532","29,18831080559164","0,0"
2030-12-31 14:00:00,"1770,4558666466532","0,0","0,0"
2030-12-31 15:00:00,"2058,4558666466532","0,0","288,0"
2030-12-31 16:00:00,"2304,0","0,0","245,54413335334664"
2030-12-31 17:00:00,"2304,0","0,0","0,0"
2030-12-31 18:00:00,"2304,0","0,0","0,0"
2030-12-31 19:00:00,"1944,0","288,0","0,0"
2030-12-31 20:00:00,"1584,0","288,0","0,0"
2030-12-31 21:00:00,"1224,0","288,0","0,0"
2030-12-31 22:00:00,"1152,0","57,6","0,0"
2030-12-31 23:00:00,"1152,0","0,0","0,0"
2031-01-01 00:00:00,,,
