,"(('Fernwaerme', 'Waermespeicher'), 'flow')","(('Waermespeicher', 'Fernwaerme'), 'flow')","(('Waermespeicher', 'None'), 'storage_content')"
2030-01-01 00:00:00,"53,22156738283587","0,0","37172,35867184935"
2030-01-01 01:00:00,"42,08608587436282","0,0","37211,201469429594"
2030-01-01 02:00:00,"30,639128664944906","0,0","37238,59392076633"
2030-01-01 03:00:00,"22,318976432118404","0,0","37257,66382987887"
2030-01-01 04:00:00,"0,0","37,07826539423928","37217,33483331547"
2030-01-01 05:00:00,"0,0","157,29033654919004","37056,797284302076"
2030-01-01 06:00:00,"0,0","251,17269089626296","36802,391387842756"
2030-01-01 07:00:00,"0,0","288,50534326836515","36510,6750359258"
2030-01-01 08:00:00,"0,0","280,34924429834047","36227,140235230574"
2030-01-01 09:00:00,"0,0","250,37544422621664","35973,603973018835"
2030-01-01 10:00:00,"0,0","247,2171102175344","35723,24816585465"
2030-01-01 11:00:00,"0,0","221,75438916519903","35498,37692328698"
2030-01-01 12:00:00,"0,0","198,54882256437685","35296,730867336046"
2030-01-01 13:00:00,"0,0","188,40405619822542","35105,24717136964"
2030-01-01 14:00:00,"0,0","169,32077324415292","34932,86346530979"
2030-01-01 15:00:00,"0,0","121,38767870414432","34808,4278942683"
2030-01-01 16:00:00,"0,0","143,35418762838714","34662,036671306145"
2030-01-01 17:00:00,"0,0","134,00898299824877","34525,00342560833"
2030-01-01 18:00:00,"0,0","105,81958710659825","34416,17153195285"
2030-01-01 19:00:00,"0,0","101,2742522820418","34311,894468704646"
2030-01-01 20:00:00,"0,0","101,72712375643874","34207,17363215581"
2030-01-01 21:00:00,"0,0","74,45641088885037","34129,732645367556"
2030-01-01 22:00:00,"0,0","16,646789441333112","34110,108036752914"
2030-01-01 23:00:00,"43,80890024369529","0,0","34150,9408300704"
2030-01-02 00:00:00,"18,81074095488981","0,0","34166,77190143787"
2030-01-02 01:00:00,"13,8597504664545","0,0","34177,650601055924"
2030-01-02 02:00:00,"6,761669993022338","0,0","34181,430271034005"
2030-01-02 03:00:00,"0,0","47,946882183315495","34130,50105905954"
2030-01-02 04:00:00,"0,0","106,37620552858829","34021,14696731355"
2030-01-02 05:00:00,"0,0","280,8425807201291","33737,336041520524"
2030-01-02 06:00:00,"0,0","266,9964169357772","33467,39604201513"
2030-01-02 07:00:00,"0,0","281,5225744758039","33182,95343723465"
2030-01-02 08:00:00,"0,0","264,0361464685894","32916,02207807866"
2030-01-02 09:00:00,"0,0","248,78105898564098","32664,369096166705"
2030-01-02 10:00:00,"0,0","227,26699747177855","32434,252132491285"
2030-01-02 11:00:00,"0,0","195,27600716658725","32236,14623682614"
2030-01-02 12:00:00,"0,0","168,95082958890083","32064,382803478078"
2030-01-02 13:00:00,"0,0","158,4702588554639","31903,11492722301"
2030-01-02 14:00:00,"0,0","134,4672405703737","31765,864139875237"
2030-01-02 15:00:00,"0,0","145,81608920003492","31617,276479029"
2030-01-02 16:00:00,"0,0","157,76623731696878","31456,751634339234"
2030-01-02 17:00:00,"0,0","186,48815933724887","31267,51887342189"
2030-01-02 18:00:00,"0,0","189,44747538496637","31075,343307015217"
2030-01-02 19:00:00,"0,0","174,41925551971445","30898,212727791964"
2030-01-02 20:00:00,"0,0","149,33006859089738","30746,186790140568"
2030-01-02 21:00:00,"0,0","139,77849332413774","30603,72569201899"
2030-01-02 22:00:00,"0,0","103,36035276116587","30497,695164191195"
2030-01-02 23:00:00,"0,0","33,28827118346146","30461,745969104657"
2030-01-03 00:00:00,"0,0","51,95958841049509","30407,128593358357"
2030-01-03 01:00:00,"0,0","59,08053033889706","30345,395041049687"
2030-01-03 02:00:00,"0,0","66,18093336491046","30276,566471967446"
2030-01-03 03:00:00,"0,0","95,08950886884162","30178,835332673927"
2030-01-03 04:00:00,"0,0","169,97720536258004","30006,225023928575"
2030-01-03 05:00:00,"0,0","383,6572845028706","29619,949696292366"
2030-01-03 06:00:00,"0,0","505,6255758032931","29111,739779878073"
2030-01-03 07:00:00,"0,0","564,4336265874747","28544,766153994806"
2030-01-03 08:00:00,"0,0","580,0524638903985","27962,22315925747"
2030-01-03 09:00:00,"0,0","566,4406901901091","27393,342765096717"
2030-01-03 10:00:00,"0,0","531,0781632740609","26859,8745326664"
2030-01-03 11:00:00,"0,0","508,7771493523704","26348,753859261054"
2030-01-03 12:00:00,"0,0","475,00647901625126","25871,448451470584"
2030-01-03 13:00:00,"0,0","430,09338738155776","25439,097780211632"
2030-01-03 14:00:00,"0,0","433,41823976677193","25003,459979163537"
2030-01-03 15:00:00,"0,0","412,71150868366436","24588,56691859669"
2030-01-03 16:00:00,"0,0","401,9967759310418","24184,424790202003"
2030-01-03 17:00:00,"0,0","402,81112699626334","23779,503572142796"
2030-01-03 18:00:00,"0,0","377,1872739129481","23400,24153654318"
2030-01-03 19:00:00,"0,0","324,93703195375025","23073,262833515364"
2030-01-03 20:00:00,"0,0","263,97001545522204","22807,27967587792"
2030-01-03 21:00:00,"0,0","213,45827016245954","22591,83147056374"
2030-01-03 22:00:00,"0,0","161,7838983227411","22428,076434945193"
2030-01-03 23:00:00,"0,0","76,02799885747987","22350,091586418763"
2030-01-04 00:00:00,"0,0","131,14944109116317","22216,992099836687"
2030-01-04 01:00:00,"0,0","127,37972554735217","22087,673941728626"
2030-01-04 02:00:00,"0,0","136,40851065677617","21949,338281520435"
2030-01-04 03:00:00,"0,0","159,12594710004356","21788,29725465533"
2030-01-04 04:00:00,"0,0","231,94795532082122","21554,448270399036"
2030-01-04 05:00:00,"0,0","478,6828361808244","21073,884808606617"
2030-01-04 06:00:00,"0,0","569,1671066618292","20502,879005495237"
2030-01-04 07:00:00,"0,0","575,828131150173","19925,261998151833"
2030-01-04 08:00:00,"0,0","602,8998648500719","19320,623654192423"
2030-01-04 09:00:00,"0,0","590,8099432656632","18728,127986512933"
2030-01-04 10:00:00,"0,0","562,3580839055232","18164,135873440584"
2030-01-04 11:00:00,"0,0","563,5740516392739","17598,977000946354"
2030-01-04 12:00:00,"0,0","525,7127727797911","17071,72871742323"
2030-01-04 13:00:00,"0,0","471,91978957477824","16598,319419517855"
2030-01-04 14:00:00,"0,0","463,7665544608661","16133,104661687636"
2030-01-04 15:00:00,"0,0","458,98412677616096","15672,712921529743"
2030-01-04 16:00:00,"0,0","430,08412880435077","15241,261348522989"
2030-01-04 17:00:00,"0,0","442,9916349013127","14796,939913569016"
2030-01-04 18:00:00,"0,0","426,216647433103","14369,432233128455"
2030-01-04 19:00:00,"0,0","395,6421034506507","13972,536396715463"
2030-01-04 20:00:00,"0,0","338,7035898573243","13632,613703057525"
2030-01-04 21:00:00,"0,0","315,06181944100155","13316,362438070932"
2030-01-04 22:00:00,"0,0","267,3796092137729","13047,820976234438"
2030-01-04 23:00:00,"0,0","154,08797696705807","12892,594576887204"
2030-01-05 00:00:00,"0,0","154,22345919061655","12737,246238819755"
2030-01-05 01:00:00,"0,0","150,47837057651435","12585,656543508903"
2030-01-05 02:00:00,"0,0","160,0118121151724","12424,54663286031"
2030-01-05 03:00:00,"0,0","183,5734746789713","12239,889116487622"
2030-01-05 04:00:00,"0,0","258,427528819502","11980,393657342707"
2030-01-05 05:00:00,"0,0","513,759767005497","11465,588600990608"
2030-01-05 06:00:00,"0,0","608,5535175435132","10856,034710841659"
2030-01-05 07:00:00,"0,0","616,6696401117654","10238,417881701373"
2030-01-05 08:00:00,"0,0","645,2255101508408","9592,299069590354"
2030-01-05 09:00:00,"0,0","632,6911733827656","8958,770968113766"
2030-01-05 10:00:00,"0,0","603,2343155035255","8354,754999843273"
2030-01-05 11:00:00,"0,0","604,3481469724647","7749,677900497072"
2030-01-05 12:00:00,"0,0","564,5996120741188","7184,402129026135"
2030-01-05 13:00:00,"0,0","507,94778397992746","6675,82750596045"
2030-01-05 14:00:00,"0,0","499,4382674913832","6175,806772519172"
2030-01-05 15:00:00,"0,0","494,6153063717557","5680,652627006514"
2030-01-05 16:00:00,"0,0","464,09606684406657","5216,060923220742"
2030-01-05 17:00:00,"0,0","477,7842161697699","4737,821605735421"
2030-01-05 18:00:00,"0,0","460,6963041297054","4276,711926670615"
2030-01-05 19:00:00,"0,0","428,55614040808695","3847,782643146926"
2030-01-05 20:00:00,"0,0","368,78981394463545","3478,657110166676"
2030-01-05 21:00:00,"0,0","344,735095836162","3133,618501497652"
2030-01-05 22:00:00,"0,0","295,2354447917498","2838,1096484916466"
2030-01-05 23:00:00,"0,0","177,8022458028368","2660,059777621979"
2030-01-06 00:00:00,"80,9916948147357","0,0","2740,819382221117"
2030-01-06 01:00:00,"66,88214656550628","0,0","2807,4623922955248"
2030-01-06 02:00:00,"56,75776473368893","0,0","2863,975205935486"
2030-01-06 03:00:00,"35,60600425913316","0,0","2899,331328357901"
2030-01-06 04:00:00,"0,0","38,472176469410726","2860,606185230091"
2030-01-06 05:00:00,"0,0","202,67047049241665","2657,686126848013"
2030-01-06 06:00:00,"0,0","292,76347595177646","2364,690767781669"
2030-01-06 07:00:00,"0,0","345,7204747357435","2018,7639737764364"
2030-01-06 08:00:00,"0,0","352,92483602876706","1665,6630005909574"
2030-01-06 09:00:00,"0,0","330,4169672185306","1335,1007042756253"
2030-01-06 10:00:00,"0,0","302,15209231474915","1032,8321244244282"
2030-01-06 11:00:00,"36,17387022337971","0,0","1068,915880044952"
2030-01-06 12:00:00,"830,5083297700639","0,0","1899,330946904482"
2030-01-06 13:00:00,"683,5376014623018","0,0","2582,7028317416666"
2030-01-06 14:00:00,"0,0","225,5268050279248","2356,9506858916725"
2030-01-06 15:00:00,"0,0","219,87539917741793","2136,8696427669106"
2030-01-06 16:00:00,"0,0","227,01714272317741","1909,6660581674018"
2030-01-06 17:00:00,"0,0","225,73047070848844","1683,7689690953384"
2030-01-06 18:00:00,"0,0","215,5773618486275","1468,0446984041573"
2030-01-06 19:00:00,"0,0","175,52467611222602","1292,3919353919957"
2030-01-06 20:00:00,"0,0","131,21670867713743","1161,0624655184954"
2030-01-06 21:00:00,"0,0","83,60511758761533","1077,3560452307636"
2030-01-06 22:00:00,"0,0","26,596329885738612","1050,6657160300786"
2030-01-06 23:00:00,"44,10125676287129","0,0","1094,6753022092264"
2030-01-07 00:00:00,"168,17685357553415","0,0","1262,7566453646427"
2030-01-07 01:00:00,"152,49019826753363","0,0","1415,1366681148681"
2030-01-07 02:00:00,"148,44589995765756","0,0","1563,4590973982326"
2030-01-07 03:00:00,"131,67904421027345","0,0","1695,001729802258"
2030-01-07 04:00:00,"58,170011034906054","0,0","1753,023851936239"
2030-01-07 05:00:00,"0,0","74,54426584290928","1678,3266347622484"
2030-01-07 06:00:00,"0,0","145,67728770334298","1532,5029130600226"
2030-01-07 07:00:00,"0,0","185,78042993789865","1346,5887722429595"
2030-01-07 08:00:00,"0,0","189,1210716112003","1157,350210761381"
2030-01-07 09:00:00,"0,0","148,29796892166638","1008,9512630338259"
2030-01-07 10:00:00,"0,0","116,72646870947284","892,1367633266533"
2030-01-07 11:00:00,"0,0","94,8119663445662","797,2469580494869"
2030-01-07 12:00:00,"0,0","76,31518527261375","720,8622129797834"
2030-01-07 13:00:00,"0,0","57,967487978902966","662,8318297727981"
2030-01-07 14:00:00,"0,0","53,297549575337996","609,4764481203124"
2030-01-07 15:00:00,"0,0","47,802841505096524","561,6204297951173"
2030-01-07 16:00:00,"0,0","59,16167402961395","502,40975438300376"
2030-01-07 17:00:00,"0,0","68,64052116615272","433,7253979657811"
2030-01-07 18:00:00,"0,0","61,95612406470178","371,7314313601068"
2030-01-07 19:00:00,"0,0","51,57936519966216","320,1196325930585"
2030-01-07 20:00:00,"0,0","24,85979978720178","295,231902367913"
2030-01-07 21:00:00,"15,859364618899463","0,0","311,0655080033309"
2030-01-07 22:00:00,"73,55672746344027","0,0","384,5950950011979"
2030-01-07 23:00:00,"130,02445293072174","0,0","514,5859920098808"
2030-01-08 00:00:00,"275,118929127661","0,0","789,660023509739"
2030-01-08 01:00:00,"259,0831316131479","0,0","1048,6742572858357"
2030-01-08 02:00:00,"268,7517881141175","0,0","1317,334548571005"
2030-01-08 03:00:00,"256,46345968355087","0,0","1573,6830708151929"
2030-01-08 04:00:00,"215,0843341432962","0,0","1788,6301011105604"
2030-01-08 05:00:00,"140,9473139844901","0,0","1929,4213571187288"
2030-01-08 06:00:00,"112,66023179540736","0,0","2041,9132469007275"
2030-01-08 07:00:00,"95,57222686122901","0,0","2137,3073168311644"
2030-01-08 08:00:00,"90,57970423386445","0,0","2227,7005410016354"
2030-01-08 09:00:00,"105,24204439945441","0,0","2332,7482185288873"
2030-01-08 10:00:00,"127,21423784075353","0,0","2459,758924087574"
2030-01-08 11:00:00,"143,29735950820424","0,0","2602,8416696296517"
2030-01-08 12:00:00,"153,19487156387248","0,0","2755,809443257849"
2030-01-08 13:00:00,"174,43302537753237","0,0","2930,0020242614573"
2030-01-08 14:00:00,"184,04048640392944","0,0","3113,78686798877"
2030-01-08 15:00:00,"184,1088755690359","0,0","3297,624065653574"
2030-01-08 16:00:00,"177,73678418803848","0,0","3475,0731321418843"
2030-01-08 17:00:00,"174,725992889133","0,0","3649,495924900238"
2030-01-08 18:00:00,"172,13406776354412","0,0","3821,311574144335"
2030-01-08 19:00:00,"172,6452118361222","0,0","3993,623376545613"
2030-01-08 20:00:00,"176,3641125373261","0,0","4169,639045443336"
2030-01-08 21:00:00,"194,68054074568045","0,0","4363,955785182301"
2030-01-08 22:00:00,"231,72417446637024","0,0","4595,299204506415"
2030-01-08 23:00:00,"273,5400893405883","0,0","4868,438353991411"
2030-01-09 00:00:00,"226,58355819379437","0,0","5094,597140938819"
2030-01-09 01:00:00,"189,065702473876","0,0","5283,218339812148"
2030-01-09 02:00:00,"196,28390439994166","0,0","5479,041283411942"
2030-01-09 03:00:00,"179,2955610746139","0,0","5657,858798134578"
2030-01-09 04:00:00,"105,06319259021086","0,0","5762,428342544652"
2030-01-09 05:00:00,"0,0","25,438112853345558","5736,487457818419"
2030-01-09 06:00:00,"28,602436022878408","0,0","5764,589385310603"
2030-01-09 07:00:00,"21,699754816128802","0,0","5785,786179702864"
2030-01-09 08:00:00,"47,90167205350161","0,0","5833,183041912186"
2030-01-09 09:00:00,"59,372412096610844","0,0","5892,04650878839"
2030-01-09 10:00:00,"89,89555689915449","0,0","5981,427984629653"
2030-01-09 11:00:00,"97,51022909281454","0,0","6078,4163341308085"
2030-01-09 12:00:00,"100,46290469244269","0,0","6178,348896998099"
2030-01-09 13:00:00,"124,65906077299275","0,0","6302,468896829829"
2030-01-09 14:00:00,"127,38716092611821","0,0","6429,306167344698"
2030-01-09 15:00:00,"122,83227520951488","0,0","6551,577485591112"
2030-01-09 16:00:00,"107,82121301504492","0,0","6658,827073470539"
2030-01-09 17:00:00,"90,82253927140476","0,0","6749,068630079784"
2030-01-09 18:00:00,"69,22632505152018","0,0","6817,70609889333"
2030-01-09 19:00:00,"57,55059992923219","0,0","6874,661853965434"
2030-01-09 20:00:00,"46,24644252324293","0,0","6920,308482241918"
2030-01-09 21:00:00,"58,45930749901612","0,0","6978,163992825858"
2030-01-09 22:00:00,"111,32977544843976","0,0","7088,884923465925"
2030-01-09 23:00:00,"162,73650818190856","0,0","7251,002926438261"
2030-01-10 00:00:00,"0,0","31,576083563052237","7218,7941928698765"
2030-01-10 01:00:00,"0,0","38,270302075112056","7179,894051001436"
2030-01-10 02:00:00,"0,0","45,14208574810647","7134,12551949738"
2030-01-10 03:00:00,"0,0","72,99038838252528","7060,512678663278"
2030-01-10 04:00:00,"0,0","145,66533201571093","6914,2313169163535"
2030-01-10 05:00:00,"0,0","351,2930587858347","6562,334991448118"
2030-01-10 06:00:00,"0,0","467,3288461102515","6094,433581609863"
2030-01-10 07:00:00,"0,0","522,3949204425496","5571,506921837317"
2030-01-10 08:00:00,"0,0","537,3996549389526","5033,621152919434"
2030-01-10 09:00:00,"0,0","524,4675038698117","4508,714465604031"
2030-01-10 10:00:00,"0,0","490,8126125310669","4017,5084677358404"
2030-01-10 11:00:00,"0,0","469,4248167827564","3547,7331233392742"
2030-01-10 12:00:00,"0,0","437,495937539439","3109,9276460848237"
2030-01-10 13:00:00,"0,0","394,94596507907073","2714,710339818632"
2030-01-10 14:00:00,"0,0","397,9813120549575","2316,492169286525"
2030-01-10 15:00:00,"0,0","378,09588047246433","1938,1941748722907"
2030-01-10 16:00:00,"0,0","368,1749907268548","1569,8500767036783"
2030-01-10 17:00:00,"0,0","368,71650743763524","1200,9965998468506"
2030-01-10 18:00:00,"0,0","344,1711711045312","856,7206417889828"
2030-01-10 19:00:00,"0,0","294,5133525144632","562,1325403985236"
2030-01-10 20:00:00,"0,0","236,5801260182996","325,5033683160742"
2030-01-10 21:00:00,"0,0","187,83856478430818","137,63640336288046"
2030-01-10 22:00:00,"0,0","137,62439458668706","0,0"
2030-01-10 23:00:00,"0,0","0,0","0,0"
2030-01-11 00:00:00,"0,0","0,0","0,0"
2030-01-11 01:00:00,"0,0","0,0","0,0"
2030-01-11 02:00:00,"1062,5382280602696","0,0","1062,5382280602696"
2030-01-11 03:00:00,"0,0","43,66908271805136","1018,77643888182"
2030-01-11 04:00:00,"173,02176180665458","0,0","1191,7093124441822"
2030-01-11 05:00:00,"0,0","308,3396592081164","883,2656765985552"
2030-01-11 06:00:00,"0,0","416,5178905466724","466,6707211215995"
2030-01-11 07:00:00,"0,0","466,63000410118167","0,0"
2030-01-11 08:00:00,"0,0","0,0","0,0"
2030-01-11 09:00:00,"0,0","0,0","0,0"
2030-01-11 10:00:00,"624,7704259501884","0,0","624,7704259501884"
2030-01-11 11:00:00,"662,5439668110585","0,0","1287,2598815415827"
2030-01-11 12:00:00,"692,033949786535","0,0","1979,1815179034531"
2030-01-11 13:00:00,"0,0","348,316257690005","1630,6925766260113"
2030-01-11 14:00:00,"0,0","350,9684005661201","1279,5818981325806"
2030-01-11 15:00:00,"0,0","332,1713615023944","947,2988931095741"
2030-01-11 16:00:00,"0,0","323,2975173200584","623,9187239610919"
2030-01-11 17:00:00,"0,0","323,4782252831379","300,3860617692884"
2030-01-11 18:00:00,"0,0","300,35985308539904","0,0"
2030-01-11 19:00:00,"0,0","0,0","0,0"
2030-01-11 20:00:00,"0,0","0,0","0,0"
2030-01-11 21:00:00,"925,9317049733463","0,0","925,9317049733463"
2030-01-11 22:00:00,"974,2073685258845","0,0","1900,0582859579717"
2030-01-11 23:00:00,"1053,2004440686","0,0","2953,0929499411222"
2030-01-12 00:00:00,"1193,6194618549275","0,0","4146,454754436168"
2030-01-12 01:00:00,"1181,1767483880449","0,0","5327,269724646888"
2030-01-12 02:00:00,"858,8403767688462","0,0","6185,645297132259"
2030-01-12 03:00:00,"839,3011639578585","0,0","7024,406763537943"
2030-01-12 04:00:00,"1083,8923538013114","0,0","8107,686237849136"
2030-01-12 05:00:00,"645,0669583250348","0,0","8752,045800549919"
2030-01-12 06:00:00,"538,9973455386897","0,0","9290,27953009251"
2030-01-12 07:00:00,"806,4473339388555","0,0","10095,916287142365"
2030-01-12 08:00:00,"800,2207063731028","0,0","10895,256124819414"
2030-01-12 09:00:00,"819,8971666506393","0,0","11714,202680373162"
2030-01-12 10:00:00,"844,910275615285","0,0","12558,090891804584"
2030-01-12 11:00:00,"871,3718952033337","0,0","13428,367093577608"
2030-01-12 12:00:00,"891,7413942977003","0,0","14318,936862846394"
2030-01-12 13:00:00,"908,7203471706603","0,0","15226,407882775771"
2030-01-12 14:00:00,"912,5254292266109","0,0","16137,60480791461"
2030-01-12 15:00:00,"918,3497939323645","0,0","17054,546595827484"
2030-01-12 16:00:00,"0,0","167,79799293688615","16885,260593700114"
2030-01-12 17:00:00,"0,0","166,05784694276787","16717,729507770546"
2030-01-12 18:00:00,"383,6758587836293","0,0","17099,946744654622"
2030-01-12 19:00:00,"0,0","120,86489243133798","16977,58988186981"
2030-01-12 20:00:00,"0,0","81,66849048064643","16894,440096671973"
2030-01-12 21:00:00,"0,0","38,05947465886953","16854,90658211467"
2030-01-12 22:00:00,"14,900379600742326","0,0","16868,336371116122"
2030-01-12 23:00:00,"79,9397567301142","0,0","16946,804365497854"
2030-01-13 00:00:00,"1297,0946791656597","0,0","18242,420435982625"
2030-01-13 01:00:00,"1285,292609730106","0,0","19526,12139452969"
2030-01-13 02:00:00,"1282,8610331490631","0,0","20807,278773587084"
2030-01-13 03:00:00,"476,58246836539917","0,0","21282,045806879487"
2030-01-13 04:00:00,"290,6243481179341","0,0","21570,81329650077"
2030-01-13 05:00:00,"727,0777380206378","0,0","22296,00898106129"
2030-01-13 06:00:00,"1037,3970503121025","0,0","23331,460704589797"
2030-01-13 07:00:00,"444,9792993072653","0,0","23774,404333950588"
2030-01-13 08:00:00,"0,0","73,08741415810931","23699,242603014343"
2030-01-13 09:00:00,"129,89165831510388","0,0","23827,066502412334"
2030-01-13 10:00:00,"551,6042087479293","0,0","24376,591799607926"
2030-01-13 11:00:00,"90,19746078329521","0,0","24464,66240275671"
2030-01-13 12:00:00,"11,94895454463341","0,0","24474,476815506703"
2030-01-13 13:00:00,"25,739410074725185","0,0","24498,080827479276"
2030-01-13 14:00:00,"29,27709422205959","0,0","24525,220464149137"
2030-01-13 15:00:00,"34,828476354867064","0,0","24557,909115018505"
2030-01-13 16:00:00,"26,296733974056508","0,0","24582,063171422276"
2030-01-13 17:00:00,"20,779316743000834","0,0","24600,697703153568"
2030-01-13 18:00:00,"26,823571892990117","0,0","24625,374864171958"
2030-01-13 19:00:00,"35,31151488283291","0,0","24658,53781509789"
2030-01-13 20:00:00,"55,60868129686895","0,0","24711,99503897039"
2030-01-13 21:00:00,"89,32737950206007","0,0","24799,166296905303"
2030-01-13 22:00:00,"137,98763339064436","0,0","24934,99020303654"
2030-01-13 23:00:00,"185,2809997199592","0,0","25118,095624861286"
2030-01-14 00:00:00,"280,08132341767856","0,0","25395,985394435695"
2030-01-14 01:00:00,"281,6367548551785","0,0","25675,406349565208"
2030-01-14 02:00:00,"274,7241478816872","0,0","25947,890318242895"
2030-01-14 03:00:00,"260,6780901379989","0,0","26206,30445495063"
2030-01-14 04:00:00,"204,47890011162912","0,0","26408,496854998564"
2030-01-14 05:00:00,"98,7899765260459","0,0","26504,98269017401"
2030-01-14 06:00:00,"25,80755746733479","0,0","26528,477687901628"
2030-01-14 07:00:00,"28,471365671610556","0,0","26554,63444389497"
2030-01-14 08:00:00,"53,36140304456654","0,0","26605,67895508431"
2030-01-14 09:00:00,"74,54283041898526","0,0","26677,900440014462"
2030-01-14 10:00:00,"97,80373458934076","0,0","26773,37652779041"
2030-01-14 11:00:00,"113,69997252611273","0,0","26884,740523214474"
2030-01-14 12:00:00,"124,0736932641612","0,0","27006,46852286799"
2030-01-14 13:00:00,"133,23992506826943","0,0","27137,352133557637"
2030-01-14 14:00:00,"145,76693824455168","0,0","27280,751337828537"
2030-01-14 15:00:00,"154,5649490514965","0,0","27432,936041325807"
2030-01-14 16:00:00,"155,38418680168235","0,0","27585,926704457885"
2030-01-14 17:00:00,"158,3206850131677","0,0","27741,84051736609"
2030-01-14 18:00:00,"151,24032892301528","0,0","27890,66037070397"
2030-01-14 19:00:00,"141,46232406797333","0,0","28029,689234654597"
2030-01-14 20:00:00,"147,44104990572015","0,0","28174,684694174593"
2030-01-14 21:00:00,"163,4799707000413","0,0","28335,70642363507"
2030-01-14 22:00:00,"210,34889308701287","0,0","28543,583026336622"
2030-01-14 23:00:00,"256,3044904096873","0,0","28797,397089127262"
2030-01-15 00:00:00,"257,0310764514153","0,0","29051,91559268265"
2030-01-15 01:00:00,"238,97772361170854","0,0","29288,358536658896"
2030-01-15 02:00:00,"249,98974865514452","0,0","29535,79287603172"
2030-01-15 03:00:00,"236,5002483789542","0,0","29769,71612648224"
2030-01-15 04:00:00,"191,18646184121633","0,0","29958,30518059142"
2030-01-15 05:00:00,"110,288835042215","0,0","30065,980153506625"
2030-01-15 06:00:00,"78,04191090935319","0,0","30141,398807647583"
2030-01-15 07:00:00,"57,88847167221377","0,0","30196,65744227383"
2030-01-15 08:00:00,"52,021019030868786","0,0","30246,04380294286"
2030-01-15 09:00:00,"68,76310199411432","0,0","30312,167937615166"
2030-01-15 10:00:00,"94,04324169969829","0,0","30403,566442662308"
2030-01-15 11:00:00,"112,39303149440849","0,0","30513,306762984594"
2030-01-15 12:00:00,"122,9190355571381","0,0","30633,56351252666"
2030-01-15 13:00:00,"146,3420896989295","0,0","30777,23282380912"
2030-01-15 14:00:00,"156,60586678523623","0,0","30931,15337703048"
2030-01-15 15:00:00,"156,49697441327754","0,0","31084,95160831161"
2030-01-15 16:00:00,"149,51587770291297","0,0","31231,7553239867"
2030-01-15 17:00:00,"146,47924026664782","0,0","31375,50959360133"
2030-01-15 18:00:00,"143,8682407006849","0,0","31516,640321089977"
2030-01-15 19:00:00,"144,6526000306324","0,0","31658,543094252596"
2030-01-15 20:00:00,"148,626504991908","0,0","31804,40739135953"
2030-01-15 21:00:00,"168,4715875281118","0,0","31970,10404434275"
2030-01-15 22:00:00,"209,14709305797322","0,0","32176,461745822853"
2030-01-15 23:00:00,"254,87748966514752","0,0","32428,531839200677"
2030-01-16 00:00:00,"224,0094162357928","0,0","32649,7118660335"
2030-01-16 01:00:00,"185,9753844810379","0,0","32832,838563154226"
2030-01-16 02:00:00,"193,32057693061267","0,0","33023,29447492021"
2030-01-16 03:00:00,"176,14969362628239","0,0","33196,56288610356"
2030-01-16 04:00:00,"101,06468968335378","0,0","33294,7311756751"
2030-01-16 05:00:00,"0,0","30,925922734179096","33260,90028764584"
2030-01-16 06:00:00,"24,03712924537041","0,0","33282,03540334111"
2030-01-16 07:00:00,"16,956985045446515","0,0","33296,08853079762"
2030-01-16 08:00:00,"43,53744127987994","0,0","33336,720888353186"
2030-01-16 09:00:00,"55,09146797579996","0,0","33388,903727431476"
2030-01-16 10:00:00,"86,0547952337414","0,0","33472,045340815"
2030-01-16 11:00:00,"93,73334961102074","0,0","33562,85825447003"
2030-01-16 12:00:00,"96,70386709969051","0,0","33656,633762187026"
2030-01-16 13:00:00,"121,21026426029488","0,0","33774,90748515157"
2030-01-16 14:00:00,"123,98835768415682","0,0","33895,94898215765"
2030-01-16 15:00:00,"119,39771157960212","0,0","34012,38927218856"
2030-01-16 16:00:00,"104,24640701443366","0,0","34113,668098238995"
2030-01-16 17:00:00,"87,15061787326778","0,0","34197,84229857069"
2030-01-16 18:00:00,"65,31560209233521","0,0","34260,17413892248"
2030-01-16 19:00:00,"53,52862483932398","0,0","34310,713563568184"
2030-01-16 20:00:00,"42,033270296023545","0,0","34349,753224105785"
2030-01-16 21:00:00,"54,30670309396004","0,0","34401,06291123094"
2030-01-16 22:00:00,"107,78809316846576","0,0","34505,849511660395"
2030-01-16 23:00:00,"159,70460769049208","0,0","34662,543483981"
2030-01-17 00:00:00,"118,85168234880513","0,0","34778,370859410825"
2030-01-17 01:00:00,"106,6499505490944","0,0","34881,98639710244"
2030-01-17 02:00:00,"97,74584109323473","0,0","34976,68878488253"
2030-01-17 03:00:00,"78,42386790571817","0,0","35052,06093669176"
2030-01-17 04:00:00,"10,494048590001796","0,0","35059,49669296504"
2030-01-17 05:00:00,"0,0","138,67508645392508","34917,76266542465"
2030-01-17 06:00:00,"0,0","217,71017011882242","34697,00592051327"
2030-01-17 07:00:00,"0,0","262,23100838275656","34431,74759836395"
2030-01-17 08:00:00,"0,0","268,26520530825957","34160,47822307774"
2030-01-17 09:00:00,"0,0","249,0529790673134","33908,44474228547"
2030-01-17 10:00:00,"0,0","224,56551621898103","33680,92071426273"
2030-01-17 11:00:00,"0,0","198,60624392105393","33479,375810009355"
2030-01-17 12:00:00,"0,0","178,72790313742684","33297,726831332504"
2030-01-17 13:00:00,"0,0","162,17786713061452","33132,64373753585"
2030-01-17 14:00:00,"0,0","158,45724506224548","32971,29566930751"
2030-01-17 15:00:00,"0,0","152,62001465666236","32815,7989091037"
2030-01-17 16:00:00,"0,0","158,92617220109543","32654,009558447786"
2030-01-17 17:00:00,"0,0","157,1541601760262","32494,006335937785"
2030-01-17 18:00:00,"0,0","147,6467804325726","32343,524453452403"
2030-01-17 19:00:00,"0,0","112,86933910710087","32227,83314183674"
2030-01-17 20:00:00,"0,0","74,53065674840724","32150,49060664671"
2030-01-17 21:00:00,"0,0","31,491287107452365","32116,194189233825"
2030-01-17 22:00:00,"20,953848253828596","0,0","32134,345899544645"
2030-01-17 23:00:00,"1165,0874595858745","0,0","33296,62963745079"
2030-01-18 00:00:00,"958,2021356810767","0,0","34251,926642196"
2030-01-18 01:00:00,"155,94670473795173","0,0","34404,88486633442"
2030-01-18 02:00:00,"152,10872443219893","0,0","34553,99176456203"
2030-01-18 03:00:00,"135,4305356649075","0,0","34686,40746444548"
2030-01-18 04:00:00,"62,41417250631832","0,0","34745,795247900525"
2030-01-18 05:00:00,"0,0","69,2270455100425","34673,5366317551"
2030-01-18 06:00:00,"0,0","139,1874986658616","34531,32386701812"
2030-01-18 07:00:00,"0,0","178,16802948511946","34350,14297952561"
2030-01-18 08:00:00,"0,0","181,3216794646117","34165,824250086036"
2030-01-18 09:00:00,"0,0","141,3018287437937","34021,54145317642"
2030-01-18 10:00:00,"0,0","110,35555550230725","33908,217518182326"
2030-01-18 11:00:00,"990,9811442954376","0,0","34896,2401704993"
2030-01-18 12:00:00,"1009,1086836923503","0,0","35902,30415723678"
2030-01-18 13:00:00,"1027,0834747836254","0,0","36926,25515598269"
2030-01-18 14:00:00,"1031,6453643756447","0,0","37954,67870459598"
2030-01-18 15:00:00,"1013,9234762361739","0,0","38965,290635115176"
2030-01-18 16:00:00,"0,0","53,91073092340372","38907,98018258386"
2030-01-18 17:00:00,"0,0","63,15660159269481","38841,42885972023"
2030-01-18 18:00:00,"0,0","56,64349532269654","38781,396449729524"
2030-01-18 19:00:00,"1033,2522293047857","0,0","39811,26500219407"
2030-01-18 20:00:00,"1059,412300959071","0,0","40867,2037702817"
2030-01-18 21:00:00,"1099,739461133018","0,0","41963,377567885764"
2030-01-18 22:00:00,"1157,016059335034","0,0","43116,732322528005"
2030-01-18 23:00:00,"1213,224994129503","0,0","44326,195381762365"
2030-01-19 00:00:00,"1142,1722441583988","0,0","45464,500165373705"
2030-01-19 01:00:00,"1127,1456764303578","0,0","46587,67906416464"
2030-01-19 02:00:00,"803,1409995486251","0,0","47386,755288714914"
2030-01-19 03:00:00,"781,1420754453852","0,0","48163,76286976136"
2030-01-19 04:00:00,"704,1791038452933","0,0","48863,73968529627"
2030-01-19 05:00:00,"532,9938457894967","0,0","49392,470169798224"
2030-01-19 06:00:00,"750,3747709682241","0,0","50138,53544774413"
2030-01-19 07:00:00,"692,9281605349622","0,0","50827,08902106128"
2030-01-19 08:00:00,"685,0750482624635","0,0","51507,729405806655"
2030-01-19 09:00:00,"709,254306867085","0,0","52212,489663283086"
2030-01-19 10:00:00,"739,4279457751766","0,0","52947,36206933514"
2030-01-19 11:00:00,"457,63570076813073","0,0","53400,37811276272"
2030-01-19 12:00:00,"482,6500956388186","0,0","53878,3690254112"
2030-01-19 13:00:00,"503,60626029331445","0,0","54377,27439800705"
2030-01-19 14:00:00,"508,1921968194978","0,0","54880,72217763532"
2030-01-19 15:00:00,"513,7710391413289","0,0","55389,70487376665"
2030-01-19 16:00:00,"506,28667735384045","0,0","55891,158799370256"
2030-01-19 17:00:00,"820,6670830443343","0,0","56706,949378809346"
2030-01-19 18:00:00,"831,2148070679063","0,0","57533,21650454395"
2030-01-19 19:00:00,"874,0243602470462","0,0","58402,22109165097"
2030-01-19 20:00:00,"921,3994814804041","0,0","59318,52497934113"
2030-01-19 21:00:00,"971,1880315617234","0,0","60284,53746959841"
2030-01-19 22:00:00,"1030,2668822872968","0,0","61309,54452599148"
2030-01-19 23:00:00,"1103,7516915441606","0,0","62407,94695977575"
2030-01-20 00:00:00,"1070,8711706082095","0,0","63473,37303701172"
2030-01-20 01:00:00,"1064,6521843619562","0,0","64532,4871695762"
2030-01-20 02:00:00,"744,7704446595685","0,0","65271,62715473022"
2030-01-20 03:00:00,"718,1032918756079","0,0","65984,03549713657"
2030-01-20 04:00:00,"961,1534496979666","0,0","66939,43183973743"
2030-01-20 05:00:00,"764,4913747282858","0,0","67698,0827490377"
2030-01-20 06:00:00,"655,0486128832861","0,0","68347,22470420113"
2030-01-20 07:00:00,"604,1396000262853","0,0","68945,40100887198"
2030-01-20 08:00:00,"589,8171505641026","0,0","69529,20267319806"
2030-01-20 09:00:00,"601,9940324905772","0,0","70125,1302827554"
2030-01-20 10:00:00,"633,7498386473644","0,0","70752,7617037856"
2030-01-20 11:00:00,"654,1212459013645","0,0","71400,7097712283"
2030-01-20 12:00:00,"684,0038084575112","0,0","72078,48386775827"
2030-01-20 13:00:00,"723,9264984885069","0,0","72796,12151852933"
2030-01-20 14:00:00,"721,210861125142","0,0","73510,98091805198"
2030-01-20 15:00:00,"740,1849785836916","0,0","74244,75206355058"
2030-01-20 16:00:00,"0,0","330,54167322089125","73907,73253571216"
2030-01-20 17:00:00,"0,0","330,7806321219744","73570,50345392645"
2030-01-20 18:00:00,"0,0","307,43094528474427","73256,65348221535"
2030-01-20 19:00:00,"0,0","260,6565609831343","72989,6052782159"
2030-01-20 20:00:00,"0,0","206,09774408104983","72777,13919107431"
2030-01-20 21:00:00,"0,0","159,3260350983117","72611,46335058157"
2030-01-20 22:00:00,"0,0","110,73767370550462","72494,39032669875"
2030-01-20 23:00:00,"0,0","31,11723421502205","72456,94795692772"
2030-01-21 00:00:00,"0,0","29,1258587939775","72421,50022942449"
2030-01-21 01:00:00,"0,0","35,75800862090131","72379,42344490858"
2030-01-21 02:00:00,"0,0","42,58730083740704","72330,52103937561"
2030-01-21 03:00:00,"0,0","70,25354424076153","72253,95665717416"
2030-01-21 04:00:00,"0,0","142,44505346201282","72105,20744599382"
2030-01-21 05:00:00,"0,0","346,6903527845603","71752,2259138596"
2030-01-21 06:00:00,"0,0","462,56703728321185","71283,39849486538"
2030-01-21 07:00:00,"0,0","517,7226110584904","70759,45640728822"
2030-01-21 08:00:00,"0,0","532,6518718028316","70220,63077291385"
2030-01-21 09:00:00,"0,0","519,7976825803586","69694,7063402986"
2030-01-21 10:00:00,"0,0","486,2986953952301","69202,32678177518"
2030-01-21 11:00:00,"0,0","465,03063927451433","68731,25823948895"
2030-01-21 12:00:00,"0,0","433,1822670426196","68292,07917016493"
2030-01-21 13:00:00,"0,0","390,77284494143225","67895,3478413159"
2030-01-21 14:00:00,"0,0","393,8083271463455","67495,61564507041"
2030-01-21 15:00:00,"0,0","373,9163177150516","67115,81033489032"
2030-01-21 16:00:00,"0,0","363,89316207423883","66746,06131836437"
2030-01-21 17:00:00,"0,0","364,32024287483824","66375,91748163951"
2030-01-21 18:00:00,"0,0","339,7596488968862","66030,36653394235"
2030-01-21 19:00:00,"0,0","290,1993873728432","65734,40599708942"
2030-01-21 20:00:00,"0,0","232,46092948981817","65496,20974067635"
2030-01-21 21:00:00,"0,0","184,04433226066095","65306,45086411581"
2030-01-21 22:00:00,"0,0","134,21260471115767","65166,54027156676"
2030-01-21 23:00:00,"0,0","52,158720999755985","65108,695769928316"
2030-01-22 00:00:00,"12,62848534655717","0,0","65115,64352156895"
2030-01-22 01:00:00,"1,9629043563992923","0,0","65111,925086028095"
2030-01-22 02:00:00,"0,0","7,796880719955311","65098,44718984438"
2030-01-22 03:00:00,"0,0","16,37820603137652","65076,389144295696"
2030-01-22 04:00:00,"0,0","79,20718649552674","64991,50404284734"
2030-01-22 05:00:00,"0,0","207,8065345984457","64778,02699952116"
2030-01-22 06:00:00,"0,0","313,7853343736918","64458,589782291754"
2030-01-22 07:00:00,"0,0","357,67768123960315","64095,28808909364"
2030-01-22 08:00:00,"0,0","350,44599314086446","63739,24978206701"
2030-01-22 09:00:00,"0,0","320,66810437681323","63413,020428146716"
2030-01-22 10:00:00,"0,0","318,71952918729784","63088,76811292706"
2030-01-22 11:00:00,"0,0","291,8014708457716","62791,46214706344"
2030-01-22 12:00:00,"0,0","261,70578108609294","62524,27781090501"
2030-01-22 13:00:00,"0,0","248,20875595674494","62270,613811709256"
2030-01-22 14:00:00,"0,0","221,29103241758145","62043,88966823661"
2030-01-22 15:00:00,"0,0","165,06273064365752","61873,4136082194"
2030-01-22 16:00:00,"0,0","185,9739233353244","61682,04122954676"
2030-01-22 17:00:00,"451,92161209473124","0,0","62128,58108354422"
2030-01-22 18:00:00,"947,6131637342426","0,0","63070,77352857892"
2030-01-22 19:00:00,"950,3128690987492","0,0","64015,58347268731"
2030-01-22 20:00:00,"956,6920419373128","0,0","64966,69015496663"
2030-01-22 21:00:00,"656,7183347519715","0,0","65617,74014600259"
2030-01-22 22:00:00,"777,429230718427","0,0","66389,44422889326"
2030-01-22 23:00:00,"972,6137710512452","0,0","67356,26552093553"
2030-01-23 00:00:00,"1114,4915409976181","0,0","68464,88022776647"
2030-01-23 01:00:00,"331,3808739463361","0,0","68790,28754091293"
2030-01-23 02:00:00,"22,872554153723513","0,0","68807,15814247871"
2030-01-23 03:00:00,"0,0","29,565513697231893","68771,58920423355"
2030-01-23 04:00:00,"0,0","86,19888405364549","68679,38999902183"
2030-01-23 05:00:00,"0,0","254,87672864248287","68418,52099360194"
2030-01-23 06:00:00,"0,0","241,66755615673645","68170,88392148851"
2030-01-23 07:00:00,"0,0","255,04283965813653","67909,89317220822"
2030-01-23 08:00:00,"0,0","238,52797941250884","67665,44005461644"
2030-01-23 09:00:00,"0,0","223,87711741851575","67435,65912755317"
2030-01-23 10:00:00,"0,0","203,17420203101466","67226,60116426327"
2030-01-23 11:00:00,"0,0","172,51120538512538","67048,22443792656"
2030-01-23 12:00:00,"0,0","147,38758675202877","66894,98689359233"
2030-01-23 13:00:00,"0,0","137,07744615078428","66752,07285983508"
2030-01-23 14:00:00,"0,0","114,21555731516588","66632,0331841629"
2030-01-23 15:00:00,"0,0","125,07693015219348","66501,14260911538"
2030-01-23 16:00:00,"0,0","136,77744968930966","66358,56293473343"
2030-01-23 17:00:00,"0,0","164,63834800179865","66188,13480211559"
2030-01-23 18:00:00,"0,0","167,6527461007534","66014,70714125334"
2030-01-23 19:00:00,"0,0","153,36835238243333","65855,57900567284"
2030-01-23 20:00:00,"0,0","129,27443058083048","65720,55867582375"
2030-01-23 21:00:00,"0,0","119,64871490995762","65595,17584216932"
2030-01-23 22:00:00,"0,0","84,29812694618835","65505,15453613091"
2030-01-23 23:00:00,"0,0","16,18837531416392","65483,25083608347"
2030-01-24 00:00:00,"45,27511017738351","0,0","65522,8125326254"
2030-01-24 01:00:00,"29,381265322933416","0,0","65546,47693255487"
2030-01-24 02:00:00,"18,09032753244884","0,0","65558,84832997496"
2030-01-24 03:00:00,"0,0","4,747023333279344","65548,38129712488"
2030-01-24 04:00:00,"0,0","84,51964267907812","65458,14255817763"
2030-01-24 05:00:00,"0,0","262,58524640526144","65189,84608883417"
2030-01-24 06:00:00,"0,0","363,3961340629141","64820,762140700004"
2030-01-24 07:00:00,"0,0","424,5885120078284","64390,5180171954"
2030-01-24 08:00:00,"0,0","432,95636521899326","63951,94357927941"
2030-01-24 09:00:00,"0,0","407,29645120006955","63539,06732100205"
2030-01-24 10:00:00,"0,0","375,4254011001616","63158,09813627813"
2030-01-24 11:00:00,"0,0","342,2996906231769","62810,287901592565"
2030-01-24 12:00:00,"0,0","315,77241544464283","62489,03528852851"
2030-01-24 13:00:00,"0,0","293,52487107041276","62190,05824912917"
2030-01-24 14:00:00,"0,0","288,6868662433009","61895,94530030363"
2030-01-24 15:00:00,"0,0","283,1969433689056","61607,34793570727"
2030-01-24 16:00:00,"0,0","291,07418712691225","61310,89850747298"
2030-01-24 17:00:00,"0,0","290,18937617061744","61015,35975540759"
2030-01-24 18:00:00,"0,0","279,36588707789264","60730,67027819104"
2030-01-24 19:00:00,"0,0","234,20253778220587","60491,16898942707"
2030-01-24 20:00:00,"0,0","184,15561887461803","60301,73551605812"
2030-01-24 21:00:00,"0,0","132,28317142625252","60164,19101820808"
2030-01-24 22:00:00,"0,0","71,10466945075251","60087,83702309099"
2030-01-24 23:00:00,"5,309571503283507","0,0","60087,90393081401"
2030-01-25 00:00:00,"52,18658377321145","0,0","60134,84784496927"
2030-01-25 01:00:00,"36,637759351171496","0,0","60166,238838845966"
2030-01-25 02:00:00,"25,57368293636199","0,0","60186,56301744364"
2030-01-25 03:00:00,"3,0594239578265388","0,0","60184,371163778196"
2030-01-25 04:00:00,"0,0","75,61723874037688","60103,50283865378"
2030-01-25 05:00:00,"0,0","251,01708053021883","59847,24172750089"
2030-01-25 06:00:00,"0,0","349,7371393538626","59492,28291630631"
2030-01-25 07:00:00,"0,0","409,31920335925963","59077,773011262594"
2030-01-25 08:00:00,"0,0","417,45830818441675","58655,16016738294"
2030-01-25 09:00:00,"0,0","392,41187634802117","58257,63062831032"
2030-01-25 10:00:00,"0,0","361,2412189823998","57891,3064310556"
2030-01-25 11:00:00,"0,0","328,7923905746148","57557,463023994875"
2030-01-25 12:00:00,"0,0","302,903226057327","57249,5379092887"
2030-01-25 13:00:00,"0,0","281,2013076171182","56963,341579488995"
2030-01-25 14:00:00,"0,0","276,4720457373946","56681,899482198794"
2030-01-25 15:00:00,"0,0","270,9503740703647","56406,00361239861"
2030-01-25 16:00:00,"0,0","278,6883564932686","56122,39383209016"
2030-01-25 17:00:00,"0,0","277,72961172732363","55839,76754150099"
2030-01-25 18:00:00,"0,0","267,03833561862535","55567,85718616437"
2030-01-25 19:00:00,"0,0","222,8717867455362","55340,137103879344"
2030-01-25 20:00:00,"0,0","173,94179403550066","55161,366882881535"
2030-01-25 21:00:00,"0,0","122,89133617396698","55033,662717447034"
2030-01-25 22:00:00,"0,0","62,512166671828425","54966,348863703104"
2030-01-25 23:00:00,"12,810524073942474","0,0","54974,363573838695"
2030-01-26 00:00:00,"35,29784222119474","0,0","55004,864902838075"
2030-01-26 01:00:00,"18,923577072831108","0,0","55018,98930544813"
2030-01-26 02:00:00,"7,293080434115097","0,0","55021,48197906534"
2030-01-26 03:00:00,"0,0","15,974834232825856","55000,70652052984"
2030-01-26 04:00:00,"0,0","97,22885769830242","54898,67885118762"
2030-01-26 05:00:00,"0,0","278,85587320123733","54615,03306825662"
2030-01-26 06:00:00,"0,0","382,9477282794924","54227,32017834193"
2030-01-26 07:00:00,"0,0","446,71855787474794","53775,87028678161"
2030-01-26 08:00:00,"0,0","455,4703273122367","53315,708014786855"
2030-01-26 09:00:00,"0,0","428,88823307116064","52882,1679861914"
2030-01-26 10:00:00,"0,0","395,96517706306423","52481,58883997154"
2030-01-26 11:00:00,"0,0","361,836430735574","52115,173390609685"
2030-01-26 12:00:00,"0,0","334,3276683004297","51776,29867343092"
2030-01-26 13:00:00,"0,0","311,2246625992032","51460,55652877246"
2030-01-26 14:00:00,"0,0","306,2153653916292","51149,8512298237"
2030-01-26 15:00:00,"0,0","300,75283264663","50844,635572657266"
2030-01-26 16:00:00,"0,0","308,7805837892702","50531,418794414276"
2030-01-26 17:00:00,"0,0","307,95404640871726","50219,05588171575"
2030-01-26 18:00:00,"0,0","296,8788587207235","49917,79541036935"
2030-01-26 19:00:00,"0,0","250,1558016352016","49663,2842810846"
2030-01-26 20:00:00,"0,0","198,39593163822434","49460,555227892844"
2030-01-26 21:00:00,"0,0","145,38893663881316","49310,8508578104"
2030-01-26 22:00:00,"0,0","83,1833692719502","49223,3651168011"
2030-01-26 23:00:00,"0,0","5,427102174252411","49213,643276020404"
2030-01-27 00:00:00,"0,0","51,95958841049509","49157,38979723408"
2030-01-27 01:00:00,"0,0","59,08053033889706","49094,02028463537"
2030-01-27 02:00:00,"0,0","66,18093336491046","49023,55589800063"
2030-01-27 03:00:00,"0,0","95,08950886884162","48924,18908387969"
2030-01-27 04:00:00,"0,0","169,97720536258004","48749,943243019545"
2030-01-27 05:00:00,"0,0","383,65728450287054","48362,032525968716"
2030-01-27 06:00:00,"0,0","505,62557580329315","47852,187362827535"
2030-01-27 07:00:00,"0,0","564,4336265874748","47283,578632892655"
2030-01-27 08:00:00,"0,0","580,0524638903986","46699,40067676654"
2030-01-27 09:00:00,"0,0","566,4406901901092","46128,88546386738"
2030-01-27 10:00:00,"0,0","531,078163274061","45593,7825553366"
2030-01-27 11:00:00,"0,0","508,77714935237043","45081,02734845628"
2030-01-27 12:00:00,"0,0","475,0064790162513","44602,087549803866"
2030-01-27 13:00:00,"0,0","430,0933873815578","44168,10263028359"
2030-01-27 14:00:00,"0,0","433,418239766772","43730,83072356232"
2030-01-27 15:00:00,"0,0","412,7115086836644","43314,303699898024"
2030-01-27 16:00:00,"0,0","401,9967759310418","42908,52775096917"
2030-01-27 17:00:00,"0,0","402,8111269962634","42501,97285492663"
2030-01-27 18:00:00,"0,0","377,18727391294817","42121,07728388209"
2030-01-27 19:00:00,"0,0","324,93703195375025","41792,46518793532"
2030-01-27 20:00:00,"0,0","263,97001545522204","41524,848779892454"
2030-01-27 21:00:00,"0,0","213,45827016245954","41307,76746667395"
2030-01-27 22:00:00,"0,0","161,7838983227411","41142,37946563974"
2030-01-27 23:00:00,"0,0","76,02799885747987","41062,76179417388"
2030-01-28 00:00:00,"0,0","53,39572953154624","41005,78333867579"
2030-01-28 01:00:00,"0,0","60,53418427177877","40941,67139980771"
2030-01-28 02:00:00,"0,0","67,6344520687656","40870,46478690932"
2030-01-28 03:00:00,"0,0","96,56476381873898","40770,33407503792"
2030-01-28 04:00:00,"0,0","171,39185650889414","40595,38500688098"
2030-01-28 05:00:00,"0,0","385,2291421705605","40206,613917368566"
2030-01-28 06:00:00,"0,0","508,16175343467455","39694,944136869606"
2030-01-28 07:00:00,"0,0","567,7666706379467","39123,71408235572"
2030-01-28 08:00:00,"0,0","583,4271880232008","38536,87335027883"
2030-01-28 09:00:00,"0,0","569,7637818621565","37963,74722621686"
2030-01-28 10:00:00,"0,0","534,232701578586","37426,20218769279"
2030-01-28 11:00:00,"0,0","511,87781801986813","36911,05893353204"
2030-01-28 12:00:00,"0,0","477,8379707090599","36430,00047293103"
2030-01-28 13:00:00,"0,0","432,61591212569886","35994,20604326408"
2030-01-28 14:00:00,"0,0","435,9952712136336","35555,07027757317"
2030-01-28 15:00:00,"0,0","415,1265630627948","35136,84153462866"
2030-01-28 16:00:00,"0,0","404,16107212205054","34729,614773082714"
2030-01-28 17:00:00,"0,0","404,9134131212944","34321,67120107247"
2030-01-28 18:00:00,"0,0","379,0722469026585","33939,60438835752"
2030-01-28 19:00:00,"0,0","326,4259351438596","33610,217222730775"
2030-01-28 20:00:00,"0,0","265,0779321821129","33342,206799095984"
2030-01-28 21:00:00,"0,0","214,55232061420594","33124,74537093855"
2030-01-28 22:00:00,"0,0","162,98212276875216","32958,873114136186"
2030-01-28 23:00:00,"0,0","77,46822818371635","32878,52922427326"
2030-01-29 00:00:00,"0,0","57,86972778010073","32817,79084481834"
2030-01-29 01:00:00,"0,0","68,62641354705448","32746,30107902008"
2030-01-29 02:00:00,"0,0","67,95638815508465","32675,48757609585"
2030-01-29 03:00:00,"0,0","79,31756291810285","32593,31907688673"
2030-01-29 04:00:00,"0,0","126,6961327268661","32463,77917707041"
2030-01-29 05:00:00,"0,0","325,0529475621361","32135,89376477507"
2030-01-29 06:00:00,"0,0","462,020513589042","31671,06939445505"
2030-01-29 07:00:00,"0,0","436,3788106624189","31231,927282987966"
2030-01-29 08:00:00,"0,0","448,0789887707666","30781,12330856176"
2030-01-29 09:00:00,"0,0","424,45269819832913","30353,984957354758"
2030-01-29 10:00:00,"0,0","392,52909756649655","29958,807474600733"
2030-01-29 11:00:00,"0,0","399,4672106187069","29556,726358029868"
2030-01-29 12:00:00,"0,0","366,3743474078496","29187,77318624728"
2030-01-29 13:00:00,"0,0","352,5020290212761","28832,724524015503"
2030-01-29 14:00:00,"0,0","322,81329606174546","28507,39557273904"
2030-01-29 15:00:00,"0,0","291,1559009943888","28213,75240148093"
2030-01-29 16:00:00,"0,0","251,98516500083593","27959,30558658307"
2030-01-29 17:00:00,"0,0","263,1695831276805","27693,69655404296"
2030-01-29 18:00:00,"0,0","228,96443884167735","27462,31584017694"
2030-01-29 19:00:00,"0,0","235,64763695209268","27224,27211616779"
2030-01-29 20:00:00,"0,0","247,16056189698367","26974,73623652867"
2030-01-29 21:00:00,"0,0","227,30942204776176","26745,073268744272"
2030-01-29 22:00:00,"0,0","190,26674723252523","26552,473013869047"
2030-01-29 23:00:00,"0,0","72,96523497618892","26477,1910756224"
2030-01-30 00:00:00,"0,0","91,78395720051418","26383,096983500538"
2030-01-30 01:00:00,"0,0","100,00801902749907","26280,787039261228"
2030-01-30 02:00:00,"0,0","117,33600083970686","26161,158039752347"
2030-01-30 03:00:00,"0,0","151,76661842279879","26007,10886029058"
2030-01-30 04:00:00,"0,0","169,23098532161436","25835,608754720903"
2030-01-30 05:00:00,"0,0","418,91259174151617","25414,44200611554"
2030-01-30 06:00:00,"0,0","345,0570494357433","25067,167546614764"
2030-01-30 07:00:00,"0,0","382,5226006326808","24682,45783561364"
2030-01-30 08:00:00,"0,0","349,4223327458786","24330,881958421607"
2030-01-30 09:00:00,"0,0","326,035596746541","24002,72349222419"
2030-01-30 10:00:00,"0,0","290,87072109462525","23709,758533504868"
2030-01-30 11:00:00,"0,0","286,3305203559474","23421,35933671688"
2030-01-30 12:00:00,"0,0","248,5401601694054","23170,775662945343"
2030-01-30 13:00:00,"0,0","241,7139651388739","22927,04004762988"
2030-01-30 14:00:00,"0,0","226,93513767910468","22698,104525706618"
2030-01-30 15:00:00,"0,0","261,1666156801386","22434,957500406614"
2030-01-30 16:00:00,"0,0","265,63281266432017","22167,367237700382"
2030-01-30 17:00:00,"0,0","301,5193681940254","21863,913766714868"
2030-01-30 18:00:00,"0,0","314,6127821990123","21547,39335803971"
2030-01-30 19:00:00,"0,0","299,2585707332399","21246,25477723598"
2030-01-30 20:00:00,"0,0","310,0920448004261","20934,308996706237"
2030-01-30 21:00:00,"0,0","327,99713670690807","20604,485341539366"
2030-01-30 22:00:00,"0,0","234,66005459846298","20368,027545594854"
2030-01-30 23:00:00,"0,0","207,19676790302543","20159,053667288477"
2030-01-31 00:00:00,"933,9898761091149","0,0","21091,28466596512"
2030-01-31 01:00:00,"937,7509915647659","0,0","22027,195442942775"
2030-01-31 02:00:00,"928,4199721242212","0,0","22953,693542264602"
2030-01-31 03:00:00,"34,832066857413565","0,0","22986,52289936045"
2030-01-31 04:00:00,"0,0","248,75966018642345","22735,757665051056"
2030-01-31 05:00:00,"0,0","501,09496273909224","22232,679007455692"
2030-01-31 06:00:00,"0,0","594,1865532250687","21636,552652987222"
2030-01-31 07:00:00,"0,0","601,6304640712639","21033,034399696986"
2030-01-31 08:00:00,"0,0","629,6079783480878","20401,591289097523"
2030-01-31 09:00:00,"0,0","617,2229694338376","19782,588280823715"
2030-01-31 10:00:00,"0,0","588,1136802497814","19192,748569746433"
2030-01-31 11:00:00,"0,0","589,2896719064161","18601,784330527305"
2030-01-31 12:00:00,"0,0","550,2563606113963","18049,904964233072"
2030-01-31 13:00:00,"0,0","494,7022660844603","17553,627843940485"
2030-01-31 14:00:00,"0,0","486,32857313520856","17065,767716775892"
2030-01-31 15:00:00,"0,0","481,53795414744184","16582,740774395163"
2030-01-31 16:00:00,"0,0","451,6610651569114","16129,632865105685"
2030-01-31 17:00:00,"0,0","465,0835801499766","15663,141974488228"
2030-01-31 18:00:00,"0,0","448,10985155275023","15213,665513798203"
2030-01-31 19:00:00,"0,0","416,59562383037235","14795,742497651754"
2030-01-31 20:00:00,"0,0","357,91191006736443","14436,539659051468"
2030-01-31 21:00:00,"0,0","333,9743129098816","14101,305758056335"
2030-01-31 22:00:00,"0,0","285,15212238120426","13814,923296747726"
2030-01-31 23:00:00,"0,0","169,1481407914269","13644,569803898657"
2030-02-01 00:00:00,"0,0","149,42060449212187","13493,958710691146"
2030-02-01 01:00:00,"0,0","145,66205374094517","13347,119309052692"
2030-02-01 02:00:00,"0,0","155,06815923718233","13190,886613655795"
2030-02-01 03:00:00,"0,0","178,45540271120984","13011,280306087545"
2030-02-01 04:00:00,"0,0","252,94915768575373","12757,195914195085"
2030-02-01 05:00:00,"0,0","506,6880423874869","12249,394806464084"
2030-02-01 06:00:00,"0,0","600,4215972632625","11647,904449503958"
2030-02-01 07:00:00,"0,0","608,0546526246239","11038,83351721612"
2030-02-01 08:00:00,"0,0","636,2541662282084","10401,616212763534"
2030-02-01 09:00:00,"0,0","623,7952070626072","9776,913464686364"
2030-02-01 10:00:00,"0,0","594,5217966861162","9181,538632300453"
2030-02-01 11:00:00,"0,0","595,687972742362","8585,049570312423"
2030-02-01 12:00:00,"0,0","556,3649997202597","8027,935525017152"
2030-02-01 13:00:00,"0,0","500,3740026669715","7526,861084975623"
2030-02-01 14:00:00,"124,28014286692367","0,0","7650,484509212883"
2030-02-01 15:00:00,"0,0","162,42760885190245","7487,389395587551"
2030-02-01 16:00:00,"0,0","191,34865775949493","7295,387463103291"
2030-02-01 17:00:00,"609,1778234316033","0,0","7903,928763978739"
2030-02-01 18:00:00,"626,2004079462153","0,0","8529,439554140297"
2030-02-01 19:00:00,"657,9457955393387","0,0","9186,641156078538"
2030-02-01 20:00:00,"717,0638275845052","0,0","9902,903449222176"
2030-02-01 21:00:00,"741,0768038934718","0,0","10643,116224789703"
2030-02-01 22:00:00,"790,1823307677739","0,0","11432,369943666865"
2030-02-01 23:00:00,"906,86582704444","0,0","12338,23829643372"
2030-02-02 00:00:00,"1037,3465876705889","0,0","13374,508372812945"
2030-02-02 01:00:00,"1030,4302510444427","0,0","14403,771698001858"
2030-02-02 02:00:00,"1023,4442253094521","0,0","15425,959194230658"
2030-02-02 03:00:00,"995,0612059682846","0,0","16419,674485259246"
2030-02-02 04:00:00,"921,317903008766","0,0","17339,559771669177"
2030-02-02 05:00:00,"711,6129206022839","0,0","18049,659815681385"
2030-02-02 06:00:00,"592,1440645580896","0,0","18640,229047420555"
2030-02-02 07:00:00,"430,4104208022011","0,0","19069,013108238367"
2030-02-02 08:00:00,"206,2240007050724","0,0","19273,573337549744"
2030-02-02 09:00:00,"219,51976375264655","0,0","19491,41148202869"
2030-02-02 10:00:00,"254,1087184287677","0,0","19743,819574805653"
2030-02-02 11:00:00,"275,97531327168383","0,0","20018,072239819434"
2030-02-02 12:00:00,"308,9551150419686","0,0","20325,280778058477"
2030-02-02 13:00:00,"352,8342544964099","0,0","20676,341651807004"
2030-02-02 14:00:00,"349,62690146449916","0,0","21024,164542462386"
2030-02-02 15:00:00,"683,2666952188621","0,0","21705,59687932492"
2030-02-02 16:00:00,"693,7065102579107","0,0","22397,409576255108"
2030-02-02 17:00:00,"8,018788545241875","0,0","22403,474190814824"
2030-02-02 18:00:00,"372,47916889591346","0,0","22773,998656587588"
2030-02-02 19:00:00,"769,3968453529887","0,0","23541,40847055779"
2030-02-02 20:00:00,"0,0","250,73626414506845","23288,61821852367"
2030-02-02 21:00:00,"0,0","201,1089077504942","23085,477378833606"
2030-02-02 22:00:00,"0,0","150,22289589067833","22933,240275041626"
2030-02-02 23:00:00,"0,0","66,05133698679589","22865,188012840837"
2030-02-03 00:00:00,"34,04925825100946","0,0","22897,242283437725"
2030-02-03 01:00:00,"17,597976310153797","0,0","22912,842475358648"
2030-02-03 02:00:00,"5,9397244834106","0,0","22916,783054336083"
2030-02-03 03:00:00,"0,0","17,421833352835506","22897,36173166176"
2030-02-03 04:00:00,"0,0","98,96722100159928","22796,396715849074"
2030-02-03 05:00:00,"0,0","281,347528683318","22513,0602015523"
2030-02-03 06:00:00,"0,0","385,56876468109124","22125,527172368624"
2030-02-03 07:00:00,"0,0","449,38806249736274","21674,20865762547"
2030-02-03 08:00:00,"0,0","458,1304189235235","21214,187163996576"
2030-02-03 09:00:00,"0,0","431,47371937469336","20780,862506791822"
2030-02-03 10:00:00,"0,0","398,462652991917","20380,586723546185"
2030-02-03 11:00:00,"0,0","364,23544207465545","20014,5730752799"
2030-02-03 12:00:00,"0,0","336,67321414055374","19676,153589638525"
2030-02-03 13:00:00,"0,0","313,5347771285872","19360,90206810924"
2030-02-03 14:00:00,"0,0","308,5211017180555","19050,69172768575"
2030-02-03 15:00:00,"0,0","303,0776834444753","18745,95187138803"
2030-02-03 16:00:00,"0,0","311,1776104194219","18433,138676667833"
2030-02-03 17:00:00,"0,0","310,41150253398683","18121,11888278431"
2030-02-03 18:00:00,"0,0","299,36756180196033","17820,17025335983"
2030-02-03 19:00:00,"0,0","252,57933195973186","17566,03611154549"
2030-02-03 20:00:00,"0,0","200,71345647929678","17363,79001841546"
2030-02-03 21:00:00,"0,0","147,5091070735437","17214,765920662812"
2030-02-03 22:00:00,"0,0","85,04182081977245","17128,222111516458"
2030-02-03 23:00:00,"0,0","6,867254536417761","17119,860419600813"
2030-02-04 00:00:00,"124,05646292089006","0,0","17242,423174700092"
2030-02-04 01:00:00,"112,14242922806108","0,0","17353,06120250616"
2030-02-04 02:00:00,"103,38367201212913","0,0","17454,930819928373"
2030-02-04 03:00:00,"84,37262069682771","0,0","17537,78049791116"
2030-02-04 04:00:00,"17,45154103747558","0,0","17553,701867600194"
2030-02-04 05:00:00,"0,0","129,19137410892841","17422,978933003324"
2030-02-04 06:00:00,"0,0","207,13169614713325","17214,327081944284"
2030-02-04 07:00:00,"0,0","250,9046637854173","16961,920468120967"
2030-02-04 08:00:00,"0,0","256,8663995278699","16703,574141032255"
2030-02-04 09:00:00,"0,0","238,04160546793554","16464,075148720513"
2030-02-04 10:00:00,"0,0","214,00894720316495","16248,62971096062"
2030-02-04 11:00:00,"0,0","188,51391203984696","16058,698105978492"
2030-02-04 12:00:00,"0,0","168,99489963227398","15888,302084936471"
2030-02-04 13:00:00,"0,0","152,73824695008904","15734,17758362947"
2030-02-04 14:00:00,"0,0","149,06759861273707","15583,73717802256"
2030-02-04 15:00:00,"0,0","143,17977540115345","15439,197721552626"
2030-02-04 16:00:00,"0,0","149,29071801692027","15288,5599335345"
2030-02-04 17:00:00,"0,0","147,37199991264953","15139,85400676765"
2030-02-04 18:00:00,"0,0","137,86056639642112","15000,672488109138"
2030-02-04 19:00:00,"0,0","103,61133434272773","14895,752345091823"
2030-02-04 20:00:00,"0,0","65,93178831377992","14828,520902385935"
2030-02-04 21:00:00,"0,0","23,600612513188025","14803,626501424014"
2030-02-04 22:00:00,"28,013576811123414","0,0","14830,348461822889"
2030-02-04 23:00:00,"91,13045614625122","0,0","14920,184970065846"
2030-02-05 00:00:00,"275,118929127661","0,0","15194,002113054868"
2030-02-05 01:00:00,"259,0831316131479","0,0","15451,759567983656"
2030-02-05 02:00:00,"268,7517881141175","0,0","15719,163190075467"
2030-02-05 03:00:00,"256,46345968355087","0,0","15974,255152770684"
2030-02-05 04:00:00,"215,0843341432962","0,0","16187,9457331519"
2030-02-05 05:00:00,"140,9473139844901","0,0","16327,480648871175"
2030-02-05 06:00:00,"112,66023179540736","0,0","16438,71630797997"
2030-02-05 07:00:00,"95,57222686122901","0,0","16532,854256843326"
2030-02-05 08:00:00,"90,57970423386445","0,0","16621,99146954328"
2030-02-05 09:00:00,"105,24204439945441","0,0","16725,78324518702"
2030-02-05 10:00:00,"127,21423784075353","0,0","16851,538158439627"
2030-02-05 11:00:00,"143,29735950820424","0,0","16993,365221243508"
2030-02-05 12:00:00,"153,19487156387248","0,0","17145,077421691825"
2030-02-05 13:00:00,"174,43302537753237","0,0","17318,014539064316"
2030-02-05 14:00:00,"184,04048640392944","0,0","17500,54402869971"
2030-02-05 15:00:00,"184,1088755690359","0,0","17683,125981802248"
2030-02-05 16:00:00,"177,73678418803848","0,0","17859,31991324837"
2030-02-05 17:00:00,"174,725992889133","0,0","18032,487680475075"
2030-02-05 18:00:00,"172,13406776354412","0,0","18203,048413688495"
2030-02-05 19:00:00,"172,6452118361222","0,0","18374,105409550524"
2030-02-05 20:00:00,"176,3641125373261","0,0","18548,866381390868"
2030-02-05 21:00:00,"194,68054074568045","0,0","18741,92853354477"
2030-02-05 22:00:00,"231,72417446637024","0,0","18972,01747474659"
2030-02-05 23:00:00,"273,5400893405883","0,0","19243,90225556251"
2030-02-06 00:00:00,"275,5677148525981","0,0","19517,790939943305"
2030-02-06 01:00:00,"247,64371150440505","0,0","19763,7317241882"
2030-02-06 02:00:00,"252,48377203953672","0,0","20014,4911106348"
2030-02-06 03:00:00,"239,01779242891638","0,0","20251,762638714314"
2030-02-06 04:00:00,"181,09168519347077","0,0","20431,087357617558"
2030-02-06 05:00:00,"79,23313461298869","0,0","20508,537879858595"
2030-02-06 06:00:00,"116,45314908124391","0,0","20623,20165900982"
2030-02-06 07:00:00,"112,68520007237333","0,0","20734,087484737447"
2030-02-06 08:00:00,"131,8581440064118","0,0","20864,136579610815"
2030-02-06 09:00:00,"141,56277830447544","0,0","21003,878961998722"
2030-02-06 10:00:00,"163,891355340894","0,0","21165,937728900182"
2030-02-06 11:00:00,"170,21858625249064","0,0","21334,309587085827"
2030-02-06 12:00:00,"172,78221407043344","0,0","21505,23038264479"
2030-02-06 13:00:00,"191,23772241831745","0,0","21694,59177371222"
2030-02-06 14:00:00,"193,07122942489048","0,0","21885,770150004853"
2030-02-06 15:00:00,"189,24144522658213","0,0","22073,10206178585"
2030-02-06 16:00:00,"176,99459156751504","0,0","22248,170775198476"
2030-02-06 17:00:00,"161,94248828804024","0,0","22408,172110586376"
2030-02-06 18:00:00,"144,88391096415796","0,0","22551,10090853389"
2030-02-06 19:00:00,"135,39964972351447","0,0","22684,532974703132"
2030-02-06 20:00:00,"127,52457922736784","0,0","22810,07832842846"
2030-02-06 21:00:00,"138,28333477167774","0,0","22946,37148386598"
2030-02-06 22:00:00,"179,3615185329483","0,0","23123,73093148696"
2030-02-06 23:00:00,"220,62764357437192","0,0","23342,34102953756"
2030-02-07 00:00:00,"156,24218968541976","0,0","23496,546599968155"
2030-02-07 01:00:00,"139,59511591837224","0,0","23634,09164219568"
2030-02-07 02:00:00,"135,23311998967057","0,0","23767,262687689567"
2030-02-07 03:00:00,"117,84547969232977","0,0","23883,034473712396"
2030-02-07 04:00:00,"41,5737763749616","0,0","23922,52445532953"
2030-02-07 05:00:00,"0,0","96,71511418599226","23823,72210088481"
2030-02-07 06:00:00,"0,0","170,9735376846798","23650,66994344683"
2030-02-07 07:00:00,"0,0","213,58495843691009","23435,021464057354"
2030-02-07 08:00:00,"0,0","217,1594341787009","23215,81732425592"
2030-02-07 09:00:00,"0,0","173,86752661453835","23039,92421757984"
2030-02-07 10:00:00,"0,0","140,44961798292417","22897,46436620893"
2030-02-07 11:00:00,"0,0","117,40070794302648","22778,06585449995"
2030-02-07 12:00:00,"0,0","97,84538219352345","22678,233086060623"
2030-02-07 13:00:00,"0,0","78,44463778786059","22597,809772436005"
2030-02-07 14:00:00,"0,0","73,52463688102563","22522,313476652336"
2030-02-07 15:00:00,"0,0","68,0847317073148","22452,263673094185"
2030-02-07 16:00:00,"0,0","80,17287989028256","22370,13183319842"
2030-02-07 17:00:00,"0,0","90,63257161910366","22277,54746757687"
2030-02-07 18:00:00,"0,0","83,88723913624261","22191,716512424082"
2030-02-07 19:00:00,"0,0","73,1435241459314","22116,636761012443"
2030-02-07 20:00:00,"0,0","44,964910532222405","22069,742173922823"
2030-02-07 21:00:00,"0,0","2,497532790025218","22065,319056128123"
2030-02-07 22:00:00,"57,520304198412816","0,0","22120,91416123889"
2030-02-07 23:00:00,"116,46646987940886","0,0","22235,450581357727"
2030-02-08 00:00:00,"158,78070958251516","0,0","22392,29124787702"
2030-02-08 01:00:00,"142,33490411852932","0,0","22532,672424584172"
2030-02-08 02:00:00,"138,06024087036587","0,0","22668,766689785494"
2030-02-08 03:00:00,"120,79058532129488","0,0","22787,5794252131"
2030-02-08 04:00:00,"45,060448566538696","0,0","22830,65165747479"
2030-02-08 05:00:00,"0,0","92,12218435146457","22736,53749876621"
2030-02-08 06:00:00,"0,0","165,65385129754185","22568,899884571903"
2030-02-08 07:00:00,"0,0","207,6519297432987","22359,278818313676"
2030-02-08 08:00:00,"0,0","211,15342292565293","22146,174548311123"
2030-02-08 09:00:00,"0,0","168,41092461023328","21975,831369971547"
2030-02-08 10:00:00,"0,0","135,409397771158","21838,504580913363"
2030-02-08 11:00:00,"0,0","112,60897121268005","21723,990200176"
2030-02-08 12:00:00,"0,0","93,2943551232866","21628,800426907746"
2030-02-08 13:00:00,"0,0","74,13312440522401","21552,780189665275"
2030-02-08 14:00:00,"0,0","69,27401420172583","21481,625695392002"
2030-02-08 15:00:00,"0,0","63,83661511333099","21415,914808436748"
2030-02-08 16:00:00,"0,0","75,78106823709885","21338,265201632614"
2030-02-08 17:00:00,"0,0","86,03735063617347","21250,3660873576"
2030-02-08 18:00:00,"0,0","79,33412036442229","21169,177872552053"
2030-02-08 19:00:00,"0,0","68,69608023134839","21098,634781551325"
2030-02-08 20:00:00,"0,0","40,85611794212457","21055,93780772451"
2030-02-08 21:00:00,"1,251850167122143","0,0","21055,352527317908"
2030-02-08 22:00:00,"60,815109303584165","0,0","21114,330557113484"
2030-02-08 23:00:00,"119,30829414516455","0,0","21231,796625917537"
2030-02-09 00:00:00,"48,59095429473592","0,0","21278,535105956664"
2030-02-09 01:00:00,"32,87826114760372","0,0","21309,556814916275"
2030-02-09 02:00:00,"21,68358830104745","0,0","21329,38114438522"
2030-02-09 03:00:00,"0,0","0,9646056574385398","21326,555550222936"
2030-02-09 04:00:00,"0,0","80,11854549854576","21244,57626275263"
2030-02-09 05:00:00,"0,0","256,64055453457064","20986,082118939135"
2030-02-09 06:00:00,"0,0","356,6934027022256","20627,557680572034"
2030-02-09 07:00:00,"0,0","417,34843192010527","20208,4094942443"
2030-02-09 08:00:00,"654,1093502353998","0,0","20860,755660751325"
2030-02-09 09:00:00,"679,511542070041","0,0","21538,447101889968"
2030-02-09 10:00:00,"711,0834783520994","0,0","22247,651350732427"
2030-02-09 11:00:00,"743,909322256234","0,0","22989,61956540831"
2030-02-09 12:00:00,"770,1910468144729","0,0","23757,804767915703"
2030-02-09 13:00:00,"792,2368046072738","0,0","24547,968704056977"
2030-02-09 14:00:00,"797,0385682984961","0,0","25342,865462086043"
2030-02-09 15:00:00,"802,5578284807877","0,0","26143,212125555267"
2030-02-09 16:00:00,"0,0","284,9748745280486","25855,956255769262"
2030-02-09 17:00:00,"0,0","284,0067769189432","25569,693546667004"
2030-02-09 18:00:00,"0,0","273,1923702113259","25294,270220693732"
2030-02-09 19:00:00,"0,0","228,39502174107218","25063,668273875905"
2030-02-09 20:00:00,"0,0","178,7910243018219","24882,690444517182"
2030-02-09 21:00:00,"0,0","127,3586107361462","24753,16081903975"
2030-02-09 22:00:00,"0,0","66,68121075315679","24684,319895005134"
2030-02-09 23:00:00,"8,992273095704206","0,0","24691,15846119"
2030-02-10 00:00:00,"1163,2313867290368","0,0","25852,235544343297"
2030-02-10 01:00:00,"1149,2457820018947","0,0","26999,225718793947"
2030-02-10 02:00:00,"1139,1997466150956","0,0","28136,069782965078"
2030-02-10 03:00:00,"1118,166047498678","0,0","29251,7809583752"
2030-02-10 04:00:00,"1044,4856601146685","0,0","30293,71440060125"
2030-02-10 05:00:00,"881,2572006600567","0,0","31172,328474679853"
2030-02-10 06:00:00,"791,8965243797647","0,0","31961,505213400204"
2030-02-10 07:00:00,"739,5016020491569","0,0","32698,21817411949"
2030-02-10 08:00:00,"732,3751424346337","0,0","33427,74039701844"
2030-02-10 09:00:00,"754,6674139094357","0,0","34179,49124057824"
2030-02-10 10:00:00,"782,6830150463677","0,0","34959,19209501386"
2030-02-10 11:00:00,"812,074937630714","0,0","35768,21684313429"
2030-02-10 12:00:00,"835,1139941250196","0,0","36600,21006033975"
2030-02-10 13:00:00,"854,3677611528242","0,0","37451,38445316481"
2030-02-10 14:00:00,"858,6150283638124","0,0","38306,73184823508"
2030-02-10 15:00:00,"864,2772550370512","0,0","39167,66684091837"
2030-02-10 16:00:00,"857,1882648636965","0,0","40021,4377268502"
2030-02-10 17:00:00,"858,5058758458706","0,0","40876,4517322544"
2030-02-10 18:00:00,"868,613814404471","0,0","41741,499076245236"
2030-02-10 19:00:00,"908,3168552341995","0,0","42646,173985685025"
2030-02-10 20:00:00,"952,2312589550029","0,0","43594,68436595978"
2030-02-10 21:00:00,"999,5466659897809","0,0","44590,42739573864"
2030-02-10 22:00:00,"1056,2627778465542","0,0","45642,79965879492"
2030-02-10 23:00:00,"1126,5557588251977","0,0","46765,373083349885"
2030-02-11 00:00:00,"1295,8474840645622","0,0","48057,14028861293"
2030-02-11 01:00:00,"1283,9628056703398","0,0","49336,91010879308"
2030-02-11 02:00:00,"201,6594181990227","0,0","49534,26488158511"
2030-02-11 03:00:00,"187,22982548614164","0,0","49717,172842460335"
2030-02-11 04:00:00,"124,33033452613756","0,0","49837,16535365597"
2030-02-11 05:00:00,"13,162659347887995","0,0","49845,97972032675"
2030-02-11 06:00:00,"0,0","44,80185200451132","49796,82880659164"
2030-02-11 07:00:00,"0,0","73,98546033416864","49718,4985729441"
2030-02-11 08:00:00,"66,45997816517043","0,0","49780,62061210878"
2030-02-11 09:00:00,"1034,2677868409548","0,0","50810,545039801334"
2030-02-11 10:00:00,"1058,189628447464","0,0","51864,30144819408"
2030-02-11 11:00:00,"1075,4737871045857","0,0","52935,25007499731"
2030-02-11 12:00:00,"1089,5650400157247","0,0","54020,196514444"
2030-02-11 13:00:00,"1103,5193627218991","0,0","55119,00261502001"
2030-02-11 14:00:00,"1107,1076381262246","0,0","56221,30112016807"
2030-02-11 15:00:00,"32,927815249078265","0,0","56249,32362689442"
2030-02-11 16:00:00,"24,361567071983757","0,0","56268,77744047995"
2030-02-11 17:00:00,"18,760113531135914","0,0","56282,62810317939"
2030-02-11 18:00:00,"24,905049358440294","0,0","56302,62249323583"
2030-02-11 19:00:00,"33,521408673906194","0,0","56331,2314980972"
2030-02-11 20:00:00,"54,06892758898448","0,0","56380,38552573798"
2030-02-11 21:00:00,"87,92441392736339","0,0","56463,39075102822"
2030-02-11 22:00:00,"136,69850419086453","0,0","56595,16282437606"
2030-02-11 23:00:00,"1263,7708331736067","0,0","57853,99572959324"
2030-02-12 00:00:00,"1121,747629366419","0,0","58970,69559783226"
2030-02-12 01:00:00,"1111,8644551809807","0,0","60077,414859822326"
2030-02-12 02:00:00,"941,9533657432057","0,0","61014,12647111901"
2030-02-12 03:00:00,"131,31293389952918","0,0","61140,115922483936"
2030-02-12 04:00:00,"424,73533638729947","0,0","61559,516783756924"
2030-02-12 05:00:00,"0,0","166,55277159414408","61387,5929443234"
2030-02-12 06:00:00,"0,0","263,1937147821955","61119,04316205681"
2030-02-12 07:00:00,"0,0","302,47183092899587","60811,23869461192"
2030-02-12 08:00:00,"0,0","296,31140403752573","60509,6215099983"
2030-02-12 09:00:00,"0,0","269,2325467593453","60235,109498762205"
2030-02-12 10:00:00,"0,0","267,14025601930456","59962,713729439136"
2030-02-12 11:00:00,"0,0","242,30694490101888","59715,17503776523"
2030-02-12 12:00:00,"0,0","214,37277693539266","59495,59211180779"
2030-02-12 13:00:00,"0,0","201,19477812579026","59289,20634327024"
2030-02-12 14:00:00,"0,0","176,13882549713622","59107,89453451965"
2030-02-12 15:00:00,"0,0","124,76637377259186","58977,97099694893"
2030-02-12 16:00:00,"0,0","144,16986024343424","58828,65530873601"
2030-02-12 17:00:00,"0,0","127,49030654517429","58696,03220201515"
2030-02-12 18:00:00,"0,0","95,52805773793915","58595,38291546759"
2030-02-12 19:00:00,"0,0","88,03725115939557","58502,233217148816"
2030-02-12 20:00:00,"0,0","86,46565019132987","58410,663247109296"
2030-02-12 21:00:00,"0,0","56,593396846956296","58348,97351989403"
2030-02-12 22:00:00,"4,365853234060239","0,0","58348,24842518847"
2030-02-12 23:00:00,"67,47996713931065","0,0","58410,63750765268"
2030-02-13 00:00:00,"107,4797710844436","0,0","58513,020950614584"
2030-02-13 01:00:00,"94,73758200989653","0,0","58602,653271546544"
2030-02-13 02:00:00,"96,21024614001391","0,0","58693,75043618862"
2030-02-13 03:00:00,"50,0217024329483","0,0","58738,65110889601"
2030-02-13 04:00:00,"0,0","17,508831614646795","58716,017329972114"
2030-02-13 05:00:00,"0,0","170,03896077668873","58540,85539668338"
2030-02-13 06:00:00,"0,0","125,3069403416219","58410,440766708394"
2030-02-13 07:00:00,"0,0","131,03671542409558","58274,30774032741"
2030-02-13 08:00:00,"0,0","132,90587507116385","58136,317431905896"
2030-02-13 09:00:00,"0,0","98,2786659900899","58032,966372219875"
2030-02-13 10:00:00,"0,0","75,42774266032558","57952,475253243574"
2030-02-13 11:00:00,"0,0","66,92225109757811","57880,49664868016"
2030-02-13 12:00:00,"0,0","56,50717678671259","57818,93939856085"
2030-02-13 13:00:00,"0,0","27,906333593887496","57785,98836250444"
2030-02-13 14:00:00,"0,0","26,326965501097447","57754,61956951871"
2030-02-13 15:00:00,"0,0","33,76194981277388","57715,8185291485"
2030-02-13 16:00:00,"0,0","51,76318964146918","57659,019634340366"
2030-02-13 17:00:00,"0,0","67,75472074130533","57586,23416413597"
2030-02-13 18:00:00,"0,0","78,23422202102387","57502,97554318412"
2030-02-13 19:00:00,"0,0","88,24246586901728","57409,71594269896"
2030-02-13 20:00:00,"0,0","66,88444744782788","57337,82249753513"
2030-02-13 21:00:00,"0,0","67,1018455234543","57265,71792699877"
2030-02-13 22:00:00,"0,25073453794675515","0,0","57260,97222764759"
2030-02-13 23:00:00,"48,01597636404853","0,0","57303,992184184775"
2030-02-14 00:00:00,"85,94627395910203","0,0","57384,93868482581"
2030-02-14 01:00:00,"72,0846127540471","0,0","57452,0164616796"
2030-02-14 02:00:00,"62,12083925799584","0,0","57509,12461250131"
2030-02-14 03:00:00,"41,20520149971634","0,0","57545,31214287859"
2030-02-14 04:00:00,"0,0","32,07656317488983","57508,21475121924"
2030-02-14 05:00:00,"0,0","194,32901589938643","57308,86814358281"
2030-02-14 06:00:00,"0,0","282,95570427087324","57020,91224056641"
2030-02-14 07:00:00,"0,0","334,790093188552","56681,14707278487"
2030-02-14 08:00:00,"0,0","341,836278719276","56334,365363983496"
2030-02-14 09:00:00,"0,0","319,7635200256378","56009,686670579846"
2030-02-14 10:00:00,"0,0","291,99647897999347","55712,803346437846"
2030-02-14 11:00:00,"0,0","262,8469834046519","55445,09542094122"
2030-02-14 12:00:00,"0,0","240,03058284252012","55200,227253523226"
2030-02-14 13:00:00,"0,0","220,96888139633444","54974,44215229902"
2030-02-14 14:00:00,"0,0","216,75845330749036","54752,88717891374"
2030-02-14 15:00:00,"0,0","211,08469213595794","54537,02529737142"
2030-02-14 16:00:00,"0,0","218,1217583017763","54314,14518361243"
2030-02-14 17:00:00,"0,0","216,77475139254744","54092,631523052616"
2030-02-14 18:00:00,"0,0","206,71044009477743","53881,20150085745"
2030-02-14 19:00:00,"0,0","167,35704417172195","53709,14332185478"
2030-02-14 20:00:00,"0,0","123,83620416520336","53580,620994934754"
2030-02-14 21:00:00,"0,0","76,82018295533732","53499,125902797605"
2030-02-14 22:00:00,"0,0","20,399119348966565","53474,05898471362"
2030-02-14 23:00:00,"49,4885422841449","0,0","53518,88191535135"
2030-02-15 00:00:00,"78,52976803234293","0,0","53592,74216093658"
2030-02-15 01:00:00,"64,29710562589509","0,0","53652,36329980893"
2030-02-15 02:00:00,"54,09200494376017","0,0","53701,77413605479"
2030-02-15 03:00:00,"32,82218311106641","0,0","53729,91083937248"
2030-02-15 04:00:00,"0,0","41,651534246019935","53683,57137040573"
2030-02-15 05:00:00,"0,0","206,81337498639124","53472,074103817264"
2030-02-15 06:00:00,"0,0","297,6378802599501","53169,77078509176"
2030-02-15 07:00:00,"0,0","351,15529676753914","52813,976425823224"
2030-02-15 08:00:00,"0,0","358,43755973906275","52450,93084664101"
2030-02-15 09:00:00,"0,0","335,7140935933922","52110,640409331245"
2030-02-15 10:00:00,"0,0","307,2030310036219","51798,89072495191"
2030-02-15 11:00:00,"0,0","277,3301698469941","51517,04110188916"
2030-02-15 12:00:00,"0,0","253,84354477235053","51258,702695280685"
2030-02-15 13:00:00,"0,0","234,2073053110458","51020,02306815948"
2030-02-15 14:00:00,"0,0","229,88387176116322","50785,68769938561"
2030-02-15 15:00:00,"0,0","224,24400040894994","50557,0126477249"
2030-02-15 16:00:00,"0,0","231,43849732711436","50321,16305104427"
2030-02-15 17:00:00,"0,0","230,18122123948007","50086,59130832858"
2030-02-15 18:00:00,"0,0","219,98377144322723","49862,23748179371"
2030-02-15 19:00:00,"0,0","179,5822701650216","49678,304731408396"
2030-02-15 20:00:00,"0,0","134,8800253400862","49539,090273980495"
2030-02-15 21:00:00,"0,0","86,97450691181206","49447,79348144228"
2030-02-15 22:00:00,"0,0","29,67375704039341","49413,80540442063"
2030-02-15 23:00:00,"41,424519832455246","0,0","49450,91856973155"
2030-02-16 00:00:00,"96,2902272283066","0,0","49542,89420431465"
2030-02-16 01:00:00,"82,96233767582459","0,0","49621,53392447114"
2030-02-16 02:00:00,"73,32157481006954","0,0","49690,526020446305"
2030-02-16 03:00:00,"52,93432992609024","0,0","49739,12485197711"
2030-02-16 04:00:00,"0,0","18,594453964083584","49716,19065936969"
2030-02-16 05:00:00,"0,0","176,53154302961303","49535,32137870505"
2030-02-16 06:00:00,"0,0","262,3300971988111","49268,66932471594"
2030-02-16 07:00:00,"0,0","312,045870760062","48952,3247625573"
2030-02-16 08:00:00,"0,0","318,8138946295864","48629,23977759218"
2030-02-16 09:00:00,"0,0","297,6104501944073","48327,38642622719"
2030-02-16 10:00:00,"0,0","270,8463683894003","48052,3234933721"
2030-02-16 11:00:00,"0,0","242,6802759147776","47805,450652232525"
2030-02-16 12:00:00,"0,0","220,74244475566826","47580,53718190745"
2030-02-16 13:00:00,"0,0","202,4247226761509","47373,96105736218"
2030-02-16 14:00:00,"0,0","198,35524753554824","47171,47243172438"
2030-02-16 15:00:00,"0,0","192,61885722305448","46974,73786353166"
2030-02-16 16:00:00,"0,0","199,39150147044478","46771,24781618263"
2030-02-16 17:00:00,"0,0","197,87481408600507","46569,29221072466"
2030-02-16 18:00:00,"0,0","187,94551030634074","46377,28352967294"
2030-02-16 19:00:00,"0,0","149,9433045231538","46223,29380716182"
2030-02-16 20:00:00,"0,0","107,9824474115515","46111,27837736559"
2030-02-16 21:00:00,"0,0","62,250534534179735","46045,00463379299"
2030-02-16 22:00:00,"0,0","7,168365715133348","46033,81884142356"
2030-02-16 23:00:00,"1140,5825098364087","0,0","47170,38490056606"
2030-02-17 00:00:00,"1044,3137921780194","0,0","48210,58307666151"
2030-02-17 01:00:00,"1037,537619763694","0,0","49243,914323051766"
2030-02-17 02:00:00,"1030,6233641739304","0,0","50270,24115570101"
2030-02-17 03:00:00,"1002,5713817517119","0,0","51268,42645891189"
2030-02-17 04:00:00,"929,4774072665978","0,0","52193,430695969946"
2030-02-17 05:00:00,"722,3176460403664","0,0","52911,19446518208"
2030-02-17 06:00:00,"605,1526303724121","0,0","53511,730593837405"
2030-02-17 07:00:00,"549,373614888537","0,0","54056,43531023164"
2030-02-17 08:00:00,"534,2524402333039","0,0","54585,97132648413"
2030-02-17 09:00:00,"281,9714991231905","0,0","54863,18019960908"
2030-02-17 10:00:00,"581,2943638346195","0,0","55439,68775097129"
2030-02-17 11:00:00,"602,8550551719906","0,0","56037,705693387004"
2030-02-17 12:00:00,"635,1352771311571","0,0","56667,95168069642"
2030-02-17 13:00:00,"678,1357119535493","0,0","57341,14311386582"
2030-02-17 14:00:00,"675,0427917338008","0,0","58011,18289086294"
2030-02-17 15:00:00,"695,0859949405234","0,0","58701,207410096235"
2030-02-17 16:00:00,"0,0","374,60815372106265","58321,47757602864"
2030-02-17 17:00:00,"0,0","375,20209627604635","57941,18693083408"
2030-02-17 18:00:00,"0,0","350,45150268230185","57585,68005959207"
2030-02-17 19:00:00,"0,0","300,30160026703794","57280,354108739826"
2030-02-17 20:00:00,"0,0","241,7901305999115","57033,56626724393"
2030-02-17 21:00:00,"0,0","192,71199580193326","56835,87809278518"
2030-02-17 22:00:00,"0,0","142,22038631532774","56688,69877610625"
2030-02-17 23:00:00,"0,0","58,81485470806041","56624,93783242997"
2030-02-18 00:00:00,"0,0","38,21245214736217","56581,78485445673"
2030-02-18 01:00:00,"0,0","45,03329457529054","56531,81479915289"
2030-02-18 02:00:00,"0,0","51,96390608381438","56474,91849222785"
2030-02-18 03:00:00,"0,0","80,10310704627335","56389,88794854313"
2030-02-18 04:00:00,"0,0","153,28042370533745","56231,687507114286"
2030-02-18 05:00:00,"0,0","361,11565609134584","55865,665636287944"
2030-02-18 06:00:00,"0,0","479,63585395476656","55381,15550300641"
2030-02-18 07:00:00,"0,0","536,4592516472377","54839,86424554154"
2030-02-18 08:00:00,"0,0","551,6630157214203","54283,4164516647"
2030-02-18 09:00:00,"0,0","538,5044660338325","53740,17575754546"
2030-02-18 10:00:00,"0,0","504,2445409299924","53231,2423862806"
2030-02-18 11:00:00,"0,0","482,5706893628368","52744,027271019564"
2030-02-18 12:00:00,"0,0","449,9016109695541","52289,523743670616"
2030-02-18 13:00:00,"0,0","406,43790825347594","51878,523574470506"
2030-02-18 14:00:00,"0,0","409,60144017637174","51464,39573311226"
2030-02-18 15:00:00,"0,0","389,34485881977764","51070,56060576477"
2030-02-18 16:00:00,"0,0","378,96814902259996","50687,13655032931"
2030-02-18 17:00:00,"0,0","379,51672742813827","50303,197370237154"
2030-02-18 18:00:00,"0,0","354,4757404410395","49944,332675825564"
2030-02-18 19:00:00,"0,0","303,7586681448875","49636,21636465473"
2030-02-18 20:00:00,"0,0","244,66793519176332","49387,21766958515"
2030-02-18 21:00:00,"0,0","195,46180774595138","49187,44682709753"
2030-02-18 22:00:00,"0,0","144,98011155833166","49038,17511080353"
2030-02-18 23:00:00,"0,0","61,633502387171745","48972,26302763794"
2030-02-19 00:00:00,"0,0","9,541118164120405","48958,44907952466"
2030-02-19 01:00:00,"0,0","20,79655653142214","48933,38089831105"
2030-02-19 02:00:00,"0,0","31,06148652999599","48898,049974297675"
2030-02-19 03:00:00,"0,0","39,7021179242692","48854,08150151315"
2030-02-19 04:00:00,"0,0","105,39846949970575","48744,42051340244"
2030-02-19 05:00:00,"0,0","238,9521990923817","48501,215363620264"
2030-02-19 06:00:00,"0,0","351,9928664161976","48144,99076616359"
2030-02-19 07:00:00,"0,0","399,3730960956858","47741,41701962355"
2030-02-19 08:00:00,"0,0","391,33124040556584","47345,92034058303"
2030-02-19 09:00:00,"0,0","359,5129921791521","46982,27641685416"
2030-02-19 10:00:00,"0,0","357,6769097709424","46620,50030346585"
2030-02-19 11:00:00,"0,0","329,18275888704517","46287,24990592733"
2030-02-19 12:00:00,"0,0","297,4523878731273","45985,75895549991"
2030-02-19 13:00:00,"0,0","283,7138941326314","45698,03280389841"
2030-02-19 14:00:00,"0,0","255,3927109271513","45438,652939609114"
2030-02-19 15:00:00,"0,0","195,49210030192143","45239,19631683822"
2030-02-19 16:00:00,"0,0","217,54148398330136","45017,70771297628"
2030-02-19 17:00:00,"0,0","197,3703696003866","44816,40954837793"
2030-02-19 18:00:00,"0,0","159,80208788099054","44652,69722876385"
2030-02-19 19:00:00,"0,0","151,4467884644542","44497,354492466184"
2030-02-19 20:00:00,"0,0","150,71443933092013","44342,757658955794"
2030-02-19 21:00:00,"0,0","118,0224125055559","44220,8663408445"
2030-02-19 22:00:00,"0,0","49,48075469026304","44167,527315565996"
2030-02-19 23:00:00,"19,084276487947307","0,0","44182,75797529566"
2030-02-20 00:00:00,"0,0","93,1073083948433","44085,795721267474"
2030-02-20 01:00:00,"0,0","101,35837265485503","43980,59086293594"
2030-02-20 02:00:00,"0,0","118,73243229206986","43858,02112409108"
2030-02-20 03:00:00,"0,0","153,25503276571982","43700,93947898228"
2030-02-20 04:00:00,"0,0","170,71602668392137","43526,410545328814"
2030-02-20 05:00:00,"0,0","420,9670103756017","43101,645855633134"
2030-02-20 06:00:00,"0,0","346,90678770671417","42750,97844932552"
2030-02-20 07:00:00,"0,0","384,5454612242978","42362,70296523152"
2030-02-20 08:00:00,"0,0","351,34933408064666","42007,65748531716"
2030-02-20 09:00:00,"0,0","327,9030761099377","41676,08924109163"
2030-02-20 10:00:00,"0,0","292,6538741504573","41379,79912815489"
2030-02-20 11:00:00,"0,0","288,0884844772359","41088,100256203725"
2030-02-20 12:00:00,"0,0","250,19086576457784","40834,32445369179"
2030-02-20 13:00:00,"0,0","243,36050436998352","40587,40115451322"
2030-02-20 14:00:00,"0,0","228,53806764009397","40355,3218361224"
2030-02-20 15:00:00,"0,0","262,8641323155992","40088,9367019766"
2030-02-20 16:00:00,"0,0","267,3341485959225","39818,10479365343"
2030-02-20 17:00:00,"0,0","303,2898509472223","39511,34081306296"
2030-02-20 18:00:00,"0,0","316,42033545296744","39191,473113124055"
2030-02-20 19:00:00,"0,0","301,0056194312181","38887,04803766371"
2030-02-20 20:00:00,"0,0","311,8775718105665","38571,777570911865"
2030-02-20 21:00:00,"0,0","329,85497168036255","38238,55721163844"
2030-02-20 22:00:00,"0,0","236,2463972620779","37998,97450025965"
2030-02-20 23:00:00,"0,0","208,7845332707355","37786,874556463765"
2030-02-21 00:00:00,"0,0","172,1431195083457","37611,434532150364"
2030-02-21 01:00:00,"0,0","168,3906987414328","37439,762235746006"
2030-02-21 02:00:00,"0,0","178,25370457244009","37258,24191191849"
2030-02-21 03:00:00,"0,0","202,47857832748838","37052,51255198419"
2030-02-21 04:00:00,"0,0","279,0954381468967","36770,18428211713"
2030-02-21 05:00:00,"0,0","541,6788972697017","36225,297186268814"
2030-02-21 06:00:00,"0,0","639,3405971223391","35582,795931966975"
2030-02-21 07:00:00,"0,0","648,0576938410768","34931,633639180836"
2030-02-21 08:00:00,"0,0","677,6264091350087","34250,959445010805"
2030-02-21 09:00:00,"0,0","664,6983461388553","33583,272702660375"
2030-02-21 10:00:00,"0,0","634,3819396790401","32945,960622438026"
2030-02-21 11:00:00,"0,0","635,5088189013209","32307,577268472396"
2030-02-21 12:00:00,"0,0","594,3910925582908","31710,367339797438"
2030-02-21 13:00:00,"0,0","535,714568333664","31171,886041913378"
2030-02-21 14:00:00,"0,0","526,945112024284","30642,221182831938"
2030-02-21 15:00:00,"0,0","522,1639935007796","30117,383655532954"
2030-02-21 16:00:00,"0,0","490,57129157096927","29624,18462223804"
2030-02-21 17:00:00,"0,0","504,9434705645548","29116,656441565196"
2030-02-21 18:00:00,"0,0","487,6142297893974","28626,501783501273"
2030-02-21 19:00:00,"0,0","454,45918213186303","28169,5449390888"
2030-02-21 20:00:00,"0,0","392,6769339346016","27774,41021235826"
2030-02-21 21:00:00,"0,0","368,1716598151319","27403,8152352521"
2030-02-21 22:00:00,"0,0","317,30645766668357","27084,11779470614"
2030-02-21 23:00:00,"0,0","196,32334791850832","26885,431357510046"
2030-02-22 00:00:00,"0,0","175,59902549189366","26707,486578132233"
2030-02-22 01:00:00,"0,0","171,84668133484894","26533,309668593443"
2030-02-22 02:00:00,"0,0","181,77730893773008","26349,21732838713"
2030-02-22 03:00:00,"0,0","206,12813201252408","26140,7902271627"
2030-02-22 04:00:00,"0,0","283,0758770801546","25855,433566135223"
2030-02-22 05:00:00,"0,0","547,0204659749743","25306,157213581602"
2030-02-22 06:00:00,"0,0","645,2658432979871","24658,683408066732"
2030-02-22 07:00:00,"0,0","654,1310985854037","24002,400839353977"
2030-02-22 08:00:00,"0,0","683,9034514896772","23316,403178391065"
2030-02-22 09:00:00,"0,0","670,9029812826035","22643,465840931145"
2030-02-22 10:00:00,"0,0","640,4248260356521","22001,065372500874"
2030-02-22 11:00:00,"0,0","641,5486402658013","21357,597139281323"
2030-02-22 12:00:00,"0,0","600,1610412632305","20755,57264766769"
2030-02-22 13:00:00,"0,0","541,0807891069995","20212,68093484718"
2030-02-22 14:00:00,"0,0","532,2615513657776","19678,655827069837"
2030-02-22 15:00:00,"0,0","527,4848125942402","19149,45405175469"
2030-02-22 16:00:00,"0,0","495,6738344842237","18652,109427404448"
2030-02-22 17:00:00,"0,0","466,26052563336634","18184,22150522354"
2030-02-22 18:00:00,"586,9713413155492","0,0","18769,606273212758"
2030-02-22 19:00:00,"620,3334972626366","0,0","19388,302122328056"
2030-02-22 20:00:00,"0,0","390,70778078997967","18995,902712177904"
2030-02-22 21:00:00,"0,0","372,6671842543616","18621,578135411906"
2030-02-22 22:00:00,"0,0","321,5344036927938","18298,418999026795"
2030-02-22 23:00:00,"0,0","199,88838609482315","18096,93407587431"
2030-02-23 00:00:00,"30,11647518973041","0,0","18125,47159356592"
2030-02-23 01:00:00,"0,0","151,5201027741145","17972,37004339527"
2030-02-23 02:00:00,"216,57284210308848","0,0","18187,37479621207"
2030-02-23 03:00:00,"895,0945112566644","0,0","19080,882459017765"
2030-02-23 04:00:00,"820,1427828117921","0,0","19899,36043483501"
2030-02-23 05:00:00,"564,4050931492594","0,0","20462,029308786332"
2030-02-23 06:00:00,"469,431429053892","0,0","20929,675425783033"
2030-02-23 07:00:00,"461,26502631515007","0,0","21389,114337917286"
2030-02-23 08:00:00,"432,6457774781319","0,0","21819,893915169432"
2030-02-23 09:00:00,"445,20325985266265","0,0","22263,193389277993"
2030-02-23 10:00:00,"474,70758537760355","0,0","22735,958511032382"
2030-02-23 11:00:00,"473,5946598834013","0,0","23207,569458535698"
2030-02-23 12:00:00,"0,0","212,48652672888932","22993,058071371554"
2030-02-23 13:00:00,"0,0","39,240293187972405","22951,811633866855"
2030-02-23 14:00:00,"578,7254404173312","0,0","23528,534528719134"
2030-02-23 15:00:00,"98,99293747907939","0,0","23625,474601560585"
2030-02-23 16:00:00,"96,0101355192665","0,0","23719,42341442086"
2030-02-23 17:00:00,"0,0","479,35561072602883","23237,998284001922"
2030-02-23 18:00:00,"0,0","462,25406224042456","22773,716706411222"
2030-02-23 19:00:00,"0,0","430,05102155753013","22341,678678071057"
2030-02-23 20:00:00,"0,0","370,162160932405","21969,56720567399"
2030-02-23 21:00:00,"0,0","346,08414244873","21621,566218486565"
2030-02-23 22:00:00,"0,0","296,50435100053556","21323,175385833467"
2030-02-23 23:00:00,"0,0","178,87451128084268","21142,44042750021"
2030-02-24 00:00:00,"0,0","39,25426619926213","21101,341483373646"
2030-02-24 01:00:00,"0,0","46,110849475422526","21053,389541853798"
2030-02-24 02:00:00,"0,0","53,06829065751714","20998,484342958756"
2030-02-24 03:00:00,"0,0","81,31529261120755","20915,33693258863"
2030-02-24 04:00:00,"0,0","154,8244981918279","20758,687571249433"
2030-02-24 05:00:00,"0,0","363,4846232404101","20393,391752518433"
2030-02-24 06:00:00,"0,0","481,756474400447","19909,855954687577"
2030-02-24 07:00:00,"0,0","316,2419237485519","19591,87689600698"
2030-02-24 08:00:00,"0,0","553,4677998228503","19036,69970492495"
2030-02-24 09:00:00,"0,0","540,2819186250249","18494,756834250675"
2030-02-24 10:00:00,"0,0","299,60891309357845","18193,534253623307"
2030-02-24 11:00:00,"0,0","103,8052942630984","18088,141573496578"
2030-02-24 12:00:00,"0,0","39,879979232820524","18046,68340391147"
2030-02-24 13:00:00,"619,5781442533923","0,0","18664,68697503787"
2030-02-24 14:00:00,"668,4352158458593","0,0","19331,493696945156"
2030-02-24 15:00:00,"688,6305008120378","0,0","20018,43752493217"
2030-02-24 16:00:00,"0,0","380,91467325968244","19635,77624299844"
2030-02-24 17:00:00,"0,0","381,56032798330773","19252,50269353793"
2030-02-24 18:00:00,"0,0","356,609453318135","18894,21345935978"
2030-02-24 19:00:00,"0,0","305,97421768593205","18586,590721549517"
2030-02-24 20:00:00,"0,0","246,89837267199636","18338,070668837066"
2030-02-24 21:00:00,"0,0","197,48912279619134","18138,981549375017"
2030-02-24 22:00:00,"0,0","146,72541681745412","17990,673506417388"
2030-02-24 23:00:00,"0,0","62,778835376933046","17926,32498477702"
2030-02-25 00:00:00,"40,90042173644866","0,0","17965,661334658547"
2030-02-25 01:00:00,"24,82104852073229","0,0","17988,91487922783"
2030-02-25 02:00:00,"302,96713519138035","0,0","18290,312481595996"
2030-02-25 03:00:00,"1070,1562512323278","0,0","19358,872903064308"
2030-02-25 04:00:00,"989,8821499426958","0,0","20347,06599134621"
2030-02-25 05:00:00,"0,0","269,0931040633703","20076,197605775094"
2030-02-25 06:00:00,"0,0","371,7302531619143","19702,715704372076"
2030-02-25 07:00:00,"0,0","434,42771495562664","19266,568927471246"
2030-02-25 08:00:00,"0,0","443,0446856158856","18821,843233716434"
2030-02-25 09:00:00,"0,0","416,92144508411803","18403,279582810177"
2030-02-25 10:00:00,"0,0","384,53065212057464","18017,143244545998"
2030-02-25 11:00:00,"0,0","350,92747684853913","17664,643771949373"
2030-02-25 12:00:00,"0,0","323,873766817271","17339,228764962998"
2030-02-25 13:00:00,"524,1606634408693","0,0","17861,876580694126"
2030-02-25 14:00:00,"711,2921951535816","0,0","18571,610327116035"
2030-02-25 15:00:00,"0,0","290,7164667510619","18279,27348736393"
2030-02-25 16:00:00,"0,0","298,58862017955863","17979,0900005726"
2030-02-25 17:00:00,"0,0","297,6546273266861","17679,866697643363"
2030-02-25 18:00:00,"0,0","286,63571766243837","17391,688411611558"
2030-02-25 19:00:00,"0,0","240,60851724148068","17149,562469556164"
2030-02-25 20:00:00,"0,0","189,66391600846083","16958,402254222237"
2030-02-25 21:00:00,"0,0","137,3665601912458","16819,55607343431"
2030-02-25 22:00:00,"0,0","75,92225112365219","16742,16631604325"
2030-02-25 23:00:00,"0,7338836683305203","0,0","16741,439445700507"
2030-02-26 00:00:00,"113,64224898879024","0,0","16853,62100409766"
2030-02-26 01:00:00,"100,04297819163753","0,0","16952,19350385669"
2030-02-26 02:00:00,"89,70639028492195","0,0","17040,420815258403"
2030-02-26 03:00:00,"78,3323803158624","0,0","17117,266418858133"
2030-02-26 04:00:00,"20,240481306630045","0,0","17136,013418669718"
2030-02-26 05:00:00,"0,0","100,43934885355026","17034,07895264539"
2030-02-26 06:00:00,"0,0","198,1977926360641","16834,394936620705"
2030-02-26 07:00:00,"0,0","214,31831562422786","16618,607820038258"
2030-02-26 08:00:00,"0,0","222,4799484075732","16394,67789809839"
2030-02-26 09:00:00,"0,0","195,76259746515797","16197,484864986625"
2030-02-26 10:00:00,"0,0","173,81427080772283","16022,257363624432"
2030-02-26 11:00:00,"0,0","141,00080258029374","15879,858619089162"
2030-02-26 12:00:00,"0,0","114,21855200347028","15764,254549421175"
2030-02-26 13:00:00,"0,0","100,48587384071294","15662,393244371027"
2030-02-26 14:00:00,"0,0","88,15364742817081","15572,873053132285"
2030-02-26 15:00:00,"0,0","70,5039333142858","15501,010386644115"
2030-02-26 16:00:00,"0,0","77,6579392005927","15421,999984287288"
2030-02-26 17:00:00,"0,0","82,80907305111197","15337,845341737546"
2030-02-26 18:00:00,"0,0","54,53755117334441","15281,969563558136"
2030-02-26 19:00:00,"0,0","49,8668161728138","15230,769395540901"
2030-02-26 20:00:00,"0,0","36,605177393274005","15192,835333517867"
2030-02-26 21:00:00,"0,0","15,73183681322206","15175,777921821795"
2030-02-26 22:00:00,"44,04242221305714","0,0","15218,496257411172"
2030-02-26 23:00:00,"98,00015863443463","0,0","15315,168602247148"
2030-02-27 00:00:00,"107,4797710844436","0,0","15421,312124871045"
2030-02-27 01:00:00,"94,73758200989653","0,0","15514,704197398047"
2030-02-27 02:00:00,"96,21024614001391","0,0","15609,560785596837"
2030-02-27 03:00:00,"50,0217024329483","0,0","15658,220553851244"
2030-02-27 04:00:00,"0,0","17,508831614646795","15639,345542493274"
2030-02-27 05:00:00,"0,0","170,03896077668873","15467,942048818002"
2030-02-27 06:00:00,"0,0","125,3069403416219","15341,285530532621"
2030-02-27 07:00:00,"0,0","131,03671542409558","15208,910287945986"
2030-02-27 08:00:00,"0,0","132,90587507116385","15074,677435452199"
2030-02-27 09:00:00,"0,0","98,2786659900899","14975,083503855865"
2030-02-27 10:00:00,"0,0","75,42774266032558","14898,34918515983"
2030-02-27 11:00:00,"0,0","66,92225109757811","14830,127053095848"
2030-02-27 12:00:00,"0,0","56,50717678671259","14772,325947723752"
2030-02-27 13:00:00,"0,0","27,906333593887496","14743,130728690925"
2030-02-27 14:00:00,"0,0","26,326965501097447","14715,517425033751"
2030-02-27 15:00:00,"0,0","33,76194981277388","14680,471546325643"
2030-02-27 16:00:00,"0,0","51,76318964146918","14627,427485541757"
2030-02-27 17:00:00,"0,0","67,75472074130533","14558,396521752338"
2030-02-27 18:00:00,"0,0","78,23422202102387","14478,892079634792"
2030-02-27 19:00:00,"0,0","88,24246586901728","14389,386330431826"
2030-02-27 20:00:00,"0,0","66,88444744782788","14321,246409026668"
2030-02-27 21:00:00,"0,0","67,1018455234543","14252,895034754027"
2030-02-27 22:00:00,"0,25073453794675515","0,0","14251,90220420019"
2030-02-27 23:00:00,"48,01597636404853","0,0","14298,674702096921"
2030-02-28 00:00:00,"95,95592217498415","0,0","14393,38306490415"
2030-02-28 01:00:00,"82,59775026043002","0,0","14474,724992492167"
2030-02-28 02:00:00,"72,95768153051716","0,0","14546,41975426709"
2030-02-28 03:00:00,"52,52283377181044","0,0","14597,673412915341"
2030-02-28 04:00:00,"0,0","19,142837499157622","14577,256928410907"
2030-02-28 05:00:00,"0,0","177,44628375209783","14398,538778991802"
2030-02-28 06:00:00,"0,0","263,1262387450709","14134,156267738264"
2030-02-28 07:00:00,"0,0","312,70605353800266","13820,217009065902"
2030-02-28 08:00:00,"0,0","319,43968730055025","13499,571507831311"
2030-02-28 09:00:00,"0,0","298,24129566445146","13200,152374552803"
2030-02-28 10:00:00,"0,0","271,47466714568014","12927,525994112444"
2030-02-28 11:00:00,"0,0","243,29974010626466","12683,09832736319"
2030-02-28 12:00:00,"0,0","221,38499593445255","12460,606731099675"
2030-02-28 13:00:00,"0,0","203,0933312337864","12256,426211928601"
2030-02-28 14:00:00,"0,0","199,03594949829318","12056,320889243318"
2030-02-28 15:00:00,"0,0","193,3120191985493","11861,956956047183"
2030-02-28 16:00:00,"0,0","200,1320154023336","11660,789984900433"
2030-02-28 17:00:00,"0,0","198,66291135290186","11461,10966962135"
2030-02-28 18:00:00,"0,0","188,77322478776017","11271,336463014917"
2030-02-28 19:00:00,"0,0","150,82587277521492","11119,5271661333"
2030-02-28 20:00:00,"0,0","108,89280838206929","11009,664179005986"
2030-02-28 21:00:00,"0,0","63,08192998469559","10945,621655821673"
2030-02-28 22:00:00,"0,0","7,8556604193701105","10936,810989912832"
2030-02-28 23:00:00,"60,37903365814526","0,0","10996,235786812109"
2030-03-01 00:00:00,"36,2635489075613","0,0","11031,53991414727"
2030-03-01 01:00:00,"19,922805421867054","0,0","11050,500217711628"
2030-03-01 02:00:00,"8,337210175368227","0,0","11057,873271742998"
2030-03-01 03:00:00,"0,0","14,92183239635051","11041,986639903687"
2030-03-01 04:00:00,"0,0","96,11866876532514","10944,904557804031"
2030-03-01 05:00:00,"0,0","277,6475698444286","10666,302045036935"
2030-03-01 06:00:00,"0,0","381,1945322039436","10284,176877979562"
2030-03-01 07:00:00,"0,0","444,4970020269939","9838,782581519967"
2030-03-01 08:00:00,"0,0","453,16357826162005","9384,76056947811"
2030-03-01 09:00:00,"0,0","426,70457708903393","8957,237172029389"
2030-03-01 10:00:00,"0,0","393,9185976628879","8562,537055423241"
2030-03-01 11:00:00,"0,0","359,90891326885105","8201,881060796304"
2030-03-01 12:00:00,"0,0","332,5496678886878","7868,615778785063"
2030-03-01 13:00:00,"0,0","309,58753852583453","7558,34170353253"
2030-03-01 14:00:00,"0,0","304,60821414284095","7253,074024076056"
2030-03-01 15:00:00,"0,0","299,15706112738945","6953,284132240066"
2030-03-01 16:00:00,"0,0","307,2133772832063","6645,464080916322"
2030-03-01 17:00:00,"0,0","306,42298488895534","6338,461279286307"
2030-03-01 18:00:00,"0,0","295,42446537652296","6042,483783163167"
2030-03-01 19:00:00,"0,0","248,9569683598698","5792,999608093217"
2030-03-01 20:00:00,"0,0","197,4494566615934","5595,0447122158175"
2030-03-01 21:00:00,"0,0","144,50913837988043","5450,047406184796"
2030-03-01 22:00:00,"0,0","82,2927501902854","5367,279139358322"
2030-03-01 23:00:00,"0,0","4,465214784027751","5362,345629469385"
2030-03-02 00:00:00,"0,0","9,30344686368278","5352,574317949531"
2030-03-02 01:00:00,"0,0","15,525615340384434","5336,5816904999065"
2030-03-02 02:00:00,"0,0","22,140889243306162","5313,975184504104"
2030-03-02 03:00:00,"0,0","48,80348951584398","5264,708050653412"
2030-03-02 04:00:00,"0,0","118,95091958040024","5145,297785295593"
2030-03-02 05:00:00,"0,0","315,57030614738875","4829,278551916437"
2030-03-02 06:00:00,"0,0","425,4052418859795","4403,451955476802"
2030-03-02 07:00:00,"0,0","476,65566462012464","3926,412089673562"
2030-03-02 08:00:00,"0,0","490,9873332454507","3435,0821769732875"
2030-03-02 09:00:00,"0,0","478,7962559666206","2955,986210086726"
2030-03-02 10:00:00,"0,0","446,98171967290085","2508,7465806169953"
2030-03-02 11:00:00,"0,0","426,5974287283615","2081,9302637494748"
2030-03-02 12:00:00,"0,0","396,6090740766607","1685,1395412573022"
2030-03-02 13:00:00,"0,0","356,5684023954141","1328,4241104369135"
2030-03-02 14:00:00,"0,0","359,3047738804968","969,0034315527806"
2030-03-02 15:00:00,"739,5029075347788","0,0","1708,4217935381566"
2030-03-02 16:00:00,"0,0","331,1094842170981","1377,1632495195722"
2030-03-02 17:00:00,"0,0","331,31262566008076","1045,7304663659709"
2030-03-02 18:00:00,"0,0","307,872287133828","737,7669392489524"
2030-03-02 19:00:00,"0,0","260,93914707437415","476,76342200912944"
2030-03-02 20:00:00,"0,0","206,2353460890119","270,4864783115473"
2030-03-02 21:00:00,"0,0","159,48458461589559","110,97829375041923"
2030-03-02 22:00:00,"0,0","110,9686108942895","0,0"
2030-03-02 23:00:00,"0,0","0,0","0,0"
2030-03-03 00:00:00,"0,0","0,0","0,0"
2030-03-03 01:00:00,"0,0","0,0","0,0"
2030-03-03 02:00:00,"0,0","0,0","0,0"
2030-03-03 03:00:00,"143,3310362652272","0,0","143,3310362652272"
2030-03-03 04:00:00,"0,0","143,31853063231307","0,0"
2030-03-03 05:00:00,"335,25759700432144","0,0","335,25759700432144"
2030-03-03 06:00:00,"0,0","335,2283457789828","0,0"
2030-03-03 07:00:00,"0,0","0,0","0,0"
2030-03-03 08:00:00,"546,4836191585862","0,0","546,4836191585862"
2030-03-03 09:00:00,"559,3505583915814","0,0","1105,786496854396"
2030-03-03 10:00:00,"220,75646975851777","0,0","1326,4464867410634"
2030-03-03 11:00:00,"327,22444267003317","0,0","1653,5551969551284"
2030-03-03 12:00:00,"645,8928006197177","0,0","2299,303724883912"
2030-03-03 13:00:00,"688,2139254464719","0,0","2987,3170360803874"
2030-03-03 14:00:00,"685,2061788898666","0,0","3672,2625715588556"
2030-03-03 15:00:00,"705,0126089709379","0,0","4376,954775620425"
2030-03-03 16:00:00,"0,0","364,9095533123654","4011,6633330038867"
2030-03-03 17:00:00,"0,0","365,4264579861281","3645,886857391954"
2030-03-03 18:00:00,"0,0","340,9846374928664","3304,58411627078"
2030-03-03 19:00:00,"0,0","291,57659295730554","3012,7191983493303"
2030-03-03 20:00:00,"636,2151918599311","0,0","3648,6715304592053"
2030-03-03 21:00:00,"894,4011153353208","0,0","4542,754299203494"
2030-03-03 22:00:00,"944,4749650033659","0,0","5486,8329088942555"
2030-03-03 23:00:00,"1027,0479653557757","0,0","6513,4021480787305"
2030-03-04 00:00:00,"1127,2262017054882","0,0","7640,060055446799"
2030-03-04 01:00:00,"1111,4720403149206","0,0","8750,865500521882"
2030-03-04 02:00:00,"681,2839507760118","0,0","9431,385938282972"
2030-03-04 03:00:00,"794,4770461935932","0,0","10225,04009605345"
2030-03-04 04:00:00,"998,3233442084907","0,0","11222,47130551356"
2030-03-04 05:00:00,"698,6107166523129","0,0","11920,102861544467"
2030-03-04 06:00:00,"0,0","358,7748576043453","11560,287974965451"
2030-03-04 07:00:00,"0,0","419,9348543379601","11139,344485501675"
2030-03-04 08:00:00,"651,4341857765935","0,0","11789,80676347191"
2030-03-04 09:00:00,"676,9740521794399","0,0","12465,752155011236"
2030-03-04 10:00:00,"708,7001346377708","0,0","13173,364652773482"
2030-03-04 11:00:00,"741,6587926102054","0,0","13913,874069317733"
2030-03-04 12:00:00,"768,1063901421855","0,0","14680,766473947371"
2030-03-04 13:00:00,"0,0","90,01111575789037","14589,474461314629"
2030-03-04 14:00:00,"0,0","284,627043113483","14303,574486554395"
2030-03-04 15:00:00,"0,0","279,09948928250407","14023,227010397939"
2030-03-04 16:00:00,"0,0","286,8414082398661","13735,162075601414"
2030-03-04 17:00:00,"0,0","285,83847730627514","13448,125205404043"
2030-03-04 18:00:00,"0,0","274,94859839560553","13172,003258084267"
2030-03-04 19:00:00,"0,0","229,8725833294664","12940,981417470533"
2030-03-04 20:00:00,"0,0","179,9924073889369","12759,859909452924"
2030-03-04 21:00:00,"0,0","128,4712517823096","12630,275359893514"
2030-03-04 22:00:00,"0,0","67,78058196142086","12561,392786406943"
2030-03-04 23:00:00,"7,849890603574352","0,0","12568,146695489904"
2030-03-05 00:00:00,"39,762576653558426","0,0","12606,81270134428"
2030-03-05 01:00:00,"29,819764807441572","0,0","12635,532521743531"
2030-03-05 02:00:00,"20,67762982668745","0,0","12655,107701357696"
2030-03-05 03:00:00,"12,17046565390541","0,0","12666,174008864658"
2030-03-05 04:00:00,"0,0","47,147488647627426","12617,921396534757"
2030-03-05 05:00:00,"0,0","169,67197498071658","12447,148507912194"
2030-03-05 06:00:00,"0,0","267,0172803209138","12179,045213883965"
2030-03-05 07:00:00,"0,0","306,6438047734296","11871,338787415623"
2030-03-05 08:00:00,"0,0","300,4033351767743","11569,899677929647"
2030-03-05 09:00:00,"0,0","273,1200484538127","11295,770155728935"
2030-03-05 10:00:00,"0,0","271,038094690547","11023,746505092302"
2030-03-05 11:00:00,"0,0","246,04712608832943","10776,737557121403"
2030-03-05 12:00:00,"0,0","217,94895571759395","10557,84833105195"
2030-03-05 13:00:00,"0,0","204,7476760725097","10352,179482712556"
2030-03-05 14:00:00,"0,0","179,55024911922789","10171,726005933462"
2030-03-05 15:00:00,"0,0","127,81337868911959","10043,025144150326"
2030-03-05 16:00:00,"0,0","147,33129952113364","9894,817590685365"
2030-03-05 17:00:00,"0,0","130,50124618328715","9763,453021667292"
2030-03-05 18:00:00,"0,0","98,29863633287329","9664,30252405828"
2030-03-05 19:00:00,"0,0","90,77120247108002","9572,688111191976"
2030-03-05 20:00:00,"0,0","89,23410575028885","9482,618788403985"
2030-03-05 21:00:00,"0,0","59,24101295539873","9422,550416959297"
2030-03-05 22:00:00,"2,0457627369074203","0,0","9423,774062172324"
2030-03-05 23:00:00,"65,39494171297002","0,0","9488,346779598369"
2030-03-06 00:00:00,"39,4437426053459","0,0","9526,962663947195"
2030-03-06 01:00:00,"34,59916638546673","0,0","9560,730602840233"
2030-03-06 02:00:00,"27,65087652308756","0,0","9587,547305618224"
2030-03-06 03:00:00,"0,0","24,115267457170376","9562,59552465864"
2030-03-06 04:00:00,"0,0","80,21499984102803","9481,546188358087"
2030-03-06 05:00:00,"0,0","247,17398949039472","9233,544933962758"
2030-03-06 06:00:00,"0,0","234,15416311304676","8998,585144054221"
2030-03-06 07:00:00,"0,0","247,18819615307694","8750,611821347326"
2030-03-06 08:00:00,"0,0","230,9610278182932","8518,88730264762"
2030-03-06 09:00:00,"0,0","216,48940633453782","8301,654623395925"
2030-03-06 10:00:00,"0,0","196,025292508085","8104,905011521949"
2030-03-06 11:00:00,"0,0","165,75699847884113","7938,440860080852"
2030-03-06 12:00:00,"0,0","140,98958306149876","7796,758648054311"
2030-03-06 13:00:00,"0,0","130,73074894181656","7665,347631920453"
2030-03-06 14:00:00,"0,0","108,20677821540227","7556,472052124165"
2030-03-06 15:00:00,"0,0","118,92414955375722","7436,888600383861"
2030-03-06 16:00:00,"0,0","130,54957993716215","7305,690151916316"
2030-03-06 17:00:00,"0,0","158,152832675237","7146,8998977753245"
2030-03-06 18:00:00,"0,0","161,18433789894272","6985,091992860302"
2030-03-06 19:00:00,"0,0","147,1198806395758","6837,362662944349"
2030-03-06 20:00:00,"0,0","123,32104152078597","6713,445061531221"
2030-03-06 21:00:00,"0,0","113,67434700589962","6599,184966443702"
2030-03-06 22:00:00,"0,0","78,64233904634847","6519,9668485090315"
2030-03-06 23:00:00,"0,0","11,116726690321286","6508,281254711178"
2030-03-07 00:00:00,"0,0","11,050273477103588","6496,663133694601"
2030-03-07 01:00:00,"0,0","17,315396167522124","6478,780903668664"
2030-03-07 02:00:00,"0,0","23,957846811936008","6454,257783222883"
2030-03-07 03:00:00,"0,0","50,739473036507036","6402,95517619479"
2030-03-07 04:00:00,"0,0","121,183031634668","6281,213486720999"
2030-03-07 05:00:00,"0,0","318,69944297006947","5961,966007874213"
2030-03-07 06:00:00,"0,0","428,7670636291262","5532,6787627109"
2030-03-07 07:00:00,"0,0","480,06984894128806","5052,126187547566"
2030-03-07 08:00:00,"0,0","494,4572788610022","4557,2281106767"
2030-03-07 09:00:00,"0,0","482,20795219317796","4074,622540330866"
2030-03-07 10:00:00,"0,0","450,27207616128413","3623,994953352938"
2030-03-07 11:00:00,"0,0","429,80461580225057","3193,8741439910073"
2030-03-07 12:00:00,"0,0","399,7266506652906","2793,868827806654"
2030-03-07 13:00:00,"0,0","359,55532393313894","2434,069738818289"
2030-03-07 14:00:00,"0,0","362,30187917526024","2071,555487058317"
2030-03-07 15:00:00,"0,0","343,2420096070321","1728,132734235039"
2030-03-07 16:00:00,"0,0","334,1177980309629","1393,8641566230142"
2030-03-07 17:00:00,"0,0","334,3858824010476","1059,3566595743011"
2030-03-07 18:00:00,"0,0","310,9226116562434","748,3416190495099"
2030-03-07 19:00:00,"0,0","263,87451740824105","484,40180883500676"
2030-03-07 20:00:00,"0,0","208,99629733310752","275,3632474440784"
2030-03-07 21:00:00,"0,0","162,0366664950755","113,30255550566342"
2030-03-07 22:00:00,"0,0","113,29266985769556","0,0"
2030-03-07 23:00:00,"0,0","0,0","0,0"
2030-03-08 00:00:00,"1158,2965005026247","0,0","1158,2965005026247"
2030-03-08 01:00:00,"1144,0638380961768","0,0","2302,2592772291327"
2030-03-08 02:00:00,"1133,858737414042","0,0","3435,9171425212367"
2030-03-08 03:00:00,"832,9823982468372","0,0","4268,599756997389"
2030-03-08 04:00:00,"0,0","41,651534246019935","4226,575787422571"
2030-03-08 05:00:00,"0,0","206,81337498639124","4019,3936436987274"
2030-03-08 06:00:00,"0,0","297,6378802599501","3721,4050713433644"
2030-03-08 07:00:00,"0,0","351,15529676753914","3369,9250819833505"
2030-03-08 08:00:00,"0,0","358,4375597390627","3011,193496280885"
2030-03-08 09:00:00,"0,0","335,7140935933922","2675,2166760549426"
2030-03-08 10:00:00,"0,0","307,2030310036219","2367,7802323963347"
2030-03-08 11:00:00,"802,4365626232877","0,0","3170,010206194346"
2030-03-08 12:00:00,"825,9231876979313","0,0","3995,656810501787"
2030-03-08 13:00:00,"767,8445341021888","0,0","4763,1527235472595"
2030-03-08 14:00:00,"0,0","229,88387176116322","4532,853266710967"
2030-03-08 15:00:00,"0,0","224,24400040894994","4308,213774854496"
2030-03-08 16:00:00,"0,0","231,43849732711436","4076,3993858755252"
2030-03-08 17:00:00,"0,0","230,18122123948007","3845,8624987896274"
2030-03-08 18:00:00,"0,0","219,98377144322723","3625,5431758433806"
2030-03-08 19:00:00,"0,0","179,5822701650216","3445,6445770362666"
2030-03-08 20:00:00,"0,0","134,8800253400862","3310,463919206834"
2030-03-08 21:00:00,"992,7922255584697","0,0","4302,967306788353"
2030-03-08 22:00:00,"1050,0929754298884","0,0","5352,684848320725"
2030-03-08 23:00:00,"1121,191252302737","0,0","6473,409078870446"
2030-03-09 00:00:00,"1282,4609503088702","0,0","7755,305224237185"
2030-03-09 01:00:00,"956,2337377827346","0,0","8710,862311639105"
2030-03-09 02:00:00,"953,347465159793","0,0","9663,449754062207"
2030-03-09 03:00:00,"938,2176791594447","0,0","10600,82429723061"
2030-03-09 04:00:00,"872,2006969173322","0,0","11472,10007222801"
2030-03-09 05:00:00,"822,0723685474218","0,0","12293,17150004413"
2030-03-09 06:00:00,"0,0","73,20197576473294","12218,89694506602"
2030-03-09 07:00:00,"661,3353189850005","0,0","12879,166165292565"
2030-03-09 08:00:00,"658,9163113733136","0,0","13536,958769417957"
2030-03-09 09:00:00,"692,3281451350942","0,0","14228,10581490042"
2030-03-09 10:00:00,"718,3133236979938","0,0","14945,177736366064"
2030-03-09 11:00:00,"736,8686015534263","0,0","15680,742371161992"
2030-03-09 12:00:00,"752,140721464895","0,0","16431,514947855005"
2030-03-09 13:00:00,"767,2682725791158","0,0","17197,349570754923"
2030-03-09 14:00:00,"771,1365833112916","0,0","17966,985685316165"
2030-03-09 15:00:00,"776,6551106325053","0,0","18742,07317644763"
2030-03-09 16:00:00,"767,2685269512881","0,0","19507,706457514272"
2030-03-09 17:00:00,"1073,8267062184393","0,0","20579,831116344292"
2030-03-09 18:00:00,"0,2615613544924713","0,0","20578,297087433883"
2030-03-09 19:00:00,"9,28092408293486","0,0","20585,78255509594"
2030-03-09 20:00:00,"1111,2214278448205","0,0","21695,207873412826"
2030-03-09 21:00:00,"1147,0416339274855","0,0","22840,356600453357"
2030-03-09 22:00:00,"1198,4344092760152","0,0","24036,798188615983"
2030-03-09 23:00:00,"1248,5471917727368","0,0","25283,248169746763"
2030-03-10 00:00:00,"1165,7281948296127","0,0","26446,770401173566"
2030-03-10 01:00:00,"647,9438061664707","0,0","27092,406726622532"
2030-03-10 02:00:00,"971,5828204706736","0,0","28061,62573460631"
2030-03-10 03:00:00,"146,99983829589803","0,0","28206,177196056866"
2030-03-10 04:00:00,"76,15973284561983","0,0","28279,87593994213"
2030-03-10 05:00:00,"0,0","51,05031996764666","28226,358200798724"
2030-03-10 06:00:00,"0,0","118,22460280524143","28105,67084824046"
2030-03-10 07:00:00,"0,0","154,87036357483106","27948,34826488412"
2030-03-10 08:00:00,"0,0","157,76467946478937","27788,14509203322"
2030-03-10 09:00:00,"0,0","119,88217302186155","27665,838403352078"
2030-03-10 10:00:00,"0,0","90,54408508528269","27572,880473866102"
2030-03-10 11:00:00,"583,814331233973","0,0","28154,28907127873"
2030-03-10 12:00:00,"901,1423165246756","0,0","29052,974926081937"
2030-03-10 13:00:00,"1044,0696697502328","0,0","30094,50972376987"
2030-03-10 14:00:00,"0,0","31,364868117222727","30060,519109679248"
2030-03-10 15:00:00,"0,0","25,916231675950485","30031,980097710977"
2030-03-10 16:00:00,"0,0","36,572868213361005","29992,786939234094"
2030-03-10 17:00:00,"0,0","45,0154010100112","29945,154667563635"
2030-03-10 18:00:00,"0,0","38,63467428745781","29903,90727853143"
2030-03-10 19:00:00,"0,0","28,893297316387702","29872,404865304994"
2030-03-10 20:00:00,"0,0","4,040692391553193","29865,757805588943"
2030-03-10 21:00:00,"34,86659298075591","0,0","29898,01861120116"
2030-03-10 22:00:00,"90,31334527657452","0,0","29985,72335435391"
2030-03-10 23:00:00,"144,67025720191072","0,0","30127,777357193154"
2030-03-11 00:00:00,"197,40378035480643","0,0","30322,552488973546"
2030-03-11 01:00:00,"184,02686057647372","0,0","30503,933706845357"
2030-03-11 02:00:00,"180,9404436601398","0,0","30682,212682289573"
2030-03-11 03:00:00,"165,57551752812054","0,0","30845,111176761162"
2030-03-11 04:00:00,"98,45893055271705","0,0","30940,878871363708"
2030-03-11 05:00:00,"0,0","21,2466941204504","30916,93258556173"
2030-03-11 06:00:00,"0,0","84,24243360726115","30829,99264958638"
2030-03-11 07:00:00,"0,0","117,54253089785442","30709,76020182985"
2030-03-11 08:00:00,"0,0","120,12669470970224","30586,95408054254"
2030-03-11 09:00:00,"0,0","85,55301072041385","30498,732358078596"
2030-03-11 10:00:00,"0,0","58,68779477492018","30437,383548905433"
2030-03-11 11:00:00,"0,0","39,610784699894396","30395,117102490898"
2030-03-11 12:00:00,"0,0","23,82738833293314","30368,63774019077"
2030-03-11 13:00:00,"0,0","8,188580302939272","30357,799496245"
2030-03-11 14:00:00,"0,0","4,190078826095885","30350,960699412855"
2030-03-11 15:00:00,"1,3378388687076495","0,0","30349,65041696054"
2030-03-11 16:00:00,"0,0","8,33945239038377","30338,662957571276"
2030-03-11 17:00:00,"0,0","15,462600312545362","30320,55330891568"
2030-03-11 18:00:00,"0,0","9,156074162272887","30308,751766477206"
2030-03-11 19:00:00,"0,1004642808811127","0,0","30306,20779216646"
2030-03-11 20:00:00,"23,002611775393973","0,0","30326,56618731199"
2030-03-11 21:00:00,"59,55845579994815","0,0","30383,478650212095"
2030-03-11 22:00:00,"111,87828581162023","0,0","30492,705977511487"
2030-03-11 23:00:00,"162,88518750039697","0,0","30652,930676415344"
2030-03-12 00:00:00,"257,0310764514153","0,0","30907,287284665243"
2030-03-12 01:00:00,"238,97772361170854","0,0","31143,568347461365"
2030-03-12 02:00:00,"249,98974865514452","0,0","31390,840819778194"
2030-03-12 03:00:00,"236,5002483789542","0,0","31624,60221729562"
2030-03-12 04:00:00,"191,18646184121633","0,0","31813,02943259338"
2030-03-12 05:00:00,"110,288835042215","0,0","31920,5425808176"
2030-03-12 06:00:00,"78,04191090935319","0,0","31995,799424386776"
2030-03-12 07:00:00,"57,88847167221377","0,0","32050,89626255921"
2030-03-12 08:00:00,"52,021019030868786","0,0","32100,12084089117"
2030-03-12 09:00:00,"68,76310199411432","0,0","32166,08320734192"
2030-03-12 10:00:00,"94,04324169969829","0,0","32257,319958281776"
2030-03-12 11:00:00,"112,39303149440849","0,0","32366,898538609825"
2030-03-12 12:00:00,"122,9190355571381","0,0","32486,99356226947"
2030-03-12 13:00:00,"146,3420896989295","0,0","32630,501161780092"
2030-03-12 14:00:00,"156,60586678523623","0,0","32784,260017338966"
2030-03-12 15:00:00,"156,49697441327754","0,0","32937,89656506573"
2030-03-12 16:00:00,"149,51587770291297","0,0","33084,53861129334"
2030-03-12 17:00:00,"146,47924026664782","0,0","33228,131225566154"
2030-03-12 18:00:00,"143,8682407006849","0,0","33369,10031181741"
2030-03-12 19:00:00,"144,6526000306324","0,0","33510,84145784584"
2030-03-12 20:00:00,"148,626504991908","0,0","33656,54414192055"
2030-03-12 21:00:00,"168,4715875281118","0,0","33822,079195972285"
2030-03-12 22:00:00,"209,14709305797322","0,0","34028,27531262041"
2030-03-12 23:00:00,"254,87748966514752","0,0","34280,18383526453"
2030-03-13 00:00:00,"326,5294826912743","0,0","34603,72237191618"
2030-03-13 01:00:00,"323,7455436264827","0,0","34924,44874076571"
2030-03-13 02:00:00,"315,4010193901419","0,0","35236,80260200322"
2030-03-13 03:00:00,"296,6408728421451","0,0","35530,36906381834"
2030-03-13 04:00:00,"225,36737679224012","0,0","35752,63641590976"
2030-03-13 05:00:00,"143,57749338705355","0,0","35893,09449176952"
2030-03-13 06:00:00,"164,3276182895343","0,0","36054,290437564654"
2030-03-13 07:00:00,"153,95835577238933","0,0","36205,103056496366"
2030-03-13 08:00:00,"187,5906858401139","0,0","36389,5348470948"
2030-03-13 09:00:00,"217,9354289808732","0,0","36604,29528916027"
2030-03-13 10:00:00,"226,7014271034869","0,0","36827,802991499775"
2030-03-13 11:00:00,"242,31394542979854","0,0","37066,90371111857"
2030-03-13 12:00:00,"244,42741887419956","0,0","37308,097042643974"
2030-03-13 13:00:00,"260,212191486143","0,0","37565,05410266315"
2030-03-13 14:00:00,"262,7075625271299","0,0","37824,48411421982"
2030-03-13 15:00:00,"267,32071103224075","0,0","38088,504639013096"
2030-03-13 16:00:00,"254,47314487308503","0,0","38339,65456185643"
2030-03-13 17:00:00,"242,75314143050997","0,0","38579,062568426416"
2030-03-13 18:00:00,"225,27942951491207","0,0","38800,97597473224"
2030-03-13 19:00:00,"214,2902123746553","0,0","39011,8808019531"
2030-03-13 20:00:00,"211,2237154975585","0,0","39219,70073085069"
2030-03-13 21:00:00,"212,47339806548115","0,0","39428,7522100274"
2030-03-13 22:00:00,"246,60557110024817","0,0","39671,91762249733"
2030-03-13 23:00:00,"282,3849920365973","0,0","39950,84123972136"
2030-03-14 00:00:00,"256,01443653985734","0,0","40203,369965363054"
2030-03-14 01:00:00,"247,34897535844678","0,0","40447,21119669202"
2030-03-14 02:00:00,"245,8450682227041","0,0","40689,527245737816"
2030-03-14 03:00:00,"233,51308498067124","0,0","40919,4901694663"
2030-03-14 04:00:00,"179,93285419280517","0,0","41095,852798141816"
2030-03-14 05:00:00,"87,53793863184245","0,0","41179,80512361702"
2030-03-14 06:00:00,"39,93501690583497","0,0","41216,147202525826"
2030-03-14 07:00:00,"19,021665739683783","0,0","41231,57275942209"
2030-03-14 08:00:00,"17,60946990238","0,0","41245,58477460121"
2030-03-14 09:00:00,"40,0339356620928","0,0","41282,02003299171"
2030-03-14 10:00:00,"57,81518122363144","0,0","41336,23335796747"
2030-03-14 11:00:00,"71,30825944796914","0,0","41403,935031054956"
2030-03-14 12:00:00,"81,88250597974155","0,0","41482,20504370324"
2030-03-14 13:00:00,"92,34190871853178","0,0","41570,92763003171"
2030-03-14 14:00:00,"95,10548900389023","0,0","41662,40605559987"
2030-03-14 15:00:00,"100,89872184558038","0,0","41759,669732517104"
2030-03-14 16:00:00,"94,78339257340286","0,0","41850,80959390634"
2030-03-14 17:00:00,"92,47537695477064","0,0","41939,633487724044"
2030-03-14 18:00:00,"98,46171763481175","0,0","42034,43597233705"
2030-03-14 19:00:00,"105,88611676595053","0,0","42136,654584564414"
2030-03-14 20:00:00,"121,59931718644083","0,0","42254,57747863835"
2030-03-14 21:00:00,"149,5823430075746","0,0","42400,47310976091"
2030-03-14 22:00:00,"190,53370737948393","0,0","42587,30737586157"
2030-03-14 23:00:00,"229,42999411301577","0,0","42813,021627406044"
2030-03-15 00:00:00,"245,84968875107666","0,0","43055,135880020134"
2030-03-15 01:00:00,"236,35328772873444","0,0","43287,73260714334"
2030-03-15 02:00:00,"234,63091676063863","0,0","43518,586669234006"
2030-03-15 03:00:00,"221,73678450500313","0,0","43736,52645705212"
2030-03-15 04:00:00,"165,68621080330928","0,0","43898,39665592205"
2030-03-15 05:00:00,"68,34868642293833","0,0","43962,915207236765"
2030-03-15 06:00:00,"18,23189496468575","0,0","43977,31133784962"
2030-03-15 07:00:00,"0,0","4,615410091925071","43968,85890734347"
2030-03-15 08:00:00,"0,0","6,1719272110560155","43958,85069719275"
2030-03-15 09:00:00,"18,292675926461754","0,0","43973,30796339588"
2030-03-15 10:00:00,"37,58921947662253","0,0","44007,060511752694"
2030-03-15 11:00:00,"52,034533553598806","0,0","44055,25542927664"
2030-03-15 12:00:00,"63,47226925002991","0,0","44114,88387749047"
2030-03-15 13:00:00,"74,78705980396711","0,0","44185,821913676125"
2030-03-15 14:00:00,"77,74419009221634","0,0","44259,71089080637"
2030-03-15 15:00:00,"83,45897414326276","0,0","44339,30820517441"
2030-03-15 16:00:00,"76,69452823557566","0,0","44412,13412876909"
2030-03-15 17:00:00,"73,5351466427764","0,0","44481,79431670913"
2030-03-15 18:00:00,"79,50301706473579","0,0","44557,41629721974"
2030-03-15 19:00:00,"87,17560038546526","0,0","44640,70426303327"
2030-03-15 20:00:00,"104,05423430396274","0,0","44740,86359589029"
2030-03-15 21:00:00,"133,56383764405376","0,0","44870,5237931856"
2030-03-15 22:00:00,"176,5861874560971","0,0","45043,19502744074"
2030-03-15 23:00:00,"217,77952821939257","0,0","45257,04453689399"
2030-03-16 00:00:00,"123,99423172196106","0,0","45377,09009148011"
2030-03-16 01:00:00,"0,0","201,19708859306587","45171,933851776565"
2030-03-16 02:00:00,"0,0","209,94791876795125","44958,04468178005"
2030-03-16 03:00:00,"0,0","228,9886544590703","44725,13343792249"
2030-03-16 04:00:00,"0,0","295,99666575890956","44425,234504271124"
2030-03-16 05:00:00,"0,0","442,8781361950565","43978,48026636557"
2030-03-16 06:00:00,"0,0","520,6384860567521","43454,004657905585"
2030-03-16 07:00:00,"0,0","564,2332168581323","42885,98007914105"
2030-03-16 08:00:00,"0,0","570,1560686013435","42312,08220877781"
2030-03-16 09:00:00,"0,0","551,3557693401104","41757,03471026498"
2030-03-16 10:00:00,"0,0","527,3472392664004","41226,04416972012"
2030-03-16 11:00:00,"0,0","501,8658976187711","40720,58129974754"
2030-03-16 12:00:00,"0,0","482,3897612660372","40234,638667763094"
2030-03-16 13:00:00,"0,0","466,1780099760696","39764,95018556326"
2030-03-16 14:00:00,"0,0","462,5188570575725","39298,961836602"
2030-03-16 15:00:00,"0,0","456,6436095480459","38838,88939263371"
2030-03-16 16:00:00,"0,0","462,7928772562385","38372,70782227797"
2030-03-16 17:00:00,"0,0","460,91425866343786","37908,44554485704"
2030-03-16 18:00:00,"0,0","451,4437344838291","37453,69429849942"
2030-03-16 19:00:00,"0,0","417,27838397118205","37033,14807970069"
2030-03-16 20:00:00,"0,0","379,66420299811614","36650,252734532616"
2030-03-16 21:00:00,"0,0","337,2885870135259","36309,766412968"
2030-03-16 22:00:00,"0,0","285,570531683432","36021,02785416503"
2030-03-16 23:00:00,"0,0","222,26601894177298","35795,61900054298"
2030-03-17 00:00:00,"0,0","178,99288905955677","35613,50294372563"
2030-03-17 01:00:00,"0,0","190,41095636486153","35419,984709228935"
2030-03-17 02:00:00,"0,0","198,82469624640214","35218,06961931665"
2030-03-17 03:00:00,"0,0","217,38583791045767","34997,61100483191"
2030-03-17 04:00:00,"0,0","282,76759158933964","34711,7898716824"
2030-03-17 05:00:00,"0,0","425,69135776717314","34283,06991024892"
2030-03-17 06:00:00,"0,0","500,338271911745","33779,74044048751"
2030-03-17 07:00:00,"0,0","541,5351798447062","33235,25797828937"
2030-03-17 08:00:00,"532,6500490423315","0,0","33765,0082510731"
2030-03-17 09:00:00,"550,5385441376262","0,0","34312,60079824082"
2030-03-17 10:00:00,"573,5050777517209","0,0","34883,1121015729"
2030-03-17 11:00:00,"597,9791585656234","0,0","35478,04770860766"
2030-03-17 12:00:00,"616,5079077709516","0,0","36091,460156716035"
2030-03-17 13:00:00,"631,9081540719645","0,0","36720,219330889326"
2030-03-17 14:00:00,"635,4043082586865","0,0","37352,41980001139"
2030-03-17 15:00:00,"641,324864396519","0,0","37990,48566578036"
2030-03-17 16:00:00,"635,3806889345582","0,0","38622,55168484058"
2030-03-17 17:00:00,"0,0","442,39599385670635","38176,78587334938"
2030-03-17 18:00:00,"0,0","433,12557334204155","37740,32937543989"
2030-03-17 19:00:00,"0,0","400,4433976726946","37336,59313402919"
2030-03-17 20:00:00,"0,0","364,49186652979904","36968,84364974846"
2030-03-17 21:00:00,"0,0","323,3354730207499","36642,28264511927"
2030-03-17 22:00:00,"0,0","272,8040142326018","36366,281591725885"
2030-03-17 23:00:00,"0,0","211,11616929149102","36151,99246436552"
2030-03-18 00:00:00,"0,0","191,71800903498502","35957,12019398802"
2030-03-18 01:00:00,"529,5787860799561","0,0","36483,56172133105"
2030-03-18 02:00:00,"0,0","212,59843270770426","36267,78009786316"
2030-03-18 03:00:00,"0,0","231,73134513756628","36032,884388912054"
2030-03-18 04:00:00,"0,0","299,0663622213182","35730,67415752781"
2030-03-18 05:00:00,"0,0","446,718170243823","35280,83848596374"
2030-03-18 06:00:00,"0,0","525,3808690826711","34752,379363723165"
2030-03-18 07:00:00,"0,0","569,7028747150292","34179,64434390865"
2030-03-18 08:00:00,"0,0","575,7393103658144","33600,922859573824"
2030-03-18 09:00:00,"0,0","556,6983209841911","33041,292858070134"
2030-03-18 10:00:00,"0,0","532,4173340067467","32505,992671261523"
2030-03-18 11:00:00,"0,0","506,6792738481689","31996,47724955279"
2030-03-18 12:00:00,"0,0","486,93937992746703","31506,746176985303"
2030-03-18 13:00:00,"0,0","470,49243608270785","31033,504777298655"
2030-03-18 14:00:00,"0,0","466,78566229877333","30564,011441708062"
2030-03-18 15:00:00,"0,0","460,91103231522084","30100,433699394554"
2030-03-18 16:00:00,"0,0","467,07935742468374","29630,728079129596"
2030-03-18 17:00:00,"0,0","465,19549373362736","29162,947304371064"
2030-03-18 18:00:00,"0,0","455,6428053618678","28704,760031856888"
2030-03-18 19:00:00,"0,0","421,04890459071373","28281,206636953397"
2030-03-18 20:00:00,"0,0","382,9778006451394","27895,761301029186"
2030-03-18 21:00:00,"0,0","340,34118254722125","27552,98621330845"
2030-03-18 22:00:00,"0,0","288,41888697350254","27262,16332828784"
2030-03-18 23:00:00,"0,0","224,87034091622138","27034,914363621225"
2030-03-19 00:00:00,"0,0","157,73479324409897","26874,8207740989"
2030-03-19 01:00:00,"0,0","169,7478293218964","26702,728116664464"
2030-03-19 02:00:00,"0,0","178,62008020264045","26521,778223433645"
2030-03-19 03:00:00,"0,0","189,22876415857104","26330,23543412508"
2030-03-19 04:00:00,"0,0","240,78448807363247","26087,153633009817"
2030-03-19 05:00:00,"0,0","349,6277543400441","25735,249774515294"
2030-03-19 06:00:00,"0,0","430,91252373544273","25302,091850237026"
2030-03-19 07:00:00,"0,0","443,77221913388905","24856,1120235892"
2030-03-19 08:00:00,"0,0","450,52861068422965","24403,414717130916"
2030-03-19 09:00:00,"0,0","428,41953597993313","23972,865983216914"
2030-03-19 10:00:00,"0,0","409,81910652554495","23560,955244134333"
2030-03-19 11:00:00,"0,0","381,9515144112937","23176,94803637799"
2030-03-19 12:00:00,"0,0","358,77750904604784","22816,148338615767"
2030-03-19 13:00:00,"0,0","346,22633030228553","22467,93129937094"
2030-03-19 14:00:00,"0,0","335,0704887924807","22130,90048357259"
2030-03-19 15:00:00,"0,0","320,1558575017963","21808,813705003602"
2030-03-19 16:00:00,"0,0","326,7227593191869","21480,188126688656"
2030-03-19 17:00:00,"0,0","331,5632216184213","21146,75075865618"
2030-03-19 18:00:00,"0,0","308,459377039582","20836,446327612906"
2030-03-19 19:00:00,"0,0","304,29089163057563","20530,337456040248"
2030-03-19 20:00:00,"0,0","292,4982689208034","20236,047915176405"
2030-03-19 21:00:00,"0,0","272,9758380201047","19961,306481975702"
2030-03-19 22:00:00,"0,0","220,1252746735487","19739,439583311603"
2030-03-19 23:00:00,"0,0","170,59683837426536","19567,120478833695"
2030-03-20 00:00:00,"0,0","200,2504845263876","19365,16276304553"
2030-03-20 01:00:00,"0,0","212,8433848265487","19150,629767767907"
2030-03-20 02:00:00,"0,0","211,49340807784165","18937,46546724283"
2030-03-20 03:00:00,"0,0","256,83900444279084","18678,97416893802"
2030-03-20 04:00:00,"0,0","323,3718001612567","18353,972628280524"
2030-03-20 05:00:00,"0,0","473,7322978372839","17878,638946331423"
2030-03-20 06:00:00,"0,0","429,9557057309669","17447,123329352387"
2030-03-20 07:00:00,"0,0","435,46365734415474","17010,137410497748"
2030-03-20 08:00:00,"0,0","437,2471430404222","16571,40613296826"
2030-03-20 09:00:00,"0,0","403,29802844275787","16166,6622493404"
2030-03-20 10:00:00,"0,0","380,8611535796723","15784,390554479472"
2030-03-20 11:00:00,"0,0","372,4327960477332","15410,580570355862"
2030-03-20 12:00:00,"0,0","362,21671223520855","15047,019284965889"
2030-03-20 13:00:00,"0,0","334,146913476689","14711,559519056587"
2030-03-20 14:00:00,"0,0","332,6095920738695","14377,66634341468"
2030-03-20 15:00:00,"0,0","339,91417225297425","14036,497719773242"
2030-03-20 16:00:00,"0,0","357,668701470285","13677,604333876907"
2030-03-20 17:00:00,"0,0","373,54649079578246","13302,864472102994"
2030-03-20 18:00:00,"0,0","383,91599298743597","12917,787804190366"
2030-03-20 19:00:00,"0,0","393,73444750952206","12522,92627969493"
2030-03-20 20:00:00,"0,0","372,77765093462074","12149,056003442407"
2030-03-20 21:00:00,"0,0","372,7581093211777","11775,23788898493"
2030-03-20 22:00:00,"0,0","306,48568269939017","11467,724816779724"
2030-03-20 23:00:00,"0,0","259,17844317739286","11207,545814612069"
2030-03-21 00:00:00,"0,0","176,42150255619538","11030,146453683548"
2030-03-21 01:00:00,"0,0","187,70791113726102","10841,476162268204"
2030-03-21 02:00:00,"0,0","196,03950481736092","10644,490738655684"
2030-03-21 03:00:00,"0,0","214,47178384026574","10429,09022299847"
2030-03-21 04:00:00,"0,0","279,42571273087447","10148,754572145639"
2030-03-21 05:00:00,"0,0","421,3003512921106","9726,568742017109"
2030-03-21 06:00:00,"0,0","495,2232299063015","9230,496868988066"
2030-03-21 07:00:00,"0,0","535,872411507005","8693,819096629242"
2030-03-21 08:00:00,"0,0","541,3799288574784","8151,680632055583"
2030-03-21 09:00:00,"0,0","523,7100014891716","7627,2593964312655"
2030-03-21 10:00:00,"0,0","500,99725507391065","7125,596662975016"
2030-03-21 11:00:00,"0,0","476,7701147009974","6648,204839965175"
2030-03-21 12:00:00,"0,0","458,46379004922824","6189,16099404366"
2030-03-21 13:00:00,"0,0","443,2554936405271","5745,365496106403"
2030-03-21 14:00:00,"0,0","439,794635535519","5305,069577431349"
2030-03-21 15:00:00,"0,0","433,8601724940937","4870,746537616625"
2030-03-21 16:00:00,"0,0","439,7431657059361","4430,578399275281"
2030-03-21 17:00:00,"0,0","437,71363249241324","3992,4781988175314"
2030-03-21 18:00:00,"0,0","428,48209442798054","3563,647760666704"
2030-03-21 19:00:00,"0,0","396,14624620583174","3167,1905861937544"
2030-03-21 20:00:00,"0,0","360,59030411459923","2806,32394470051"
2030-03-21 21:00:00,"0,0","319,75015418588896","2486,328938750446"
2030-03-21 22:00:00,"0,0","269,54068901102136","2216,571317539519"
2030-03-21 23:00:00,"0,0","208,30682703365073","2008,071094658413"
2030-03-22 00:00:00,"0,0","124,49027246640281","1883,4056179890013"
2030-03-22 01:00:00,"0,0","138,57085156438575","1744,670439284446"
2030-03-22 02:00:00,"0,0","141,84286725581632","1602,675349532802"
2030-03-22 03:00:00,"0,0","157,68673390750513","1444,8487822010502"
2030-03-22 04:00:00,"0,0","226,8993811172886","1217,8233380275146"
2030-03-22 05:00:00,"0,0","350,79661977552075","866,9204631657508"
2030-03-22 06:00:00,"0,0","415,9290211990516","450,91580315628806"
2030-03-22 07:00:00,"0,0","450,87646075246266","0,0"
2030-03-22 08:00:00,"626,1829053442125","0,0","626,1829053442125"
2030-03-22 09:00:00,"662,4914602714542","0,0","1288,6197311571755"
2030-03-22 10:00:00,"690,6437816283592","0,0","1979,1510807139912"
2030-03-22 11:00:00,"710,5283694519381","0,0","2689,506769234137"
2030-03-22 12:00:00,"727,0455840662676","0,0","3416,317693834789"
2030-03-22 13:00:00,"743,4115363452411","0,0","4159,4311564612435"
2030-03-22 14:00:00,"747,5758717163869","0,0","4906,644117809229"
2030-03-22 15:00:00,"753,0364319013316","0,0","5659,252445011281"
2030-03-22 16:00:00,"742,8088747438618","0,0","6401,567549979316"
2030-03-22 17:00:00,"0,0","344,8021207099134","6056,206892500667"
2030-03-22 18:00:00,"0,0","338,51155563438766","5717,166932814908"
2030-03-22 19:00:00,"750,7227914374512","0,0","6467,390901437471"
2030-03-22 20:00:00,"774,618076376175","0,0","7241,444697957496"
2030-03-22 21:00:00,"812,4675003637097","0,0","8053,280382271309"
2030-03-22 22:00:00,"866,5430157403434","0,0","8919,120749298298"
2030-03-22 23:00:00,"919,4982818520492","0,0","9837,840837864971"
2030-03-23 00:00:00,"983,1944222887468","0,0","10820,176908540614"
2030-03-23 01:00:00,"971,349090650994","0,0","11790,581938756339"
2030-03-23 02:00:00,"968,8649170153013","0,0","12758,418127497485"
2030-03-23 03:00:00,"954,4430395045722","0,0","13711,747995020434"
2030-03-23 04:00:00,"891,6053272319317","0,0","14602,1569722398"
2030-03-23 05:00:00,"780,5910665636828","0,0","15381,474000607654"
2030-03-23 06:00:00,"722,8850856717058","0,0","16103,017052672807"
2030-03-23 07:00:00,"693,9655624382183","0,0","16795,57762687318"
2030-03-23 08:00:00,"691,8512695072112","0,0","17485,963482232444"
2030-03-23 09:00:00,"722,332860440861","0,0","18206,770692359478"
2030-03-23 10:00:00,"746,1240094660357","0,0","18951,306161082604"
2030-03-23 11:00:00,"763,3381348665455","0,0","19712,990794486595"
2030-03-23 12:00:00,"777,3507138044642","0,0","20488,62154984424"
2030-03-23 13:00:00,"791,223160767251","0,0","21278,05707838127"
2030-03-23 14:00:00,"794,7880982659457","0,0","22070,988666167126"
2030-03-23 15:00:00,"800,3557010884867","0,0","22869,41867349449"
2030-03-23 16:00:00,"791,8047480866695","0,0","23659,228064801897"
2030-03-23 17:00:00,"786,245727383152","0,0","24443,409524536397"
2030-03-23 18:00:00,"792,3387798313686","0,0","25233,61561688675"
2030-03-23 19:00:00,"800,8917603488916","0,0","26032,305744273068"
2030-03-23 20:00:00,"821,3141608581022","0,0","26851,348586454984"
2030-03-23 21:00:00,"855,1036255351863","0,0","27704,109431826004"
2030-03-23 22:00:00,"903,8254267325202","0,0","28605,5176750106"
2030-03-23 23:00:00,"951,1295372746988","0,0","29554,151380868152"
2030-03-24 00:00:00,"979,2044500078252","0,0","30530,777231168"
2030-03-24 01:00:00,"967,0305304662907","0,0","31495,14395132087"
2030-03-24 02:00:00,"964,4717937003014","0,0","32456,86779371142"
2030-03-24 03:00:00,"949,8208325303158","0,0","33403,85676452673"
2030-03-24 04:00:00,"885,9931659955189","0,0","34286,935444019546"
2030-03-24 05:00:00,"773,0030881061614","0,0","35056,946997008214"
2030-03-24 06:00:00,"714,3382621783533","0,0","35768,22654056108"
2030-03-24 07:00:00,"684,6952278888903","0,0","36449,800990684314"
2030-03-24 08:00:00,"682,5347250018685","0,0","37129,15547054975"
2030-03-24 09:00:00,"713,8063597835123","0,0","37839,72231151845"
2030-03-24 10:00:00,"738,1827550552496","0,0","38574,60355080202"
2030-03-24 11:00:00,"755,7671859723007","0,0","39327,005102614516"
2030-03-24 12:00:00,"770,1105868922552","0,0","40093,684408311565"
2030-03-24 13:00:00,"784,3119461890067","0,0","40874,49818053595"
2030-03-24 14:00:00,"787,949848256428","0,0","41658,88172882613"
2030-03-24 15:00:00,"793,4800499519903","0,0","42448,72704134728"
2030-03-24 16:00:00,"0,0","295,09740567950746","42149,925984233414"
2030-03-24 17:00:00,"0,0","300,994156840082","41845,25424635121"
2030-03-24 18:00:00,"0,0","294,92031965990054","41546,68292825831"
2030-03-24 19:00:00,"0,0","286,2845409825522","41256,77343919027"
2030-03-24 20:00:00,"0,0","265,41574832579283","40987,75803738191"
2030-03-24 21:00:00,"0,0","231,02147351718037","40753,16038197596"
2030-03-24 22:00:00,"0,0","181,47088839829098","40568,13378033435"
2030-03-24 23:00:00,"0,0","133,22947462073552","40431,36473604128"
2030-03-25 00:00:00,"0,0","88,16225278103519","40339,67484668703"
2030-03-25 01:00:00,"0,0","99,32327094917093","40236,831939107484"
2030-03-25 02:00:00,"0,0","101,61424629692215","40131,70702922388"
2030-03-25 03:00:00,"0,0","115,57878585400687","40012,62675193157"
2030-03-25 04:00:00,"0,0","176,40150535951534","39832,73414488795"
2030-03-25 05:00:00,"0,0","283,3740583430597","39545,88468049075"
2030-03-25 06:00:00,"0,0","338,96484463531533","39203,469457417064"
2030-03-25 07:00:00,"0,0","366,23309062053613","38833,81586408637"
2030-03-25 08:00:00,"0,0","368,21183666634136","38462,21577698589"
2030-03-25 09:00:00,"0,0","339,43473815898506","38119,42521050036"
2030-03-25 10:00:00,"0,0","316,91266035700494","37799,18663029374"
2030-03-25 11:00:00,"0,0","300,4897372465688","37495,39891401368"
2030-03-25 12:00:00,"0,0","287,20231629969044","37204,92512415874"
2030-03-25 13:00:00,"0,0","274,04681028912546","36927,632184152535"
2030-03-25 14:00:00,"0,0","270,6475909954263","36653,76265724904"
2030-03-25 15:00:00,"0,0","265,02188890560865","36385,54272755158"
2030-03-25 16:00:00,"0,0","273,0426355346424","36109,32545341396"
2030-03-25 17:00:00,"0,0","277,9029731077218","35828,27194166043"
2030-03-25 18:00:00,"0,0","271,8108173401856","35553,33510759334"
2030-03-25 19:00:00,"0,0","263,4803122503329","35286,752766854865"
2030-03-25 20:00:00,"0,0","244,0422732396985","35039,63172443626"
2030-03-25 21:00:00,"0,0","211,5046107446679","34825,069905823635"
2030-03-25 22:00:00,"0,0","164,47440088978158","34657,55701758457"
2030-03-25 23:00:00,"0,0","119,0238156287179","34535,50933010607"
2030-03-26 00:00:00,"0,0","134,86952631963868","34397,62658059738"
2030-03-26 01:00:00,"0,0","145,99896533368724","34248,62642234454"
2030-03-26 02:00:00,"0,0","154,0827951147549","34091,55543457443"
2030-03-26 03:00:00,"0,0","164,2301397673868","33924,35080659538"
2030-03-26 04:00:00,"0,0","212,15017722416303","33709,24072976334"
2030-03-26 05:00:00,"0,0","314,27753510035535","33392,02206340931"
2030-03-26 06:00:00,"0,0","386,7992352930022","33002,30937419128"
2030-03-26 07:00:00,"0,0","397,95843711419354","32601,471485584192"
2030-03-26 08:00:00,"0,0","403,9856113020843","32194,641395894992"
2030-03-26 09:00:00,"0,0","384,35220002493304","31807,480213408267"
2030-03-26 10:00:00,"0,0","367,5665294449376","31437,13848131471"
2030-03-26 11:00:00,"737,3984598242146","0,0","32171,794050806428"
2030-03-26 12:00:00,"758,6412949900136","0,0","32927,62835676551"
2030-03-26 13:00:00,"770,5610175311988","0,0","33695,31643872258"
2030-03-26 14:00:00,"781,0943155620967","0,0","34473,4708379254"
2030-03-26 15:00:00,"376,7072833853017","0,0","34847,170310980095"
2030-03-26 16:00:00,"788,3573536228423","0,0","35632,487248993304"
2030-03-26 17:00:00,"0,0","296,043835180658","35333,334479300174"
2030-03-26 18:00:00,"0,0","275,66330599910214","35054,588339867754"
2030-03-26 19:00:00,"0,0","271,7630149801797","34779,76681205493"
2030-03-26 20:00:00,"0,0","260,78171425424375","34515,95056314633"
2030-03-26 21:00:00,"837,6892329531671","0,0","35350,62827941287"
2030-03-26 22:00:00,"886,7020754396941","0,0","36234,246012535186"
2030-03-26 23:00:00,"679,0807891370127","0,0","36910,16536370761"
2030-03-27 00:00:00,"0,0","132,1438684410831","36774,80108333854"
2030-03-27 01:00:00,"0,0","142,82828329423717","36628,764198649784"
2030-03-27 02:00:00,"0,0","142,92596262515553","36482,642376348296"
2030-03-27 03:00:00,"0,0","146,03224553211953","36333,427020268835"
2030-03-27 04:00:00,"588,877495632038","0,0","36919,134424393356"
2030-03-27 05:00:00,"0,0","355,228052150666","36560,68517776416"
2030-03-27 06:00:00,"0,0","322,9348460164578","36234,56041196594"
2030-03-27 07:00:00,"0,0","325,8812136261916","35905,51773294381"
2030-03-27 08:00:00,"0,0","326,6759015991702","35575,70907492244"
2030-03-27 09:00:00,"0,0","300,94973308026664","35271,655361225385"
2030-03-27 10:00:00,"0,0","279,89223439610186","34988,68567489902"
2030-03-27 11:00:00,"0,0","276,1902990329438","34709,442613040934"
2030-03-27 12:00:00,"0,0","232,7997596055559","34473,61445456739"
2030-03-27 13:00:00,"439,7414570626419","0,0","34910,34808876887"
2030-03-27 14:00:00,"566,0157278738582","0,0","35473,317888771984"
2030-03-27 15:00:00,"0,0","251,3678701332791","35218,854971652916"
2030-03-27 16:00:00,"0,0","266,0357093063245","34949,74641725032"
2030-03-27 17:00:00,"0,0","280,4188662542994","34666,27818562111"
2030-03-27 18:00:00,"0,0","289,41472004202996","34373,838832807385"
2030-03-27 19:00:00,"0,0","296,9519028968059","34073,887812472414"
2030-03-27 20:00:00,"0,0","280,8836030394052","33790,031262721364"
2030-03-27 21:00:00,"0,0","278,29938133918495","33508,783701154505"
2030-03-27 22:00:00,"0,0","225,43980701593676","33280,42025276065"
2030-03-27 23:00:00,"0,0","184,32832567343195","33093,188210420165"
2030-03-28 00:00:00,"0,0","154,48135847427375","32935,81947127453"
2030-03-28 01:00:00,"0,0","170,92716393825958","32762,018657087407"
2030-03-28 02:00:00,"0,0","175,20182718642303","32583,958343773156"
2030-03-28 03:00:00,"0,0","192,47148273549402","32388,643910672166"
2030-03-28 04:00:00,"0,0","268,2016194902502","32117,61638200071"
2030-03-28 05:00:00,"0,0","405,3842524082535","31709,429867563125"
2030-03-28 06:00:00,"0,0","478,91591935433075","31227,74730045285"
2030-03-28 07:00:00,"0,0","520,9139978000876","30704,1086817008"
2030-03-28 08:00:00,"0,0","524,4154909824418","30177,014257235878"
2030-03-28 09:00:00,"0,0","481,6729926670222","29692,70832007491"
2030-03-28 10:00:00,"0,0","448,6714658279469","29241,44616544604"
2030-03-28 11:00:00,"0,0","425,87103926946895","28813,023809998635"
2030-03-28 12:00:00,"0,0","406,5564231800755","28403,95345049114"
2030-03-28 13:00:00,"0,0","387,3951924620129","28014,08001309057"
2030-03-28 14:00:00,"0,0","382,53608225851474","27629,099702350915"
2030-03-28 15:00:00,"0,0","377,0986831701199","27249,590380231766"
2030-03-28 16:00:00,"0,0","389,04313629388776","26858,169717177203"
2030-03-28 17:00:00,"0,0","399,2994186929624","26456,526923176418"
2030-03-28 18:00:00,"0,0","392,5961884212112","26061,62240278116"
2030-03-28 19:00:00,"0,0","381,9581482881373","25677,39037793838"
2030-03-28 20:00:00,"0,0","354,1181859989135","25321,031839628995"
2030-03-28 21:00:00,"0,0","312,01021788966676","25006,81236171132"
2030-03-28 22:00:00,"0,0","252,44695875320474","24752,183558579556"
2030-03-28 23:00:00,"0,0","193,95377391162435","24556,070156652448"
2030-03-29 00:00:00,"0,0","117,1862053488195","24436,741434182462"
2030-03-29 01:00:00,"0,0","130,68726249742411","24303,922065994906"
2030-03-29 02:00:00,"0,0","133,73317421520846","24168,068374579438"
2030-03-29 03:00:00,"0,0","149,21845750079666","24016,74125311296"
2030-03-29 04:00:00,"0,0","216,80482290287512","23797,84096953575"
2030-03-29 05:00:00,"0,0","337,40666406831576","23458,357943842842"
2030-03-29 06:00:00,"0,0","400,541140415824","23055,77006169642"
2030-03-29 07:00:00,"0,0","433,8367031857043","22619,921742572835"
2030-03-29 08:00:00,"0,0","436,3671881106908","22181,580966290105"
2030-03-29 09:00:00,"0,0","401,60664300959115","21778,038980341204"
2030-03-29 10:00:00,"0,0","374,6146093000442","21401,524237140125"
2030-03-29 11:00:00,"0,0","355,4367426902286","21044,220211460208"
2030-03-29 12:00:00,"0,0","339,5892913801922","20702,794811866566"
2030-03-29 13:00:00,"0,0","323,89022816354566","20377,098264855686"
2030-03-29 14:00:00,"0,0","319,88889152417505","20055,4314715079"
2030-03-29 15:00:00,"0,0","314,4122607712142","19739,2693743408"
2030-03-29 16:00:00,"0,0","324,21156791361204","19413,33555517428"
2030-03-29 17:00:00,"0,0","331,4650253677671","19080,176716279322"
2030-03-29 18:00:00,"0,0","325,25146779067677","18753,26050307015"
2030-03-29 19:00:00,"0,0","316,0482611664629","18435,576019924792"
2030-03-29 20:00:00,"0,0","293,0895620921321","18140,877953824922"
2030-03-29 21:00:00,"0,0","256,2873334353857","17883,007828788064"
2030-03-29 22:00:00,"0,0","203,57724942385613","17677,87028693115"
2030-03-29 23:00:00,"0,0","152,0318070851605","17524,296085663453"
2030-03-30 00:00:00,"0,0","39,40569856923736","17483,361392260744"
2030-03-30 01:00:00,"0,0","37,986956017318676","17443,849012961953"
2030-03-30 02:00:00,"0,0","45,40288821850828","17396,924148917064"
2030-03-30 03:00:00,"0,0","60,04852898617912","17335,35773829889"
2030-03-30 04:00:00,"0,0","118,31212970190097","17215,53309863432"
2030-03-30 05:00:00,"0,0","229,00121366462218","16985,029829706844"
2030-03-30 06:00:00,"0,0","305,1572389179915","16678,39064693621"
2030-03-30 07:00:00,"0,0","302,3181441312431","16374,617313221022"
2030-03-30 08:00:00,"0,0","275,5852651676654","16097,603362692778"
2030-03-30 09:00:00,"0,0","41,63707533457165","16054,561771464812"
2030-03-30 10:00:00,"0,0","228,25525421408923","15824,905756736163"
2030-03-30 11:00:00,"257,1981109240199","0,0","16080,72314463291"
2030-03-30 12:00:00,"0,0","200,5289364284548","15878,791165110086"
2030-03-30 13:00:00,"0,0","190,8861231662944","15686,519617414637"
2030-03-30 14:00:00,"902,1544041260643","0,0","16587,305372704082"
2030-03-30 15:00:00,"0,0","168,76355352082578","16417,09457678949"
2030-03-30 16:00:00,"0,0","168,07317996079996","16247,589005326863"
2030-03-30 17:00:00,"0,0","165,42421019475944","16080,747192991388"
2030-03-30 18:00:00,"0,0","173,50095542179542","15905,843192377004"
2030-03-30 19:00:00,"0,0","184,2863445449184","15720,16906301355"
2030-03-30 20:00:00,"0,0","178,05352971589332","15540,74394854691"
2030-03-30 21:00:00,"0,0","161,48833908324707","15377,899679554152"
2030-03-30 22:00:00,"0,0","112,54307666461636","15264,014881142493"
2030-03-30 23:00:00,"0,0","64,17664040877577","15198,506455435338"
2030-03-31 00:00:00,"0,0","28,60845587473159","15168,571929872369"
2030-03-31 01:00:00,"0,0","26,920192378221657","15140,328279593266"
2030-03-31 02:00:00,"0,0","33,37975584351403","15105,627530107358"
2030-03-31 03:00:00,"0,0","46,996870985297505","15057,312693120059"
2030-03-31 04:00:00,"0,0","101,80603560025543","14954,19290698733"
2030-03-31 05:00:00,"0,0","203,84578235410618","14749,042371302088"
2030-03-31 06:00:00,"0,0","274,3882469021092","14473,367270453082"
2030-03-31 07:00:00,"0,0","271,7016736401033","14200,402795518632"
2030-03-31 08:00:00,"0,0","248,28152947787578","13950,882280896847"
2030-03-31 09:00:00,"0,0","228,1709175926013","13721,494148825239"
2030-03-31 10:00:00,"0,0","206,10611852770404","13514,19082993305"
2030-03-31 11:00:00,"0,0","190,85052307325168","13322,161193709886"
2030-03-31 12:00:00,"0,0","180,96503088283725","13140,0338042629"
2030-03-31 13:00:00,"452,5203981144579","0,0","13591,407734427936"
2030-03-31 14:00:00,"0,0","160,21914016645133","13430,002743936655"
2030-03-31 15:00:00,"0,0","10,146366213455423","13418,684609983791"
2030-03-31 16:00:00,"0,0","150,57569590342428","13266,938133848145"
2030-03-31 17:00:00,"0,0","147,46884416961467","13118,311749326353"
2030-03-31 18:00:00,"0,0","153,81252266312384","12963,3546539631"
2030-03-31 19:00:00,"0,0","162,85319331610992","12799,370407953433"
2030-03-31 20:00:00,"0,0","157,13521247731967","12641,11845040802"
2030-03-31 21:00:00,"0,0","141,46983959815594","12498,545673225066"
2030-03-31 22:00:00,"0,0","96,08108627891392","12401,374088836164"
2030-03-31 23:00:00,"0,0","51,77474206193472","12348,51732688498"
2030-04-01 00:00:00,"6,2577312099685685","0,0","12353,697649958178"
2030-04-01 01:00:00,"8,600872572198824","0,0","12361,220662410418"
2030-04-01 02:00:00,"4,680962064527506","0,0","12364,82310797215"
2030-04-01 03:00:00,"0,0","5,532129875392826","12358,212147280587"
2030-04-01 04:00:00,"0,0","48,35887247036237","12308,775020800374"
2030-04-01 05:00:00,"0,0","122,31232421837325","12185,388755961436"
2030-04-01 06:00:00,"0,0","175,44451694220083","12008,881063850276"
2030-04-01 07:00:00,"0,0","174,23963768664237","11833,593651290814"
2030-04-01 08:00:00,"0,0","160,75070724494105","11671,810462999798"
2030-04-01 09:00:00,"0,0","148,26190382254265","11522,53019371436"
2030-04-01 10:00:00,"0,0","134,27542835953784","11387,24942459542"
2030-04-01 11:00:00,"0,0","123,69781606642101","11262,558071016705"
2030-04-01 12:00:00,"0,0","117,10768419257158","11144,467728632437"
2030-04-01 13:00:00,"0,0","110,92945671000604","11032,565917113108"
2030-04-01 14:00:00,"0,0","103,0372631430634","10928,566062593776"
2030-04-01 15:00:00,"0,0","94,53563893570075","10833,076906269114"
2030-04-01 16:00:00,"0,0","92,85537842933019","10739,276341879711"
2030-04-01 17:00:00,"0,0","88,00543907295122","10650,33390094593"
2030-04-01 18:00:00,"0,0","88,79308578108558","10560,611573531987"
2030-04-01 19:00:00,"0,0","92,19020991464606","10467,49995025755"
2030-04-01 20:00:00,"0,0","87,651574478687","10378,935086408204"
2030-04-01 21:00:00,"0,0","74,9667016062026","10303,062822715712"
2030-04-01 22:00:00,"0,0","41,35017569333482","10260,813704791095"
2030-04-01 23:00:00,"0,0","10,946587028761542","10248,97186176659"
2030-04-02 00:00:00,"57,2954576319779","0,0","10305,373096603627"
2030-04-02 01:00:00,"64,11867422071029","0,0","10368,592627021659"
2030-04-02 02:00:00,"61,38440809917668","0,0","10429,072375414127"
2030-04-02 03:00:00,"59,59602299535568","0,0","10487,758461844729"
2030-04-02 04:00:00,"39,194180147843554","0,0","10526,037585066777"
2030-04-02 05:00:00,"5,043245793856613","0,0","10530,162434081338"
2030-04-02 06:00:00,"0,0","11,22463986747951","10518,019037541484"
2030-04-02 07:00:00,"0,0","7,203645870517164","10509,897694509942"
2030-04-02 08:00:00,"0,0","6,15901907372978","10502,821686862366"
2030-04-02 09:00:00,"0,0","2,5639695222577075","10499,341346147929"
2030-04-02 10:00:00,"0,0","0,7535689665999712","10497,671709648877"
2030-04-02 11:00:00,"10,944387761289022","0,0","10507,700175553498"
2030-04-02 12:00:00,"16,20096666505441","0,0","10522,984345378236"
2030-04-02 13:00:00,"26,720121418396047","0,0","10548,786336412499"
2030-04-02 14:00:00,"33,16468437057618","0,0","10581,030639175224"
2030-04-02 15:00:00,"38,96265656392441","0,0","10619,070100815881"
2030-04-02 16:00:00,"38,51006181203408","0,0","10656,65364876162"
2030-04-02 17:00:00,"40,09408974760187","0,0","10695,817945478366"
2030-04-02 18:00:00,"37,73172367377353","0,0","10732,616459036395"
2030-04-02 19:00:00,"31,101607901971818","0,0","10762,781646152316"
2030-04-02 20:00:00,"30,27671479234604","0,0","10792,119308246036"
2030-04-02 21:00:00,"35,042907902742655","0,0","10826,220603739135"
2030-04-02 22:00:00,"50,766880055822625","0,0","10876,042896047282"
2030-04-02 23:00:00,"70,73810559149979","0,0","10945,8320668961"
2030-04-03 00:00:00,"81,53286419250125","0,0","11026,409907240764"
2030-04-03 01:00:00,"79,74684681616048","0,0","11105,194699792519"
2030-04-03 02:00:00,"71,50895273689567","0,0","11175,734724291859"
2030-04-03 03:00:00,"69,53526635561799","0,0","11244,294907792782"
2030-04-03 04:00:00,"40,97543647969145","0,0","11284,28927954177"
2030-04-03 05:00:00,"9,397336212604728","0,0","11292,702061514736"
2030-04-03 06:00:00,"4,999305548220377","0,0","11296,71607880809"
2030-04-03 07:00:00,"7,300183501702122","0,0","11303,030623831915"
2030-04-03 08:00:00,"27,468906437494468","0,0","11329,513340847481"
2030-04-03 09:00:00,"34,145986737309514","0,0","11362,6708275458"
2030-04-03 10:00:00,"38,40538653321545","0,0","11400,084821049313"
2030-04-03 11:00:00,"44,4876984025783","0,0","11443,577862051254"
2030-04-03 12:00:00,"44,849022330628","0,0","11487,428432213417"
2030-04-03 13:00:00,"53,792610057714654","0,0","11540,218764140422"
2030-04-03 14:00:00,"56,35224334464553","0,0","11595,564123397895"
2030-04-03 15:00:00,"59,51782501527504","0,0","11654,070235443403"
2030-04-03 16:00:00,"57,49821854455526","0,0","11710,551636359916"
2030-04-03 17:00:00,"45,832289319255466","0,0","11755,3621800489"
2030-04-03 18:00:00,"36,83035451815988","0,0","11791,166879216851"
2030-04-03 19:00:00,"33,02875088197217","0,0","11823,166850788613"
2030-04-03 20:00:00,"23,531561955167206","0,0","11845,66684143605"
2030-04-03 21:00:00,"20,516035808048628","0,0","11865,149342812183"
2030-04-03 22:00:00,"34,818232408294676","0,0","11898,932340940319"
2030-04-03 23:00:00,"48,42306598951416","0,0","11946,317225083087"
2030-04-04 00:00:00,"0,0","65,34133274580432","11879,933576159394"
2030-04-04 01:00:00,"0,0","74,66929299191204","11804,227758962963"
2030-04-04 02:00:00,"0,0","76,34531722595739","11726,852522865036"
2030-04-04 03:00:00,"0,0","89,12609385461411","11636,703261127801"
2030-04-04 04:00:00,"0,0","144,67552803336798","11491,0124307349"
2030-04-04 05:00:00,"0,0","241,0118161206318","11248,998023779686"
2030-04-04 06:00:00,"0,0","290,61382136474174","10957,40272733737"
2030-04-04 07:00:00,"0,0","313,0611622647508","10643,38553168466"
2030-04-04 08:00:00,"0,0","314,5871101220561","10327,869786174964"
2030-04-04 09:00:00,"0,0","290,5380218817791","10036,430657654342"
2030-04-04 10:00:00,"0,0","271,55193279957695","9764,003046279884"
2030-04-04 11:00:00,"0,0","257,3013091768614","9505,849827837235"
2030-04-04 12:00:00,"0,0","246,0413670998252","9258,97907533993"
2030-04-04 13:00:00,"0,0","234,90222913859793","9023,26900027701"
2030-04-04 14:00:00,"0,0","231,98454175640597","8790,49717830033"
2030-04-04 15:00:00,"0,0","226,2547314391258","8563,475475982397"
2030-04-04 16:00:00,"0,0","232,8884050575914","8329,839907689528"
2030-04-04 17:00:00,"0,0","235,87400307730343","8093,239126080278"
2030-04-04 18:00:00,"0,0","229,90404714979843","7862,62894381673"
2030-04-04 19:00:00,"0,0","222,28631605070115","7639,656613390681"
2030-04-04 20:00:00,"0,0","205,64598030757526","7433,344073043588"
2030-04-04 21:00:00,"0,0","176,44743251971636","7256,248081253499"
2030-04-04 22:00:00,"0,0","133,8432646550134","7121,771708953395"
2030-04-04 23:00:00,"0,0","93,11164159732942","7028,03869277446"
2030-04-05 00:00:00,"0,0","57,24763151693159","6970,177864881584"
2030-04-05 01:00:00,"0,0","65,91309269834213","6903,656624164531"
2030-04-05 02:00:00,"0,0","67,4169998340848","6835,637280289989"
2030-04-05 03:00:00,"0,0","79,74898307611767","6755,291887861165"
2030-04-05 04:00:00,"0,0","133,32921386398374","6621,373274779966"
2030-04-05 05:00:00,"0,0","225,72412942494645","6395,071430536796"
2030-04-05 06:00:00,"0,0","273,32705115095393","6121,186409403528"
2030-04-05 07:00:00,"0,0","294,2404023171051","5826,411933572203"
2030-04-05 08:00:00,"0,0","295,6525981544089","5530,250980976591"
2030-04-05 09:00:00,"0,0","273,2281323946961","5256,540334183805"
2030-04-05 10:00:00,"0,0","255,44688683315746","5000,634814206489"
2030-04-05 11:00:00,"0,0","241,95380860881977","4758,24470021013"
2030-04-05 12:00:00,"0,0","231,37956207704735","4526,44998128299"
2030-04-05 13:00:00,"0,0","220,92015933825712","4305,134889183866"
2030-04-05 14:00:00,"0,0","218,15657905289868","4086,602687111886"
2030-04-05 15:00:00,"0,0","212,36334621120852","3873,8827848162273"
2030-04-05 16:00:00,"0,0","218,47867548338604","3655,066113059866"
2030-04-05 17:00:00,"0,0","220,78669110201827","3433,9605174394833"
2030-04-05 18:00:00,"0,0","214,80035042197716","3218,8605539623595"
2030-04-05 19:00:00,"0,0","207,37595129083837","3011,203757088188"
2030-04-05 20:00:00,"0,0","191,66275087034808","2819,278278690034"
2030-04-05 21:00:00,"0,0","163,6797250492143","2655,3525716110034"
2030-04-05 22:00:00,"0,0","122,72836067730498","2532,3925314218254"
2030-04-05 23:00:00,"0,0","83,83207394377314","2448,339506229686"
2030-04-06 00:00:00,"2,044510609253706","0,0","2450,1703992170214"
2030-04-06 01:00:00,"4,3272255743848405","0,0","2454,283847424075"
2030-04-06 02:00:00,"0,14907615307299693","0,0","2454,2187873114603"
2030-04-06 03:00:00,"0,0","10,483315547819416","2443,521341174448"
2030-04-06 04:00:00,"0,0","54,829430041308456","2388,478713896122"
2030-04-06 05:00:00,"0,0","132,19172331363","2256,0785958147044"
2030-04-06 06:00:00,"0,0","187,36209444209015","2068,51965851513"
2030-04-06 07:00:00,"0,0","185,89405965444325","1882,4451205204812"
2030-04-06 08:00:00,"0,0","171,2707996966285","1711,0100774870873"
2030-04-06 09:00:00,"0,0","157,89105526299812","1552,9697365948284"
2030-04-06 10:00:00,"0,0","142,980196833979","1409,8540431513313"
2030-04-06 11:00:00,"0,0","131,85025887269535","1277,880774513371"
2030-04-06 12:00:00,"0,0","124,88181783138987","1152,8874615844047"
2030-04-06 13:00:00,"0,0","117,17794883862122","1035,6089233147602"
2030-04-06 14:00:00,"0,0","110,03338617082966","925,4851802653712"
2030-04-06 15:00:00,"0,0","101,51143352882872","823,8929981545645"
2030-04-06 16:00:00,"0,0","99,93590747254814","723,8852060179273"
2030-04-06 17:00:00,"0,0","95,31918060905926","628,502866424643"
2030-04-06 18:00:00,"0,0","96,77310659859381","531,6749229509536"
2030-04-06 19:00:00,"0,0","100,85340684842032","430,77512746550576"
2030-04-06 20:00:00,"0,0","96,21579164234123","334,5217506932932"
2030-04-06 21:00:00,"0,0","83,16417853310497","251,32838513744028"
2030-04-06 22:00:00,"0,0","48,09874540116613","203,2077113346709"
2030-04-06 23:00:00,"0,0","15,946028131703343","187,2439533301536"
2030-04-07 00:00:00,"19,46349035484633","0,0","206,69110665007187"
2030-04-07 01:00:00,"22,00021615237796","0,0","228,67328900339461"
2030-04-07 02:00:00,"18,913309305051826","0,0","247,5666465639809"
2030-04-07 03:00:00,"10,011138929496155","0,0","257,55618530356435"
2030-04-07 04:00:00,"0,0","28,078167751790176","229,45554577460646"
2030-04-07 05:00:00,"0,0","91,35663371547531","138,07889206276232"
2030-04-07 06:00:00,"0,0","138,06684467942983","0,0"
2030-04-07 07:00:00,"428,2394964392644","0,0","428,2394964392644"
2030-04-07 08:00:00,"478,07453777599557","0,0","906,2766703191957"
2030-04-07 09:00:00,"961,6987810550359","0,0","1867,8963787347461"
2030-04-07 10:00:00,"972,7720020273352","0,0","2840,5054068030367"
2030-04-07 11:00:00,"981,6085619267205","0,0","3821,8661346330136"
2030-04-07 12:00:00,"987,013869177053","0,0","4808,5465459898205"
2030-04-07 13:00:00,"992,217233478892","0,0","5800,344233782575"
2030-04-07 14:00:00,"998,6346671391632","0,0","6798,472820887341"
2030-04-07 15:00:00,"1007,0630969481945","0,0","7804,942751081913"
2030-04-07 16:00:00,"0,0","70,69705872061792","7733,5647111062635"
2030-04-07 17:00:00,"0,0","65,12420105008664","7667,765756535133"
2030-04-07 18:00:00,"0,0","63,81741956621508","7603,279324406661"
2030-04-07 19:00:00,"0,0","65,07357182751562","7537,542366458091"
2030-04-07 20:00:00,"0,0","60,86537782486678","7476,019338061751"
2030-04-07 21:00:00,"0,0","49,32805807931243","7426,0389972951925"
2030-04-07 22:00:00,"0,0","20,23963690958999","7405,151438483088"
2030-04-07 23:00:00,"61,60256957620122","0,0","7466,107908596281"
2030-04-08 00:00:00,"16,686712985505693","0,0","7482,143203666762"
2030-04-08 01:00:00,"14,710557312124138","0,0","7496,200943984367"
2030-04-08 02:00:00,"6,1859662986959165","0,0","7501,732866750701"
2030-04-08 03:00:00,"0,0","5,050805882408184","7496,027534675669"
2030-04-08 04:00:00,"0,0","46,692377647270774","7448,681128625998"
2030-04-08 05:00:00,"0,0","133,74094509657664","7314,290286100949"
2030-04-08 06:00:00,"0,0","183,8012225359413","7129,850891737545"
2030-04-08 07:00:00,"0,0","174,85685911526014","6954,371953131981"
2030-04-08 08:00:00,"932,1153471108805","0,0","7885,880531289951"
2030-04-08 09:00:00,"954,068083967458","0,0","8839,260572181054"
2030-04-08 10:00:00,"975,8640278994611","0,0","9814,353374595592"
2030-04-08 11:00:00,"989,6566945212546","0,0","10803,153766784913"
2030-04-08 12:00:00,"998,6860899350713","0,0","11800,897281553833"
2030-04-08 13:00:00,"1009,9257343256279","0,0","12809,793387591646"
2030-04-08 14:00:00,"1021,2388586785712","0,0","13829,91459179715"
2030-04-08 15:00:00,"0,0","57,982799047043414","13770,725132701971"
2030-04-08 16:00:00,"0,0","61,90375945358511","13707,619877480558"
2030-04-08 17:00:00,"0,0","74,06472074429684","13632,359166901952"
2030-04-08 18:00:00,"0,0","92,96880635469759","13538,200937209942"
2030-04-08 19:00:00,"0,0","111,76200913561706","13425,257720042555"
2030-04-08 20:00:00,"0,0","110,82506873989934","13313,261297566582"
2030-04-08 21:00:00,"0,0","103,11975860667417","13208,979956911695"
2030-04-08 22:00:00,"0,0","67,53623243568762","13140,291240974766"
2030-04-08 23:00:00,"0,0","56,95757764710163","13082,18717291689"
2030-04-09 00:00:00,"0,0","19,11956978440284","13061,926182301651"
2030-04-09 01:00:00,"0,0","33,041102263275945","13027,74542697897"
2030-04-09 02:00:00,"0,0","24,766001423693808","13001,842754766772"
2030-04-09 03:00:00,"0,0","35,76177155532383","12964,946572431096"
2030-04-09 04:00:00,"0,0","72,87793509406686","12890,937445748583"
2030-04-09 05:00:00,"0,0","139,63358360244047","12750,179127854"
2030-04-09 06:00:00,"0,0","163,87472312113493","12585,191951603962"
2030-04-09 07:00:00,"0,0","177,91363168040243","12406,180261925783"
2030-04-09 08:00:00,"0,0","182,0656730199218","12223,032149678007"
2030-04-09 09:00:00,"0,0","169,59427071256164","12052,371419410387"
2030-04-09 10:00:00,"851,2848689790353","0,0","12902,604718983079"
2030-04-09 11:00:00,"942,4800730376805","0,0","13843,95903975903"
2030-04-09 12:00:00,"951,7187145746277","0,0","14794,46986890744"
2030-04-09 13:00:00,"970,7226298458229","0,0","15763,9016812572"
2030-04-09 14:00:00,"0,0","100,09662218536735","15662,429658650144"
2030-04-09 15:00:00,"0,0","99,81486356704269","15561,248248095384"
2030-04-09 16:00:00,"0,0","105,49414313848513","15454,396386047252"
2030-04-09 17:00:00,"0,0","108,40322840060935","15344,64476156196"
2030-04-09 18:00:00,"0,0","110,90650703743108","15232,399434269084"
2030-04-09 19:00:00,"0,0","110,62678090157596","15120,44362651687"
2030-04-09 20:00:00,"0,0","107,18080295935351","15011,943564851103"
2030-04-09 21:00:00,"0,0","90,55493263473056","14920,078840140339"
2030-04-09 22:00:00,"0,0","57,42078277165268","14861,356280489885"
2030-04-09 23:00:00,"0,0","19,908195818844433","14840,151431335567"
2030-04-10 00:00:00,"0,6237364789927824","0,0","14839,480364602176"
2030-04-10 01:00:00,"0,0","20,091828824658137","14818,093791115707"
2030-04-10 02:00:00,"0,0","17,117108175247495","14799,683804257185"
2030-04-10 03:00:00,"0,0","27,732574430008498","14770,659957415255"
2030-04-10 04:00:00,"0,0","72,72279327690478","14696,648424057064"
2030-04-10 05:00:00,"0,0","151,6969970049206","14543,669144477144"
2030-04-10 06:00:00,"0,0","126,42409546426609","14415,976113880022"
2030-04-10 07:00:00,"0,0","128,15359275563264","14286,564727208453"
2030-04-10 08:00:00,"128,5479691938898","0,0","14413,866193629894"
2030-04-10 09:00:00,"103,18283362816257","0,0","14515,791417432663"
2030-04-10 10:00:00,"989,8111184142263","0,0","15504,33603304572"
2030-04-10 11:00:00,"994,992869312363","0,0","16497,9761490392"
2030-04-10 12:00:00,"997,1687054892974","0,0","17493,705406109493"
2030-04-10 13:00:00,"1011,3944781451327","0,0","18503,57355845794"
2030-04-10 14:00:00,"1012,5973418722965","0,0","19514,556463537265"
2030-04-10 15:00:00,"1009,4395572029478","0,0","20522,29337568877"
2030-04-10 16:00:00,"0,0","80,27315309988003","20440,22965249186"
2030-04-10 17:00:00,"0,0","93,60848479901722","20344,837757655663"
2030-04-10 18:00:00,"0,0","107,11330907555418","20235,949361485753"
2030-04-10 19:00:00,"0,0","114,83012836838515","20119,353646535576"
2030-04-10 20:00:00,"0,0","120,29032749051999","19997,307905439397"
2030-04-10 21:00:00,"0,0","111,17871715182173","19884,384423172825"
2030-04-10 22:00:00,"1000,1818667081443","0,0","20882,831377340048"
2030-04-10 23:00:00,"0,0","21,276388459228286","20859,732961843147"
2030-04-11 00:00:00,"49,97997986682327","0,0","20907,89293000905"
2030-04-11 01:00:00,"48,70568740791535","0,0","20954,774403758824"
2030-04-11 02:00:00,"42,80461290244459","0,0","20995,75071259454"
2030-04-11 03:00:00,"34,78799119365601","0,0","21028,706824538524"
2030-04-11 04:00:00,"4,290005901195315","0,0","21031,16207576928"
2030-04-11 05:00:00,"0,0","55,99789458971463","20973,329212288456"
2030-04-11 06:00:00,"0,0","89,17209228273066","20882,327197031955"
2030-04-11 07:00:00,"0,0","81,28431600443443","20799,22089797958"
2030-04-11 08:00:00,"0,0","63,83842986440007","20733,56773609183"
2030-04-11 09:00:00,"0,0","49,282506016627394","20682,47622629023"
2030-04-11 10:00:00,"0,0","35,42413993014185","20645,247540309345"
2030-04-11 11:00:00,"0,0","26,145025739757102","20617,3012167217"
2030-04-11 12:00:00,"0,0","20,353743377835798","20595,148613812704"
2030-04-11 13:00:00,"0,0","11,650479406699105","20581,70120768945"
2030-04-11 14:00:00,"0,0","4,294422600578571","20575,6110316585"
2030-04-11 15:00:00,"0,0","4,014643817281581","20569,801165778706"
2030-04-11 16:00:00,"0,0","7,228712751219803","20560,77773787577"
2030-04-11 17:00:00,"0,0","17,821297055915153","20541,162512962226"
2030-04-11 18:00:00,"0,0","31,4055908355337","20507,96470569744"
2030-04-11 19:00:00,"0,0","44,814748347382874","20461,360637429483"
2030-04-11 20:00:00,"0,0","45,1798438339255","20414,395539879944"
2030-04-11 21:00:00,"0,0","40,2919341789885","20372,322449690102"
2030-04-11 22:00:00,"0,0","15,844497069984072","20354,700467486382"
2030-04-11 23:00:00,"0,0","18,252359346365353","20334,672160524227"
2030-04-12 00:00:00,"0,0","95,93412136141097","20236,96383901681"
2030-04-12 01:00:00,"0,0","107,73619079696459","20127,461973124893"
2030-04-12 02:00:00,"0,0","110,16776737800762","20015,53808468973"
2030-04-12 03:00:00,"0,0","124,58038664615458","19889,21134234569"
2030-04-12 04:00:00,"0,0","187,34468958355012","19700,13131907252"
2030-04-12 05:00:00,"0,0","298,19081901305617","19400,221663601875"
2030-04-12 06:00:00,"0,0","355,6317502149683","19042,89724404676"
2030-04-12 07:00:00,"0,0","384,28529824393456","18656,95045301828"
2030-04-12 08:00:00,"0,0","386,3494822148982","18268,973151876355"
2030-04-12 09:00:00,"0,0","356,0404187136586","17911,338765255194"
2030-04-12 10:00:00,"0,0","332,3855364452853","17577,390464502638"
2030-04-12 11:00:00,"0,0","315,2422736662562","17260,614563518353"
2030-04-12 12:00:00,"0,0","301,3131135121555","16957,795461385533"
2030-04-12 13:00:00,"0,0","287,5226579820637","16668,793235749465"
2030-04-12 14:00:00,"0,0","283,9849738347293","16383,35390970492"
2030-04-12 15:00:00,"0,0","278,43359170192184","16103,490870374377"
2030-04-12 16:00:00,"0,0","286,9653340827324","15815,120506713205"
2030-04-12 17:00:00,"0,0","292,48275131378807","15521,257886135207"
2030-04-12 18:00:00,"0,0","286,4384961637988","15233,465160220843"
2030-04-12 19:00:00,"0,0","277,950553173956","14954,185487211658"
2030-04-12 20:00:00,"0,0","257,65338675991995","14695,227347767981"
2030-04-12 21:00:00,"0,0","223,93468855472884","14470,010500627159"
2030-04-12 22:00:00,"0,0","175,27443466614454","14293,473557544836"
2030-04-12 23:00:00,"0,0","127,98106833682971","14164,24538364011"
2030-04-13 00:00:00,"0,0","132,3464441192017","14030,663109111187"
2030-04-13 01:00:00,"0,0","147,0394688429776","13882,39946491194"
2030-04-13 02:00:00,"0,0","150,60856681884206","13730,579658739784"
2030-04-13 03:00:00,"0,0","166,80247226961103","13562,579193394948"
2030-04-13 04:00:00,"0,0","237,65034999218994","13323,745508368134"
2030-04-13 05:00:00,"0,0","364,90580448533115","12957,677207087198"
2030-04-13 06:00:00,"0,0","432,3324456216268","12524,214204129252"
2030-04-13 07:00:00,"0,0","469,25154972996825","12053,869916709973"
2030-04-13 08:00:00,"0,0","472,2012016875159","11580,617014872225"
2030-04-13 09:00:00,"0,0","434,170374162116","11145,436231875561"
2030-04-13 10:00:00,"0,0","404,71002252191636","10739,753770042415"
2030-04-13 11:00:00,"0,0","384,0517858485424","10354,764940677436"
2030-04-13 12:00:00,"0,0","78,42303773388153","10275,438449702482"
2030-04-13 13:00:00,"0,0","82,48990093136308","10192,052016766384"
2030-04-13 14:00:00,"382,93471251333966","0,0","10574,09747274126"
2030-04-13 15:00:00,"0,0","339,8221151514508","10233,352767585311"
2030-04-13 16:00:00,"0,0","350,48015950026524","9881,979748056076"
2030-04-13 17:00:00,"0,0","358,94886536507363","9522,168679957984"
2030-04-13 18:00:00,"0,0","352,5055696697265","9168,83230107093"
2030-04-13 19:00:00,"0,0","342,69001261770103","8825,34230783496"
2030-04-13 20:00:00,"0,0","317,7153753678596","8506,856921350744"
2030-04-13 21:00:00,"0,0","278,7729291428632","8227,341768941493"
2030-04-13 22:00:00,"0,0","223,31626354805888","8003,307669824094"
2030-04-13 23:00:00,"0,0","169,0281318366765","7833,581249393226"
2030-04-14 00:00:00,"0,0","131,88259932799014","7701,015170101227"
2030-04-14 01:00:00,"0,0","146,5501646591697","7553,793091868467"
2030-04-14 02:00:00,"0,0","150,05977974310133","7403,0742436781"
2030-04-14 03:00:00,"0,0","166,26222976089088","7236,166095689449"
2030-04-14 04:00:00,"0,0","237,10233521116908","6998,432404986432"
2030-04-14 05:00:00,"0,0","364,31238802443556","6633,509403734661"
2030-04-14 06:00:00,"0,0","431,48667086203034","6201,443959177155"
2030-04-14 07:00:00,"0,0","468,13243163161997","5732,770451560097"
2030-04-14 08:00:00,"608,7399849487035","0,0","6341,010252286902"
2030-04-14 09:00:00,"646,6224913916313","0,0","6987,079490534022"
2030-04-14 10:00:00,"675,9605793282102","0,0","7662,430447176683"
2030-04-14 11:00:00,"696,5619564332839","0,0","8358,32385655345"
2030-04-14 12:00:00,"713,759118108945","0,0","9071,35371090591"
2030-04-14 13:00:00,"730,8076016934439","0,0","9801,369836988079"
2030-04-14 14:00:00,"735,1397962962701","0,0","10535,65446376607"
2030-04-14 15:00:00,"740,5884327375425","0,0","11275,32366065165"
2030-04-14 16:00:00,"0,0","349,8349362701499","10924,504952392108"
2030-04-14 17:00:00,"0,0","358,2774690668001","10565,274320268212"
2030-04-14 18:00:00,"0,0","351,8967423442467","10212,455757739523"
2030-04-14 19:00:00,"0,0","342,1553653731766","9869,409355601483"
2030-04-14 20:00:00,"0,0","317,3027604483421","9551,245489186866"
2030-04-14 21:00:00,"0,0","278,395475076033","9272,016667941902"
2030-04-14 22:00:00,"0,0","222,94872278021438","9048,25896170741"
2030-04-14 23:00:00,"0,0","168,5918108548782","8878,877690258123"
2030-04-15 00:00:00,"0,0","135,22019863370093","8742,882809545948"
2030-04-15 01:00:00,"0,0","150,1285713235871","8591,991421697228"
2030-04-15 02:00:00,"0,0","153,83761857435883","8437,404151871327"
2030-04-15 03:00:00,"0,0","170,14025053081536","8266,52773782826"
2030-04-15 04:00:00,"0,0","241,51706049479088","8024,289422788344"
2030-04-15 05:00:00,"0,0","369,883496352752","7653,705807183454"
2030-04-15 06:00:00,"0,0","438,2365200566827","7214,801501295095"
2030-04-15 07:00:00,"0,0","475,9980064042869","6738,17400345982"
2030-04-15 08:00:00,"0,0","479,06922638060394","6258,5168713974135"
2030-04-15 09:00:00,"639,3956088247647","0,0","6897,366424625149"
2030-04-15 10:00:00,"669,365095893772","0,0","7566,129725298373"
2030-04-15 11:00:00,"690,3178938735726","0,0","8255,787474353414"
2030-04-15 12:00:00,"707,8912987508635","0,0","8962,95845564714"
2030-04-15 13:00:00,"725,3157746186589","0,0","9687,492212140543"
2030-04-15 14:00:00,"729,7544749926005","0,0","10416,401453437635"
2030-04-15 15:00:00,"735,2531422350387","0,0","11150,74576464586"
2030-04-15 16:00:00,"0,0","355,311992644063","10794,460869433833"
2030-04-15 17:00:00,"0,0","363,9983031909736","10429,520749532001"
2030-04-15 18:00:00,"0,0","357,4563732444183","10071,154400602187"
2030-04-15 19:00:00,"539,3328909010631","0,0","10609,608583281797"
2030-04-15 20:00:00,"0,0","322,0604736793522","10286,622421253554"
2030-04-15 21:00:00,"0,0","282,73720910356474","10002,987704343735"
2030-04-15 22:00:00,"0,0","226,83503160019143","9775,27991206634"
2030-04-15 23:00:00,"0,0","172,1684086678406","9602,258610226172"
2030-04-16 00:00:00,"0,0","25,29376064968909","9576,127052512742"
2030-04-16 01:00:00,"0,0","39,90041332530967","9535,3911221021"
2030-04-16 02:00:00,"0,0","31,17612115707152","9503,383038069625"
2030-04-16 03:00:00,"0,0","42,59389098317439","9459,95997691638"
2030-04-16 04:00:00,"0,0","81,11016599177071","9378,024429416622"
2030-04-16 05:00:00,"0,0","150,29305152952827","9226,913145255627"
2030-04-16 06:00:00,"0,0","175,8316107986708","9050,276486285033"
2030-04-16 07:00:00,"0,0","190,83965609506777","8858,647193566536"
2030-04-16 08:00:00,"0,0","195,25464053037757","8662,619636068519"
2030-04-16 09:00:00,"132,04141471405734","0,0","8793,905237219331"
2030-04-16 10:00:00,"0,0","162,40645588935593","8630,731513098028"
2030-04-16 11:00:00,"0,0","147,912484763281","8482,06599701023"
2030-04-16 12:00:00,"0,0","138,45967169301355","8342,866265058978"
2030-04-16 13:00:00,"0,0","118,73960730403587","8223,398742673315"
2030-04-16 14:00:00,"0,0","109,58208571426701","8113,09916541875"
2030-04-16 15:00:00,"0,0","109,37215740933692","8003,019140107231"
2030-04-16 16:00:00,"0,0","115,28185339058103","7887,039023296676"
2030-04-16 17:00:00,"0,0","118,23308923731065","7768,117789904583"
2030-04-16 18:00:00,"0,0","120,77467962287642","7646,665342004538"
2030-04-16 19:00:00,"0,0","120,42681498578929","7525,571355467659"
2030-04-16 20:00:00,"0,0","116,89199730401822","7408,022752062876"
2030-04-16 21:00:00,"0,0","99,70712111680214","7307,669280960957"
2030-04-16 22:00:00,"0,0","65,2927752689406","7241,738911547252"
2030-04-16 23:00:00,"0,0","26,362481228542606","7214,744588598677"
2030-04-17 00:00:00,"2,559111170335143","0,0","7216,674213303657"
2030-04-17 01:00:00,"0,0","17,802023787596397","7198,24253469095"
2030-04-17 02:00:00,"0,0","14,920752459306101","7182,693735570493"
2030-04-17 03:00:00,"0,0","25,389476653445456","7156,677568888619"
2030-04-17 04:00:00,"0,0","69,72095866163755","7086,332190109097"
2030-04-17 05:00:00,"0,0","147,52705254748992","6938,18685507802"
2030-04-17 06:00:00,"0,0","122,82288191886386","6814,758616356051"
2030-04-17 07:00:00,"0,0","124,46008988019935","6689,703938786575"
2030-04-17 08:00:00,"0,0","110,78431831841431","6578,335943799502"
2030-04-17 09:00:00,"0,0","102,8079227831704","6474,954061205235"
2030-04-17 10:00:00,"0,0","86,91266696192741","6387,476454501468"
2030-04-17 11:00:00,"0,0","81,79205923447032","6305,127087946343"
2030-04-17 12:00:00,"0,0","79,6392725144039","6224,937693093515"
2030-04-17 13:00:00,"0,0","65,61935665447308","6158,775210625319"
2030-04-17 14:00:00,"0,0","64,4451540900734","6093,792703398119"
2030-04-17 15:00:00,"0,0","67,56742928980424","6025,693590694944"
2030-04-17 16:00:00,"0,0","77,39166169709682","5947,77618723206"
2030-04-17 17:00:00,"0,0","90,63498941694695","5856,622254342777"
2030-04-17 18:00:00,"0,0","103,96086163200926","5752,150402419076"
2030-04-17 19:00:00,"0,0","111,58610217235184","5640,062425124113"
2030-04-17 20:00:00,"0,0","116,93140572509651","5522,638923952424"
2030-04-17 21:00:00,"0,0","107,91812784516208","5414,238945861147"
2030-04-17 22:00:00,"0,0","76,80967448761294","5336,956879025508"
2030-04-17 23:00:00,"0,0","44,737386919399626","5291,753842618414"
2030-04-18 00:00:00,"0,0","40,51253310971367","5250,779603985932"
2030-04-18 01:00:00,"0,0","39,10667424833434","5211,21479921715"
2030-04-18 02:00:00,"0,0","46,58168365437737","5164,178437071541"
2030-04-18 03:00:00,"0,0","61,33849994290313","5102,389362560004"
2030-04-18 04:00:00,"0,0","120,01713945495595","4981,927039633165"
2030-04-18 05:00:00,"0,0","231,60453721016813","4749,887829288789"
2030-04-18 06:00:00,"0,0","308,28439972839595","4441,189001847288"
2030-04-18 07:00:00,"0,0","305,35860313076506","4135,442904976112"
2030-04-18 08:00:00,"0,0","278,34094093071985","3856,741146651933"
2030-04-18 09:00:00,"0,0","255,5397860080526","3600,8648599788353"
2030-04-18 10:00:00,"0,0","230,5497789233952","3370,0009055964074"
2030-04-18 11:00:00,"0,0","213,66272757421586","3156,0441454431784"
2030-04-18 12:00:00,"0,0","202,58462049727387","2953,1841600942143"
2030-04-18 13:00:00,"0,0","192,86151206258535","2760,064982713661"
2030-04-18 14:00:00,"0,0","179,4697340412481","2580,354433002671"
2030-04-18 15:00:00,"0,0","170,61789267671497","2409,5114044016764"
2030-04-18 16:00:00,"0,0","169,95566045207647","2239,3455140795663"
2030-04-18 17:00:00,"0,0","167,3744883153846","2071,7756428680786"
2030-04-18 18:00:00,"0,0","175,62490142620084","1895,9699790170373"
2030-04-18 19:00:00,"0,0","186,59061289177305","1709,213942744595"
2030-04-18 20:00:00,"0,0","180,33785577546968","1528,7269580526208"
2030-04-18 21:00:00,"0,0","163,67643772932456","1364,917138896206"
2030-04-18 22:00:00,"0,0","114,34449123765432","1250,4535586381833"
2030-04-18 23:00:00,"0,0","65,50524909343619","1184,839207471756"
2030-04-19 00:00:00,"1,3427398489455413","0,0","1186,0785700998497"
2030-04-19 01:00:00,"3,6220412050142556","0,0","1189,5971259496228"
2030-04-19 02:00:00,"0,0","0,5830911096049931","1188,9102424907787"
2030-04-19 03:00:00,"0,0","11,288101860312452","1177,518408211809"
2030-04-19 04:00:00,"0,0","55,91123041598715","1121,5044393147055"
2030-04-19 05:00:00,"0,0","133,8457572113433","987,560830841032"
2030-04-19 06:00:00,"0,0","189,33518754295028","798,1394786155909"
2030-04-19 07:00:00,"0,0","187,79347141299615","610,2763695330855"
2030-04-19 08:00:00,"0,0","173,0039703247901","437,2191525950537"
2030-04-19 09:00:00,"0,0","159,48450489684762","277,69650032714213"
2030-04-19 10:00:00,"0,0","144,44036809329089","133,23190321419773"
2030-04-19 11:00:00,"0,0","133,2202787306423","0,0"
2030-04-19 12:00:00,"0,0","0,0","0,0"
2030-04-19 13:00:00,"467,8328757824601","0,0","467,8328757824601"
2030-04-19 14:00:00,"968,536472948899","0,0","1436,3285303129471"
2030-04-19 15:00:00,"0,0","102,7047580412929","1333,4984526073845"
2030-04-19 16:00:00,"0,0","101,15060317242342","1232,231501694971"
2030-04-19 17:00:00,"0,0","96,5812478050479","1135,5427416914001"
2030-04-19 18:00:00,"0,0","98,1445553566735","1037,299110230514"
2030-04-19 19:00:00,"0,0","102,33780554639941","934,8708003367469"
2030-04-19 20:00:00,"0,0","97,69859022974111","837,0906426296765"
2030-04-19 21:00:00,"0,0","84,58301832701738","752,4345881440897"
2030-04-19 22:00:00,"0,0","49,2693495339735","703,0995886923007"
2030-04-19 23:00:00,"0,0","16,80260477171555","686,2356384814717"
2030-04-20 00:00:00,"19,073992208008292","0,0","705,2497566300226"
2030-04-20 01:00:00,"21,6019615996247","0,0","726,7901851883813"
2030-04-20 02:00:00,"18,478929305716065","0,0","745,2057020504398"
2030-04-20 03:00:00,"9,538916134682182","0,0","754,679598987618"
2030-04-20 04:00:00,"0,0","28,67464360618311","725,9391095864231"
2030-04-20 05:00:00,"0,0","92,26647890824111","633,6092924908706"
2030-04-20 06:00:00,"0,0","139,17884461027478","494,37516546982613"
2030-04-20 07:00:00,"0,0","138,77201559744083","355,56001563919807"
2030-04-20 08:00:00,"0,0","128,73680019009748","226,79219283773608"
2030-04-20 09:00:00,"0,0","118,96730331348147","107,80510190542951"
2030-04-20 10:00:00,"0,0","107,79569591028826","0,0"
2030-04-20 11:00:00,"0,0","0,0","0,0"
2030-04-20 12:00:00,"0,0","0,0","0,0"
2030-04-20 13:00:00,"718,6807786286112","0,0","718,6807786286112"
2030-04-20 14:00:00,"0,0","81,75957630258415","636,8584974280917"
2030-04-20 15:00:00,"0,0","73,32688397990239","563,4760475442887"
2030-04-20 16:00:00,"0,0","71,32779100197075","492,0990932571698"
2030-04-20 17:00:00,"0,0","65,77227338381408","426,283884227469"
2030-04-20 18:00:00,"0,0","64,52609415451639","361,7205968040538"
2030-04-20 19:00:00,"0,0","65,8465327375061","295,84250394447656"
2030-04-20 20:00:00,"0,0","61,61916719328934","234,1975244927181"
2030-04-20 21:00:00,"0,0","50,050292503285306","184,1267982554208"
2030-04-20 22:00:00,"0,0","20,832565474903447","163,27816771736957"
2030-04-20 23:00:00,"4,257190486907945","0,0","167,5211121841442"
2030-04-21 00:00:00,"21,26358861903961","0,0","188,77008458614574"
2030-04-21 01:00:00,"23,82075854051658","0,0","212,5743729367822"
2030-04-21 02:00:00,"20,833065939943538","0,0","233,388891762687"
2030-04-21 03:00:00,"12,110890378635418","0,0","245,4794189605161"
2030-04-21 04:00:00,"0,0","25,310820712406127","220,14718016880568"
2030-04-21 05:00:00,"0,0","87,13102661385977","132,99694571347618"
2030-04-21 06:00:00,"0,0","132,98534172996267","0,0"
2030-04-21 07:00:00,"0,0","0,0","0,0"
2030-04-21 08:00:00,"309,4327357748136","0,0","309,4327357748136"
2030-04-21 09:00:00,"965,8030453204585","0,0","1275,2087830890757"
2030-04-21 10:00:00,"976,4971082207137","0,0","2251,594629343465"
2030-04-21 11:00:00,"985,0985881565957","0,0","3236,4967658686505"
2030-04-21 12:00:00,"990,3489378564971","0,0","4226,563319382326"
2030-04-21 13:00:00,"995,4218394066062","0,0","5221,616391139317"
2030-04-21 14:00:00,"1001,6457590454065","0,0","6222,806564154596"
2030-04-21 15:00:00,"479,4945205505712","0,0","6701,758144832445"
2030-04-21 16:00:00,"0,0","67,64627144097437","6633,527144993334"
2030-04-21 17:00:00,"0,0","61,96761857687028","6570,980751173063"
2030-04-21 18:00:00,"0,0","60,376495525030606","6510,030937577492"
2030-04-21 19:00:00,"0,0","61,341169462746365","6448,121767915442"
2030-04-21 20:00:00,"0,0","57,1658975875028","6390,39327170369"
2030-04-21 21:00:00,"0,0","45,78673871155678","6344,048971179177"
2030-04-21 22:00:00,"0,0","17,321587088378266","6326,173865818063"
2030-04-21 23:00:00,"6,8582979449101344","0,0","6332,48020509318"
2030-04-22 00:00:00,"27,202264645764217","0,0","6359,129960841051"
2030-04-22 01:00:00,"29,274527528707054","0,0","6387,849654280674"
2030-04-22 02:00:00,"29,732287648196518","0,0","6417,024602046535"
2030-04-22 03:00:00,"20,996765284918013","0,0","6437,461481934924"
2030-04-22 04:00:00,"0,0","22,94131014662048","6413,958503274005"
2030-04-22 05:00:00,"0,0","85,14599534184151","6328,252890052753"
2030-04-22 06:00:00,"0,0","123,30618973892905","6204,394560249168"
2030-04-22 07:00:00,"104,17082326915533","0,0","6308,024050092941"
2030-04-22 08:00:00,"973,2839562337991","0,0","7280,75763122837"
2030-04-22 09:00:00,"979,5507954141433","0,0","8259,673180539188"
2030-04-22 10:00:00,"987,4968877510335","0,0","9246,449411805219"
2030-04-22 11:00:00,"998,0981252037375","0,0","10243,740784297777"
2030-04-22 12:00:00,"999,4702556385014","0,0","11242,31727355285"
2030-04-22 13:00:00,"1009,8737586448558","0,0","12251,210140015588"
2030-04-22 14:00:00,"1014,2185614789372","0,0","13264,35978340981"
2030-04-22 15:00:00,"241,5918772707053","0,0","13504,79434528941"
2030-04-22 16:00:00,"0,0","49,19466916765572","13454,42138281513"
2030-04-22 17:00:00,"0,0","43,81562671363665","13409,431857835843"
2030-04-22 18:00:00,"0,0","43,57207550135237","13364,689809404896"
2030-04-22 19:00:00,"0,0","45,17765034156807","13318,346089877457"
2030-04-22 20:00:00,"0,0","45,6331957744037","13271,550868406712"
2030-04-22 21:00:00,"0,0","33,57260315843854","13236,820322435005"
2030-04-22 22:00:00,"0,0","8,740464393204832","13226,924945468669"
2030-04-22 23:00:00,"10,139685236877312","0,0","13235,910581504055"
2030-04-23 00:00:00,"65,91709552816337","0,0","13300,672843833983"
2030-04-23 01:00:00,"68,074964471582","0,0","13367,587324599941"
2030-04-23 02:00:00,"72,60035947284348","0,0","13439,021362078713"
2030-04-23 03:00:00,"66,7592689415024","0,0","13504,608076406375"
2030-04-23 04:00:00,"42,841402056028556","0,0","13546,271201407737"
2030-04-23 05:00:00,"13,796599727630309","0,0","13558,885888973044"
2030-04-23 06:00:00,"0,0","2,1511012828828484","13555,551774896348"
2030-04-23 07:00:00,"1,809022613071022","0,0","13556,178075617061"
2030-04-23 08:00:00,"7,401637821123813","0,0","13562,396936901087"
2030-04-23 09:00:00,"9,886456373163469","0,0","13571,100074141506"
2030-04-23 10:00:00,"8,13109197646338","0,0","13578,047087636502"
2030-04-23 11:00:00,"19,488610568747305","0,0","13596,351013596854"
2030-04-23 12:00:00,"24,303900400752184","0,0","13619,468632371669"
2030-04-23 13:00:00,"35,651178663811834","0,0","13653,931512397307"
2030-04-23 14:00:00,"39,08529916751766","0,0","13691,825506040368"
2030-04-23 15:00:00,"46,26364023346038","0,0","13736,894534498428"
2030-04-23 16:00:00,"48,630174506022854","0,0","13784,326164956316"
2030-04-23 17:00:00,"50,532851908032995","0,0","13833,656334406456"
2030-04-23 18:00:00,"52,34468851246058","0,0","13884,79403640374"
2030-04-23 19:00:00,"46,14088546869047","0,0","13929,723473592756"
2030-04-23 20:00:00,"44,52492720122983","0,0","13973,033032420915"
2030-04-23 21:00:00,"45,73311904591847","0,0","14017,547004334756"
2030-04-23 22:00:00,"59,17713035290099","0,0","14075,50110371153"
2030-04-23 23:00:00,"76,71794377638977","0,0","14150,990960016621"
2030-04-24 00:00:00,"70,1277755623143","0,0","14219,884061617675"
2030-04-24 01:00:00,"68,8402821303281","0,0","14287,483658863626"
2030-04-24 02:00:00,"64,26861004716942","0,0","14350,50568596156"
2030-04-24 03:00:00,"55,61966798432138","0,0","14404,873272324781"
2030-04-24 04:00:00,"22,013482556930796","0,0","14425,629929688703"
2030-04-24 05:00:00,"0,0","19,007525210571146","14405,363768266767"
2030-04-24 06:00:00,"0,0","15,806304701735144","14388,300595576251"
2030-04-24 07:00:00,"0,0","16,481515890579146","14370,563700458708"
2030-04-24 08:00:00,"0,0","2,346986171670352","14366,962882604172"
2030-04-24 09:00:00,"10,799983299005703","0,0","14376,509348391672"
2030-04-24 10:00:00,"15,230473882142007","0,0","14390,485471833166"
2030-04-24 11:00:00,"22,37883284070648","0,0","14411,608734816455"
2030-04-24 12:00:00,"23,738956438771538","0,0","14434,090278393114"
2030-04-24 13:00:00,"32,5487240346111","0,0","14465,379628050936"
2030-04-24 14:00:00,"34,30582951725077","0,0","14498,42335319564"
2030-04-24 15:00:00,"35,97753656658949","0,0","14533,135902324664"
2030-04-24 16:00:00,"30,023108376803236","0,0","14561,89099459399"
2030-04-24 17:00:00,"20,803930851753876","0,0","14581,424400456466"
2030-04-24 18:00:00,"11,135991276936096","0,0","14591,288162454463"
2030-04-24 19:00:00,"4,073964897506784","0,0","14594,089037459795"
2030-04-24 20:00:00,"1,7729025752020107","0,0","14594,588605766477"
2030-04-24 21:00:00,"2,4096250453888217","0,0","14595,724852956015"
2030-04-24 22:00:00,"18,938857554678037","0,0","14613,390233517273"
2030-04-24 23:00:00,"5,37709101463642","0,0","14617,492306234035"
2030-04-25 00:00:00,"0,0","9,048529041030037","14607,168400989285"
2030-04-25 01:00:00,"0,0","6,953188819049416","14598,94073672725"
2030-04-25 02:00:00,"0,0","11,88919877486535","14585,777780373106"
2030-04-25 03:00:00,"0,0","23,61180018843058","14560,893371073338"
2030-04-25 04:00:00,"0,0","71,84899369404908","14487,773939432662"
2030-04-25 05:00:00,"0,0","158,16004348095737","14328,349837675489"
2030-04-25 06:00:00,"0,0","218,80266350394913","14108,297025648202"
2030-04-25 07:00:00,"0,0","216,76832608491515","13890,2977506478"
2030-04-25 08:00:00,"880,7072739578318","0,0","14769,793096126888"
2030-04-25 09:00:00,"896,4817681684992","0,0","15664,986199847752"
2030-04-25 10:00:00,"913,9035383302852","0,0","16577,5229681321"
2030-04-25 11:00:00,"926,5123681298926","0,0","17502,588947383025"
2030-04-25 12:00:00,"162,23708473820983","0,0","17663,298931235575"
2030-04-25 13:00:00,"0,0","72,32576745201833","17589,432040951808"
2030-04-25 14:00:00,"951,4432844265966","0,0","18539,340647432833"
2030-04-25 15:00:00,"0,0","119,73028726129195","18417,992802700053"
2030-04-25 16:00:00,"0,0","118,41530520813933","18297,97052761988"
2030-04-25 17:00:00,"0,0","114,37855280559415","18181,995476885753"
2030-04-25 18:00:00,"0,0","117,59613897722886","18062,81295880317"
2030-04-25 19:00:00,"0,0","123,47250480720277","17937,764473565312"
2030-04-25 20:00:00,"0,0","118,50498598590036","17817,694417629096"
2030-04-25 21:00:00,"0,0","104,49769613019652","17711,64212766096"
2030-04-25 22:00:00,"0,0","65,66157616951085","17644,435210715812"
2030-04-25 23:00:00,"0,0","29,008844020775655","17613,8868897229"
2030-04-26 00:00:00,"0,0","51,38228726397753","17560,967790827795"
2030-04-26 01:00:00,"0,0","59,565899251341875","17499,869697136703"
2030-04-26 02:00:00,"0,0","60,95564713099424","17437,38718637463"
2030-04-26 03:00:00,"0,0","72,95290628894372","17362,912868053674"
2030-04-26 04:00:00,"0,0","125,08879726185273","17236,309156644085"
2030-04-26 05:00:00,"0,0","214,5981419115002","17020,20714675867"
2030-04-26 06:00:00,"0,0","260,7768472117353","16757,94528647338"
2030-04-26 07:00:00,"0,0","280,6086541659728","16475,874501581162"
2030-04-26 08:00:00,"0,0","281,9470216372706","16192,489959893628"
2030-04-26 09:00:00,"0,0","260,6891149342438","15930,388050210384"
2030-04-26 10:00:00,"0,0","243,77429139848823","15685,223832454516"
2030-04-26 11:00:00,"0,0","230,82533979420845","15453,029956880926"
2030-04-26 12:00:00,"0,0","220,74252358023784","15230,93915643695"
2030-04-26 13:00:00,"0,0","210,77132984936225","15018,83892714619"
2030-04-26 14:00:00,"0,0","208,11743756556774","14809,411095884228"
2030-04-26 15:00:00,"0,0","202,27083227648916","14605,848142489624"
2030-04-26 16:00:00,"0,0","208,0072497479277","14396,566532491264"
2030-04-26 17:00:00,"0,0","209,82190121393944","14185,488530847364"
2030-04-26 18:00:00,"0,0","203,8120225840451","13980,438824389003"
2030-04-26 19:00:00,"0,0","196,51971919861643","13782,699311902958"
2030-04-26 20:00:00,"0,0","181,46810257402979","13600,028668813964"
2030-04-26 21:00:00,"0,0","154,36950318151366","13444,472563131098"
2030-04-26 22:00:00,"0,0","114,6291519913737","13328,67038090859"
2030-04-26 23:00:00,"0,0","77,09151622930705","13250,41593818855"
2030-04-27 00:00:00,"0,0","27,615959545839132","13221,643879852103"
2030-04-27 01:00:00,"0,0","25,91741614270299","13194,572875280883"
2030-04-27 02:00:00,"0,0","32,32879983574219","13161,092848961773"
2030-04-27 03:00:00,"0,0","45,84577211829742","13114,098771492405"
2030-04-27 04:00:00,"0,0","100,27870532629777","13012,675861048294"
2030-04-27 05:00:00,"0,0","201,51289347293562","12810,027611606482"
2030-04-27 06:00:00,"0,0","271,5894996870214","12537,320437010349"
2030-04-27 07:00:00,"0,0","268,9859246290633","12267,240631173156"
2030-04-27 08:00:00,"833,9503079556221","0,0","13100,120622383707"
2030-04-27 09:00:00,"853,8562183890531","0,0","13952,833855248458"
2030-04-27 10:00:00,"875,7180333510025","0,0","14827,33450384559"
2030-04-27 11:00:00,"890,8451718513835","0,0","15716,885990761513"
2030-04-27 12:00:00,"900,6484983006378","0,0","16616,163190759456"
2030-04-27 13:00:00,"909,3811028604107","0,0","17524,094533381474"
2030-04-27 14:00:00,"921,2170956852864","0,0","18443,782651818725"
2030-04-27 15:00:00,"929,9614877735376","0,0","19372,13491955589"
2030-04-27 16:00:00,"0,0","148,88171571397714","19221,56298507018"
2030-04-27 17:00:00,"0,0","145,71466586366364","19074,17123783607"
2030-04-27 18:00:00,"0,0","151,90139899979323","18920,605617395777"
2030-04-27 19:00:00,"0,0","160,78084224202956","18758,173952313628"
2030-04-27 20:00:00,"0,0","155,0767667578226","18601,460534878468"
2030-04-27 21:00:00,"0,0","139,4981316709614","18460,33942577584"
2030-04-27 22:00:00,"0,0","94,45667658885046","18364,27208457209"
2030-04-27 23:00:00,"0,0","50,57875669540857","18312,091045137302"
2030-04-28 00:00:00,"0,0","9,048529041030037","18301,444786152584"
2030-04-28 01:00:00,"0,0","6,953188819049416","18292,89479627594"
2030-04-28 02:00:00,"0,0","11,88919877486535","18279,4095424301"
2030-04-28 03:00:00,"0,0","23,61180018843058","18254,202863759092"
2030-04-28 04:00:00,"0,0","71,84899369404908","18180,76119086518"
2030-04-28 05:00:00,"0,0","158,16004348095737","18021,01487597032"
2030-04-28 06:00:00,"0,0","218,80266350394913","17800,639878918442"
2030-04-28 07:00:00,"0,0","216,76832608491515","17582,31844700409"
2030-04-28 08:00:00,"0,0","199,0594585124499","17381,72493120714"
2030-04-28 09:00:00,"0,0","79,95507129099886","17300,253304415895"
2030-04-28 10:00:00,"0,0","165,8631941399966","17132,88066317509"
2030-04-28 11:00:00,"344,9144634978835","0,0","17476,30028283511"
2030-04-28 12:00:00,"934,5019964482369","0,0","18409,27747208367"
2030-04-28 13:00:00,"941,8188401473143","0,0","19349,490102771546"
2030-04-28 14:00:00,"951,4432844265966","0,0","20299,245144186676"
2030-04-28 15:00:00,"0,0","119,73028726129195","20177,743747786553"
2030-04-28 16:00:00,"0,0","118,41530520813933","20057,56793443642"
2030-04-28 17:00:00,"0,0","114,37855280559415","19941,43935882855"
2030-04-28 18:00:00,"0,0","117,59613897722886","19822,103329267266"
2030-04-28 19:00:00,"0,0","123,47250480720277","19696,901345944585"
2030-04-28 20:00:00,"0,0","118,50498598590036","19576,677805316252"
2030-04-28 21:00:00,"0,0","104,49769613019652","19470,47204404754"
2030-04-28 22:00:00,"0,0","65,66157616951085","19403,111669192185"
2030-04-28 23:00:00,"0,0","29,008844020775655","19372,40990367827"
2030-04-29 00:00:00,"9,603036069571658","0,0","19380,32269698375"
2030-04-29 01:00:00,"11,997268976450556","0,0","19390,62903280489"
2030-04-29 02:00:00,"8,294052529116243","0,0","19397,231252950893"
2030-04-29 03:00:00,"0,0","1,5888498474335506","19393,949994676637"
2030-04-29 04:00:00,"0,0","43,220702251770234","19349,037170287833"
2030-04-29 05:00:00,"0,0","114,47227126388555","19232,87669553084"
2030-04-29 06:00:00,"0,0","165,96963201435312","19065,2289950248"
2030-04-29 07:00:00,"0,0","164,96130508503416","18898,60424870995"
2030-04-29 08:00:00,"0,0","152,38416236757064","18744,571183121683"
2030-04-29 09:00:00,"0,0","140,60923800328095","18602,326481282675"
2030-04-29 10:00:00,"0,0","127,36586011895542","18473,337568178227"
2030-04-29 11:00:00,"0,0","117,2309800930197","18354,494789382385"
2030-04-29 12:00:00,"0,0","110,94185214537129","18241,951507566642"
2030-04-29 13:00:00,"0,0","105,01160785656782","18135,34828944104"
2030-04-29 14:00:00,"0,0","97,49373140148356","18036,272248901307"
2030-04-29 15:00:00,"0,0","89,0125708577857","17945,686013289804"
2030-04-29 16:00:00,"0,0","87,25037443985957","17856,869877745285"
2030-04-29 17:00:00,"0,0","82,21982119424956","17773,092044654204"
2030-04-29 18:00:00,"0,0","82,47381193911798","17689,06753043419"
2030-04-29 19:00:00,"0,0","85,32941013851479","17602,194749153645"
2030-04-29 20:00:00,"0,0","80,87939795618144","17519,7795597056"
2030-04-29 21:00:00,"0,0","68,48461513559732","17449,766343803418"
2030-04-29 22:00:00,"0,0","36,01253672907944","17412,23131496084"
2030-04-29 23:00:00,"0,0","6,987091909703111","17403,725005868906"
2030-04-30 00:00:00,"17,34154409677248","0,0","17419,54807495892"
2030-04-30 01:00:00,"30,08367813847562","0,0","17448,111897527855"
2030-04-30 02:00:00,"24,732356119468932","0,0","17471,321905884262"
2030-04-30 03:00:00,"23,666334229409188","0,0","17493,463867277384"
2030-04-30 04:00:00,"0,0","7,77649392205268","17484,16106863291"
2030-04-30 05:00:00,"0,0","60,225547063533895","17422,410028516137"
2030-04-30 06:00:00,"0,0","84,84748125386758","17336,042441987283"
2030-04-30 07:00:00,"0,0","79,37514662376375","17255,154725660457"
2030-04-30 08:00:00,"0,0","77,5021146619365","17176,14709874871"
2030-04-30 09:00:00,"0,0","69,83542987665595","17104,813050037686"
2030-04-30 10:00:00,"0,0","66,67729782246829","17036,643357276604"
2030-04-30 11:00:00,"0,0","44,47037019545971","16990,68653994822"
2030-04-30 12:00:00,"0,0","39,27828730586549","16949,925815241746"
2030-04-30 13:00:00,"0,0","25,82155292455417","16922,625381289814"
2030-04-30 14:00:00,"0,0","19,8431581979859","16901,305724027312"
2030-04-30 15:00:00,"0,0","11,3471119650182","16888,483973137874"
2030-04-30 16:00:00,"0,0","13,132806195814709","16873,877646715402"
2030-04-30 17:00:00,"0,0","9,77583494041096","16862,629565950316"
2030-04-30 18:00:00,"0,0","13,430709633871402","16847,727591886814"
2030-04-30 19:00:00,"0,0","25,33488957738831","16820,922738077035"
2030-04-30 20:00:00,"0,0","27,38401018554339","16792,071102382597"
2030-04-30 21:00:00,"0,0","20,28611797044772","16770,319876208465"
2030-04-30 22:00:00,"3,356905783723221","0,0","16772,21357158299"
2030-04-30 23:00:00,"30,991794832954383","0,0","16801,741990781822"
2030-05-01 00:00:00,"0,0","20,752696090181587","16779,523342702945"
2030-05-01 01:00:00,"0,0","47,426980427596675","16730,6323488637"
2030-05-01 02:00:00,"0,0","40,889273431455536","16688,283327759807"
2030-05-01 03:00:00,"0,0","54,09521944713012","16632,732055592332"
2030-05-01 04:00:00,"0,0","104,90752799587392","16526,373321724608"
2030-05-01 05:00:00,"0,0","195,5479308255617","16329,38346482673"
2030-05-01 06:00:00,"0,0","164,0147941814114","16163,94393193801"
2030-05-01 07:00:00,"0,0","167,0570278219829","15995,476600007967"
2030-05-01 08:00:00,"929,3968413516911","0,0","16923,477836026308"
2030-05-01 09:00:00,"937,9878570738897","0,0","17859,989119659007"
2030-05-01 10:00:00,"957,8315896716874","0,0","18816,262425280005"
2030-05-01 11:00:00,"963,642112328995","0,0","19778,262818712396"
2030-05-01 12:00:00,"969,5793061359506","0,0","20746,116471417416"
2030-05-01 13:00:00,"982,4354936680057","0,0","21726,74186642329"
2030-05-01 14:00:00,"984,1681680305494","0,0","22709,014376225994"
2030-05-01 15:00:00,"0,0","100,28859759530178","22606,744417126367"
2030-05-01 16:00:00,"0,0","116,1978969439752","22488,574081731997"
2030-05-01 17:00:00,"0,0","126,82357327824946","22359,788380365117"
2030-05-01 18:00:00,"0,0","141,60629364429968","22216,231195184628"
2030-05-01 19:00:00,"0,0","149,477713686333","22064,815115326513"
2030-05-01 20:00:00,"0,0","157,28724173324315","21905,602718474456"
2030-05-01 21:00:00,"0,0","147,14560348846828","21756,5458511488"
2030-05-01 22:00:00,"0,0","112,99407783528017","21641,65351468801"
2030-05-01 23:00:00,"0,0","71,4759970079952","21568,289283410857"
2030-05-02 00:00:00,"0,0","157,01987837136915","21409,38757179951"
2030-05-02 01:00:00,"0,0","173,66695213841666","21233,852650595454"
2030-05-02 02:00:00,"0,0","178,02894806711834","21053,97104888457"
2030-05-02 03:00:00,"0,0","195,41658836445913","20856,717501546096"
2030-05-02 04:00:00,"0,0","271,6882916818273","20583,209461262257"
2030-05-02 05:00:00,"0,0","409,97718224278117","20171,43639399398"
2030-05-02 06:00:00,"0,0","484,2356057414687","19685,440830427135"
2030-05-02 07:00:00,"0,0","526,847026493699","19156,876249220983"
2030-05-02 08:00:00,"0,0","530,4215022354898","18624,783309532748"
2030-05-02 09:00:00,"0,0","487,12959467132725","18136,028702517662"
2030-05-02 10:00:00,"0,0","453,7116860397131","17680,73464797365"
2030-05-02 11:00:00,"0,0","430,6627759998154","17248,529227875802"
2030-05-02 12:00:00,"0,0","411,10745025031235","16835,91684345036"
2030-05-02 13:00:00,"0,0","391,7067058446495","16442,74120386112"
2030-05-02 14:00:00,"0,0","386,78670493781453","16054,519869753269"
2030-05-02 15:00:00,"0,0","381,3467997641037","15671,77231313053"
2030-05-02 16:00:00,"0,0","393,43494794707146","15276,970003049139"
2030-05-02 17:00:00,"0,0","403,89463967589256","14871,74244774048"
2030-05-02 18:00:00,"0,0","397,1493071930315","14473,295581018885"
2030-05-02 19:00:00,"0,0","386,4055922027203","14085,627193776721"
2030-05-02 20:00:00,"0,0","358,2269785890113","13726,171244215053"
2030-05-02 21:00:00,"0,0","315,7596008468141","13409,214034927181"
2030-05-02 22:00:00,"0,0","255,7417638583761","13152,302317144258"
2030-05-02 23:00:00,"0,0","196,79559817738004","12954,359180589709"
2030-05-03 00:00:00,"0,0","166,14239761351462","12787,08651513769"
2030-05-03 01:00:00,"0,0","176,90251836554512","12609,068323473699"
2030-05-03 02:00:00,"0,0","184,910040671866","12423,058141590609"
2030-05-03 03:00:00,"0,0","202,8285278599056","12219,14570190785"
2030-05-03 04:00:00,"0,0","266,0621307334533","11952,017450711905"
2030-05-03 05:00:00,"0,0","403,71852103324807","11547,256116156082"
2030-05-03 06:00:00,"0,0","474,76682101250265","11071,481797047445"
2030-05-03 07:00:00,"0,0","513,2491488653669","10557,266661395286"
2030-05-03 08:00:00,"0,0","518,4672405144","10037,87829936468"
2030-05-03 09:00:00,"0,0","501,6727800265544","9535,329714456506"
2030-05-03 10:00:00,"0,0","479,9646320419487","9054,53312489697"
2030-05-03 11:00:00,"0,0","456,7215889055964","8597,021527976227"
2030-05-03 12:00:00,"0,0","439,3031880490197","8156,968249798891"
2030-05-03 13:00:00,"0,0","424,8489390747185","7731,407615244378"
2030-05-03 14:00:00,"0,0","421,53306505298815","7309,19998487696"
2030-05-03 15:00:00,"0,0","415,5407176811999","6893,02153949708"
2030-05-03 16:00:00,"0,0","421,1724626629258","6471,247660704834"
2030-05-03 17:00:00,"0,0","418,9889107571098","6051,694133589328"
2030-05-03 18:00:00,"0,0","409,9028148861547","5641,263308390018"
2030-05-03 19:00:00,"0,0","378,9412633308913","5261,82984483547"
2030-05-03 20:00:00,"0,0","344,95523697328014","4916,415513208228"
2030-05-03 21:00:00,"0,0","305,3819710139965","4610,604584940704"
2030-05-03 22:00:00,"0,0","256,4736539805627","4353,728655710105"
2030-05-03 23:00:00,"0,0","197,07292868150103","4156,275864203393"
2030-05-04 00:00:00,"0,0","173,99318429200298","3981,920044842238"
2030-05-04 01:00:00,"0,0","185,1452912854777","3796,4273310328476"
2030-05-04 02:00:00,"0,0","193,40906934551884","3602,6870234026965"
2030-05-04 03:00:00,"0,0","211,6952613642054","3390,677427595699"
2030-05-04 04:00:00,"0,0","276,1734725940412","3114,2081183961"
2030-05-04 05:00:00,"0,0","416,855479229646","2697,080924508124"
2030-05-04 06:00:00,"0,0","490,2799095577444","2206,5656946397166"
2030-05-04 07:00:00,"0,0","530,5932390150701","1675,7799327677892"
2030-05-04 08:00:00,"0,0","536,0700323349719","1139,5636886336836"
2030-05-04 09:00:00,"0,0","39,18015570456873","1100,2841059972816"
2030-05-04 10:00:00,"583,6903791577162","0,0","1683,8784853667494"
2030-05-04 11:00:00,"607,7020558752122","0,0","2291,4336228441134"
2030-05-04 12:00:00,"625,8435292172838","0,0","2917,077224477804"
2030-05-04 13:00:00,"640,9187606393515","0,0","3557,74147012932"
2030-05-04 14:00:00,"644,357592500545","0,0","4201,788649686597"
2030-05-04 15:00:00,"0,0","429,449737363092","3771,9723062638195"
2030-05-04 16:00:00,"0,0","435,2399933803663","3336,403208299732"
2030-05-04 17:00:00,"0,0","433,14156271457307","2902,9705444052347"
2030-05-04 18:00:00,"0,0","423,9037352501024","2478,813524975133"
2030-05-04 19:00:00,"0,0","391,80794008265013","2086,789308412429"
2030-05-04 20:00:00,"0,0","356,554486338891","1730,052749706379"
2030-05-04 21:00:00,"0,0","316,0466670002362","1413,855135603731"
2030-05-04 22:00:00,"0,0","266,2313712709555","1147,500405472194"
2030-05-04 23:00:00,"0,0","205,59306582955924","941,8072202322572"
2030-05-05 00:00:00,"0,0","98,2404386349881","843,484608917304"
2030-05-05 01:00:00,"0,0","110,2280184410979","733,1829964440781"
2030-05-05 02:00:00,"0,0","112,72430347261002","620,3947227550283"
2030-05-05 03:00:00,"0,0","127,25490748902678","493,08568582644114"
2030-05-05 04:00:00,"0,0","190,55047754268867","302,4921865576641"
2030-05-05 05:00:00,"0,0","302,465794114387","0,0"
2030-05-05 06:00:00,"0,0","0,0","0,0"
2030-05-05 07:00:00,"0,0","0,0","0,0"
2030-05-05 08:00:00,"0,0","0,0","0,0"
2030-05-05 09:00:00,"0,0","0,0","0,0"
2030-05-05 10:00:00,"0,0","0,0","0,0"
2030-05-05 11:00:00,"0,0","0,0","0,0"
2030-05-05 12:00:00,"0,0","0,0","0,0"
2030-05-05 13:00:00,"0,0","0,0","0,0"
2030-05-05 14:00:00,"791,8776557026259","0,0","791,8776557026259"
2030-05-05 15:00:00,"630,6039543537053","0,0","1422,4125187308712"
2030-05-05 16:00:00,"0,0","291,0195176244843","1131,2688956141276"
2030-05-05 17:00:00,"0,0","296,7269586580802","834,4432337449052"
2030-05-05 18:00:00,"0,0","290,6679703376483","543,7024582351127"
2030-05-05 19:00:00,"0,0","282,10658203114065","261,548438164491"
2030-05-05 20:00:00,"0,0","261,52561806326116","0,0"
2030-05-05 21:00:00,"0,0","0,0","0,0"
2030-05-05 22:00:00,"0,0","0,0","0,0"
2030-05-05 23:00:00,"0,0","0,0","0,0"
2030-05-06 00:00:00,"8,50600068778337","0,0","8,50600068778337"
2030-05-06 01:00:00,"10,882489404217722","0,0","19,387747943441084"
2030-05-06 02:00:00,"7,109529698043872","0,0","26,495586060476892"
2030-05-06 03:00:00,"0,0","2,8800347673767703","23,613239553216346"
2030-05-06 04:00:00,"0,0","23,611179298065327","0,0"
2030-05-06 05:00:00,"0,0","0,0","0,0"
2030-05-06 06:00:00,"0,0","0,0","0,0"
2030-05-06 07:00:00,"768,5883604570186","0,0","768,5883604570186"
2030-05-06 08:00:00,"0,0","155,1266042741458","613,394696848423"
2030-05-06 09:00:00,"0,0","143,1187800524766","470,2223981086464"
2030-05-06 10:00:00,"0,0","129,6321262545577","340,54924494985374"
2030-05-06 11:00:00,"0,0","119,3523176664836","221,1672143617483"
2030-05-06 12:00:00,"0,0","112,96372300473922","108,18419451755604"
2030-05-06 13:00:00,"0,0","106,9529521647936","1,2218032817907896"
2030-05-06 14:00:00,"634,9404580040522","0,0","636,1621546835066"
2030-05-06 15:00:00,"0,0","90,82611481735302","545,2805347181575"
2030-05-06 16:00:00,"0,0","89,08885796464631","456,144101026857"
2030-05-06 17:00:00,"0,0","84,1182714569261","371,98603099711636"
2030-05-06 18:00:00,"0,0","84,54805157254037","287,4055236433715"
2030-05-06 19:00:00,"0,0","87,58040373657815","199,80004377485548"
2030-05-06 20:00:00,"0,0","83,10227130758639","116,68033991344971"
2030-05-06 21:00:00,"0,0","70,6142314650572","46,055928088735065"
2030-05-06 22:00:00,"0,0","37,764862457108336","8,287047251900987"
2030-05-06 23:00:00,"0,0","8,286324207028258","0,0"
2030-05-07 00:00:00,"70,67846768793494","0,0","70,67846768793494"
2030-05-07 01:00:00,"72,62743283402719","0,0","143,29973382565635"
2030-05-07 02:00:00,"76,5855962372234","0,0","219,87282716110346"
2030-05-07 03:00:00,"71,29040674498475","0,0","291,1440500019184"
2030-05-07 04:00:00,"49,39762178310322","0,0","340,51626946665897"
2030-05-07 05:00:00,"22,728018336255104","0,0","363,2145777584031"
2030-05-07 06:00:00,"8,210390777109666","0,0","371,39327806360336"
2030-05-07 07:00:00,"11,653504626329948","0,0","383,0143786264223"
2030-05-07 08:00:00,"16,621379210248364","0,0","399,6023398321355"
2030-05-07 09:00:00,"18,46391918796928","0,0","418,03139371595444"
2030-05-07 10:00:00,"16,952551528068057","0,0","434,94747200492077"
2030-05-07 11:00:00,"26,925448271363905","0,0","461,83497110935224"
2030-05-07 12:00:00,"31,725499998240338","0,0","493,5201760063633"
2030-05-07 13:00:00,"42,71297628495179","0,0","536,1900926559586"
2030-05-07 14:00:00,"46,47197488956701","0,0","582,6152849599414"
2030-05-07 15:00:00,"53,26789594513011","0,0","635,8323477214587"
2030-05-07 16:00:00,"55,51677764465275","0,0","691,2936489937728"
2030-05-07 17:00:00,"57,24631628431624","0,0","748,4796499072143"
2030-05-07 18:00:00,"58,80823490855694","0,0","807,2225799663169"
2030-05-07 19:00:00,"53,390273367297766","0,0","860,5424231635125"
2030-05-07 20:00:00,"51,989861561160325","0,0","912,4572023982518"
2030-05-07 21:00:00,"53,17469441148931","0,0","965,5522849188319"
2030-05-07 22:00:00,"65,52436562315602","0,0","1030,9924061051288"
2030-05-07 23:00:00,"81,34085632695776","0,0","1112,2433083446538"
2030-05-08 00:00:00,"75,4697459050413","0,0","1187,616011021042"
2030-05-08 01:00:00,"73,49075697234485","0,0","1261,0031484964252"
2030-05-08 02:00:00,"64,06967340995604","0,0","1324,962799381675"
2030-05-08 03:00:00,"61,9815269317497","0,0","1386,8287233091787"
2030-05-08 04:00:00,"29,532627536774328","0,0","1416,2403500398443"
2030-05-08 05:00:00,"0,0","6,437343600057432","1409,679439469246"
2030-05-08 06:00:00,"0,0","11,163807996881133","1398,3926369412713"
2030-05-08 07:00:00,"0,0","8,712727549229271","1389,5578996344689"
2030-05-08 08:00:00,"1094,6668149429613","0,0","2484,103475650687"
2030-05-08 09:00:00,"22,810644818183903","0,0","2506,6973824406205"
2030-05-08 10:00:00,"712,6138837519279","0,0","3219,0925568459306"
2030-05-08 11:00:00,"263,568017313388","0,0","3482,3797083337336"
2030-05-08 12:00:00,"35,100358348366385","0,0","3517,1762290525476"
2030-05-08 13:00:00,"44,70190037377449","0,0","3561,5712558003374"
2030-05-08 14:00:00,"331,36684940839723","0,0","3892,627358116666"
2030-05-08 15:00:00,"292,0990144829516","0,0","4184,386740862622"
2030-05-08 16:00:00,"49,13431068870199","0,0","4233,1559638081835"
2030-05-08 17:00:00,"36,48032970167277","0,0","4269,266950652013"
2030-05-08 18:00:00,"26,453825348867554","0,0","4295,348282459437"
2030-05-08 19:00:00,"22,48905582008328","0,0","4317,462569141875"
2030-05-08 20:00:00,"11,507350005376594","0,0","4328,593220538094"
2030-05-08 21:00:00,"8,174970496992216","0,0","4336,390521276595"
2030-05-08 22:00:00,"24,88798899130063","0,0","4360,900160194914"
2030-05-08 23:00:00,"40,83218290724113","0,0","4401,351854563178"
2030-05-09 00:00:00,"36,451537190969916","0,0","4437,419373804837"
2030-05-09 01:00:00,"38,6912731582332","0,0","4475,723482122706"
2030-05-09 02:00:00,"38,837896468594124","0,0","4514,170871717485"
2030-05-09 03:00:00,"31,306779055498637","0,0","4545,083789364427"
2030-05-09 04:00:00,"0,0","7,242655820685712","4537,444574983119"
2030-05-09 05:00:00,"0,0","60,41844159692215","4476,63024134703"
2030-05-09 06:00:00,"0,0","95,25897567853434","4380,9806796799385"
2030-05-09 07:00:00,"0,0","99,0746551833771","4281,523783932259"
2030-05-09 08:00:00,"0,0","84,00146758360634","4197,148753398505"
2030-05-09 09:00:00,"0,0","79,47246353673154","4117,310088633039"
2030-05-09 10:00:00,"0,0","72,878337329852","4044,072515997954"
2030-05-09 11:00:00,"0,0","64,21647996776966","3979,5031907031635"
2030-05-09 12:00:00,"0,0","62,80766672861682","3916,3483123211577"
2030-05-09 13:00:00,"0,0","54,219961299803","3861,786649631105"
2030-05-09 14:00:00,"0,0","50,65171753890252","3810,797991207022"
2030-05-09 15:00:00,"0,0","40,08652320432549","3770,3789758779635"
2030-05-09 16:00:00,"0,0","35,22894670042419","3734,821063611894"
2030-05-09 17:00:00,"0,0","29,057403638196774","3705,4377968358967"
2030-05-09 18:00:00,"0,0","26,76201803602072","3678,352479352102"
2030-05-09 19:00:00,"0,0","26,335705420651266","3651,6958376776274"
2030-05-09 20:00:00,"0,0","25,88433077679821","3625,492896438992"
2030-05-09 21:00:00,"0,0","15,196784883079204","3609,9797873006987"
2030-05-09 22:00:00,"6,631688729300208","0,0","3616,296505293557"
2030-05-09 23:00:00,"22,13263378900001","0,0","3638,11361721247"
2030-05-10 00:00:00,"40,189145574556065","0,0","3677,9853373739247"
2030-05-10 01:00:00,"42,48869196195385","0,0","3720,153125115193"
2030-05-10 02:00:00,"42,49781036554647","0,0","3762,326352120573"
2030-05-10 03:00:00,"35,43451800458796","0,0","3797,4326071509386"
2030-05-10 04:00:00,"0,0","0,907355137169219","3796,1939260187955"
2030-05-10 05:00:00,"0,0","50,50628848668765","3745,356419612063"
2030-05-10 06:00:00,"0,0","84,04398900976531","3660,985648254686"
2030-05-10 07:00:00,"0,0","88,0239671135273","3572,6422601433487"
2030-05-10 08:00:00,"0,0","74,94208206290503","3497,388465043246"
2030-05-10 09:00:00,"0,0","71,05784468495511","3426,025473214716"
2030-05-10 10:00:00,"0,0","65,0140219068833","3360,7125305852946"
2030-05-10 11:00:00,"0,0","57,094626606796226","3303,3246818102048"
2030-05-10 12:00:00,"0,0","55,67960367549253","3247,356863056224"
2030-05-10 13:00:00,"0,0","47,817334440819366","3199,256196729103"
2030-05-10 14:00:00,"0,0","44,54031498715133","3154,436746638787"
2030-05-10 15:00:00,"0,0","34,16086549976342","3120,0006565328795"
2030-05-10 16:00:00,"0,0","29,477338379973986","3090,251098095623"
2030-05-10 17:00:00,"0,0","22,98403463208959","3066,9974390552247"
2030-05-10 18:00:00,"0,0","19,887048045887752","3046,8427954827794"
2030-05-10 19:00:00,"0,0","18,6750096173144","3027,901948831559"
2030-05-10 20:00:00,"0,0","17,847423106223175","3009,7903412803003"
2030-05-10 21:00:00,"0,0","7,665810871143947","3001,8619262018797"
2030-05-10 22:00:00,"12,942606253797436","0,0","3014,542620002616"
2030-05-10 23:00:00,"27,0150609336049","0,0","3041,2946620926255"
2030-05-11 00:00:00,"38,46766266442458","0,0","3079,4969717977824"
2030-05-11 01:00:00,"40,74092029435725","0,0","3119,96920598135"
2030-05-11 02:00:00,"40,81154847627005","0,0","3160,5085371443984"
2030-05-11 03:00:00,"33,530535743902234","0,0","3193,763318518435"
2030-05-11 04:00:00,"0,0","3,8238572709222467","3189,6608053979717"
2030-05-11 05:00:00,"0,0","55,077802455730875","3134,30470503697"
2030-05-11 06:00:00,"0,0","89,21928834827395","3044,811948603182"
2030-05-11 07:00:00,"0,0","93,12685769210617","2951,4194310685602"
2030-05-11 08:00:00,"0,0","79,11478412138865","2872,0471356018106"
2030-05-11 09:00:00,"284,59675900929403","0,0","3156,3933084985238"
2030-05-11 10:00:00,"1011,1379263392585","0,0","4167,255839521616"
2030-05-11 11:00:00,"1019,4054266036071","0,0","5186,297673053225"
2030-05-11 12:00:00,"1020,8158594930585","0,0","6206,661028074309"
2030-05-11 13:00:00,"1029,0123103467","0,0","7235,13180724631"
2030-05-11 14:00:00,"1032,4264650014768","0,0","8266,927006997605"
2030-05-11 15:00:00,"1042,889644359184","0,0","9309,095361975427"
2030-05-11 16:00:00,"0,0","32,10925577247255","9276,173887632622"
2030-05-11 17:00:00,"0,0","25,764372354666676","9249,60016910626"
2030-05-11 18:00:00,"0,0","23,039775241542287","9225,753366249963"
2030-05-11 19:00:00,"0,0","22,194860099061884","9202,753559169696"
2030-05-11 20:00:00,"0,0","21,537933549767786","9180,412685371892"
2030-05-11 21:00:00,"0,0","11,116807627088235","9168,494886738004"
2030-05-11 22:00:00,"10,052212373006483","0,0","9177,747147932143"
2030-05-11 23:00:00,"24,77220466647333","0,0","9201,718594159958"
2030-05-12 00:00:00,"23,856529912334054","0,0","9224,772274124953"
2030-05-12 01:00:00,"25,869927429318125","0,0","9249,837340173353"
2030-05-12 02:00:00,"26,442876213989052","0,0","9275,473168079412"
2030-05-12 03:00:00,"17,27868325586803","0,0","9291,942566301366"
2030-05-12 04:00:00,"0,0","28,619141926781936","9262,512702385675"
2030-05-12 05:00:00,"0,0","94,06568655559408","9167,638861596797"
2030-05-12 06:00:00,"0,0","133,4169410041066","9033,422044102017"
2030-05-12 07:00:00,"0,0","136,77193316403526","8895,861944864635"
2030-05-12 08:00:00,"0,0","114,60972366874063","8780,476057241205"
2030-05-12 09:00:00,"86,45047142971524","0,0","8866,160432134926"
2030-05-12 10:00:00,"0,0","99,29426540015709","8766,092594237067"
2030-05-12 11:00:00,"0,0","88,00572919359121","8677,322023464629"
2030-05-12 12:00:00,"0,0","86,64277884253187","8589,92214827555"
2030-05-12 13:00:00,"0,0","65,60364527589903","8523,569032292213"
2030-05-12 14:00:00,"190,47585068318585","0,0","8713,301201577331"
2030-05-12 15:00:00,"0,0","59,82175235379438","8652,7192136937"
2030-05-12 16:00:00,"0,0","54,281748439002484","8597,682515503304"
2030-05-12 17:00:00,"0,0","49,19028840255817","8547,742079301268"
2030-05-12 18:00:00,"0,0","49,67880520534533","8497,317483599503"
2030-05-12 19:00:00,"0,0","52,01042911864744","8444,565663530413"
2030-05-12 20:00:00,"0,0","52,798267611109196","8391,03060756516"
2030-05-12 21:00:00,"0,0","40,254269416985835","8350,044220727665"
2030-05-12 22:00:00,"0,0","14,333213061176139","8334,98246630823"
2030-05-12 23:00:00,"5,78895043533754","0,0","8340,044189523383"
2030-05-13 00:00:00,"0,0","3,4804336359279375","8335,83608703192"
2030-05-13 01:00:00,"0,0","1,3007702044016014","8333,808015128925"
2030-05-13 02:00:00,"0,0","5,882856298193474","8327,198034081413"
2030-05-13 03:00:00,"0,0","17,054228768494625","8309,417257284445"
2030-05-13 04:00:00,"0,0","63,2992249474967","8245,39303568125"
2030-05-13 05:00:00,"0,0","145,10937401751823","8099,56425112137"
2030-05-13 06:00:00,"0,0","203,0409811434148","7895,816582997045"
2030-05-13 07:00:00,"0,0","201,33817843037195","7693,789494569806"
2030-05-13 08:00:00,"0,0","185,14038696132644","7507,977824475079"
2030-05-13 09:00:00,"0,0","170,5517436852483","7336,771009724645"
2030-05-13 10:00:00,"0,0","154,3621110239344","7181,768765430113"
2030-05-13 11:00:00,"0,0","142,48895669664557","7038,653199408684"
2030-05-13 12:00:00,"0,0","135,00080877312462","6903,0382681439105"
2030-05-13 13:00:00,"0,0","128,09691681582308","6774,339061239192"
2030-05-13 14:00:00,"0,0","119,09376916882718","6654,654230987272"
2030-05-13 15:00:00,"0,0","110,53289499715532","6543,540717408463"
2030-05-13 16:00:00,"0,0","109,0798100509798","6433,889983429889"
2030-05-13 17:00:00,"0,0","104,74013787812493","6328,58848865071"
2030-05-13 18:00:00,"0,0","107,07497743960823","6220,961341865467"
2030-05-13 19:00:00,"0,0","112,050021555108","6108,368541433281"
2030-05-13 20:00:00,"0,0","107,22428039988728","6000,611305878155"
2030-05-13 21:00:00,"0,0","93,6998824910024","5906,387870050715"
2030-05-13 22:00:00,"0,0","56,77050644168037","5849,102031267373"
2030-05-13 23:00:00,"0,0","22,414449322992766","5826,177247792152"
2030-05-14 00:00:00,"39,2660460464983","0,0","5864,934959873781"
2030-05-14 01:00:00,"48,665294104180504","0,0","5913,088538402712"
2030-05-14 02:00:00,"44,822579036303566","0,0","5957,3952004640405"
2030-05-14 03:00:00,"43,26143466207654","0,0","6000,136852394877"
2030-05-14 04:00:00,"17,706311926429265","0,0","6017,319652380935"
2030-05-14 05:00:00,"0,0","24,98999927326784","5991,804641967997"
2030-05-14 06:00:00,"0,0","45,1422446728684","5946,139612340116"
2030-05-14 07:00:00,"0,0","40,317623159695785","5905,303188499244"
2030-05-14 08:00:00,"0,0","38,810297024297995","5865,97765377175"
2030-05-14 09:00:00,"0,0","33,33710765407773","5832,128739567381"
2030-05-14 10:00:00,"0,0","30,85906313467973","5800,760823200174"
2030-05-14 11:00:00,"0,0","14,532841056907529","5785,721865761442"
2030-05-14 12:00:00,"0,0","9,270408225565745","5775,946653303089"
2030-05-14 13:00:00,"2,563688384110975","0,0","5778,006390341699"
2030-05-14 14:00:00,"8,857379490429707","0,0","5786,359638774572"
2030-05-14 15:00:00,"15,815245438728823","0,0","5801,670024334818"
2030-05-14 16:00:00,"14,752189769975132","0,0","5815,91601839517"
2030-05-14 17:00:00,"17,02682557642916","0,0","5832,435405298995"
2030-05-14 18:00:00,"13,989921956530253","0,0","5845,916447266413"
2030-05-14 19:00:00,"4,955461342851066","0,0","5850,36185239924"
2030-05-14 20:00:00,"3,5569628802066973","0,0","5853,408371207825"
2030-05-14 21:00:00,"9,408218303617446","0,0","5862,305879631055"
2030-05-14 22:00:00,"28,851802779899373","0,0","5890,646196222957"
2030-05-14 23:00:00,"54,60166015778236","0,0","5944,7338975001185"
2030-05-15 00:00:00,"3,4261067890313655","0,0","5947,641326256593"
2030-05-15 01:00:00,"0,0","19,73740066170896","5927,384993889168"
2030-05-15 02:00:00,"0,0","13,295392066043462","5913,572437482408"
2030-05-15 03:00:00,"0,0","25,302353705617406","5887,75412458162"
2030-05-15 04:00:00,"0,0","75,33064826667422","5811,909769767576"
2030-05-15 05:00:00,"0,0","163,68078686149846","5647,721893778666"
2030-05-15 06:00:00,"0,0","133,53268524846726","5513,696444794967"
2030-05-15 07:00:00,"0,0","136,15158323200228","5377,063791548157"
2030-05-15 08:00:00,"0,0","120,02942383379138","5256,565218898553"
2030-05-15 09:00:00,"0,0","111,22261940475425","5144,88396417845"
2030-05-15 10:00:00,"0,0","92,1669361319081","5052,2681369206675"
2030-05-15 11:00:00,"0,0","86,79380785915282","4965,033518666569"
2030-05-15 12:00:00,"0,0","84,44210105457614","4880,158218437489"
2030-05-15 13:00:00,"0,0","69,58032442572349","4810,152100207208"
2030-05-15 14:00:00,"0,0","67,7815426013945","4741,95087183507"
2030-05-15 15:00:00,"0,0","71,38139325666651","4670,155743364836"
2030-05-15 16:00:00,"0,0","82,00542669175815","4587,742845584469"
2030-05-15 17:00:00,"0,0","93,39786973896247","4493,94469528223"
2030-05-15 18:00:00,"0,0","106,54133257538672","4387,011266032179"
2030-05-15 19:00:00,"0,0","113,71211681448767","4272,91638248473"
2030-05-15 20:00:00,"0,0","120,18283669722211","4152,360733833136"
2030-05-15 21:00:00,"0,0","110,0160953803603","4041,9823449787486"
2030-05-15 22:00:00,"0,0","73,33350333741896","3968,2961786817305"
2030-05-15 23:00:00,"0,0","34,88276100217712","3933,0671838379635"
2030-05-16 00:00:00,"0,0","6,012446442130056","3926,7115772840434"
2030-05-16 01:00:00,"0,0","6,184187056401186","3920,1847846425244"
2030-05-16 02:00:00,"0,0","10,810428119884165","3909,03232040018"
2030-05-16 03:00:00,"0,0","27,02577910817294","3881,665478222052"
2030-05-16 04:00:00,"0,0","86,67872210014957","3794,6480808089277"
2030-05-16 05:00:00,"0,0","192,24211433851053","3602,074883425367"
2030-05-16 06:00:00,"0,0","260,38047015312327","3341,380132238665"
2030-05-16 07:00:00,"0,0","261,0001766432719","3080,088420178855"
2030-05-16 08:00:00,"0,0","235,36413385320793","2844,4555486109866"
2030-05-16 09:00:00,"0,0","213,1690487262731","2631,038321138097"
2030-05-16 10:00:00,"0,0","190,74092659131372","2440,067836453264"
2030-05-16 11:00:00,"0,0","176,25907136016707","2263,5958691743667"
2030-05-16 12:00:00,"0,0","167,05219031543777","2096,3461801193434"
2030-05-16 13:00:00,"0,0","159,20366845219155","1936,959605462937"
2030-05-16 14:00:00,"0,0","147,60786677385067","1789,1827389635096"
2030-05-16 15:00:00,"0,0","145,12277077255612","1643,903861996979"
2030-05-16 16:00:00,"0,0","143,31933955885427","1500,4410918261656"
2030-05-16 17:00:00,"0,0","142,94238458096544","1357,3677937599384"
2030-05-16 18:00:00,"0,0","152,27163494411047","1204,9777284758225"
2030-05-16 19:00:00,"0,0","159,73130019665086","1045,141293972362"
2030-05-16 20:00:00,"0,0","144,26475439505492","900,785350999408"
2030-05-16 21:00:00,"0,0","126,88677383004409","773,8199836474892"
2030-05-16 22:00:00,"0,0","81,14749784739848","692,6049700065175"
2030-05-16 23:00:00,"0,0","29,757597602055682","662,7869426208288"
2030-05-17 00:00:00,"41,912608556714815","0,0","704,6417230168"
2030-05-17 01:00:00,"42,656181269628874","0,0","747,2364242960957"
2030-05-17 02:00:00,"41,56850887729226","0,0","788,7397367953682"
2030-05-17 03:00:00,"30,026729012374147","0,0","818,697648265707"
2030-05-17 04:00:00,"0,0","13,221561520525313","805,4046553753706"
2030-05-17 05:00:00,"0,0","80,19405377581151","725,1403300433775"
2030-05-17 06:00:00,"0,0","124,34161828346419","600,735443266117"
2030-05-17 07:00:00,"0,0","126,91859775958488","473,7644313391072"
2030-05-17 08:00:00,"0,0","114,99425193366602","358,72884345880686"
2030-05-17 09:00:00,"0,0","103,30270055162015","255,3948438155949"
2030-05-17 10:00:00,"0,0","92,03058104314772","163,34197957232428"
2030-05-17 11:00:00,"0,0","83,99013312979443","79,33759485481215"
2030-05-17 12:00:00,"0,0","79,33067264966107","0,0"
2030-05-17 13:00:00,"477,9364370141664","0,0","477,9364370141664"
2030-05-17 14:00:00,"0,0","69,08959291017393","408,80514414986305"
2030-05-17 15:00:00,"0,0","66,94865759363535","341,82081830740066"
2030-05-17 16:00:00,"0,0","64,07710712886794","277,71388731213545"
2030-05-17 17:00:00,"0,0","61,32668956064083","216,36296721482668"
2030-05-17 18:00:00,"0,0","63,01491404646214","153,32917549947504"
2030-05-17 19:00:00,"0,0","62,71858993907358","90,59720758983914"
2030-05-17 20:00:00,"0,0","48,91451226833868","41,674790715138236"
2030-05-17 21:00:00,"0,0","35,62606589632671","6,045088693321628"
2030-05-17 22:00:00,"0,0","6,044561259333136","0,0"
2030-05-17 23:00:00,"26,298776724964483","0,0","26,298776724964483"
2030-05-18 00:00:00,"64,32422792288149","0,0","90,62071007957672"
2030-05-18 01:00:00,"64,83472742155695","0,0","155,44753084417923"
2030-05-18 02:00:00,"67,4236567769624","0,0","222,85762482407546"
2030-05-18 03:00:00,"57,75397324785686","0,0","280,5921537441664"
2030-05-18 04:00:00,"15,724749115943496","0,0","296,29242119469575"
2030-05-18 05:00:00,"0,0","36,98337246630831","259,2831972146382"
2030-05-18 06:00:00,"0,0","66,48788851161507","192,7726862440662"
2030-05-18 07:00:00,"0,0","73,70539808537265","119,05046874181875"
2030-05-18 08:00:00,"0,0","57,63398044981005","61,40610113861098"
2030-05-18 09:00:00,"0,0","52,262384299295604","9,13835915699103"
2030-05-18 10:00:00,"0,0","9,137561835154582","0,0"
2030-05-18 11:00:00,"0,0","0,0","0,0"
2030-05-18 12:00:00,"0,0","0,0","0,0"
2030-05-18 13:00:00,"0,0","0,0","0,0"
2030-05-18 14:00:00,"91,18684918665026","0,0","91,18684918665026"
2030-05-18 15:00:00,"0,0","25,174676200996515","66,00421693306221"
2030-05-18 16:00:00,"0,0","19,20024538501559","46,79821268011921"
2030-05-18 17:00:00,"0,0","15,579718980074148","31,21441055598872"
2030-05-18 18:00:00,"0,0","15,51177830460199","15,699908794065719"
2030-05-18 19:00:00,"0,0","12,733871784095527","2,964667192927911"
2030-05-18 20:00:00,"0,0","2,964408525715328","0,0"
2030-05-18 21:00:00,"9,08377706698036","0,0","9,08377706698036"
2030-05-18 22:00:00,"29,500768792381677","0,0","38,58375329981294"
2030-05-18 23:00:00,"95,53209215841234","0,0","134,11247902574988"
2030-05-19 00:00:00,"105,35895410488789","0,0","239,45973181684278"
2030-05-19 01:00:00,"104,63710293048968","0,0","344,0759418857314"
2030-05-19 02:00:00,"105,8475753897519","0,0","449,8934966495538"
2030-05-19 03:00:00,"100,95383878661873","0,0","550,8080822285899"
2030-05-19 04:00:00,"77,42797452773254","0,0","628,187998751148"
2030-05-19 05:00:00,"43,27405280367991","0,0","671,4072421519369"
2030-05-19 06:00:00,"31,31871589896477","0,0","702,6673777690239"
2030-05-19 07:00:00,"33,705932884562245","0,0","736,3120029248759"
2030-05-19 08:00:00,"51,094556867235866","0,0","787,3423165698565"
2030-05-19 09:00:00,"56,40994976053453","0,0","843,6835707132703"
2030-05-19 10:00:00,"61,83391730044394","0,0","905,4438766221695"
2030-05-19 11:00:00,"68,08232241190038","0,0","973,4471990558345"
2030-05-19 12:00:00,"68,14681032682142","0,0","1041,5090761145384"
2030-05-19 13:00:00,"77,68451570433524","0,0","1119,1027201519828"
2030-05-19 14:00:00,"80,37514046500812","0,0","1199,3802189046578"
2030-05-19 15:00:00,"82,54414477678924","0,0","1281,8197177573475"
2030-05-19 16:00:00,"82,97592786888987","0,0","1364,683806855863"
2030-05-19 17:00:00,"76,74318588666333","0,0","1441,3079240803781"
2030-05-19 18:00:00,"69,08392916924754","0,0","1510,2660991332498"
2030-05-19 19:00:00,"61,795639026602586","0,0","1571,9299674427032"
2030-05-19 20:00:00,"57,18411711845539","0,0","1628,9769336714992"
2030-05-19 21:00:00,"59,83134598603429","0,0","1688,6661514200705"
2030-05-19 22:00:00,"71,41339158029258","0,0","1759,9322068786519"
2030-05-19 23:00:00,"51,87215599258869","0,0","1811,6508087861903"
2030-05-20 00:00:00,"65,29807408659248","0,0","1876,7908163397162"
2030-05-20 01:00:00,"65,82456289638743","0,0","1942,4516292373783"
2030-05-20 02:00:00,"68,37692203869216","0,0","2010,6590723714194"
2030-05-20 03:00:00,"58,82547262718053","0,0","2069,309114994536"
2030-05-20 04:00:00,"17,374848028207964","0,0","2086,5034158024605"
2030-05-20 05:00:00,"0,0","34,40851778435126","2051,9128505950807"
2030-05-20 06:00:00,"0,0","63,57844807261989","1988,1553731262463"
2030-05-20 07:00:00,"0,0","70,84207609983272","1917,1398304701086"
2030-05-20 08:00:00,"0,0","55,27466603313849","1861,6978939867618"
2030-05-20 09:00:00,"0,0","50,063909597004255","1811,471551248507"
2030-05-20 10:00:00,"0,0","44,68099028228386","1766,6325100733768"
2030-05-20 11:00:00,"0,0","37,600819048710434","1728,8775523381623"
2030-05-20 12:00:00,"0,0","37,54236806648436","1691,1843397052364"
2030-05-20 13:00:00,"0,0","30,335115859791358","1660,7016680118059"
2030-05-20 14:00:00,"0,0","27,880604036115386","1632,6761677551565"
2030-05-20 15:00:00,"0,0","23,62043499657142","1608,9132817629484"
2030-05-20 16:00:00,"0,0","17,687086276665838","1591,0858178024487"
2030-05-20 17:00:00,"0,0","13,983506146537309","1576,963489418308"
2030-05-20 18:00:00,"0,0","13,709436668098334","1563,116462685758"
2030-05-20 19:00:00,"0,0","10,72922064076684","1552,250860133622"
2030-05-20 20:00:00,"0,0","0,8620830780451456","1551,2533431680301"
2030-05-20 21:00:00,"11,059884285861301","0,0","1562,1778805997"
2030-05-20 22:00:00,"31,15829755605401","0,0","1593,199878135672"
2030-05-20 23:00:00,"51,3211208975093","0,0","1644,3819923438139"
2030-05-21 00:00:00,"92,38452578811088","0,0","1736,623045803093"
2030-05-21 01:00:00,"94,15531913324676","0,0","1830,6268445755936"
2030-05-21 02:00:00,"98,61651645787525","0,0","1929,0836388412795"
2030-05-21 03:00:00,"92,12491429839048","0,0","2021,0402405921811"
2030-05-21 04:00:00,"69,93410462195445","0,0","2090,798009453144"
2030-05-21 05:00:00,"42,713930161230536","0,0","2133,32951748805"
2030-05-21 06:00:00,"28,51034528640335","0,0","2161,6537297740524"
2030-05-21 07:00:00,"32,615479545142904","0,0","2194,0806050312726"
2030-05-21 08:00:00,"38,83346257466553","0,0","2232,7226340731495"
2030-05-21 09:00:00,"43,00189782667316","0,0","2275,52972685"
2030-05-21 10:00:00,"43,817783458413246","0,0","2319,148970339745"
2030-05-21 11:00:00,"53,2886181670507","0,0","2372,2352427591336"
2030-05-21 12:00:00,"59,01990365234195","0,0","2431,0481688865448"
2030-05-21 13:00:00,"68,87777974569548","0,0","2499,713839679505"
2030-05-21 14:00:00,"70,90124842331346","0,0","2570,396988070306"
2030-05-21 15:00:00,"78,36813249590666","0,0","2648,5408534290036"
2030-05-21 16:00:00,"82,6420327625503","0,0","2730,951801002092"
2030-05-21 17:00:00,"83,63135394458072","0,0","2814,344879402035"
2030-05-21 18:00:00,"84,52241723535008","0,0","2898,6217450466575"
2030-05-21 19:00:00,"80,21977519992046","0,0","2978,5886154993227"
2030-05-21 20:00:00,"78,96249809727436","0,0","3057,291231739895"
2030-05-21 21:00:00,"80,36720850302208","0,0","3137,3916915829477"
2030-05-21 22:00:00,"90,11633758977115","0,0","3227,2342917476285"
2030-05-21 23:00:00,"105,65682229002256","0,0","3332,609537845696"
2030-05-22 00:00:00,"113,58824058999556","0,0","3445,907008253515"
2030-05-22 01:00:00,"112,7369498769209","0,0","3558,3433027439655"
2030-05-22 02:00:00,"109,37089953772693","0,0","3667,403736828528"
2030-05-22 03:00:00,"107,55568311872922","0,0","3774,639438971219"
2030-05-22 04:00:00,"87,83073837135748","0,0","3862,1408400515265"
2030-05-22 05:00:00,"66,15550171383299","0,0","3927,9593699770653"
2030-05-22 06:00:00,"62,70062118809692","0,0","3990,317276710132"
2030-05-22 07:00:00,"64,48377150310998","0,0","4054,452893030849"
2030-05-22 08:00:00,"77,684463664622","0,0","4131,7836056805545"
2030-05-22 09:00:00,"81,94204199763229","0,0","4213,365149558591"
2030-05-22 10:00:00,"85,18494589885869","0,0","4298,182479348151"
2030-05-22 11:00:00,"88,9431358688365","0,0","4386,750598795664"
2030-05-22 12:00:00,"89,2076719275622","0,0","4475,575526733481"
2030-05-22 13:00:00,"95,51788193367132","0,0","4570,702914702445"
2030-05-22 14:00:00,"97,47729223088916","0,0","4667,781413104027"
2030-05-22 15:00:00,"99,60745567249259","0,0","4766,981604848226"
2030-05-22 16:00:00,"98,21683879730124","0,0","4864,782524500505"
2030-05-22 17:00:00,"91,2590926411738","0,0","4955,617164866417"
2030-05-22 18:00:00,"86,3100343486757","0,0","5041,494821617458"
2030-05-22 19:00:00,"84,30005730451451","0,0","5125,355008498786"
2030-05-22 20:00:00,"77,80113448021832","0,0","5202,708955754513"
2030-05-22 21:00:00,"75,65248873296092","0,0","5277,907508131084"
2030-05-22 22:00:00,"85,900529227779","0,0","5363,347539928778"
2030-05-22 23:00:00,"96,4102152330192","0,0","5459,289803088938"
2030-05-23 00:00:00,"52,27877596508117","0,0","5511,0922560187"
2030-05-23 01:00:00,"53,150722826160575","0,0","5563,762136045523"
2030-05-23 02:00:00,"52,65243421067356","0,0","5615,929132009826"
2030-05-23 03:00:00,"42,149076828927946","0,0","5657,588219021986"
2030-05-23 04:00:00,"2,714675756210056","0,0","5659,809270206088"
2030-05-23 05:00:00,"0,0","55,860087334521666","5603,455364512741"
2030-05-23 06:00:00,"0,0","95,05202065097853","5507,914442381209"
2030-05-23 07:00:00,"0,0","98,37062627398512","5409,063250572126"
2030-05-23 08:00:00,"0,0","89,16422850754634","5319,427081295968"
2030-05-23 09:00:00,"0,0","79,638502659055","5239,32445862407"
2030-05-23 10:00:00,"0,0","70,58238805801108","5168,284939507044"
2030-05-23 11:00:00,"0,0","63,89143152374396","5103,942575122328"
2030-05-23 12:00:00,"0,0","60,13455914442443","5043,362696988224"
2030-05-23 13:00:00,"0,0","56,65749786198518","4986,265165730927"
2030-05-23 14:00:00,"0,0","51,777084857489285","4934,053029237728"
2030-05-23 15:00:00,"0,0","49,68413546501921","4883,938397645908"
2030-05-23 16:00:00,"0,0","46,54114356452351","4836,97113045619"
2030-05-23 17:00:00,"0,0","43,19204275101305","4793,357061974044"
2030-05-23 18:00:00,"0,0","43,24351941936564","4749,695322151021"
2030-05-23 19:00:00,"0,0","41,26334490743858","4708,0175663267255"
2030-05-23 20:00:00,"0,0","27,661217283532068","4679,9455745105315"
2030-05-23 21:00:00,"0,0","15,285667752736174","4664,25158150642"
2030-05-23 22:00:00,"10,709192446495251","0,0","4674,553818002429"
2030-05-23 23:00:00,"38,674375117071435","0,0","4712,8203382988795"
2030-05-24 00:00:00,"56,34353715627873","0,0","4768,752681880642"
2030-05-24 01:00:00,"56,7135660036605","0,0","4825,050174212808"
2030-05-24 02:00:00,"59,57906775275232","0,0","4884,20825633786"
2030-05-24 03:00:00,"48,88140416089354","0,0","4932,663513328388"
2030-05-24 04:00:00,"2,185389299248385","0,0","4934,418527736098"
2030-05-24 05:00:00,"0,0","58,268318301951865","4875,719681417602"
2030-05-24 06:00:00,"0,0","90,61473677189196","4784,679538103506"
2030-05-24 07:00:00,"0,0","97,52849101443337","4686,733583799373"
2030-05-24 08:00:00,"0,0","77,0158474988892","4609,308818795297"
2030-05-24 09:00:00,"0,0","70,17887311863984","4538,727783482218"
2030-05-24 10:00:00,"0,0","63,4818109296676","4474,849968553442"
2030-05-24 11:00:00,"0,0","54,56749279421055","4419,892045099475"
2030-05-24 12:00:00,"0,0","54,53494287308024","4364,971466645459"
2030-05-24 13:00:00,"0,0","45,57828135778203","4319,012341527213"
2030-05-24 14:00:00,"0,0","42,39365489357266","4276,241852806842"
2030-05-24 15:00:00,"0,0","37,709358476552495","4238,159392228632"
2030-05-24 16:00:00,"0,0","31,315985810586653","4206,473627011073"
2030-05-24 17:00:00,"0,0","28,380719478447475","4177,72589270867"
2030-05-24 18:00:00,"0,0","30,065209377245253","4147,296176747286"
2030-05-24 19:00:00,"0,0","29,018398225017506","4117,9159269308475"
2030-05-24 20:00:00,"0,0","20,039201496591886","4097,517437269631"
2030-05-24 21:00:00,"0,0","6,834472491821259","4090,3254563814085"
2030-05-24 22:00:00,"16,17654855512393","0,0","4106,145124040463"
2030-05-24 23:00:00,"39,674753808937126","0,0","4145,461616687328"
2030-05-25 00:00:00,"27,611418787656277","0,0","4172,7113439489285"
2030-05-25 01:00:00,"28,12481886145821","0,0","4200,472093745627"
2030-05-25 02:00:00,"26,089015860772065","0,0","4226,194618416219"
2030-05-25 03:00:00,"13,135844044059382","0,0","4238,961726979821"
2030-05-25 04:00:00,"0,0","35,17100757149626","4203,420869997645"
2030-05-25 05:00:00,"0,0","113,68958048464953","4089,364541042088"
2030-05-25 06:00:00,"0,0","164,85343894214498","3924,1543050437376"
2030-05-25 07:00:00,"0,0","166,64945266255398","3757,162469918069"
2030-05-25 08:00:00,"0,0","150,78767668662715","3606,0469808059415"
2030-05-25 09:00:00,"0,0","136,0268432259054","3469,705509980961"
2030-05-25 10:00:00,"0,0","121,54609809515154","3347,8566800800636"
2030-05-25 11:00:00,"0,0","111,60915794068802","3235,955421644039"
2030-05-25 12:00:00,"0,0","105,64172114938981","3130,0313633841106"
2030-05-25 13:00:00,"0,0","100,34668837932406","3029,4115797683316"
2030-05-25 14:00:00,"0,0","92,71997104304731","2936,4272925649498"
2030-05-25 15:00:00,"0,0","90,49376746278728","2845,6773218208864"
2030-05-25 16:00:00,"0,0","87,96564196687916","2757,4633945076785"
2030-05-25 17:00:00,"0,0","85,97378741144882","2671,249018415059"
2030-05-25 18:00:00,"0,0","89,93253744850409","2581,083414489698"
2030-05-25 19:00:00,"0,0","91,9527041260684","2488,905510835715"
2030-05-25 20:00:00,"0,0","77,7484613029032","2410,9398925269916"
2030-05-25 21:00:00,"0,0","63,22622584832567","2347,503312173043"
2030-05-25 22:00:00,"0,0","28,766696456432555","2318,5317960526236"
2030-05-25 23:00:00,"9,418384807979663","0,0","2327,7478889613976"
2030-05-26 00:00:00,"66,86085521100983","0,0","2394,405648169096"
2030-05-26 01:00:00,"67,41517581870028","0,0","2461,6119120949934"
2030-05-26 02:00:00,"69,91694215500448","0,0","2531,314078610668"
2030-05-26 03:00:00,"60,57086879145916","0,0","2591,6640902487684"
2030-05-26 04:00:00,"20,02949604602611","0,0","2611,4674636029204"
2030-05-26 05:00:00,"0,0","30,22421081374347","2581,0154022529778"
2030-05-26 06:00:00,"0,0","58,82727301356854","2521,9629356455625"
2030-05-26 07:00:00,"0,0","66,14467762623974","2455,598216753188"
2030-05-26 08:00:00,"0,0","51,473971947400685","2403,909993861376"
2030-05-26 09:00:00,"0,0","46,563658981642334","2357,136593732769"
2030-05-26 10:00:00,"412,3153939829641","0,0","2769,24632754793"
2030-05-26 11:00:00,"1045,1073582185627","0,0","3814,1120690244143"
2030-05-26 12:00:00,"1045,1727716479402","0,0","4858,9520593943325"
2030-05-26 13:00:00,"1052,0719582336742","0,0","5910,600074060824"
2030-05-26 14:00:00,"1054,3931346126637","0,0","6964,477508817026"
2030-05-26 15:00:00,"1058,5842905106304","0,0","8022,454148665012"
2030-05-26 16:00:00,"1064,4278755255405","0,0","9086,182065066081"
2030-05-26 17:00:00,"0,0","0,0","9085,389295680905"
2030-05-26 18:00:00,"573,2614046216701","0,0","9657,858000086526"
2030-05-26 19:00:00,"0,0","7,55074870177188","9649,464603274248"
2030-05-26 20:00:00,"2,470191067319945","0,0","9651,092878554931"
2030-05-26 21:00:00,"14,153242729880674","0,0","9664,404063431159"
2030-05-26 22:00:00,"33,744230175114325","0,0","9697,30507435174"
2030-05-26 23:00:00,"53,34355376171192","0,0","9749,802538245714"
2030-05-27 00:00:00,"28,34877562745058","0,0","9777,300643601702"
2030-05-27 01:00:00,"28,867248040052402","0,0","9805,3148221606"
2030-05-27 02:00:00,"26,861745392148435","0,0","9831,321053834516"
2030-05-27 03:00:00,"13,98273566568119","0,0","9844,44600673825"
2030-05-27 04:00:00,"0,0","34,0339281993771","9809,553150624786"
2030-05-27 05:00:00,"0,0","111,9494263206077","9696,747840791788"
2030-05-27 06:00:00,"0,0","0,0","9695,901799542678"
2030-05-27 07:00:00,"0,0","110,74323363132709","9584,312598479342"
2030-05-27 08:00:00,"0,0","148,96175087318744","9434,514616331937"
2030-05-27 09:00:00,"0,0","134,34870067685074","9299,342754254812"
2030-05-27 10:00:00,"0,0","120,01249796087535","9178,518888638628"
2030-05-27 11:00:00,"0,0","110,16808161307586","9067,549981252518"
2030-05-27 12:00:00,"0,0","104,26005110384222","8962,498786412812"
2030-05-27 13:00:00,"0,0","0,0","8961,716808393698"
2030-05-27 14:00:00,"0,0","91,46567766836878","8869,469220933795"
2030-05-27 15:00:00,"0,0","0,0","8868,69535974427"
2030-05-27 16:00:00,"0,0","86,68806775671862","8781,233498317413"
2030-05-27 17:00:00,"0,0","84,64967107004367","8695,817664624643"
2030-05-27 18:00:00,"0,0","88,49358105884804","8606,565373474556"
2030-05-27 19:00:00,"0,0","90,3936805806157","8515,420770065104"
2030-05-27 20:00:00,"0,0","76,19269659776711","8438,485103005149"
2030-05-27 21:00:00,"0,0","61,735249301545764","8376,013595878365"
2030-05-27 22:00:00,"0,0","27,53807431324509","8347,74471437888"
2030-05-27 23:00:00,"10,3174333647612","0,0","8357,333807017312"
2030-05-28 00:00:00,"44,62045301251439","0,0","8401,225082655164"
2030-05-28 01:00:00,"55,64385791626515","0,0","8456,135933682968"
2030-05-28 02:00:00,"52,3142150521698","0,0","8507,712350874923"
2030-05-28 03:00:00,"49,07938646642725","0,0","8556,049439438735"
2030-05-28 04:00:00,"17,779338228811127","0,0","8573,082262353955"
2030-05-28 05:00:00,"0,0","33,226263306774","8539,10799761979"
2030-05-28 06:00:00,"0,0","57,00347329070226","8481,359487156296"
2030-05-28 07:00:00,"0,0","50,51343700911437","8430,106051531928"
2030-05-28 08:00:00,"0,0","46,73355066794619","8382,636974110985"
2030-05-28 09:00:00,"0,0","37,104614518607235","8344,800974516387"
2030-05-28 10:00:00,"0,0","10,340928098562312","8333,7319625328"
2030-05-28 11:00:00,"0,0","11,949245016911362","8321,055599402158"
2030-05-28 12:00:00,"0,0","5,760528880609854","8314,5690584205"
2030-05-28 13:00:00,"6,191181224919632","0,0","8320,034793495073"
2030-05-28 14:00:00,"10,232233707304346","0,0","8329,541104166645"
2030-05-28 15:00:00,"19,056550252117745","0,0","8347,870901957425"
2030-05-28 16:00:00,"19,81369136230623","0,0","8366,956241583535"
2030-05-28 17:00:00,"22,009885208802814","0,0","8388,23610986026"
2030-05-28 18:00:00,"18,24820609849732","0,0","8405,75244235817"
2030-05-28 19:00:00,"7,984342916757782","0,0","8413,003383374333"
2030-05-28 20:00:00,"6,120651522379177","0,0","8418,390000351512"
2030-05-28 21:00:00,"12,825915498932915","0,0","8430,481411322915"
2030-05-28 22:00:00,"33,100596961536084","0,0","8462,846448781313"
2030-05-28 23:00:00,"63,969055410087435","0,0","8526,077120838743"
2030-05-29 00:00:00,"112,75778149700201","0,0","8638,091002106952"
2030-05-29 01:00:00,"111,88552528359563","0,0","8749,222853950614"
2030-05-29 02:00:00,"108,39655618437726","0,0","8856,856040440985"
2030-05-29 03:00:00,"106,55601405280018","0,0","8962,639293804257"
2030-05-29 04:00:00,"86,29600398174914","0,0","9048,153307507622"
2030-05-29 05:00:00,"64,00675602026294","0,0","9111,370612151804"
2030-05-29 06:00:00,"60,475763127762264","0,0","9171,051408193656"
2030-05-29 07:00:00,"62,294461991832094","0,0","9232,545695950124"
2030-05-29 08:00:00,"75,91745873828042","0,0","9307,657615076434"
2030-05-29 09:00:00,"80,32058161039369","0,0","9387,166103559914"
2030-05-29 10:00:00,"83,65097605892306","0,0","9469,998049376301"
2030-05-29 11:00:00,"87,53463305169907","0,0","9556,706425098193"
2030-05-29 12:00:00,"87,80605494770793","0,0","9643,678657410312"
2030-05-29 13:00:00,"94,21741148637926","0,0","9737,054657933832"
2030-05-29 14:00:00,"96,23300675577447","0,0","9832,438106670701"
2030-05-29 15:00:00,"98,42143912609146","0,0","9930,001665571986"
2030-05-29 16:00:00,"97,01112933294583","0,0","10026,146402259612"
2030-05-29 17:00:00,"89,92959442347701","0,0","10115,201215409492"
2030-05-29 18:00:00,"84,84162496181615","0,0","10199,160289065265"
2030-05-29 19:00:00,"82,79442109914136","0,0","10281,064833429185"
2030-05-29 20:00:00,"76,11112680664942","0,0","10356,278937329118"
2030-05-29 21:00:00,"73,92980830131074","0,0","10429,305160293146"
2030-05-29 22:00:00,"84,49775690386375","0,0","10512,892960321775"
2030-05-29 23:00:00,"107,93300971285802","0,0","10619,908720123845"
2030-05-30 00:00:00,"121,02034253287027","0,0","10740,002475620886"
2030-05-30 01:00:00,"119,19034205816057","0,0","10858,255752463048"
2030-05-30 02:00:00,"118,69557648377263","0,0","10976,00394613242"
2030-05-30 03:00:00,"118,57240141817222","0,0","11093,618691206291"
2030-05-30 04:00:00,"105,27638038649931","0,0","11197,927153361983"
2030-05-30 05:00:00,"80,01782546853602","0,0","11276,967959686388"
2030-05-30 06:00:00,"88,34115555293964","0,0","11364,325199784846"
2030-05-30 07:00:00,"83,85763764509035","0,0","11447,191300056256"
2030-05-30 08:00:00,"96,15167863895714","0,0","11542,344211254283"
2030-05-30 09:00:00,"95,55234188627978","0,0","11636,88948360813"
2030-05-30 10:00:00,"95,83862365095732","0,0","11731,712788651645"
2030-05-30 11:00:00,"97,59064827095214","0,0","11828,279844981787"
2030-05-30 12:00:00,"99,06710693840591","0,0","11926,314934503718"
2030-05-30 13:00:00,"106,34712768036414","0,0","12031,621491206048"
2030-05-30 14:00:00,"105,8601706324817","0,0","12136,431902863424"
2030-05-30 15:00:00,"108,64999547563946","0,0","12244,02299465554"
2030-05-30 16:00:00,"109,75657882681637","0,0","12352,711282476072"
2030-05-30 17:00:00,"104,51467134572597","0,0","12456,1481797624"
2030-05-30 18:00:00,"102,17448968551187","0,0","12557,23587051923"
2030-05-30 19:00:00,"97,57086316012652","0,0","12653,711114849653"
2030-05-30 20:00:00,"93,44318135099294","0,0","12746,050259905876"
2030-05-30 21:00:00,"95,59339547964036","0,0","12840,53156250034"
2030-05-30 22:00:00,"98,49654017974888","0,0","12937,907766301261"
2030-05-30 23:00:00,"72,60782030666881","0,0","13009,386754155319"
2030-05-31 00:00:00,"74,24914343571385","0,0","13082,500828596734"
2030-05-31 01:00:00,"74,9147912349862","0,0","13156,274171634424"
2030-05-31 02:00:00,"77,13977333870935","0,0","13232,26606005166"
2030-05-31 03:00:00,"68,70198103877065","0,0","13299,81352587669"
2030-05-31 04:00:00,"32,54494911246218","0,0","13331,19806625902"
2030-05-31 05:00:00,"0,0","10,69388435514702","13319,341034872592"
2030-05-31 06:00:00,"0,0","36,7539445602842","13281,424977807017"
2030-05-31 07:00:00,"0,0","44,41724734372971","13235,848926133973"
2030-05-31 08:00:00,"0,0","33,58603324854192","13201,108065066624"
2030-05-31 09:00:00,"0,0","29,906368714955136","13170,049899672993"
2030-05-31 10:00:00,"0,0","25,83977238061044","13143,061040438637"
2030-05-31 11:00:00,"0,0","20,525065533563748","13121,389242829295"
2030-05-31 12:00:00,"0,0","20,450550179359453","13099,793851438499"
2030-05-31 13:00:00,"0,0","14,984356562435693","13083,666537862526"
2030-05-31 14:00:00,"0,0","13,21908912211245","13069,305898834986"
2030-05-31 15:00:00,"0,0","9,409973283203243","13058,755628612109"
2030-05-31 16:00:00,"0,0","3,8855749554192585","13053,730677228094"
2030-05-31 17:00:00,"0,5868208093656335","0,0","13053,17856003587"
2030-05-31 18:00:00,"2,7735266087801733","0,0","13054,813196815288"
2030-05-31 19:00:00,"7,628070306361991","0,0","13061,30223467023"
2030-05-31 20:00:00,"18,400488755754395","0,0","13078,563124806009"
2030-05-31 21:00:00,"29,12060562828931","0,0","13106,54262580166"
2030-05-31 22:00:00,"46,29848253167361","0,0","13151,697562489233"
2030-05-31 23:00:00,"95,92637608561175","0,0","13246,476452962517"
2030-06-01 00:00:00,"15,428485158229194","0,0","13260,749183050226"
2030-06-01 01:00:00,"15,714604825595075","0,0","13275,3067875096"
2030-06-01 02:00:00,"12,791946518246618","0,0","13286,940463510637"
2030-06-01 03:00:00,"0,0","1,3529661420516277","13284,428211813145"
2030-06-01 04:00:00,"0,0","53,84744898113087","13229,421696470534"
2030-06-01 05:00:00,"0,0","142,18118554196275","13086,086243885555"
2030-06-01 06:00:00,"0,0","199,42780623397368","12885,516676626801"
2030-06-01 07:00:00,"0,0","200,70149010273758","12683,690925194029"
2030-06-01 08:00:00,"0,0","181,3721148265983","12501,212158334209"
2030-06-01 09:00:00,"0,0","163,94885702613266","12336,172570547262"
2030-06-01 10:00:00,"0,0","146,64655339547812","12188,449686095004"
2030-06-01 11:00:00,"0,0","135,07481879808404","12052,311425061807"
2030-06-01 12:00:00,"0,0","127,95937851470313","11923,300482375269"
2030-06-01 13:00:00,"0,0","121,74599661329921","11800,514177794883"
2030-06-01 14:00:00,"0,0","112,70519978380258","11686,779383149067"
2030-06-01 15:00:00,"0,0","110,39322610315412","11575,366485544735"
2030-06-01 16:00:00,"0,0","108,1388378384051","11466,217696980466"
2030-06-01 17:00:00,"0,0","106,75702826709596","11358,460241219307"
2030-06-01 18:00:00,"0,0","112,65765733244507","11244,811558230815"
2030-06-01 19:00:00,"0,0","116,65070062494647","11127,179747797412"
2030-06-01 20:00:00,"0,0","102,03545073789007","11024,173450626526"
2030-06-01 21:00:00,"0,0","86,46869879729627","10936,742892695662"
2030-06-01 22:00:00,"0,0","47,89712667164213","10887,891535206632"
2030-06-01 23:00:00,"28,054977164661622","0,0","10914,996543834848"
2030-06-02 00:00:00,"51,41928910168292","0,0","10965,463499488082"
2030-06-02 01:00:00,"52,283444150742255","0,0","11016,790206948494"
2030-06-02 02:00:00,"51,73815219579188","0,0","11067,56714419873"
2030-06-02 03:00:00,"41,147941332436744","0,0","11107,749440297835"
2030-06-02 04:00:00,"1,3936876731233099","0,0","11108,173976832293"
2030-06-02 05:00:00,"0,0","57,87640355814216","11049,328385094672"
2030-06-02 06:00:00,"0,0","97,47500076534635","10950,889330427726"
2030-06-02 07:00:00,"0,0","100,72854622293443","10849,205319110713"
2030-06-02 08:00:00,"0,0","0,0","10848,258725946622"
2030-06-02 09:00:00,"566,3169409230309","0,0","11413,629156295814"
2030-06-02 10:00:00,"522,9047672700231","0,0","11935,53808442195"
2030-06-02 11:00:00,"1014,2072655446535","0,0","12948,70397426874"
2030-06-02 12:00:00,"888,3129643921238","0,0","13835,887164239108"
2030-06-02 13:00:00,"434,09155451272204","0,0","14268,771537596751"
2030-06-02 14:00:00,"1026,549284960742","0,0","15294,075872240837"
2030-06-02 15:00:00,"1028,6467282454767","0,0","16321,388192366461"
2030-06-02 16:00:00,"0,0","0,0","16319,964151246677"
2030-06-02 17:00:00,"0,0","44,703308652992405","16273,836925721489"
2030-06-02 18:00:00,"0,0","44,88906736921666","16227,527966080503"
2030-06-02 19:00:00,"0,0","43,04899999896162","16183,0631142665"
2030-06-02 20:00:00,"1031,2323212109386","0,0","17212,88346322072"
2030-06-02 21:00:00,"1062,7871611379667","0,0","18274,168800276522"
2030-06-02 22:00:00,"1089,0794795233292","0,0","19361,65385857203"
2030-06-02 23:00:00,"1117,4111335216137","0,0","20477,375687794483"
2030-06-03 00:00:00,"1149,3975040721784","0,0","21624,9865408379"
2030-06-03 01:00:00,"1149,9923283294088","0,0","22773,09208909162"
2030-06-03 02:00:00,"1152,3891288370091","0,0","23923,494265643858"
2030-06-03 03:00:00,"1143,3816332860995","0,0","25064,78857405528"
2030-06-03 04:00:00,"801,5011176233779","0,0","25864,102788875574"
2030-06-03 05:00:00,"1056,8550970055194","0,0","26918,701242912764"
2030-06-03 06:00:00,"1029,20005032214","0,0","27945,55263655146"
2030-06-03 07:00:00,"1021,7499997535963","0,0","28964,86438683752"
2030-06-03 08:00:00,"1034,9943973050795","0,0","29997,331599724846"
2030-06-03 09:00:00,"1039,449926776005","0,0","31034,164259318775"
2030-06-03 10:00:00,"1044,1971165314314","0,0","32075,65364501858"
2030-06-03 11:00:00,"1050,4114035573089","0,0","33123,266447795366"
2030-06-03 12:00:00,"1050,4805581239505","0,0","34170,857000921744"
2030-06-03 13:00:00,"1056,8432715746012","0,0","35224,71886522302"
2030-06-03 14:00:00,"1058,9598637400638","0,0","36280,60537224209"
2030-06-03 15:00:00,"842,3036526647196","0,0","37119,74354208808"
2030-06-03 16:00:00,"0,0","0,0","37116,504844464034"
2030-06-03 17:00:00,"0,0","6,959164576112329","37106,307264840245"
2030-06-03 18:00:00,"0,0","5,752568604689571","37097,317170926704"
2030-06-03 19:00:00,"0,0","1,8573795246530267","37092,22305047889"
2030-06-03 20:00:00,"8,445781874450773","0,0","37097,432535892185"
2030-06-03 21:00:00,"19,773999053222212","0,0","37113,96978395665"
2030-06-03 22:00:00,"38,46015192731278","0,0","37149,19174202032"
2030-06-03 23:00:00,"56,97452424317494","0,0","37202,924999284"
2030-06-04 00:00:00,"103,07102962902978","0,0","37302,75007370684"
2030-06-04 01:00:00,"104,26379259370344","0,0","37403,75920135661"
2030-06-04 02:00:00,"108,34712646900027","0,0","37508,842849835295"
2030-06-04 03:00:00,"103,97606504730885","0,0","37609,54626834396"
2030-06-04 04:00:00,"88,61196647826877","0,0","37694,876801910315"
2030-06-04 05:00:00,"71,6060708062345","0,0","37763,193994715584"
2030-06-04 06:00:00,"71,1988334112947","0,0","37831,09798945084"
2030-06-04 07:00:00,"64,34219856121956","0,0","37892,139424712484"
2030-06-04 08:00:00,"70,44178996058642","0,0","37959,27512550826"
2030-06-04 09:00:00,"73,1805311151453","0,0","38029,14370986871"
2030-06-04 10:00:00,"69,61861589192938","0,0","38095,444282971956"
2030-06-04 11:00:00,"78,59200634201119","0,0","38170,71246180028"
2030-06-04 12:00:00,"83,6196504983622","0,0","38251,00171763635"
2030-06-04 13:00:00,"90,09925027960568","0,0","38337,76356801609"
2030-06-04 14:00:00,"89,07776046680257","0,0","38423,496358611585"
2030-06-04 15:00:00,"97,31103534563256","0,0","38517,45494389993"
2030-06-04 16:00:00,"103,04332935452473","0,0","38617,1376253106"
2030-06-04 17:00:00,"104,8452029253111","0,0","38718,6134829781"
2030-06-04 18:00:00,"107,17953254127633","0,0","38822,41481649299"
2030-06-04 19:00:00,"105,31329272624411","0,0","38924,34085352649"
2030-06-04 20:00:00,"103,91656818535773","0,0","39024,861272972375"
2030-06-04 21:00:00,"105,3784554419446","0,0","39126,83480926826"
2030-06-04 22:00:00,"109,51919456913011","0,0","39232,94018750028"
2030-06-04 23:00:00,"119,7795934118653","0,0","39349,296706880785"
2030-06-05 00:00:00,"120,52578050452823","0,0","39466,389261247634"
2030-06-05 01:00:00,"119,16387089298007","0,0","39582,10968967757"
2030-06-05 02:00:00,"116,65295685319626","0,0","39695,30910746034"
2030-06-05 03:00:00,"116,64272862947635","0,0","39808,488420370195"
2030-06-05 04:00:00,"103,03484436683482","0,0","39908,049974122354"
2030-06-05 05:00:00,"90,56597965872615","0,0","39995,13397642084"
2030-06-05 06:00:00,"97,66843783190794","0,0","40089,312838813305"
2030-06-05 07:00:00,"88,1176497463739","0,0","40173,9326960145"
2030-06-05 08:00:00,"98,10832491590116","0,0","40268,53584530267"
2030-06-05 09:00:00,"99,74703980579245","0,0","40364,76945535596"
2030-06-05 10:00:00,"101,54631137158569","0,0","40462,79394059257"
2030-06-05 11:00:00,"103,45826663320494","0,0","40562,721828454465"
2030-06-05 12:00:00,"103,3100190625823","0,0","40662,49275003752"
2030-06-05 13:00:00,"108,46093985023583","0,0","40767,40588739532"
2030-06-05 14:00:00,"108,70498232889487","0,0","40872,55391356054"
2030-06-05 15:00:00,"111,68733086387125","0,0","40980,67511409545"
2030-06-05 16:00:00,"111,65716296853398","0,0","41088,756713160285"
2030-06-05 17:00:00,"105,66314033885281","0,0","41190,834859475915"
2030-06-05 18:00:00,"102,32353803042754","0,0","41289,56449716485"
2030-06-05 19:00:00,"101,92787901925382","0,0","41387,88986168173"
2030-06-05 20:00:00,"96,2436192276131","0,0","41480,52238751892"
2030-06-05 21:00:00,"94,84117977763398","0,0","41571,744391718246"
2030-06-05 22:00:00,"99,7406776795587","0,0","41667,857934699634"
2030-06-05 23:00:00,"106,5213203595589","0,0","41770,74373445439"
2030-06-06 00:00:00,"68,46122976158134","0,0","41835,56046682514"
2030-06-06 01:00:00,"69,0416077481228","0,0","41900,95192192253"
2030-06-06 02:00:00,"71,48566406252924","0,0","41968,781727929876"
2030-06-06 03:00:00,"62,33952780050984","0,0","42027,45947952463"
2030-06-06 04:00:00,"22,74233793169907","0,0","42046,53492161674"
2030-06-06 05:00:00,"0,0","25,978024359156166","42016,88833708567"
2030-06-06 06:00:00,"0,0","54,02555912064662","41959,19680445761"
2030-06-06 07:00:00,"0,0","61,41191980474633","41894,12394473168"
2030-06-06 08:00:00,"0,0","47,5938855658529","41842,87479685165"
2030-06-06 09:00:00,"0,0","42,95901943510211","41796,26498659052"
2030-06-06 10:00:00,"0,0","38,038469784377725","41754,57979268606"
2030-06-06 11:00:00,"0,0","31,608372035161977","41719,32833356399"
2030-06-06 12:00:00,"0,0","31,539313618108054","41684,14900854878"
2030-06-06 13:00:00,"0,0","24,952011949474667","41655,56005459831"
2030-06-06 14:00:00,"0,0","22,75564598787048","41629,16996099568"
2030-06-06 15:00:00,"0,0","18,6445358931079","41606,893280023476"
2030-06-06 16:00:00,"0,0","12,874474353740425","41590,388604231055"
2030-06-06 17:00:00,"0,0","8,89980295382361","41577,860039871506"
2030-06-06 18:00:00,"0,0","7,932916067195293","41566,29945551583"
2030-06-06 19:00:00,"0,0","4,270762073564725","41558,40203381477"
2030-06-06 20:00:00,"5,913122455172385","0,0","41560,68918569249"
2030-06-06 21:00:00,"17,37965126784252","0,0","41574,44266682889"
2030-06-06 22:00:00,"36,44799432270804","0,0","41607,26329102891"
2030-06-06 23:00:00,"55,43420948206199","0,0","41659,06726678883"
2030-06-07 00:00:00,"76,03387301278056","0,0","41731,46638618258"
2030-06-07 01:00:00,"76,72403515047357","0,0","41804,54935089086"
2030-06-07 02:00:00,"78,87813354398729","0,0","41879,78003750398"
2030-06-07 03:00:00,"70,65393433083375","0,0","41946,77996102654"
2030-06-07 04:00:00,"35,56346777209441","0,0","41978,68357224704"
2030-06-07 05:00:00,"0,0","6,00276134050705","41969,01817076486"
2030-06-07 06:00:00,"0,0","31,46300869205706","41933,8933652374"
2030-06-07 07:00:00,"0,0","39,21935820756241","41891,01527483372"
2030-06-07 08:00:00,"0,0","29,274434913586646","41858,0858488374"
2030-06-07 09:00:00,"0,0","25,874383579070383","41828,55934726801"
2030-06-07 10:00:00,"0,0","22,071086702493858","41802,83871876247"
2030-06-07 11:00:00,"0,0","17,090289467353045","41782,1011316169"
2030-06-07 12:00:00,"0,0","17,015215206332954","41761,44042808684"
2030-06-07 13:00:00,"0,0","11,89390834180233","41745,90283406769"
2030-06-07 14:00:00,"0,0","10,253219940250347","41732,007284105166"
2030-06-07 15:00:00,"0,0","6,541239038586269","41721,824927431044"
2030-06-07 16:00:00,"0,0","1,0838449567022508","41717,10085324942"
2030-06-07 17:00:00,"3,5404238266624475","0,0","41717,001460026644"
2030-06-07 18:00:00,"6,098015138162907","0,0","41719,45966678742"
2030-06-07 19:00:00,"11,309402215211463","0,0","41727,12904614671"
2030-06-07 20:00:00,"22,26636799027432","0,0","41745,754722127705"
2030-06-07 21:00:00,"32,77030908083978","0,0","41774,882714109044"
2030-06-07 22:00:00,"49,36250831482485","0,0","41820,60036390706"
2030-06-07 23:00:00,"65,36926407385958","0,0","41882,32078059917"
2030-06-08 00:00:00,"54,437857086416784","0,0","41933,104405197475"
2030-06-08 01:00:00,"54,76844302774117","0,0","41984,214184865865"
2030-06-08 02:00:00,"57,692021406371296","0,0","42038,24308358461"
2030-06-08 03:00:00,"46,73622994315069","0,0","42081,311476818715"
2030-06-08 04:00:00,"0,0","1,054817600643105","42076,585064791725"
2030-06-08 05:00:00,"0,0","63,4070818597703","42009,50680088506"
2030-06-08 06:00:00,"0,0","96,45599965827131","41909,38547175841"
2030-06-08 07:00:00,"0,0","103,31676760078432","41802,41211027521"
2030-06-08 08:00:00,"0,0","81,66254367321238","41717,102306145374"
2030-06-08 09:00:00,"0,0","74,43945032277696","41639,02303864639"
2030-06-08 10:00:00,"0,0","67,46429533742628","41567,92573854884"
2030-06-08 11:00:00,"0,0","58,13149191317473","41506,167445114974"
2030-06-08 12:00:00,"0,0","58,108623912415965","41444,43740809298"
2030-06-08 13:00:00,"0,0","48,77534794081913","41392,0460329883"
2030-06-08 14:00:00,"0,0","45,416380545716095","41343,01819642621"
2030-06-08 15:00:00,"0,0","40,65439119107157","41298,7566268975"
2030-06-08 16:00:00,"0,0","34,14022125204693","41261,01308912975"
2030-06-08 17:00:00,"0,0","31,368786114570526","41226,04427962315"
2030-06-08 18:00:00,"0,0","33,48989318897668","41188,95741407078"
2030-06-08 19:00:00,"0,0","32,87940921458505","41152,484268321816"
2030-06-08 20:00:00,"0,0","24,081307123328628","41124,812406946075"
2030-06-08 21:00:00,"0,0","10,56988587659248","41110,65438118698"
2030-06-08 22:00:00,"13,058636693245063","0,0","41120,12611328547"
2030-06-08 23:00:00,"37,22077455891652","0,0","41153,759156841006"
2030-06-09 00:00:00,"43,95073763624572","0,0","41194,11922899082"
2030-06-09 01:00:00,"44,72387748666091","0,0","41235,248919574755"
2030-06-09 02:00:00,"43,75815926045351","0,0","41275,40930336698"
2030-06-09 03:00:00,"32,418555222343386","0,0","41304,2265791276"
2030-06-09 04:00:00,"0,0","10,089154062855698","41290,533631295715"
2030-06-09 05:00:00,"0,0","75,41041160153583","41211,520620634845"
2030-06-09 06:00:00,"0,0","118,5754563454683","41089,34945911523"
2030-06-09 07:00:00,"0,0","121,28666544634012","40964,47774792858"
2030-06-09 08:00:00,"0,0","109,90613670298751","40850,99746054209"
2030-06-09 09:00:00,"0,0","98,64458711731976","40748,78862389633"
2030-06-09 10:00:00,"0,0","87,81504355827312","40657,41824853063"
2030-06-09 11:00:00,"0,0","80,04109532384635","40573,8297934646"
2030-06-09 12:00:00,"0,0","75,5610105829771","40494,728716232145"
2030-06-09 13:00:00,"0,0","71,4784856616156","40419,71706549004"
2030-06-09 14:00:00,"0,0","65,69548300729645","40350,494962168785"
2030-06-09 15:00:00,"0,0","63,564596218769964","40283,409785264565"
2030-06-09 16:00:00,"0,0","60,64067852895755","40219,25437923184"
2030-06-09 17:00:00,"0,0","57,77626826805829","40157,9689810192"
2030-06-09 18:00:00,"0,0","59,14101626833633","40095,324181957265"
2030-06-09 19:00:00,"0,0","58,51348093353329","40033,31238398885"
2030-06-09 20:00:00,"0,0","44,753801269339135","39985,065676214006"
2030-06-09 21:00:00,"0,0","31,644751725320134","39949,93222750844"
2030-06-09 22:00:00,"0,0","2,7662333608633674","39943,68036256073"
2030-06-09 23:00:00,"28,724075272501494","0,0","39968,9193517216"
2030-06-10 00:00:00,"47,966955545568425","0,0","40013,39901905373"
2030-06-10 01:00:00,"48,77990336067208","0,0","40058,68775334999"
2030-06-10 02:00:00,"48,018399642332284","0,0","40103,21103248584"
2030-06-10 03:00:00,"37,083996162426246","0,0","40136,79602348568"
2030-06-10 04:00:00,"0,0","3,9100115493078533","40129,38407648333"
2030-06-10 05:00:00,"0,0","65,9709800247634","40059,91180769789"
2030-06-10 06:00:00,"0,0","107,24771048696567","39949,168869905705"
2030-06-10 07:00:00,"0,0","110,29044964680037","39835,392855275"
2030-06-10 08:00:00,"0,0","99,9281393379423","39731,98907791044"
2030-06-10 09:00:00,"0,0","0,0","39728,522461863395"
2030-06-10 10:00:00,"0,0","0,0","39725,0561482786"
2030-06-10 11:00:00,"0,0","72,23692714327049","39649,353209986395"
2030-06-10 12:00:00,"0,0","68,09617142102806","39577,79763249779"
2030-06-10 13:00:00,"0,0","0,0","39574,34446965436"
2030-06-10 14:00:00,"1020,8219391087728","0,0","40591,71354720815"
2030-06-10 15:00:00,"0,0","56,82914312910157","40531,34277707206"
2030-06-10 16:00:00,"0,0","53,79551479998696","40474,01090261477"
2030-06-10 17:00:00,"0,0","50,686512316649726","40419,793032846865"
2030-06-10 18:00:00,"0,0","51,420759414189035","40364,84564649056"
2030-06-10 19:00:00,"0,0","50,1401364770075","40311,183677230896"
2030-06-10 20:00:00,"0,0","36,43879770436678","40271,227728750695"
2030-06-10 21:00:00,"0,0","23,68476159963069","40244,02930253173"
2030-06-10 22:00:00,"3,790927370762006","0,0","40244,30893834585"
2030-06-10 23:00:00,"33,55176123775286","0,0","40274,34938362873"
2030-06-11 00:00:00,"69,7626322326407","0,0","40340,59807887765"
2030-06-11 01:00:00,"77,10527057359587","0,0","40414,18363226886"
2030-06-11 02:00:00,"75,38790372020915","0,0","40486,045398467155"
2030-06-11 03:00:00,"71,74594813228819","0,0","40554,258939138424"
2030-06-11 04:00:00,"47,476765341767916","0,0","40598,19734538775"
2030-06-11 05:00:00,"8,122016687769559","0,0","40602,777169357134"
2030-06-11 06:00:00,"0,0","10,342890290145476","40588,891686758965"
2030-06-11 07:00:00,"0,0","4,837127345793817","40580,5131786135"
2030-06-11 08:00:00,"0,0","1,6238336337850683","40575,348695204884"
2030-06-11 09:00:00,"5,4260603808050405","0,0","40577,23455641203"
2030-06-11 10:00:00,"9,441757561359225","0,0","40583,13595025835"
2030-06-11 11:00:00,"283,52431600396994","0,0","40863,11938765066"
2030-06-11 12:00:00,"29,36007806478939","0,0","40888,914158548876"
2030-06-11 13:00:00,"39,46735981279966","0,0","40924,81396060134"
2030-06-11 14:00:00,"43,771667429082186","0,0","40965,01493801236"
2030-06-11 15:00:00,"50,92620513315556","0,0","41012,36694559218"
2030-06-11 16:00:00,"52,5287909741231","0,0","41061,3174075503"
2030-06-11 17:00:00,"53,65974315273942","0,0","41111,39455075923"
2030-06-11 18:00:00,"50,75536270045828","0,0","41158,562944285135"
2030-06-11 19:00:00,"43,8223925400432","0,0","41198,79425220829"
2030-06-11 20:00:00,"42,74071310637089","0,0","41237,94037051616"
2030-06-11 21:00:00,"47,961866833708484","0,0","41282,30422705254"
2030-06-11 22:00:00,"63,1829978352782","0,0","41341,885343844006"
2030-06-11 23:00:00,"86,16272362363401","0,0","41424,440987971386"
2030-06-12 00:00:00,"97,66353936056332","0,0","41518,49024485575"
2030-06-12 01:00:00,"96,35642704691128","0,0","41611,2241836288"
2030-06-12 02:00:00,"90,23747928024163","0,0","41697,83108359903"
2030-06-12 03:00:00,"88,0342531853031","0,0","41782,22720102229"
2030-06-12 04:00:00,"58,074236199959955","0,0","41836,655937898955"
2030-06-12 05:00:00,"24,766816011546695","0,0","41857,772505679925"
2030-06-12 06:00:00,"20,165878929027855","0,0","41874,28629395783"
2030-06-12 07:00:00,"1102,2310956380122","0,0","42972,863858116696"
2030-06-12 08:00:00,"1124,0385973272855","0,0","44093,15307307236"
2030-06-12 09:00:00,"725,9425263420592","0,0","44815,248471808794"
2030-06-12 10:00:00,"56,379578673374226","0,0","44867,71792005301"
2030-06-12 11:00:00,"62,61765455310285","0,0","44926,42086621759"
2030-06-12 12:00:00,"219,9827354533782","0,0","45142,48377145039"
2030-06-12 13:00:00,"71,13858493474304","0,0","45209,683674676075"
2030-06-12 14:00:00,"1154,0235684587578","0,0","46359,76269823422"
2030-06-12 15:00:00,"1157,2413409271398","0,0","47512,959149865936"
2030-06-12 16:00:00,"75,69811888278585","0,0","47584,511763062896"
2030-06-12 17:00:00,"66,25611326097828","0,0","47646,61612767255"
2030-06-12 18:00:00,"58,6325639109902","0,0","47701,0915243264"
2030-06-12 19:00:00,"56,048150002528985","0,0","47752,97775409343"
2030-06-12 20:00:00,"45,82220323753336","0,0","47794,63351002192"
2030-06-12 21:00:00,"42,95161211246919","0,0","47833,41504036064"
2030-06-12 22:00:00,"59,44761536583397","0,0","47888,6891902642"
2030-06-12 23:00:00,"76,29417142818141","0,0","47960,805073560536"
2030-06-13 00:00:00,"57,107549361178684","0,0","48013,728042679046"
2030-06-13 01:00:00,"57,49262246550421","0,0","48067,03146737283"
2030-06-13 02:00:00,"60,33164160894623","0,0","48123,16926048625"
2030-06-13 03:00:00,"49,73263490603412","0,0","48168,7031488743"
2030-06-13 04:00:00,"3,481457356835108","0,0","48167,981886881396"
2030-06-13 05:00:00,"0,0","56,22538734167398","48107,55384312009"
2030-06-13 06:00:00,"0,0","88,29560467259657","48015,060854374686"
2030-06-13 07:00:00,"0,0","95,23553353230545","47915,636006782835"
2030-06-13 08:00:00,"0,0","75,15867627849158","47836,29669126275"
2030-06-13 09:00:00,"0,0","68,46819149152094","47763,65478288492"
2030-06-13 10:00:00,"0,0","61,88253620201772","47697,6048678031"
2030-06-13 11:00:00,"0,0","53,12981053594143","47640,31344124245"
2030-06-13 12:00:00,"0,0","53,094907749231425","47583,06191614547"
2030-06-13 13:00:00,"0,0","44,28759207846804","47534,62270191482"
2030-06-13 14:00:00,"0,0","41,16755992443018","47489,30774615965"
2030-06-13 15:00:00,"0,0","36,51782792285218","47448,646476135946"
2030-06-13 16:00:00,"0,0","30,16613533921634","47414,34044639168"
2030-06-13 17:00:00,"0,0","27,166331767054487","47383,03721342068"
2030-06-13 18:00:00,"0,0","28,68135922557377","47350,22168419824"
2030-06-13 19:00:00,"0,0","27,464989483479968","47318,62538787281"
2030-06-13 20:00:00,"0,0","18,411264057168353","47296,08557375055"
2030-06-13 21:00:00,"0,0","5,322318605814928","47286,636671678425"
2030-06-13 22:00:00,"17,441335224332732","0,0","47299,95224785316"
2030-06-13 23:00:00,"40,66354808000423","0,0","47336,48887509954"
2030-06-14 00:00:00,"71,7970527450353","0,0","47404,15581919022"
2030-06-14 01:00:00,"72,42883181371715","0,0","47472,448638408714"
2030-06-14 02:00:00,"74,74583743644678","0,0","47543,05250470146"
2030-06-14 03:00:00,"66,01274906579089","0,0","47604,917122436214"
2030-06-14 04:00:00,"28,39425066005481","0,0","47629,15784407734"
2030-06-14 05:00:00,"0,0","17,155923094829717","47607,84627696061"
2030-06-14 06:00:00,"0,0","44,0497958338552","47559,64269653909"
2030-06-14 07:00:00,"0,0","51,59341451084518","47503,89970320297"
2030-06-14 08:00:00,"0,0","39,5164444603555","47460,23854349351"
2030-06-14 09:00:00,"0,0","35,44101656664046","47420,65662111395"
2030-06-14 10:00:00,"0,0","31,011691590860977","47385,5074772329"
2030-06-14 11:00:00,"0,0","25,231706405441713","47356,14138530007"
2030-06-14 12:00:00,"0,0","25,158328404588417","47326,85123355961"
2030-06-14 13:00:00,"0,0","19,218771541480777","47303,503194248"
2030-06-14 14:00:00,"0,0","17,27356945507762","47282,10239413922"
2030-06-14 15:00:00,"0,0","13,334181614604404","47264,64284909073"
2030-06-14 16:00:00,"0,0","7,711051337014993","47252,80795766513"
2030-06-14 17:00:00,"0,0","3,450205330927332","47245,234944839896"
2030-06-14 18:00:00,"0,0","1,77480017375305","47239,3379979172"
2030-06-14 19:00:00,"2,5802478379351044","0,0","47237,796613514816"
2030-06-14 20:00:00,"13,101536844537009","0,0","47246,77665260482"
2030-06-14 21:00:00,"24,130390836134808","0,0","47266,78476217802"
2030-06-14 22:00:00,"42,110239978213755","0,0","47304,770975185726"
2030-06-14 23:00:00,"59,8008014637137","0,0","47360,444435381854"
2030-06-15 00:00:00,"75,61505554875606","0,0","47431,927292153625"
2030-06-15 01:00:00,"76,296924037762","0,0","47504,08578053515"
2030-06-15 02:00:00,"78,46622145696534","0,0","47578,40727050776"
2030-06-15 03:00:00,"70,19162328599599","0,0","47644,44767775941"
2030-06-15 04:00:00,"34,8531524447657","0,0","47675,1438521443"
2030-06-15 05:00:00,"0,0","7,113415177125205","47663,870780666075"
2030-06-15 06:00:00,"0,0","32,71764603663783","47626,99446190382"
2030-06-15 07:00:00,"0,0","40,454977230311755","47582,384029406705"
2030-06-15 08:00:00,"0,0","30,2907139146281","47547,941752485516"
2030-06-15 09:00:00,"0,0","26,82037840516648","47516,972816162444"
2030-06-15 10:00:00,"0,0","22,955263761787506","47489,871696522445"
2030-06-15 11:00:00,"0,0","17,89241647479355","47467,83578874213"
2030-06-15 12:00:00,"0,0","17,817689281694584","47445,87653078787"
2030-06-15 13:00:00,"0,0","12,615354029354819","47429,12152403121"
2030-06-15 14:00:00,"0,0","10,942069479589748","47414,041263698644"
2030-06-15 15:00:00,"0,0","7,209662444690338","47402,69472615369"
2030-06-15 16:00:00,"0,0","1,735102618896974","47396,82373841994"
2030-06-15 17:00:00,"2,854640828464369","0,0","47395,54300637723"
2030-06-15 18:00:00,"5,322331656933386","0,0","47396,73007690686"
2030-06-15 19:00:00,"10,44572789902142","0,0","47403,04044010668"
2030-06-15 20:00:00,"21,362343244280567","0,0","47420,26686807256"
2030-06-15 21:00:00,"31,92044396964542","0,0","47448,04989375797"
2030-06-15 22:00:00,"48,649683804161185","0,0","47492,5597352089"
2030-06-15 23:00:00,"64,81953909158705","0,0","47553,23554846359"
2030-06-16 00:00:00,"74,62514191504792","0,0","47623,71167057704"
2030-06-16 01:00:00,"75,29588159283955","0,0","47694,852383326615"
2030-06-16 02:00:00,"77,50483530600437","0,0","47768,19584276217"
2030-06-16 03:00:00,"69,11246577466926","0,0","47833,140533449565"
2030-06-16 04:00:00,"33,17828672673761","0,0","47862,14537866476"
2030-06-16 05:00:00,"0,0","9,708234784098892","47848,26117169637"
2030-06-16 06:00:00,"0,0","35,639722345857734","47808,44668856329"
2030-06-16 07:00:00,"0,0","43,322988505310434","47760,9524130844"
2030-06-16 08:00:00,"0,0","32,67946333779321","47724,105806648564"
2030-06-16 09:00:00,"0,0","29,060844276289004","47690,88103414064"
2030-06-16 10:00:00,"0,0","25,04894849284949","47661,67105627757"
2030-06-16 11:00:00,"0,0","19,804082603239465","47637,70849287467"
2030-06-16 12:00:00,"0,0","19,729335870421096","47613,82276693825"
2030-06-16 13:00:00,"0,0","14,336224060540559","47595,33223684129"
2030-06-16 14:00:00,"0,0","12,596204173919034","47578,58333992971"
2030-06-16 15:00:00,"0,0","8,80763015755224","47565,62447837576"
2030-06-16 16:00:00,"0,0","3,299336830194818","47558,17504080982"
2030-06-16 17:00:00,"1,2059255408560432","0,0","47555,231515578365"
2030-06-16 18:00:00,"3,4712677830612506","0,0","47554,55358941169"
2030-06-16 19:00:00,"8,400879545625457","0,0","47558,80533415664"
2030-06-16 20:00:00,"19,212105384391208","0,0","47573,86793377563"
2030-06-16 21:00:00,"29,886356270813792","0,0","47599,603470069225"
2030-06-16 22:00:00,"46,94142700546186","0,0","47642,39183167193"
2030-06-16 23:00:00,"63,51309033075822","0,0","47701,748123315374"
2030-06-17 00:00:00,"62,83333263299812","0,0","47760,419478424614"
2030-06-17 01:00:00,"63,31611602308513","0,0","47819,56849784821"
2030-06-17 02:00:00,"65,95575387379816","0,0","47881,351994370576"
2030-06-17 03:00:00,"56,08958593166797","0,0","47933,263932340735"
2030-06-17 04:00:00,"13,194179849238992","0,0","47942,27593491188"
2030-06-17 05:00:00,"0,0","40,97399110697984","47897,11898022958"
2030-06-17 06:00:00,"0,0","71,01501626878974","47821,92494032976"
2030-06-17 07:00:00,"0,0","78,18077459446693","47739,57170278425"
2030-06-17 08:00:00,"0,0","61,257457813678684","47674,148967339504"
2030-06-17 09:00:00,"0,0","55,60331715197884","47614,38608069012"
2030-06-17 10:00:00,"0,0","49,856859370674385","47560,374866133905"
2030-06-17 11:00:00,"0,0","42,27505297353167","47513,9501704533"
2030-06-17 12:00:00,"0,0","42,221886169000214","47467,58269213193"
2030-06-17 13:00:00,"0,0","34,53596699870934","47428,90517854333"
2030-06-17 14:00:00,"0,0","31,879841353060073","47392,88716521345"
2030-06-17 15:00:00,"0,0","27,502091703316182","47361,25004410496"
2030-06-17 16:00:00,"0,0","21,443702736420647","47335,6740723022"
2030-06-17 17:00:00,"0,0","17,952964487086206","47313,59107025231"
2030-06-17 18:00:00,"0,0","18,216715786966688","47291,24624364446"
2030-06-17 19:00:00,"0,0","15,766662405951593","47271,353420003754"
2030-06-17 20:00:00,"0,0","6,142456786920974","47261,086537630945"
2030-06-17 21:00:00,"6,128404277667414","0,0","47263,0914121082"
2030-06-17 22:00:00,"27,02909777503703","0,0","47285,99680515753"
2030-06-17 23:00:00,"48,11331010160845","0,0","47329,984412037884"
2030-06-18 00:00:00,"77,11599633870554","0,0","47402,97086723664"
2030-06-18 01:00:00,"79,55473794064184","0,0","47478,38969596912"
2030-06-18 02:00:00,"85,82278663833594","0,0","47560,06999310649"
2030-06-18 03:00:00,"77,58533485140097","0,0","47633,50571185099"
2030-06-18 04:00:00,"48,87422870383767","0,0","47678,223917181465"
2030-06-18 05:00:00,"14,00280218809337","0,0","47688,066794332786"
2030-06-18 06:00:00,"0,0","4,7860872726595005","47679,11992323232"
2030-06-18 07:00:00,"0,9790920807313057","0,0","47675,93901209975"
2030-06-18 08:00:00,"9,214472214479883","0,0","47680,99375863542"
2030-06-18 09:00:00,"15,4288637420552","0,0","47692,26245567203"
2030-06-18 10:00:00,"15,493512560971908","0,0","47703,594818333746"
2030-06-18 11:00:00,"29,379464299225603","0,0","47728,81214398507"
2030-06-18 12:00:00,"35,15623272128812","0,0","47759,8040378468"
2030-06-18 13:00:00,"46,18187373529675","0,0","47801,818868679795"
2030-06-18 14:00:00,"47,1780149059493","0,0","47844,82617488945"
2030-06-18 15:00:00,"55,8734187761046","0,0","47896,5251325818"
2030-06-18 16:00:00,"60,521107033173024","0,0","47952,867267797155"
2030-06-18 17:00:00,"62,04347939877377","0,0","48010,72685952681"
2030-06-18 18:00:00,"63,71054475912064","0,0","48070,24846836744"
2030-06-18 19:00:00,"56,893240559603356","0,0","48122,94757974819"
2030-06-18 20:00:00,"54,93468059223116","0,0","48173,68353316408"
2030-06-18 21:00:00,"56,41874576335957","0,0","48225,89912503918"
2030-06-18 22:00:00,"69,68894704012249","0,0","48291,38036238064"
2030-06-18 23:00:00,"90,78048233530527","0,0","48377,947421779325"
2030-06-19 00:00:00,"74,55939473039228","0,0","48448,28584059717"
2030-06-19 01:00:00,"73,5324566690393","0,0","48517,59118432662"
2030-06-19 02:00:00,"70,81821515380865","0,0","48584,1762396496"
2030-06-19 03:00:00,"59,49800444754719","0,0","48639,435274720236"
2030-06-19 04:00:00,"16,925411982796135","0,0","48652,11689597531"
2030-06-19 05:00:00,"0,0","34,37083537106071","48613,501163405075"
2030-06-19 06:00:00,"0,0","27,718714264726827","48581,54092116385"
2030-06-19 07:00:00,"0,0","30,345724906045234","48546,95645681243"
2030-06-19 08:00:00,"0,0","11,518966396737426","48531,20176846484"
2030-06-19 09:00:00,"5,837291267327828","0,0","48532,80471237787"
2030-06-19 10:00:00,"11,734134157839009","0,0","48540,304359324546"
2030-06-19 11:00:00,"20,68695692428315","0,0","48556,75617469348"
2030-06-19 12:00:00,"22,290730788629276","0,0","48574,81032850587"
2030-06-19 13:00:00,"31,67187671292308","0,0","48602,244053017625"
2030-06-19 14:00:00,"34,03878360697618","0,0","48632,04229083098"
2030-06-19 15:00:00,"36,2303408943924","0,0","48664,02948603549"
2030-06-19 16:00:00,"28,93508817671369","0,0","48688,718637639555"
2030-06-19 17:00:00,"21,681594744112772","0,0","48706,152141682534"
2030-06-19 18:00:00,"11,855857790941968","0,0","48713,75838769912"
2030-06-19 19:00:00,"4,940281662559926","0,0","48714,44839394235"
2030-06-19 20:00:00,"2,3507698924321403","0,0","48712,54882821241"
2030-06-19 21:00:00,"3,5767752525279946","0,0","48711,875433579684"
2030-06-19 22:00:00,"25,793380786246644","0,0","48733,418703234354"
2030-06-19 23:00:00,"50,507642534481135","0,0","48779,67435498698"
2030-06-20 00:00:00,"40,866087822049394","0,0","48816,284416221555"
2030-06-20 01:00:00,"41,595947479555406","0,0","48853,62114288579"
2030-06-20 02:00:00,"40,44516674732887","0,0","48889,8038311884"
2030-06-20 03:00:00,"28,79838352327735","0,0","48914,33657932741"
2030-06-20 04:00:00,"0,0","14,829571565361562","48895,23923189551"
2030-06-20 05:00:00,"0,0","82,649090671296","48808,32403160124"
2030-06-20 06:00:00,"0,0","127,30172504030924","48676,76378028918"
2030-06-20 07:00:00,"0,0","129,81063488001888","48542,706097769325"
2030-06-20 08:00:00,"0,0","117,60578787100258","48420,86495879129"
2030-06-20 09:00:00,"0,0","105,69437509086242","48310,94586323277"
2030-06-20 10:00:00,"0,0","94,19521989824963","48212,53551330796"
2030-06-20 11:00:00,"0,0","86,01636265240057","48122,31260693202"
2030-06-20 12:00:00,"0,0","81,26312532294514","48036,85080983412"
2030-06-20 13:00:00,"0,0","76,95443161274142","47955,70516298822"
2030-06-20 14:00:00,"0,0","70,82982368408398","47880,69120402866"
2030-06-20 15:00:00,"0,0","68,68416309666665","47807,82945062444"
2030-06-20 16:00:00,"0,0","65,83766788642566","47737,82054961845"
2030-06-20 17:00:00,"0,0","63,14578970496507","47670,509635070535"
2030-06-20 18:00:00,"0,0","65,00091192659045","47601,349471178284"
2030-06-20 19:00:00,"0,0","64,87256583820823","47532,32368759871"
2030-06-20 20:00:00,"0,0","51,04463043446552","47477,131861922506"
2030-06-20 21:00:00,"0,0","37,665299445807534","47435,32418272175"
2030-06-20 22:00:00,"0,0","7,724769774213996","47423,4606809126"
2030-06-20 23:00:00,"25,05528618230798","0,0","47444,3782701505"
2030-06-21 00:00:00,"66,86085521100983","0,0","47507,099603357434"
2030-06-21 01:00:00,"67,41517581870028","0,0","47570,36978473574"
2030-06-21 02:00:00,"69,91694215500448","0,0","47636,13621212703"
2030-06-21 03:00:00,"60,57086879145916","0,0","47692,55082803398"
2030-06-21 04:00:00,"20,02949604602611","0,0","47708,41914902026"
2030-06-21 05:00:00,"0,0","30,22421081374347","47674,03237863576"
2030-06-21 06:00:00,"0,0","58,82727301356854","47611,04554629716"
2030-06-21 07:00:00,"0,0","66,14467762623974","47540,746804947004"
2030-06-21 08:00:00,"0,0","51,473971947400685","47485,12490284087"
2030-06-21 09:00:00,"0,0","46,563658981642334","47434,41816671145"
2030-06-21 10:00:00,"0,0","41,407468911589376","47388,87204481482"
2030-06-21 11:00:00,"0,0","34,65937425171904","47350,07799147719"
2030-06-21 12:00:00,"0,0","34,59396082234167","47311,3527363501"
2030-06-21 13:00:00,"0,0","27,69477423660757","47279,53004658724"
2030-06-21 14:00:00,"0,0","25,37359785761805","47250,031309733065"
2030-06-21 15:00:00,"0,0","21,18244195965147","47224,72630254164"
2030-06-21 16:00:00,"0,0","15,338856944741423","47205,267088227"
2030-06-21 17:00:00,"0,0","11,500743848407723","47189,64768482515"
2030-06-21 18:00:00,"0,0","10,877314814039806","47174,65307325061"
2030-06-21 19:00:00,"0,0","7,55074870177188","47162,98633606819"
2030-06-21 20:00:00,"2,470191067319945","0,0","47161,34155657769"
2030-06-21 21:00:00,"14,153242729880674","0,0","47171,37997225676"
2030-06-21 22:00:00,"33,744230175114325","0,0","47201,00849952929"
2030-06-21 23:00:00,"53,34355376171192","0,0","47250,233765299425"
2030-06-22 00:00:00,"71,20942789713578","0,0","47317,320610300536"
2030-06-22 01:00:00,"71,83113889808611","0,0","47385,023312975376"
2030-06-22 02:00:00,"74,16940001891979","0,0","47455,058369710234"
2030-06-22 03:00:00,"65,3594691642371","0,0","47516,27738503171"
2030-06-22 04:00:00,"27,39662337320425","0,0","47539,52821320307"
2030-06-22 05:00:00,"0,0","18,7196868038522","47516,660702562614"
2030-06-22 06:00:00,"0,0","45,82312149462638","47466,69175242169"
2030-06-22 07:00:00,"0,0","53,342128134598624","47409,20815543169"
2030-06-22 08:00:00,"0,0","40,943400496470815","47364,128301523655"
2030-06-22 09:00:00,"0,0","36,76248849568418","47323,23329283367"
2030-06-22 10:00:00,"0,0","32,24702371385686","47286,85731701501"
2030-06-22 11:00:00,"0,0","26,346933842211627","47256,38460487189"
2030-06-22 12:00:00,"0,0","26,274847963455187","47225,98663735166"
2030-06-22 13:00:00,"0,0","20,221762713912995","47201,64440730365"
2030-06-22 14:00:00,"0,0","18,227608560536737","47179,298455268574"
2030-06-22 15:00:00,"0,0","14,261140128159099","47160,92092135019"
2030-06-22 16:00:00,"0,0","8,608287944322683","47148,19784305548"
2030-06-22 17:00:00,"0,0","4,397629057156195","47139,686533736516"
2030-06-22 18:00:00,"0,0","2,8499476387721074","47132,723648447674"
2030-06-22 19:00:00,"1,378456917328009","0,0","47129,98977522668"
2030-06-22 20:00:00,"11,840763319654684","0,0","47137,718446938445"
2030-06-22 21:00:00,"22,9524576485355","0,0","47156,55813865249"
2030-06-22 22:00:00,"41,12368133440984","0,0","47193,567410289295"
2030-06-22 23:00:00,"59,03657587090963","0,0","47248,486347403654"
2030-06-23 00:00:00,"57,85566840454676","0,0","47302,21958537439"
2030-06-23 01:00:00,"58,254242725385694","0,0","47356,34670944096"
2030-06-23 02:00:00,"61,06832230360827","0,0","47413,28319049417"
2030-06-23 03:00:00,"50,56951553007319","0,0","47459,71589706587"
2030-06-23 04:00:00,"4,75214263169363","0,0","47460,32717948555"
2030-06-23 05:00:00,"0,0","54,223134339401554","47401,96313159973"
2030-06-23 06:00:00,"0,0","86,02272470677346","47311,80458560972"
2030-06-23 07:00:00,"0,0","92,98894387295692","47214,687686786674"
2030-06-23 08:00:00,"0,0","73,33957923218625","47137,22862605381"
2030-06-23 09:00:00,"0,0","66,79072353858916","47066,3251793176"
2030-06-23 10:00:00,"0,0","60,314932108124566","47001,90371033759"
2030-06-23 11:00:00,"0,0","51,71965208708542","46946,08314215178"
2030-06-23 12:00:00,"0,0","51,680969083672466","46890,306127313954"
2030-06-23 13:00:00,"0,0","43,02205420326817","46843,192893901076"
2030-06-23 14:00:00,"0,0","39,96424395410267","46799,14158136698"
2030-06-23 15:00:00,"0,0","35,34907636796689","46759,709279896044"
2030-06-23 16:00:00,"0,0","29,038948177354","46726,59054708402"
2030-06-23 17:00:00,"0,0","25,975436730038155","46696,53821532875"
2030-06-23 18:00:00,"0,0","27,323489842885152","46665,140452526575"
2030-06-23 19:00:00,"0,0","25,941592645961748","46635,12732637613"
2030-06-23 20:00:00,"0,0","16,814881562194557","46614,24352995471"
2030-06-23 21:00:00,"0,0","3,8376885292217935","46606,338748677495"
2030-06-23 22:00:00,"18,683342894726536","0,0","46620,955688516406"
2030-06-23 23:00:00,"41,633363108678736","0,0","46658,52137324127"
2030-06-24 00:00:00,"29,594404098773197","0,0","46684,044821350224"
2030-06-24 01:00:00,"30,13416953990847","0,0","46710,105807979475"
2030-06-24 02:00:00,"28,21439946196358","0,0","46734,24475070969"
2030-06-24 03:00:00,"15,457829296591996","0,0","46745,625017151775"
2030-06-24 04:00:00,"0,0","32,123157800005316","46709,42330356902"
2030-06-24 05:00:00,"0,0","109,03591876515611","46596,311987620626"
2030-06-24 06:00:00,"0,0","159,24796349879284","46432,998495900916"
2030-06-24 07:00:00,"0,0","161,1803283309186","46267,76688845123"
2030-06-24 08:00:00,"0,0","145,84198238376143","46117,888043406456"
2030-06-24 09:00:00,"0,0","131,49822794943964","45982,366029725235"
2030-06-24 10:00:00,"0,0","117,44536157908897","45860,90870671005"
2030-06-24 11:00:00,"0,0","107,76602946861033","45749,14131295677"
2030-06-24 12:00:00,"0,0","101,9738215922327","45643,17587878498"
2030-06-24 13:00:00,"0,0","96,8237173843053","45542,369794305254"
2030-06-24 14:00:00,"0,0","89,41553024458716","45448,980692296114"
2030-06-24 15:00:00,"0,0","87,19617342217146","45357,81909530854"
2030-06-24 16:00:00,"0,0","84,61639437678002","45269,2452312157"
2030-06-24 17:00:00,"0,0","82,51351752023118","45182,781972049044"
2030-06-24 18:00:00,"0,0","86,1592257471153","45092,68054857487"
2030-06-24 19:00:00,"0,0","87,85778650776845","45000,88842568924"
2030-06-24 20:00:00,"0,0","73,69367917749341","44923,26841899661"
2030-06-24 21:00:00,"0,0","59,343723335011646","44860,00514049204"
2030-06-24 22:00:00,"0,0","25,569744013693082","44830,52136102984"
2030-06-24 23:00:00,"11,781769439126549","0,0","44838,39166748022"
2030-06-25 00:00:00,"39,80676664822158","0,0","44874,286284455455"
2030-06-25 01:00:00,"51,567805997463495","0,0","44921,938808974606"
2030-06-25 02:00:00,"47,90346788306073","0,0","44965,922837696584"
2030-06-25 03:00:00,"44,78250700662673","0,0","45006,78206793562"
2030-06-25 04:00:00,"12,195720916846","0,0","45015,050947117044"
2030-06-25 05:00:00,"0,0","40,94085233648241","44970,18253158542"
2030-06-25 06:00:00,"0,0","65,69380014148254","44900,56508301806"
2030-06-25 07:00:00,"0,0","59,06893160186064","44837,578577112705"
2030-06-25 08:00:00,"0,0","55,21111629742569","44778,45538208443"
2030-06-25 09:00:00,"0,0","45,102529050874296","44729,44593280147"
2030-06-25 10:00:00,"0,0","40,06283552071409","44685,48045312312"
2030-06-25 11:00:00,"0,0","18,504573661940242","44663,07707129164"
2030-06-25 12:00:00,"0,0","12,332731722766312","44646,847486094404"
2030-06-25 13:00:00,"0,0","0,02367795011252838","44642,92837070113"
2030-06-25 14:00:00,"3,9452619661524295","0,0","44642,978537166935"
2030-06-25 15:00:00,"13,110292703258295","0,0","44652,193729992825"
2030-06-25 16:00:00,"13,709312023277278","0,0","44662,00713811316"
2030-06-25 17:00:00,"16,14727007732853","0,0","44674,25764806769"
2030-06-25 18:00:00,"12,252749613956354","0,0","44682,61256870185"
2030-06-25 19:00:00,"1,3613379303217528","0,0","44680,075348685554"
2030-06-25 20:00:00,"0,0","0,6440622653174728","44675,53294984606"
2030-06-25 21:00:00,"6,332100681849283","0,0","44677,96711027804"
2030-06-25 22:00:00,"27,522344486758755","0,0","44701,59130213443"
2030-06-25 23:00:00,"59,83817021196971","0,0","44757,529258505296"
2030-06-26 00:00:00,"111,43380348264216","0,0","44865,05796756013"
2030-06-26 01:00:00,"110,52802560656639","0,0","44971,67151685903"
2030-06-26 02:00:00,"106,83738716423535","0,0","45074,58512568342"
2030-06-26 03:00:00,"104,95713011953856","0,0","45175,60949825074"
2030-06-26 04:00:00,"83,84351534903843","0,0","45255,51144167106"
2030-06-26 05:00:00,"60,58206041385924","0,0","45312,14495871163"
2030-06-26 06:00:00,"56,935220701754844","0,0","45365,12669476574"
2030-06-26 07:00:00,"58,804223923062324","0,0","45419,97281138469"
2030-06-26 08:00:00,"73,11058443792362","0,0","45489,12050319482"
2030-06-26 09:00:00,"77,74683699702105","0,0","45562,89841442794"
2030-06-26 10:00:00,"81,21624031331027","0,0","45640,13929185459"
2030-06-26 11:00:00,"85,30054808317385","0,0","45721,45773778455"
2030-06-26 12:00:00,"85,5825398835812","0,0","45803,05108048051"
2030-06-26 13:00:00,"92,15261774768608","0,0","45891,20738202142"
2030-06-26 14:00:00,"94,25865286720911","0,0","45981,46202704455"
2030-06-26 15:00:00,"96,5403617991906","0,0","46073,99050628189"
2030-06-26 16:00:00,"95,0984970615953","0,0","46165,069047671815"
2030-06-26 17:00:00,"87,81752688726756","0,0","46248,858672284674"
2030-06-26 18:00:00,"82,50927080071364","0,0","46327,33273016623"
2030-06-26 19:00:00,"80,40271617711366","0,0","46403,693386562634"
2030-06-26 20:00:00,"73,42217863540424","0,0","46473,06684295006"
2030-06-26 21:00:00,"71,19150392502254","0,0","46540,203571793034"
2030-06-26 22:00:00,"82,27115885689516","0,0","46618,414097888286"
2030-06-26 23:00:00,"93,66525639806194","0,0","46708,01189765631"
2030-06-27 00:00:00,"78,4580829346649","0,0","46782,39470655291"
2030-06-27 01:00:00,"77,66817215421598","0,0","46855,981114768976"
2030-06-27 02:00:00,"78,4752734592874","0,0","46930,368203875994"
2030-06-27 03:00:00,"73,82243840130988","0,0","47000,09596765151"
2030-06-27 04:00:00,"41,17197532417734","0,0","47037,16718460251"
2030-06-27 05:00:00,"0,0","4,862469577159203","47028,2007221885"
2030-06-27 06:00:00,"0,0","12,45371339157299","47011,64379828392"
2030-06-27 07:00:00,"0,0","27,17394687821036","46980,36808548431"
2030-06-27 08:00:00,"0,0","15,23727686597121","46961,03177150289"
2030-06-27 09:00:00,"0,0","16,126258609702205","46940,80816287112"
2030-06-27 10:00:00,"0,0","15,908426994282081","46920,80415036463"
2030-06-27 11:00:00,"0,0","13,141112139553172","46903,56919806296"
2030-06-27 12:00:00,"0,0","11,443367820900647","46888,03349382953"
2030-06-27 13:00:00,"0,0","5,9069101661541765","46878,03560274104"
2030-06-27 14:00:00,"0,0","6,776857440681624","46867,16863669402"
2030-06-27 15:00:00,"0,0","1,5359142226858467","46861,543562007784"
2030-06-27 16:00:00,"5,299945036559137","0,0","46862,75483736856"
2030-06-27 17:00:00,"9,728031199343718","0,0","46868,39409320834"
2030-06-27 18:00:00,"15,133040491786176","0,0","46879,43786631549"
2030-06-27 19:00:00,"20,263845142350277","0,0","46895,611480504005"
2030-06-27 20:00:00,"30,186031872907776","0,0","46921,70587027524"
2030-06-27 21:00:00,"42,046655070305974","0,0","46959,65860650837"
2030-06-27 22:00:00,"53,80486559532004","0,0","47009,36624189027"
2030-06-27 23:00:00,"68,72104753465703","0,0","47073,98572222032"
2030-06-28 00:00:00,"82,33561700381387","0,0","47152,21413396987"
2030-06-28 01:00:00,"81,8271149302088","0,0","47229,92721821689"
2030-06-28 02:00:00,"82,67261483955531","0,0","47308,479021906656"
2030-06-28 03:00:00,"77,93140125024789","0,0","47382,28275836225"
2030-06-28 04:00:00,"47,491897074904415","0,0","47425,640551266486"
2030-06-28 05:00:00,"6,138393334381618","0,0","47427,64105746277"
2030-06-28 06:00:00,"0,0","2,933617534016321","47420,569378246495"
2030-06-28 07:00:00,"0,0","16,86255913123304","47399,569374437015"
2030-06-28 08:00:00,"0,0","7,206933103112078","47388,22682890599"
2030-06-28 09:00:00,"0,0","7,988962760199939","47376,10324335496"
2030-06-28 10:00:00,"0,0","7,8240650216877725","47364,14561332529"
2030-06-28 11:00:00,"0,0","5,435794098705401","47354,57729752182"
2030-06-28 12:00:00,"0,0","4,020457513202388","47346,42515313941"
2030-06-28 13:00:00,"0,6264067735483252","0,0","47342,920584318344"
2030-06-28 14:00:00,"0,0","0,10561191642150902","47338,68430258094"
2030-06-28 15:00:00,"4,63895303093301","0,0","47339,19295540648"
2030-06-28 16:00:00,"11,133575172489685","0,0","47346,19618599361"
2030-06-28 17:00:00,"15,96053651202044","0,0","47358,02576688841"
2030-06-28 18:00:00,"21,75294355306417","0,0","47375,64672269332"
2030-06-28 19:00:00,"27,71512351702154","0,0","47399,228321033785"
2030-06-28 20:00:00,"38,25942445006197","0,0","47433,352162812844"
2030-06-28 21:00:00,"49,44636734842817","0,0","47478,659970185065"
2030-06-28 22:00:00,"60,57231744435012","0,0","47535,089774547014"
2030-06-28 23:00:00,"73,85339790388038","0,0","47604,79573586807"
2030-06-29 00:00:00,"79,86525455026664","0,0","47680,507471990386"
2030-06-29 01:00:00,"79,18171586091624","0,0","47755,52906357437"
2030-06-29 02:00:00,"80,0047283182295","0,0","47831,367121981806"
2030-06-29 03:00:00,"75,32124429053924","0,0","47902,51507949096"
2030-06-29 04:00:00,"43,47287069041781","0,0","47941,80845574069"
2030-06-29 05:00:00,"0,0","0,8198534171021095","47936,80567953583"
2030-06-29 06:00:00,"0,0","8,955207409873282","47923,66798583041"
2030-06-29 07:00:00,"0,0","23,405034468508035","47896,08161133014"
2030-06-29 08:00:00,"0,0","12,318683030634787","47879,58399517892"
2030-06-29 09:00:00,"0,0","13,170747493343953","47862,23575398199"
2030-06-29 10:00:00,"0,0","12,965128070359185","47845,094645842095"
2030-06-29 11:00:00,"0,0","10,338826332039218","47830,58133500221"
2030-06-29 12:00:00,"0,0","8,748879906599115","47817,65923687413"
2030-06-29 13:00:00,"0,0","3,538598670896647","47809,948547434826"
2030-06-29 14:00:00,"0,0","4,35999801652099","47801,417131407536"
2030-06-29 15:00:00,"0,7044015267190957","0,0","47797,950859289536"
2030-06-29 16:00:00,"7,411187854928187","0,0","47801,191675931994"
2030-06-29 17:00:00,"11,982872927324934","0,0","47809,003894885594"
2030-06-29 18:00:00,"17,531210671326562","0,0","47822,363769967094"
2030-06-29 19:00:00,"22,973626682919615","0,0","47841,164895411086"
2030-06-29 20:00:00,"33,120826858258354","0,0","47870,11158063222"
2030-06-29 21:00:00,"44,73038233004317","0,0","47910,66529572686"
2030-06-29 22:00:00,"56,258217073703804","0,0","47962,743307253506"
2030-06-29 23:00:00,"70,58426343279686","0,0","48029,142821332745"
2030-06-30 00:00:00,"35,36142983404835","0,0","48060,31370845563"
2030-06-30 01:00:00,"36,011113106352184","0,0","48092,13155919092"
2030-06-30 02:00:00,"34,513988485226974","0,0","48122,449509197606"
2030-06-30 03:00:00,"22,32072112850952","0,0","48140,57154660644"
2030-06-30 04:00:00,"0,0","23,28222646339765","48113,08905527561"
2030-06-30 05:00:00,"0,0","95,54987492310389","48013,341313332436"
2030-06-30 06:00:00,"0,0","142,8784379463932","47866,27371135646"
2030-06-30 07:00:00,"0,0","145,05048982297836","47717,04688915217"
2030-06-30 08:00:00,"0,0","131,35827122381363","47581,525305587274"
2030-06-30 09:00:00,"0,0","118,27653406297566","47459,097283441384"
2030-06-30 10:00:00,"0,0","105,56408538325695","47349,39239182015"
2030-06-30 11:00:00,"0,0","96,66081670533003","47248,60034062863"
2030-06-30 12:00:00,"0,0","91,41273390000094","47153,06516634891"
2030-06-30 13:00:00,"0,0","86,69749198835689","47062,25356942479"
2030-06-30 14:00:00,"0,0","79,96059475166169","46978,1867930492"
2030-06-30 15:00:00,"0,0","77,78347691839178","46896,30446933312"
2030-06-30 16:00:00,"0,0","75,07437092561207","46817,13839584256"
2030-06-30 17:00:00,"0,0","72,6846988388995","46740,36890167862"
2030-06-30 18:00:00,"0,0","75,41130363043555","46660,87950086152"
2030-06-30 19:00:00,"0,0","76,1755033108928","46580,632835814176"
2030-06-30 20:00:00,"0,0","62,210052754719015","46514,358622844535"
2030-06-30 21:00:00,"0,0","48,35340399470891","46461,94684105998"
2030-06-30 22:00:00,"0,0","16,524511667889726","46441,368524530204"
2030-06-30 23:00:00,"18,531812725163917","0,0","46455,84832785161"
2030-07-01 00:00:00,"20,47918127121892","0,0","46472,27423635622"
2030-07-01 01:00:00,"20,854619877062134","0,0","46489,074150306165"
2030-07-01 02:00:00,"18,283185498237003","0,0","46503,30116408479"
2030-07-01 03:00:00,"4,635263987525747","0,0","46503,87901504575"
2030-07-01 04:00:00,"0,0","46,0995383329755","46453,72201326871"
2030-07-01 05:00:00,"0,0","130,35994959586986","46319,30897642718"
2030-07-01 06:00:00,"0,0","185,1033073930604","46130,164309325926"
2030-07-01 07:00:00,"0,0","186,62255892122334","45939,51689356871"
2030-07-01 08:00:00,"0,0","168,7069911312417","45766,801679588505"
2030-07-01 09:00:00,"0,0","152,3794133242809","45610,429112817685"
2030-07-01 10:00:00,"0,0","136,23095781922882","45470,21864505836"
2030-07-01 11:00:00,"0,0","125,33319661665797","45340,91817186492"
2030-07-01 12:00:00,"0,0","118,686852418782","45218,27532433564"
2030-07-01 13:00:00,"0,0","112,85201261245766","45101,47801720114"
2030-07-01 14:00:00,"0,0","104,3922972144702","44993,15061602966"
2030-07-01 15:00:00,"0,0","102,1116650903673","44887,11329854805"
2030-07-01 16:00:00,"0,0","99,73994713375185","44783,45695077901"
2030-07-01 17:00:00,"0,0","98,09902091043801","44681,45057324962"
2030-07-01 18:00:00,"0,0","103,19640825273393","44574,35570843437"
2030-07-01 19:00:00,"0,0","106,36977574454443","44464,096820154264"
2030-07-01 20:00:00,"0,0","91,91246714315446","44368,30486056355"
2030-07-01 21:00:00,"0,0","76,78054151742407","44287,653184447045"
2030-07-01 22:00:00,"0,0","39,9216763562668","44243,86741035044"
2030-07-01 23:00:00,"1,0865436247029265","0,0","44241,09367654359"
2030-07-02 00:00:00,"14,003047956062005","0,0","44251,23668907637"
2030-07-02 01:00:00,"29,869680980052436","0,0","44277,245449655304"
2030-07-02 02:00:00,"24,295979923478882","0,0","44297,6782399133"
2030-07-02 03:00:00,"21,939334947601736","0,0","44315,75260243447"
2030-07-02 04:00:00,"0,0","17,268637031497235","44294,61741598841"
2030-07-02 05:00:00,"0,0","81,36971506536077","44209,382995553504"
2030-07-02 06:00:00,"0,0","111,17471032200899","44094,35101656513"
2030-07-02 07:00:00,"0,0","104,05626864569047","43986,44751579325"
2030-07-02 08:00:00,"0,0","99,92570989197048","43882,68398835552"
2030-07-02 09:00:00,"0,0","87,30767364779229","43791,54755052975"
2030-07-02 10:00:00,"0,0","81,58079180864573","43706,14594619733"
2030-07-02 11:00:00,"0,0","52,888188228773004","43649,44439673475"
2030-07-02 12:00:00,"0,0","46,86515681666259","43598,77082589447"
2030-07-02 13:00:00,"0,0","32,62671441125042","43562,34011872866"
2030-07-02 14:00:00,"0,0","29,138922759748425","43529,40038179355"
2030-07-02 15:00:00,"0,0","18,058485951738987","43507,543955658504"
2030-07-02 16:00:00,"0,0","18,29428283894228","43485,45363960943"
2030-07-02 17:00:00,"0,0","14,38474985248402","43467,27478392689"
2030-07-02 18:00:00,"0,0","18,846249092375558","43444,636015109616"
2030-07-02 19:00:00,"0,0","33,0718095396324","43407,77366107767"
2030-07-02 20:00:00,"0,0","35,802476267975294","43368,183856557764"
2030-07-02 21:00:00,"0,0","27,413357239854747","43336,986625276426"
2030-07-02 22:00:00,"0,0","1,548592012967248","43331,6568811804"
2030-07-02 23:00:00,"38,22759602103187","0,0","43366,10379013855"
2030-07-03 00:00:00,"48,772388429973105","0,0","43411,09248601283"
2030-07-03 01:00:00,"47,06588075799502","0,0","43454,37074895142"
2030-07-03 02:00:00,"42,63739198165311","0,0","43493,21674708523"
2030-07-03 03:00:00,"26,73084942678753","0,0","43516,15281335083"
2030-07-03 04:00:00,"0,0","32,926741319812976","43479,42928769806"
2030-07-03 05:00:00,"0,0","102,71085067099125","43372,924856821715"
2030-07-03 06:00:00,"0,0","88,09325178602433","43281,04731734193"
2030-07-03 07:00:00,"0,0","95,12038463611941","43182,150661327374"
2030-07-03 08:00:00,"0,0","67,44799609568594","43110,935022586484"
2030-07-03 09:00:00,"0,0","42,288709994008855","43064,88488351176"
2030-07-03 10:00:00,"0,0","34,42798696974319","43026,699485335936"
2030-07-03 11:00:00,"0,0","21,63574458248769","43001,30966122335"
2030-07-03 12:00:00,"0,0","19,690198282981953","42977,86759867243"
2030-07-03 13:00:00,"0,0","7,144695709958825","42966,973084014484"
2030-07-03 14:00:00,"0,0","4,442971082850249","42958,78124453006"
2030-07-03 15:00:00,"0,0","0,9165060624761452","42954,116584804004"
2030-07-03 16:00:00,"0,0","11,340197174167997","42939,02864095781"
2030-07-03 17:00:00,"0,0","19,728065995762222","42915,554144713125"
2030-07-03 18:00:00,"0,0","33,092582750568255","42878,71717986343"
2030-07-03 19:00:00,"0,0","41,78859365636862","42833,18741813312"
2030-07-03 20:00:00,"0,0","44,724280251361364","42784,725942279525"
2030-07-03 21:00:00,"0,0","43,22229214138332","42737,77068279967"
2030-07-03 22:00:00,"0,0","13,021598673699998","42721,0202136339"
2030-07-03 23:00:00,"19,948318622397608","0,0","42737,24112324265"
2030-07-04 00:00:00,"46,880024212931616","0,0","42780,39232316758"
2030-07-04 01:00:00,"47,689095661744645","0,0","42824,34882959913"
2030-07-04 02:00:00,"46,89316430599854","0,0","42867,505569469744"
2030-07-04 03:00:00,"35,84650502203537","0,0","42899,61188463084"
2030-07-04 04:00:00,"0,0","5,588310416117793","42890,28058307779"
2030-07-04 05:00:00,"0,0","68,53845167979864","42817,999954417115"
2030-07-04 06:00:00,"0,0","110,29984695885491","42703,96423696224"
2030-07-04 07:00:00,"0,0","113,21557295744219","42587,02274312512"
2030-07-04 08:00:00,"0,0","102,60649496705071","42480,70053042373"
2030-07-04 09:00:00,"0,0","91,95769899565835","42385,0363903068"
2030-07-04 10:00:00,"0,0","81,75782232745343","42299,58047355429"
2030-07-04 11:00:00,"0,0","74,36779806439785","42221,52203709358"
2030-07-04 12:00:00,"0,0","70,14296695292433","42147,69524234292"
2030-07-04 13:00:00,"0,0","66,2746331046026","42077,74322282842"
2030-07-04 14:00:00,"0,0","60,812134995263534","42013,25980473697"
2030-07-04 15:00:00,"0,0","58,69590631632087","41950,898241502684"
2030-07-04 16:00:00,"0,0","55,696707173622","41891,54131845749"
2030-07-04 17:00:00,"0,0","52,66344890039943","41835,22283257706"
2030-07-04 18:00:00,"0,0","53,56569355666443","41778,007015828254"
2030-07-04 19:00:00,"0,0","52,46292440704545","41721,89896030908"
2030-07-04 20:00:00,"0,0","38,76440280622205","41679,49432181857"
2030-07-04 21:00:00,"0,0","25,911400275047527","41649,94638566394"
2030-07-04 22:00:00,"1,955640969114711","0,0","41648,26806881091"
2030-07-04 23:00:00,"32,21553195151881","0,0","41676,84978937343"
2030-07-05 00:00:00,"62,68944372561367","0,0","41735,90292795492"
2030-07-05 01:00:00,"63,17388584543809","0,0","41795,435356269896"
2030-07-05 02:00:00,"65,82278193873336","0,0","41857,6114864738"
2030-07-05 03:00:00,"55,94841649750373","0,0","41909,907826369104"
2030-07-05 04:00:00,"12,954718584759178","0,0","41919,20590549602"
2030-07-05 05:00:00,"0,0","41,31747314598795","41874,23098163478"
2030-07-05 06:00:00,"0,0","71,39020802099338","41799,18724696063"
2030-07-05 07:00:00,"0,0","78,5365048073304","41717,00376306601"
2030-07-05 08:00:00,"0,0","61,5962911916763","41651,767663296"
2030-07-05 09:00:00,"0,0","55,94355834138034","41592,189988226"
2030-07-05 10:00:00,"0,0","50,174070642927376","41538,3869990066"
2030-07-05 11:00:00,"0,0","42,58358444973766","41492,17919029121"
2030-07-05 12:00:00,"0,0","42,5280452399071","41446,03095241695"
2030-07-05 13:00:00,"0,0","34,81458272048363","41407,600203495866"
2030-07-05 14:00:00,"0,0","32,15951781831714","41371,82787255979"
2030-07-05 15:00:00,"0,0","27,76705143983122","41340,45112913808"
2030-07-05 16:00:00,"0,0","21,716724743008683","41315,12745003405"
2030-07-05 17:00:00,"0,0","18,23821512781015","41293,28449003623"
2030-07-05 18:00:00,"0,0","18,520020155626923","41271,16163080885"
2030-07-05 19:00:00,"0,0","16,084105056818657","41251,476616899745"
2030-07-05 20:00:00,"0,0","6,479129598514135","41241,398295966406"
2030-07-05 21:00:00,"5,78806693867827","0,0","41243,58805090377"
2030-07-05 22:00:00,"26,738620026767364","0,0","41266,728167873094"
2030-07-05 23:00:00,"47,90852894187786","0,0","41311,036174782326"
2030-07-06 00:00:00,"77,85210626180668","0,0","41385,28389313789"
2030-07-06 01:00:00,"78,56275160288385","0,0","41460,23577872109"
2030-07-06 02:00:00,"80,64288020532739","0,0","41537,26125335473"
2030-07-06 03:00:00,"72,63038397060754","0,0","41606,26751128098"
2030-07-06 04:00:00,"38,63688083081658","0,0","41641,27424527144"
2030-07-06 05:00:00,"0,0","1,2469643078085255","41636,39407978573"
2030-07-06 06:00:00,"0,0","26,101207104330427","41606,660097297936"
2030-07-06 07:00:00,"0,0","33,96080664865363","41569,06910955579"
2030-07-06 08:00:00,"0,0","24,890466898140374","41540,55174137784"
2030-07-06 09:00:00,"0,0","21,76007638427015","41515,16725185414"
2030-07-06 10:00:00,"0,0","18,228392153868327","41493,316661357545"
2030-07-06 11:00:00,"0,0","13,574638233069606","41476,121731245774"
2030-07-06 12:00:00,"0,0","13,502206835401495","41459,000732789325"
2030-07-06 13:00:00,"0,0","8,729355101072372","41446,654079874315"
2030-07-06 14:00:00,"0,0","7,212184994808808","41435,82567431104"
2030-07-06 15:00:00,"0,0","3,603511192111398","41428,606887328846"
2030-07-06 16:00:00,"1,790909778909196","0,0","41426,78315115684"
2030-07-06 17:00:00,"6,573937418136808","0,0","41429,742601745034"
2030-07-06 18:00:00,"9,499579079195968","0,0","41435,627435782226"
2030-07-06 19:00:00,"15,066517413614378","0,0","41447,07869470207"
2030-07-06 20:00:00,"26,21563002719256","0,0","41469,67806711314"
2030-07-06 21:00:00,"36,50788922805316","0,0","41502,56772692984"
2030-07-06 22:00:00,"52,50478594241625","0,0","41551,451413838084"
2030-07-06 23:00:00,"67,76787282388042","0,0","41615,59392252611"
2030-07-07 00:00:00,"75,34641329413509","0,0","41687,30937525051"
2030-07-07 01:00:00,"76,02650736409657","0,0","41759,69866487162"
2030-07-07 02:00:00,"78,20803341743584","0,0","41834,26316458055"
2030-07-07 03:00:00,"69,90176461270977","0,0","41900,514889732156"
2030-07-07 04:00:00,"34,40237434921215","0,0","41931,261444157244"
2030-07-07 05:00:00,"0,0","7,80727843610623","41919,795663160134"
2030-07-07 06:00:00,"0,0","33,498343237508976","41882,63981775101"
2030-07-07 07:00:00,"0,0","41,21845006811532","41837,7671073588"
2030-07-07 08:00:00,"0,0","30,934776202047942","41803,18198597663"
2030-07-07 09:00:00,"0,0","27,4279290986438","41772,10672924971"
2030-07-07 10:00:00,"0,0","23,523062011715695","41744,93905092587"
2030-07-07 11:00:00,"0,0","18,41313322638075","41722,8836717673"
2030-07-07 12:00:00,"0,0","18,339351087457544","41700,90399907948"
2030-07-07 13:00:00,"0,0","13,085285675766244","41684,180309529795"
2030-07-07 14:00:00,"0,0","11,396590261416861","41669,14677453638"
2030-07-07 15:00:00,"0,0","7,647441160397477","41657,8637003199"
2030-07-07 16:00:00,"0,0","2,1650699828646225","41652,063981729174"
2030-07-07 17:00:00,"2,4012964794270317","0,0","41650,83113562619"
2030-07-07 18:00:00,"4,81750806687802","0,0","41652,01460867649"
2030-07-07 19:00:00,"9,890852419071365","0,0","41658,271322820954"
2030-07-07 20:00:00,"20,77649126641606","0,0","41675,41312991445"
2030-07-07 21:00:00,"31,363870680519113","0,0","41703,14082079939"
2030-07-07 22:00:00,"48,180446293591984","0,0","41747,68266805637"
2030-07-07 23:00:00,"64,46354151868957","0,0","41808,50372426227"
2030-07-08 00:00:00,"72,40089983167786","0,0","41877,256832144005"
2030-07-08 01:00:00,"73,03788646818604","0,0","41946,64092795359"
2030-07-08 02:00:00,"75,3312641875125","0,0","42018,31234772013"
2030-07-08 03:00:00,"66,66566390871358","0,0","42081,31191387651"
2030-07-08 04:00:00,"29,412672236790698","0,0","42107,052991648816"
2030-07-08 05:00:00,"0,0","15,585019532171714","42087,794131743125"
2030-07-08 06:00:00,"0,0","42,28447072597987","42041,83750097915"
2030-07-08 07:00:00,"0,0","49,864679155789986","41988,3046715014"
2030-07-08 08:00:00,"0,0","38,0626947320892","41946,57849718672"
2030-07-08 09:00:00,"0,0","34,07095608024525","41908,847702132596"
2030-07-08 10:00:00,"0,0","29,73288232875234","41875,45827284183"
2030-07-08 11:00:00,"0,0","24,056067464263833","41847,748571643264"
2030-07-08 12:00:00,"0,0","23,983056071051067","41820,11429950933"
2030-07-08 13:00:00,"0,0","18,160248904265245","41798,30524563244"
2030-07-08 14:00:00,"0,0","16,251558411804552","41778,40678508796"
2030-07-08 15:00:00,"0,0","12,348740784432096","41762,41287831153"
2030-07-08 16:00:00,"0,0","6,743007629366076","41752,02610015853"
2030-07-08 17:00:00,"0,0","2,4298334776722754","41745,95340240362"
2030-07-08 18:00:00,"0,0","0,6349786906754105","41741,67608927859"
2030-07-08 19:00:00,"3,8338095463420245","0,0","41741,86793758614"
2030-07-08 20:00:00,"14,420137629633558","0,0","41752,64609723822"
2030-07-08 21:00:00,"25,38451300036695","0,0","41774,38769186661"
2030-07-08 22:00:00,"43,16548423539331","0,0","41813,90836077589"
2030-07-08 23:00:00,"60,601906807110225","0,0","41870,862004078524"
2030-07-09 00:00:00,"103,60057784739101","0,0","41970,80934921606"
2030-07-09 01:00:00,"104,77654167579587","0,0","42071,92393777614"
2030-07-09 02:00:00,"108,78710328154119","0,0","42177,04026569411"
2030-07-09 03:00:00,"104,45843561774146","0,0","42277,81875454867"
2030-07-09 04:00:00,"89,31366062870872","0,0","42363,44367549105"
2030-07-09 05:00:00,"72,53158242894642","0,0","42432,279047459306"
2030-07-09 06:00:00,"72,0748700416377","0,0","42500,65170115405"
2030-07-09 07:00:00,"65,34272117876503","0,0","42562,28624047189"
2030-07-09 08:00:00,"71,32401984137977","0,0","42629,896700838784"
2030-07-09 09:00:00,"74,00460930554155","0,0","42700,18185165718"
2030-07-09 10:00:00,"70,5344440452603","0,0","42766,99070483589"
2030-07-09 11:00:00,"79,33114069886881","0,0","42842,590425595765"
2030-07-09 12:00:00,"84,36696281459984","0,0","42923,21937239573"
2030-07-09 13:00:00,"90,84326312707847","0,0","43010,31758463257"
2030-07-09 14:00:00,"89,91693843528196","0,0","43096,48187285859"
2030-07-09 15:00:00,"98,07581984525243","0,0","43190,79752466043"
2030-07-09 16:00:00,"103,76888278698189","0,0","43290,79801036339"
2030-07-09 17:00:00,"105,54713000337455","0,0","43392,56801824036"
2030-07-09 18:00:00,"107,85011806279422","0,0","43496,63213474356"
2030-07-09 19:00:00,"106,05524270590959","0,0","43598,892296295715"
2030-07-09 20:00:00,"104,70708563364576","0,0","43699,795378576506"
2030-07-09 21:00:00,"106,16064016210674","0,0","43802,143211591836"
2030-07-09 22:00:00,"110,22235669914164","0,0","43908,54383129577"
2030-07-09 23:00:00,"120,29051255377392","0,0","44025,00332340026"
2030-07-10 00:00:00,"115,84937886565861","0,0","44137,01152072595"
2030-07-10 01:00:00,"115,05174595071637","0,0","44248,212312421485"
2030-07-10 02:00:00,"112,00825837728152","0,0","44356,35991427451"
2030-07-10 03:00:00,"110,26413905639735","0,0","44462,753960928385"
2030-07-10 04:00:00,"91,99433075996699","0,0","44550,86891640526"
2030-07-10 05:00:00,"71,98958161751295","0,0","44618,97143470982"
2030-07-10 06:00:00,"68,75206260059284","0,0","44683,83049205274"
2030-07-10 07:00:00,"70,44010176672926","0,0","44750,371929609035"
2030-07-10 08:00:00,"82,50403338767046","0,0","44828,97149304584"
2030-07-10 09:00:00,"86,37582027869638","0,0","44911,43598556177"
2030-07-10 10:00:00,"89,37679436055627","0,0","44996,89425713259"
2030-07-10 11:00:00,"92,79806524763573","0,0","45085,766343356285"
2030-07-10 12:00:00,"93,04597492954848","0,0","45174,87858517237"
2030-07-10 13:00:00,"99,07614186275997","0,0","45270,01321887858"
2030-07-10 14:00:00,"100,88584125681189","0,0","45366,949251482045"
2030-07-10 15:00:00,"102,8559146410167","0,0","45465,846899800876"
2030-07-10 16:00:00,"101,52046107395873","0,0","45563,400465732826"
2030-07-10 17:00:00,"94,89448350305213","0,0","45654,31954254524"
2030-07-10 18:00:00,"90,32016909822062","0,0","45740,65637226338"
2030-07-10 19:00:00,"88,42054130806451","0,0","45825,086041302966"
2030-07-10 20:00:00,"82,41723625436194","0,0","45903,50503880023"
2030-07-10 21:00:00,"80,34990579466715","0,0","45979,84986378026"
2030-07-10 22:00:00,"89,72692647680276","0,0","46065,56504835645"
2030-07-10 23:00:00,"99,30128061191412","0,0","46160,8471084179"
2030-07-11 00:00:00,"75,69488796405598","0,0","46232,51446247174"
2030-07-11 01:00:00,"76,3799582232297","0,0","46304,86063380812"
2030-07-11 02:00:00,"78,54782829130973","0,0","46379,36836300913"
2030-07-11 03:00:00,"70,28295112015076","0,0","46445,60471423961"
2030-07-11 04:00:00,"34,9892089116818","0,0","46476,54154413998"
2030-07-11 05:00:00,"0,0","6,894344064460796","46465,5921218258"
2030-07-11 06:00:00,"0,0","32,46727089785725","46429,070728015315"
2030-07-11 07:00:00,"0,0","40,206627428909115","46384,81316416539"
2030-07-11 08:00:00,"0,0","30,093572896190608","46350,67251632062"
2030-07-11 09:00:00,"0,0","26,641367724533495","46319,987052419034"
2030-07-11 10:00:00,"0,0","22,788828783211528","46293,1568047655"
2030-07-11 11:00:00,"0,0","17,743880455408032","46271,373846378876"
2030-07-11 12:00:00,"0,0","17,669037573002015","46249,66763143778"
2030-07-11 13:00:00,"0,0","12,481766117325378","46233,15058181961"
2030-07-11 14:00:00,"0,0","10,817488891809063","46218,29925053954"
2030-07-11 15:00:00,"0,0","7,088052248463356","46207,17865168146"
2030-07-11 16:00:00,"0,0","1,6194136660579659","46201,52766167805"
2030-07-11 17:00:00,"2,9782763620692663","0,0","46200,474854751636"
2030-07-11 18:00:00,"5,465177811545004","0,0","46201,9090411321"
2030-07-11 19:00:00,"10,607186688385127","0,0","46208,48511125665"
2030-07-11 20:00:00,"21,53080356023446","0,0","46225,98422449092"
2030-07-11 21:00:00,"32,07492077213834","0,0","46254,025928139476"
2030-07-11 22:00:00,"48,77889351323296","0,0","46298,76915789048"
2030-07-11 23:00:00,"64,92108976221921","0,0","46359,65068004367"
2030-07-12 00:00:00,"77,89646828692747","0,0","46433,50226880876"
2030-07-12 01:00:00,"78,60948603330372","0,0","46508,06043176911"
2030-07-12 02:00:00,"80,6889009601856","0,0","46584,69150445663"
2030-07-12 03:00:00,"72,68209459023966","0,0","46653,3090847131"
2030-07-12 04:00:00,"38,713742854562796","0,0","46687,95232635002"
2030-07-12 05:00:00,"0,0","1,1229050964142573","46682,75589741313"
2030-07-12 06:00:00,"0,0","25,960309677228537","46652,72251728386"
2030-07-12 07:00:00,"0,0","33,81967784293764","46614,83238940129"
2030-07-12 08:00:00,"0,0","24,778732470469635","46585,98651280484"
2030-07-12 09:00:00,"0,0","21,660551051015972","46560,26133443059"
2030-07-12 10:00:00,"0,0","18,13361163121226","46538,06533999795"
2030-07-12 11:00:00,"0,0","13,491237439961367","46520,51365635707"
2030-07-12 12:00:00,"0,0","13,41951971785491","46503,0352218227"
2030-07-12 13:00:00,"0,0","8,656986969590776","46490,32084503001"
2030-07-12 14:00:00,"0,0","7,141591282371678","46479,12297325391"
2030-07-12 15:00:00,"0,0","3,5351741956663147","46471,532495578824"
2030-07-12 16:00:00,"1,856642991441106","0,0","46469,334497360025"
2030-07-12 17:00:00,"6,641329360406132","0,0","46471,92137728554"
2030-07-12 18:00:00,"9,578948737267723","0,0","46477,44565088263"
2030-07-12 19:00:00,"15,156437436365252","0,0","46488,54693118596"
2030-07-12 20:00:00,"26,30946549567284","0,0","46510,80027096189"
2030-07-12 21:00:00,"36,59497408827676","0,0","46543,33717772653"
2030-07-12 22:00:00,"52,57692269528371","0,0","46591,85319425305"
2030-07-12 23:00:00,"67,82386549688252","0,0","46655,61192055874"
2030-07-13 00:00:00,"74,8992426558287","0,0","46726,4404610745"
2030-07-13 01:00:00,"75,57175675266478","0,0","46797,93533589694"
2030-07-13 02:00:00,"77,77002487212405","0,0","46871,622240911005"
2030-07-13 03:00:00,"69,408612298984","0,0","46936,94130416947"
2030-07-13 04:00:00,"33,64164052434819","0,0","46966,48769656503"
2030-07-13 05:00:00,"0,0","8,995507972032271","46953,394362541476"
2030-07-13 06:00:00,"0,0","34,83933222703229","46914,45834665631"
2030-07-13 07:00:00,"0,0","42,53982274955257","46867,825237416015"
2030-07-13 08:00:00,"0,0","32,02045294301729","46831,71556672103"
2030-07-13 09:00:00,"0,0","28,437631799893865","46799,19186773794"
2030-07-13 10:00:00,"0,0","24,467031500433848","46770,64160674705"
2030-07-13 11:00:00,"0,0","19,26936279847189","46747,29150546839"
2030-07-13 12:00:00,"0,0","19,194384687039417","46724,018419597494"
2030-07-13 13:00:00,"0,0","13,854546076940778","46706,08720291345"
2030-07-13 14:00:00,"0,0","12,130766419772272","46689,88133038522"
2030-07-13 15:00:00,"0,0","8,358934469525451","46677,448703769616"
2030-07-13 16:00:00,"0,0","2,856909453477158","46670,51918691674"
2030-07-13 17:00:00,"1,671016227081708","0,0","46668,11820034476"
2030-07-13 18:00:00,"3,9900944262969915","0,0","46668,03650145808"
2030-07-13 19:00:00,"8,970587443624595","0,0","46672,935302716956"
2030-07-13 20:00:00,"19,811246739874434","0,0","46688,67433585167"
2030-07-13 21:00:00,"30,458475653550806","0,0","46715,059224669414"
2030-07-13 22:00:00,"47,42229516391234","0,0","46758,40563091597"
2030-07-13 23:00:00,"63,87846183554497","0,0","46818,20442186022"
2030-07-14 00:00:00,"49,65334956585244","0,0","46863,77288309026"
2030-07-14 01:00:00,"50,497176180273485","0,0","46910,18119508649"
2030-07-14 02:00:00,"49,85527376248325","0,0","46955,9435555397"
2030-07-14 03:00:00,"39,087324800872565","0,0","46990,933974265354"
2030-07-14 04:00:00,"0,0","1,3236074763660213","46985,51040779974"
2030-07-14 05:00:00,"0,0","62,02574662226607","46919,38517539439"
2030-07-14 06:00:00,"0,0","102,46257209674565","46812,82888694109"
2030-07-14 07:00:00,"0,0","105,58100149456504","46703,163466126134"
2030-07-14 08:00:00,"0,0","95,69608091989903","46603,392534193816"
2030-07-14 09:00:00,"0,0","85,62613075275266","46513,700257442455"
2030-07-14 10:00:00,"0,0","76,01763496240258","46433,62430213259"
2030-07-14 11:00:00,"0,0","68,98757923911327","46360,585389173124"
2030-07-14 12:00:00,"0,0","65,00330456801288","46291,53712352991"
2030-07-14 13:00:00,"0,0","61,33778206318317","46226,16040485269"
2030-07-14 14:00:00,"0,0","56,17408978321134","46165,95308257416"
2030-07-14 15:00:00,"0,0","54,06991542993933","46107,85518773777"
2030-07-14 16:00:00,"0,0","50,998520915214726","46052,833756457425"
2030-07-14 17:00:00,"0,0","47,80472781807535","46001,0109188941"
2030-07-14 18:00:00,"0,0","48,2692539268009","45948,72807676462"
2030-07-14 19:00:00,"0,0","46,71580438022545","45898,0032458597"
2030-07-14 20:00:00,"0,0","33,06825708573422","45860,93038799077"
2030-07-14 21:00:00,"0,0","20,460268905777525","45836,46875290864"
2030-07-14 22:00:00,"6,44582940493251","0,0","45838,91535041488"
2030-07-14 23:00:00,"35,53071696284273","0,0","45870,4466220134"
2030-07-15 00:00:00,"48,890246433708285","0,0","45915,33467197933"
2030-07-15 01:00:00,"49,715017195868484","0,0","45961,04357622508"
2030-07-15 02:00:00,"49,00406565508095","0,0","46006,03754082814"
2030-07-15 03:00:00,"38,16363287268166","0,0","46040,18714692538"
2030-07-15 04:00:00,"0,0","2,489517672686304","46033,68062292413"
2030-07-15 05:00:00,"0,0","63,80344738797601","45965,86073690181"
2030-07-15 06:00:00,"0,0","104,63960614940157","45857,21060940311"
2030-07-15 07:00:00,"0,0","107,74754070368124","45745,46202707376"
2030-07-15 08:00:00,"0,0","97,62744556493371","45643,84328994696"
2030-07-15 09:00:00,"0,0","87,38344291565664","45552,47742170426"
2030-07-15 10:00:00,"0,0","77,58386412829293","45470,919103920925"
2030-07-15 11:00:00,"0,0","70,44720493529098","45396,50456129382"
2030-07-15 12:00:00,"0,0","66,3863582382167","45326,15735803263"
2030-07-15 13:00:00,"0,0","62,65988641089206","45259,54276439225"
2030-07-15 14:00:00,"0,0","57,403015267852794","45198,190854018205"
2030-07-15 15:00:00,"0,0","55,29031588727963","45138,956995978915"
2030-07-15 16:00:00,"0,0","52,234718384499274","45082,78390359652"
2030-07-15 17:00:00,"0,0","49,07168994637968","45029,778740754555"
2030-07-15 18:00:00,"0,0","49,65896360468321","44976,19092895474"
2030-07-15 19:00:00,"0,0","48,228628215326296","44924,03812808086"
2030-07-15 20:00:00,"0,0","34,545823918560075","44885,57268183562"
2030-07-15 21:00:00,"0,0","21,872469133711974","44859,78394648542"
2030-07-15 22:00:00,"5,282866962427647","0,0","44861,15279729852"
2030-07-15 23:00:00,"34,65302315177178","0,0","44891,89168486872"
2030-07-16 00:00:00,"97,2791043595802","0,0","44985,253971678794"
2030-07-16 01:00:00,"98,85355006972735","0,0","45080,18255833949"
2030-07-16 02:00:00,"102,76122885169865","0,0","45179,01054126297"
2030-07-16 03:00:00,"96,81545112144806","0,0","45271,88412371469"
2030-07-16 04:00:00,"76,81924597705049","0,0","45344,75339780195"
2030-07-16 05:00:00,"52,183314071257826","0,0","45392,98038213925"
2030-07-16 06:00:00,"39,429959871990235","0,0","45428,4498044729"
2030-07-16 07:00:00,"43,003810572762944","0,0","45467,48998280022"
2030-07-16 08:00:00,"48,52026756427317","0,0","45512,0432118635"
2030-07-16 09:00:00,"52,07068766204921","0,0","45560,14297375531"
2030-07-16 10:00:00,"53,0374873171084","0,0","45609,20533859796"
2030-07-16 11:00:00,"61,17577585502099","0,0","45666,40171128719"
2030-07-16 12:00:00,"66,888621465016","0,0","45729,305939202895"
2030-07-16 13:00:00,"76,32416413965717","0,0","45801,64022139936"
2030-07-16 14:00:00,"78,63576794562798","0,0","45876,27979623567"
2030-07-16 15:00:00,"85,70703877981049","0,0","45957,98412960326"
2030-07-16 16:00:00,"89,88201479747342","0,0","46043,85631028543"
2030-07-16 17:00:00,"90,75594476948436","0,0","46130,59492859185"
2030-07-16 18:00:00,"91,49100215841533","0,0","46218,06103634274"
2030-07-16 19:00:00,"87,97971873081468","0,0","46302,00822924813"
2030-07-16 20:00:00,"86,98260103294609","0,0","46384,95098006308"
2030-07-16 21:00:00,"88,35291978270749","0,0","46469,25681287277"
2030-07-16 22:00:00,"96,92436505118131","0,0","46562,126735267026"
2030-07-16 23:00:00,"110,6098118126729","0,0","46668,67400152205"
2030-07-17 00:00:00,"104,50604318707813","0,0","46769,1082029025"
2030-07-17 01:00:00,"103,40789174090129","0,0","46868,435489952695"
2030-07-17 02:00:00,"98,56270698750046","0,0","46962,908925943695"
2030-07-17 03:00:00,"96,50424289128222","0,0","47055,31565503119"
2030-07-17 04:00:00,"70,93470385697135","0,0","47122,14478259726"
2030-07-17 05:00:00,"42,600454004744776","0,0","47160,63382946972"
2030-07-17 06:00:00,"38,41839360281196","0,0","47194,93745777091"
2030-07-17 07:00:00,"40,52603491976828","0,0","47231,34573439749"
2030-07-17 08:00:00,"58,52342605975409","0,0","47285,748225541916"
2030-07-17 09:00:00,"64,44678093224393","0,0","47346,06932494148"
2030-07-17 10:00:00,"68,61753597808027","0,0","47410,55591637097"
2030-07-17 11:00:00,"73,77075268703604","0,0","47480,1900980543"
2030-07-17 12:00:00,"74,10416665831262","0,0","47550,151618126554"
2030-07-17 13:00:00,"81,48258741804662","0,0","47627,48545481592"
2030-07-17 14:00:00,"84,08371738276742","0,0","47707,41367409276"
2030-07-17 15:00:00,"86,84058506870608","0,0","47790,0917873184"
2030-07-17 16:00:00,"85,23039524418331","0,0","47871,152497054136"
2030-07-17 17:00:00,"76,88292916451076","0,0","47943,85866816328"
2030-07-17 18:00:00,"70,41456688670803","0,0","48010,09013338119"
2030-07-17 19:00:00,"68,04038237847442","0,0","48073,94163539553"
2030-07-17 20:00:00,"59,45938807769079","0,0","48129,20657206553"
2030-07-17 21:00:00,"56,92682765311886","0,0","48181,93412644524"
2030-07-17 22:00:00,"70,71460944544845","0,0","48248,44486213816"
2030-07-17 23:00:00,"84,89115130346677","0,0","48329,12633662741"
2030-07-18 00:00:00,"49,65334956585244","0,0","48374,562969920386"
2030-07-18 01:00:00,"50,497176180273485","0,0","48420,839465481535"
2030-07-18 02:00:00,"49,85527376248325","0,0","48466,470021000656"
2030-07-18 03:00:00,"39,087324800872565","0,0","48501,3286462922"
2030-07-18 04:00:00,"0,0","1,3236074763660213","48495,77329789144"
2030-07-18 05:00:00,"0,0","62,02574662226607","48429,51629504893"
2030-07-18 06:00:00,"0,0","102,46257209674565","48322,828247655445"
2030-07-18 07:00:00,"0,0","105,58100149456504","48213,03107939627"
2030-07-18 08:00:00,"0,0","95,69608091989903","48113,12841151469"
2030-07-18 09:00:00,"0,0","85,62613075275266","48023,30441030803"
2030-07-18 10:00:00,"0,0","76,01763496240258","47943,09674203583"
2030-07-18 11:00:00,"0,0","68,98757923911327","47869,92612760598"
2030-07-18 12:00:00,"0,0","65,00330456801288","47800,74617198334"
2030-07-18 13:00:00,"0,0","61,33778206318317","47735,23777481665"
2030-07-18 14:00:00,"0,0","56,17408978321134","47674,89878553758"
2030-07-18 15:00:00,"0,0","54,06991542993933","47616,66923518861"
2030-07-18 16:00:00,"0,0","50,998520915214726","47561,51615988262"
2030-07-18 17:00:00,"0,0","47,80472781807535","47509,5616897796"
2030-07-18 18:00:00,"0,0","48,2692539268009","47457,14722659536"
2030-07-18 19:00:00,"0,0","46,71580438022545","47406,290786119614"
2030-07-18 20:00:00,"0,0","33,06825708573422","47369,0863301628"
2030-07-18 21:00:00,"0,0","20,460268905777525","47344,493108474715"
2030-07-18 22:00:00,"6,44582940493251","0,0","47346,808130855934"
2030-07-18 23:00:00,"35,53071696284273","0,0","47378,20783880936"
2030-07-19 00:00:00,"67,94014795136302","0,0","47442,01423812679"
2030-07-19 01:00:00,"68,51211659991037","0,0","47506,387038984416"
2030-07-19 02:00:00,"70,97434233156014","0,0","47573,21644904683"
2030-07-19 03:00:00,"61,76345699062341","0,0","47630,82914290227"
2030-07-19 04:00:00,"21,858103802256608","0,0","47648,531456861805"
2030-07-19 05:00:00,"0,0","27,361157737247083","47617,01296475495"
2030-07-19 06:00:00,"0,0","55,58932282966913","47557,2690575441"
2030-07-19 07:00:00,"0,0","62,95392617899779","47490,165759639836"
2030-07-19 08:00:00,"0,0","48,85822591953411","47437,16401675778"
2030-07-19 09:00:00,"0,0","44,13351792491011","47388,89160627241"
2030-07-19 10:00:00,"0,0","39,13703176489585","47345,619893714866"
2030-07-19 11:00:00,"0,0","32,60389892377577","47308,88508945536"
2030-07-19 12:00:00,"0,0","32,53601693951168","47272,221372291795"
2030-07-19 13:00:00,"0,0","25,847164600246145","47242,24970637682"
2030-07-19 14:00:00,"0,0","23,610024531048907","47214,51779555889"
2030-07-19 15:00:00,"0,0","19,473261195505245","47190,92506768572"
2030-07-19 16:00:00,"0,0","13,679283303971744","47173,12837616959"
2030-07-19 17:00:00,"0,0","9,749340536816248","47159,26318018195"
2030-07-19 18:00:00,"0,0","8,89322348396351","47146,255310985514"
2030-07-19 19:00:00,"0,0","5,339929676037542","47136,80187053359"
2030-07-19 20:00:00,"4,789601369715399","0,0","47137,478785940104"
2030-07-19 21:00:00,"16,32664573594502","0,0","47149,69268665197"
2030-07-19 22:00:00,"35,56655472734461","0,0","47181,145430692406"
2030-07-19 23:00:00,"54,75278669611154","0,0","47231,78166244969"
2030-07-20 00:00:00,"72,09856160592224","0,0","47299,75925110556"
2030-07-20 01:00:00,"72,73377382338595","0,0","47368,36612093429"
2030-07-20 02:00:00,"75,03855081197963","0,0","47439,27178180222"
2030-07-20 03:00:00,"66,33879180481787","0,0","47501,47149714408"
2030-07-20 04:00:00,"28,903876130857114","0,0","47526,23086988681"
2030-07-20 05:00:00,"0,0","16,370828151281557","47505,71337809213"
2030-07-20 06:00:00,"0,0","43,167547962351904","47458,40095663754"
2030-07-20 07:00:00,"0,0","50,728275313102415","47403,531935840976"
2030-07-20 08:00:00,"1040,978349076709","0,0","48440,37432675628"
2030-07-20 09:00:00,"208,3082362953427","0,0","48644,456140391616"
2030-07-20 10:00:00,"0,0","30,37187227737229","48609,840039316"
2030-07-20 11:00:00,"0,0","24,643115414637577","48580,95571535794"
2030-07-20 12:00:00,"0,0","0,0","48576,717026971775"
2030-07-20 13:00:00,"0,0","0,0","48572,478708411174"
2030-07-20 14:00:00,"970,4556850523359","0,0","49538,6964446962"
2030-07-20 15:00:00,"0,0","0,0","49534,3741934314"
2030-07-20 16:00:00,"0,0","7,227444165624888","49522,8248751174"
2030-07-20 17:00:00,"0,0","2,9400194042997896","49515,56398924275"
2030-07-20 18:00:00,"0,0","1,205304114648584","49510,03845217004"
2030-07-20 19:00:00,"3,2070286921385502","0,0","49508,92573000723"
2030-07-20 20:00:00,"13,760837237085298","0,0","49518,366913474376"
2030-07-20 21:00:00,"24,757808756031693","0,0","49538,80424471721"
2030-07-20 22:00:00,"42,637862106803524","0,0","49577,11984615367"
2030-07-20 23:00:00,"60,20212565562714","0,0","49632,99636810272"
2030-07-21 00:00:00,"60,012130849278094","0,0","49688,67802001889"
2030-07-21 01:00:00,"60,449434400612716","0,0","49744,79211726226"
2030-07-21 02:00:00,"63,19083630986199","0,0","49803,642720459895"
2030-07-21 03:00:00,"52,971875663020995","0,0","49852,26922829556"
2030-07-21 04:00:00,"8,412731124768811","0,0","49856,33234893016"
2030-07-21 05:00:00,"0,0","48,458321593651306","49803,52406233907"
2030-07-21 06:00:00,"0,0","79,48397001543708","49719,694734849196"
2030-07-21 07:00:00,"0,0","86,52857780409659","49628,82811367948"
2030-07-21 08:00:00,"0,0","68,09661439533647","49556,40138403123"
2030-07-21 09:00:00,"0,0","61,95297260362514","49490,12461540685"
2030-07-21 10:00:00,"0,0","55,79159326430624","49430,01500876985"
2030-07-21 11:00:00,"0,0","47,648378813889195","49378,05386114645"
2030-07-21 12:00:00,"0,0","47,60227060609668","49326,143355340966"
2030-07-21 13:00:00,"0,0","39,36494973308592","49282,47469960013"
2030-07-21 14:00:00,"0,0","36,489311306272924","49241,68549237632"
2030-07-21 15:00:00,"0,0","31,971896183356336","49205,41725913375"
2030-07-21 16:00:00,"0,0","25,779710563555597","49175,344375914334"
2030-07-21 17:00:00,"0,0","22,531479031113435","49148,52234808642"
2030-07-21 18:00:00,"0,0","23,400905808810876","49120,83323370274"
2030-07-21 19:00:00,"0,0","21,54684443623171","49095,00059656687"
2030-07-21 20:00:00,"0,0","12,207348541819215","49078,509709223"
2030-07-21 21:00:00,"0,4489178173935784","0,0","49074,676527068266"
2030-07-21 22:00:00,"22,269605832157083","0,0","49092,66436737344"
2030-07-21 23:00:00,"44,42999348382929","0,0","49132,81102589122"
2030-07-22 00:00:00,"41,026198968176885","0,0","49169,550387097384"
2030-07-22 01:00:00,"41,74645331517952","0,0","49207,006797141294"
2030-07-22 02:00:00,"40,57219944829572","0,0","49243,28568524654"
2030-07-22 03:00:00,"28,9459580467866","0,0","49267,935166617295"
2030-07-22 04:00:00,"0,0","14,57421559034043","49249,06232368367"
2030-07-22 05:00:00,"0,0","82,25418491240924","49162,51115808352"
2030-07-22 06:00:00,"0,0","126,872080557515","49031,349648427466"
2030-07-22 07:00:00,"0,0","129,4493273936697","48897,62233577697"
2030-07-22 08:00:00,"0,0","117,24382532824995","48776,11219289992"
2030-07-22 09:00:00,"0,0","105,34491164029862","48666,51156547079"
2030-07-22 10:00:00,"0,0","93,84461909433486","48568,42079324237"
2030-07-22 11:00:00,"0,0","85,67895507651684","48478,50424345164"
2030-07-22 12:00:00,"0,0","80,92573728678087","48393,34875666962"
2030-07-22 13:00:00,"0,0","76,62358234593916","48312,50285464466"
2030-07-22 14:00:00,"0,0","70,50350738898518","48237,78408138161"
2030-07-22 15:00:00,"0,0","68,35310199096972","48165,22223272954"
2030-07-22 16:00:00,"0,0","65,49568980840911","48095,52412728133"
2030-07-22 17:00:00,"0,0","62,77972096631717","48028,548071834906"
2030-07-22 18:00:00,"0,0","64,61167804176759","47959,745902973875"
2030-07-22 19:00:00,"0,0","64,45625136148092","47891,10516378236"
2030-07-22 20:00:00,"0,0","50,6035311612647","47836,32313369556"
2030-07-22 21:00:00,"0,0","37,24248527915711","47794,90692922298"
2030-07-22 22:00:00,"0,0","7,373437304027561","47783,363386289384"
2030-07-22 23:00:00,"25,292182742313457","0,0","47804,486470576245"
2030-07-23 00:00:00,"41,43914805740488","0,0","47841,75467718909"
2030-07-23 01:00:00,"52,94696066363841","0,0","47890,52744475715"
2030-07-23 02:00:00,"49,39881024072277","0,0","47935,74780647832"
2030-07-23 03:00:00,"46,23736680347744","0,0","47977,80277928568"
2030-07-23 04:00:00,"14,085504727157229","0,0","47987,70222072034"
2030-07-23 05:00:00,"0,0","38,332399381987756","47945,182894319594"
2030-07-23 06:00:00,"0,0","62,75511854417857","47878,24455856789"
2030-07-23 07:00:00,"0,0","56,175001275056246","47817,8921804551"
2030-07-23 08:00:00,"0,0","52,34332305735941","47761,376746304995"
2030-07-23 09:00:00,"0,0","42,39513385668897","47714,81443232719"
2030-07-23 10:00:00,"0,0","37,40607221196814","47673,245242556004"
2030-07-23 11:00:00,"0,0","16,287047754416363","47652,79870415418"
2030-07-23 12:00:00,"0,0","10,109227501705647","47638,531769965535"
2030-07-23 13:00:00,"2,0787765305464063","0,0","47636,45408459915"
2030-07-23 14:00:00,"6,072384004968427","0,0","47638,37018798524"
2030-07-23 15:00:00,"15,12001153835854","0,0","47649,3337517247"
2030-07-23 16:00:00,"15,773596180256334","0,0","47660,94994353512"
2030-07-23 17:00:00,"18,127095795735357","0,0","47674,91862144828"
2030-07-23 18:00:00,"14,27780735080097","0,0","47685,03679214937"
2030-07-23 19:00:00,"3,5977515776789346","0,0","47684,47402426693"
2030-07-23 20:00:00,"1,6419600544256525","0,0","47681,955513962734"
2030-07-23 21:00:00,"8,526756087998791","0,0","47686,32201943214"
2030-07-23 22:00:00,"29,407697670991865","0,0","47711,56908550693"
2030-07-23 23:00:00,"61,235808479908","0,0","47768,64205958413"
2030-07-24 00:00:00,"67,18426899673099","0,0","47831,65851456116"
2030-07-24 01:00:00,"65,978016913291","0,0","47893,46321926906"
2030-07-24 02:00:00,"62,805988628272715","0,0","47952,090503231455"
2030-07-24 03:00:00,"50,1947148874128","0,0","47998,10139822246"
2030-07-24 04:00:00,"2,787470558037228","0,0","47996,70103443351"
2030-07-24 05:00:00,"0,0","53,83427398147012","47938,67904828679"
2030-07-24 06:00:00,"0,0","45,12256909388239","47889,37382944595"
2030-07-24 07:00:00,"0,0","48,87704795498178","47836,31843362435"
2030-07-24 08:00:00,"0,0","27,58596202160942","47804,55875281941"
2030-07-24 09:00:00,"0,0","8,046741913856351","47792,34106315437"
2030-07-24 10:00:00,"0,0","1,5762366001777082","47786,59494479643"
2030-07-24 11:00:00,"8,461927633986875","0,0","47790,88749202149"
2030-07-24 12:00:00,"10,173890185933658","0,0","47796,89162727375"
2030-07-24 13:00:00,"20,43985893186789","0,0","47813,16120741113"
2030-07-24 14:00:00,"22,92058885715622","0,0","47831,91009795295"
2030-07-24 15:00:00,"25,475098419574095","0,0","47853,21186221647"
2030-07-24 16:00:00,"17,30947069995355","0,0","47866,34614018145"
2030-07-24 17:00:00,"9,711683854185821","0,0","47871,8814853349"
2030-07-24 18:00:00,"0,0","1,1292307280954503","47866,57543294721"
2030-07-24 19:00:00,"0,0","8,586534383873044","47853,812539856815"
2030-07-24 20:00:00,"0,0","11,2888459721826","47838,34844874054"
2030-07-24 21:00:00,"0,0","9,955629862062892","47824,21892297632"
2030-07-24 22:00:00,"14,57216738622293","0,0","47834,61842726151"
2030-07-24 23:00:00,"41,722370146636095","0,0","47872,16722695036"
2030-07-25 00:00:00,"34,20556661673072","0,0","47902,19594697654"
2030-07-25 01:00:00,"34,83656064441426","0,0","47932,85304102458"
2030-07-25 02:00:00,"33,26460088593021","0,0","47961,93550048268"
2030-07-25 03:00:00,"20,956840548883008","0,0","47978,70766215915"
2030-07-25 04:00:00,"0,0","25,056863785985115","47949,46465612964"
2030-07-25 05:00:00,"0,0","98,2583534985103","47847,02271183988"
2030-07-25 06:00:00,"0,0","146,15173973314586","47696,69631937513"
2030-07-25 07:00:00,"0,0","148,25913558238244","47544,275647038885"
2030-07-25 08:00:00,"0,0","134,25133155730106","47405,87607743138"
2030-07-25 09:00:00,"0,0","0,0","47401,73991474362"
2030-07-25 10:00:00,"0,0","107,95026390590999","47289,653849030154"
2030-07-25 11:00:00,"0,0","0,0","47285,52782673183"
2030-07-25 12:00:00,"0,0","0,0","47281,402164428946"
2030-07-25 13:00:00,"0,0","88,74179477861873","47188,53506731148"
2030-07-25 14:00:00,"0,0","81,87447386963254","47102,54339375722"
2030-07-25 15:00:00,"0,0","79,6902583601848","47018,74343848594"
2030-07-25 16:00:00,"0,0","77,00917801348527","46937,63187510745"
2030-07-25 17:00:00,"0,0","74,68101570509285","46858,85555102125"
2030-07-25 18:00:00,"0,0","77,59207012370229","46777,17504575072"
2030-07-25 19:00:00,"0,0","78,54417211973421","46694,549565108246"
2030-07-25 20:00:00,"0,0","64,54716816812021","46625,928297490565"
2030-07-25 21:00:00,"0,0","50,59014517026779","46571,27004007634"
2030-07-25 22:00:00,"0,0","18,365812364493735","46548,84088440085"
2030-07-25 23:00:00,"17,16543940390295","0,0","46561,94493743759"
2030-07-26 00:00:00,"64,55375325063737","0,0","46622,43616099244"
2030-07-26 01:00:00,"65,07017399270082","0,0","46683,438527430095"
2030-07-26 02:00:00,"67,65387624056054","0,0","46747,01927365914"
2030-07-26 03:00:00,"58,018100521484314","0,0","46800,958696748996"
2030-07-26 04:00:00,"16,11771949100219","0,0","46812,99303259371"
2030-07-26 05:00:00,"0,0","36,352757423271925","46772,555841528345"
2030-07-26 06:00:00,"0,0","65,76490443066052","46702,71003160051"
2030-07-26 07:00:00,"0,0","72,9861176112529","46625,649102539"
2030-07-26 08:00:00,"0,0","57,06867339250681","46564,51234126229"
2030-07-26 09:00:00,"0,0","51,75123687679178","46508,69835068373"
2030-07-26 10:00:00,"0,0","46,25677543357597","46458,38369131905"
2030-07-26 11:00:00,"0,0","39,04450225825465","46415,28569508373"
2030-07-26 12:00:00,"0,0","38,98497099282639","46372,25099041401"
2030-07-26 13:00:00,"0,0","31,635817685697475","46336,569193829404"
2030-07-26 14:00:00,"0,0","29,131042133232143","46303,395286034014"
2030-07-26 15:00:00,"0,0","24,828246408173015","46274,527068387135"
2030-07-26 16:00:00,"0,0","18,872292997917697","46251,6173229025"
2030-07-26 17:00:00,"0,0","15,232787350583635","46232,34908194049"
2030-07-26 18:00:00,"0,0","15,107697109038952","46213,207612374055"
2030-07-26 19:00:00,"0,0","12,271580278977154","46196,9039297309"
2030-07-26 20:00:00,"0,0","2,481112440826422","46190,392137422205"
2030-07-26 21:00:00,"9,52263451688026","0,0","46195,88466022509"
2030-07-26 22:00:00,"29,863824962018157","0,0","46221,717894250505"
2030-07-26 23:00:00,"50,33693465900444","0,0","46268,02198402324"
2030-07-27 00:00:00,"74,8992426558287","0,0","46338,88434176096"
2030-07-27 01:00:00,"75,57175675266478","0,0","46410,41303085481"
2030-07-27 02:00:00,"77,77002487212405","0,0","46484,13374719"
2030-07-27 03:00:00,"69,408612298984","0,0","46549,48661881954"
2030-07-27 04:00:00,"33,64164052434819","0,0","46579,0668166364"
2030-07-27 05:00:00,"0,0","8,995507972032271","46566,00728508462"
2030-07-27 06:00:00,"0,0","34,83933222703229","46527,10506872196"
2030-07-27 07:00:00,"0,0","42,53982274955257","46480,505756055165"
2030-07-27 08:00:00,"0,0","32,02045294301729","46444,42987898493"
2030-07-27 09:00:00,"0,0","28,437631799893865","46411,9399706781"
2030-07-27 10:00:00,"0,0","24,467031500433848","46383,42349741522"
2030-07-27 11:00:00,"0,0","19,26936279847189","46360,1071809166"
2030-07-27 12:00:00,"0,0","19,194384687039417","46336,86787687802"
2030-07-27 13:00:00,"0,0","13,854546076940778","46318,970439078825"
2030-07-27 14:00:00,"0,0","12,130766419772272","46302,79834248824"
2030-07-27 15:00:00,"0,0","8,358934469525451","46290,39948886333"
2030-07-27 16:00:00,"0,0","2,856909453477158","46283,503742054454"
2030-07-27 17:00:00,"1,671016227081708","0,0","46281,13652258004"
2030-07-27 18:00:00,"3,9900944262969915","0,0","46281,088587844744"
2030-07-27 19:00:00,"8,970587443624595","0,0","46286,02115030908"
2030-07-27 20:00:00,"19,811246739874434","0,0","46301,793941703596"
2030-07-27 21:00:00,"30,458475653550806","0,0","46328,21258583573"
2030-07-27 22:00:00,"47,42229516391234","0,0","46371,592744451526"
2030-07-27 23:00:00,"63,87846183554497","0,0","46431,425284820114"
2030-07-28 00:00:00,"73,86448470005217","0,0","46501,23862766407"
2030-07-28 01:00:00,"74,52586998567395","0,0","46571,707264579476"
2030-07-28 02:00:00,"76,76450807465636","0,0","46644,4083911953"
2030-07-28 03:00:00,"68,28117731680702","0,0","46708,61984387998"
2030-07-28 04:00:00,"31,894290985531512","0,0","46736,43880778413"
2030-07-28 05:00:00,"0,0","11,705630384485005","46720,65542311366"
2030-07-28 06:00:00,"0,0","37,894263233000515","46678,684782694996"
2030-07-28 07:00:00,"0,0","45,53926137017626","46629,07280607753"
2030-07-28 08:00:00,"0,0","34,513954806982326","46590,49046466821"
2030-07-28 09:00:00,"0,0","30,774672152436295","46555,65077222273"
2030-07-28 10:00:00,"0,0","26,651002861887264","46524,93778883097"
2030-07-28 11:00:00,"0,0","21,26325328723621","46499,615234721656"
2030-07-28 12:00:00,"0,0","21,190628041383405","46474,36751525105"
2030-07-28 13:00:00,"0,0","15,650523252547714","46454,6621034328"
2030-07-28 14:00:00,"0,0","13,85443408305585","46436,75450008122"
2030-07-28 15:00:00,"0,0","10,026435151341673","46422,67645809975"
2030-07-28 16:00:00,"0,0","4,487359174254493","46414,138720404524"
2030-07-28 17:00:00,"0,0","0,048659380604249236","46410,040427420565"
2030-07-28 18:00:00,"2,0592942867125714","0,0","46408,05044567999"
2030-07-28 19:00:00,"6,835568149144251","0,0","46410,83691142775"
2030-07-28 20:00:00,"17,56929489847036","0,0","46424,3568608057"
2030-07-28 21:00:00,"28,337650162416708","0,0","46448,643985832015"
2030-07-28 22:00:00,"45,639876274967605","0,0","46490,231217919216"
2030-07-28 23:00:00,"62,51553810476642","0,0","46548,69048335022"
2030-07-29 00:00:00,"65,29807408659248","0,0","46609,927184192136"
2030-07-29 01:00:00,"65,82456289638743","0,0","46671,6850309417"
2030-07-29 02:00:00,"68,37692203869216","0,0","46735,98984846144"
2030-07-29 03:00:00,"58,82547262718053","0,0","46790,73760597434"
2030-07-29 04:00:00,"17,374848028207964","0,0","46804,02996214643"
2030-07-29 05:00:00,"0,0","34,40851778435126","46765,537792747884"
2030-07-29 06:00:00,"0,0","63,57844807261989","46697,879051502845"
2030-07-29 07:00:00,"0,0","70,84207609983272","46622,96258545577"
2030-07-29 08:00:00,"0,0","55,27466603313849","46563,620065937044"
2030-07-29 09:00:00,"0,0","50,063909597004255","46509,49348048929"
2030-07-29 10:00:00,"0,0","44,68099028228386","46460,75453690083"
2030-07-29 11:00:00,"0,0","37,600819048710434","46419,100017018776"
2030-07-29 12:00:00,"0,0","37,54236806648436","46377,50758247581"
2030-07-29 13:00:00,"0,0","30,335115859791358","46343,126029079445"
2030-07-29 14:00:00,"0,0","27,880604036115386","46311,201987297296"
2030-07-29 15:00:00,"0,0","23,62043499657142","46283,540899927335"
2030-07-29 16:00:00,"0,0","17,687086276665838","46261,81557470715"
2030-07-29 17:00:00,"0,0","13,983506146537309","46243,79572515172"
2030-07-29 18:00:00,"0,0","13,709436668098334","46226,05151730661"
2030-07-29 19:00:00,"0,0","10,72922064076684","46211,28907367096"
2030-07-29 20:00:00,"0,0","0,8620830780451456","46206,395055621244"
2030-07-29 21:00:00,"11,059884285861301","0,0","46213,4234319385"
2030-07-29 22:00:00,"31,15829755605401","0,0","46240,54960830011"
2030-07-29 23:00:00,"51,3211208975093","0,0","46287,8362412443"
2030-07-30 00:00:00,"50,6661853747199","0,0","46334,46381290697"
2030-07-30 01:00:00,"60,77645800901547","0,0","46391,197588948315"
2030-07-30 02:00:00,"57,855998464665234","0,0","46445,005955423345"
2030-07-30 03:00:00,"54,494400488364846","0,0","46495,4480291421"
2030-07-30 04:00:00,"24,833789756055353","0,0","46516,22509105761"
2030-07-30 05:00:00,"0,0","23,455894058658885","46488,71065635976"
2030-07-30 06:00:00,"0,0","45,99013177829812","46438,664384576696"
2030-07-30 07:00:00,"0,0","39,69182950050231","46394,92078160864"
2030-07-30 08:00:00,"218,05678811788314","0,0","46608,929612888336"
2030-07-30 09:00:00,"291,7092449924087","0,0","46896,57222877202"
2030-07-30 10:00:00,"0,0","22,301925118994234","46870,17857772607"
2030-07-30 11:00:00,"0,0","3,6506581362700103","46862,43849650889"
2030-07-30 12:00:00,"2,555355874948418","0,0","46860,90510462502"
2030-07-30 13:00:00,"14,061268721164936","0,0","46870,8777593758"
2030-07-30 14:00:00,"18,181935583917152","0,0","46884,97021087521"
2030-07-30 15:00:00,"26,587114881551543","0,0","46907,46661210586"
2030-07-30 16:00:00,"27,54662411772324","0,0","46930,920559761675"
2030-07-30 17:00:00,"29,452469846342126","0,0","46956,27830678918"
2030-07-30 18:00:00,"25,871197433401335","0,0","46978,052568940315"
2030-07-30 19:00:00,"16,40178048936093","0,0","46990,355514343035"
2030-07-30 20:00:00,"14,720148326046683","0,0","47000,97575415045"
2030-07-30 21:00:00,"21,076551485319584","0,0","47017,95147050122"
2030-07-30 22:00:00,"40,17906313694668","0,0","47054,02821737236"
2030-07-30 23:00:00,"69,20735514422614","0,0","47119,13010855462"
2030-07-31 00:00:00,"81,25292956567563","0,0","47196,27189401833"
2030-07-31 01:00:00,"80,37652867433839","0,0","47272,53054796992"
2030-07-31 02:00:00,"78,05220123868793","0,0","47346,45822091829"
2030-07-31 03:00:00,"67,8872104880129","0,0","47410,21445292653"
2030-07-31 04:00:00,"29,660133816505976","0,0","47435,738045532016"
2030-07-31 05:00:00,"0,0","16,769010401799306","47414,83026698575"
2030-07-31 06:00:00,"0,0","11,819578823141399","47398,87374422182"
2030-07-31 07:00:00,"0,0","13,524435575468061","47381,21375691217"
2030-07-31 08:00:00,"3,1199420347059856","0,0","47380,19968804658"
2030-07-31 09:00:00,"18,531825428227336","0,0","47394,59759105203"
2030-07-31 10:00:00,"23,896301379550607","0,0","47414,358713791764"
2030-07-31 11:00:00,"31,874146824970524","0,0","47442,09595781896"
2030-07-31 12:00:00,"33,37189256812036","0,0","47471,32852751476"
2030-07-31 13:00:00,"41,96552181846526","0,0","47509,1521759192"
2030-07-31 14:00:00,"44,216156666115864","0,0","47549,22315905796"
2030-07-31 15:00:00,"46,095468624828555","0,0","47591,16995796216"
2030-07-31 16:00:00,"39,568906558442535","0,0","47626,58653494178"
2030-07-31 17:00:00,"32,6414018927387","0,0","47655,072517159344"
2030-07-31 18:00:00,"23,742138058156087","0,0","47674,656750140384"
2030-07-31 19:00:00,"17,339993353036476","0,0","47687,83712969197"
2030-07-31 20:00:00,"14,866212713205414","0,0","47698,54257861561"
2030-07-31 21:00:00,"15,970253064105975","0,0","47710,35113383974"
2030-07-31 22:00:00,"36,070435496395845","0,0","47742,258841199706"
2030-07-31 23:00:00,"58,51268512571151","0,0","47796,60601424152"
2030-08-01 00:00:00,"60,012130849278094","0,0","47852,44789121606"
2030-08-01 01:00:00,"60,449434400612716","0,0","47908,72219953817"
2030-08-01 02:00:00,"63,19083630986199","0,0","47967,732999836124"
2030-08-01 03:00:00,"52,971875663020995","0,0","48016,519690794914"
2030-08-01 04:00:00,"8,412731124768811","0,0","48020,742980576666"
2030-08-01 05:00:00,"0,0","48,458321593651306","47968,09484915796"
2030-08-01 06:00:00,"0,0","79,48397001543708","47884,42566286694"
2030-08-01 07:00:00,"0,0","86,52857780409659","47793,71916892375"
2030-08-01 08:00:00,"0,0","68,09661439533647","47721,45255253093"
2030-08-01 09:00:00,"0,0","61,95297260362514","47655,33588319209"
2030-08-01 10:00:00,"0,0","55,79159326430624","47595,38636187198"
2030-08-01 11:00:00,"0,0","47,648378813889195","47543,58528559802"
2030-08-01 12:00:00,"0,0","47,60227060609668","47491,83483717575"
2030-08-01 13:00:00,"0,0","39,36494973308592","47448,326224853125"
2030-08-01 14:00:00,"0,0","36,489311306272924","47407,69704708373"
2030-08-01 15:00:00,"0,0","31,971896183356336","47371,58882933302"
2030-08-01 16:00:00,"0,0","25,779710563555597","47341,67594764411"
2030-08-01 17:00:00,"0,0","22,531479031113435","47315,01390738656"
2030-08-01 18:00:00,"0,0","23,400905808810876","47287,484766614325"
2030-08-01 19:00:00,"0,0","21,54684443623171","47261,8120891322"
2030-08-01 20:00:00,"0,0","12,207348541819215","47245,4811474856"
2030-08-01 21:00:00,"0,4489178173935784","0,0","47241,80789707288"
2030-08-01 22:00:00,"22,269605832157083","0,0","47259,95565516602"
2030-08-01 23:00:00,"44,42999348382929","0,0","47300,26221751894"
2030-08-02 00:00:00,"72,65380214450339","0,0","47368,789071784966"
2030-08-02 01:00:00,"73,29825306482992","0,0","47437,95439800328"
2030-08-02 02:00:00,"75,5833175957499","0,0","47509,39875407781"
2030-08-02 03:00:00,"66,95399753227939","0,0","47572,20755656879"
2030-08-02 04:00:00,"29,845395055398512","0,0","47597,90227651488"
2030-08-02 05:00:00,"0,0","14,895074816938973","47578,854284724315"
2030-08-02 06:00:00,"0,0","41,49741216223089","47533,205617525746"
2030-08-02 07:00:00,"0,0","49,080494834007084","47479,97785050161"
2030-08-02 08:00:00,"0,0","37,44280281318774","47438,39241962096"
2030-08-02 09:00:00,"0,0","33,50854125561807","47400,744878626734"
2030-08-02 10:00:00,"0,0","29,205108529435563","47367,404055106635"
2030-08-02 11:00:00,"0,0","23,589107758415537","47339,68214134441"
2030-08-02 12:00:00,"0,0","23,514321946158333","47312,03743213142"
2030-08-02 13:00:00,"0,0","17,739907939529758","47290,16954892594"
2030-08-02 14:00:00,"0,0","15,858239419815277","47270,185242212974"
2030-08-02 15:00:00,"0,0","11,965046642665584","47254,09587190792"
2030-08-02 16:00:00,"0,0","6,377906582632249","47243,59504546047"
2030-08-02 17:00:00,"0,0","2,041008377947662","47237,4320334148"
2030-08-02 18:00:00,"0,0","0,1874609844479096","47233,12310648544"
2030-08-02 19:00:00,"4,342739332292609","0,0","47233,34475582669"
2030-08-02 20:00:00,"14,953158076215487","0,0","47244,17680457296"
2030-08-02 21:00:00,"25,872265447091138","0,0","47265,92701559386"
2030-08-02 22:00:00,"43,57197691569428","0,0","47305,37504037744"
2030-08-02 23:00:00,"60,9247086965306","0,0","47362,1723551017"
2030-08-03 00:00:00,"79,64500545580296","0,0","47437,685011019516"
2030-08-03 01:00:00,"78,94308551031457","0,0","47512,48915851262"
2030-08-03 02:00:00,"79,7646901562239","0,0","47588,10838398976"
2030-08-03 03:00:00,"75,08489019564902","0,0","47659,04121172891"
2030-08-03 04:00:00,"43,110489116904176","0,0","47697,993449500085"
2030-08-03 05:00:00,"0,0","1,4545777540526217","47692,377221817565"
2030-08-03 06:00:00,"0,0","9,504525156057014","47678,7115367489"
2030-08-03 07:00:00,"0,0","23,998484410207908","47650,55308475711"
2030-08-03 08:00:00,"0,0","12,777446786393085","47633,618127214075"
2030-08-03 09:00:00,"0,0","13,634854045955024","47615,827239986516"
2030-08-03 10:00:00,"0,0","13,427536813794035","47598,245222246034"
2030-08-03 11:00:00,"0,0","10,778938373606621","47583,31333697678"
2030-08-03 12:00:00,"0,0","9,173832001915684","47569,98786088622"
2030-08-03 13:00:00,"0,0","3,9119558358881648","47561,92542360947"
2030-08-03 14:00:00,"0,0","4,741070383664322","47553,034575232596"
2030-08-03 15:00:00,"0,35158618426999055","0,0","47549,23715915017"
2030-08-03 16:00:00,"7,078045890713952","0,0","47552,16653409875"
2030-08-03 17:00:00,"11,628012707778424","0,0","47559,64562027643"
2030-08-03 18:00:00,"17,15285777740337","0,0","47572,648898973464"
2030-08-03 19:00:00,"22,54786476245374","0,0","47591,04605011948"
2030-08-03 20:00:00,"32,65934362927986","0,0","47619,5530749809"
2030-08-03 21:00:00,"44,30718511405162","0,0","47659,705454089155"
2030-08-03 22:00:00,"55,87133915247949","0,0","47711,41848394077"
2030-08-03 23:00:00,"70,29008362670184","0,0","47777,54574630474"
2030-08-04 00:00:00,"78,20033811264416","0,0","47851,57749355102"
2030-08-04 01:00:00,"77,39275975161891","0,0","47924,79520316632"
2030-08-04 02:00:00,"78,19679451554899","0,0","47998,81055930039"
2030-08-04 03:00:00,"73,54990024067888","0,0","48068,17256331977"
2030-08-04 04:00:00,"40,75311878071402","0,0","48104,73173404433"
2030-08-04 05:00:00,"0,0","5,6078480585782415","48094,92674814196"
2030-08-04 06:00:00,"0,0","13,099335161123747","48077,63113062206"
2030-08-04 07:00:00,"0,0","27,862891018127954","48045,57346628779"
2030-08-04 08:00:00,"0,0","15,76794599598287","48025,61354400687"
2030-08-04 09:00:00,"0,0","16,663813576997057","48004,759495648155"
2030-08-04 10:00:00,"0,0","16,445344895883466","47984,12573548628"
2030-08-04 11:00:00,"0,0","13,653245244680988","47966,285875271176"
2030-08-04 12:00:00,"0,0","11,935480479872467","47950,16533634869"
2030-08-04 13:00:00,"0,0","6,336279543867221","47939,64540487923"
2030-08-04 14:00:00,"0,0","7,217028101407294","47928,24564271625"
2030-08-04 15:00:00,"0,0","1,9424850618644598","47922,12141822205"
2030-08-04 16:00:00,"4,916365035090223","0,0","47922,8565781634"
2030-08-04 17:00:00,"9,318817496813153","0,0","47927,99412642377"
2030-08-04 18:00:00,"14,698791074448536","0,0","47938,51120001069"
2030-08-04 19:00:00,"19,770806968922102","0,0","47954,09937187741"
2030-08-04 20:00:00,"29,651100229245515","0,0","47979,56647693646"
2030-08-04 21:00:00,"41,55961475013399","0,0","48016,93987451148"
2030-08-04 22:00:00,"53,35806001564475","0,0","48066,10845652307"
2030-08-04 23:00:00,"68,38082743398438","0,0","48130,29551599422"
2030-08-05 00:00:00,"78,42249685517875","0,0","48204,51864456563"
2030-08-05 01:00:00,"77,6284392503863","0,0","48277,94123956428"
2030-08-05 02:00:00,"78,43293677154453","0,0","48352,161925962675"
2030-08-05 03:00:00,"73,77927234869833","0,0","48421,72247218333"
2030-08-05 04:00:00,"41,109000664304446","0,0","48458,60667756194"
2030-08-05 05:00:00,"0,0","5,0148038039577045","48449,36386032537"
2030-08-05 06:00:00,"0,0","12,585776253882017","48432,55087707468"
2030-08-05 07:00:00,"0,0","27,290387037040404","48401,034749973616"
2030-08-05 08:00:00,"0,0","15,31022344398798","48381,5015362477"
2030-08-05 09:00:00,"0,0","16,199918863280658","48361,08033137538"
2030-08-05 10:00:00,"0,0","15,990496585854629","48340,87033053062"
2030-08-05 11:00:00,"0,0","13,216662501483086","48323,4359270928"
2030-08-05 12:00:00,"0,0","11,510624534143517","48307,70908277402"
2030-08-05 13:00:00,"0,0","5,961128420111834","48297,53310673644"
2030-08-05 14:00:00,"0,0","6,832618735069673","48286,48652823781"
2030-08-05 15:00:00,"0,0","1,5879914499585084","48280,68554083826"
2030-08-05 16:00:00,"5,2537890526744775","0,0","48281,7268400775"
2030-08-05 17:00:00,"9,679502810159988","0,0","48287,193762220864"
2030-08-05 18:00:00,"15,08131033243464","0,0","48298,06201489754"
2030-08-05 19:00:00,"20,193155280325527","0,0","48314,04116426707"
2030-08-05 20:00:00,"30,109883524723216","0,0","48339,935647700215"
2030-08-05 21:00:00,"41,98366087071366","0,0","48377,70164918566"
2030-08-05 22:00:00,"53,745786841457175","0,0","48427,22648155823"
2030-08-05 23:00:00,"68,67359942867549","0,0","48491,67480547639"
2030-08-06 00:00:00,"105,2189068782923","0,0","48592,662813727904"
2030-08-06 01:00:00,"106,35076114891929","0,0","48694,77386504633"
2030-08-06 02:00:00,"110,14703708104662","0,0","48800,672283107655"
2030-08-06 03:00:00,"105,9367747452872","0,0","48902,35119919624"
2030-08-06 04:00:00,"91,47477483246944","0,0","48989,55924388657"
2030-08-06 05:00:00,"75,38337921024927","0,0","49060,668284052794"
2030-08-06 06:00:00,"74,76649550864539","0,0","49131,15423625366"
2030-08-06 07:00:00,"68,427864132975","0,0","49195,29540717952"
2030-08-06 08:00:00,"74,04597139692679","0,0","49265,04908905217"
2030-08-06 09:00:00,"76,55376451963477","0,0","49337,304478038786"
2030-08-06 10:00:00,"73,35398864825234","0,0","49406,35378687133"
2030-08-06 11:00:00,"81,6201216154934","0,0","49483,66320411892"
2030-08-06 12:00:00,"86,68593609552433","0,0","49566,03169059989"
2030-08-06 13:00:00,"93,1358468539219","0,0","49654,84290118881"
2030-08-06 14:00:00,"92,49964664643619","0,0","49743,01016279212"
2030-08-06 15:00:00,"100,42917548810664","0,0","49839,09926064352"
2030-08-06 16:00:00,"106,00454522834801","0,0","49940,75534446137"
2030-08-06 17:00:00,"107,71914628676382","0,0","50044,11715984433"
2030-08-06 18:00:00,"109,93582487869865","0,0","50149,68663550083"
2030-08-06 19:00:00,"108,35101176122026","0,0","50253,662087103105"
2030-08-06 20:00:00,"107,15793102671344","0,0","50356,43538611272"
2030-08-06 21:00:00,"108,585542316621","0,0","50460,6273294419"
2030-08-06 22:00:00,"112,39950548949844","0,0","50568,6241451969"
2030-08-06 23:00:00,"121,8685004489281","0,0","50686,08053318917"
2030-08-07 00:00:00,"108,4895477098713","0,0","50790,147720372515"
2030-08-07 01:00:00,"107,50428603542616","0,0","50893,22056601934"
2030-08-07 02:00:00,"103,3407774869249","0,0","50992,12091001189"
2030-08-07 03:00:00,"101,38130245488334","0,0","51089,05314991737"
2030-08-07 04:00:00,"78,37294257755087","0,0","51162,96857260759"
2030-08-07 05:00:00,"52,950220218874534","0,0","51211,45482381851"
2030-08-07 06:00:00,"49,060691736365385","0,0","51256,04731612149"
2030-08-07 07:00:00,"51,03686198122955","0,0","51302,61208797439"
2030-08-07 08:00:00,"66,88965330038266","0,0","51365,0255883701"
2030-08-07 09:00:00,"72,0619671114462","0,0","51432,60595699897"
2030-08-07 10:00:00,"75,83218670178951","0,0","51503,95064883101"
2030-08-07 11:00:00,"80,36771268669652","0,0","51579,824641823594"
2030-08-07 12:00:00,"80,67167366076961","0,0","51655,99597578437"
2030-08-07 13:00:00,"87,59125095685822","0,0","51739,08024109234"
2030-08-07 14:00:00,"89,90352901964566","0,0","51824,46953536096"
2030-08-07 15:00:00,"92,38816653343562","0,0","51912,33601692743"
2030-08-07 16:00:00,"90,87441596130634","0,0","51998,68108157126"
2030-08-07 17:00:00,"83,14668393377045","0,0","52077,290880580666"
2030-08-07 18:00:00,"77,34685765335993","0,0","52150,0939946047"
2030-08-07 19:00:00,"75,11847634761","0,0","52220,66237525128"
2030-08-07 20:00:00,"67,46639798454414","0,0","52283,57252044359"
2030-08-07 21:00:00,"65,11212991801521","0,0","52344,12290865919"
2030-08-07 22:00:00,"77,34114682827284","0,0","52416,897030763685"
2030-08-07 23:00:00,"89,92691325018527","0,0","52502,250569747936"
2030-08-08 00:00:00,"45,92031788043691","0,0","52543,590066266166"
2030-08-08 01:00:00,"46,71745069288633","0,0","52585,72308872577"
2030-08-08 02:00:00,"45,867649700113134","0,0","52627,00263408639"
2030-08-08 03:00:00,"34,72547667821283","0,0","52657,13640478478"
2030-08-08 04:00:00,"0,0","7,061826574187734","52645,480243059275"
2030-08-08 05:00:00,"0,0","70,78984786692246","52570,097077041144"
2030-08-08 06:00:00,"0,0","113,0079393869014","52452,50239668427"
2030-08-08 07:00:00,"0,0","115,85632896435874","52332,0695868858"
2030-08-08 08:00:00,"0,0","104,99685784447666","52222,50675596987"
2030-08-08 09:00:00,"0,0","94,14681310974211","52123,80352914567"
2030-08-08 10:00:00,"0,0","83,74111717606212","52035,51461011169"
2030-08-08 11:00:00,"0,0","76,22477698562022","51954,74973447634"
2030-08-08 12:00:00,"0,0","71,91909179480282","51878,29759076721"
2030-08-08 13:00:00,"0,0","67,97912303028062","51805,79208627214"
2030-08-08 14:00:00,"0,0","62,411448802352254","51738,860582110254"
2030-08-08 15:00:00,"0,0","60,29061054183791","51674,05575598263"
2030-08-08 16:00:00,"0,0","57,31729601853419","51612,229898599384"
2030-08-08 17:00:00,"0,0","54,338777375655695","51553,387954165075"
2030-08-08 18:00:00,"0,0","55,39356964662329","51493,49635141945"
2030-08-08 19:00:00,"0,0","54,44525775977786","51434,55828610301"
2030-08-08 20:00:00,"0,0","40,72642726403558","51389,34419362851"
2030-08-08 21:00:00,"0,0","27,789657332112256","51357,070816015505"
2030-08-08 22:00:00,"0,407940083061078","0,0","51352,99785166987"
2030-08-08 23:00:00,"31,070968755861884","0,0","51379,58827136317"
2030-08-09 00:00:00,"35,36142983404835","0,0","51410,466832120546"
2030-08-09 01:00:00,"36,011113106352184","0,0","51441,9923819958"
2030-08-09 02:00:00,"34,513988485226974","0,0","51472,0180566457"
2030-08-09 03:00:00,"22,32072112850952","0,0","51489,84784419877"
2030-08-09 04:00:00,"0,0","23,28222646339765","51462,073128510965"
2030-08-09 05:00:00,"0,0","95,54987492310389","51362,0331877074"
2030-08-09 06:00:00,"0,0","142,8784379463932","51214,67341236538"
2030-08-09 07:00:00,"0,0","145,05048982297836","51065,154442287174"
2030-08-09 08:00:00,"0,0","131,35827122381363","50929,34073633827"
2030-08-09 09:00:00,"0,0","118,27653406297566","50806,62061729605"
2030-08-09 10:00:00,"0,0","105,56408538325695","50696,62365426394"
2030-08-09 11:00:00,"0,0","96,66081670533003","50595,53955714478"
2030-08-09 12:00:00,"0,0","91,41273390000094","50499,71236241842"
2030-08-09 13:00:00,"0,0","86,69749198835689","50408,608770526436"
2030-08-09 14:00:00,"0,0","79,96059475166169","50324,250024659545"
2030-08-09 15:00:00,"0,0","77,78347691839178","50242,075756926504"
2030-08-09 16:00:00,"0,0","75,07437092561207","50162,6177648911"
2030-08-09 17:00:00,"0,0","72,6846988388995","50085,55637765222"
2030-08-09 18:00:00,"0,0","75,41130363043555","50005,775109227834"
2030-08-09 19:00:00,"0,0","76,1755033108928","49925,23660203866"
2030-08-09 20:00:00,"0,0","62,210052754719015","49858,670572390416"
2030-08-09 21:00:00,"0,0","48,35340399470891","49805,96699938826"
2030-08-09 22:00:00,"0,0","16,524511667889726","49785,096917099676"
2030-08-09 23:00:00,"18,531812725163917","0,0","49799,28498011883"
2030-08-10 00:00:00,"40,41375024436496","0,0","49835,35374274867"
2030-08-10 01:00:00,"41,13070667161219","0,0","49872,13631480623"
2030-08-10 02:00:00,"39,935391154809025","0,0","49907,72036206757"
2030-08-10 03:00:00,"28,247563365111517","0,0","49931,613476831095"
2030-08-10 04:00:00,"0,0","15,520190876717095","49911,736752678524"
2030-08-10 05:00:00,"0,0","83,69908053616325","49823,68287311069"
2030-08-10 06:00:00,"0,0","128,5928693318042","49690,74288744821"
2030-08-10 07:00:00,"0,0","131,10202854083798","49555,30534159044"
2030-08-10 08:00:00,"0,0","118,75375847968417","49432,22788271971"
2030-08-10 09:00:00,"0,0","106,73504809398918","49321,179872742956"
2030-08-10 10:00:00,"0,0","95,11937613267816","49221,757223666384"
2030-08-10 11:00:00,"0,0","86,87708146972801","49130,58554387889"
2030-08-10 12:00:00,"0,0","82,07738016790563","49044,221520122286"
2030-08-10 13:00:00,"0,0","77,73169256681183","48962,21071922784"
2030-08-10 14:00:00,"0,0","71,55101535528405","48886,387750987305"
2030-08-10 15:00:00,"0,0","69,40026288934746","48812,72215076668"
2030-08-10 16:00:00,"0,0","66,56279454307463","48741,90044621596"
2030-08-10 17:00:00,"0,0","63,887311359812884","48673,760404042216"
2030-08-10 18:00:00,"0,0","65,81429987625285","48603,69931857071"
2030-08-10 19:00:00,"0,0","65,75841806893979","48533,700227736226"
2030-08-10 20:00:00,"0,0","51,90610355580293","48477,55955883555"
2030-08-10 21:00:00,"0,0","38,48964344722839","48434,84024831682"
2030-08-10 22:00:00,"0,0","8,401426660837444","48422,212881844316"
2030-08-10 23:00:00,"24,541670204917438","0,0","48442,529713975295"
2030-08-11 00:00:00,"72,65380214450339","0,0","48510,95690540225"
2030-08-11 01:00:00,"73,29825306482992","0,0","48580,02257747709"
2030-08-11 02:00:00,"75,5833175957499","0,0","48651,367288102956"
2030-08-11 03:00:00,"66,95399753227939","0,0","48714,07645383935"
2030-08-11 04:00:00,"29,845395055398512","0,0","48739,671545724144"
2030-08-11 05:00:00,"0,0","14,895074816938973","48720,523934564844"
2030-08-11 06:00:00,"0,0","41,49741216223089","48674,77565668932"
2030-08-11 07:00:00,"0,0","49,080494834007084","48621,44828767927"
2030-08-11 08:00:00,"0,0","37,44280281318774","48579,76326350298"
2030-08-11 09:00:00,"0,0","33,50854125561807","48542,016137902625"
2030-08-11 10:00:00,"0,0","29,205108529435563","48508,57573846516"
2030-08-11 11:00:00,"0,0","23,589107758415537","48480,75425747356"
2030-08-11 12:00:00,"0,0","23,514321946158333","48453,00998971844"
2030-08-11 13:00:00,"0,0","17,739907939529758","48431,0425566573"
2030-08-11 14:00:00,"0,0","15,858239419815277","48410,95870877442"
2030-08-11 15:00:00,"0,0","11,965046642665584","48394,76980598441"
2030-08-11 16:00:00,"0,0","6,377906582632249","48384,169455736206"
2030-08-11 17:00:00,"0,0","2,041008377947662","48377,90692857325"
2030-08-11 18:00:00,"0,0","0,1874609844479096","48373,498495209285"
2030-08-11 19:00:00,"4,342739332292609","0,0","48373,62064679787"
2030-08-11 20:00:00,"14,953158076215487","0,0","48384,35320647265"
2030-08-11 21:00:00,"25,872265447091138","0,0","48406,00393710248"
2030-08-11 22:00:00,"43,57197691569428","0,0","48445,352490174664"
2030-08-11 23:00:00,"60,9247086965306","0,0","48502,05034186643"
2030-08-12 00:00:00,"68,61850419617213","0,0","48566,43704217028"
2030-08-12 01:00:00,"69,19733914228323","0,0","48631,39695968063"
2030-08-12 02:00:00,"71,63130784923872","0,0","48698,78517814513"
2030-08-12 03:00:00,"62,49751591066229","0,0","48757,033725049"
2030-08-12 04:00:00,"23,004423426248024","0,0","48775,78409728273"
2030-08-12 05:00:00,"0,0","25,593440684353283","48745,9349694359"
2030-08-12 06:00:00,"0,0","53,598599678662055","48688,08328693115"
2030-08-12 07:00:00,"0,0","61,00501988835663","48622,83023177601"
2030-08-12 08:00:00,"0,0","47,223902930484996","48571,3639869078"
2030-08-12 09:00:00,"0,0","42,59592263701734","48524,530212762926"
2030-08-12 10:00:00,"0,0","37,699232268310226","48482,59721523355"
2030-08-12 11:00:00,"0,0","31,28527859895982","48447,081830027564"
2030-08-12 12:00:00,"0,0","31,21776322233626","48411,637058915556"
2030-08-12 13:00:00,"0,0","24,65977932187991","48382,75336426029"
2030-08-12 14:00:00,"0,0","22,4656700762678","48356,06629895299"
2030-08-12 15:00:00,"0,0","18,36927671024725","48333,477955458155"
2030-08-12 16:00:00,"0,0","12,59529972515034","48316,66555978139"
2030-08-12 17:00:00,"0,0","8,606740961360174","48303,84318974994"
2030-08-12 18:00:00,"0,0","7,615994792714645","48292,01268463892"
2030-08-12 19:00:00,"0,0","3,932238233058854","48283,866968299124"
2030-08-12 20:00:00,"6,269333415973961","0,0","48285,92353432211"
2030-08-12 21:00:00,"17,732062472221685","0,0","48299,44264996596"
2030-08-12 22:00:00,"36,74877151732332","0,0","48331,977295112076"
2030-08-12 23:00:00,"55,65166249343724","0,0","48383,411992586516"
2030-08-13 00:00:00,"93,56592500789313","0,0","48472,756464898055"
2030-08-13 01:00:00,"95,28801720438943","0,0","48563,81523410088"
2030-08-13 02:00:00,"99,61323622097946","0,0","48659,19127744269"
2030-08-13 03:00:00,"93,2547967467253","0,0","48748,20055975046"
2030-08-13 04:00:00,"71,58925633329939","0,0","48815,53653558492"
2030-08-13 05:00:00,"44,984580695828186","0,0","48856,26196071802"
2030-08-13 06:00:00,"31,13085721359694","0,0","48883,130109075544"
2030-08-13 07:00:00,"35,10919324800264","0,0","48913,97424922153"
2030-08-13 08:00:00,"41,16048883160636","0,0","48950,86699379989"
2030-08-13 09:00:00,"45,17720738278953","0,0","48991,77323803747"
2030-08-13 10:00:00,"46,03554229356064","0,0","49033,53424811602"
2030-08-13 11:00:00,"55,17958615519893","0,0","49084,435658408074"
2030-08-13 12:00:00,"60,90670527642723","0,0","49141,05974667331"
2030-08-13 13:00:00,"70,6658838523858","0,0","49207,438073062796"
2030-08-13 14:00:00,"72,7611211262213","0,0","49275,905845217145"
2030-08-13 15:00:00,"80,13239531128976","0,0","49351,73891774344"
2030-08-13 16:00:00,"84,38025773880177","0,0","49431,813236261674"
2030-08-13 17:00:00,"85,34066838874398","0,0","49512,840978945555"
2030-08-13 18:00:00,"86,18916671117525","0,0","49594,71015028132"
2030-08-13 19:00:00,"82,07674077746114","0,0","49672,459752598166"
2030-08-13 20:00:00,"80,8806459249335","0,0","49749,00647640968"
2030-08-13 21:00:00,"82,27773727811702","0,0","49826,94361287274"
2030-08-13 22:00:00,"91,74597593638977","0,0","49914,34218797891"
2030-08-13 23:00:00,"106,84204700198438","0,0","50016,82920862499"
2030-08-14 00:00:00,"116,52883338437991","0,0","50128,99407366092"
2030-08-14 01:00:00,"115,74790345611883","0,0","50240,36822238411"
2030-08-14 02:00:00,"112,79784411507548","0,0","50348,78259437178"
2030-08-14 03:00:00,"111,07631149383108","0,0","50455,46597458426"
2030-08-14 04:00:00,"93,24524495799358","0,0","50544,30898013597"
2030-08-14 05:00:00,"73,74358251697984","0,0","50613,642571694436"
2030-08-14 06:00:00,"70,5765626119186","0,0","50679,80309399198"
2030-08-14 07:00:00,"72,23476263349158","0,0","50747,616043805516"
2030-08-14 08:00:00,"83,96007891136765","0,0","50827,14839321706"
2030-08-14 09:00:00,"87,71831942524899","0,0","50910,432043945"
2030-08-14 10:00:00,"90,64711767480257","0,0","50996,63722642397"
2030-08-14 11:00:00,"93,96710834930279","0,0","51086,154878175264"
2030-08-14 12:00:00,"94,20813219393239","0,0","51175,90574335608"
2030-08-14 13:00:00,"100,15318098513998","0,0","51271,59382656511"
2030-08-14 14:00:00,"101,91890450143103","0,0","51369,039284505176"
2030-08-14 15:00:00,"103,84162592924193","0,0","51468,398961756844"
2030-08-14 16:00:00,"102,52194983440882","0,0","51566,43029378184"
2030-08-14 17:00:00,"95,99391547688722","0,0","51657,925038215595"
2030-08-14 18:00:00,"91,53230009362159","0,0","51744,95018434963"
2030-08-14 19:00:00,"89,66750717696058","0,0","51830,10294462302"
2030-08-14 20:00:00,"83,81206199751128","0,0","51909,39283013861"
2030-08-14 21:00:00,"81,76816559303492","0,0","51986,63190120722"
2030-08-14 22:00:00,"90,88505105714074","0,0","52072,98111863098"
2030-08-14 23:00:00,"100,17267013025602","0,0","52168,610421158635"
2030-08-15 00:00:00,"65,14992266555745","0,0","52229,20863256495"
2030-08-15 01:00:00,"65,67641147535242","0,0","52290,32804558711"
2030-08-15 02:00:00,"68,23885822510807","0,0","52354,004572690246"
2030-08-15 03:00:00,"58,677552584759596","0,0","52408,114238376045"
2030-08-15 04:00:00,"17,12769110129571","0,0","52420,669321510046"
2030-08-15 05:00:00,"0,0","34,76881849934756","52381,3267996124"
2030-08-15 06:00:00,"0,0","63,972232919856225","52312,784295929276"
2030-08-15 07:00:00,"0,0","71,2172287725976","52237,002776726855"
2030-08-15 08:00:00,"0,0","55,623085181920004","52176,82201305267"
2030-08-15 09:00:00,"0,0","50,41196213814527","52121,857623193886"
2030-08-15 10:00:00,"0,0","45,00364050097727","52072,30635061529"
2030-08-15 11:00:00,"0,0","37,913844417181025","52029,84919746902"
2030-08-15 12:00:00,"0,0","37,850648624356865","51987,458944502185"
2030-08-15 13:00:00,"0,0","30,618939149391935","51952,304099559886"
2030-08-15 14:00:00,"0,0","28,162286299030995","51919,608974728166"
2030-08-15 15:00:00,"0,0","23,88894357117536","51891,19004527394"
2030-08-15 16:00:00,"0,0","17,961169026736655","51868,70136991576"
2030-08-15 17:00:00,"0,0","14,270646895612714","51849,905178825626"
2030-08-15 18:00:00,"0,0","14,01711923971618","51831,36415535906"
2030-08-15 19:00:00,"0,0","11,054358954066345","51815,78750988244"
2030-08-15 20:00:00,"0,0","1,204908511640383","51810,06167391056"
2030-08-15 21:00:00,"10,717541149213616","0,0","51816,258787178725"
2030-08-15 22:00:00,"30,86427096969541","0,0","51842,60208956924"
2030-08-15 23:00:00,"51,11279089968983","0,0","51889,19161343662"
2030-08-16 00:00:00,"62,04108139411389","0,0","51946,705362862456"
2030-08-16 01:00:00,"62,51533975689975","0,0","52004,68835257645"
2030-08-16 02:00:00,"65,18620502386074","0,0","52065,33714854155"
2030-08-16 03:00:00,"55,22776419340002","0,0","52116,02221206874"
2030-08-16 04:00:00,"11,854479883793687","0,0","52123,329569014524"
2030-08-16 05:00:00,"0,0","43,04682292899827","52075,73498558063"
2030-08-16 06:00:00,"0,0","73,34833037675912","51997,84304732638"
2030-08-16 07:00:00,"0,0","80,4695328291308","51912,83670269138"
2030-08-16 08:00:00,"0,0","63,170220667027365","51845,137087022034"
2030-08-16 09:00:00,"0,0","57,399678925936286","51783,21391988526"
2030-08-16 10:00:00,"0,0","51,53539116510788","51727,16044330564"
2030-08-16 11:00:00,"0,0","43,81104815084527","51678,83620040611"
2030-08-16 12:00:00,"0,0","43,7576304279803","51630,56959151965"
2030-08-16 13:00:00,"0,0","35,91794813075816","51590,14687619203"
2030-08-16 14:00:00,"0,0","33,210613702143746","51552,43502217495"
2030-08-16 15:00:00,"0,0","28,78798065089265","51519,14909156837"
2030-08-16 16:00:00,"0,0","22,703669534172548","51491,950376275956"
2030-08-16 17:00:00,"0,0","19,28020753780038","51468,17749606783"
2030-08-16 18:00:00,"0,0","19,704086425508876","51443,98281115579"
2030-08-16 19:00:00,"0,0","17,408566917135545","51422,08575673838"
2030-08-16 20:00:00,"0,0","7,868032549266047","51409,73114720684"
2030-08-16 21:00:00,"4,4934997440642235","0,0","51409,73914790831"
2030-08-16 22:00:00,"25,65429092903426","0,0","51430,907939096694"
2030-08-16 23:00:00,"47,06493369100204","0,0","51473,485526070006"
2030-08-17 00:00:00,"78,17981582982117","0,0","51547,174280287676"
2030-08-17 01:00:00,"77,36820633375943","0,0","51620,044995665485"
2030-08-17 02:00:00,"78,17129604351376","0,0","51693,71244278312"
2030-08-17 03:00:00,"73,52357240377495","0,0","51762,725738776266"
2030-08-17 04:00:00,"40,7157582821834","0,0","51798,92519923774"
2030-08-17 05:00:00,"0,0","5,69439200269602","51788,71135101141"
2030-08-17 06:00:00,"0,0","13,173785700132044","51771,0190002459"
2030-08-17 07:00:00,"0,0","27,931786921388834","51738,57019191673"
2030-08-17 08:00:00,"0,0","15,811478656234982","51718,24452301125"
2030-08-17 09:00:00,"0,0","16,708889277679532","51697,02321689894"
2030-08-17 10:00:00,"0,0","16,49385374534782","51676,018797877914"
2030-08-17 11:00:00,"0,0","13,69772295910883","51657,812342278696"
2030-08-17 12:00:00,"0,0","11,974982005088066","51641,33021614674"
2030-08-17 13:00:00,"0,0","6,369261839440213","51630,45524824595"
2030-08-17 14:00:00,"0,0","7,2500103969802865","51618,70048062856"
2030-08-17 15:00:00,"0,0","1,9739243170070893","51612,222824694625"
2030-08-17 16:00:00,"4,8882432394224224","0,0","51612,60790149259"
2030-08-17 17:00:00,"9,288323295846283","0,0","51617,393024749035"
2030-08-17 18:00:00,"14,667467508612958","0,0","51627,55687471624"
2030-08-17 19:00:00,"19,727987984231675","0,0","51642,780358363154"
2030-08-17 20:00:00,"29,606738204124696","0,0","51667,88126398101"
2030-08-17 21:00:00,"41,521887643962856","0,0","51704,895128984695"
2030-08-17 22:00:00,"53,323418990334346","0,0","51753,70729587503"
2030-08-17 23:00:00,"68,35318793526415","0,0","51817,54497284873"
2030-08-18 00:00:00,"82,61307428350831","0,0","51895,63696633336"
2030-08-18 01:00:00,"82,12449650647159","0,0","51973,233568514515"
2030-08-18 02:00:00,"82,96914751123","0,0","52051,66805139689"
2030-08-18 03:00:00,"78,22270681437683","0,0","52125,349250173786"
2030-08-18 04:00:00,"47,94174965600162","0,0","52168,74306310771"
2030-08-18 05:00:00,"6,903774271246675","0,0","52171,0951145467"
2030-08-18 06:00:00,"0,0","2,2715616868279085","52164,271624811125"
2030-08-18 07:00:00,"0,0","16,134999901117368","52143,585292210744"
2030-08-18 08:00:00,"0,0","6,632923612023546","52132,40284078198"
2030-08-18 09:00:00,"0,0","7,407238066959536","52120,44705056716"
2030-08-18 10:00:00,"0,0","7,250210299345099","52108,649331262655"
2030-08-18 11:00:00,"0,0","4,8873221590909","52099,215529449415"
2030-08-18 12:00:00,"0,0","3,4888042495761056","52091,181068644895"
2030-08-18 13:00:00,"1,0970911749602692","0,0","52087,733204271615"
2030-08-18 14:00:00,"0,37278768714227795","0,0","52083,561337236686"
2030-08-18 15:00:00,"5,08138040765067","0,0","52084,09842691767"
2030-08-18 16:00:00,"11,553956765673405","0,0","52091,10804609559"
2030-08-18 17:00:00,"16,409637887126593","0,0","52102,9727348057"
2030-08-18 18:00:00,"22,22945304827647","0,0","52120,65620348286"
2030-08-18 19:00:00,"28,246872930235426","0,0","52144,35554915934"
2030-08-18 20:00:00,"38,83532404950199","0,0","52178,641278187184"
2030-08-18 21:00:00,"49,978522448721435","0,0","52224,06721418438"
2030-08-18 22:00:00,"61,05735196686355","0,0","52280,56801628681"
2030-08-18 23:00:00,"74,21867325907951","0,0","52350,22520998646"
2030-08-19 00:00:00,"72,40089983167786","0,0","52418,05855266857"
2030-08-19 01:00:00,"73,03788646818604","0,0","52486,522963528034"
2030-08-19 02:00:00,"75,3312641875125","0,0","52557,27477858697"
2030-08-19 03:00:00,"66,66566390871358","0,0","52619,354820271255"
2030-08-19 04:00:00,"29,412672236790698","0,0","52644,17645379998"
2030-08-19 05:00:00,"0,0","15,585019532171714","52623,99822987222"
2030-08-19 06:00:00,"0,0","42,28447072597987","52577,12231530068"
2030-08-19 07:00:00,"0,0","49,864679155789986","52522,670282222876"
2030-08-19 08:00:00,"0,0","38,0626947320892","52480,02498450866"
2030-08-19 09:00:00,"0,0","34,07095608024525","52441,375146248516"
2030-08-19 10:00:00,"0,0","29,73288232875234","52407,066753938256"
2030-08-19 11:00:00,"0,0","24,056067464263833","52378,43816989972"
2030-08-19 12:00:00,"0,0","23,983056071051067","52349,88509509834"
2030-08-19 13:00:00,"0,0","18,160248904265245","52327,15731871953"
2030-08-19 14:00:00,"0,0","16,251558411804552","52306,340215831675"
2030-08-19 15:00:00,"0,0","12,348740784432096","52289,42774686342"
2030-08-19 16:00:00,"0,0","6,743007629366076","52278,12248666314"
2030-08-19 17:00:00,"0,0","2,4298334776722754","52271,1313869985"
2030-08-19 18:00:00,"0,0","0,6349786906754105","52265,935752094316"
2030-08-19 19:00:00,"3,8338095463420245","0,0","52265,20935874629"
2030-08-19 20:00:00,"14,420137629633558","0,0","52275,06935685937"
2030-08-19 21:00:00,"25,38451300036695","0,0","52295,89287005836"
2030-08-19 22:00:00,"43,16548423539331","0,0","52334,49553764084"
2030-08-19 23:00:00,"60,601906807110225","0,0","52390,53125971229"
2030-08-20 00:00:00,"94,69146678369972","0,0","52480,65165264358"
2030-08-20 01:00:00,"96,36817529103126","0,0","52572,440891077924"
2030-08-20 02:00:00,"100,56785067495488","0,0","52668,42179628513"
2030-08-20 03:00:00,"94,33368225098968","0,0","52758,1601587344"
2030-08-20 04:00:00,"73,16932043994257","0,0","52826,72632970049"
2030-08-20 05:00:00,"47,15771169483017","0,0","52869,274909523054"
2030-08-20 06:00:00,"33,63855442991763","0,0","52898,30061971712"
2030-08-20 07:00:00,"37,49340969946425","0,0","52931,178652687515"
2030-08-20 08:00:00,"43,3847879851252","0,0","52969,94519533519"
2030-08-20 09:00:00,"47,25879715973264","0,0","53012,58236477663"
2030-08-20 10:00:00,"48,15425809240142","0,0","53056,1112750577"
2030-08-20 11:00:00,"56,98881207997633","0,0","53108,470941428925"
2030-08-20 12:00:00,"62,713192188265","0,0","53166,55041952756"
2030-08-20 13:00:00,"72,37592996282069","0,0","53234,287567966276"
2030-08-20 14:00:00,"74,53867331922311","0,0","53304,18154969519"
2030-08-20 15:00:00,"81,81753938693458","0,0","53381,34829924191"
2030-08-20 16:00:00,"86,04422447522019","0,0","53462,73500107802"
2030-08-20 17:00:00,"86,97524229612657","0,0","53545,0456197453"
2030-08-20 18:00:00,"87,78495586692276","0,0","53628,15877038191"
2030-08-20 19:00:00,"83,85622680528158","0,0","53707,33594033448"
2030-08-20 20:00:00,"82,7191731761874","0,0","53785,36914844987"
2030-08-20 21:00:00,"84,10852978749965","0,0","53864,78490477917"
2030-08-20 22:00:00,"93,30762435448443","0,0","53953,392826650714"
2030-08-20 23:00:00,"107,97720028433207","0,0","54056,66259341092"
2030-08-21 00:00:00,"118,37206171976482","0,0","54170,318211319405"
2030-08-21 01:00:00,"117,63151975173686","0,0","54283,22337080721"
2030-08-21 02:00:00,"114,92147283694194","0,0","54393,408632405044"
2030-08-21 03:00:00,"113,2651926802913","0,0","54501,92800018216"
2030-08-21 04:00:00,"96,62092987826597","0,0","54593,79363684241"
2030-08-21 05:00:00,"78,48627937321604","0,0","54667,51660772082"
2030-08-21 06:00:00,"75,51540300929607","0,0","54738,262269906096"
2030-08-21 07:00:00,"77,08873425818922","0,0","54810,57509078124"
2030-08-21 08:00:00,"87,9149721939015","0,0","54893,70784029847"
2030-08-21 09:00:00,"91,37274969768762","0,0","54980,29111398709"
2030-08-21 10:00:00,"94,09867643558154","0,0","55069,592760022984"
2030-08-21 11:00:00,"97,15075961975131","0,0","55161,93869767442"
2030-08-21 12:00:00,"97,37587076312961","0,0","55254,501689286175"
2030-08-21 13:00:00,"103,08682062642958","0,0","55352,76755464021"
2030-08-21 14:00:00,"104,73625875263647","0,0","55452,6742844237"
2030-08-21 15:00:00,"106,52463951341747","0,0","55554,360678105804"
2030-08-21 16:00:00,"105,25063710552143","0,0","55654,76419724216"
2030-08-21 17:00:00,"98,98644002385498","0,0","55748,89475908981"
2030-08-21 18:00:00,"94,8297080310999","0,0","55838,860376053184"
2030-08-21 19:00:00,"93,06477107391369","0,0","55927,053206559285"
2030-08-21 20:00:00,"87,6021594914872","0,0","56009,7757306585"
2030-08-21 21:00:00,"85,61589340102152","0,0","56090,50477112702"
2030-08-21 22:00:00,"94,02886862714362","0,0","56179,63974321289"
2030-08-21 23:00:00,"102,53947146848427","0,0","56277,27754111377"
2030-08-22 00:00:00,"81,2214096820785","0,0","56353,588758330385"
2030-08-22 01:00:00,"80,63546713819198","0,0","56429,30737484941"
2030-08-22 02:00:00,"81,4725006393956","0,0","56505,85641842035"
2030-08-22 03:00:00,"76,7583676419926","0,0","56577,68465008983"
2030-08-22 04:00:00,"45,68384603390743","0,0","56618,43209313802"
2030-08-22 05:00:00,"3,038024667118691","0,0","56616,53015960501"
2030-08-22 06:00:00,"0,0","5,616539018229275","56605,97382833036"
2030-08-22 07:00:00,"0,0","19,794339998562805","56581,240617115276"
2030-08-22 08:00:00,"0,0","9,51006874364407","56566,79383512779"
2030-08-22 09:00:00,"0,0","10,323672884900986","56551,53470948078"
2030-08-22 10:00:00,"0,0","10,136302587046657","56536,464285490336"
2030-08-22 11:00:00,"0,0","7,642238019500951","56523,88924096193"
2030-08-22 12:00:00,"0,0","6,151680149279173","56512,80585147638"
2030-08-22 13:00:00,"0,0","1,2546525626425478","56506,620456603196"
2030-08-22 14:00:00,"0,0","2,0275039793637006","56499,662749988995"
2030-08-22 15:00:00,"2,862492915805632","0,0","56497,595647329865"
2030-08-22 16:00:00,"9,450043002096265","0,0","56502,11627511174"
2030-08-22 17:00:00,"14,162240903244367","0,0","56511,34870636998"
2030-08-22 18:00:00,"19,844417477608914","0,0","56526,26250867296"
2030-08-22 19:00:00,"25,581028187988125","0,0","56546,91162045707"
2030-08-22 20:00:00,"35,945410916649195","0,0","56577,92331333483"
2030-08-22 21:00:00,"47,3171685007199","0,0","56620,304058026464"
2030-08-22 22:00:00,"58,62471507047803","0,0","56673,98865156788"
2030-08-22 23:00:00,"72,37842865892995","0,0","56741,42227471696"
2030-08-23 00:00:00,"81,56353943082206","0,0","56818,03512505431"
2030-08-23 01:00:00,"81,00238168340911","0,0","56894,080133173054"
2030-08-23 02:00:00,"81,84188373949944","0,0","56970,95800842094"
2030-08-23 03:00:00,"77,11872387812829","0,0","57043,106016212834"
2030-08-23 04:00:00,"46,24012932526139","0,0","57084,36913453818"
2030-08-23 05:00:00,"3,995550893489593","0,0","57083,38407422468"
2030-08-23 06:00:00,"0,0","4,78772066426319","57073,61582829994"
2030-08-23 07:00:00,"0,0","18,89120323659597","57049,74495208232"
2030-08-23 08:00:00,"0,0","8,803396854982452","57035,96396498028"
2030-08-23 09:00:00,"0,0","9,60702907809548","57021,38054804623"
2030-08-23 10:00:00,"0,0","9,426236629041995","57006,97919596438"
2030-08-23 11:00:00,"0,0","6,96478774942878","56995,0405492801"
2030-08-23 12:00:00,"0,0","5,49768347414485","56984,57004851803"
2030-08-23 13:00:00,"0,0","0,6782315868161106","56978,91991319448"
2030-08-23 14:00:00,"0,0","1,4380250045326193","56972,51047742752"
2030-08-23 15:00:00,"3,4068571105154035","0,0","56970,94648299888"
2030-08-23 16:00:00,"9,96584218362949","0,0","56975,941610101865"
2030-08-23 17:00:00,"14,712932028421505","0,0","56985,683391224804"
2030-08-23 18:00:00,"20,429518249482385","0,0","57001,140908598405"
2030-08-23 19:00:00,"26,23618175619285","0,0","57022,40374081032"
2030-08-23 20:00:00,"36,6556316433997","0,0","57054,084167727335"
2030-08-23 21:00:00,"47,97060626903843","0,0","57097,07680515274"
2030-08-23 22:00:00,"59,22331705886488","0,0","57151,31840226036"
2030-08-23 23:00:00,"72,83103979268618","0,0","57219,16298952245"
2030-08-24 00:00:00,"82,24316980701808","0,0","57296,41378735864"
2030-08-24 01:00:00,"81,72909355794613","0,0","57373,143768813636"
2030-08-24 02:00:00,"82,57281904824819","0,0","57450,71078106805"
2030-08-24 03:00:00,"77,83540521536318","0,0","57523,53361176777"
2030-08-24 04:00:00,"47,34237692190432","0,0","57565,85706038205"
2030-08-24 05:00:00,"5,88867325200448","0,0","57566,723112605534"
2030-08-24 06:00:00,"0,0","3,1486965910830804","57558,55171942288"
2030-08-24 07:00:00,"0,0","17,100340577246612","57536,42939520811"
2030-08-24 08:00:00,"0,0","7,398115347732187","57524,011226395654"
2030-08-24 09:00:00,"0,0","8,183231085680802","57510,80902533047"
2030-08-24 10:00:00,"0,0","8,01571002353603","57497,775497219474"
2030-08-24 11:00:00,"0,0","5,618663154919034","57487,140153152424"
2030-08-24 12:00:00,"0,0","4,197521015335099","57477,92687915873"
2030-08-24 13:00:00,"0,4690361893699162","0,0","57473,380966227895"
2030-08-24 14:00:00,"0,0","0,26761162189103516","57468,0988021167"
2030-08-24 15:00:00,"4,4900113244680995","0,0","57467,57472182068"
2030-08-24 16:00:00,"10,992695736097772","0,0","57473,553371662296"
2030-08-24 17:00:00,"15,809569468177614","0,0","57484,3483735988"
2030-08-24 18:00:00,"21,593431942200766","0,0","57500,9262961454"
2030-08-24 19:00:00,"27,53854231183641","0,0","57523,4478826379"
2030-08-24 20:00:00,"38,0681265161348","0,0","57556,49708832627"
2030-08-24 21:00:00,"49,268821549347905","0,0","57600,744105504666"
2030-08-24 22:00:00,"60,40865900914318","0,0","57656,12709959061"
2030-08-24 23:00:00,"73,72985851986307","0,0","57724,82646102104"
2030-08-25 00:00:00,"77,89646828692747","0,0","57797,68643819924"
2030-08-25 01:00:00,"78,60948603330372","0,0","57871,25307609081"
2030-08-25 02:00:00,"80,6889009601856","0,0","57946,89271022011"
2030-08-25 03:00:00,"72,68209459023966","0,0","58014,51893842138"
2030-08-25 04:00:00,"38,713742854562796","0,0","58048,170914498565"
2030-08-25 05:00:00,"0,0","1,1229050964142573","58041,983306489856"
2030-08-25 06:00:00,"0,0","25,960309677228537","58010,95883376914"
2030-08-25 07:00:00,"0,0","33,81967784293764","57972,07769976795"
2030-08-25 08:00:00,"0,0","24,778732470469635","57942,24090351818"
2030-08-25 09:00:00,"0,0","21,660551051015972","57915,524891948335"
2030-08-25 10:00:00,"0,0","18,13361163121226","57892,3381507703"
2030-08-25 11:00:00,"0,0","13,491237439961367","57873,79580682668"
2030-08-25 12:00:00,"0,0","13,41951971785491","57855,32679842468"
2030-08-25 13:00:00,"0,0","8,656986969590776","57841,62193419193"
2030-08-25 14:00:00,"0,0","7,141591282371678","57829,4336613958"
2030-08-25 15:00:00,"0,0","3,5351741956663147","57820,85286911317"
2030-08-25 16:00:00,"1,856642991441106","0,0","57817,66464269179"
2030-08-25 17:00:00,"6,641329360406132","0,0","57819,26138081212"
2030-08-25 18:00:00,"9,578948737267723","0,0","57823,79559899391"
2030-08-25 19:00:00,"15,156437436365252","0,0","57833,90691026426"
2030-08-25 20:00:00,"26,30946549567284","0,0","57855,170367382016"
2030-08-25 21:00:00,"36,59497408827676","0,0","57886,71747785574"
2030-08-25 22:00:00,"52,57692269528371","0,0","57934,24378445108"
2030-08-25 23:00:00,"67,82386549688252","0,0","57997,01288717777"
2030-08-26 00:00:00,"85,08957136834763","0,0","58077,042219171715"
2030-08-26 01:00:00,"84,76584645001768","0,0","58156,740843688116"
2030-08-26 02:00:00,"85,61331152857447","0,0","58237,27997957808"
2030-08-26 03:00:00,"80,80428077019894","0,0","58313,00305767007"
2030-08-26 04:00:00,"51,936629858717566","0,0","58359,85187801201"
2030-08-26 05:00:00,"13,59693535124552","0,0","58368,3569162869"
2030-08-26 06:00:00,"3,519158316055808","0,0","58366,78343546201"
2030-08-26 07:00:00,"0,0","9,71090880315387","58351,980024804114"
2030-08-26 08:00:00,"0,0","1,5174294492177864","58345,37138509774"
2030-08-26 09:00:00,"0,0","2,2201660581021088","58338,06058538628"
2030-08-26 10:00:00,"0,0","2,1391755963934713","58330,83141400381"
2030-08-26 11:00:00,"0,0","0,0023600953938966995","58325,73968886755"
2030-08-26 12:00:00,"1,2505757445885308","0,0","58321,90134382429"
2030-08-26 13:00:00,"5,300886018068638","0,0","58322,11364395011"
2030-08-26 14:00:00,"4,666676861466783","0,0","58321,69171639615"
2030-08-26 15:00:00,"9,042029919163866","0,0","58325,64517871306"
2030-08-26 16:00:00,"15,328866077025765","0,0","58335,885132248244"
2030-08-26 17:00:00,"20,439592086998914","0,0","58351,234918357455"
2030-08-26 18:00:00,"26,50218442309395","0,0","58372,645957533925"
2030-08-26 19:00:00,"32,981081337993686","0,0","58400,53402551213"
2030-08-26 20:00:00,"43,96937222790157","0,0","58439,407951146306"
2030-08-26 21:00:00,"54,735688810788304","0,0","58489,04480161336"
2030-08-26 22:00:00,"65,40183239817915","0,0","58549,3434648526"
2030-08-26 23:00:00,"77,49598723855246","0,0","58621,73102187385"
2030-08-27 00:00:00,"67,34330485099657","0,0","58683,95958069319"
2030-08-27 01:00:00,"74,28399372901708","0,0","58753,123398948796"
2030-08-27 02:00:00,"73,50985290340464","0,0","58821,50704183565"
2030-08-27 03:00:00,"71,14869438454085","0,0","58887,523559730784"
2030-08-27 04:00:00,"40,11956870688216","0,0","58922,505192007084"
2030-08-27 05:00:00,"1,1241772627138005","0,0","58918,48838069179"
2030-08-27 06:00:00,"0,0","13,878261129746534","58899,469481450826"
2030-08-27 07:00:00,"0,0","13,114084021440476","58881,21641871713"
2030-08-27 08:00:00,"0,0","5,16656641157914","58870,91246617302"
2030-08-27 09:00:00,"0,0","2,1919398721956043","58863,58403918815"
2030-08-27 10:00:00,"3,5255776833212167","0,0","58861,973769164055"
2030-08-27 11:00:00,"17,618552404606447","0,0","58874,4566143573"
2030-08-27 12:00:00,"22,57837844028316","0,0","58891,89819645798"
2030-08-27 13:00:00,"37,69704827004932","0,0","58924,456926610386"
2030-08-27 14:00:00,"40,190947332726864","0,0","58959,50671507626"
2030-08-27 15:00:00,"51,258362012149064","0,0","59005,62086012752"
2030-08-27 16:00:00,"53,6817687522057","0,0","59054,15438845968"
2030-08-27 17:00:00,"55,4305304421967","0,0","59104,43244393149"
2030-08-27 18:00:00,"52,25833400214441","0,0","59151,5339162029"
2030-08-27 19:00:00,"46,281414940884716","0,0","59192,654359809596"
2030-08-27 20:00:00,"42,613368367296715","0,0","59230,103169084"
2030-08-27 21:00:00,"45,09701360241044","0,0","59270,032356184915"
2030-08-27 22:00:00,"58,633240603602786","0,0","59323,49428646544"
2030-08-27 23:00:00,"81,44438728867877","0,0","59399,76269887762"
2030-08-28 00:00:00,"86,33058903225327","0,0","59480,91065861439"
2030-08-28 01:00:00,"85,55926501189882","0,0","59561,280214171325"
2030-08-28 02:00:00,"83,51389107188714","0,0","59639,597383544526"
2030-08-28 03:00:00,"74,2136471755572","0,0","59708,607475848374"
2030-08-28 04:00:00,"39,258279327867655","0,0","59742,65617917398"
2030-08-28 05:00:00,"0,0","3,463097200424329","59733,98053522193"
2030-08-28 06:00:00,"0,31228959479744844","0,0","59729,08103501503"
2030-08-28 07:00:00,"0,0","0,7630196514166414","59723,10665304331"
2030-08-28 08:00:00,"14,26092293098489","0,0","59732,15673491881"
2030-08-28 09:00:00,"28,22264046414263","0,0","59755,16774470783"
2030-08-28 10:00:00,"33,17852023890933","0,0","59783,13262656102"
2030-08-28 11:00:00,"40,423276005213836","0,0","59818,33982424456"
2030-08-28 12:00:00,"530,1366651753737","0,0","60343,25733927027"
2030-08-28 13:00:00,"49,84343615654441","0,0","60387,83582622396"
2030-08-28 14:00:00,"51,99616222322054","0,0","60434,56314977135"
2030-08-28 15:00:00,"53,646975165249614","0,0","60482,93720930178"
2030-08-28 16:00:00,"47,693893468518525","0,0","60525,353966498784"
2030-08-28 17:00:00,"41,02159000908996","0,0","60561,0947193743"
2030-08-28 18:00:00,"32,826391181236914","0,0","60588,63715504127"
2030-08-28 19:00:00,"26,831361329420588","0,0","60610,18215777892"
2030-08-28 20:00:00,"24,453425053747253","0,0","60629,347344439404"
2030-08-28 21:00:00,"25,44846379387897","0,0","60649,50589767748"
2030-08-28 22:00:00,"43,92956134224819","0,0","60688,14378963016"
2030-08-28 23:00:00,"64,60759438326353","0,0","60747,45634346778"
2030-08-29 00:00:00,"41,912608556714815","0,0","60784,068736458525"
2030-08-29 01:00:00,"42,656181269628874","0,0","60821,4215077309"
2030-08-29 02:00:00,"41,56850887729226","0,0","60857,683347581646"
2030-08-29 03:00:00,"30,026729012374147","0,0","60882,400243721946"
2030-08-29 04:00:00,"0,0","13,221561520525313","60863,86669278015"
2030-08-29 05:00:00,"0,0","80,19405377581151","60778,3622666354"
2030-08-29 06:00:00,"0,0","124,34161828346419","60648,71773624417"
2030-08-29 07:00:00,"0,0","126,91859775958488","60516,507537862104"
2030-08-29 08:00:00,"0,0","114,99425193366602","60396,23322064576"
2030-08-29 09:00:00,"0,0","103,30270055162015","60287,66094874564"
2030-08-29 10:00:00,"0,0","92,03058104314772","60190,370269284715"
2030-08-29 11:00:00,"0,0","83,99013312979443","60101,128526348926"
2030-08-29 12:00:00,"0,0","79,33067264966107","60016,55403023535"
2030-08-29 13:00:00,"0,0","75,09764499069428","59936,21994090552"
2030-08-29 14:00:00,"0,0","69,08959291017393","59861,9009128055"
2030-08-29 15:00:00,"0,0","66,94865759363535","59789,72930435721"
2030-08-29 16:00:00,"0,0","64,07710712886794","59720,43554334654"
2030-08-29 17:00:00,"0,0","61,32668956064083","59653,89824578474"
2030-08-29 18:00:00,"0,0","63,01491404646214","59585,67852911633"
2030-08-29 19:00:00,"0,0","62,71858993907358","59517,761088725594"
2030-08-29 20:00:00,"0,0","48,91451226833868","59463,65365180226"
2030-08-29 21:00:00,"0,0","35,62606589632671","59422,83938212482"
2030-08-29 22:00:00,"0,0","6,044561259333136","59411,6101781294"
2030-08-29 23:00:00,"26,298776724964483","0,0","59432,72529186632"
2030-08-30 00:00:00,"17,44217186217938","0,0","59444,98195844679"
2030-08-30 01:00:00,"17,7776477345883","0,0","59457,57303150551"
2030-08-30 02:00:00,"15,032761957905876","0,0","59467,41812021642"
2030-08-30 03:00:00,"1,081692396289725","0,0","59463,31128038172"
2030-08-30 04:00:00,"0,0","50,76932459261491","59407,353781879894"
2030-08-30 05:00:00,"0,0","137,48959572046954","59264,680894541954"
2030-08-30 06:00:00,"0,0","193,68819791286126","59065,821853221045"
2030-08-30 07:00:00,"0,0","194,99353907170018","58865,67482119265"
2030-08-30 08:00:00,"0,0","176,28079067810802","58684,2580003864"
2030-08-30 09:00:00,"0,0","159,31579014970544","58519,822008726165"
2030-08-30 10:00:00,"0,0","142,51596903819882","58372,200185217705"
2030-08-30 11:00:00,"0,0","131,2207631080239","58235,88644764352"
2030-08-30 12:00:00,"0,0","124,30873060538022","58106,49663594559"
2030-08-30 13:00:00,"0,0","118,25341187498748","57983,17343223911"
2030-08-30 14:00:00,"0,0","109,4595554864801","57868,654844870674"
2030-08-30 15:00:00,"0,0","107,1666376580925","57756,43916707737"
2030-08-30 16:00:00,"0,0","104,87317154591722","57646,52674621413"
2030-08-30 17:00:00,"0,0","103,4064361317794","57538,090650623744"
2030-08-30 18:00:00,"0,0","108,98519037117393","57424,085261843305"
2030-08-30 19:00:00,"0,0","112,65111219045559","57306,423898213754"
2030-08-30 20:00:00,"0,0","98,13146909290509","57203,29244363573"
2030-08-30 21:00:00,"0,0","82,73329315757223","57115,56816321245"
2030-08-30 22:00:00,"0,0","44,82474147300172","57065,760088417206"
2030-08-30 23:00:00,"0,0","2,536379479378212","57058,24472137011"
2030-08-31 00:00:00,"27,611418787656277","0,0","57080,87780830583"
2030-08-31 01:00:00,"28,12481886145821","0,0","57104,02232057851"
2030-08-31 02:00:00,"26,089015860772065","0,0","57125,12901049181"
2030-08-31 03:00:00,"13,135844044059382","0,0","57133,280687029706"
2030-08-31 04:00:00,"0,0","35,17100757149626","57093,124800718266"
2030-08-31 05:00:00,"0,0","113,68958048464953","56974,45384509475"
2030-08-31 06:00:00,"0,0","164,85343894214498","56804,62938505462"
2030-08-31 07:00:00,"0,0","166,64945266255398","56633,02372847822"
2030-08-31 08:00:00,"0,0","150,78767668662715","56477,29482047129"
2030-08-31 09:00:00,"0,0","136,0268432259054","56336,3403332723"
2030-08-31 10:00:00,"0,0","121,54609809515154","56209,87888948307"
2030-08-31 11:00:00,"0,0","111,60915794068802","56093,36541960928"
2030-08-31 12:00:00,"0,0","105,64172114938981","55982,829552327035"
2030-08-31 13:00:00,"0,0","100,34668837932406","55877,59836206927"
2030-08-31 14:00:00,"0,0","92,71997104304731","55780,00307056913"
2030-08-31 15:00:00,"0,0","90,49376746278728","55684,64249783844"
2030-08-31 16:00:00,"0,0","87,96564196687916","55591,81837081362"
2030-08-31 17:00:00,"0,0","85,97378741144882","55500,99419724932"
2030-08-31 18:00:00,"0,0","89,93253744850409","55406,2191980571"
2030-08-31 19:00:00,"0,0","91,9527041260684","55309,432301306006"
2030-08-31 20:00:00,"0,0","77,7484613029032","55226,85809203482"
2030-08-31 21:00:00,"0,0","63,22622584832567","55158,813322817965"
2030-08-31 22:00:00,"0,0","28,766696456432555","55125,234019899115"
2030-08-31 23:00:00,"9,418384807979663","0,0","55129,84272803886"
2030-09-01 00:00:00,"45,92031788043691","0,0","55170,952967141275"
2030-09-01 01:00:00,"46,71745069288633","0,0","55212,85675218778"
2030-09-01 02:00:00,"45,867649700113134","0,0","55253,90708013626"
2030-09-01 03:00:00,"34,72547667821283","0,0","55283,81165342173"
2030-09-01 04:00:00,"0,0","7,061826574187734","55271,92631428078"
2030-09-01 05:00:00,"0,0","70,78984786692246","55196,31399084294"
2030-09-01 06:00:00,"0,0","113,0079393869014","55078,49017306034"
2030-09-01 07:00:00,"0,0","115,85632896435874","54957,82824582838"
2030-09-01 08:00:00,"0,0","104,99685784447666","54848,03631746946"
2030-09-01 09:00:00,"0,0","94,14681310974211","54749,10401319102"
2030-09-01 10:00:00,"0,0","83,74111717606212","54660,586036689805"
2030-09-01 11:00:00,"0,0","76,22477698562022","54579,59212357249"
2030-09-01 12:00:00,"0,0","71,91909179480282","54502,910962364906"
2030-09-01 13:00:00,"0,0","67,97912303028062","54430,17646035316"
2030-09-01 14:00:00,"0,0","62,411448802352254","54363,01597865464"
2030-09-01 15:00:00,"0,0","60,29061054183791","54297,98219496867"
2030-09-01 16:00:00,"0,0","57,31729601853419","54235,927400003624"
2030-09-01 17:00:00,"0,0","54,338777375655695","54176,85653796232"
2030-09-01 18:00:00,"0,0","55,39356964662329","54116,73603758276"
2030-09-01 19:00:00,"0,0","54,44525775977786","54057,56909460371"
2030-09-01 20:00:00,"0,0","40,72642726403558","54012,126144436166"
2030-09-01 21:00:00,"0,0","27,789657332112256","53979,62392909795"
2030-09-01 22:00:00,"0,407940083061078","0,0","53975,322146993196"
2030-09-01 23:00:00,"31,070968755861884","0,0","54001,68376889174"
2030-09-02 00:00:00,"65,88166779945551","0,0","54062,853789782355"
2030-09-02 01:00:00,"66,41739531211329","0,0","54124,55420110131"
2030-09-02 02:00:00,"68,94932832118265","0,0","54188,78116206845"
2030-09-02 03:00:00,"59,47151962353004","0,0","54243,52471053559"
2030-09-02 04:00:00,"18,365956085415917","0,0","54257,15791909001"
2030-09-02 05:00:00,"0,0","32,85530444000784","54219,56867762156"
2030-09-02 06:00:00,"0,0","61,81899023600266","54153,01903001843"
2030-09-02 07:00:00,"0,0","69,10794397579485","54079,18623513227"
2030-09-02 08:00:00,"0,0","53,85743099683353","54020,61039513643"
2030-09-02 09:00:00,"0,0","48,75204297846386","53967,14505390099"
2030-09-02 10:00:00,"0,0","43,45217738893058","53918,98424310611"
2030-09-02 11:00:00,"0,0","36,49282451714478","53877,78698721375"
2030-09-02 12:00:00,"0,0","36,43070900752281","53836,655441291594"
2030-09-02 13:00:00,"0,0","29,33935759256343","53802,61883551178"
2030-09-02 14:00:00,"0,0","26,930596065692754","53770,993960952685"
2030-09-02 15:00:00,"0,0","22,6990506584836","53743,603391071105"
2030-09-02 16:00:00,"0,0","16,793880804394632","53722,12038087084"
2030-09-02 17:00:00,"0,0","13,040827230906586","53704,3922986367"
2030-09-02 18:00:00,"0,0","12,63914970298444","53687,067440705665"
2030-09-02 19:00:00,"0,0","9,535491990232714","53672,84775208123"
2030-09-02 20:00:00,"0,3914575416329171","0,0","53668,5562536565"
2030-09-02 21:00:00,"12,231413933125054","0,0","53676,105086056494"
2030-09-02 22:00:00,"32,138452659522386","0,0","53703,56029854726"
2030-09-02 23:00:00,"52,08131535527687","0,0","53750,95597826649"
2030-09-03 00:00:00,"103,34019171102771","0,0","53849,606399068405"
2030-09-03 01:00:00,"104,52336890491745","0,0","53949,43138981501"
2030-09-03 02:00:00,"108,56984411835064","0,0","54053,294146044595"
2030-09-03 03:00:00,"104,22080894047377","0,0","54152,79880507083"
2030-09-03 04:00:00,"88,9675583640869","0,0","54237,041531739174"
2030-09-03 05:00:00,"72,075114468619","0,0","54304,38446433415"
2030-09-03 06:00:00,"71,6427827397139","0,0","54371,28918952935"
2030-09-03 07:00:00,"64,84910455880164","0,0","54431,394399106364"
2030-09-03 08:00:00,"70,88842123179643","0,0","54497,533681176836"
2030-09-03 09:00:00,"73,5968424938537","0,0","54566,37561385701"
2030-09-03 10:00:00,"140,12086461323372","0,0","54701,73556219794"
2030-09-03 11:00:00,"78,96738884438065","0,0","54775,930224614516"
2030-09-03 12:00:00,"275,18592152058875","0,0","55046,33694622301"
2030-09-03 13:00:00,"90,47517214907154","0,0","55132,009325473526"
2030-09-03 14:00:00,"116,84253163714405","0,0","55244,04158929702"
2030-09-03 15:00:00,"1177,4652617141032","0,0","56416,68680838246"
2030-09-03 16:00:00,"1183,1787117096292","0,0","57594,943164168064"
2030-09-03 17:00:00,"105,20085343028745","0,0","57695,11885880728"
2030-09-03 18:00:00,"107,51909758554555","0,0","57797,60405727239"
2030-09-03 19:00:00,"105,68853999958714","0,0","57898,24975631798"
2030-09-03 20:00:00,"104,31770007809592","0,0","57997,51583410483"
2030-09-03 21:00:00,"105,77459160575114","0,0","58098,23014245406"
2030-09-03 22:00:00,"109,87546260008051","0,0","58203,03653447421"
2030-09-03 23:00:00,"120,03855374611472","0,0","58317,99687328269"
2030-09-04 00:00:00,"121,55238004064414","0,0","58434,46100809614"
2030-09-04 01:00:00,"120,23780284577049","0,0","58549,60040421895"
2030-09-04 02:00:00,"117,82789701150358","0,0","58662,319848595194"
2030-09-04 03:00:00,"117,78929607378238","0,0","58774,990857262186"
2030-09-04 04:00:00,"104,76685810192599","0,0","58874,62959741182"
2030-09-04 05:00:00,"92,8803340640223","0,0","58962,37312004347"
2030-09-04 06:00:00,"99,66222752405633","0,0","59056,89088051281"
2030-09-04 07:00:00,"90,56441717991908","0,0","59142,30258396341"
2030-09-04 08:00:00,"100,0900258499684","0,0","59237,23244391292"
2030-09-04 09:00:00,"101,65284485901807","0,0","59333,71684024121"
2030-09-04 10:00:00,"103,36285145846388","0,0","59431,902824905366"
2030-09-04 11:00:00,"105,17163639915239","0,0","59531,88902778304"
2030-09-04 12:00:00,"105,0311040306816","0,0","59631,725974496054"
2030-09-04 13:00:00,"114,85151432266052","0,0","59741,37462072744"
2030-09-04 14:00:00,"110,29840062835275","0,0","59846,46058642013"
2030-09-04 15:00:00,"113,14247351085038","0,0","59954,38145624482"
2030-09-04 16:00:00,"113,08123296801102","0,0","60062,231669430774"
2030-09-04 17:00:00,"107,22409617011466","0,0","60164,21533588773"
2030-09-04 18:00:00,"104,03225758635502","0,0","60262,99826568603"
2030-09-04 19:00:00,"103,647111409431","0,0","60361,38743049678"
2030-09-04 20:00:00,"98,19627285155619","0,0","60454,31717229503"
2030-09-04 21:00:00,"96,7923278915761","0,0","60545,834861013325"
2030-09-04 22:00:00,"101,43361976326135","0,0","60641,98585668496"
2030-09-04 23:00:00,"107,79910795762356","0,0","60744,493951376586"
2030-09-05 00:00:00,"66,30264428087499","0,0","60805,49663856021"
2030-09-05 01:00:00,"66,84772618570261","0,0","60867,0390851642"
2030-09-05 02:00:00,"69,3692049796805","0,0","60931,0976409837"
2030-09-05 03:00:00,"59,95435140218137","0,0","60985,73575411671"
2030-09-05 04:00:00,"19,083579378807684","0,0","60999,49832805097"
2030-09-05 05:00:00,"0,0","31,7049598770177","60962,47116194483"
2030-09-05 06:00:00,"0,0","60,503831893744575","60896,64835444221"
2030-09-05 07:00:00,"0,0","67,7973381449597","60823,53778372832"
2030-09-05 08:00:00,"0,0","52,82692066201648","60765,404009394675"
2030-09-05 09:00:00,"0,0","47,818587873004844","60712,28364002185"
2030-09-05 10:00:00,"0,0","42,58017344263354","60664,40631983163"
2030-09-05 11:00:00,"0,0","35,72086573147891","60623,39248464875"
2030-09-05 12:00:00,"0,0","35,655915059329686","60582,44717859513"
2030-09-05 13:00:00,"0,0","28,648774262627853","60548,51258581617"
2030-09-05 14:00:00,"0,0","26,28433568143913","60516,94539241162"
2030-09-05 15:00:00,"0,0","22,066812867129784","60489,598476059"
2030-09-05 16:00:00,"0,0","16,195280365017254","60468,125478226946"
2030-09-05 17:00:00,"0,0","12,405811347174335","60450,4438229318"
2030-09-05 18:00:00,"0,0","11,901928092216593","60433,26759361603"
2030-09-05 19:00:00,"0,0","8,693943165463708","60419,300847853025"
2030-09-05 20:00:00,"1,2719294450823213","0,0","60415,30119329913"
2030-09-05 21:00:00,"13,032845255713852","0,0","60423,06280352573"
2030-09-05 22:00:00,"32,80488825867786","0,0","60450,59577955481"
2030-09-05 23:00:00,"52,61574361326271","0,0","60497,93720868631"
2030-09-06 00:00:00,"61,37848463081963","0,0","60554,037248295666"
2030-09-06 01:00:00,"61,84018683126786","0,0","60610,59409537702"
2030-09-06 02:00:00,"64,53456431232493","0,0","60669,84038535452"
2030-09-06 03:00:00,"54,49276176819481","0,0","60719,03970354909"
2030-09-06 04:00:00,"10,729687764968702","0,0","60724,47165509993"
2030-09-06 05:00:00,"0,0","44,81199017010886","60674,361454777914"
2030-09-06 06:00:00,"0,0","75,34950309582936","60593,718113645155"
2030-09-06 07:00:00,"0,0","82,44561121423575","60505,9857005255"
2030-09-06 08:00:00,"0,0","64,77902254630294","60435,92753072683"
2030-09-06 09:00:00,"0,0","58,88664077938026","60371,767855270395"
2030-09-06 10:00:00,"0,0","52,92518055087726","60313,575237974146"
2030-09-06 11:00:00,"0,0","45,06520629649734","60263,24767223814"
2030-09-06 12:00:00,"0,0","45,01319638503628","60212,9765074937"
2030-09-06 13:00:00,"0,0","37,044921904716375","60170,67800338871"
2030-09-06 14:00:00,"0,0","34,282829855047964","60131,14528187787"
2030-09-06 15:00:00,"0,0","29,82860277990835","60096,070236672116"
2030-09-06 16:00:00,"0,0","23,709477878422007","60067,11737666554"
2030-09-06 17:00:00,"0,0","20,34332021686825","60041,53320045756"
2030-09-06 18:00:00,"0,0","20,91247473463625","60015,38210195119"
2030-09-06 19:00:00,"0,0","18,759838911303916","59991,38592095149"
2030-09-06 20:00:00,"0,0","9,285288674299863","59976,866383855595"
2030-09-06 21:00:00,"3,170695064475325","0,0","59974,80409732808"
2030-09-06 22:00:00,"24,548841562223572","0,0","59994,120137232814"
2030-09-06 23:00:00,"46,204731603032684","0,0","60035,09038185387"
2030-09-07 00:00:00,"52,769865410999614","0,0","60082,62218562906"
2030-09-07 01:00:00,"53,64322008348293","0,0","60131,02319692684"
2030-09-07 02:00:00,"53,1575837799212","0,0","60178,93434893284"
2030-09-07 03:00:00,"42,7064388544747","0,0","60216,39017576537"
2030-09-07 04:00:00,"3,4730957949331582","0,0","60214,60939151747"
2030-09-07 05:00:00,"0,0","54,699552818455174","60154,6561140296"
2030-09-07 06:00:00,"0,0","93,67310915808994","60055,73451112557"
2030-09-07 07:00:00,"0,0","97,05289703121497","59953,44175125826"
2030-09-07 08:00:00,"0,0","87,95618881534949","59860,254624650115"
2030-09-07 09:00:00,"0,0","78,52464550325962","59776,507171930854"
2030-09-07 10:00:00,"0,0","69,55735110204495","59701,734320578056"
2030-09-07 11:00:00,"0,0","62,92867509180846","59633,59666916678"
2030-09-07 12:00:00,"0,0","59,207022184334534","59569,18661567306"
2030-09-07 13:00:00,"0,0","55,76471761651274","59508,224486524334"
2030-09-07 14:00:00,"0,0","50,9328134614812","59452,0995804764"
2030-09-07 15:00:00,"0,0","48,83855240719481","59398,07383238081"
2030-09-07 16:00:00,"0,0","45,68107515657118","59347,21027528236"
2030-09-07 17:00:00,"0,0","42,29754515664496","59299,7346860292"
2030-09-07 18:00:00,"0,0","42,27059722110158","59252,29018695674"
2030-09-07 19:00:00,"0,0","40,21128442971684","59206,90914020822"
2030-09-07 20:00:00,"0,0","26,606745321072424","59175,136592064664"
2030-09-07 21:00:00,"0,0","14,274034314686332","59155,69952708232"
2030-09-07 22:00:00,"11,540811530578083","0,0","59162,07900382916"
2030-09-07 23:00:00,"39,27895541899508","0,0","59196,196067855075"
2030-09-08 00:00:00,"31,837153373251084","0,0","59222,868353121405"
2030-09-08 01:00:00,"32,43136689794865","0,0","59250,13252475555"
2030-09-08 02:00:00,"30,703101945797286","0,0","59275,66605263857"
2030-09-08 03:00:00,"18,161610837492447","0,0","59288,65586161297"
2030-09-08 04:00:00,"0,0","28,69223915776908","59254,790687231274"
2030-09-08 05:00:00,"0,0","103,80540679341243","59145,8152999504"
2030-09-08 06:00:00,"0,0","152,85985916616363","58987,794968399314"
2030-09-08 07:00:00,"0,0","154,8369783668079","58827,81130492151"
2030-09-08 08:00:00,"0,0","140,17678707122798","58682,50179131393"
2030-09-08 09:00:00,"0,0","126,34014582635467","58551,041597206284"
2030-09-08 10:00:00,"0,0","112,83908064976555","58433,09393817717"
2030-09-08 11:00:00,"0,0","103,46889289443857","58324,526757836626"
2030-09-08 12:00:00,"0,0","97,90190720371797","58221,536035673285"
2030-09-08 13:00:00,"0,0","92,92504565277198","58123,5311610014"
2030-09-08 14:00:00,"0,0","85,7888151291308","58032,67106777847"
2030-09-08 15:00:00,"0,0","83,59183161845073","57944,015885609355"
2030-09-08 16:00:00,"0,0","80,96763192878026","57857,992638294556"
2030-09-08 17:00:00,"0,0","78,76534387927484","57774,179184557586"
2030-09-08 18:00:00,"0,0","82,05193247098077","57687,086454952754"
2030-09-08 19:00:00,"0,0","83,38707200336631","57598,66618465619"
2030-09-08 20:00:00,"0,0","69,32578482808202","57524,3149162035"
2030-09-08 21:00:00,"0,0","55,16326854394677","57464,132651183114"
2030-09-08 22:00:00,"0,0","22,131563632476542","57436,98734197682"
2030-09-08 23:00:00,"14,36840643969191","0,0","57446,34437127093"
2030-09-09 00:00:00,"58,73049107167054","0,0","57500,06266879621"
2030-09-09 01:00:00,"59,13924914954802","0,0","57554,1850374779"
2030-09-09 02:00:00,"61,917472190231535","0,0","57611,080907023614"
2030-09-09 03:00:00,"51,521372980399036","0,0","57657,57571319488"
2030-09-09 04:00:00,"6,229577333511884","0,0","57658,774667047415"
2030-09-09 05:00:00,"0,0","51,93321766265785","57601,81072129506"
2030-09-09 06:00:00,"0,0","83,44279613700712","57513,342167172625"
2030-09-09 07:00:00,"0,0","90,45725524361143","57417,866872824925"
2030-09-09 08:00:00,"0,0","71,23071656416346","57341,62644737611"
2030-09-09 09:00:00,"0,0","64,81224546341855","57271,81114500516"
2030-09-09 10:00:00,"0,0","58,466030349666255","57208,3481491331"
2030-09-09 11:00:00,"0,0","50,02952717520009","57153,32719358189"
2030-09-09 12:00:00,"0,0","49,99097940081356","57098,34958638344"
2030-09-09 13:00:00,"0,0","41,49923271426627","57051,86852266776"
2030-09-09 14:00:00,"0,0","38,50389528830664","57008,38685185085"
2030-09-09 15:00:00,"0,0","33,93658149523179","56969,4762886028"
2030-09-09 16:00:00,"0,0","27,65663796809406","56936,84906382852"
2030-09-09 17:00:00,"0,0","24,51730570079536","56907,36401804691"
2030-09-09 18:00:00,"0,0","25,687563645237987","56876,7112868911"
2030-09-09 19:00:00,"0,0","24,134294359965224","56847,614499471354"
2030-09-09 20:00:00,"0,0","14,914538093147598","56827,74000701313"
2030-09-09 21:00:00,"0,0","2,0403410726403024","56820,74144562488"
2030-09-09 22:00:00,"20,193898219163145","0,0","56835,97773415291"
2030-09-09 23:00:00,"42,78674287841855","0,0","56873,805537974025"
2030-09-10 00:00:00,"103,8523037274267","0,0","56972,69560216826"
2030-09-10 01:00:00,"105,02188355521541","0,0","57072,74661803219"
2030-09-10 02:00:00,"108,99807459370324","0,0","57176,765095483475"
2030-09-10 03:00:00,"104,6889450791119","0,0","57276,46536780801"
2030-09-10 04:00:00,"89,65038896144125","0,0","57361,118385166104"
2030-09-10 05:00:00,"72,97476101165516","0,0","57429,088388598655"
2030-09-10 06:00:00,"72,49355227663574","0,0","57496,57125291339"
2030-09-10 07:00:00,"65,82138969137227","0,0","57557,37606676295"
2030-09-10 08:00:00,"71,74715843821308","0,0","57624,10134413934"
2030-09-10 09:00:00,"74,39908673961068","0,0","57693,47272803667"
2030-09-10 10:00:00,"70,97426608905536","0,0","57759,41323863021"
2030-09-10 11:00:00,"79,68551862146771","0,0","57834,0592484466"
2030-09-10 12:00:00,"84,72703060197264","0,0","57913,74025737915"
2030-09-10 13:00:00,"91,19806472746671","0,0","57999,88534826916"
2030-09-10 14:00:00,"90,31843538665126","0,0","58085,14329365918"
2030-09-10 15:00:00,"98,44207778505668","0,0","58178,51744269187"
2030-09-10 16:00:00,"104,11712607828869","0,0","58277,55849312328"
2030-09-10 17:00:00,"105,88486200944108","0,0","58378,3586381542"
2030-09-10 18:00:00,"108,17259397302233","0,0","58481,43772033604"
2030-09-10 19:00:00,"106,4110284399124","0,0","58582,746243334856"
2030-09-10 20:00:00,"105,08721294661339","0,0","58682,72211167174"
2030-09-10 21:00:00,"106,53648542170438","0,0","58784,1385295892"
2030-09-10 22:00:00,"110,55916319075183","0,0","58889,568776693246"
2030-09-10 23:00:00,"120,53309742954387","0,0","59004,963759247024"
2030-09-11 00:00:00,"118,11039370696744","0,0","59117,925969866"
2030-09-11 01:00:00,"116,63080888464118","0,0","59229,39873970977"
2030-09-11 02:00:00,"113,85415256795963","0,0","59338,0851272377"
2030-09-11 03:00:00,"113,90992801482454","0,0","59446,81780732517"
2030-09-11 04:00:00,"98,91927388371376","0,0","59540,550346355194"
2030-09-11 05:00:00,"85,07919334514892","0,0","59620,434626682625"
2030-09-11 06:00:00,"92,94400499349325","0,0","59708,176748754944"
2030-09-11 07:00:00,"82,32956331278555","0,0","59785,296773646405"
2030-09-11 08:00:00,"93,45819654440228","0,0","59873,53870304731"
2030-09-11 09:00:00,"95,29892784532738","0,0","59963,61366464079"
2030-09-11 10:00:00,"97,30213166626308","0,0","60055,68397101481"
2030-09-11 11:00:00,"99,46642878488262","0,0","60149,910541373225"
2030-09-11 12:00:00,"99,30275080995627","0,0","60243,965212488445"
2030-09-11 13:00:00,"104,74509440005522","0,0","60343,45402092371"
2030-09-11 14:00:00,"104,99254893876729","0,0","60443,18160349915"
2030-09-11 15:00:00,"108,29797137022638","0,0","60546,205907274474"
2030-09-11 16:00:00,"108,34358521543314","0,0","60649,2668360245"
2030-09-11 17:00:00,"102,01910411333797","0,0","60745,994291606396"
2030-09-11 18:00:00,"98,32587973533316","0,0","60839,02008333979"
2030-09-11 19:00:00,"97,9127243540295","0,0","60931,62460319155"
2030-09-11 20:00:00,"91,66473962495475","0,0","61017,97305856988"
2030-09-11 21:00:00,"90,25811736921214","0,0","61102,90735778973"
2030-09-11 22:00:00,"95,77860546395048","0,0","61193,35473458671"
2030-09-11 23:00:00,"103,52140968765043","0,0","61291,53702407377"
2030-09-12 00:00:00,"67,40566107421894","0,0","61353,59499854264"
2030-09-12 01:00:00,"67,97076342520256","0,0","61416,21266080422"
2030-09-12 02:00:00,"70,45198793896435","0,0","61481,30608418853"
2030-09-12 03:00:00,"61,1731517489425","0,0","61537,11499198163"
2030-09-12 04:00:00,"20,954061065552878","0,0","61552,699939764134"
2030-09-12 05:00:00,"0,0","28,776077438401728","61518,55338925599"
2030-09-12 06:00:00,"0,0","57,189617672353535","61455,99627780043"
2030-09-12 07:00:00,"0,0","64,53103633578783","61386,103205789404"
2030-09-12 08:00:00,"0,0","50,15186450167295","61330,59540378303"
2030-09-12 09:00:00,"0,0","45,336369588999986","61279,90793974505"
2030-09-12 10:00:00,"0,0","40,26003147396639","61234,301236303334"
2030-09-12 11:00:00,"0,0","33,619832405905555","61195,33871111456"
2030-09-12 12:00:00,"0,0","33,553956219300005","61156,44546159271"
2030-09-12 13:00:00,"0,0","26,76035143923454","61124,34921028696"
2030-09-12 14:00:00,"0,0","24,481607897575515","61094,53450292078"
2030-09-12 15:00:00,"0,0","20,31919132125074","61068,88481346415"
2030-09-12 16:00:00,"0,0","14,500467712682507","61049,05608555149"
2030-09-12 17:00:00,"0,0","10,616082943157096","61033,11347246487"
2030-09-12 18:00:00,"0,0","9,87465116980934","61017,913682144586"
2030-09-12 19:00:00,"0,0","6,433535007062858","61006,15633416876"
2030-09-12 20:00:00,"3,642471920574735","0,0","61004,47601894918"
2030-09-12 21:00:00,"15,251690570101175","0,0","61014,40506898663"
2030-09-12 22:00:00,"34,66482422777224","0,0","61043,746386372135"
2030-09-12 23:00:00,"54,05641580280498","0,0","61092,476735302735"
2030-09-13 00:00:00,"68,46122976158134","0,0","61155,607646469165"
2030-09-13 01:00:00,"69,0416077481228","0,0","61219,313427450135"
2030-09-13 02:00:00,"71,48566406252924","0,0","61285,45770641612"
2030-09-13 03:00:00,"62,33952780050984","0,0","61342,45007803175"
2030-09-13 04:00:00,"22,74233793169907","0,0","61359,840287194136"
2030-09-13 05:00:00,"0,0","25,978024359156166","61328,50861676992"
2030-09-13 06:00:00,"0,0","54,02555912064662","61269,132145272466"
2030-09-13 07:00:00,"0,0","61,41191980474633","61202,37449368805"
2030-09-13 08:00:00,"0,0","47,5938855658529","61149,44070094762"
2030-09-13 09:00:00,"0,0","42,95901943510211","61101,14639281136"
2030-09-13 10:00:00,"0,0","38,038469784377725","61057,776848004214"
2030-09-13 11:00:00,"0,0","31,608372035161977","61020,84118493907"
2030-09-13 12:00:00,"0,0","31,539313618108054","60983,97780292758"
2030-09-13 13:00:00,"0,0","24,952011949474667","60953,704938914794"
2030-09-13 14:00:00,"0,0","22,75564598787048","60925,63108217101"
2030-09-13 15:00:00,"0,0","18,6445358931079","60901,67078496598"
2030-09-13 16:00:00,"0,0","12,874474353740425","60883,48263983626"
2030-09-13 17:00:00,"0,0","8,89980295382361","60869,2707530221"
2030-09-13 18:00:00,"0,0","7,932916067195293","60856,0269930817"
2030-09-13 19:00:00,"0,0","4,270762073564725","60846,446542652986"
2030-09-13 20:00:00,"5,913122455172385","0,0","60847,050812647314"
2030-09-13 21:00:00,"17,37965126784252","0,0","60859,12155873176"
2030-09-13 22:00:00,"36,44799432270804","0,0","60890,259594698466"
2030-09-13 23:00:00,"55,43420948206199","0,0","60940,38112903089"
2030-09-14 00:00:00,"43,52258686878022","0,0","60978,58666764616"
2030-09-14 01:00:00,"44,28293917824368","0,0","61017,54922513765"
2030-09-14 02:00:00,"43,276003626934454","0,0","61055,50144759469"
2030-09-14 03:00:00,"31,897727428477452","0,0","61082,07208252187"
2030-09-14 04:00:00,"0,0","10,74432252375152","61065,998349208916"
2030-09-14 05:00:00,"0,0","76,40799671092867","60984,26234414202"
2030-09-14 06:00:00,"0,0","119,79878501690462","60859,14268223559"
2030-09-14 07:00:00,"0,0","122,50989641917937","60731,32282561739"
2030-09-14 08:00:00,"0,0","110,99340890750767","60615,03060879334"
2030-09-14 09:00:00,"0,0","99,63191031079646","60510,11003706193"
2030-09-14 10:00:00,"0,0","88,69402794243155","60416,136502018766"
2030-09-14 11:00:00,"0,0","80,8598440610715","60330,00535004789"
2030-09-14 12:00:00,"0,0","76,3357834424414","60248,40577363866"
2030-09-14 13:00:00,"0,0","72,21875272479593","60170,93034751012"
2030-09-14 14:00:00,"0,0","66,38216888221257","60099,29826495508"
2030-09-14 15:00:00,"0,0","64,24701958003556","60029,80758160143"
2030-09-14 16:00:00,"0,0","61,33129938932257","59963,23868150062"
2030-09-14 17:00:00,"0,0","58,481027410630105","59899,52586151503"
2030-09-14 18:00:00,"0,0","59,91752601641571","59834,382101867195"
2030-09-14 19:00:00,"0,0","59,35842382764537","59769,803128201165"
2030-09-14 20:00:00,"0,0","45,57613947310148","59719,01207340513"
2030-09-14 21:00:00,"0,0","32,430790174034655","59681,37079942769"
2030-09-14 22:00:00,"0,0","3,412531275546371","59672,75106854989"
2030-09-14 23:00:00,"28,235359780891557","0,0","59695,77998080006"
2030-09-15 00:00:00,"4,923703118587184","0,0","59695,495227115316"
2030-09-15 01:00:00,"7,259419276437882","0,0","59697,54621443319"
2030-09-15 02:00:00,"3,2913485362328174","0,0","59695,62895206221"
2030-09-15 03:00:00,"0,0","7,059864287420396","59683,36064414873"
2030-09-15 04:00:00,"0,0","50,41583067056831","59627,73744026196"
2030-09-15 05:00:00,"0,0","125,45775679164643","59497,07716337865"
2030-09-15 06:00:00,"0,0","179,19213477436028","59312,69390862178"
2030-09-15 07:00:00,"0,0","177,84560223868056","59129,67327383957"
2030-09-15 08:00:00,"0,0","164,04363153581755","58960,47057831062"
2030-09-15 09:00:00,"0,0","151,29127928632687","58804,03499796634"
2030-09-15 10:00:00,"0,0","137,04891312823287","58661,855432784534"
2030-09-15 11:00:00,"0,0","126,30380511305725","58530,43338078497"
2030-09-15 12:00:00,"0,0","119,60932648548726","58405,71727398701"
2030-09-15 13:00:00,"0,0","113,33774583138899","58287,283629323465"
2030-09-15 14:00:00,"0,0","105,31308371505799","58176,88498011175"
2030-09-15 15:00:00,"0,0","96,80910664211567","58074,99994025511"
2030-09-15 16:00:00,"0,0","95,16850242970656","57974,76439408062"
2030-09-15 17:00:00,"0,0","90,40879263357022","57879,29730325367"
2030-09-15 18:00:00,"0,0","91,4047677905146","57782,84256677344"
2030-09-15 19:00:00,"0,0","95,01913154754624","57682,781882211944"
2030-09-15 20:00:00,"0,0","90,47764295834997","57587,27141653437"
2030-09-15 21:00:00,"0,0","77,67268339034956","57504,57424371293"
2030-09-15 22:00:00,"0,0","43,57926338391897","57455,97770622625"
2030-09-15 23:00:00,"0,0","12,574082799685698","57438,3905893717"
2030-09-16 00:00:00,"6,2577312099685685","0,0","57439,63682100275"
2030-09-16 01:00:00,"8,600872572198824","0,0","57443,226085262315"
2030-09-16 02:00:00,"4,680962064527506","0,0","57442,895125850904"
2030-09-16 03:00:00,"0,0","5,532129875392826","57432,35110337578"
2030-09-16 04:00:00,"0,0","48,35887247036237","57378,98125827165"
2030-09-16 05:00:00,"0,0","122,31232421837325","57251,66261793849"
2030-09-16 06:00:00,"0,0","175,44451694220083","57071,222893432874"
2030-09-16 07:00:00,"0,0","174,23963768664237","56892,00379154878"
2030-09-16 08:00:00,"0,0","160,75070724494105","56726,289256973025"
2030-09-16 09:00:00,"0,0","148,26190382254265","56573,07798441281"
2030-09-16 10:00:00,"0,0","134,27542835953784","56433,866554999135"
2030-09-16 11:00:00,"0,0","123,69781606642101","56305,24488407579"
2030-09-16 12:00:00,"0,0","117,10768419257158","56183,22456726708"
2030-09-16 13:00:00,"0,0","110,92945671000604","56067,39312421358"
2030-09-16 14:00:00,"0,0","103,0372631430634","55959,46398102043"
2030-09-16 15:00:00,"0,0","94,53563893570075","55860,04587885238"
2030-09-16 16:00:00,"0,0","92,85537842933019","55762,31671142012"
2030-09-16 17:00:00,"0,0","88,00543907295122","55669,4460102141"
2030-09-16 18:00:00,"0,0","88,79308578108558","55575,795765268624"
2030-09-16 19:00:00,"0,0","92,19020991464606","55478,756567173456"
2030-09-16 20:00:00,"0,0","87,651574478687","55386,26447118428"
2030-09-16 21:00:00,"0,0","74,9667016062026","55306,46531800297"
2030-09-16 22:00:00,"0,0","41,35017569333482","55260,289653210646"
2030-09-16 23:00:00,"0,0","10,946587028761542","55244,52160590964"
2030-09-17 00:00:00,"77,32214138348937","0,0","55317,023662783016"
2030-09-17 01:00:00,"78,99051074590595","0,0","55391,187763214344"
2030-09-17 02:00:00,"82,17953873129127","0,0","55468,534420813296"
2030-09-17 03:00:00,"77,6349321902791","0,0","55541,32972337536"
2030-09-17 04:00:00,"58,64166876977262","0,0","55595,12541112677"
2030-09-17 05:00:00,"35,380425147690815","0,0","55625,65516158234"
2030-09-17 06:00:00,"22,846643598922668","0,0","55643,64846676842"
2030-09-17 07:00:00,"25,567408883872417","0,0","55664,36096732357"
2030-09-17 08:00:00,"29,625619731134236","0,0","55689,12987156031"
2030-09-17 09:00:00,"30,601970610695645","0,0","55714,87296558972"
2030-09-17 10:00:00,"29,36078764844254","0,0","55739,37263057192"
2030-09-17 11:00:00,"37,46210657749367","0,0","55771,97147688739"
2030-09-17 12:00:00,"42,241326484055406","0,0","55809,34669886009"
2030-09-17 13:00:00,"52,69264941883819","0,0","55857,16998277946"
2030-09-17 14:00:00,"56,87255814066744","0,0","55909,16900283913"
2030-09-17 15:00:00,"63,13314496350779","0,0","55967,424072807145"
2030-09-17 16:00:00,"65,23089150676003","0,0","56027,771806563556"
2030-09-17 17:00:00,"66,76403318633317","0,0","56089,64741665977"
2030-09-17 18:00:00,"68,04272865364057","0,0","56152,79632357631"
2030-09-17 19:00:00,"63,709357374110766","0,0","56211,606349471185"
2030-09-17 20:00:00,"62,63566909916091","0,0","56269,337555916354"
2030-09-17 21:00:00,"63,77989905234321","0,0","56328,207955266946"
2030-09-17 22:00:00,"74,56884736037159","0,0","56397,862166483224"
2030-09-17 23:00:00,"87,9240610937525","0,0","56480,86551410295"
2030-09-18 00:00:00,"51,917780227188786","0,0","56527,855338814035"
2030-09-18 01:00:00,"50,23657605721888","0,0","56573,159859492946"
2030-09-18 02:00:00,"44,626374144031104","0,0","56612,85022543924"
2030-09-18 03:00:00,"32,84847790941802","0,0","56640,75923216649"
2030-09-18 04:00:00,"0,0","12,543791662234355","56623,27353426126"
2030-09-18 05:00:00,"0,0","66,82612352020178","56551,50703012519"
2030-09-18 06:00:00,"0,0","59,154394879421574","56487,41851625739"
2030-09-18 07:00:00,"0,0","62,24060393080529","56420,24938506105"
2030-09-18 08:00:00,"0,0","42,21818353354797","56373,10853476865"
2030-09-18 09:00:00,"0,0","23,816220281905743","56344,373760767085"
2030-09-18 10:00:00,"0,0","17,932806237352963","56321,524907919105"
2030-09-18 11:00:00,"0,0","8,141598618682451","56308,4692562522"
2030-09-18 12:00:00,"0,0","6,483257883448118","56297,07308442615"
2030-09-18 13:00:00,"4,451030467909874","0,0","56296,612195267444"
2030-09-18 14:00:00,"6,5391672708642545","0,0","56298,23948312427"
2030-09-18 15:00:00,"9,048819737349902","0,0","56302,37628146672"
2030-09-18 16:00:00,"1,017071077712103","0,0","56298,480970213874"
2030-09-18 17:00:00,"0,0","9,098715283008119","56284,470212466214"
2030-09-18 18:00:00,"0,0","21,29116610310649","56258,26822633707"
2030-09-18 19:00:00,"0,0","29,77528861614917","56223,58440381818"
2030-09-18 20:00:00,"0,0","32,39949119914212","56186,27940487981"
2030-09-18 21:00:00,"0,0","31,412827031068986","56149,964324970664"
2030-09-18 22:00:00,"0,0","9,101774850491097","56135,96346573282"
2030-09-18 23:00:00,"14,693617161849374","0,0","56145,759220082284"
2030-09-19 00:00:00,"0,0","14,711843539268614","56126,14865905106"
2030-09-19 01:00:00,"0,0","12,727019134711185","56108,52463344585"
2030-09-19 02:00:00,"0,0","18,083900128302332","56085,54526454328"
2030-09-19 03:00:00,"0,0","30,358173702640414","56050,29362701631"
2030-09-19 04:00:00,"0,0","80,52854285116126","55964,874696046194"
2030-09-19 05:00:00,"0,0","171,39902809469436","55788,59273263427"
2030-09-19 06:00:00,"0,0","234,88194423570263","55548,843233682644"
2030-09-19 07:00:00,"0,0","232,62300310859183","55311,37359400191"
2030-09-19 08:00:00,"0,0","213,2886461602642","55093,259030495574"
2030-09-19 09:00:00,"0,0","196,27099822919865","54892,18114541596"
2030-09-19 10:00:00,"0,0","177,52624657874293","54709,86555603228"
2030-09-19 11:00:00,"0,0","164,15630145393993","54540,935818808575"
2030-09-19 12:00:00,"0,0","155,62574983471478","54380,55137232367"
2030-09-19 13:00:00,"0,0","147,88187473081302","54227,924794485625"
2030-09-19 14:00:00,"0,0","137,59491649414235","54085,598491553166"
2030-09-19 15:00:00,"0,0","128,9610597630337","53951,91846332175"
2030-09-19 16:00:00,"0,0","127,77077553597826","53819,44038289985"
2030-09-19 17:00:00,"0,0","124,01238948588332","53690,73224724056"
2030-09-19 18:00:00,"0,0","128,1334173099483","53557,91431354204"
2030-09-19 19:00:00,"0,0","134,92705508607696","53418,314330432106"
2030-09-19 20:00:00,"0,0","129,76111086928745","53283,89247163749"
2030-09-19 21:00:00,"0,0","115,26905849813244","53163,97439352121"
2030-09-19 22:00:00,"0,0","74,52594525675909","53084,80989149861"
2030-09-19 23:00:00,"21,269940213659055","0,0","53101,44818204924"
2030-09-20 00:00:00,"38,02776598865188","0,0","53134,842846684005"
2030-09-20 01:00:00,"36,53637688034647","0,0","53166,74320852598"
2030-09-20 02:00:00,"29,783396082006107","0,0","53191,88780626304"
2030-09-20 03:00:00,"20,598159596368134","0,0","53207,84497364831"
2030-09-20 04:00:00,"0,0","14,037501179309118","53189,165087995054"
2030-09-20 05:00:00,"0,0","83,95785257943933","53100,566480761685"
2030-09-20 06:00:00,"0,0","123,07530490056286","52972,85815143568"
2030-09-20 07:00:00,"0,0","114,64616245808008","52853,59010710389"
2030-09-20 08:00:00,"0,0","93,8238110038034","52755,15482036325"
2030-09-20 09:00:00,"0,0","76,66579461280773","52673,88613849236"
2030-09-20 10:00:00,"0,0","60,05898936389417","52609,23135256288"
2030-09-20 11:00:00,"0,0","49,17921991922219","52555,46197720815"
2030-09-20 12:00:00,"0,0","42,26718741657845","52508,60932573406"
2030-09-20 13:00:00,"0,0","32,668218083892214","52471,359731486504"
2030-09-20 14:00:00,"0,0","23,930909311378883","52442,85069603856"
2030-09-20 15:00:00,"0,0","23,571165981774385","52414,70389133356"
2030-09-20 16:00:00,"0,0","27,05837416061709","52383,072334258424"
2030-09-20 17:00:00,"0,0","38,25755076093242","52340,24436043633"
2030-09-20 18:00:00,"0,0","53,74495525891024","52281,93271885697"
2030-09-20 19:00:00,"0,0","69,08833676506907","52208,282783462186"
2030-09-20 20:00:00,"0,0","69,06599447196544","52134,66161631736"
2030-09-20 21:00:00,"0,0","63,153492627580476","52066,95937446376"
2030-09-20 22:00:00,"0,0","34,66124995833849","52027,7552823"
2030-09-20 23:00:00,"0,0","32,27590168296689","51990,93995896866"
2030-09-21 00:00:00,"6,734718355100142","0,0","51993,13846781234"
2030-09-21 01:00:00,"9,092421677326541","0,0","51997,694488158355"
2030-09-21 02:00:00,"5,223565183874484","0,0","51998,381254498134"
2030-09-21 03:00:00,"0,0","4,944451055363373","51988,89994467831"
2030-09-21 04:00:00,"0,0","47,62973576740575","51936,73417739074"
2030-09-21 05:00:00,"0,0","121,20260054323978","51811,00009679052"
2030-09-21 06:00:00,"0,0","174,0755085026351","51632,40407852944"
2030-09-21 07:00:00,"0,0","172,86528799923326","51455,03386327435"
2030-09-21 08:00:00,"0,0","159,5322210827","51291,01219048708"
2030-09-21 09:00:00,"0,0","147,1573501848061","51139,37969948866"
2030-09-21 10:00:00,"0,0","133,2988869093544","51001,61890170052"
2030-09-21 11:00:00,"0,0","122,78885885768216","50874,38015159367"
2030-09-21 12:00:00,"0,0","116,24933778054316","50753,692024144904"
2030-09-21 13:00:00,"0,0","110,1097629186051","50639,15400159719"
2030-09-21 14:00:00,"0,0","102,28015786417541","50532,45557754638"
2030-09-21 15:00:00,"0,0","93,78445490020079","50434,26216589704"
2030-09-21 16:00:00,"0,0","92,09516752986207","50337,7666089932"
2030-09-21 17:00:00,"0,0","87,2296625401529","50246,14497631642"
2030-09-21 18:00:00,"0,0","87,93975308869884","50153,82124707854"
2030-09-21 19:00:00,"0,0","91,25955244128494","50058,18577373345"
2030-09-21 20:00:00,"0,0","86,75098597949398","49967,0672110452"
2030-09-21 21:00:00,"0,0","74,1049009566635","49888,602683474375"
2030-09-21 22:00:00,"0,0","40,64103834780539","49843,60886454244"
2030-09-21 23:00:00,"0,0","10,406894132800574","49828,85311553621"
2030-09-22 00:00:00,"7,21704829708446","0,0","49831,72259639896"
2030-09-22 01:00:00,"9,588484214438353","0,0","49836,96326281686"
2030-09-22 02:00:00,"5,767595654344802","0,0","49838,38258342653"
2030-09-22 03:00:00,"0,0","4,355344884210581","49829,678839661916"
2030-09-22 04:00:00,"0,0","46,89454259203475","49778,436657591126"
2030-09-22 05:00:00,"0,0","120,08385000413813","49654,00963898862"
2030-09-22 06:00:00,"0,0","172,69830256396995","49476,979024083645"
2030-09-22 07:00:00,"0,0","171,4843995424622","49301,17775812133"
2030-09-22 08:00:00,"0,0","158,30790982665854","49138,568320535276"
2030-09-22 09:00:00,"0,0","146,04614208840047","48988,234838360906"
2030-09-22 10:00:00,"0,0","132,31331859520276","48851,64729627606"
2030-09-22 11:00:00,"0,0","121,87158846053683","48725,51340158893"
2030-09-22 12:00:00,"0,0","115,38350754497708","48605,87859299967"
2030-09-22 13:00:00,"0,0","109,2817559387978","48492,35597415363"
2030-09-22 14:00:00,"0,0","101,51545307244265","48386,609563022444"
2030-09-22 15:00:00,"0,0","93,025671351856","48289,362159986216"
2030-09-22 16:00:00,"0,0","91,32818648241783","48193,82072665534"
2030-09-22 17:00:00,"0,0","86,44474345407946","48103,17107234286"
2030-09-22 18:00:00,"0,0","87,07573480260652","48011,89833586419"
2030-09-22 19:00:00,"0,0","90,31903873908692","47917,39025899531"
2030-09-22 20:00:00,"0,0","85,8389982110337","47827,37046848418"
2030-09-22 21:00:00,"0,0","73,23241471341885","47749,965115697385"
2030-09-22 22:00:00,"0,0","39,92347212456241","47705,87545911648"
2030-09-22 23:00:00,"0,0","9,861144764425148","47691,85197671825"
2030-09-23 00:00:00,"0,0","11,580073147292467","47676,11078948599"
2030-09-23 01:00:00,"0,0","9,553511590256221","47662,39753722936"
2030-09-23 02:00:00,"0,0","14,726043753389916","47643,512949290845"
2030-09-23 03:00:00,"0,0","26,689338385364152","47612,66671440065"
2030-09-23 04:00:00,"0,0","75,71477308355927","47532,79773614626"
2030-09-23 05:00:00,"0,0","164,0506774650708","47364,599822078715"
2030-09-23 06:00:00,"0,0","226,0266581309652","47134,44060261328"
2030-09-23 07:00:00,"0,0","223,98236058845953","46906,345762082245"
2030-09-23 08:00:00,"0,0","205,4769510270866","46696,77623238742"
2030-09-23 09:00:00,"0,0","189,11771085751417","46503,58422780363"
2030-09-23 10:00:00,"0,0","171,04802932678433","46328,47876075297"
2030-09-23 11:00:00,"0,0","158,0883360102564","46166,34826497084"
2030-09-23 12:00:00,"0,0","149,83330938491656","46012,486941699804"
2030-09-23 13:00:00,"0,0","142,31868915071772","45866,15366306342"
2030-09-23 14:00:00,"0,0","132,37642226924606","45729,775418887075"
2030-09-23 15:00:00,"0,0","123,75579629659791","45602,02969968518"
2030-09-23 16:00:00,"0,0","122,48571718467201","45475,56520540921"
2030-09-23 17:00:00,"0,0","118,55099929871596","45353,04646304633"
2030-09-23 18:00:00,"0,0","122,1754807397121","45226,913929002716"
2030-09-23 19:00:00,"0,0","128,4613847023994","45094,50649606001"
2030-09-23 20:00:00,"0,0","123,359896468736","44967,212103899496"
2030-09-23 21:00:00,"0,0","109,1442977039415","44854,14441693949"
2030-09-23 22:00:00,"0,0","69,48099857930774","44780,7498942598"
2030-09-23 23:00:00,"0,0","31,897719999490107","44744,94505383204"
2030-09-24 00:00:00,"27,38252207452794","0,0","44768,42357945062"
2030-09-24 01:00:00,"38,56834084672964","0,0","44803,08587534004"
2030-09-24 02:00:00,"33,92810895038717","0,0","44833,1049150478"
2030-09-24 03:00:00,"32,6084294918858","0,0","44861,801656135845"
2030-09-24 04:00:00,"3,8165565944734112","0,0","44861,70402053582"
2030-09-24 05:00:00,"0,0","44,24122771314245","44813,548609146885"
2030-09-24 06:00:00,"0,0","66,84560598087924","44742,79302104985"
2030-09-24 07:00:00,"0,0","61,63138337783994","44677,257828980924"
2030-09-24 08:00:00,"0,0","59,90238639548966","44613,45735183986"
2030-09-24 09:00:00,"0,0","53,229278222303776","44556,33554946361"
2030-09-24 10:00:00,"0,0","50,3672418183198","44502,0807673686"
2030-09-24 11:00:00,"0,0","30,88403742208672","44467,31392339956"
2030-09-24 12:00:00,"0,0","25,65110846205954","44437,78304179769"
2030-09-24 13:00:00,"0,0","12,940114522779425","44420,96573070451"
2030-09-24 14:00:00,"0,0","6,801042595624011","44410,28895884888"
2030-09-24 15:00:00,"0,9760224550529131","0,0","44407,39018359228"
2030-09-24 16:00:00,"0,0","0,4813347902951932","44403,03430400847"
2030-09-24 17:00:00,"2,350543656976413","0,0","44401,510682922424"
2030-09-24 18:00:00,"0,0","1,046440142370784","44396,590210972965"
2030-09-24 19:00:00,"0,0","11,641092989245294","44381,07551548781"
2030-09-24 20:00:00,"0,0","13,398965103420238","44363,804301545664"
2030-09-24 21:00:00,"0,0","6,862563747504794","44353,07099587285"
2030-09-24 22:00:00,"14,895926893245132","0,0","44364,097117321704"
2030-09-24 23:00:00,"44,28150421021759","0,0","44404,507854058436"
2030-09-25 00:00:00,"76,2820731112209","0,0","44476,91563385939"
2030-09-25 01:00:00,"74,32902586806843","0,0","44547,364048838404"
2030-09-25 02:00:00,"65,0728116060869","0,0","44608,55010293123"
2030-09-25 03:00:00,"62,99801312465753","0,0","44667,6560200594"
2030-09-25 04:00:00,"31,068574340592477","0,0","44694,827341412245"
2030-09-25 05:00:00,"0,0","4,3139071773662465","44686,61381054934"
2030-09-25 06:00:00,"0,0","9,00019235483262","44673,71471113953"
2030-09-25 07:00:00,"0,0","6,567937929836944","44663,24899160115"
2030-09-25 08:00:00,"16,57816795158527","0,0","44675,93029107821"
2030-09-25 09:00:00,"24,31973216304891","0,0","44696,352048323366"
2030-09-25 10:00:00,"29,0758377577978","0,0","44721,528129364946"
2030-09-25 11:00:00,"36,000619319357696","0,0","44753,62679535501"
2030-09-25 12:00:00,"36,39733702771832","0,0","44786,11937844483"
2030-09-25 13:00:00,"45,91244924930626","0,0","44828,12423877837"
2030-09-25 14:00:00,"48,877547356456375","0,0","44873,09053229499"
2030-09-25 15:00:00,"52,39426610007817","0,0","44921,569621246126"
2030-09-25 16:00:00,"50,244775324163754","0,0","44967,894989620836"
2030-09-25 17:00:00,"37,72737063142762","0,0","45001,69891141442"
2030-09-25 18:00:00,"27,838099178328335","0,0","45025,61061236273"
2030-09-25 19:00:00,"23,892175211919664","0,0","45045,57430304873"
2030-09-25 20:00:00,"13,11354964974845","0,0","45054,75762634054"
2030-09-25 21:00:00,"9,82308160230815","0,0","45060,64968033995"
2030-09-25 22:00:00,"26,212797919538644","0,0","45082,93093657488"
2030-09-25 23:00:00,"41,845703355623584","0,0","45120,84315420629"
2030-09-26 00:00:00,"37,5789917128663","0,0","45154,48535235395"
2030-09-26 01:00:00,"39,838034450723924","0,0","45190,38365795768"
2030-09-26 02:00:00,"39,94368980530706","0,0","45226,38448678883"
2030-09-26 03:00:00,"32,554163955155744","0,0","45254,992648697524"
2030-09-26 04:00:00,"0,0","5,329470838557114","45245,71467975037"
2030-09-26 05:00:00,"0,0","57,423614106879626","45184,34337703767"
2030-09-26 06:00:00,"0,0","91,867668054783","45088,533375023246"
2030-09-26 07:00:00,"0,0","95,73114428253788","44988,868256203736"
2030-09-26 08:00:00,"0,0","81,26627192591718","44903,67670552246"
2030-09-26 09:00:00,"0,0","76,93425257972456","44822,82460715018"
2030-09-26 10:00:00,"0,0","70,50611813391225","44748,407697569295"
2030-09-26 11:00:00,"0,0","62,06988864456628","44682,43351035311"
2030-09-26 12:00:00,"0,0","60,66014989095714","44617,87481813838"
2030-09-26 13:00:00,"0,0","52,29072528937783","44561,69118327112"
2030-09-26 14:00:00,"0,0","48,8122077030435","44508,99096801234"
2030-09-26 15:00:00,"0,0","38,301290241582336","44466,8062683088"
2030-09-26 16:00:00,"0,0","33,49818136096275","44429,42835810093"
2030-09-26 17:00:00,"0,0","27,22852077688509","44398,3233696998"
2030-09-26 18:00:00,"0,0","24,69001248085212","44369,75960350494"
2030-09-26 19:00:00,"0,0","24,025708129583904","44341,86263384995"
2030-09-26 20:00:00,"0,0","23,46028372290982","44314,53352261224"
2030-09-26 21:00:00,"0,0","12,929295490201099","44297,7377840722"
2030-09-26 22:00:00,"8,530779155689089","0,0","44302,403585606226"
2030-09-26 23:00:00,"23,60403155812324","0,0","44322,14223245151"
2030-09-27 00:00:00,"35,271889752493834","0,0","44353,54701529422"
2030-09-27 01:00:00,"37,49303262472445","0,0","44387,170200941866"
2030-09-27 02:00:00,"37,68062389086313","0,0","44420,978044232696"
2030-09-27 03:00:00,"30,00139568518088","0,0","44447,10370958352"
2030-09-27 04:00:00,"0,0","9,241247393581034","44433,984452391276"
2030-09-27 05:00:00,"0,0","63,55216071640805","44366,5554265314"
2030-09-27 06:00:00,"0,0","98,805299471875","44263,87914509856"
2030-09-27 07:00:00,"0,0","102,57258426755106","44157,444537375595"
2030-09-27 08:00:00,"0,0","86,8609733710233","44066,730826968684"
2030-09-27 09:00:00,"0,0","82,12183047487406","43980,76417422915"
2030-09-27 10:00:00,"0,0","75,35542465589879","43901,57142789905"
2030-09-27 11:00:00,"0,0","66,45501665110189","43831,28599914086"
2030-09-27 12:00:00,"0,0","65,05116006144186","43762,410559375996"
2030-09-27 13:00:00,"0,0","56,231768738467736","43702,36052031622"
2030-09-27 14:00:00,"0,0","52,56965197865759","43645,97783738217"
2030-09-27 15:00:00,"0,0","41,94709469010388","43600,222631125755"
2030-09-27 16:00:00,"0,0","37,03161741413902","43559,38689428705"
2030-09-27 17:00:00,"0,0","30,960564279060975","43524,62577350146"
2030-09-27 18:00:00,"0,0","28,920394775851264","43491,90785512687"
2030-09-27 19:00:00,"0,0","28,74653970678918","43459,366646459726"
2030-09-27 20:00:00,"0,0","28,41158723105616","43427,16322948877"
2030-09-27 21:00:00,"0,0","17,55990370320154","43405,81430579379"
2030-09-27 22:00:00,"4,650373942592921","0,0","43406,6775224382"
2030-09-27 23:00:00,"20,597412455415792","0,0","43423,48770227978"
2030-09-28 00:00:00,"31,14567120609661","0,0","43450,844674183856"
2030-09-28 01:00:00,"33,29433180654806","0,0","43480,34791979258"
2030-09-28 02:00:00,"33,6220513030876","0,0","43510,17631073966"
2030-09-28 03:00:00,"25,408976383973595","0,0","43531,78902424053"
2030-09-28 04:00:00,"0,0","16,24334563686523","43511,74753001129"
2030-09-28 05:00:00,"0,0","74,56846022829038","43433,382669811006"
2030-09-28 06:00:00,"0,0","111,29881255262427","43318,29429462044"
2030-09-28 07:00:00,"0,0","114,91171204836667","43199,603061394875"
2030-09-28 08:00:00,"0,0","96,88490153737678","43098,94899449039"
2030-09-28 09:00:00,"0,0","91,38142820218249","43003,807182988436"
2030-09-28 10:00:00,"0,0","84,01052024016127","42916,04458057156"
2030-09-28 11:00:00,"0,0","74,25375672830342","42838,04639895359"
2030-09-28 12:00:00,"0,0","72,86380549322672","42761,44497391206"
2030-09-28 13:00:00,"0,0","63,23704361356582","42694,47699422452"
2030-09-28 14:00:00,"0,0","59,23014089797846","42631,521760208794"
2030-09-28 15:00:00,"0,0","48,41730579053211","42579,38485414468"
2030-09-28 16:00:00,"0,0","43,28098762988668","42532,38881518627"
2030-09-28 17:00:00,"0,0","37,56442655770516","42491,11343770444"
2030-09-28 18:00:00,"0,0","36,43396546922537","42450,97212258777"
2030-09-28 19:00:00,"0,0","37,16009626607337","42410,108179004004"
2030-09-28 20:00:00,"0,0","37,23350858828283","42369,174388477106"
2030-09-28 21:00:00,"0,0","25,776001009903155","42339,70167700181"
2030-09-28 22:00:00,"0,0","2,2236330026543385","42333,783905027834"
2030-09-28 23:00:00,"15,241296085434755","0,0","42345,33157846756"
2030-09-29 00:00:00,"27,06167365813519","0,0","42368,69862194547"
2030-09-29 01:00:00,"29,136424635684136","0,0","42394,13837762639"
2030-09-29 02:00:00,"29,60581540305492","0,0","42420,045304456"
2030-09-29 03:00:00,"20,864699324590106","0,0","42437,208854827775"
2030-09-29 04:00:00,"0,0","23,17357758533487","42410,33263076985"
2030-09-29 05:00:00,"0,0","85,467721595088","42321,16460765273"
2030-09-29 06:00:00,"0,0","123,65513181310644","42193,81695422761"
2030-09-29 07:00:00,"0,0","127,11495767073148","42063,02058602762"
2030-09-29 08:00:00,"0,0","106,80814747740567","41952,54244000408"
2030-09-29 09:00:00,"0,0","100,54946671672212","41848,332613959465"
2030-09-29 10:00:00,"0,0","92,58046015199045","41752,1008867869"
2030-09-29 11:00:00,"0,0","81,97800718705778","41666,48000879747"
2030-09-29 12:00:00,"0,0","80,60113194169571","41582,243476475014"
2030-09-29 13:00:00,"0,0","70,17423241055229","41508,441193321145"
2030-09-29 14:00:00,"0,0","65,8322647389981","41438,987317088024"
2030-09-29 15:00:00,"0,0","54,82820675848342","41380,54355868613"
2030-09-29 16:00:00,"0,0","49,47531022680798","41327,45779603383"
2030-09-29 17:00:00,"0,0","44,108496406924814","41279,7434789342"
2030-09-29 18:00:00,"0,0","43,877907044057565","41232,26391427161"
2030-09-29 19:00:00,"0,0","45,4933576528295","41183,17304159226"
2030-09-29 20:00:00,"0,0","45,969676286821596","41133,61013345756"
2030-09-29 21:00:00,"0,0","33,917010711903","41096,104215261505"
2030-09-29 22:00:00,"0,0","9,036902464301306","41083,481677704425"
2030-09-29 23:00:00,"9,935231605348463","0,0","41089,83237553339"
2030-09-30 00:00:00,"38,813900158072855","0,0","41125,0611878167"
2030-09-30 01:00:00,"41,089047896357016","0,0","41162,56207412441"
2030-09-30 02:00:00,"41,14590440370351","0,0","41200,11654498715"
2030-09-30 03:00:00,"33,90308153473502","0,0","41230,42491635333"
2030-09-30 04:00:00,"0,0","3,2412656823837835","41223,58629609699"
2030-09-30 05:00:00,"0,0","54,18012417992384","41165,80941401273"
2030-09-30 06:00:00,"0,0","88,20927765854162","41074,008419482816"
2030-09-30 07:00:00,"0,0","92,13775543255676","40978,28695681566"
2030-09-30 08:00:00,"0,0","78,2838607221575","40896,42774055652"
2030-09-30 09:00:00,"0,0","74,1450458599441","40818,71448137621"
2030-09-30 10:00:00,"0,0","67,8989315657573","40747,254116971955"
2030-09-30 11:00:00,"0,0","59,69297861015829","40684,00594044009"
2030-09-30 12:00:00,"0,0","58,28314370696148","40622,17311721482"
2030-09-30 13:00:00,"0,0","50,15171239029041","40568,47712022006"
2030-09-30 14:00:00,"0,0","46,75948782974038","40518,17803276158"
2030-09-30 15:00:00,"0,0","36,317679659444195","40478,32514206878"
2030-09-30 16:00:00,"0,0","31,560262456471662","40443,23314574367"
2030-09-30 17:00:00,"0,0","25,184884837698917","40414,519588814"
2030-09-30 18:00:00,"0,0","22,390658606032588","40388,60276337384"
2030-09-30 19:00:00,"0,0","21,479682722818552","40363,59917505992"
2030-09-30 20:00:00,"0,0","20,787150554318828","40339,29030047758"
2030-09-30 21:00:00,"0,0","10,403596969064608","40325,367100429794"
2030-09-30 22:00:00,"10,653051537665931","0,0","40332,50176368795"
2030-09-30 23:00:00,"25,229058774160734","0,0","40354,21181168323"
2030-10-01 00:00:00,"76,72385203061314","0,0","40427,41475873327"
2030-10-01 01:00:00,"78,41698664978387","0,0","40502,30445344535"
2030-10-01 02:00:00,"81,67560467427232","0,0","40580,44623205606"
2030-10-01 03:00:00,"77,06364527042965","0,0","40653,969233392745"
2030-10-01 04:00:00,"57,80501797533819","0,0","40708,22719255248"
2030-10-01 05:00:00,"34,23329569855014","0,0","40738,90869542847"
2030-10-01 06:00:00,"21,52256788596577","0,0","40756,87679353076"
2030-10-01 07:00:00,"24,307503803297664","0,0","40777,62825983383"
2030-10-01 08:00:00,"28,44905837351891","0,0","40802,51947014168"
2030-10-01 09:00:00,"29,50209696836123","0,0","40828,46154728627"
2030-10-01 10:00:00,"28,240046204373442","0,0","40853,13931022064"
2030-10-01 11:00:00,"36,50754764465762","0,0","40886,08242146049"
2030-10-01 12:00:00,"41,288079213035616","0,0","40923,80318998225"
2030-10-01 13:00:00,"51,788336224081505","0,0","40972,02092437801"
2030-10-01 14:00:00,"55,932717485582856","0,0","41024,37883303795"
2030-10-01 15:00:00,"62,24075241440474","0,0","41083,04020839917"
2030-10-01 16:00:00,"64,35151787722279","0,0","41143,80723101821"
2030-10-01 17:00:00,"65,89952950527442","0,0","41206,11696334258"
2030-10-01 18:00:00,"67,2007515040539","0,0","41269,72248114159"
2030-10-01 19:00:00,"62,771442808797616","0,0","41328,89314066391"
2030-10-01 20:00:00,"61,667221253442065","0,0","41386,954415990826"
2030-10-01 21:00:00,"62,81407453025696","0,0","41446,15747874829"
2030-10-01 22:00:00,"73,74542577538821","0,0","41516,28672728365"
2030-10-01 23:00:00,"87,3263470893926","0,0","41599,99077835609"
2030-10-02 00:00:00,"87,24920871723543","0,0","41683,61038787792"
2030-10-02 01:00:00,"85,63282499161953","0,0","41765,606317863196"
2030-10-02 02:00:00,"78,42173704293371","0,0","41840,384005754895"
2030-10-02 03:00:00,"76,57813346206369","0,0","41913,31156571246"
2030-10-02 04:00:00,"51,69088778572474","0,0","41961,34551706408"
2030-10-02 05:00:00,"24,275577827145412","0,0","41981,95996749486"
2030-10-02 06:00:00,"20,257227208594884","0,0","41998,554268696294"
2030-10-02 07:00:00,"22,384699991302114","0,0","42017,27459482765"
2030-10-02 08:00:00,"39,41471642112734","0,0","42053,02330404038"
2030-10-02 09:00:00,"44,983799688761195","0,0","42094,33797744586"
2030-10-02 10:00:00,"48,68180167705556","0,0","42139,34704813438"
2030-10-02 11:00:00,"53,865998249140404","0,0","42189,53638835357"
2030-10-02 12:00:00,"54,18658560002643","0,0","42240,04193690371"
2030-10-02 13:00:00,"62,486241621691406","0,0","42298,84273486641"
2030-10-02 14:00:00,"64,62048579183468","0,0","42359,77264662963"
2030-10-02 15:00:00,"67,3984954053976","0,0","42423,475251871605"
2030-10-02 16:00:00,"65,51897653663043","0,0","42485,29278019251"
2030-10-02 17:00:00,"54,75648431673258","0,0","42536,34242271417"
2030-10-02 18:00:00,"46,71664624414076","0,0","42579,34777308193"
2030-10-02 19:00:00,"43,104246339681254","0,0","42618,736971328406"
2030-10-02 20:00:00,"34,96417963919892","0,0","42649,98266616686"
2030-10-02 21:00:00,"32,21966040695321","0,0","42678,4811155862"
2030-10-02 22:00:00,"44,27058270542021","0,0","42719,02800081429"
2030-10-02 23:00:00,"81,3946439986825","0,0","42796,6954096199"
2030-10-03 00:00:00,"86,31899481558597","0,0","42879,28039276099"
2030-10-03 01:00:00,"85,02714367196776","0,0","42960,5663192187"
2030-10-03 02:00:00,"83,56178294239174","0,0","43040,37979274974"
2030-10-03 03:00:00,"78,83995109188048","0,0","43115,46447070471"
2030-10-03 04:00:00,"54,84813447720333","0,0","43166,550780906844"
2030-10-03 05:00:00,"20,312704837244212","0,0","43183,09720418845"
2030-10-03 06:00:00,"8,394312374978512","0,0","43187,72379133236"
2030-10-03 07:00:00,"10,859188086541138","0,0","43194,81485051811"
2030-10-03 08:00:00,"28,247812069214774","0,0","43219,29391499162"
2030-10-03 09:00:00,"1113,3148580685302","0,0","44328,837889666065"
2030-10-03 10:00:00,"1118,4440240370573","0,0","45443,414222597254"
2030-10-03 11:00:00,"1125,002310084161","0,0","46564,451594790495"
2030-10-03 12:00:00,"1125,0667979990822","0,0","47685,455644387934"
2030-10-03 13:00:00,"1135,7279160143444","0,0","48817,023004397306"
2030-10-03 14:00:00,"1138,082270951906","0,0","49950,84599009208"
2030-10-03 15:00:00,"1140,3945292242054","0,0","51086,88230800365"
2030-10-03 16:00:00,"1140,511907571379","0,0","52222,93688509366"
2030-10-03 17:00:00,"1131,5859911314094","0,0","53349,966424981845"
2030-10-03 18:00:00,"1122,057647213337","0,0","54467,369287624606"
2030-10-03 19:00:00,"1113,468761902829","0,0","55576,08577155709"
2030-10-03 20:00:00,"1108,878351104653","0,0","56680,11510917817"
2030-10-03 21:00:00,"1111,232286337276","0,0","57786,40205547217"
2030-10-03 22:00:00,"1121,7753637336705","0,0","58903,135555626504"
2030-10-03 23:00:00,"1101,8993662592818","0,0","59999,89562330856"
2030-10-04 00:00:00,"1121,838184227649","0,0","61116,49881664308"
2030-10-04 01:00:00,"1124,1679348182413","0,0","62235,33433693957"
2030-10-04 02:00:00,"1124,1071145658002","0,0","63354,01141858447"
2030-10-04 03:00:00,"1117,2747162645628","0,0","64465,75849735276"
2030-10-04 04:00:00,"1082,0488623940148","0,0","65542,18272231788"
2030-10-04 05:00:00,"1034,2390501682023","0,0","66570,70321704357"
2030-10-04 06:00:00,"1001,3508282412466","0,0","67566,24575142913"
2030-10-04 07:00:00,"997,2839560274268","0,0","68557,63455251475"
2030-10-04 08:00:00,"1009,3848674527782","0,0","69561,03776635282"
2030-10-04 09:00:00,"1012,9531152667414","0,0","70567,92168107445"
2030-10-04 10:00:00,"1018,720831506374","0,0","71580,48546141415"
2030-10-04 11:00:00,"1026,2742033432896","0,0","72600,51426740093"
2030-10-04 12:00:00,"0,0","0,0","72594,1798725311"
2030-10-04 13:00:00,"1035,1878413533755","0,0","73623,03387169058"
2030-10-04 14:00:00,"628,1418015653035","0,0","74244,75206355058"
2030-10-04 15:00:00,"0,0","31,16109005688142","74207,11311887616"
2030-10-04 16:00:00,"0,0","26,55961143993565","74174,0789368166"
2030-10-04 17:00:00,"0,0","19,904829362968144","74147,7024190664"
2030-10-04 18:00:00,"0,0","16,408990237758417","74124,82404179257"
2030-10-04 19:00:00,"0,0","14,806567227329566","74103,55008366761"
2030-10-04 20:00:00,"0,0","13,786602499108966","74083,2979464237"
2030-10-04 21:00:00,"0,0","3,8524505323959772","74072,98172814547"
2030-10-04 22:00:00,"16,140527937460377","0,0","74082,65938842716"
2030-10-04 23:00:00,"29,480462090630994","0,0","74105,67613848616"
2030-10-05 00:00:00,"32,49944928558108","0,0","74131,70986752865"
2030-10-05 01:00:00,"34,670136129847066","0,0","74159,91201197256"
2030-10-05 02:00:00,"34,95320360349348","0,0","74188,394763253"
2030-10-05 03:00:00,"26,91325565205389","0,0","74208,83508146196"
2030-10-05 04:00:00,"0,0","13,947624955050003","74188,41273564605"
2030-10-05 05:00:00,"0,0","70,95759919492704","74110,98219743994"
2030-10-05 06:00:00,"0,0","107,20384715823218","73997,31216708498"
2030-10-05 07:00:00,"0,0","110,86907634859017","73879,98682524981"
2030-10-05 08:00:00,"0,0","93,59803526792422","73779,94276113139"
2030-10-05 09:00:00,"0,0","88,34416322778117","73685,16129789769"
2030-10-05 10:00:00,"0,0","81,1708019712768","73597,56146560317"
2030-10-05 11:00:00,"0,0","71,69561992571863","73519,44445843957"
2030-10-05 12:00:00,"0,0","70,29976698697334","73442,7301199236"
2030-10-05 13:00:00,"0,0","60,93813605427391","73375,38410566635"
2030-10-05 14:00:00,"0,0","57,04477971583108","73311,9373236873"
2030-10-05 15:00:00,"0,0","46,29513265616174","73259,24572449966"
2030-10-05 16:00:00,"0,0","41,2286734436629","73211,62518186653"
2030-10-05 17:00:00,"0,0","35,396558647668854","73169,84090892175"
2030-10-05 18:00:00,"0,0","33,969027069427455","73129,48781323302"
2030-10-05 19:00:00,"0,0","34,40132822612043","73088,7059371952"
2030-10-05 20:00:00,"0,0","34,338856840869596","73047,99009076132"
2030-10-05 21:00:00,"0,0","23,07997315319011","73018,53668047271"
2030-10-05 22:00:00,"0,032939417904174206","0,0","73012,19875256524"
2030-10-05 23:00:00,"16,998829381290022","0,0","73022,82726760537"
2030-10-06 00:00:00,"11,584224323905858","0,0","73028,04025025018"
2030-10-06 01:00:00,"14,018806111579039","0,0","73035,68735984992"
2030-10-06 02:00:00,"10,47191439763148","0,0","73039,7869105254"
2030-10-06 03:00:00,"0,781678686973919","0,0","73034,19586780445"
2030-10-06 04:00:00,"0,0","40,188538449944815","72987,63509576503"
2030-10-06 05:00:00,"0,0","109,84849396443212","72871,4184306385"
2030-10-06 06:00:00,"0,0","160,34212008152366","72704,7182792989"
2030-10-06 07:00:00,"0,0","159,39710153631705","72538,97769109272"
2030-10-06 08:00:00,"0,0","147,39808784951902","72385,25057743966"
2030-10-06 09:00:00,"0,0","136,06496868894465","72242,86999563783"
2030-10-06 10:00:00,"0,0","123,29386912057248","72113,27293611012"
2030-10-06 11:00:00,"199,8190739674901","0,0","72306,80012701394"
2030-10-06 12:00:00,"972,4374180787212","0,0","73272,92877678158"
2030-10-06 13:00:00,"978,2163498047701","0,0","74244,75206355058"
2030-10-06 14:00:00,"0,0","94,26843352950942","74144,00577540354"
2030-10-06 15:00:00,"0,0","85,80301137859752","74051,73369952104"
2030-10-06 16:00:00,"0,0","83,99699230264702","73961,2756934531"
2030-10-06 17:00:00,"0,0","78,87356663344241","73875,94900551542"
2030-10-06 18:00:00,"0,0","78,81360959340276","73790,68971937128"
2030-10-06 19:00:00,"0,0","81,34752526602023","73702,90395642725"
2030-10-06 20:00:00,"0,0","76,97510522469526","73619,49827283235"
2030-10-06 21:00:00,"0,0","64,74783766588934","73548,32713394216"
2030-10-06 22:00:00,"364,3151267948393","0,0","73906,22516919457"
2030-10-06 23:00:00,"180,2920534109707","0,0","74080,06890445953"
2030-10-07 00:00:00,"0,0","79,38661823289164","73994,21880021473"
2030-10-07 01:00:00,"256,9892589261726","0,0","74244,75206355058"
2030-10-07 02:00:00,"6,47785461753665","0,0","74244,75206355058"
2030-10-07 03:00:00,"0,0","105,4073913516043","74132,86681758144"
2030-10-07 04:00:00,"0,0","164,18203964482024","73962,21668530679"
2030-10-07 05:00:00,"0,0","267,0291957017888","73688,73428619921"
2030-10-07 06:00:00,"0,0","320,34257894797776","73361,96236518475"
2030-10-07 07:00:00,"0,0","345,7943883867523","73009,76714558163"
2030-10-07 08:00:00,"0,0","347,6098714387671","72655,78717195941"
2030-10-07 09:00:00,"0,0","270,9783909830585","72378,4695635456"
2030-10-07 10:00:00,"710,6095408665033","0,0","73082,76408294268"
2030-10-07 11:00:00,"80,49585249316596","0,0","73156,88346426962"
2030-10-07 12:00:00,"279,8651273493582","0,0","73430,36565353672"
2030-10-07 13:00:00,"820,793209417129","0,0","74244,75206355058"
2030-10-07 14:00:00,"0,0","255,75577989695444","73982,51842903609"
2030-10-07 15:00:00,"0,0","250,0845347021979","73725,97891960097"
2030-10-07 16:00:00,"0,0","257,5661833235064","73461,98014461673"
2030-10-07 17:00:00,"0,0","261,70401756356944","73193,86656928554"
2030-10-07 18:00:00,"0,0","255,6453350852072","72931,83506934217"
2030-10-07 19:00:00,"0,0","247,57497391003756","72677,89679282233"
2030-10-07 20:00:00,"0,0","229,19985468189248","72442,35579164526"
2030-10-07 21:00:00,"0,0","197,95322543607818","72238,08197066636"
2030-10-07 22:00:00,"0,0","152,64139751777157","72079,13780049665"
2030-10-07 23:00:00,"0,0","109,04140622570782","71963,80748949786"
2030-10-08 00:00:00,"0,0","77,6825626833583","71879,84608461104"
2030-10-08 01:00:00,"0,0","98,14063257121751","71775,43393546894"
2030-10-08 02:00:00,"0,0","85,51571339369565","71683,65581546437"
2030-10-08 03:00:00,"0,0","100,40398929117521","71576,99742720329"
2030-10-08 04:00:00,"0,0","150,2443437276658","71420,50799045009"
2030-10-08 05:00:00,"0,0","238,87494045831056","71175,40161066962"
2030-10-08 06:00:00,"0,0","275,9502844801108","70893,24127239897"
2030-10-08 07:00:00,"0,0","299,9275234894011","70587,12831360855"
2030-10-08 08:00:00,"0,0","306,9137378671166","70274,05584879608"
2030-10-08 09:00:00,"0,0","287,7099188716443","69980,21451855164"
2030-10-08 10:00:00,"0,0","258,42263768900773","69715,68610714588"
2030-10-08 11:00:00,"0,0","237,34134774419294","69472,26206578885"
2030-10-08 12:00:00,"0,0","226,07280346059048","69240,12780746302"
2030-10-08 13:00:00,"0,0","199,98742327505556","69034,09918303677"
2030-10-08 14:00:00,"0,0","188,91189183046993","68839,16406605257"
2030-10-08 15:00:00,"0,0","189,2013652082586","68643,95648377956"
2030-10-08 16:00:00,"0,0","196,85222582031952","68441,11507275605"
2030-10-08 17:00:00,"0,0","199,84122654684995","68235,3023589191"
2030-10-08 18:00:00,"0,0","202,4026586662785","68026,946170122"
2030-10-08 19:00:00,"0,0","201,23206062721283","67819,77875844145"
2030-10-08 20:00:00,"0,0","196,9582109342095","67616,90327181056"
2030-10-08 21:00:00,"0,0","175,38810224841984","67435,61559475168"
2030-10-08 22:00:00,"0,0","130,50245600266646","67299,22938128837"
2030-10-08 23:00:00,"0,0","80,32700313310238","67213,03052039175"
2030-10-09 00:00:00,"0,0","71,43467240169434","67135,73151107716"
2030-10-09 01:00:00,"0,0","105,9293049256276","67023,9446135772"
2030-10-09 02:00:00,"0,0","99,44980438457372","66918,6469700251"
2030-10-09 03:00:00,"0,0","115,35534830891709","66797,45296976806"
2030-10-09 04:00:00,"0,0","184,5375395561012","66607,08735244034"
2030-10-09 05:00:00,"0,0","306,18684561740656","66295,08903845144"
2030-10-09 06:00:00,"0,0","257,54045856248246","66031,76433337036"
2030-10-09 07:00:00,"0,0","263,4135422025929","65762,58951972969"
2030-10-09 08:00:00,"0,0","239,43298136615482","65517,41875242795"
2030-10-09 09:00:00,"0,0","228,4773721044936","65283,22498553731"
2030-10-09 10:00:00,"0,0","200,54177992551183","65076,987244231816"
2030-10-09 11:00:00,"0,0","193,309204861058","64878,0000722337"
2030-10-09 12:00:00,"0,0","190,46701374446138","64681,872452982934"
2030-10-09 13:00:00,"0,0","168,0912025084432","64508,13775710297"
2030-10-09 14:00:00,"0,0","165,64905892655617","64336,86036315711"
2030-10-09 15:00:00,"0,0","169,99354867951376","64161,25342341091"
2030-10-09 16:00:00,"0,0","184,16244297423123","63971,49291107549"
2030-10-09 17:00:00,"0,0","200,58019875176143","63765,331199567234"
2030-10-09 18:00:00,"0,0","220,7650514026368","63539,00262301743"
2030-10-09 19:00:00,"0,0","231,7658956063553","63301,692949432225"
2030-10-09 20:00:00,"0,0","241,96755974179973","63054,20231698058"
2030-10-09 21:00:00,"0,0","230,1396651855926","62818,56117264284"
2030-10-09 22:00:00,"0,0","180,90595313459028","62632,17430004594"
2030-10-09 23:00:00,"0,0","132,54984886239413","62494,15979397587"
2030-10-10 00:00:00,"7,21704829708446","0,0","62495,92422683093"
2030-10-10 01:00:00,"9,588484214438353","0,0","62500,05994165658"
2030-10-10 02:00:00,"5,767595654344802","0,0","62500,37440708102"
2030-10-10 03:00:00,"0,0","4,355344884210581","62490,56590452979"
2030-10-10 04:00:00,"0,0","46,89454259203475","62438,21906006258"
2030-10-10 05:00:00,"0,0","120,08385000413813","62312,68747544546"
2030-10-10 06:00:00,"0,0","172,69830256396995","62134,55239089926"
2030-10-10 07:00:00,"0,0","171,4843995424622","61957,64675166069"
2030-10-10 08:00:00,"0,0","158,30790982665854","61793,93303715495"
2030-10-10 09:00:00,"0,0","146,04614208840047","61642,49537440906"
2030-10-10 10:00:00,"0,0","132,31331859520276","61504,80374809244"
2030-10-10 11:00:00,"0,0","121,87158846053683","61377,56586550488"
2030-10-10 12:00:00,"0,0","115,38350754497708","61256,827165338145"
2030-10-10 13:00:00,"0,0","109,2817559387978","61142,200751229175"
2030-10-10 14:00:00,"0,0","101,51545307244265","61035,350641141195"
2030-10-10 15:00:00,"0,0","93,025671351856","60936,9996354459"
2030-10-10 16:00:00,"0,0","91,32818648241783","60840,35469574529"
2030-10-10 17:00:00,"0,0","86,44474345407946","60748,60163134401"
2030-10-10 18:00:00,"0,0","87,07573480260652","60656,22558104907"
2030-10-10 19:00:00,"0,0","90,31903873908692","60560,614286628035"
2030-10-10 20:00:00,"0,0","85,8389982110337","60469,4913748205"
2030-10-10 21:00:00,"0,0","73,23241471341885","60390,982996984625"
2030-10-10 22:00:00,"0,0","39,92347212456241","60345,79041159358"
2030-10-10 23:00:00,"0,0","9,861144764425148","60330,66409661575"
2030-10-11 00:00:00,"17,598160714788094","0,0","60342,99840688811"
2030-10-11 01:00:00,"20,111954293768292","0,0","60357,845434570874"
2030-10-11 02:00:00,"16,91991195630115","0,0","60369,49912451301"
2030-10-11 03:00:00,"7,829800185731955","0,0","60372,06168590013"
2030-10-11 04:00:00,"0,0","30,947277300701046","60335,84694621734"
2030-10-11 05:00:00,"0,0","95,73785497293477","60234,84478859835"
2030-10-11 06:00:00,"0,0","143,34024200006934","60086,24905639047"
2030-10-11 07:00:00,"0,0","142,80203961374036","59938,20449154656"
2030-10-11 08:00:00,"0,0","132,39879494556715","59800,576088259106"
2030-10-11 09:00:00,"0,0","122,32829259374057","59673,03019540167"
2030-10-11 10:00:00,"0,0","110,8564715497763","59556,96725196734"
2030-10-11 11:00:00,"67,13120833571165","0,0","59618,90211491032"
2030-10-11 12:00:00,"845,1147349015796","0,0","60458,815100602376"
2030-10-11 13:00:00,"571,1069122771321","0,0","61024,646981261976"
2030-10-11 14:00:00,"0,0","84,25074484068898","60935,07183597217"
2030-10-11 15:00:00,"0,0","75,81475459825174","60853,940496356234"
2030-10-11 16:00:00,"0,0","73,85603158984333","60774,77495845808"
2030-10-11 17:00:00,"0,0","68,3912258288768","60701,08113351408"
2030-10-11 18:00:00,"0,0","67,37839122347674","60628,40657296171"
2030-10-11 19:00:00,"0,0","68,93788383485747","60554,17886065336"
2030-10-11 20:00:00,"0,0","64,69487759645182","60484,200630951316"
2030-10-11 21:00:00,"246,44631387984492","0,0","60725,36969832611"
2030-10-11 22:00:00,"188,40038342476745","0,0","60908,4717932447"
2030-10-11 23:00:00,"2,476009747930135","0,0","60905,633538828675"
2030-10-12 00:00:00,"1007,4608508266774","0,0","61907,78037312909"
2030-10-12 01:00:00,"997,5742184422161","0,0","62899,953137733755"
2030-10-12 02:00:00,"995,712613423784","0,0","63890,17773024627"
2030-10-12 03:00:00,"982,5693379832971","0,0","64867,17265022261"
2030-10-12 04:00:00,"925,4060429301495","0,0","65786,91903233902"
2030-10-12 05:00:00,"825,8182746086968","0,0","66606,99739826214"
2030-10-12 06:00:00,"0,0","236,8820145731784","66364,30392316598"
2030-10-12 07:00:00,"419,33178616921083","0,0","66777,84542381788"
2030-10-12 08:00:00,"748,8173628276318","0,0","67520,83641963228"
2030-10-12 09:00:00,"774,3081865015495","0,0","68289,25341315623"
2030-10-12 10:00:00,"794,3713953656248","0,0","69077,66657116156"
2030-10-12 11:00:00,"809,2839544991934","0,0","69880,92349925241"
2030-10-12 12:00:00,"821,162239258663","0,0","70695,98862793576"
2030-10-12 13:00:00,"832,9159006061818","0,0","71522,73630353416"
2030-10-12 14:00:00,"835,9798837334677","0,0","72352,47582852514"
2030-10-12 15:00:00,"841,6771518746648","0,0","73187,84022688378"
2030-10-12 16:00:00,"0,0","245,1479553910657","72936,30663243293"
2030-10-12 17:00:00,"0,0","248,70433849396017","72681,2386011853"
2030-10-12 18:00:00,"0,0","242,69944129770965","72432,19772181964"
2030-10-12 19:00:00,"0,0","234,8652896943471","72191,01272287406"
2030-10-12 20:00:00,"0,0","217,37367697899788","71967,34038003499"
2030-10-12 21:00:00,"0,0","187,15505198268454","71773,90617760415"
2030-10-12 22:00:00,"0,0","143,19847167244336","71624,44543261771"
2030-10-12 23:00:00,"0,0","101,02311703171972","71517,173082722"
2030-10-13 00:00:00,"0,0","100,5622824624565","71410,37092690807"
2030-10-13 01:00:00,"0,0","112,7362020039912","71291,40417004071"
2030-10-13 02:00:00,"0,0","115,29493876998038","71169,8890562569"
2030-10-13 03:00:00,"0,0","129,945899939966","71033,73358349678"
2030-10-13 04:00:00,"0,0","193,7735664747629","70833,76232376686"
2030-10-13 05:00:00,"0,0","306,76364436412047","70520,81843363999"
2030-10-13 06:00:00,"0,0","365,42847029192853","70149,23702193973"
2030-10-13 07:00:00,"0,0","395,07150458139154","69748,04499642817"
2030-10-13 08:00:00,"0,0","9,869760594097897","69732,08971890814"
2030-10-13 09:00:00,"713,8063597835123","0,0","70439,81195386368"
2030-10-13 10:00:00,"738,1827550552496","0,0","71171,84883532596"
2030-10-13 11:00:00,"755,7671859723007","0,0","71921,40627748739"
2030-10-13 12:00:00,"770,1105868922552","0,0","72685,24172168194"
2030-10-13 13:00:00,"784,3119461890067","0,0","73463,21188053073"
2030-10-13 14:00:00,"787,949848256428","0,0","74244,75206355058"
2030-10-13 15:00:00,"0,0","286,2866825182915","73951,98752641476"
2030-10-13 16:00:00,"0,0","295,09740567950746","73650,43780982356"
2030-10-13 17:00:00,"0,0","300,994156840082","73343,01765228457"
2030-10-13 18:00:00,"0,0","294,92031965990054","73041,69815433452"
2030-10-13 19:00:00,"0,0","286,2845409825522","72749,040725188"
2030-10-13 20:00:00,"0,0","265,41574832579283","72477,27762305894"
2030-10-13 21:00:00,"0,0","231,02147351718037","72239,93250706916"
2030-10-13 22:00:00,"0,0","181,47088839829098","72052,15868455962"
2030-10-13 23:00:00,"0,0","133,22947462073552","71912,64265909366"
2030-10-14 00:00:00,"0,0","181,65400423809996","71724,71427678356"
2030-10-14 01:00:00,"0,0","193,18326505496964","71525,27303040793"
2030-10-14 02:00:00,"0,0","201,70092646343204","71317,3315238726"
2030-10-14 03:00:00,"0,0","220,3401065840236","71090,76898011312"
2030-10-14 04:00:00,"0,0","286,0180623083597","70798,54824821124"
2030-10-14 05:00:00,"0,0","429,61032385513715","70362,76075102144"
2030-10-14 06:00:00,"0,0","505,3918091400993","69851,22979100583"
2030-10-14 07:00:00,"0,0","547,5288111470944","69297,60646005947"
2030-10-14 08:00:00,"0,0","553,2672765294186","68738,29296736642"
2030-10-14 09:00:00,"0,0","535,0917821101126","68197,2037691949"
2030-10-14 10:00:00,"0,0","511,8062510100483","67679,44731215599"
2030-10-14 11:00:00,"0,0","487,0378027379037","67186,50447764009"
2030-10-14 12:00:00,"0,0","468,1828622208403","66712,45959290357"
2030-10-14 13:00:00,"0,0","452,4916245402186","66254,14730626388"
2030-10-14 14:00:00,"0,0","448,9314935692993","65799,43513834212"
2030-10-14 15:00:00,"0,0","443,0043220522365","65350,689815574064"
2030-10-14 16:00:00,"0,0","448,9392017411857","64896,048766146465"
2030-10-14 17:00:00,"0,0","446,9159203972714","64443,470665494344"
2030-10-14 18:00:00,"0,0","437,5218479073011","64000,326124771476"
2030-10-14 19:00:00,"0,0","404,30330454651505","63590,438791770575"
2030-10-14 20:00:00,"0,0","367,79617555145467","63217,09435043454"
2030-10-14 21:00:00,"0,0","326,3856086962118","62885,19305025625"
2030-10-14 22:00:00,"0,0","275,7051120520112","62604,00120511061"
2030-10-14 23:00:00,"0,0","213,89237543661858","62384,646630568845"
2030-10-15 00:00:00,"0,0","129,77185320034607","62249,43171694998"
2030-10-15 01:00:00,"0,0","140,7015083326051","62103,29894570007"
2030-10-15 02:00:00,"0,0","148,6106305751386","61949,26980229192"
2030-10-15 03:00:00,"0,0","158,65266078213585","61785,212067719534"
2030-10-15 04:00:00,"0,0","205,75282859003653","61574,06847937659"
2030-10-15 05:00:00,"0,0","306,3539076416974","61262,34223426007"
2030-10-15 06:00:00,"0,0","376,94899324433925","60880,04810165579"
2030-10-15 07:00:00,"0,0","387,73947786489623","60486,99683959402"
2030-10-15 08:00:00,"0,0","393,6069332500573","60088,11241586971"
2030-10-15 09:00:00,"0,0","374,521541400955","59708,34818666047"
2030-10-15 10:00:00,"721,6282890617789","0,0","60424,76692234297"
2030-10-15 11:00:00,"650,3725699855244","0,0","61069,867431414525"
2030-10-15 12:00:00,"0,0","312,71543000227314","60751,82365547886"
2030-10-15 13:00:00,"0,0","300,9336329476269","60445,58942591729"
2030-10-15 14:00:00,"0,0","136,30014224331492","60304,015405996564"
2030-10-15 15:00:00,"0,0","277,3815293702819","60021,372351282116"
2030-10-15 16:00:00,"0,0","283,506802793038","59732,62868375143"
2030-10-15 17:00:00,"0,0","288,091590285703","59439,325421613066"
2030-10-15 18:00:00,"0,0","268,30648491171064","59165,83285555832"
2030-10-15 19:00:00,"0,0","264,46532971679983","58896,20530692488"
2030-10-15 20:00:00,"0,0","253,66406133554074","58637,40255167631"
2030-10-15 21:00:00,"0,0","235,15340589535936","58397,13303240831"
2030-10-15 22:00:00,"0,0","187,00149561406386","58205,036386937165"
2030-10-15 23:00:00,"0,0","140,68040449863463","58059,27759301377"
2030-10-16 00:00:00,"0,0","63,96896348962869","57990,242957554154"
2030-10-16 01:00:00,"0,0","96,9927968280966","57888,19051202801"
2030-10-16 02:00:00,"0,0","90,87708257394138","57792,2626848319"
2030-10-16 03:00:00,"0,0","106,24601968318456","57680,97429022947"
2030-10-16 04:00:00,"0,0","172,94683750132685","57502,99478772132"
2030-10-16 05:00:00,"0,0","198,9295233157854","57299,04812811031"
2030-10-16 06:00:00,"835,578895803837","0,0","58129,62768196497"
2030-10-16 07:00:00,"830,194013426594","0,0","58954,74988537632"
2030-10-16 08:00:00,"0,0","226,67043333318395","58722,93565011563"
2030-10-16 09:00:00,"0,0","215,97855185410867","58501,83352212605"
2030-10-16 10:00:00,"0,0","189,29775583807856","58307,431481313164"
2030-10-16 11:00:00,"0,0","182,2586017435268","58120,0855561729"
2030-10-16 12:00:00,"0,0","179,47336944283694","57935,541209265284"
2030-10-16 13:00:00,"0,0","157,9791175411143","57772,50721575366"
2030-10-16 14:00:00,"0,0","155,6748603663272","57611,79170413276"
2030-10-16 15:00:00,"0,0","159,910178847079","57446,854896459496"
2030-10-16 16:00:00,"0,0","173,66249285404456","57268,18016551573"
2030-10-16 17:00:00,"0,0","189,78890243899758","57073,3946143573"
2030-10-16 18:00:00,"0,0","209,28151767722818","56859,13344299997"
2030-10-16 19:00:00,"0,0","219,9498976108742","56634,2225859962"
2030-10-16 20:00:00,"0,0","229,6214639151982","56399,65978616037"
2030-10-16 21:00:00,"0,0","218,00418490657864","56176,73473093745"
2030-10-16 22:00:00,"0,0","170,56142391946616","56001,27188691271"
2030-10-16 23:00:00,"0,0","123,73206122902968","55872,65371471155"
2030-10-17 00:00:00,"0,0","114,77442350789028","55753,004402167055"
2030-10-17 01:00:00,"0,0","128,0834510562961","55620,056501476676"
2030-10-17 02:00:00,"0,0","131,0569586611789","55484,14669288574"
2030-10-17 03:00:00,"0,0","146,4227141580668","55332,882986928715"
2030-10-17 04:00:00,"0,0","213,4680914440686","55114,587101444034"
2030-10-17 05:00:00,"0,0","332,97478423805364","54776,80356948138"
2030-10-17 06:00:00,"0,0","395,4522863712299","54376,572006998715"
2030-10-17 07:00:00,"0,0","428,2098633483821","53943,61778774272"
2030-10-17 08:00:00,"0,0","430,6845509975607","53508,226656093175"
2030-10-17 09:00:00,"330,60793187080276","0,0","53834,16599518823"
2030-10-17 10:00:00,"0,0","146,37790229426645","53683,09106191088"
2030-10-17 11:00:00,"0,0","115,44577164710097","53562,96144056863"
2030-10-17 12:00:00,"0,0","335,24778408424623","53223,040288098695"
2030-10-17 13:00:00,"518,6340921942999","0,0","53737,03067002786"
2030-10-17 14:00:00,"763,944056175791","0,0","54496,286170277686"
2030-10-17 15:00:00,"0,0","310,33883062703575","54181,1925386823"
2030-10-17 16:00:00,"0,0","319,99621712927825","53856,46901250402"
2030-10-17 17:00:00,"0,0","327,0530158619433","53524,71701972074"
2030-10-17 18:00:00,"0,0","320,8618871177281","53199,18510104304"
2030-10-17 19:00:00,"0,0","311,7453956480784","52882,7980764949"
2030-10-17 20:00:00,"0,0","289,0928869790461","52589,09116538369"
2030-10-17 21:00:00,"0,0","252,63905483334293","52331,86371234617"
2030-10-17 22:00:00,"0,0","200,38379959212284","52126,91395764514"
2030-10-17 23:00:00,"0,0","149,30806061924346","51973,05782378309"
2030-10-18 00:00:00,"0,0","51,38228726397753","51917,14088722399"
2030-10-18 01:00:00,"0,0","59,565899251341875","51853,04521743024"
2030-10-18 02:00:00,"0,0","60,95564713099424","51787,56539210403"
2030-10-18 03:00:00,"0,0","72,95290628894372","51710,09402073463"
2030-10-18 04:00:00,"0,0","125,08879726185273","51580,49351776947"
2030-10-18 05:00:00,"0,0","214,5981419115002","51361,39497779855"
2030-10-18 06:00:00,"0,0","260,7768472117353","51096,136848874994"
2030-10-18 07:00:00,"0,0","280,6086541659728","50811,07005676896"
2030-10-18 08:00:00,"0,0","281,9470216372706","50524,68976926923"
2030-10-18 09:00:00,"0,0","260,6891149342438","50259,59237515262"
2030-10-18 10:00:00,"0,0","243,77429139848823","50011,4329343194"
2030-10-18 11:00:00,"0,0","230,82533979420845","49776,24409700167"
2030-10-18 12:00:00,"0,0","220,74252358023784","49551,15859612397"
2030-10-18 13:00:00,"0,0","210,77132984936225","49336,06392768709"
2030-10-18 14:00:00,"0,0","208,11743756556774","49123,641918543835"
2030-10-18 15:00:00,"0,0","202,27083227648916","48917,08504850996"
2030-10-18 16:00:00,"0,0","208,0072497479277","48704,80978309155"
2030-10-18 17:00:00,"0,0","209,82190121393944","48490,73838722404"
2030-10-18 18:00:00,"0,0","203,8120225840451","48282,69554771571"
2030-10-18 19:00:00,"0,0","196,51971919861643","48081,963163330554"
2030-10-18 20:00:00,"0,0","181,46810257402979","47896,29990947052"
2030-10-18 21:00:00,"0,0","154,36950318151366","47737,751454121906"
2030-10-18 22:00:00,"0,0","114,6291519913737","47618,95718331616"
2030-10-18 23:00:00,"0,0","77,09151622930705","47537,71091307261"
2030-10-19 00:00:00,"0,0","124,99790083619996","47408,56534695924"
2030-10-19 01:00:00,"0,0","139,10939781293905","47265,31955181979"
2030-10-19 02:00:00,"0,0","142,43935335587207","47118,75629933303"
2030-10-19 03:00:00,"0,0","158,28013392670016","46956,36505391921"
2030-10-19 04:00:00,"0,0","227,5137270970959","46724,75438397116"
2030-10-19 05:00:00,"0,0","351,48651456824854","46369,19113458291"
2030-10-19 06:00:00,"0,0","416,8745917499549","45948,27083090646"
2030-10-19 07:00:00,"0,0","190,21090089320717","45754,050943383256"
2030-10-19 08:00:00,"624,9059359137476","0,0","46374,96483835219"
2030-10-19 09:00:00,"661,3707585042272","0,0","47032,289381174276"
2030-10-19 10:00:00,"689,6500883753513","0,0","47717,83590230112"
2030-10-19 11:00:00,"709,597823618259","0,0","48423,270344736906"
2030-10-19 12:00:00,"726,189912449386","0,0","49145,23532684871"
2030-10-19 13:00:00,"742,6354837557554","0,0","49883,582888822195"
2030-10-19 14:00:00,"746,8247000729625","0,0","50626,05524628811"
2030-10-19 15:00:00,"752,3100255146613","0,0","51373,94814848254"
2030-10-19 16:00:00,"0,0","337,68958737022365","51031,77618413636"
2030-10-19 17:00:00,"0,0","345,5639388676046","50681,75972279669"
2030-10-19 18:00:00,"0,0","339,21140280553993","50338,12633645534"
2030-10-19 19:00:00,"0,0","329,6749509198802","50004,0593840126"
2030-10-19 20:00:00,"0,0","305,6544318859818","49694,04209794536"
2030-10-19 21:00:00,"0,0","267,7597594383087","49421,946533334005"
2030-10-19 22:00:00,"0,0","213,66352947967687","49203,970939019295"
2030-10-19 23:00:00,"0,0","160,75852709676036","49038,9193654581"
2030-10-20 00:00:00,"0,0","186,70878390924662","48847,93193583422"
2030-10-20 01:00:00,"0,0","198,51933929266255","48645,15061448016"
2030-10-20 02:00:00,"0,0","207,17749244114748","48433,7288326479"
2030-10-20 03:00:00,"0,0","226,12059290736386","48203,38239689989"
2030-10-20 04:00:00,"0,0","292,78130751908145","47906,39534426668"
2030-10-20 05:00:00,"0,0","438,84034360187854","47463,375167671016"
2030-10-20 06:00:00,"0,0","515,674292905229","46943,55969528241"
2030-10-20 07:00:00,"0,0","558,525759564512","46380,93811013449"
2030-10-20 08:00:00,"0,0","564,3315942513672","45812,55977903302"
2030-10-20 09:00:00,"0,0","545,7817061103347","45262,78092708197"
2030-10-20 10:00:00,"557,7114942194193","0,0","45816,5432436655"
2030-10-20 11:00:00,"582,928055086027","0,0","46395,47380535352"
2030-10-20 12:00:00,"602,1283404656834","0,0","46993,55414072969"
2030-10-20 13:00:00,"618,1021797276395","0,0","47607,55613285855"
2030-10-20 14:00:00,"621,7097963349697","0,0","48225,11216992093"
2030-10-20 15:00:00,"0,0","452,17727134338895","47768,72725754072"
2030-10-20 16:00:00,"0,0","458,3052249343194","47306,25421115318"
2030-10-20 17:00:00,"0,0","456,4265086429217","46845,700231830335"
2030-10-20 18:00:00,"0,0","447,03920939894635","46394,57373508617"
2030-10-20 19:00:00,"0,0","413,31236152323106","45977,21344700455"
2030-10-20 20:00:00,"0,0","376,1698007116962","45597,032134419605"
2030-10-20 21:00:00,"0,0","334,0708486233516","45258,98294474253"
2030-10-20 22:00:00,"0,0","128,14558653277578","45126,88851194783"
2030-10-20 23:00:00,"0,0","219,5389298780272","44903,41226104713"
2030-10-21 00:00:00,"0,0","204,22112253600903","44695,273315791346"
2030-10-21 01:00:00,"0,0","216,89307133287525","44474,48058186167"
2030-10-21 02:00:00,"0,0","165,83501070575528","44304,76517272515"
2030-10-21 03:00:00,"293,6914254590722","0,0","44594,5910074229"
2030-10-21 04:00:00,"764,5139314335071","0,0","45355,21406079102"
2030-10-21 05:00:00,"611,8634874861815","0,0","45963,120305850396"
2030-10-21 06:00:00,"529,5814403602986","0,0","46488,69146396401"
2030-10-21 07:00:00,"482,5058354195752","0,0","46967,141161053354"
2030-10-21 08:00:00,"476,08878301123116","0,0","47439,13206099829"
2030-10-21 09:00:00,"496,2133527852121","0,0","47931,20634951118"
2030-10-21 10:00:00,"521,7376420557628","0,0","48448,76199381295"
2030-10-21 11:00:00,"548,6839413533565","0,0","48993,21878068235"
2030-10-21 12:00:00,"569,534646380038","0,0","49558,47876872378"
2030-10-21 13:00:00,"0,0","278,04011746458394","49276,11467398662"
2030-10-21 14:00:00,"0,0","488,9454560508972","48782,869876930425"
2030-10-21 15:00:00,"0,0","483,13490209914846","48295,47866943452"
2030-10-21 16:00:00,"0,0","489,5863399206693","47801,67854899994"
2030-10-21 17:00:00,"0,0","487,86654499892757","47309,64130754761"
2030-10-21 18:00:00,"0,0","478,10769803881897","46827,40584330471"
2030-10-21 19:00:00,"0,0","441,7871362208863","46381,53301592399"
2030-10-21 20:00:00,"0,0","401,75671919146873","45975,72950797688"
2030-10-21 21:00:00,"0,0","357,6039222685454","45614,11420330877"
2030-10-21 22:00:00,"0,0","304,15949624364816","45305,97487560088"
2030-10-21 23:00:00,"0,0","238,49213764053547","45063,52979165245"
2030-10-22 00:00:00,"806,4395222426997","0,0","45866,03752092083"
2030-10-22 01:00:00,"896,9782501701609","0,0","46759,01395931729"
2030-10-22 02:00:00,"887,6694813614149","0,0","47642,60371671076"
2030-10-22 03:00:00,"876,8224313168979","0,0","48515,26933085337"
2030-10-22 04:00:00,"823,2909354562044","0,0","49334,32730906046"
2030-10-22 05:00:00,"0,0","368,9237784852912","48961,09911051746"
2030-10-22 06:00:00,"0,0","455,09765378171403","48501,72960083836"
2030-10-22 07:00:00,"0,0","468,9185182477953","48028,579306682885"
2030-10-22 08:00:00,"603,679188212909","0,0","48628,06800135129"
2030-10-22 09:00:00,"627,16136825861","0,0","49250,98657067678"
2030-10-22 10:00:00,"646,7627511559767","0,0","49893,45217325447"
2030-10-22 11:00:00,"676,1074693861607","0,0","50565,20643893851"
2030-10-22 12:00:00,"437,2176281563585","0,0","50998,012252833076"
2030-10-22 13:00:00,"713,2561546963703","0,0","51706,81883096039"
2030-10-22 14:00:00,"0,0","355,0056127338201","51347,301798283566"
2030-10-22 15:00:00,"0,0","339,28183241777947","51003,53991378389"
2030-10-22 16:00:00,"0,0","346,0337880445357","50653,05606688188"
2030-10-22 17:00:00,"0,0","350,97474646695724","50297,66184127309"
2030-10-22 18:00:00,"0,0","326,3445867279636","49966,928783549476"
2030-10-22 19:00:00,"0,0","322,02440415785213","49640,54476485526"
2030-10-22 20:00:00,"0,0","309,7922704907861","49326,42135683374"
2030-10-22 21:00:00,"0,0","152,73411787188525","49169,38350869848"
2030-10-22 22:00:00,"0,0","234,90484176263573","48930,18863822471"
2030-10-22 23:00:00,"0,0","184,00657266014912","48741,91290660588"
2030-10-23 00:00:00,"0,0","163,56096613929947","48574,09920856548"
2030-10-23 01:00:00,"0,0","175,14302328684056","48394,7180951227"
2030-10-23 02:00:00,"0,0","174,58871078867696","48215,90694518023"
2030-10-23 03:00:00,"0,0","214,362394244592","47997,33771305467"
2030-10-23 04:00:00,"0,0","274,2410924351974","47718,90885290401"
2030-10-23 05:00:00,"0,0","410,07168948658784","47304,67368862"
2030-10-23 06:00:00,"0,0","372,5526553146607","46927,99370052601"
2030-10-23 07:00:00,"0,0","376,6390745912796","46547,26015848436"
2030-10-23 08:00:00,"0,0","377,86984597140474","46165,32906406412"
2030-10-23 09:00:00,"0,0","348,3844441083519","45812,916694994936"
2030-10-23 10:00:00,"0,0","328,68366098623255","45480,235857027066"
2030-10-23 11:00:00,"0,0","320,7941223073125","45155,473584141226"
2030-10-23 12:00:00,"0,0","311,8759225514733","44839,657846519534"
2030-10-23 13:00:00,"0,0","287,2909812912411","44548,454605081184"
2030-10-23 14:00:00,"0,0","286,0249958805056","44258,542756536386"
2030-10-23 15:00:00,"0,0","292,4705596984875","43962,2106389824"
2030-10-23 16:00:00,"0,0","308,5766158498701","43649,798320254275"
2030-10-23 17:00:00,"0,0","323,66760622660536","43322,322269124226"
2030-10-23 18:00:00,"0,0","333,30875735370375","42985,23363915254"
2030-10-23 19:00:00,"0,0","341,8830308927133","42639,60014662481"
2030-10-23 20:00:00,"0,0","323,56958886421","42312,31025264781"
2030-10-23 21:00:00,"0,0","322,07782405539757","41986,54067952287"
2030-10-23 22:00:00,"0,0","263,00455734164757","41719,872796506934"
2030-10-23 23:00:00,"0,0","218,89472766418373","41497,33800994125"
2030-10-24 00:00:00,"0,0","102,89739612782421","41390,819971072066"
2030-10-24 01:00:00,"0,0","115,25836908034546","41271,950252949246"
2030-10-24 02:00:00,"0,0","117,88358871584819","41150,46568657383"
2030-10-24 03:00:00,"0,0","132,65253463410374","41014,22277380858"
2030-10-24 04:00:00,"0,0","197,01312701490434","40813,63115585666"
2030-10-24 05:00:00,"0,0","311,0835403973879","40498,98662614092"
2030-10-24 06:00:00,"0,0","370,3682504990502","40125,08483905874"
2030-10-24 07:00:00,"0,0","400,51598029718593","39721,06794510935"
2030-10-24 08:00:00,"0,0","402,725529851759","39314,876752079384"
2030-10-24 09:00:00,"0,0","370,96526083540186","38940,481268247364"
2030-10-24 10:00:00,"733,5419987124276","0,0","39670,625709969136"
2030-10-24 11:00:00,"751,3483734350997","0,0","40418,512821311044"
2030-10-24 12:00:00,"765,9025111905834","0,0","41180,88881725797"
2030-10-24 13:00:00,"780,3118683099243","0,0","41957,60765301859"
2030-10-24 14:00:00,"783,9998793373892","0,0","42737,946731088254"
2030-10-24 15:00:00,"0,0","290,2448114060005","42443,97303382996"
2030-10-24 16:00:00,"0,0","299,19591216694135","42141,07388501582"
2030-10-24 17:00:00,"0,0","305,28505953535523","41832,112016784005"
2030-10-24 18:00:00,"780,572017704595","0,0","42609,034182715135"
2030-10-24 19:00:00,"789,2861021985135","0,0","43394,60264668121"
2030-10-24 20:00:00,"810,4444979631974","0,0","44201,26096556348"
2030-10-24 21:00:00,"845,1774482830426","0,0","45042,58185382728"
2030-10-24 22:00:00,"895,1771723074676","0,0","45933,829060868"
2030-10-24 23:00:00,"943,8901795591908","0,0","46873,711513841634"
2030-10-25 00:00:00,"969,7818686846331","0,0","47839,403651196684"
2030-10-25 01:00:00,"956,8545279313257","0,0","48792,08419115945"
2030-10-25 02:00:00,"954,0232247683329","0,0","49741,8503065821"
2030-10-25 03:00:00,"938,8956954839766","0,0","50676,40602562683"
2030-10-25 04:00:00,"634,9576351624606","0,0","51306,94214436356"
2030-10-25 05:00:00,"0,0","324,16232951008203","50978,303284151385"
2030-10-25 06:00:00,"0,0","385,34627026839087","50588,50915692146"
2030-10-25 07:00:00,"0,0","417,04137687660034","50167,05393262092"
2030-10-25 08:00:00,"0,0","419,4063600825144","49743,27049708278"
2030-10-25 09:00:00,"0,0","386,16171095629136","49352,76868577562"
2030-10-25 10:00:00,"0,0","360,30982875863936","48988,15282794915"
2030-10-25 11:00:00,"0,0","341,82161376826514","48642,05699784664"
2030-10-25 12:00:00,"0,0","326,62982655975395","48311,18315181383"
2030-10-25 13:00:00,"0,0","311,58272383779774","47995,38527724604"
2030-10-25 14:00:00,"0,0","307,74249582185087","47683,455184058745"
2030-10-25 15:00:00,"0,0","302,2432752712315","47377,0515273227"
2030-10-25 16:00:00,"0,0","311,6176498580321","47061,30022971891"
2030-10-25 17:00:00,"0,0","318,28527797206084","46738,9088533018"
2030-10-25 18:00:00,"0,0","312,1394891905432","46422,691394313806"
2030-10-25 19:00:00,"0,0","303,18753639508026","46115,45347809457"
2030-10-25 20:00:00,"0,0","281,13982856351964","45830,29007621508"
2030-10-25 21:00:00,"0,0","245,37875830486644","45580,91262510107"
2030-10-25 22:00:00,"0,0","194,02830010436003","45382,90739037017"
2030-10-25 23:00:00,"0,0","143,897657727887","45235,050073972474"
2030-10-26 00:00:00,"0,0","68,11176991567413","45162,991545937846"
2030-10-26 01:00:00,"0,0","77,65974632862202","45081,39132859684"
2030-10-26 02:00:00,"0,0","79,42439536530244","44998,03358183811"
2030-10-26 03:00:00,"0,0","92,33941651140148","44901,7680868967"
2030-10-26 04:00:00,"0,0","148,49865809962472","44749,351749531495"
2030-10-26 05:00:00,"0,0","246,07328778087697","44499,37408081047"
2030-10-26 06:00:00,"0,0","296,44222569893566","44199,04928472298"
2030-10-26 07:00:00,"0,0","319,530142717059","43875,66277495584"
2030-10-26 08:00:00,"0,0","321,1257361346067","43550,708887244116"
2030-10-26 09:00:00,"0,0","296,48632930896713","43250,42275858474"
2030-10-26 10:00:00,"0,0","277,0564698538394","42969,59268934522"
2030-10-26 11:00:00,"0,0","262,53672477757414","42703,306867605505"
2030-10-26 12:00:00,"0,0","251,01911913541375","42448,56188494589"
2030-10-26 13:00:00,"0,0","239,62505662200192","42205,23319129943"
2030-10-26 14:00:00,"0,0","236,64470411742877","41964,90608058606"
2030-10-26 15:00:00,"0,0","230,91761482237825","41730,32702770815"
2030-10-26 16:00:00,"0,0","237,71124326921603","41488,974813405766"
2030-10-26 17:00:00,"0,0","240,92137088775223","41244,43352946555"
2030-10-26 18:00:00,"0,0","234,9172788696227","41005,91767377048"
2030-10-26 19:00:00,"0,0","227,1940081423145","40775,14589931112"
2030-10-26 20:00:00,"0,0","210,1945183315999","40561,39374949981"
2030-10-26 21:00:00,"0,0","180,5990651832334","40377,25570271193"
2030-10-26 22:00:00,"0,0","137,4844229431401","40236,24836420873"
2030-10-26 23:00:00,"0,0","96,23084498390187","40136,50690655505"
2030-10-27 00:00:00,"0,0","107,60945830963556","40025,395538017816"
2030-10-27 01:00:00,"0,0","120,34797123291179","39901,55535102421"
2030-10-27 02:00:00,"0,0","123,10947406691633","39774,96446625292"
2030-10-27 03:00:00,"0,0","138,11510315727332","39633,378997445965"
2030-10-27 04:00:00,"0,0","203,54795077041695","39426,373034358025"
2030-10-27 05:00:00,"0,0","319,783297652803","39103,14978565797"
2030-10-27 06:00:00,"0,0","380,32756516971574","38719,410470669456"
2030-10-27 07:00:00,"0,0","411,50055960700956","38304,53164249888"
2030-10-27 08:00:00,"0,0","413,8138923614591","37887,37567975161"
2030-10-27 09:00:00,"0,0","381,06711617281223","37503,002890050746"
2030-10-27 10:00:00,"0,0","355,5884887945265","37144,142264254064"
2030-10-27 11:00:00,"0,0","337,33016419053934","36803,57127365097"
2030-10-27 12:00:00,"0,0","322,3518332907773","36478,00832876656"
2030-10-27 13:00:00,"0,0","307,5192476210532","36167,30637491883"
2030-10-27 14:00:00,"0,0","303,73007361932554","35860,42070381829"
2030-10-27 15:00:00,"0,0","298,2250655053351","35559,066816606544"
2030-10-27 16:00:00,"0,0","307,4583488168492","35248,50593920994"
2030-10-27 17:00:00,"0,0","313,9302632635638","34931,50024380318"
2030-10-27 18:00:00,"0,0","307,80429953100804","34620,6481708759"
2030-10-27 19:00:00,"0,0","298,934085700897","34318,6934336221"
2030-10-27 20:00:00,"0,0","277,18664703124693","34038,512480588775"
2030-10-27 21:00:00,"0,0","241,76911278373177","33793,77350759111"
2030-10-27 22:00:00,"0,0","190,86945221849828","33599,955548634076"
2030-10-27 23:00:00,"0,0","141,21028762688593","33455,81366488557"
2030-10-28 00:00:00,"0,0","50,85265623971034","33402,041988903606"
2030-10-28 01:00:00,"0,0","58,982493190625775","33340,145167549446"
2030-10-28 02:00:00,"0,0","60,40830944671188","33276,82793043686"
2030-10-28 03:00:00,"0,0","72,34539002787687","33201,579137172055"
2030-10-28 04:00:00,"0,0","124,24934263928264","33074,43295675305"
2030-10-28 05:00:00,"0,0","213,32601844245232","32858,221194035126"
2030-10-28 06:00:00,"0,0","259,50786689369687","32595,84644734225"
2030-10-28 07:00:00,"0,0","279,4169986289088","32313,58546111081"
2030-10-28 08:00:00,"0,0","280,79832031392345","32029,967780465406"
2030-10-28 09:00:00,"0,0","259,5922023894065","31767,580963387154"
2030-10-28 10:00:00,"0,0","242,70625340431917","31522,102988543782"
2030-10-28 11:00:00,"0,0","229,7922132834027","31289,56047177463"
2030-10-28 12:00:00,"0,0","219,72021789216416","31067,1102397313"
2030-10-28 13:00:00,"0,0","209,75521586272941","30854,644418500156"
2030-10-28 14:00:00,"0,0","207,09574940346806","30644,856601371175"
2030-10-28 15:00:00,"0,0","201,21805192716806","30440,96478570554"
2030-10-28 16:00:00,"0,0","206,89357714626044","30231,415234381726"
2030-10-28 17:00:00,"0,0","208,64994014383922","30020,12760325869"
2030-10-28 18:00:00,"0,0","202,57621840976446","29814,93212871554"
2030-10-28 19:00:00,"0,0","195,2362160000207","29617,09455988729"
2030-10-28 20:00:00,"0,0","180,17964272594122","29434,330825661"
2030-10-28 21:00:00,"0,0","153,1923931627453","29278,570287133716"
2030-10-28 22:00:00,"0,0","113,64469064778763","29162,371041228376"
2030-10-28 23:00:00,"0,0","76,39203506839203","29083,434589286637"
2030-10-29 00:00:00,"0,0","16,68925844763521","29064,207801171087"
2030-10-29 01:00:00,"1,5928092834597578","0,0","29063,264758323894"
2030-10-29 02:00:00,"0,0","6,3738363914332865","29054,355152082295"
2030-10-29 03:00:00,"0,0","6,298594797801286","29045,521564797476"
2030-10-29 04:00:00,"0,0","46,24920017278143","28996,73814286817"
2030-10-29 05:00:00,"0,0","112,78333390875753","28881,424843556444"
2030-10-29 06:00:00,"0,0","143,91715928184942","28734,987779956995"
2030-10-29 07:00:00,"0,0","137,99127536825722","28594,489376904934"
2030-10-29 08:00:00,"0,0","135,86983069304364","28456,12467701376"
2030-10-29 09:00:00,"0,0","124,94827934927844","28328,69360078641"
2030-10-29 10:00:00,"0,0","120,96487098577256","28205,25705128397"
2030-10-29 11:00:00,"0,0","89,19471172037862","28113,60143088587"
2030-10-29 12:00:00,"0,0","84,24833672044122","28026,900182440582"
2030-10-29 13:00:00,"0,0","68,23191129884577","27956,22292410082"
2030-10-29 14:00:00,"0,0","62,96886861118904","27890,814875039505"
2030-10-29 15:00:00,"0,0","51,869449153370795","27836,511952288285"
2030-10-29 16:00:00,"0,0","54,7444815545137","27779,338735065936"
2030-10-29 17:00:00,"0,0","49,30254063710913","27727,612447124193"
2030-10-29 18:00:00,"0,0","53,58899926032649","27671,604213677856"
2030-10-29 19:00:00,"0,0","69,85525096007001","27599,334615250144"
2030-10-29 20:00:00,"0,0","72,83436064150115","27524,092212663465"
2030-10-29 21:00:00,"0,0","63,915245246106196","27457,775490371805"
2030-10-29 22:00:00,"0,0","34,29975369869132","27421,08004576158"
2030-10-29 23:00:00,"7,665705028873845","0,0","27426,35326155646"
2030-10-30 00:00:00,"21,74870436212524","0,0","27445,709016596516"
2030-10-30 01:00:00,"19,23316842829331","0,0","27462,547546913112"
2030-10-30 02:00:00,"11,540849408938612","0,0","27471,692289048584"
2030-10-30 03:00:00,"0,0","5,652498820689232","27463,64288507568"
2030-10-30 04:00:00,"0,0","71,16208619636853","27390,08459603759"
2030-10-30 05:00:00,"0,0","146,97804121958382","27240,716769937"
2030-10-30 06:00:00,"0,0","129,45669117532879","27108,883326223495"
2030-10-30 07:00:00,"0,0","138,01171429125515","26968,506361862026"
2030-10-30 08:00:00,"0,0","107,4766718111639","26858,67668787079"
2030-10-30 09:00:00,"0,0","79,829965776998","26776,503302552777"
2030-10-30 10:00:00,"0,0","71,67699637374088","26702,490056265888"
2030-10-30 11:00:00,"0,0","57,363352433767176","26642,79691157471"
2030-10-30 12:00:00,"43,87500794142352","0,0","26684,3473354856"
2030-10-30 13:00:00,"0,0","40,645342508096746","26641,37378367248"
2030-10-30 14:00:00,"0,0","38,209905321598626","26600,839418488256"
2030-10-30 15:00:00,"0,0","34,091693794920786","26564,426801454072"
2030-10-30 16:00:00,"0,0","45,84055869490689","26516,268496520737"
2030-10-30 17:00:00,"0,0","57,24041645509524","26456,714535639323"
2030-10-30 18:00:00,"0,0","73,56218214811437","26380,844005147974"
2030-10-30 19:00:00,"0,0","84,0520459791478","26294,490230529376"
2030-10-30 20:00:00,"0,0","87,046246687603","26205,14978956916"
2030-10-30 21:00:00,"0,0","85,80724101673252","26117,05614923329"
2030-10-30 22:00:00,"0,0","54,223440058272786","26060,553996026"
2030-10-30 23:00:00,"1058,8167179908387","0,0","27117,096930680684"
2030-10-31 00:00:00,"1089,1216569851842","0,0","28203,852620958667"
2030-10-31 01:00:00,"1086,995928735682","0,0","29288,38776355317"
2030-10-31 02:00:00,"1077,908935289702","0,0","30363,741287010504"
2030-10-31 03:00:00,"585,8067240865595","0,0","30946,89877466977"
2030-10-31 04:00:00,"215,8979948089122","0,0","31160,09665256059"
2030-10-31 05:00:00,"0,0","150,87339077600177","31006,504543351653"
2030-10-31 06:00:00,"0,0","204,63111167488307","30799,168114155364"
2030-10-31 07:00:00,"0,0","195,4247598608468","30601,05612687656"
2030-10-31 08:00:00,"0,0","166,09166127789877","30432,29452345159"
2030-10-31 09:00:00,"0,0","142,5191968730727","30287,120108881347"
2030-10-31 10:00:00,"0,0","118,99415002676773","30165,48340762508"
2030-10-31 11:00:00,"0,0","104,21066999256698","30058,640799205197"
2030-10-31 12:00:00,"0,0","94,47688823985669","29961,54129455561"
2030-10-31 13:00:00,"0,0","82,68036721871982","29876,24678285894"
2030-10-31 14:00:00,"0,0","70,50247802072138","29803,137602306415"
2030-10-31 15:00:00,"0,0","69,903572718466","29730,633705832148"
2030-10-31 16:00:00,"0,0","73,98153865055502","29654,05816939076"
2030-10-31 17:00:00,"0,0","86,49782601606023","29564,97302679942"
2030-10-31 18:00:00,"0,0","106,57196864712483","29455,82151425571"
2030-10-31 19:00:00,"0,0","126,55287803857448","29326,698615790014"
2030-10-31 20:00:00,"0,0","125,34190636430026","29198,797954971484"
2030-10-31 21:00:00,"0,0","117,01409897925106","29079,23626087066"
2030-10-31 22:00:00,"0,0","78,96754870356585","28997,731548803335"
2030-10-31 23:00:00,"0,0","34,37917934567349","28960,82231738003"
2030-11-01 00:00:00,"0,0","95,93412136141097","28862,36136427143"
2030-11-01 01:00:00,"0,0","107,73619079696459","28752,106932445433"
2030-11-01 02:00:00,"0,0","110,16776737800762","28639,43054373757"
2030-11-01 03:00:00,"0,0","124,58038664615458","28512,351366776475"
2030-11-01 04:00:00,"0,0","187,34468958355012","28322,51897453617"
2030-11-01 05:00:00,"0,0","298,19081901305617","28021,857015742586"
2030-11-01 06:00:00,"724,1349822553135","0,0","28743,547090973276"
2030-11-01 07:00:00,"257,6374974926547","0,0","28998,676713982244"
2030-11-01 08:00:00,"37,634641718393084","0,0","29033,781221157344"
2030-11-01 09:00:00,"452,1663820276085","0,0","29483,414405773405"
2030-11-01 10:00:00,"656,9842406248464","0,0","30137,826218491347"
2030-11-01 11:00:00,"764,5244588040256","0,0","30899,721151957812"
2030-11-01 12:00:00,"778,4536189581263","0,0","31675,47877024543"
2030-11-01 13:00:00,"792,2440744882181","0,0","32464,959159210946"
2030-11-01 14:00:00,"795,7817586355525","0,0","33257,90835015986"
2030-11-01 15:00:00,"24,28817187808653","0,0","33279,29476953439"
2030-11-01 16:00:00,"792,8013983875494","0,0","34069,1925494533"
2030-11-01 17:00:00,"787,2839811564937","0,0","34853,503993559854"
2030-11-01 18:00:00,"540,9292720525777","0,0","35391,39229738899"
2030-11-01 19:00:00,"801,8161792963258","0,0","36190,12057770738"
2030-11-01 20:00:00,"822,1133457103618","0,0","37009,07633539734"
2030-11-01 21:00:00,"855,832043915553","0,0","37861,679337402624"
2030-11-01 22:00:00,"904,4922978041373","0,0","38762,86820368457"
2030-11-01 23:00:00,"951,7856641334521","0,0","39711,27180756725"
2030-11-02 00:00:00,"980,8957045280144","0,0","40688,70270363006"
2030-11-02 01:00:00,"968,8648625197055","0,0","41654,01747683887"
2030-11-02 02:00:00,"673,1752768246417","0,0","42323,558440638655"
2030-11-02 03:00:00,"951,7776612149752","0,0","43271,64337137969"
2030-11-02 04:00:00,"888,4148539877899","0,0","44156,28277448333"
2030-11-02 05:00:00,"776,3352059337711","0,0","44928,76534474502"
2030-11-02 06:00:00,"718,0209519761017","0,0","45642,8662619448"
2030-11-02 07:00:00,"688,6076306665417","0,0","46327,49155252999"
2030-11-02 08:00:00,"686,4444067572903","0,0","47009,89388564932"
2030-11-02 09:00:00,"717,4056246014048","0,0","47723,1978970092"
2030-11-02 10:00:00,"741,5559292431776","0,0","48460,58997723587"
2030-11-02 11:00:00,"758,9886809898335","0,0","49215,350471750186"
2030-11-02 12:00:00,"0,0","306,5603098824672","48904,49612253906"
2030-11-02 13:00:00,"0,0","292,4817552054425","48607,747450046925"
2030-11-02 14:00:00,"0,0","288,8682517871347","48314,63817229478"
2030-11-02 15:00:00,"0,0","283,3104676630011","48027,11225245124"
2030-11-02 16:00:00,"0,0","291,99859649437553","47730,92329041284"
2030-11-02 17:00:00,"0,0","297,7476410004332","47429,01112635532"
2030-11-02 18:00:00,"0,0","291,6390260169054","47133,233919117636"
2030-11-02 19:00:00,"0,0","283,01260018271745","46846,108944275475"
2030-11-02 20:00:00,"0,0","262,304859079233","46579,71676219086"
2030-11-02 21:00:00,"0,0","228,18075002595253","46347,47193187741"
2030-11-02 22:00:00,"0,0","179,0168114496733","46164,411303501685"
2030-11-02 23:00:00,"0,0","131,24407782488072","46029,13938079058"
2030-11-03 00:00:00,"0,0","59,24222174017268","45965,88111663943"
2030-11-03 01:00:00,"0,0","68,07209256278117","45893,79850094922"
2030-11-03 02:00:00,"361,5506585613339","0,0","46251,344925591344"
2030-11-03 03:00:00,"0,0","82,0587936666443","46165,250702079946"
2030-11-03 04:00:00,"0,0","136,12758827539324","46025,0951956808"
2030-11-03 05:00:00,"0,0","229,49907102229662","45791,580435102675"
2030-11-03 06:00:00,"0,0","277,5902392866481","45509,994880423066"
2030-11-03 07:00:00,"0,0","298,8768992442953","45207,147234125456"
2030-11-03 08:00:00,"0,0","300,3162311946429","44902,88667933464"
2030-11-03 09:00:00,"0,0","277,49355151062514","44621,47535096124"
2030-11-03 10:00:00,"820,3500681108242","0,0","45437,9321953477"
2030-11-03 11:00:00,"834,0296588300425","0,0","46267,997394593694"
2030-11-03 12:00:00,"844,7734053325228","0,0","47108,73391715354"
2030-11-03 13:00:00,"855,3986239749056","0,0","47960,02230409418"
2030-11-03 14:00:00,"858,1991590717153","0,0","48814,03695121986"
2030-11-03 15:00:00,"863,9764205929959","0,0","49673,75434708886"
2030-11-03 16:00:00,"857,7326914368958","0,0","50527,153003458974"
2030-11-03 17:00:00,"855,2581251503806","0,0","51378,0026345098"
2030-11-03 18:00:00,"861,2388314867871","0,0","52234,758735266725"
2030-11-03 19:00:00,"868,7090755153095","0,0","53098,910328082384"
2030-11-03 20:00:00,"884,6481336381408","0,0","53978,9255817944"
2030-11-03 21:00:00,"912,9326097010033","0,0","54887,148530238395"
2030-11-03 22:00:00,"954,2933800746184","0,0","55836,65300660375"
2030-11-03 23:00:00,"993,6447300550927","0,0","56825,42598868402"
2030-11-04 00:00:00,"1004,6698538435552","0,0","57825,13782411006"
2030-11-04 01:00:00,"994,5629739136396","0,0","58814,65555474855"
2030-11-04 02:00:00,"992,6045661331925","0,0","59802,12854218459"
2030-11-04 03:00:00,"979,3317909858615","0,0","60776,242597455144"
2030-11-04 04:00:00,"921,569258427643","0,0","61692,509128716156"
2030-11-04 05:00:00,"820,7571711051016","0,0","62507,88362839977"
2030-11-04 06:00:00,"768,5412525171249","0,0","63270,97106807032"
2030-11-04 07:00:00,"743,9590380405251","0,0","64009,40971388516"
2030-11-04 08:00:00,"742,2187927149296","0,0","64746,04368560255"
2030-11-04 09:00:00,"768,3126068258546","0,0","65508,707200116834"
2030-11-04 10:00:00,"788,8296541305872","0,0","66291,82121954422"
2030-11-04 11:00:00,"804,0148835557943","0,0","67090,0521416986"
2030-11-04 12:00:00,"816,1567531237761","0,0","67900,35528777303"
2030-11-04 13:00:00,"828,1728033072977","0,0","68722,60378508148"
2030-11-04 14:00:00,"831,3027690164397","0,0","69547,91050691767"
2030-11-04 15:00:00,"0,0","242,7685869700059","69299,07386475593"
2030-11-04 16:00:00,"0,0","249,98383051296605","69043,04369004827"
2030-11-04 17:00:00,"0,0","253,76497459329892","68783,25470989302"
2030-11-04 18:00:00,"0,0","247,71787903635072","68529,53549188323"
2030-11-04 19:00:00,"0,0","239,76918048052858","68283,78710943104"
2030-11-04 20:00:00,"0,0","221,90608891386717","68055,92326009188"
2030-11-04 21:00:00,"0,0","191,29329756998584","67858,69208321745"
2030-11-04 22:00:00,"0,0","146,83064062703124","67705,94077170617"
2030-11-04 23:00:00,"0,0","104,15124958366323","67595,88217879017"
2030-11-05 00:00:00,"74,71545114955995","0,0","67664,69988921963"
2030-11-05 01:00:00,"976,177349874947","0,0","68634,97349402925"
2030-11-05 02:00:00,"0,0","90,59331054569293","68538,39178204621"
2030-11-05 03:00:00,"0,0","105,79619083349343","68426,61561652973"
2030-11-05 04:00:00,"0,0","156,65153369793808","68263,99386061926"
2030-11-05 05:00:00,"0,0","32,687246947114346","68225,35058020781"
2030-11-05 06:00:00,"0,0","285,20381679515117","67934,19410157454"
2030-11-05 07:00:00,"0,0","310,0798137660473","67618,18702937313"
2030-11-05 08:00:00,"762,4335167077878","0,0","68374,7208592626"
2030-11-05 09:00:00,"782,1988023756928","0,0","69150,95396724332"
2030-11-05 10:00:00,"812,4105204964735","0,0","69957,33106700615"
2030-11-05 11:00:00,"834,1231149731386","0,0","70785,35040484369"
2030-11-05 12:00:00,"845,5609864679931","0,0","71624,73536948886"
2030-11-05 13:00:00,"872,2634156648551","0,0","72490,74952699273"
2030-11-05 14:00:00,"883,5271933949176","0,0","73367,95190249142"
2030-11-05 15:00:00,"883,2015148626592","0,0","74244,75206355058"
2030-11-05 16:00:00,"0,0","204,36149217678826","74033,91271675625"
2030-11-05 17:00:00,"0,0","207,3292045218136","73820,12405334991"
2030-11-05 18:00:00,"0,0","209,8683641261224","73603,81488340013"
2030-11-05 19:00:00,"0,0","208,60156286030565","73388,79138769125"
2030-11-05 20:00:00,"0,0","204,25999369683132","73178,12822194584"
2030-11-05 21:00:00,"0,0","182,3072680544584","72989,43616220402"
2030-11-05 22:00:00,"0,0","136,47395026216168","72846,5938836367"
2030-11-05 23:00:00,"0,0","85,31046922021255","72754,92754910013"
2030-11-06 00:00:00,"0,0","66,4440639603331","72682,13561771114"
2030-11-06 01:00:00,"0,0","99,95433188767117","72575,83976949083"
2030-11-06 02:00:00,"0,0","93,71814633964937","72475,7893811313"
2030-11-06 03:00:00,"0,0","109,26619027911323","72360,19967822867"
2030-11-06 04:00:00,"0,0","176,79132946093807","72177,09492134582"
2030-11-06 05:00:00,"0,0","295,5315529942354","71875,2659168197"
2030-11-06 06:00:00,"0,0","248,62129396954788","71620,3735058989"
2030-11-06 07:00:00,"0,0","254,16622267772232","71359,95840563279"
2030-11-06 08:00:00,"0,0","230,90696145674417","71122,82528780516"
2030-11-06 09:00:00,"0,0","220,1284758653834","70896,49134543342"
2030-11-06 10:00:00,"886,7350678058268","0,0","71777,04069436935"
2030-11-06 11:00:00,"893,8389334488664","0,0","72664,61708101763"
2030-11-06 12:00:00,"0,0","155,26954867480512","72503,00754450251"
2030-11-06 13:00:00,"0,0","161,33764851214954","72335,3440085821"
2030-11-06 14:00:00,"0,0","158,98825856653121","72170,04449125082"
2030-11-06 15:00:00,"0,0","163,25945312454155","72000,48820174442"
2030-11-06 16:00:00,"0,0","177,15035077246807","71817,05580837635"
2030-11-06 17:00:00,"0,0","193,37387575494688","71617,41589450212"
2030-11-06 18:00:00,"0,0","213,09534017580114","71398,07193478952"
2030-11-06 19:00:00,"0,0","223,87557022642477","71167,96688278679"
2030-11-06 20:00:00,"0,0","233,72269142486175","70928,0347862514"
2030-11-06 21:00:00,"0,0","222,03406285078563","70699,81225236552"
2030-11-06 22:00:00,"0,0","173,9962533604035","70519,6474403861"
2030-11-06 23:00:00,"0,0","126,6572245707165","70386,83737657621"
2030-11-07 00:00:00,"0,0","157,01987837136915","70223,67624664374"
2030-11-07 01:00:00,"0,0","173,66695213841666","70043,8822787528"
2030-11-07 02:00:00,"0,0","178,02894806711834","69859,74200195687"
2030-11-07 03:00:00,"0,0","195,41658836445913","69658,23015110273"
2030-11-07 04:00:00,"0,0","271,6882916818273","69380,46417884022"
2030-11-07 05:00:00,"0,0","409,97718224278117","68964,43355109783"
2030-11-07 06:00:00,"0,0","484,2356057414687","68474,18079852902"
2030-11-07 07:00:00,"0,0","526,847026493699","67941,35939976065"
2030-11-07 08:00:00,"0,0","530,4215022354898","67405,01001391753"
2030-11-07 09:00:00,"0,0","487,12959467132725","66911,9993321225"
2030-11-07 10:00:00,"0,0","453,7116860397131","66452,44957414106"
2030-11-07 11:00:00,"0,0","430,6627759998154","66015,98882191592"
2030-11-07 12:00:00,"0,0","411,10745025031235","65599,1214766409"
2030-11-07 13:00:00,"0,0","391,7067058446495","65201,691247447416"
2030-11-07 14:00:00,"0,0","386,78670493781453","64809,21569494827"
2030-11-07 15:00:00,"0,0","381,3467997641037","64422,214291114775"
2030-11-07 16:00:00,"0,0","393,43494794707146","64023,15850497081"
2030-11-07 17:00:00,"0,0","403,89463967589256","63613,67784471536"
2030-11-07 18:00:00,"0,0","397,1493071930315","63210,97824413038"
2030-11-07 19:00:00,"0,0","386,4055922027203","62819,05749407587"
2030-11-07 20:00:00,"0,0","358,2269785890113","62455,3495527205"
2030-11-07 21:00:00,"0,0","315,7596008468141","62134,14072262521"
2030-11-07 22:00:00,"0,0","255,7417638583761","61872,97775498879"
2030-11-07 23:00:00,"0,0","196,79559817738004","61670,78373950229"
2030-11-08 00:00:00,"0,0","217,30614588180475","61448,09681773921"
2030-11-08 01:00:00,"0,0","230,6643177963589","61212,07115349551"
2030-11-08 02:00:00,"0,0","240,30438652627174","60966,4260137611"
2030-11-08 03:00:00,"0,0","260,73923428497847","60700,367458806424"
2030-11-08 04:00:00,"0,0","332,4049055559465","60362,6664461897"
2030-11-08 05:00:00,"0,0","490,70835180888673","59866,691451733386"
2030-11-08 06:00:00,"0,0","576,3883068018598","59285,079776102364"
2030-11-08 07:00:00,"0,0","625,9681215947916","58653,93903129711"
2030-11-08 08:00:00,"0,0","632,7017553573392","58016,11971975929"
2030-11-08 09:00:00,"0,0","611,5033637212404","57399,554449592506"
2030-11-08 10:00:00,"0,0","584,736735202469","56809,809603264315"
2030-11-08 11:00:00,"0,0","556,5618081630536","56248,291139213376"
2030-11-08 12:00:00,"0,0","534,6470639912415","55708,73641182024"
2030-11-08 13:00:00,"0,0","516,3553992905753","55187,52042527773"
2030-11-08 14:00:00,"0,0","512,2980175550821","54670,40729656554"
2030-11-08 15:00:00,"0,0","506,5740872553382","54159,063216273586"
2030-11-08 16:00:00,"0,0","513,3940834591225","53640,94375454885"
2030-11-08 17:00:00,"0,0","511,92497940969076","53124,338602796575"
2030-11-08 18:00:00,"0,0","502,0352928445491","52617,668211408934"
2030-11-08 19:00:00,"0,0","464,0879408320038","52148,98937902549"
2030-11-08 20:00:00,"0,0","422,1548764388582","51722,28450326331"
2030-11-08 21:00:00,"0,0","376,3439980414845","51341,42773589892"
2030-11-08 22:00:00,"0,0","321,117728476159","51015,83046785281"
2030-11-08 23:00:00,"0,0","252,88303439864364","50758,49630224585"
2030-11-09 00:00:00,"0,0","224,39384432084","50529,67377912264"
2030-11-09 01:00:00,"0,0","238,09582115557578","50287,169243929835"
2030-11-09 02:00:00,"0,0","247,97708184254566","50034,80460657076"
2030-11-09 03:00:00,"0,0","268,7200538413696","49761,71901602747"
2030-11-09 04:00:00,"0,0","341,44601752156933","49415,93128852175"
2030-11-09 05:00:00,"0,0","502,3085229935318","48909,3112255233"
2030-11-09 06:00:00,"0,0","590,2941123215086","48314,74977579737"
2030-11-09 07:00:00,"0,0","641,684619823983","47668,849694055454"
2030-11-09 08:00:00,"0,0","648,6846899992705","47016,00589692038"
2030-11-09 09:00:00,"0,0","626,8330262066652","46385,07072419921"
2030-11-09 10:00:00,"0,0","599,3251542361462","45781,69847254238"
2030-11-09 11:00:00,"0,0","570,4381842748434","45207,265835075814"
2030-11-09 12:00:00,"531,9356588128838","0,0","45735,25715994459"
2030-11-09 13:00:00,"550,8254308129139","0,0","46282,09218957029"
2030-11-09 14:00:00,"555,0070820496866","0,0","46833,06115907644"
2030-11-09 15:00:00,"0,0","187,54720891206006","46641,42776557825"
2030-11-09 16:00:00,"0,0","525,9911403728865","46111,36716063282"
2030-11-09 17:00:00,"0,0","524,5665562153405","45582,77738763272"
2030-11-09 18:00:00,"0,0","514,5064863424924","45064,293803963155"
2030-11-09 19:00:00,"0,0","475,4603220284987","44584,90162230026"
2030-11-09 20:00:00,"0,0","432,3214932472615","44148,690096386454"
2030-11-09 21:00:00,"0,0","385,69639908436625","43759,141724091176"
2030-11-09 22:00:00,"0,0","329,72920120341917","43425,59453777233"
2030-11-09 23:00:00,"0,0","260,52043982924147","43161,28521481967"
2030-11-10 00:00:00,"0,0","202,08560105065885","42955,433791634016"
2030-11-10 01:00:00,"0,0","214,6761368613653","42737,00979317433"
2030-11-10 02:00:00,"0,0","223,82786135433707","42509,45312771554"
2030-11-10 03:00:00,"0,0","243,52490750673132","42262,21927042341"
2030-11-10 04:00:00,"0,0","312,71148720300346","41945,82040458906"
2030-11-10 05:00:00,"0,0","464,9616348184974","41477,19899694026"
2030-11-10 06:00:00,"0,0","546,2078052233659","40927,372306104415"
2030-11-10 07:00:00,"0,0","592,4093948214992","40331,39199804921"
2030-11-10 08:00:00,"0,0","598,6736127153873","39729,199471381995"
2030-11-10 09:00:00,"0,0","578,7981033203517","39146,93499540776"
2030-11-10 10:00:00,"0,0","553,549414104545","38589,97001122487"
2030-11-10 11:00:00,"0,0","526,8480283615534","38059,75500797984"
2030-11-10 12:00:00,"0,0","506,29151648464847","37550,142777870744"
2030-11-10 13:00:00,"0,0","489,1627956383737","37057,703732275004"
2030-11-10 14:00:00,"0,0","485,329168108966","36569,141279515396"
2030-11-10 15:00:00,"0,0","479,5304566439934","36086,42016529476"
2030-11-10 16:00:00,"0,0","486,0125614259367","35597,2590637094"
2030-11-10 17:00:00,"0,0","484,34488126189717","35109,8083215942"
2030-11-10 18:00:00,"0,0","474,7133898839288","34632,03160093421"
2030-11-10 19:00:00,"0,0","438,88049460879563","34190,129461568235"
2030-11-10 20:00:00,"0,0","399,3438005945916","33787,80257217812"
2030-11-10 21:00:00,"0,0","355,3716129138711","33429,48297348983"
2030-11-10 22:00:00,"0,0","301,9857833458893","33124,58046775451"
2030-11-10 23:00:00,"0,0","236,3079916164138","32885,382356492286"
2030-11-11 00:00:00,"0,0","245,35010656831957","32637,163000313365"
2030-11-11 01:00:00,"0,0","260,0858134987501","32374,22959434284"
2030-11-11 02:00:00,"0,0","270,6611595292585","32100,743783281476"
2030-11-11 03:00:00,"0,0","292,3685271500359","31805,57446623635"
2030-11-11 04:00:00,"0,0","368,36272492521675","31434,436704938955"
2030-11-11 05:00:00,"0,0","537,1557011614598","30894,53834917499"
2030-11-11 06:00:00,"0,0","631,6194594789023","30260,223341225123"
2030-11-11 07:00:00,"0,0","688,0243336649388","29569,55880307366"
2030-11-11 08:00:00,"0,0","695,7467939845513","28871,232065083543"
2030-11-11 09:00:00,"0,0","672,018095440551","28196,694954645314"
2030-11-11 10:00:00,"0,0","642,3645104825958","27551,870282527925"
2030-11-11 11:00:00,"0,0","611,4095924343214","26938,056789411454"
2030-11-11 12:00:00,"0,0","586,8411269539541","26348,865317002623"
2030-11-11 13:00:00,"0,0","566,2589097056573","25780,307468798055"
2030-11-11 14:00:00,"0,0","561,7419066131642","25216,316230358236"
2030-11-11 15:00:00,"0,0","556,124449201135","24657,991657566003"
2030-11-11 16:00:00,"0,0","563,4530975851729","24092,387150208706"
2030-11-11 17:00:00,"0,0","562,227902465403","23528,05718696445"
2030-11-11 18:00:00,"0,0","551,7314802763648","22974,272883698522"
2030-11-11 19:00:00,"0,0","509,601080775108","22462,667297614313"
2030-11-11 20:00:00,"0,0","463,02226860303415","21997,68516128956"
2030-11-11 21:00:00,"0,0","413,9329230285392","21581,832940230695"
2030-11-11 22:00:00,"0,0","355,6107014809439","21224,33922382572"
2030-11-11 23:00:00,"0,0","283,21688197651997","20939,27051825192"
2030-11-12 00:00:00,"0,0","246,02746337771669","20691,41610352149"
2030-11-12 01:00:00,"0,0","262,66543459964413","20426,945342866813"
2030-11-12 02:00:00,"0,0","270,8328534233703","20154,33023846228"
2030-11-12 03:00:00,"0,0","279,3122562120873","19873,259516936887"
2030-11-12 04:00:00,"0,0","342,08898323728715","19529,436591806745"
2030-11-12 05:00:00,"0,0","468,7590572019484","19058,97359126216"
2030-11-12 06:00:00,"0,0","564,0269182837369","18493,28377753259"
2030-11-12 07:00:00,"0,0","612,264556135714","17879,40568238729"
2030-11-12 08:00:00,"0,0","594,7924587117882","17283,05324552971"
2030-11-12 09:00:00,"0,0","566,7922586755743","16714,753040458465"
2030-11-12 10:00:00,"0,0","566,207734921929","16147,086943333758"
2030-11-12 11:00:00,"0,0","539,5417272448243","15606,136382753128"
2030-11-12 12:00:00,"0,0","512,1053720486066","15092,669375305126"
2030-11-12 13:00:00,"0,0","505,9386409661273","14585,413898936004"
2030-11-12 14:00:00,"0,0","482,84824209365627","14101,293079479665"
2030-11-12 15:00:00,"0,0","433,36249679521563","13666,700244863265"
2030-11-12 16:00:00,"0,0","453,18968696574495","13212,318138301156"
2030-11-12 17:00:00,"0,0","437,735158199088","12773,4302053445"
2030-11-12 18:00:00,"0,0","410,35703254375755","12361,958691015327"
2030-11-12 19:00:00,"0,0","404,5223500155013","11956,357760104034"
2030-11-12 20:00:00,"0,0","405,9245412207191","11549,390026668747"
2030-11-12 21:00:00,"0,0","374,1134192706503","11174,26892311827"
2030-11-12 22:00:00,"776,406233744568","0,0","11949,700201899297"
2030-11-12 23:00:00,"839,5675581811481","0,0","12788,22514873783"
2030-11-13 00:00:00,"780,946003605758","0,0","13568,055379699363"
2030-11-13 01:00:00,"775,9709990665597","0,0","14342,842565934045"
2030-11-13 02:00:00,"768,84205778452","0,0","15110,433210704687"
2030-11-13 03:00:00,"506,2853931820156","0,0","15615,400218589068"
2030-11-13 04:00:00,"0,0","425,17680375619057","15188,860971163806"
2030-11-13 05:00:00,"0,0","601,2339240010517","14586,30181904302"
2030-11-13 06:00:00,"0,0","587,2116839462007","13997,817480263107"
2030-11-13 07:00:00,"0,0","602,0556578923788","13394,540512795576"
2030-11-13 08:00:00,"0,0","584,302503474652","12809,069335661185"
2030-11-13 09:00:00,"0,0","568,8803845758824","12239,071359785765"
2030-11-13 10:00:00,"0,0","547,1428166762493","11690,860684133375"
2030-11-13 11:00:00,"0,0","514,7864024431507","11175,054254095534"
2030-11-13 12:00:00,"0,0","488,1313299468943","10685,947900664969"
2030-11-13 13:00:00,"531,3964577334036","0,0","11216,41200944404"
2030-11-13 14:00:00,"626,4803647950658","0,0","11841,913742291283"
2030-11-13 15:00:00,"614,9966376802879","0,0","12455,877172997556"
2030-11-13 16:00:00,"602,9788842331806","0,0","13057,769281947392"
2030-11-13 17:00:00,"574,0186429488","0,0","13630,648634526344"
2030-11-13 18:00:00,"571,074543917482","0,0","14200,533904350465"
2030-11-13 19:00:00,"586,3086010389189","0,0","14785,60350880623"
2030-11-13 20:00:00,"611,6703425700678","0,0","15395,983807470155"
2030-11-13 21:00:00,"621,2007842240681","0,0","16015,841292107021"
2030-11-13 22:00:00,"657,9104437390729","0,0","16672,354353693358"
2030-11-13 23:00:00,"728,5216655019602","0,0","17399,42135627796"
2030-11-14 00:00:00,"761,9737852392045","0,0","18159,877042003827"
2030-11-14 01:00:00,"755,8448151652894","0,0","18914,1374078972"
2030-11-14 02:00:00,"749,2761600034806","0,0","19661,76330941184"
2030-11-14 03:00:00,"722,8355816954415","0,0","20382,883402258536"
2030-11-14 04:00:00,"653,1002575660918","0,0","21034,205253247783"
2030-11-14 05:00:00,"0,0","479,3328889258046","20553,03712991363"
2030-11-14 06:00:00,"0,0","729,7799586034613","19821,463918820587"
2030-11-14 07:00:00,"0,0","779,8920721579706","19039,8424239357"
2030-11-14 08:00:00,"0,0","794,0820726104845","18244,09912507373"
2030-11-14 09:00:00,"0,0","782,0509095315781","17460,45641789349"
2030-11-14 10:00:00,"329,10662884537317","0,0","17788,0396219164"
2030-11-14 11:00:00,"349,2818987542696","0,0","18135,769514213658"
2030-11-14 12:00:00,"378,77188172974604","0,0","18512,95905005329"
2030-11-14 13:00:00,"418,1884067234879","0,0","18929,532201099664"
2030-11-14 14:00:00,"415,53626384737277","0,0","19343,416863262493"
2030-11-14 15:00:00,"0,0","645,4334295591833","18696,29572058199"
2030-11-14 16:00:00,"0,0","636,5595853768473","18058,104883403525"
2030-11-14 17:00:00,"0,0","636,7402933399268","17419,78902041252"
2030-11-14 18:00:00,"0,0","613,621921142188","16804,6472226783"
2030-11-14 19:00:00,"0,0","567,3999329225754","16235,781084285547"
2030-11-14 20:00:00,"0,0","513,4882160152761","15720,876296370669"
2030-11-14 21:00:00,"0,0","467,09709555372444","15252,407554360085"
2030-11-14 22:00:00,"0,0","418,8214320011863","14832,25534979978"
2030-11-14 23:00:00,"0,0","339,8283564584706","14491,13287906204"
2030-11-15 00:00:00,"0,0","365,221656467284","14124,646871251058"
2030-11-15 01:00:00,"0,0","372,34259839568597","13751,071897415855"
2030-11-15 02:00:00,"0,0","379,44300142169936","13370,429114971106"
2030-11-15 03:00:00,"0,0","408,3515769256305","12960,910968105196"
2030-11-15 04:00:00,"0,0","483,23927341936894","12476,54085520386"
2030-11-15 05:00:00,"0,0","696,9193525596595","11778,532924454585"
2030-11-15 06:00:00,"0,0","818,887643860082","10958,617603596844"
2030-11-15 07:00:00,"0,0","877,6956946442637","10079,965769566666"
2030-11-15 08:00:00,"0,0","893,3145319471874","9185,771760606085"
2030-11-15 09:00:00,"0,0","879,702758246898","8305,267543773074"
2030-11-15 10:00:00,"0,0","844,3402313308499","7460,202677849029"
2030-11-15 11:00:00,"0,0","822,0392174091593","6637,512557756228"
2030-11-15 12:00:00,"0,0","788,2685470730402","5848,6648877125235"
2030-11-15 13:00:00,"0,0","743,3554554383467","5104,7991362627245"
2030-11-15 14:00:00,"0,0","746,6803078235608","4357,673434714525"
2030-11-15 15:00:00,"0,0","725,9735767404533","3631,319650966893"
2030-11-15 16:00:00,"0,0","715,2588439878307","2915,7439743395157"
2030-11-15 17:00:00,"0,0","716,0731950530522","2199,4163806247025"
2030-11-15 18:00:00,"0,0","690,449341969737","1508,775139575756"
2030-11-15 19:00:00,"0,0","638,1991000105392","870,4443989342889"
2030-11-15 20:00:00,"0,0","80,34337010856052","790,0250825519214"
2030-11-15 21:00:00,"0,0","200,010433726791","589,9457191366778"
2030-11-15 22:00:00,"0,0","475,04596637953","114,84827999315311"
2030-11-15 23:00:00,"0,0","76,02799885747987","38,81026062324383"
2030-11-16 00:00:00,"0,0","38,80687442800445","0,0"
2030-11-16 01:00:00,"572,0410270028322","0,0","572,0410270028322"
2030-11-16 02:00:00,"1027,17551795984","0,0","1599,1666343830661"
2030-11-16 03:00:00,"998,9780285289478","0,0","2598,0051356231643"
2030-11-16 04:00:00,"655,487479166635","0,0","3253,265938841716"
2030-11-16 05:00:00,"0,0","92,68543133378438","3160,2966600547675"
2030-11-16 06:00:00,"0,0","480,83341584252736","2679,1875083286504"
2030-11-16 07:00:00,"0,0","537,4979014593991","2141,4558477591495"
2030-11-16 08:00:00,"0,0","552,7205486263865","1588,548457110046"
2030-11-16 09:00:00,"0,0","539,5447745757313","1048,865081681432"
2030-11-16 10:00:00,"0,0","505,25846301582925","543,515105187226"
2030-11-16 11:00:00,"0,0","483,55349972173286","59,914183772565536"
2030-11-16 12:00:00,"105,75480832634815","0,0","165,66376458637953"
2030-11-16 13:00:00,"672,3278459896762","0,0","837,9771564125956"
2030-11-16 14:00:00,"669,1715469719848","0,0","1507,0755898776833"
2030-11-16 15:00:00,"0,0","390,3643339923522","1116,5797635401143"
2030-11-16 16:00:00,"0,0","380,063309786131","736,4190321696143"
2030-11-16 17:00:00,"0,0","380,6623262289241","355,69245338013343"
2030-11-16 18:00:00,"0,0","355,66141921357604","0,0"
2030-11-16 19:00:00,"0,0","0,0","0,0"
2030-11-16 20:00:00,"0,0","0,0","0,0"
2030-11-16 21:00:00,"0,0","0,0","0,0"
2030-11-16 22:00:00,"0,0","0,0","0,0"
2030-11-16 23:00:00,"0,0","0,0","0,0"
2030-11-17 00:00:00,"0,0","0,0","0,0"
2030-11-17 01:00:00,"1049,6485907055185","0,0","1049,6485907055185"
2030-11-17 02:00:00,"670,6952067845682","0,0","1720,2522156505477"
2030-11-17 03:00:00,"1015,4325541444314","0,0","2735,5346777891637"
2030-11-17 04:00:00,"943,6245076863324","0,0","3678,920510074859"
2030-11-17 05:00:00,"0,0","338,61679198397593","3339,982732276379"
2030-11-17 06:00:00,"0,0","452,3293164722514","2887,3620023107364"
2030-11-17 07:00:00,"0,0","505,9303165136719","2381,1797634623626"
2030-11-17 08:00:00,"0,0","520,6935104360873","1860,2784950919129"
2030-11-17 09:00:00,"0,0","508,02861025186377","1352,0875755413524"
2030-11-17 10:00:00,"0,0","475,04064860389445","876,928957296492"
2030-11-17 11:00:00,"0,0","454,0121647899371","422,84028045503067"
2030-11-17 12:00:00,"0,0","422,80338764056097","0,0"
2030-11-17 13:00:00,"456,71130252273355","0,0","456,71130252273355"
2030-11-17 14:00:00,"695,6654014837457","0,0","1152,336855945334"
2030-11-17 15:00:00,"33,48932207907637","0,0","1185,7256366337292"
2030-11-17 16:00:00,"0,0","354,9256482908143","830,6965337811187"
2030-11-17 17:00:00,"0,0","355,36337405667115","475,2606814518751"
2030-11-17 18:00:00,"0,0","331,239565366755","143,97964959066343"
2030-11-17 19:00:00,"0,0","143,96708736623665","0,0"
2030-11-17 20:00:00,"0,0","0,0","0,0"
2030-11-17 21:00:00,"0,0","0,0","0,0"
2030-11-17 22:00:00,"0,0","0,0","0,0"
2030-11-17 23:00:00,"720,0600880494276","0,0","720,0600880494276"
2030-11-18 00:00:00,"883,0351992170845","0,0","1603,0324620238296"
2030-11-18 01:00:00,"870,7403080940257","0,0","2473,6329055355436"
2030-11-18 02:00:00,"861,7395100164485","0,0","3335,156591080984"
2030-11-18 03:00:00,"0,0","237,40468647768483","3097,460912190728"
2030-11-18 04:00:00,"67,69391546202297","0,0","3164,8845741881623"
2030-11-18 05:00:00,"624,5433319599052","0,0","3789,15176996897"
2030-11-18 06:00:00,"544,4333914251644","0,0","4333,254557902204"
2030-11-18 07:00:00,"0,0","580,7543677197997","3752,122113722228"
2030-11-18 08:00:00,"492,82415687773323","0,0","4244,618897945539"
2030-11-18 09:00:00,"494,7640753906406","0,0","4739,012630337336"
2030-11-18 10:00:00,"0,0","384,5289839344946","4354,070167550844"
2030-11-18 11:00:00,"563,3009501843609","0,0","4916,991225113086"
2030-11-18 12:00:00,"583,4849795366196","0,0","5500,047197165315"
2030-11-18 13:00:00,"600,311078355404","0,0","6099,878396402766"
2030-11-18 14:00:00,"604,091530383627","0,0","6703,437712396308"
2030-11-18 15:00:00,"609,9407189652932","0,0","7312,793556421193"
2030-11-18 16:00:00,"603,6567995035695","0,0","7915,812314686965"
2030-11-18 17:00:00,"605,4741561383645","0,0","8520,595816200872"
2030-11-18 18:00:00,"615,1076954914491","0,0","9134,960089707358"
2030-11-18 19:00:00,"650,3917630623934","0,0","9784,554827501925"
2030-11-18 20:00:00,"689,2470435847035","0,0","10472,948168677929"
2030-11-18 21:00:00,"732,492887547537","0,0","11204,527291497749"
2030-11-18 22:00:00,"785,0291389040779","0,0","11988,578835395643"
2030-11-18 23:00:00,"849,4316444737765","0,0","12836,96447636603"
2030-11-19 00:00:00,"961,4738059143881","0,0","13797,318257129857"
2030-11-19 01:00:00,"940,4402017289203","0,0","14736,554642840842"
2030-11-19 02:00:00,"947,3096117897533","0,0","15682,578490238007"
2030-11-19 03:00:00,"0,0","148,44678287798735","15532,763402386747"
2030-11-19 04:00:00,"0,0","191,9212156544212","15339,486953125466"
2030-11-19 05:00:00,"0,0","293,1638457747567","15044,984737114051"
2030-11-19 06:00:00,"0,0","331,62767763397505","14712,044384561765"
2030-11-19 07:00:00,"0,0","363,3366241059964","14347,424134583216"
2030-11-19 08:00:00,"0,0","375,6842589253098","13970,488062902165"
2030-11-19 09:00:00,"0,0","362,022225377743","13607,246912440934"
2030-11-19 10:00:00,"0,0","328,2810498046994","13277,778630343124"
2030-11-19 11:00:00,"0,0","286,78739085024966","12989,832753307377"
2030-11-19 12:00:00,"0,0","243,21805981965798","12745,481330579994"
2030-11-19 13:00:00,"0,0","265,23310732681887","12479,136180007083"
2030-11-19 14:00:00,"0,0","252,77336746537173","12225,274007910004"
2030-11-19 15:00:00,"0,0","249,92482882723846","11974,282523925574"
2030-11-19 16:00:00,"57,51060662175297","0,0","12030,748374397115"
2030-11-19 17:00:00,"58,68596128449536","0,0","12088,384652885945"
2030-11-19 18:00:00,"61,967966558935416","0,0","12149,297907883916"
2030-11-19 19:00:00,"72,31176600229378","0,0","12220,549647643747"
2030-11-19 20:00:00,"0,0","232,2610280517991","11987,222376635193"
2030-11-19 21:00:00,"0,0","209,73212615589557","11776,444365326935"
2030-11-19 22:00:00,"0,0","164,91279741104415","11610,504073145017"
2030-11-19 23:00:00,"0,0","110,68040125226264","11498,810655412373"
2030-11-20 00:00:00,"0,0","205,7822969723453","11292,025087210342"
2030-11-20 01:00:00,"0,0","218,52448604689238","11072,51537197459"
2030-11-20 02:00:00,"0,0","217,051821916775","10854,497473091611"
2030-11-20 03:00:00,"0,0","263,2403656238406","10590,310052563242"
2030-11-20 04:00:00,"0,0","330,7708996714357","10258,61514833972"
2030-11-20 05:00:00,"0,0","170,03896077668873","10087,68112339134"
2030-11-20 06:00:00,"0,0","125,3069403416219","9961,494032871702"
2030-11-20 07:00:00,"0,0","131,03671542409558","9829,58817709324"
2030-11-20 08:00:00,"0,0","132,90587507116385","9695,824670453623"
2030-11-20 09:00:00,"0,0","411,5407340468788","9283,437975704246"
2030-11-20 10:00:00,"0,0","388,6898107171145","8893,938185023751"
2030-11-20 11:00:00,"0,0","380,184319154367","8512,97786976274"
2030-11-20 12:00:00,"0,0","369,7692448435015","8142,465867600104"
2030-11-20 13:00:00,"0,0","341,1684016506764","7800,5870358024795"
2030-11-20 14:00:00,"0,0","339,58903355788635","7460,31740102572"
2030-11-20 15:00:00,"0,0","33,76194981277388","7425,904538519707"
2030-11-20 16:00:00,"0,0","51,76318964146918","7373,493438707252"
2030-11-20 17:00:00,"0,0","67,75472074130533","7305,095380663419"
2030-11-20 18:00:00,"0,0","78,23422202102387","7226,223789070432"
2030-11-20 19:00:00,"0,0","88,24246586901728","7137,350835175819"
2030-11-20 20:00:00,"0,0","66,88444744782788","7069,8436538676215"
2030-11-20 21:00:00,"0,0","67,1018455234543","7002,124964485368"
2030-11-20 22:00:00,"0,25073453794675515","0,0","7001,764763620164"
2030-11-20 23:00:00,"48,01597636404853","0,0","7049,169836008587"
2030-11-21 00:00:00,"134,26917899723213","0,0","7182,823974937628"
2030-11-21 01:00:00,"122,85111169192737","0,0","7305,048385237742"
2030-11-21 02:00:00,"114,43737181038676","0,0","7418,848391576517"
2030-11-21 03:00:00,"95,87623014633124","0,0","7514,077327200684"
2030-11-21 04:00:00,"30,49447646744926","0,0","7543,916200421335"
2030-11-21 05:00:00,"0,0","112,42928971038424","7430,828704022465"
2030-11-21 06:00:00,"0,0","187,07620385495608","7243,104160363083"
2030-11-21 07:00:00,"0,0","228,27311178791734","7014,199087737174"
2030-11-21 08:00:00,"0,0","233,8546153711614","6779,732483495608"
2030-11-21 09:00:00,"0,0","215,96612027586667","6563,174831560556"
2030-11-21 10:00:00,"0,0","192,99958666177196","6369,602607894731"
2030-11-21 11:00:00,"0,0","168,5255058478695","6200,521354219322"
2030-11-21 12:00:00,"0,0","149,99675664254124","6049,983602088626"
2030-11-21 13:00:00,"0,0","134,59651034152836","5914,8592306778155"
2030-11-21 14:00:00,"0,0","131,10035615480643","5783,242803055132"
2030-11-21 15:00:00,"0,0","125,17980001697384","5657,558415103592"
2030-11-21 16:00:00,"0,0","131,1239754789347","5525,94081765294"
2030-11-21 17:00:00,"0,0","129,13392579991745","5396,324753516682"
2030-11-21 18:00:00,"0,0","119,86350528525264","5275,990418896686"
2030-11-21 19:00:00,"0,0","87,18132961590567","5188,34875911673"
2030-11-21 20:00:00,"0,0","51,229798473010135","5136,666277214487"
2030-11-21 21:00:00,"0,0","10,073404963960968","5126,144698117839"
2030-11-21 22:00:00,"40,45805382418712","0,0","5166,155495817116"
2030-11-21 23:00:00,"102,14589876529789","0,0","5267,8506475154045"
2030-11-22 00:00:00,"71,20484085807215","0,0","5338,595868404481"
2030-11-22 01:00:00,"56,603549655530344","0,0","5394,733625570493"
2030-11-22 02:00:00,"0,0","267,1010308237476","5127,161904237915"
2030-11-22 03:00:00,"24,543203487654807","0,0","5151,2577628494255"
2030-11-22 04:00:00,"0,0","364,3673297853526","4786,440985824263"
2030-11-22 05:00:00,"0,0","219,12759548798527","4566,895773360265"
2030-11-22 06:00:00,"0,0","312,1349890959794","4254,36232260806"
2030-11-22 07:00:00,"0,0","367,32524943644046","3886,665880058972"
2030-11-22 08:00:00,"0,0","374,8433584701494","3511,4834099907875"
2030-11-22 09:00:00,"0,0","351,4755884127822","3159,7014446504836"
2030-11-22 10:00:00,"0,0","322,22702350852825","2837,1987371909104"
2030-11-22 11:00:00,"0,0","291,63874335138036","2545,31244824971"
2030-11-22 12:00:00,"0,0","267,4875836289987","2277,6027861096018"
2030-11-22 13:00:00,"0,0","247,27929424718133","2030,1247710193325"
2030-11-22 14:00:00,"0,0","556,1074113876549","1473,8402312454061"
2030-11-22 15:00:00,"0,0","237,23864812241055","1236,4729905628194"
2030-11-22 16:00:00,"0,0","244,58677603649863","991,7783322578941"
2030-11-22 17:00:00,"0,0","243,4138879736061","748,2779116247987"
2030-11-22 18:00:00,"0,0","233,08258600330856","515,1300383737009"
2030-11-22 19:00:00,"574,8650501245905","0,0","1089,9501434024457"
2030-11-22 20:00:00,"620,7357769979644","0,0","1710,5908222503983"
2030-11-22 21:00:00,"669,5205893478887","0,0","2379,962162549046"
2030-11-22 22:00:00,"727,6832226747524","0,0","3107,437733525116"
2030-11-22 23:00:00,"799,968371194628","0,0","3907,1349807774936"
2030-11-23 00:00:00,"870,2864281031116","0,0","4777,0805113535325"
2030-11-23 01:00:00,"857,3341688733137","0,0","5633,9978799522305"
2030-11-23 02:00:00,"847,9362762340725","0,0","6481,442589871277"
2030-11-23 03:00:00,"827,9093875862288","0,0","7308,78647159154"
2030-11-23 04:00:00,"757,5955862956839","0,0","8065,744366267578"
2030-11-23 05:00:00,"602,6265207823832","0,0","8667,667150854004"
2030-11-23 06:00:00,"519,0216366909136","0,0","9185,932533586005"
2030-11-23 07:00:00,"470,9794010983769","0,0","9656,110462070828"
2030-11-23 08:00:00,"464,4442528994841","0,0","10119,712219332498"
2030-11-23 09:00:00,"484,9947331666391","0,0","10603,824007607998"
2030-11-23 10:00:00,"511,0102799955358","0,0","11113,909103958871"
2030-11-23 11:00:00,"538,4492071324499","0,0","11651,388622522001"
2030-11-23 12:00:00,"559,7161001034857","0,0","12210,088138968173"
2030-11-23 13:00:00,"577,4601135327529","0,0","12786,4829223108"
2030-11-23 14:00:00,"581,4165832123168","0,0","13366,783884888146"
2030-11-23 15:00:00,"587,1892357494289","0,0","13952,806868743619"
2030-11-23 16:00:00,"580,581023780975","0,0","14532,170510125296"
2030-11-23 17:00:00,"582,1912417434315","0,0","15113,093819991702"
2030-11-23 18:00:00,"591,9928655107728","0,0","15703,76806806668"
2030-11-23 19:00:00,"628,9477953036782","0,0","16331,34570960642"
2030-11-23 20:00:00,"669,7274789754779","0,0","16999,648278668734"
2030-11-23 21:00:00,"714,5552935950066","0,0","17712,720352951426"
2030-11-23 22:00:00,"768,73617358298","0,0","18479,91109168361"
2030-11-23 23:00:00,"835,474925170166","0,0","19313,77364461103"
2030-11-24 00:00:00,"825,7278417374093","0,0","20137,816359597946"
2030-11-24 01:00:00,"810,5304412881152","0,0","20946,589776408688"
2030-11-24 02:00:00,"799,6955986542798","0,0","21744,457785104976"
2030-11-24 03:00:00,"777,5122624543959","0,0","22520,07284361762"
2030-11-24 04:00:00,"699,9533903484273","0,0","23218,06135761044"
2030-11-24 05:00:00,"527,2755540862623","0,0","23743,311135843254"
2030-11-24 06:00:00,"430,67618123190084","0,0","24171,915713178554"
2030-11-24 07:00:00,"372,7255123556598","0,0","24542,532225888237"
2030-11-24 08:00:00,"364,81858906529226","0,0","24905,209479016823"
2030-11-24 09:00:00,"389,2425313949109","0,0","25292,279030884692"
2030-11-24 10:00:00,"419,70224566156674","0,0","25709,774525200814"
2030-11-24 11:00:00,"451,4597261897435","0,0","26158,991073563233"
2030-11-24 12:00:00,"476,7056881672655","0,0","26633,41438975933"
2030-11-24 13:00:00,"497,8528576598975","0,0","27128,943482013725"
2030-11-24 14:00:00,"502,4725472273642","0,0","27629,049028922283"
2030-11-24 15:00:00,"508,02442464659805","0,0","28134,66281904111"
2030-11-24 16:00:00,"500,4293876259122","0,0","28632,63745733606"
2030-11-24 17:00:00,"501,4650365930612","0,0","29131,60429631097"
2030-11-24 18:00:00,"512,0223252986883","0,0","29641,084889134803"
2030-11-24 19:00:00,"555,1771451815436","0,0","30193,675849659772"
2030-11-24 20:00:00,"602,9723127348362","0,0","30794,01376417672"
2030-11-24 21:00:00,"653,1865465777438","0,0","31444,51353305354"
2030-11-24 22:00:00,"712,7502395266553","0,0","32154,520238774436"
2030-11-24 23:00:00,"786,9552640661518","0,0","32938,67002094976"
2030-11-25 00:00:00,"836,7542620943466","0,0","33772,55038408478"
2030-11-25 01:00:00,"822,1338384296757","0,0","34591,73756749343"
2030-11-25 02:00:00,"811,6351801144482","0,0","35400,35461850512"
2030-11-25 03:00:00,"790,0404153656491","0,0","36187,3063529303"
2030-11-25 04:00:00,"714,418261544634","0,0","36898,56727199564"
2030-11-25 05:00:00,"546,5319904481661","0,0","37441,87986244933"
2030-11-25 06:00:00,"452,7698748096492","0,0","37891,38293324098"
2030-11-25 07:00:00,"396,9051665224646","0,0","38284,98207660252"
2030-11-25 08:00:00,"389,25871777300074","0,0","38670,90042968934"
2030-11-25 09:00:00,"412,78153998137725","0,0","39080,30793360823"
2030-11-25 10:00:00,"442,1972309020306","0,0","39519,09540764305"
2030-11-25 11:00:00,"472,92490142727","0,0","39988,57226799601"
2030-11-25 12:00:00,"497,2798339890197","0,0","40482,36309905465"
2030-11-25 13:00:00,"517,678279304385","0,0","40996,509292178634"
2030-11-25 14:00:00,"522,1592726396026","0,0","41515,091619382496"
2030-11-25 15:00:00,"527,7860078339335","0,0","42039,255435472645"
2030-11-25 16:00:00,"0,0","311,5141111882916","41724,0733992476"
2030-11-25 17:00:00,"0,0","558,0079693842641","41162,425004459255"
2030-11-25 18:00:00,"532,2102463524094","0,0","41691,043829230024"
2030-11-25 19:00:00,"574,0059295146299","0,0","42261,412215170545"
2030-11-25 20:00:00,"620,2091926209163","0,0","42877,93409957569"
2030-11-25 21:00:00,"669,0188452884535","0,0","43543,211845113954"
2030-11-25 22:00:00,"727,0699935569705","0,0","44266,48269343744"
2030-11-25 23:00:00,"799,0891231458578","0,0","45061,709565968304"
2030-11-26 00:00:00,"962,717673664551","0,0","46020,495605473225"
2030-11-26 01:00:00,"952,2880762230202","0,0","46968,768393454666"
2030-11-26 02:00:00,"944,8116916917857","0,0","47909,48206010412"
2030-11-26 03:00:00,"935,0486093817927","0,0","48840,350567176174"
2030-11-26 04:00:00,"890,0056671341321","0,0","49726,09491372331"
2030-11-26 05:00:00,"793,263075593416","0,0","50515,0193875355"
2030-11-26 06:00:00,"727,431032431755","0,0","51238,0429845257"
2030-11-26 07:00:00,"717,5469397180592","0,0","51951,11940499336"
2030-11-26 08:00:00,"712,0656752659244","0,0","52658,65234509121"
2030-11-26 09:00:00,"729,7939315450221","0,0","53383,851809219115"
2030-11-26 10:00:00,"745,175091960881","0,0","54124,36916010964"
2030-11-26 11:00:00,"768,3084883026498","0,0","54887,95529720307"
2030-11-26 12:00:00,"788,0722157416055","0,0","55671,23853884499"
2030-11-26 13:00:00,"799,5099029856068","0,0","56465,891126268085"
2030-11-26 14:00:00,"809,5673198903327","0,0","57270,53179715765"
2030-11-26 15:00:00,"821,9461668446395","0,0","58087,48111010299"
2030-11-26 16:00:00,"816,038698148208","0,0","58898,45167552436"
2030-11-26 17:00:00,"811,5849009796971","0,0","59704,89768659537"
2030-11-26 18:00:00,"829,9054503411793","0,0","60529,593884613394"
2030-11-26 19:00:00,"833,5990551993285","0,0","61357,91173274629"
2030-11-26 20:00:00,"843,9457292869112","0,0","62196,50398423452"
2030-11-26 21:00:00,"861,9602676204477","0,0","63053,03760688234"
2030-11-26 22:00:00,"907,948679498011","0,0","63955,484908849154"
2030-11-26 23:00:00,"952,7264426859126","0,0","64902,631235476765"
2030-11-27 00:00:00,"1003,2940621404028","0,0","65900,26254304187"
2030-11-27 01:00:00,"967,8041675872742","0,0","66862,31691272228"
2030-11-27 02:00:00,"974,5263851351056","0,0","67831,00956070675"
2030-11-27 03:00:00,"958,2639392121372","0,0","68783,35524433471"
2030-11-27 04:00:00,"887,4097673319571","0,0","69664,7636639216"
2030-11-27 05:00:00,"0,0","3,676392197865823","69655,00902109405"
2030-11-27 06:00:00,"46,738468117174364","0,0","69695,67008967415"
2030-11-27 07:00:00,"40,52964957200254","0,0","69730,11879203083"
2030-11-27 08:00:00,"65,24229176719382","0,0","69789,27713093342"
2030-11-27 09:00:00,"59,243398218508446","0,0","69842,43141472216"
2030-11-27 10:00:00,"871,6624716076776","0,0","70708,0001341889"
2030-11-27 11:00:00,"879,022926728677","0,0","71580,85378790587"
2030-11-27 12:00:00,"881,9032897179628","0,0","72456,51164813084"
2030-11-27 13:00:00,"0,0","174,88965789695396","72275,30015959257"
2030-11-27 14:00:00,"907,4120874807905","0,0","73176,40622713443"
2030-11-27 15:00:00,"902,998217978615","0,0","74073,01980366973"
2030-11-27 16:00:00,"0,0","191,2177778384741","73875,33915485338"
2030-11-27 17:00:00,"105,43076060530274","0,0","73974,32429211742"
2030-11-27 18:00:00,"84,7806296160548","0,0","74052,650661939"
2030-11-27 19:00:00,"73,55596948907379","0,0","74119,74553765784"
2030-11-27 20:00:00,"62,991584457241686","0,0","74176,27017431692"
2030-11-27 21:00:00,"74,95376880636769","0,0","74244,75206355058"
2030-11-27 22:00:00,"0,0","187,8695616252429","74050,4046473078"
2030-11-27 23:00:00,"200,80831404824858","0,0","74244,75206355058"
2030-11-28 00:00:00,"0,0","199,53016632798744","74038,74404260506"
2030-11-28 01:00:00,"0,0","211,99212949531568","73820,29203269203"
2030-11-28 02:00:00,"0,0","221,06159209753957","73592,78962011464"
2030-11-28 03:00:00,"0,0","240,63357536520562","73345,73507385507"
2030-11-28 04:00:00,"3,8582228250100457","0,0","73343,1938812949"
2030-11-28 05:00:00,"0,0","147,36796811771984","73189,42671951103"
2030-11-28 06:00:00,"0,0","227,87600378943972","72955,16493824031"
2030-11-28 07:00:00,"0,0","273,51599923116106","72675,28360086828"
2030-11-28 08:00:00,"0,0","279,70302912211076","72389,23965325199"
2030-11-28 09:00:00,"0,0","300,7771015309914","72082,14659056126"
2030-11-28 10:00:00,"0,0","548,3152592915376","71527,54216397968"
2030-11-28 11:00:00,"0,0","521,8625884085795","70999,4387975173"
2030-11-28 12:00:00,"0,0","501,5318185447087","70491,7122779375"
2030-11-28 13:00:00,"0,0","484,5952789693598","70000,9665970719"
2030-11-28 14:00:00,"0,0","480,80086296739535","69514,05814976891"
2030-11-28 15:00:00,"0,0","474,9890739636986","69033,00397423164"
2030-11-28 16:00:00,"0,0","168,15018515472667","68858,83065948017"
2030-11-28 17:00:00,"0,0","166,4484799423413","68686,37424656279"
2030-11-28 18:00:00,"0,0","156,85918847407999","68523,5221719357"
2030-11-28 19:00:00,"0,0","121,377596835357","68396,16589779085"
2030-11-28 20:00:00,"0,0","82,23921134603626","68307,95912097023"
2030-11-28 21:00:00,"0,0","38,57875381367063","68263,42049772327"
2030-11-28 22:00:00,"14,495054059174606","0,0","68271,95956834403"
2030-11-28 23:00:00,"79,73737931007435","0,0","68345,74021918177"
2030-11-29 00:00:00,"80,9916948147357","0,0","68420,76874816237"
2030-11-29 01:00:00,"66,88214656550628","0,0","68481,6811826546"
2030-11-29 02:00:00,"56,75776473368893","0,0","68532,46392070511"
2030-11-29 03:00:00,"35,60600425913316","0,0","68562,09046748716"
2030-11-29 04:00:00,"0,0","38,472176469410726","68517,63624862446"
2030-11-29 05:00:00,"0,0","202,67047049241665","68308,98761436935"
2030-11-29 06:00:00,"0,0","292,76347595177646","68010,26417924822"
2030-11-29 07:00:00,"0,0","345,7204747357435","67658,60980896284"
2030-11-29 08:00:00,"0,0","352,92483602876706","67299,78175922825"
2030-11-29 09:00:00,"0,0","330,4169672185306","66963,49288605123"
2030-11-29 10:00:00,"0,0","302,15209231474915","66655,49822898218"
2030-11-29 11:00:00,"0,0","272,52082880225777","66377,16170795944"
2030-11-29 12:00:00,"0,0","249,2584027002179","66122,1118979002"
2030-11-29 13:00:00,"0,0","229,8125700907945","65886,53017354631"
2030-11-29 14:00:00,"0,0","225,5268050279248","65655,25476876074"
2030-11-29 15:00:00,"0,0","219,87539917741793","65429,65094860475"
2030-11-29 16:00:00,"0,0","227,01714272317741","65196,92506883631"
2030-11-29 17:00:00,"0,0","225,73047070848844","64965,506166415566"
2030-11-29 18:00:00,"0,0","215,5773618486275","64744,26056415392"
2030-11-29 19:00:00,"0,0","175,52467611222602","64563,08695130747"
2030-11-29 20:00:00,"0,0","131,21670867713743","64426,237113293835"
2030-11-29 21:00:00,"0,0","83,60511758761533","64337,01080651809"
2030-11-29 22:00:00,"0,0","26,596329885738612","64304,801072439484"
2030-11-29 23:00:00,"44,10125676287129","0,0","64343,29173530878"
2030-11-30 00:00:00,"155,96318066864154","0,0","64493,64096377353"
2030-11-30 01:00:00,"139,30630929191545","0,0","64627,32020289136"
2030-11-30 02:00:00,"134,8829208232101","0,0","64756,56439002687"
2030-11-30 03:00:00,"117,51771245676315","0,0","64868,432092240604"
2030-11-30 04:00:00,"41,294731376763536","0,0","64904,06705291732"
2030-11-30 05:00:00,"0,0","96,93239693852735","64801,47177612843"
2030-11-30 06:00:00,"0,0","171,41058258770278","64624,407265128255"
2030-11-30 07:00:00,"0,0","214,2788946103372","64404,489890984034"
2030-11-30 08:00:00,"0,0","217,91381783795606","64180,95678140309"
2030-11-30 09:00:00,"0,0","174,50311879839302","64000,85387412552"
2030-11-30 10:00:00,"0,0","140,98701758406975","63854,28278204093"
2030-11-30 11:00:00,"0,0","117,8939393672361","63730,817556500966"
2030-11-30 12:00:00,"0,0","98,2774915357823","63626,97955113338"
2030-11-30 13:00:00,"0,0","78,81159391313219","63542,616503254416"
2030-11-30 14:00:00,"0,0","73,86682774954312","63463,20558221496"
2030-11-30 15:00:00,"0,0","68,3985889412698","63389,26982858664"
2030-11-30 16:00:00,"0,0","80,4734282068992","63303,265686587205"
2030-11-30 17:00:00,"0,0","90,94208818053022","63206,80038847552"
2030-11-30 18:00:00,"0,0","84,12681859064497","63117,15877655098"
2030-11-30 19:00:00,"0,0","73,3077275468691","63038,34407690086"
2030-11-30 20:00:00,"0,0","45,021894486482836","62987,82208689367"
2030-11-30 21:00:00,"0,0","2,548191362827879","62979,778208053765"
2030-11-30 22:00:00,"57,43149329264014","0,0","63031,71471569776"
2030-11-30 23:00:00,"116,25201764237278","0,0","63142,46721623118"
2030-12-01 00:00:00,"171,4025246053896","0,0","63308,36056057196"
2030-12-01 01:00:00,"155,94670473795173","0,0","63458,783610851"
2030-12-01 02:00:00,"152,10872443219893","0,0","63605,35555641315"
2030-12-01 03:00:00,"135,4305356649075","0,0","63735,23652480576"
2030-12-01 04:00:00,"62,41417250631832","0,0","63792,08979792529"
2030-12-01 05:00:00,"0,0","69,2270455100425","63717,29689258038"
2030-12-01 06:00:00,"0,0","139,1874986658616","63572,550059760644"
2030-12-01 07:00:00,"0,0","178,16802948511946","63388,83532528282"
2030-12-01 08:00:00,"0,0","181,3216794646117","63201,98296993607"
2030-12-01 09:00:00,"0,0","141,3018287437937","63055,16676817815"
2030-12-01 10:00:00,"0,0","110,35555550230725","62939,30964937532"
2030-12-01 11:00:00,"0,0","88,78558817484424","62845,03260643356"
2030-12-01 12:00:00,"0,0","70,65804877793158","62768,89132856072"
2030-12-01 13:00:00,"0,0","52,683257686656304","62710,73148510564"
2030-12-01 14:00:00,"0,0","48,12136809463715","62657,13860568893"
2030-12-01 15:00:00,"0,0","42,68131994685268","62608,990450398735"
2030-12-01 16:00:00,"0,0","53,91073092340372","62549,61708505853"
2030-12-01 17:00:00,"0,0","63,15660159269481","62481,00302937517"
2030-12-01 18:00:00,"0,0","56,64349532269654","62418,908066538155"
2030-12-01 19:00:00,"0,0","46,51450316549614","62366,947513643856"
2030-12-01 20:00:00,"0,0","20,354431511210862","62341,151565962085"
2030-12-01 21:00:00,"19,972728662736245","0,0","62355,68502915069"
2030-12-01 22:00:00,"77,24932686475233","0,0","62427,49382249665"
2030-12-01 23:00:00,"133,45826165922136","0,0","62555,505285319865"
2030-12-02 00:00:00,"216,08075159428043","0,0","62766,128069078004"
2030-12-02 01:00:00,"204,19607320005792","0,0","62964,84779760404"
2030-12-02 02:00:00,"201,6594181990227","0,0","63161,01353283272"
2030-12-02 03:00:00,"187,22982548614164","0,0","63342,73255988813"
2030-12-02 04:00:00,"124,33033452613756","0,0","63461,536240998415"
2030-12-02 05:00:00,"13,162659347887995","0,0","63469,16188130928"
2030-12-02 06:00:00,"0,0","44,80185200451132","63418,82234493063"
2030-12-02 07:00:00,"0,0","73,98546033416864","63339,30359234687"
2030-12-02 08:00:00,"0,0","76,14820349548182","63257,62903461295"
2030-12-02 09:00:00,"0,0","45,4989456293269","63206,61086085036"
2030-12-02 10:00:00,"0,0","21,577104022817764","63179,51898002993"
2030-12-02 11:00:00,"0,0","4,2929453656960845","63169,71362163322"
2030-12-02 12:00:00,"9,79830754544281","0,0","63174,00037166518"
2030-12-02 13:00:00,"23,75263025161746","0,0","63192,24107038437"
2030-12-02 14:00:00,"27,34090565594289","0,0","63214,06845300692"
2030-12-02 15:00:00,"32,927815249078265","0,0","63241,48084078348"
2030-12-02 16:00:00,"24,361567071983757","0,0","63260,3245886521"
2030-12-02 17:00:00,"18,760113531135914","0,0","63273,56523886288"
2030-12-02 18:00:00,"24,905049358440294","0,0","63292,949669654234"
2030-12-02 19:00:00,"33,521408673906194","0,0","63320,94876846946"
2030-12-02 20:00:00,"54,06892758898448","0,0","63369,4929432784"
2030-12-02 21:00:00,"87,92441392736339","0,0","63451,888368946464"
2030-12-02 22:00:00,"136,69850419086453","0,0","63583,05069587714"
2030-12-02 23:00:00,"184,00410070332475","0,0","63761,50717540724"
2030-12-03 00:00:00,"178,39254173715022","0,0","63934,33652564334"
2030-12-03 01:00:00,"167,26310272310167","0,0","64096,02135750458"
2030-12-03 02:00:00,"159,179272942034","0,0","64249,60825258317"
2030-12-03 03:00:00,"149,03192828940212","0,0","64393,03440255254"
2030-12-03 04:00:00,"101,11189083262587","0,0","64488,52800113354"
2030-12-03 05:00:00,"0,0","1,0154670435664457","64481,885910021876"
2030-12-03 06:00:00,"0,0","73,53716723621329","64402,72269824001"
2030-12-03 07:00:00,"0,0","84,69636905740464","64312,407191627186"
2030-12-03 08:00:00,"0,0","90,72354324529539","64216,072390854424"
2030-12-03 09:00:00,"0,0","71,09013196814414","64139,37940657018"
2030-12-03 10:00:00,"0,0","54,304461388148695","64079,47878432881"
2030-12-03 11:00:00,"0,0","29,106204589278377","64044,7816452156"
2030-12-03 12:00:00,"0,0","7,8633694234792415","64031,33036859357"
2030-12-03 13:00:00,"4,056353117705839","0,0","64029,79998813661"
2030-12-03 14:00:00,"14,58965114860382","0,0","64038,803039236256"
2030-12-03 15:00:00,"28,061192214767402","0,0","64061,27684588585"
2030-12-03 16:00:00,"21,852689209349478","0,0","64077,54018869039"
2030-12-03 17:00:00,"17,218232876130912","0,0","64089,16765618506"
2030-12-03 18:00:00,"37,59876205768677","0,0","64121,17463836475"
2030-12-03 19:00:00,"41,49905307660919","0,0","64157,07911895416"
2030-12-03 20:00:00,"52,48035380254515","0,0","64203,96176760358"
2030-12-03 21:00:00,"71,18456853967422","0,0","64269,54454047903"
2030-12-03 22:00:00,"120,19741102620122","0,0","64384,134433744075"
2030-12-03 23:00:00,"167,12000565674992","0,0","64545,63692367148"
2030-12-04 00:00:00,"244,32892011229046","0,0","64784,33423696218"
2030-12-04 01:00:00,"210,32735709617708","0,0","64989,00916089618"
2030-12-04 02:00:00,"216,68555697849575","0,0","65200,02442682539"
2030-12-04 03:00:00,"200,95994924924162","0,0","65395,295673943394"
2030-12-04 04:00:00,"132,6071712442594","0,0","65522,1971056401"
2030-12-04 05:00:00,"12,41530922399852","0,0","65528,89560316664"
2030-12-04 06:00:00,"60,189900121895164","0,0","65583,36810714717"
2030-12-04 07:00:00,"54,48172331262134","0,0","65632,12768159244"
2030-12-04 08:00:00,"78,10116181424166","0,0","65704,50244026646"
2030-12-04 09:00:00,"88,9677945583183","0,0","65787,73751698688"
2030-12-04 10:00:00,"116,48239536318948","0,0","65898,4799322517"
2030-12-04 11:00:00,"123,6502588791555","0,0","66016,38054875679"
2030-12-04 12:00:00,"126,47449241740338","0,0","66137,09511197131"
2030-12-04 13:00:00,"148,55344810057352","0,0","66279,87809852338"
2030-12-04 14:00:00,"150,94962954676055","0,0","66425,04480870604"
2030-12-04 15:00:00,"146,6401865061926","0,0","66565,88941005267"
2030-12-04 16:00:00,"132,610705217305","0,0","66692,69224141895"
2030-12-04 17:00:00,"116,29006483730058","0,0","66803,1633688582"
2030-12-04 18:00:00,"96,33809250408524","0,0","66893,67288535835"
2030-12-04 19:00:00,"85,44755537691418","0,0","66973,28396777602"
2030-12-04 20:00:00,"75,423220554627","0,0","67042,86376930446"
2030-12-04 21:00:00,"87,18308300485245","0,0","67124,19736244544"
2030-12-04 22:00:00,"135,8175997282417","0,0","67254,1583759538"
2030-12-04 23:00:00,"183,66558094161758","0,0","67431,95603157711"
2030-12-05 00:00:00,"83,46465425875505","0,0","67509,53724767211"
2030-12-05 01:00:00,"69,47904953161293","0,0","67573,12609007886"
2030-12-05 02:00:00,"59,43301414481385","0,0","67626,66334897232"
2030-12-05 03:00:00,"38,39931502839619","0,0","67659,16223762352"
2030-12-05 04:00:00,"0,0","35,28107235561322","67617,97790336267"
2030-12-05 05:00:00,"0,0","198,50953181022516","67413,56870298038"
2030-12-05 06:00:00,"0,0","287,8702080905171","67119,81666102052"
2030-12-05 07:00:00,"0,0","340,265130421125","66773,69532659571"
2030-12-05 08:00:00,"0,0","347,3915900356481","66420,47773164282"
2030-12-05 09:00:00,"0,0","325,09931856084614","66089,58322639989"
2030-12-05 10:00:00,"0,0","297,08371742391415","65786,73319283947"
2030-12-05 11:00:00,"0,0","267,6917948395672","65513,301505528834"
2030-12-05 12:00:00,"0,0","244,6527383452622","65262,93273162722"
2030-12-05 13:00:00,"0,0","225,39897131745767","65031,83956942892"
2030-12-05 14:00:00,"0,0","221,15170410646948","64805,01383732002"
2030-12-05 15:00:00,"0,0","215,48947743323066","64583,870122429485"
2030-12-05 16:00:00,"0,0","222,5784676065852","64355,65671215471"
2030-12-05 17:00:00,"0,0","221,26085662441113","64128,78082448217"
2030-12-05 18:00:00,"0,0","211,15291806581087","63912,03267028942"
2030-12-05 19:00:00,"0,0","171,4498772360824","63735,00646820286"
2030-12-05 20:00:00,"0,0","127,53547351527897","63601,91011537323"
2030-12-05 21:00:00,"0,0","80,22006648050086","63516,14078223517"
2030-12-05 22:00:00,"0,0","23,503954623727566","63487,0950443282"
2030-12-05 23:00:00,"46,789026354913915","0,0","63528,344821640494"
2030-12-06 00:00:00,"63,97978608497664","0,0","63586,78175963979"
2030-12-06 01:00:00,"49,01924001823028","0,0","63630,25305294949"
2030-12-06 02:00:00,"38,339431544694094","0,0","63663,04074491531"
2030-12-06 03:00:00,"16,38058741320509","0,0","63673,86673202353"
2030-12-06 04:00:00,"0,0","60,421621082374884","63607,88956606879"
2030-12-06 05:00:00,"0,0","231,25472349915395","63371,085054205"
2030-12-06 06:00:00,"0,0","326,42427131986557","63039,131655714154"
2030-12-06 07:00:00,"0,0","383,276960357546","62650,35453111965"
2030-12-06 08:00:00,"0,0","391,02842735883434","62253,859860327975"
2030-12-06 09:00:00,"0,0","367,0244156598433","61881,40379539532"
2030-12-06 10:00:00,"0,0","337,04558134631014","61538,95906156786"
2030-12-06 11:00:00,"0,0","305,7530305395756","61227,83675685016"
2030-12-06 12:00:00,"0,0","280,94314172353717","60941,55148636959"
2030-12-06 13:00:00,"0,0","260,1686079752879","60676,06572802712"
2030-12-06 14:00:00,"0,0","255,62331032767116","60415,148430964684"
2030-12-06 15:00:00,"0,0","250,0490775874119","60159,82813167667"
2030-12-06 16:00:00,"0,0","257,54703674100125","59897,03214993118"
2030-12-06 17:00:00,"0,0","256,4578230272886","59635,348310848814"
2030-12-06 18:00:00,"0,0","245,9913572211304","59384,153769487566"
2030-12-06 19:00:00,"0,0","203,51603808407918","59175,456463987095"
2030-12-06 20:00:00,"0,0","156,4851228109539","59013,80828259966"
2030-12-06 21:00:00,"0,0","106,83905072759632","58901,82027709941"
2030-12-06 22:00:00,"0,0","47,83067802515296","58848,85041525508"
2030-12-06 23:00:00,"25,61511045443342","0,0","58869,33096351079"
2030-12-07 00:00:00,"93,80835660962612","0,0","58958,002970993846"
2030-12-07 01:00:00,"80,3558098594952","0,0","59033,214695094124"
2030-12-07 02:00:00,"70,63278510299239","0,0","59098,69683221497"
2030-12-07 03:00:00,"50,12593582044468","0,0","59143,66640673681"
2030-12-07 04:00:00,"0,0","21,8021844546941","59116,70393738813"
2030-12-07 05:00:00,"0,0","180,71825064189267","58930,8277543277"
2030-12-07 06:00:00,"0,0","267,24664589555226","58658,439393710585"
2030-12-07 07:00:00,"0,0","317,5220078155565","58335,79943705793"
2030-12-07 08:00:00,"0,0","324,3663903231508","58006,3432482339"
2030-12-07 09:00:00,"0,0","302,94734855253733","57698,33484623295"
2030-12-07 10:00:00,"0,0","275,93482234554955","57417,36584417207"
2030-12-07 11:00:00,"0,0","247,52867526722076","57164,827503734945"
2030-12-07 12:00:00,"0,0","225,36747450037655","56934,47239803487"
2030-12-07 13:00:00,"0,0","206,8569731636788","56722,64789215446"
2030-12-07 14:00:00,"0,0","202,75220194136222","56514,94663918451"
2030-12-07 15:00:00,"0,0","197,02817549203093","56312,987534598215"
2030-12-07 16:00:00,"0,0","203,8527437469573","56104,22148268886"
2030-12-07 17:00:00,"0,0","202,3669953300028","55896,95939403449"
2030-12-07 18:00:00,"0,0","192,3940642895081","55699,68832003785"
2030-12-07 19:00:00,"0,0","154,04387232938558","55540,78464990255"
2030-12-07 20:00:00,"0,0","111,68956719280533","55424,24914924904"
2030-12-07 21:00:00,"0,0","65,6583841798286","55353,75499933094"
2030-12-07 22:00:00,"0,0","10,279624069949307","55338,6457601373"
2030-12-07 23:00:00,"58,114467478131985","0,0","55391,93193077286"
2030-12-08 00:00:00,"131,69673175038798","0,0","55518,795716462286"
2030-12-08 01:00:00,"120,14783508571276","0,0","55634,09953662174"
2030-12-08 02:00:00,"111,65183331342433","0,0","55740,89729475059"
2030-12-08 03:00:00,"92,96337204864858","0,0","55828,99727351027"
2030-12-08 04:00:00,"27,15533662192371","0,0","55851,28153012008"
2030-12-08 05:00:00,"0,0","116,81684349694552","55729,591662309635"
2030-12-08 06:00:00,"0,0","192,19111063137285","55532,53814480573"
2030-12-08 07:00:00,"0,0","233,93811730189128","55293,7548135507"
2030-12-08 08:00:00,"0,0","239,59277775303718","55049,337655690186"
2030-12-08 09:00:00,"0,0","221,4833425254555","54823,051258454274"
2030-12-08 10:00:00,"0,0","198,26539411782636","54620,002553114144"
2030-12-08 11:00:00,"0,0","173,5443728629345","54441,69258502845"
2030-12-08 12:00:00,"0,0","154,79071100944094","54282,15183634097"
2030-12-08 13:00:00,"0,0","139,20088722141537","54138,214831371835"
2030-12-08 14:00:00,"0,0","135,66706454768058","53997,824207580124"
2030-12-08 15:00:00,"0,0","129,76041531344077","53863,35248210458"
2030-12-08 16:00:00,"0,0","135,76505934995845","53722,88784525056"
2030-12-08 17:00:00,"0,0","133,8129501650164","53584,38757312104"
2030-12-08 18:00:00,"0,0","124,50507455124267","53455,20726075405"
2030-12-08 19:00:00,"0,0","91,47502839426721","53359,06826552628"
2030-12-08 20:00:00,"0,0","55,12707883484012","53299,28560798527"
2030-12-08 21:00:00,"0,0","13,65598478588231","53280,9792605301"
2030-12-08 22:00:00,"37,1967539399846","0,0","53313,527249029605"
2030-12-08 23:00:00,"99,33703880440527","0,0","53408,212682581536"
2030-12-09 00:00:00,"141,6956589885478","0,0","53545,248475013526"
2030-12-09 01:00:00,"130,68022598796335","0,0","53671,25687807205"
2030-12-09 02:00:00,"122,48260481824343","0,0","53789,05666572768"
2030-12-09 03:00:00,"104,34487220907414","0,0","53888,708442742674"
2030-12-09 04:00:00,"40,340006234712234","0,0","53924,346659165756"
2030-12-09 05:00:00,"0,0","99,14925278595405","53820,49250713379"
2030-12-09 06:00:00,"0,0","172,07689355769736","53643,71977560485"
2030-12-09 07:00:00,"0,0","212,0519984663461","53426,98736258808"
2030-12-09 08:00:00,"0,0","217,4988971205451","53204,82696082015"
2030-12-09 09:00:00,"0,0","200,1877212307666","52999,99711843705"
2030-12-09 10:00:00,"0,0","177,89409716999336","52817,47877151848"
2030-12-09 11:00:00,"0,0","154,09562739192262","52658,774819103746"
2030-12-09 12:00:00,"0,0","136,11971903510988","52518,06062196567"
2030-12-09 13:00:00,"0,0","121,1783819645446","52392,30003921186"
2030-12-09 14:00:00,"0,0","117,76157634716554","52269,96723468628"
2030-12-09 15:00:00,"0,0","111,77960658060039","52153,62707346445"
2030-12-09 16:00:00,"0,0","117,47475299800755","52031,60191650428"
2030-12-09 17:00:00,"0,0","115,30588183951357","51911,75627739755"
2030-12-09 18:00:00,"0,0","106,06247865056667","51801,164498011785"
2030-12-09 19:00:00,"0,0","74,2082795782415","51722,43656683109"
2030-12-09 20:00:00,"0,0","39,25660050639391","51678,667183734244"
2030-12-09 21:00:00,"0,9173452017749355","0,0","51675,075565224244"
2030-12-09 22:00:00,"50,33918516103057","0,0","51720,90610004221"
2030-12-09 23:00:00,"110,38347710688282","0,0","51826,77692809186"
2030-12-10 00:00:00,"113,64224898879024","0,0","51935,89729079368"
2030-12-10 01:00:00,"100,04297819163753","0,0","52031,40886194669"
2030-12-10 02:00:00,"89,70639028492195","0,0","52116,575511808405"
2030-12-10 03:00:00,"78,3323803158624","0,0","52190,36072091087"
2030-12-10 04:00:00,"20,240481306630045","0,0","52206,0475932446"
2030-12-10 05:00:00,"0,0","100,43934885355026","52101,05326673854"
2030-12-10 06:00:00,"0,0","198,1977926360641","51898,309657204954"
2030-12-10 07:00:00,"0,0","214,31831562422786","51679,46321406314"
2030-12-10 08:00:00,"0,0","222,4799484075732","51452,47423249014"
2030-12-10 09:00:00,"0,0","195,76259746515797","51252,222406648194"
2030-12-10 10:00:00,"0,0","173,81427080772283","51073,936379435494"
2030-12-10 11:00:00,"0,0","141,00080258029374","50928,47937590609"
2030-12-10 12:00:00,"0,0","114,21855200347028","50809,817314077074"
2030-12-10 13:00:00,"0,0","100,48587384071294","50704,898283675706"
2030-12-10 14:00:00,"0,0","88,15364742817081","50612,32063387229"
2030-12-10 15:00:00,"0,0","70,5039333142858","50537,4007755827"
2030-12-10 16:00:00,"0,0","77,6579392005927","50455,333448164434"
2030-12-10 17:00:00,"0,0","82,80907305111197","50368,12214726997"
2030-12-10 18:00:00,"0,0","54,53755117334441","50309,18997743928"
2030-12-10 19:00:00,"0,0","49,8668161728138","50254,93368444093"
2030-12-10 20:00:00,"0,0","36,605177393274005","50213,9437640837"
2030-12-10 21:00:00,"0,0","15,73183681322206","50193,830760677054"
2030-12-10 22:00:00,"44,04242221305714","0,0","50233,493771156245"
2030-12-10 23:00:00,"98,00015863443463","0,0","50327,11105745915"
2030-12-11 00:00:00,"50,10242515842759","0,0","50372,822442177814"
2030-12-11 01:00:00,"35,84244785423965","0,0","50404,26986127397"
2030-12-11 02:00:00,"38,61755415110002","0,0","50438,48964287967"
2030-12-11 03:00:00,"0,0","16,375741584863306","50417,713143073466"
2030-12-11 04:00:00,"0,0","94,17378340806209","50319,14041419367"
2030-12-11 05:00:00,"0,0","268,94585646229103","50045,80421273025"
2030-12-11 06:00:00,"0,0","214,17022746718982","49827,26748884549"
2030-12-11 07:00:00,"0,0","222,2710522172569","49600,64900753983"
2030-12-11 08:00:00,"0,0","225,06993548077963","49371,251415433144"
2030-12-11 09:00:00,"0,0","183,34552309257998","49183,59825065456"
2030-12-11 10:00:00,"0,0","156,18870487951637","49023,11827682768"
2030-12-11 11:00:00,"0,0","146,92192153669527","48871,91908822133"
2030-12-11 12:00:00,"0,0","134,44444043092375","48733,21057284996"
2030-12-11 13:00:00,"0,0","100,25826651586038","48628,70033371162"
2030-12-11 14:00:00,"0,0","98,23723464441929","48526,220244963086"
2030-12-11 15:00:00,"0,0","107,02164397097641","48414,96468827574"
2030-12-11 16:00:00,"0,0","127,55161383213584","48283,18886877455"
2030-12-11 17:00:00,"0,0","144,70004375441846","48134,276116791334"
2030-12-11 18:00:00,"0,0","156,2783399422786","47973,79806125787"
2030-12-11 19:00:00,"0,0","168,29077098156614","47801,321576395465"
2030-12-11 20:00:00,"0,0","142,7611608136778","47654,38975027425"
2030-12-11 21:00:00,"0,0","145,60689037848994","47504,62501439005"
2030-12-11 22:00:00,"0,0","67,09545334255819","47433,38478251498"
2030-12-11 23:00:00,"0,0","14,846932618268795","47414,39928707444"
2030-12-12 00:00:00,"129,1247668004914","0,0","47539,38714753714"
2030-12-12 01:00:00,"117,4442114115771","0,0","47652,68354742009"
2030-12-12 02:00:00,"108,86677711340957","0,0","47757,39262789398"
2030-12-12 03:00:00,"90,05182561278212","0,0","47843,27762099999"
2030-12-12 04:00:00,"23,816679073345824","0,0","47862,9199741009"
2030-12-12 05:00:00,"0,0","121,19928586526822","47737,54464846789"
2030-12-12 06:00:00,"0,0","197,30256471928834","47536,07698297802"
2030-12-12 07:00:00,"0,0","239,60061518153958","47292,32884507972"
2030-12-12 08:00:00,"0,0","245,3316342707554","47042,87095511723"
2030-12-12 09:00:00,"0,0","227,00280195131683","46811,763662675075"
2030-12-12 10:00:00,"0,0","203,52940761511667","46604,14992868039"
2030-12-12 11:00:00,"0,0","178,56061655436685","46421,523100044746"
2030-12-12 12:00:00,"0,0","159,58524382287584","46257,88757833139"
2030-12-12 13:00:00,"0,0","143,80264077766998","46110,04893686251"
2030-12-12 14:00:00,"0,0","140,23269265735252","45965,793142435425"
2030-12-12 15:00:00,"0,0","134,33912096183673","45827,44350602191"
2030-12-12 16:00:00,"0,0","140,40660597821028","45683,0384555978"
2030-12-12 17:00:00,"0,0","138,490778557606","45540,561831934945"
2030-12-12 18:00:00,"0,0","129,14247745317","45407,44594046194"
2030-12-12 19:00:00,"0,0","95,76598815968924","45307,718152643945"
2030-12-12 20:00:00,"0,0","59,01996145399306","45244,74509278113"
2030-12-12 21:00:00,"0,0","17,23416686512661","45223,56332190666"
2030-12-12 22:00:00,"33,93902243359048","0,0","45253,55658844041"
2030-12-12 23:00:00,"96,52866114046014","0,0","45346,136876768534"
2030-12-13 00:00:00,"147,1196704432743","0,0","45489,30009676931"
2030-12-13 01:00:00,"136,35954969124379","0,0","45621,69070502711"
2030-12-13 02:00:00,"128,3520273849229","0,0","45746,06223989802"
2030-12-13 03:00:00,"110,43354019688331","0,0","45852,504436164476"
2030-12-13 04:00:00,"47,19993732333563","0,0","45895,70374247576"
2030-12-13 05:00:00,"0,0","90,45645297645916","45801,24288934777"
2030-12-13 06:00:00,"0,0","161,50475295571374","45635,74197794996"
2030-12-13 07:00:00,"0,0","199,987080808578","45431,77317865381"
2030-12-13 08:00:00,"0,0","205,20517245761113","45222,60408398637"
2030-12-13 09:00:00,"0,0","188,4107119697655","45030,24769981028"
2030-12-13 10:00:00,"0,0","166,70256398515977","44859,61624671332"
2030-12-13 11:00:00,"0,0","143,45952084880747","44712,24272434699"
2030-12-13 12:00:00,"0,0","126,04111999223079","44582,30046117706"
2030-12-13 13:00:00,"0,0","111,58687101792958","44466,82378444389"
2030-12-13 14:00:00,"0,0","108,27099699619924","44354,6730570725"
2030-12-13 15:00:00,"0,0","102,278649624411","44248,52446222386"
2030-12-13 16:00:00,"0,0","107,91039460613689","44136,7533838584"
2030-12-13 17:00:00,"0,0","105,7268427003209","44027,175609425336"
2030-12-13 18:00:00,"0,0","96,64074682936581","43926,69349152404"
2030-12-13 19:00:00,"0,0","65,67919527410237","43857,181692242804"
2030-12-13 20:00:00,"0,0","31,69316891649123","43821,66198422366"
2030-12-13 21:00:00,"7,880097042792386","0,0","43825,71864125833"
2030-12-13 22:00:00,"56,78841407622622","0,0","43878,68326138311"
2030-12-13 23:00:00,"116,18913937528788","0,0","43991,04398564384"
2030-12-14 00:00:00,"166,01162138120594","0,0","44153,2173884373"
2030-12-14 01:00:00,"150,1429850010187","0,0","44299,50800522117"
2030-12-14 02:00:00,"146,07237994296753","0,0","44441,71525309068"
2030-12-14 03:00:00,"129,17210904300993","0,0","44567,009822477856"
2030-12-14 04:00:00,"55,09521899855599","0,0","44618,2165698694"
2030-12-14 05:00:00,"0,0","78,74555090527946","44535,5780795684"
2030-12-14 06:00:00,"0,0","150,35771583022068","44381,33463455073"
2030-12-14 07:00:00,"0,0","190,79954537068153","44186,66281773319"
2030-12-14 08:00:00,"0,0","194,14928896881025","43988,658242433536"
2030-12-14 09:00:00,"0,0","152,91418114068534","43831,906050861195"
2030-12-14 10:00:00,"0,0","121,04073194811514","43707,04098511014"
2030-12-14 11:00:00,"0,0","98,93163527853534","43604,29591050566"
2030-12-14 12:00:00,"0,0","80,26427395267291","43520,227161734794"
2030-12-14 13:00:00,"0,0","61,74802174243001","43454,6820001725"
2030-12-14 14:00:00,"0,0","57,0436166220199","43393,84696254597"
2030-12-14 15:00:00,"0,0","51,57805356049954","43338,48279583799"
2030-12-14 16:00:00,"0,0","63,08760221052631","43271,61391100352"
2030-12-14 17:00:00,"0,0","72,75140081080559","43195,087061878985"
2030-12-14 18:00:00,"0,0","66,09767376779615","43125,22061676504"
2030-12-14 19:00:00,"0,0","55,693933558458696","43065,76400770777"
2030-12-14 20:00:00,"0,0","28,753833700790665","43033,2526860973"
2030-12-14 21:00:00,"12,304296214315798","0,0","43041,802331014755"
2030-12-14 22:00:00,"70,47730010976142","0,0","43108,52423387114"
2030-12-14 23:00:00,"127,50287454656547","0,0","43232,2658896783"
2030-12-15 00:00:00,"116,29030684302637","0,0","43344,78418132245"
2030-12-15 01:00:00,"103,95691631907658","0,0","43444,95926522171"
2030-12-15 02:00:00,"94,97208801289952","0,0","43536,14078053872"
2030-12-15 03:00:00,"75,52350890022439","0,0","43607,865761155845"
2030-12-15 04:00:00,"7,1742936739482275","0,0","43611,23526854213"
2030-12-15 05:00:00,"0,0","143,02568388002572","43464,40450438492"
2030-12-15 06:00:00,"0,0","222,79724354833428","43237,81499154358"
2030-12-15 07:00:00,"0,0","267,87801723894296","42966,16447494662"
2030-12-15 08:00:00,"0,0","273,987859126954","42688,427817969234"
2030-12-15 09:00:00,"0,0","254,5537476995451","42430,14950494257"
2030-12-15 10:00:00,"0,0","229,8130956386338","42196,634378759634"
2030-12-15 11:00:00,"0,0","203,60593784554163","41989,34678456455"
2030-12-15 12:00:00,"0,0","183,50256872444226","41802,18064533316"
2030-12-15 13:00:00,"0,0","166,758094730712","41631,77531034114"
2030-12-15 14:00:00,"0,0","163,00217658062917","41465,14076136468"
2030-12-15 15:00:00,"0,0","157,17648067333977","41304,346447159915"
2030-12-15 16:00:00,"0,0","163,5415637518991","41137,20107918051"
2030-12-15 17:00:00,"0,0","161,80666285603655","40971,805195530316"
2030-12-15 18:00:00,"0,0","152,25791256774465","40815,97249295926"
2030-12-15 19:00:00,"0,0","117,1276245654322","40695,28367479382"
2030-12-15 20:00:00,"0,0","78,38992000629372","40613,3430912869"
2030-12-15 21:00:00,"0,0","35,03882021698388","40574,7607568852"
2030-12-15 22:00:00,"17,7214229202944","0,0","40588,94203192946"
2030-12-15 23:00:00,"82,52756801705664","0,0","40667,92821475423"
2030-12-16 00:00:00,"124,05646292089006","0,0","40788,436400938386"
2030-12-16 01:00:00,"112,14242922806108","0,0","40897,02003909047"
2030-12-16 02:00:00,"103,38367201212913","0,0","40996,835446104196"
2030-12-16 03:00:00,"84,37262069682771","0,0","41077,631092908356"
2030-12-16 04:00:00,"17,45154103747558","0,0","41091,498610632974"
2030-12-16 05:00:00,"0,0","129,19137410892841","40958,72200327027"
2030-12-16 06:00:00,"0,0","207,13169614713325","40748,01665862835"
2030-12-16 07:00:00,"0,0","250,9046637854173","40493,55673038947"
2030-12-16 08:00:00,"0,0","256,8663995278699","40233,15726803688"
2030-12-16 09:00:00,"0,0","238,04160546793554","39991,60531959731"
2030-12-16 10:00:00,"0,0","214,00894720316495","39774,107104830015"
2030-12-16 11:00:00,"0,0","188,51391203984696","39582,12290194527"
2030-12-16 12:00:00,"0,0","168,99489963227398","39409,67446208981"
2030-12-16 13:00:00,"0,0","152,73824695008904","39253,497721042906"
2030-12-16 14:00:00,"0,0","149,06759861273707","39101,005254754"
2030-12-16 15:00:00,"0,0","143,17977540115345","38954,41391664437"
2030-12-16 16:00:00,"0,0","149,29071801692027","38801,72442601322"
2030-12-16 17:00:00,"0,0","147,37199991264953","38650,966975644405"
2030-12-16 18:00:00,"0,0","137,86056639642112","38509,73411237936"
2030-12-16 19:00:00,"0,0","103,61133434272773","38402,76280373533"
2030-12-16 20:00:00,"0,0","65,93178831377992","38333,480374366925"
2030-12-16 21:00:00,"0,0","23,600612513188025","38306,53516569107"
2030-12-16 22:00:00,"28,013576811123414","0,0","38331,20649730899"
2030-12-16 23:00:00,"91,13045614625122","0,0","38418,99255568835"
2030-12-17 00:00:00,"120,83904054115368","0,0","38536,479539129024"
2030-12-17 01:00:00,"107,51001210920117","0,0","38640,62724339844"
2030-12-17 02:00:00,"97,42539790283587","0,0","38734,68124657429"
2030-12-17 03:00:00,"86,17861448292791","0,0","38817,48026011846"
2030-12-17 04:00:00,"29,199316488813963","0,0","38843,29275145457"
2030-12-17 05:00:00,"0,0","89,4831447583436","38750,420529403666"
2030-12-17 06:00:00,"0,0","184,37862101408297","38562,66093419839"
2030-12-17 07:00:00,"0,0","199,9277733248851","38359,368568707"
2030-12-17 08:00:00,"0,0","207,84264307372536","38148,17907072566"
2030-12-17 09:00:00,"0,0","181,9225267070504","37962,92811539469"
2030-12-17 10:00:00,"0,0","160,55076650013103","37799,06508341649"
2030-12-17 11:00:00,"0,0","128,5914135054714","37667,17570148249"
2030-12-17 12:00:00,"0,0","102,43506449547777","37561,45417590706"
2030-12-17 13:00:00,"0,0","88,90797267057206","37469,26896635964"
2030-12-17 14:00:00,"0,0","76,77986616531922","37389,219906477"
2030-12-17 15:00:00,"0,0","59,60657254470283","37326,35112449546"
2030-12-17 16:00:00,"0,0","66,66612233853647","37256,42827802131"
2030-12-17 17:00:00,"0,0","71,76845424380014","37181,40920041026"
2030-12-17 18:00:00,"0,0","44,39833319099063","37133,76678926653"
2030-12-17 19:00:00,"0,0","39,81458535208651","37090,71228276208"
2030-12-17 20:00:00,"0,0","26,80602164482815","37060,67009647058"
2030-12-17 21:00:00,"0,0","6,150969637057813","37051,28558336761"
2030-12-17 22:00:00,"52,441678330544335","0,0","37100,494537031"
2030-12-17 23:00:00,"105,66541850066625","0,0","37202,92293738331"
2030-12-18 00:00:00,"72,69411617071529","0,0","37272,371098527736"
2030-12-18 01:00:00,"59,02463950540238","0,0","37328,14372365479"
2030-12-18 02:00:00,"61,281511546647096","0,0","37386,168354661546"
2030-12-18 03:00:00,"9,765083599141235","0,0","37392,67149507174"
2030-12-18 04:00:00,"0,0","64,00487733663334","37325,404107147166"
2030-12-18 05:00:00,"0,0","230,0647120339683","37092,082753604845"
2030-12-18 06:00:00,"0,0","179,26837567892034","36909,57809370568"
2030-12-18 07:00:00,"0,0","186,42111199809557","36719,936621018904"
2030-12-18 08:00:00,"0,0","188,84707571550103","36527,88573083322"
2030-12-18 09:00:00,"0,0","149,9297045452792","36374,76896825793"
2030-12-18 10:00:00,"0,0","124,47124257820775","36247,124027087244"
2030-12-18 11:00:00,"0,0","115,4962728322202","36128,46519268366"
2030-12-18 12:00:00,"0,0","103,83346250415144","36021,47952159144"
2030-12-18 13:00:00,"0,0","71,86009267795504","35946,47655482523"
2030-12-18 14:00:00,"0,0","70,01482753952138","35873,3253972063"
2030-12-18 15:00:00,"0,0","78,26660721388481","35791,92884235152"
2030-12-18 16:00:00,"0,0","97,80620533113625","35690,99979122889"
2030-12-18 17:00:00,"0,0","114,50678537196137","35573,37896612514"
2030-12-18 18:00:00,"0,0","125,65505712570501","35444,62013168465"
2030-12-18 19:00:00,"0,0","136,87372891549165","35304,65385966267"
2030-12-18 20:00:00,"0,0","112,98939409298879","35188,584134520424"
2030-12-18 21:00:00,"0,0","114,76967170003542","35070,744258854655"
2030-12-18 22:00:00,"0,0","40,641107857859595","35027,04322856021"
2030-12-18 23:00:00,"9,890783065359244","0,0","35033,87790210388"
2030-12-19 00:00:00,"0,0","2,3209081015361903","35028,50028815538"
2030-12-19 01:00:00,"0,0","8,40374173128572","35017,040309773955"
2030-12-19 02:00:00,"0,0","14,948788529410933","34999,03628447752"
2030-12-19 03:00:00,"0,0","41,274893396839616","34954,707725164866"
2030-12-19 04:00:00,"0,0","110,76765219013879","34840,89027472571"
2030-12-19 05:00:00,"0,0","304,82887526717906","34533,02153178206"
2030-12-19 06:00:00,"0,0","412,3657761836109","34117,64274946981"
2030-12-19 07:00:00,"0,0","462,07559225565836","33652,59039288426"
2030-12-19 08:00:00,"0,0","476,199782885772","33173,45442148671"
2030-12-19 09:00:00,"0,0","464,2418939130843","32706,318143675355"
2030-12-19 10:00:00,"0,0","433,03601838142623","32270,428499035894"
2030-12-19 11:00:00,"0,0","412,96071702329283","31854,652187126063"
2030-12-19 12:00:00,"0,0","383,6687404125425","31468,204128310193"
2030-12-19 13:00:00,"0,0","344,505828309169","31120,95269919083"
2030-12-19 14:00:00,"0,0","347,12776698208955","30771,10962908574"
2030-12-19 15:00:00,"0,0","328,4181387577797","30440,006711012822"
2030-12-19 16:00:00,"0,0","319,63102926972743","30117,71979115756"
2030-12-19 17:00:00,"0,0","319,780355047813","29795,31166505797"
2030-12-19 18:00:00,"0,0","296,77805485225434","29495,93396926294"
2030-12-19 19:00:00,"0,0","250,83641149798387","29242,52403752614"
2030-12-19 20:00:00,"0,0","197,2546481284126","29042,717979175453"
2030-12-19 21:00:00,"0,0","151,0553649678846","28889,128637063888"
2030-12-19 22:00:00,"0,0","102,93913641634157","28783,668924173962"
2030-12-19 23:00:00,"0,0","24,26045652307107","28756,897092537256"
2030-12-20 00:00:00,"27,50161002151907","0,0","28781,88966328745"
2030-12-20 01:00:00,"10,725829931076248","0,0","28790,104273345405"
2030-12-20 02:00:00,"0,0","1,1479035417942782","28786,44443320576"
2030-12-20 03:00:00,"0,0","24,813805401454545","28759,11901052751"
2030-12-20 04:00:00,"0,0","107,39167320127382","28649,21810419257"
2030-12-20 05:00:00,"0,0","292,2800447069538","28354,438415206027"
2030-12-20 06:00:00,"0,0","398,49590321396596","27953,468587240335"
2030-12-20 07:00:00,"0,0","463,85586786050277","27487,173779245593"
2030-12-20 08:00:00,"0,0","472,81750259119434","27011,95802074216"
2030-12-20 09:00:00,"0,0","445,5796856294351","26564,021541775415"
2030-12-20 10:00:00,"0,0","411,90236570101564","26149,80146519488"
2030-12-20 11:00:00,"0,0","377,0313511597149","25770,488543857326"
2030-12-20 12:00:00,"0,0","348,86229705076363","25419,37777168111"
2030-12-20 13:00:00,"0,0","325,2029993615301","25091,956931609002"
2030-12-20 14:00:00,"0,0","320,0848435172608","24769,68281484946"
2030-12-20 15:00:00,"0,0","314,6702036447612","24452,851456379103"
2030-12-20 16:00:00,"0,0","322,90119445571105","24127,816750633825"
2030-12-20 17:00:00,"0,0","322,20093857013404","23803,510660052198"
2030-12-20 18:00:00,"0,0","311,0271377196605","23490,406666027447"
2030-12-20 19:00:00,"0,0","263,2892655630438","23225,067862482796"
2030-12-20 20:00:00,"0,0","210,3581354252497","23012,683339886546"
2030-12-20 21:00:00,"0,0","156,37912884933945","22854,2963544158"
2030-12-20 22:00:00,"0,0","93,16128942972381","22759,141027629154"
2030-12-20 23:00:00,"0,0","13,966403716234538","22743,18888885826"
2030-12-21 00:00:00,"74,26907633370536","0,0","22815,473621961413"
2030-12-21 01:00:00,"59,836959122679104","0,0","22873,319931010577"
2030-12-21 02:00:00,"49,4818200091766","0,0","22920,806053855773"
2030-12-21 03:00:00,"28,04211050940563","0,0","22946,848324036982"
2030-12-21 04:00:00,"0,0","47,02694534872268","22897,819266171988"
2030-12-21 05:00:00,"0,0","213,60451561539804","22682,216915825615"
2030-12-21 06:00:00,"0,0","305,928512571578","22374,30937982813"
2030-12-21 07:00:00,"0,0","360,64148552347234","22011,715735811267"
2030-12-21 08:00:00,"0,0","368,10921668809425","21641,685996925222"
2030-12-21 09:00:00,"0,0","344,976293666607","21294,821466155383"
2030-12-21 10:00:00,"0,0","315,9992226212018","20976,96427036126"
2030-12-21 11:00:00,"0,0","285,6895926182386","20689,444437610433"
2030-12-21 12:00:00,"0,0","261,76016331357397","20425,879120269678"
2030-12-21 13:00:00,"0,0","241,73375575633685","20182,363206560098"
2030-12-21 14:00:00,"0,0","237,33106978669883","19943,271225583627"
2030-12-21 15:00:00,"0,0","231,6981233512077","19709,833051817986"
2030-12-21 16:00:00,"0,0","238,9370033832218","19469,176365500996"
2030-12-21 17:00:00,"0,0","237,68594008575707","19229,79173977735"
2030-12-21 18:00:00,"0,0","227,35922660830255","19000,75471383975"
2030-12-21 19:00:00,"0,0","186,24576366510627","18812,85113432586"
2030-12-21 20:00:00,"0,0","140,77695277386266","18670,43276029053"
2030-12-21 21:00:00,"0,0","92,4035897537322","18576,40017527846"
2030-12-21 22:00:00,"0,0","34,71179559702631","18540,06758876614"
2030-12-21 23:00:00,"36,87225211163576","0,0","18575,322219980655"
2030-12-22 00:00:00,"101,0060150572877","0,0","18674,707538174247"
2030-12-22 01:00:00,"87,90190234862945","0,0","18760,98007229017"
2030-12-22 02:00:00,"78,4241006842202","0,0","18837,767277463085"
2030-12-22 03:00:00,"58,2323771683798","0,0","18894,356059436508"
2030-12-22 04:00:00,"0,0","12,612073712457516","18880,095453157865"
2030-12-22 05:00:00,"0,0","168,9147271976497","18709,533437631926"
2030-12-22 06:00:00,"0,0","253,11675399458778","18454,784276844905"
2030-12-22 07:00:00,"0,0","301,57029439383535","18151,603802522917"
2030-12-22 08:00:00,"0,0","308,14717974520687","17841,87289534594"
2030-12-22 09:00:00,"0,0","287,38638632031217","17552,92980561551"
2030-12-22 10:00:00,"0,0","261,1270812808746","17290,271231209095"
2030-12-22 11:00:00,"0,0","233,44021002963717","17055,322445014535"
2030-12-22 12:00:00,"0,0","211,9787243029378","16841,85564382827"
2030-12-22 13:00:00,"0,0","194,07367886011508","16646,312513063232"
2030-12-22 14:00:00,"0,0","190,09163409864772","16454,76848819782"
2030-12-22 15:00:00,"0,0","184,34380543744788","16268,989004209778"
2030-12-22 16:00:00,"0,0","191,05223842400773","16076,517296495153"
2030-12-22 17:00:00,"0,0","189,5181703587453","15885,596450002287"
2030-12-22 18:00:00,"0,0","179,71668336943986","15704,493748342586"
2030-12-22 19:00:00,"0,0","142,47359735945275","15560,64993390359"
2030-12-22 20:00:00,"0,0","101,3372657053805","15457,955001491477"
2030-12-22 21:00:00,"0,0","56,13513087597465","15400,471164041623"
2030-12-22 22:00:00,"0,0","1,5159312561881961","15397,611541676371"
2030-12-22 23:00:00,"65,87572028122946","0,0","15462,143820350591"
2030-12-23 00:00:00,"195,01608917450852","0,0","15655,810837476774"
2030-12-23 01:00:00,"181,45093955239935","0,0","15835,895807533605"
2030-12-23 02:00:00,"178,2883187667415","0,0","16012,80244439114"
2030-12-23 03:00:00,"162,80695092688285","0,0","16174,212278304749"
2030-12-23 04:00:00,"95,15946344285356","0,0","16267,96054172632"
2030-12-23 05:00:00,"0,0","25,62350679216678","16240,917655376888"
2030-12-23 06:00:00,"0,0","89,27313441244877","16150,227500899007"
2030-12-23 07:00:00,"0,0","123,11347421176225","16025,704919337792"
2030-12-23 08:00:00,"0,0","125,75331961011085","15898,553356973469"
2030-12-23 09:00:00,"0,0","90,67418271012087","15806,492025482952"
2030-12-23 10:00:00,"0,0","63,42979070187306","15741,683118351855"
2030-12-23 11:00:00,"0,0","44,122543172539224","15696,18711332724"
2030-12-23 12:00:00,"0,0","28,12000063205477","15666,697620369549"
2030-12-23 13:00:00,"0,0","12,263242401046966","15653,067458601125"
2030-12-23 14:00:00,"0,0","8,21285754511564","15643,488870920246"
2030-12-23 15:00:00,"0,0","2,6875256435152437","15639,436450872743"
2030-12-23 16:00:00,"0,0","12,505194502331676","15625,566715540073"
2030-12-23 17:00:00,"0,0","19,821085700253718","15604,382299143888"
2030-12-23 18:00:00,"0,0","13,48904463624541","15589,531772152042"
2030-12-23 19:00:00,"0,0","4,148163443826263","15584,023422061096"
2030-12-23 20:00:00,"19,060888131546733","0,0","15601,724604149069"
2030-12-23 21:00:00,"55,95895650542258","0,0","15656,32231018278"
2030-12-23 22:00:00,"108,72507072038366","0,0","15763,681366781602"
2030-12-23 23:00:00,"160,193246897263","0,0","15922,499232479613"
2030-12-24 00:00:00,"158,0545275715258","0,0","16079,164521993105"
2030-12-24 01:00:00,"146,13984039419267","0,0","16223,901455282754"
2030-12-24 02:00:00,"137,35422960715408","0,0","16359,840149487934"
2030-12-24 03:00:00,"126,79511679318006","0,0","16485,20787022807"
2030-12-24 04:00:00,"75,63905679128521","0,0","16559,40859263268"
2030-12-24 05:00:00,"0,0","32,47080251347205","16525,4929817195"
2030-12-24 06:00:00,"0,0","112,77775072866581","16411,27338172818"
2030-12-24 07:00:00,"0,0","125,44704082424033","16284,394457301385"
2030-12-24 08:00:00,"0,0","132,12232892591288","16150,851314959073"
2030-12-24 09:00:00,"0,0","110,28713847647424","16039,155014705368"
2030-12-24 10:00:00,"0,0","91,88965404559514","15945,86594438474"
2030-12-24 11:00:00,"0,0","64,316372319437","15880,158295261654"
2030-12-24 12:00:00,"0,0","41,359101642976384","15837,413649807417"
2030-12-24 13:00:00,"0,0","28,87652880470256","15807,155306661767"
2030-12-24 14:00:00,"0,0","17,791414687351903","15787,98471767391"
2030-12-24 15:00:00,"0,0","3,0384704666265065","15783,568745540666"
2030-12-24 16:00:00,"0,0","9,566486735765977","15772,62514243185"
2030-12-24 17:00:00,"0,0","14,386444742887363","15756,862536145287"
2030-12-24 18:00:00,"8,412754020093189","0,0","15763,900503909103"
2030-12-24 19:00:00,"12,553272402177583","0,0","15775,078375992314"
2030-12-24 20:00:00,"24,25422020987395","0,0","15797,956220613883"
2030-12-24 21:00:00,"43,690431596637666","0,0","15840,268280530274"
2030-12-24 22:00:00,"96,11884202898432","0,0","15935,005059151781"
2030-12-24 23:00:00,"145,36711646804417","0,0","16078,981846428414"
2030-12-25 00:00:00,"149,70110191748944","0,0","16227,280057179803"
2030-12-25 01:00:00,"0,0","175,14302328684056","16050,721203707973"
2030-12-25 02:00:00,"0,0","174,58871078867696","15874,732067494273"
2030-12-25 03:00:00,"865,4043382256898","0,0","16738,751335347075"
2030-12-25 04:00:00,"805,5256400350844","0,0","17542,81651932815"
2030-12-25 05:00:00,"669,695042983694","0,0","18210,98095157053"
2030-12-25 06:00:00,"707,2140771556211","0,0","18916,60612063813"
2030-12-25 07:00:00,"703,1276578790022","0,0","19618,083304633106"
2030-12-25 08:00:00,"701,896886498877","0,0","20318,268513363655"
2030-12-25 09:00:00,"731,3822883619299","0,0","21047,878032797795"
2030-12-25 10:00:00,"751,0830714840492","0,0","21797,124676923482"
2030-12-25 11:00:00,"758,9726101629693","0,0","22554,19548795839"
2030-12-25 12:00:00,"767,8908099188085","0,0","23320,118444320873"
2030-12-25 13:00:00,"792,4757511790407","0,0","24110,55951516565"
2030-12-25 14:00:00,"793,7417365897761","0,0","24902,197605437726"
2030-12-25 15:00:00,"787,2961727717943","0,0","25687,321061468447"
2030-12-25 16:00:00,"771,1901166204117","0,0","26456,269959326244"
2030-12-25 17:00:00,"756,0991262436764","0,0","27210,06077601597"
2030-12-25 18:00:00,"746,457975116578","0,0","27954,14467332984"
2030-12-25 19:00:00,"737,8837015775684","0,0","28689,58937578466"
2030-12-25 20:00:00,"756,1971436060718","0,0","29443,283352717695"
2030-12-25 21:00:00,"757,6889084148843","0,0","30198,403334660055"
2030-12-25 22:00:00,"816,7621751286342","0,0","31012,53069909774"
2030-12-25 23:00:00,"860,8720048060981","0,0","31870,696860600343"
2030-12-26 00:00:00,"1019,6493263092491","0,0","32887,5654686085"
2030-12-26 01:00:00,"1003,1903984450603","0,0","33887,88642696643"
2030-12-26 02:00:00,"998,7471112421305","0,0","34883,676820117806"
2030-12-26 03:00:00,"986,4288675203585","0,0","35867,062086835605"
2030-12-26 04:00:00,"935,0190535929809","0,0","36798,95173926151"
2030-12-26 05:00:00,"836,3355493943661","0,0","37632,07658011663"
2030-12-26 06:00:00,"798,0737502554038","0,0","38426,86693169042"
2030-12-26 07:00:00,"772,6591988635996","0,0","39196,17338641423"
2030-12-26 08:00:00,"772,6096520405886","0,0","39965,363172326855"
2030-12-26 09:00:00,"806,6256106489703","0,0","40768,501805039035"
2030-12-26 10:00:00,"831,0125326082698","0,0","41595,95728586482"
2030-12-26 11:00:00,"847,3971762836655","0,0","42439,725214875296"
2030-12-26 12:00:00,"861,244638167945","0,0","43297,26698701824"
2030-12-26 13:00:00,"878,3651534763495","0,0","44171,85445394998"
2030-12-26 14:00:00,"880,9914926689576","0,0","45048,99195231783"
2030-12-26 15:00:00,"878,2377771572993","0,0","45923,299204927294"
2030-12-26 16:00:00,"0,0","215,64352805651072","45703,64886901515"
2030-12-26 17:00:00,"75,85345238405245","0,0","45775,51467803538"
2030-12-26 18:00:00,"70,1755116453217","0,0","45841,696276025046"
2030-12-26 19:00:00,"70,11226651490722","0,0","45907,80885453987"
2030-12-26 20:00:00,"87,11818890443868","0,0","45990,92158712175"
2030-12-26 21:00:00,"114,54564850199603","0,0","46101,45452771527"
2030-12-26 22:00:00,"45,59028853146589","0,0","46143,02246433919"
2030-12-26 23:00:00,"127,85721162501824","0,0","46266,8536972542"
2030-12-27 00:00:00,"155,42536633097916","0,0","46418,24228060009"
2030-12-27 01:00:00,"185,1786170004928","0,0","46599,3709059616"
2030-12-27 02:00:00,"182,20510939561","0,0","46777,51022024567"
2030-12-27 03:00:00,"166,8393538987221","0,0","46940,26823637768"
2030-12-27 04:00:00,"99,79397661272031","0,0","47035,96667458678"
2030-12-27 05:00:00,"0,0","19,71271618126474","47012,15007031315"
2030-12-27 06:00:00,"0,0","82,19021831444098","46925,85804190508"
2030-12-27 07:00:00,"0,0","114,9477952915932","46806,81596549933"
2030-12-27 08:00:00,"0,0","117,42248294077177","46685,30958786557"
2030-12-27 09:00:00,"0,0","83,17059252054145","46598,06570208349"
2030-12-27 10:00:00,"0,0","56,56165031947813","46537,43837053151"
2030-12-27 11:00:00,"0,0","37,6131917991018","46495,764787234584"
2030-12-27 12:00:00,"0,0","21,98571602745733","46469,72231572944"
2030-12-27 13:00:00,"0,0","6,506146052255133","46459,16168640514"
2030-12-27 14:00:00,"0,0","2,5606082377018993","46452,5475163103"
2030-12-27 15:00:00,"2,923237429753158","0,0","46451,41776896925"
2030-12-27 16:00:00,"0,0","6,734149072489345","46440,630733696424"
2030-12-27 17:00:00,"0,0","13,790947805154417","46422,78784085976"
2030-12-27 18:00:00,"0,0","7,599819060939183","46411,13763355971"
2030-12-27 19:00:00,"1,5166724087105194","0,0","46408,60493420989"
2030-12-27 20:00:00,"24,169181077742792","0,0","46428,72496450713"
2030-12-27 21:00:00,"60,62301322344598","0,0","46485,29707147743"
2030-12-27 22:00:00,"112,87826846466606","0,0","46594,119497772605"
2030-12-27 23:00:00,"163,95400743754544","0,0","46754,008168283974"
2030-12-28 00:00:00,"139,26888376478593","0,0","46889,19776483608"
2030-12-28 01:00:00,"128,1167767713112","0,0","47013,22345910241"
2030-12-28 02:00:00,"119,85299871127006","0,0","47128,974554066874"
2030-12-28 03:00:00,"101,5668066925835","0,0","47226,42935772962"
2030-12-28 04:00:00,"37,08859546274772","0,0","47259,397447230906"
2030-12-28 05:00:00,"0,0","103,59341117285709","47151,68065363078"
2030-12-28 06:00:00,"0,0","177,0178415009555","46970,54882799279"
2030-12-28 07:00:00,"0,0","217,33117095828123","46749,11947664927"
2030-12-28 08:00:00,"0,0","222,80796427818296","46522,23265169675"
2030-12-28 09:00:00,"0,0","205,31824201400906","46312,85534488389"
2030-12-28 10:00:00,"0,0","182,81428525577672","46126,00026299927"
2030-12-28 11:00:00,"0,0","158,8026085382807","45963,17316093804"
2030-12-28 12:00:00,"0,0","140,66113519620905","45818,50173888354"
2030-12-28 13:00:00,"0,0","125,5859037741414","45688,91817083269"
2030-12-28 14:00:00,"0,0","122,14707191294787","45562,78474080933"
2030-12-28 15:00:00,"0,0","116,18766930630312","45442,62171853439"
2030-12-28 16:00:00,"0,0","121,97792532357738","45316,67892446587"
2030-12-28 17:00:00,"0,0","119,87949465778416","45192,84554957193"
2030-12-28 18:00:00,"0,0","110,64166719331348","45078,26080660442"
2030-12-28 19:00:00,"0,0","78,54587202586123","44995,781856323185"
2030-12-28 20:00:00,"0,0","43,29241828210212","44948,56355607412"
2030-12-28 21:00:00,"0,0","2,7845989434472926","44941,8571949604"
2030-12-28 22:00:00,"47,03069678583341","0,0","44984,96671470597"
2030-12-28 23:00:00,"107,66900222722967","0,0","45088,710778587345"
2030-12-29 00:00:00,"118,85168234880513","0,0","45203,62847092072"
2030-12-29 01:00:00,"106,6499505490944","0,0","45306,334404885725"
2030-12-29 02:00:00,"97,74584109323473","0,0","45400,12726830214"
2030-12-29 03:00:00,"78,42386790571817","0,0","45474,58997510369"
2030-12-29 04:00:00,"10,494048590001796","0,0","45481,116365718364"
2030-12-29 05:00:00,"0,0","138,67508645392508","45338,473051861525"
2030-12-29 06:00:00,"0,0","217,71017011882242","45116,80709996893"
2030-12-29 07:00:00,"0,0","262,23100838275656","44850,639650166704"
2030-12-29 08:00:00,"0,0","268,26520530825957","44578,46122654897"
2030-12-29 09:00:00,"0,0","249,0529790673134","44325,51877673964"
2030-12-29 10:00:00,"0,0","224,56551621898103","44097,08585900739"
2030-12-29 11:00:00,"0,0","198,60624392105393","43894,632144345145"
2030-12-29 12:00:00,"0,0","178,72790313742684","43712,07443455313"
2030-12-29 13:00:00,"0,0","162,17786713061452","43546,082688928094"
2030-12-29 14:00:00,"0,0","158,45724506224548","43383,82604815124"
2030-12-29 15:00:00,"0,0","152,62001465666236","43227,420794671874"
2030-12-29 16:00:00,"0,0","158,92617220109543","43064,72303000645"
2030-12-29 17:00:00,"0,0","157,1541601760262","42903,811472746056"
2030-12-29 18:00:00,"0,0","147,6467804325726","42752,42133476249"
2030-12-29 19:00:00,"0,0","112,86933910710087","42635,82184689393"
2030-12-29 20:00:00,"0,0","74,53065674840724","42557,57121468938"
2030-12-29 21:00:00,"0,0","31,491287107452365","42522,366779493444"
2030-12-29 22:00:00,"20,953848253828596","0,0","42539,61055124576"
2030-12-29 23:00:00,"85,32072711559266","0,0","42621,219697340755"
2030-12-30 00:00:00,"67,91196148846933","0,0","42685,412957410634"
2030-12-30 01:00:00,"53,176254558038806","0,0","42734,86490968814"
2030-12-30 02:00:00,"42,60090852753041","0,0","42773,737201252305"
2030-12-30 03:00:00,"20,893540906753003","0,0","42790,898733588256"
2030-12-30 04:00:00,"0,0","55,10065686842785","42732,06457080533"
2030-12-30 05:00:00,"0,0","223,89363310467087","42504,442565066856"
2030-12-30 06:00:00,"0,0","318,3573914221134","42182,37666103094"
2030-12-30 07:00:00,"0,0","374,7622656081499","41803,93398305911"
2030-12-30 08:00:00,"0,0","382,48472592776244","41417,801863891335"
2030-12-30 09:00:00,"0,0","358,75602738376205","41055,432133294955"
2030-12-30 10:00:00,"0,0","329,10244242580694","40722,74760441552"
2030-12-30 11:00:00,"0,0","298,14752437753253","40421,0470203095"
2030-12-30 12:00:00,"0,0","273,5790588971652","40143,94122505982"
2030-12-30 13:00:00,"0,0","252,99684164886838","39887,44182453906"
2030-12-30 14:00:00,"0,0","248,47983855637534","39635,48180668349"
2030-12-30 15:00:00,"0,0","242,8623811443461","39389,16122975152"
2030-12-30 16:00:00,"0,0","250,19102952838404","39135,53349590584"
2030-12-30 17:00:00,"0,0","248,96583440861406","38883,15308619971"
2030-12-30 18:00:00,"0,0","238,46941221957587","38641,29111887336"
2030-12-30 19:00:00,"0,0","196,3390127183191","38441,58065350493"
2030-12-30 20:00:00,"0,0","149,76020054624524","38288,46642504666"
2030-12-30 21:00:00,"0,0","100,67085497175032","38184,45490137932"
2030-12-30 22:00:00,"0,0","42,34863342415497","38138,77467426503"
2030-12-30 23:00:00,"30,045186080268934","0,0","38165,49225225497"
2030-12-31 00:00:00,"125,69173683965795","0,0","38287,85404989562"
2030-12-31 01:00:00,"112,54314643946174","0,0","38397,056581069235"
2030-12-31 02:00:00,"102,63098305563852","0,0","38496,33742093818"
2030-12-31 03:00:00,"91,46945455577037","0,0","38584,44807005398"
2030-12-31 04:00:00,"35,24284610715739","0,0","38616,324423067024"
2030-12-31 05:00:00,"0,0","82,08461380323985","38530,87053495787"
2030-12-31 06:00:00,"0,0","175,05679292844906","38352,45192357524"
2030-12-31 07:00:00,"0,0","190,22262699918184","38158,883045145725"
2030-12-31 08:00:00,"0,0","197,97243514843962","37957,5812474516"
2030-12-31 09:00:00,"0,0","172,58870756193238","37781,680740925825"
2030-12-31 10:00:00,"0,0","151,60634625424456","37626,77794302694"
2030-12-31 11:00:00,"0,0","120,22126391466969","37503,27374273674"
2030-12-31 12:00:00,"0,0","94,48629087713726","37405,51529122554"
2030-12-31 13:00:00,"0,0","81,09546580903287","37321,15619420735"
2030-12-31 14:00:00,"0,0","69,10561231852063","37248,79431101089"
2030-12-31 15:00:00,"0,0","52,252973364601814","37193,291380342656"
2030-12-31 16:00:00,"0,0","59,24626702050767","37130,799998649214"
2030-12-31 17:00:00,"0,0","64,3150741650831","37063,24526218425"
2030-12-31 18:00:00,"0,0","37,550348837981005","37022,46114519714"
2030-12-31 19:00:00,"0,0","33,02490745821973","36986,20602800401"
2030-12-31 20:00:00,"0,0","20,185574812625703","36962,79340671544"
2030-12-31 21:00:00,"0,3167506249482699","0,0","36959,88515361565"
2030-12-31 22:00:00,"58,11173104496419","0,0","37014,77213468096"
2030-12-31 23:00:00,"110,83343596307202","0,0","37122,37603177529"
2031-01-01 00:00:00,,,
